time_s,ardg_active,ardg_blend,ardg_correction_x_nm,ardg_correction_y_nm,ardg_residual_tau_x_nm,ardg_residual_tau_y_nm,ardg_translation_residual_n,ardg_torque_mode,ardg_translation_score,ardg_safety_valid
0.0,0.0,0.0,0.0,0.0,0.0,0.0,0.0,0.0,0.0,1.0
0.01,0.0,0.0,0.0,0.0,2.3070164901530146e-15,-6.829605002191522e-15,8.753248154318543e-14,0.0,1.7506496308637087e-11,1.0
0.02,0.0,0.0,0.0,0.0,3.489778107093825e-16,-3.683232076806011e-15,9.545972302612533e-14,0.0,1.9091944605225064e-11,1.0
0.03,0.0,0.0,0.0,0.0,-2.089076730255315e-15,-5.206731912906005e-15,1.5948507419788072e-13,0.0,3.189701483957614e-11,1.0
0.04,0.0,0.0,0.0,0.0,-1.982646108842385e-15,-9.566386421443187e-15,2.1879235808676742e-13,0.0,4.375847161735348e-11,1.0
0.05,0.0,0.0,0.0,0.0,-2.727669259682181e-15,-1.2904971973078556e-14,1.849004493252327e-13,0.0,3.698008986504654e-11,1.0
0.06,0.0,0.0,0.0,0.0,-7.467762942438632e-15,-1.0679940020009665e-14,2.4106283646602626e-13,0.0,4.8212567293205254e-11,1.0
0.07,0.0,0.0,0.0,0.0,1.146753895038117e-14,-7.844388816705262e-15,3.635016314655482e-13,0.0,7.270032629310964e-11,1.0
0.08,0.0,0.0,0.0,0.0,8.583765426260793e-15,-2.3327058305260594e-14,7.744528733137627e-13,0.0,1.5489057466275254e-10,1.0
0.09,0.0,0.0,0.0,0.0,3.705592594640982e-14,1.0744920760199871e-14,6.202271775619471e-13,0.0,1.2404543551238941e-10,1.0
0.1,0.0,0.0,0.0,0.0,5.3563707643780823e-14,3.757434731695515e-15,8.697108691290138e-13,0.0,1.7394217382580277e-10,1.0
0.11,0.0,0.0,0.0,0.0,2.544866379777806e-14,7.145162097971233e-14,7.928995608940492e-13,0.0,1.5857991217880983e-10,1.0
0.12,0.0,0.0,0.0,0.0,3.312603306937287e-14,5.315977948293191e-14,5.368802929344102e-13,0.0,1.0737605858688204e-10,1.0
0.13,0.0,0.0,0.0,0.0,4.1564856416930815e-15,6.053320430930115e-14,9.445142489991256e-13,0.0,1.8890284979982513e-10,1.0
0.14,0.0,0.0,0.0,0.0,-2.475558845700704e-15,2.4904847902058168e-14,8.530915278412925e-13,0.0,1.706183055682585e-10,1.0
0.15,0.0,0.0,0.0,0.0,1.5210932271039021e-15,3.933871291090153e-14,4.718187846288959e-13,0.0,9.436375692577918e-11,1.0
0.16,0.0,0.0,0.0,0.0,-4.240665394700589e-14,1.4351284251688605e-14,6.741609568985374e-13,0.0,1.3483219137970748e-10,1.0
0.17,0.0,0.0,0.0,0.0,-3.109828762265164e-14,-2.566401989461304e-14,3.8107600888442595e-13,0.0,7.621520177688519e-11,1.0
0.18,0.0,0.0,0.0,0.0,-6.636780933569816e-14,-2.6090056733488756e-14,5.139709399284074e-13,0.0,1.0279418798568148e-10,1.0
0.19,0.0,0.0,0.0,0.0,-2.7236158192899428e-14,-2.32708203065109e-14,5.667776540200576e-13,0.0,1.1335553080401152e-10,1.0
0.2,0.0,0.0,0.0,0.0,-2.441360787406127e-14,-8.804540971268771e-15,5.029187963289906e-13,0.0,1.0058375926579811e-10,1.0
0.21,0.0,0.0,0.0,0.0,-2.2310033655263066e-14,1.7165569315603054e-14,7.166503297873949e-13,0.0,1.4333006595747897e-10,1.0
0.22,0.0,0.0,0.0,0.0,-2.701758689978308e-14,3.035653042305912e-15,9.10471303367226e-13,0.0,1.820942606734452e-10,1.0
0.23,0.0,0.0,0.0,0.0,-3.015995879001318e-14,-3.849219108126173e-14,8.483098173084179e-13,0.0,1.6966196346168358e-10,1.0
0.24,0.0,0.0,0.0,0.0,-3.544793427245231e-14,-5.3406245796555086e-14,1.1738950777784099e-12,0.0,2.34779015555682e-10,1.0
0.25,0.0,0.0,0.0,0.0,1.3566481036017508e-14,-8.574973131300216e-14,7.677235286665161e-13,0.0,1.5354470573330323e-10,1.0
0.26,0.0,0.0,0.0,0.0,9.951692743260115e-16,-3.536649173291452e-14,5.43263978863321e-13,0.0,1.086527957726642e-10,1.0
0.27,0.0,0.0,0.0,0.0,-6.456777536032471e-16,1.6140092266866012e-14,8.169966036760055e-13,0.0,1.633993207352011e-10,1.0
0.28,0.0,0.0,0.0,0.0,-3.010824496956015e-14,1.1378170550026783e-13,1.3935121927242898e-12,0.0,2.78702438544858e-10,1.0
0.29,0.0,0.0,0.0,0.0,-4.373045411737772e-14,6.58350716891263e-14,8.631762792321219e-13,0.0,1.7263525584642437e-10,1.0
0.3,0.0,0.0,0.0,0.0,-4.4193441754453416e-14,7.035992858167336e-14,6.254308046675703e-13,0.0,1.2508616093351407e-10,1.0
0.31,0.0,0.0,0.0,0.0,-2.905005424016347e-14,2.440550137951768e-14,1.135260974032244e-12,0.0,2.270521948064488e-10,1.0
0.32,0.0,0.0,0.0,0.0,-2.7030660779563637e-14,3.116993371226299e-16,9.899384190887327e-13,0.0,1.9798768381774653e-10,1.0
0.33,0.0,0.0,0.0,0.0,-6.980913022733994e-14,4.02804962662392e-14,1.5164673695217767e-12,0.0,3.0329347390435535e-10,1.0
0.34,0.0,0.0,0.0,0.0,-7.402446674136725e-14,3.5720116192611437e-14,2.0703929113445306e-12,0.0,4.140785822689061e-10,1.0
0.35000000000000003,0.0,0.0,0.0,0.0,-9.511948602997252e-14,4.882249217311103e-14,1.943857352967031e-12,0.0,3.8877147059340616e-10,1.0
0.36,0.0,0.0,0.0,0.0,-1.403300967312468e-13,4.1229136756533375e-14,2.3950080459354275e-12,0.0,4.790016091870855e-10,1.0
0.37,0.0,0.0,0.0,0.0,-7.16863201785023e-14,3.7764919142619854e-14,1.5228623774663933e-12,0.0,3.0457247549327864e-10,1.0
0.38,0.0,0.0,0.0,0.0,-1.1696137310702117e-13,3.4205448477582917e-15,1.738398731572409e-12,0.0,3.476797463144818e-10,1.0
0.39,0.0,0.0,0.0,0.0,-3.772932328466927e-14,-1.5420387443195756e-14,1.523622460133879e-12,0.0,3.0472449202677583e-10,1.0
0.4,0.0,0.0,0.0,0.0,-6.535717289884692e-14,-4.8874221427368477e-14,1.1080200150185252e-12,0.0,2.2160400300370505e-10,1.0
0.41000000000000003,0.0,0.0,0.0,0.0,-3.96179086639954e-14,-2.2365346043246076e-14,9.301851937812183e-13,0.0,1.8603703875624367e-10,1.0
0.42,0.0,0.0,0.0,0.0,-8.229225863499037e-15,1.0426290293311521e-14,7.860745687793765e-13,0.0,1.572149137558753e-10,1.0
0.43,0.0,0.0,0.0,0.0,-4.898249904162105e-15,-8.916854314203156e-15,3.7851485989168975e-13,0.0,7.570297197833795e-11,1.0
0.44,0.0,0.0,0.0,0.0,-1.7137131344094777e-14,1.541551608379959e-14,6.814615784596286e-13,0.0,1.3629231569192573e-10,1.0
0.45,0.0,0.0,0.0,0.0,1.5554816224999325e-14,-1.5577148586351517e-14,3.6108886727926064e-13,0.0,7.221777345585212e-11,1.0
0.46,0.0,0.0,0.0,0.0,-1.62652571762353e-14,-3.8789979020728515e-14,7.858536212966311e-13,0.0,1.5717072425932623e-10,1.0
0.47000000000000003,0.0,0.0,0.0,0.0,4.66488133942598e-14,-3.9085094044863643e-14,1.1868651089920276e-12,0.0,2.373730217984055e-10,1.0
0.48,0.0,0.0,0.0,0.0,3.6513289680619005e-14,-2.540580422719223e-14,8.760372581138753e-13,0.0,1.7520745162277507e-10,1.0
0.49,0.0,0.0,0.0,0.0,-1.0511076512048165e-15,-4.8111923556806524e-14,5.985279402874987e-13,0.0,1.1970558805749973e-10,1.0
0.5,0.0,0.0,0.0,0.0,3.4012582805929953e-15,2.1282583884996772e-14,1.0680560349401799e-12,0.0,2.1361120698803597e-10,1.0
0.51,0.0,0.0,0.0,0.0,-7.350904814504552e-14,-4.3309716236108695e-14,1.1188521463654424e-12,0.0,2.2377042927308846e-10,1.0
0.52,0.0,0.0,0.0,0.0,-2.960203037501852e-14,-6.03552881227353e-14,1.089959501630764e-12,0.0,2.179919003261528e-10,1.0
0.53,0.0,0.0,0.0,0.0,-1.3991243827217e-14,-2.3951797961505853e-14,8.667738879465773e-13,0.0,1.7335477758931546e-10,1.0
0.54,0.0,0.0,0.0,0.0,-1.0787338314367477e-14,-3.229515731096991e-14,1.3250832178245296e-12,0.0,2.6501664356490593e-10,1.0
0.55,0.0,0.0,0.0,0.0,-4.7021756741132994e-14,4.9353066172386166e-14,7.583401283453845e-13,0.0,1.516680256690769e-10,1.0
0.56,0.0,0.0,0.0,0.0,-2.858067143436522e-14,6.558053883660008e-15,3.9514724754584935e-13,0.0,7.902944950916987e-11,1.0
0.5700000000000001,0.0,0.0,0.0,0.0,-1.18474071662233e-13,7.79875880263935e-14,1.2404228331436515e-13,0.0,2.480845666287303e-11,1.0
0.58,0.0,0.0,0.0,0.0,-4.0242150662594824e-14,2.879200450646581e-14,7.085210307110339e-13,0.0,1.4170420614220677e-10,1.0
0.59,0.0,0.0,0.0,0.0,-2.756169901066651e-15,-4.37356678196991e-15,6.932534876231687e-13,0.0,1.3865069752463374e-10,1.0
0.6,0.0,0.0,0.0,0.0,3.6322973867099894e-14,-4.4153502316480564e-14,1.4458211167870005e-12,0.0,2.891642233574001e-10,1.0
0.61,0.0,0.0,0.0,0.0,2.731974619143423e-14,-1.423034464131223e-14,1.3748050416717425e-12,0.0,2.749610083343485e-10,1.0
0.62,0.0,0.0,0.0,0.0,1.719653602235073e-14,-5.4786120634314797e-14,7.073517597492358e-13,0.0,1.4147035194984716e-10,1.0
0.63,0.0,0.0,0.0,0.0,-2.5583896207677828e-15,4.450100609169434e-14,3.223341082160974e-13,0.0,6.446682164321947e-11,1.0
0.64,0.0,0.0,0.0,0.0,-2.951832537575494e-14,1.605108143569955e-14,1.1888418541844865e-12,0.0,2.3776837083689727e-10,1.0
0.65,0.0,0.0,0.0,0.0,-6.093414133938089e-14,4.8549574663413537e-14,1.0900928529597181e-12,0.0,2.1801857059194363e-10,1.0
0.66,0.0,0.0,0.0,0.0,1.4248791922484797e-14,4.135172308869469e-15,7.654342198917713e-13,0.0,1.5308684397835426e-10,1.0
0.67,0.0,0.0,0.0,0.0,-1.1553657198752856e-14,-5.432502157985131e-15,8.48838784348555e-13,0.0,1.69767756869711e-10,1.0
0.68,0.0,0.0,0.0,0.0,-6.474628803788886e-14,2.6703021374115834e-14,4.0589832752636556e-13,0.0,8.117966550527311e-11,1.0
0.6900000000000001,0.0,0.0,0.0,0.0,-2.7725677048165693e-14,-2.4424235472019144e-14,8.084520186094767e-13,0.0,1.6169040372189535e-10,1.0
0.7000000000000001,0.0,0.0,0.0,0.0,-8.09021766250549e-14,4.9006859682565263e-14,5.147296547385909e-13,0.0,1.0294593094771819e-10,1.0
0.71,0.0,0.0,0.0,0.0,1.1822214781893338e-14,-1.4107744696864592e-15,9.62559213379671e-13,0.0,1.925118426759342e-10,1.0
0.72,0.0,0.0,0.0,0.0,-4.183605943719923e-14,3.9068507805022534e-14,8.81695371322086e-13,0.0,1.763390742644172e-10,1.0
0.73,0.0,0.0,0.0,0.0,1.606334549493039e-14,1.8582189446514412e-14,6.690942560656858e-13,0.0,1.3381885121313715e-10,1.0
0.74,0.0,0.0,0.0,0.0,-1.2974232538248665e-14,-1.539385966377553e-15,4.127013413430616e-13,0.0,8.254026826861232e-11,1.0
0.75,0.0,0.0,0.0,0.0,-3.443883770509997e-14,2.7632474977183923e-15,4.4948674773338197e-13,0.0,8.989734954667639e-11,1.0
0.76,0.0,0.0,0.0,0.0,-4.1946182840165276e-14,-3.1990797535971524e-14,7.348669736705511e-13,0.0,1.4697339473411022e-10,1.0
0.77,0.0,0.0,0.0,0.0,-3.2088131799093776e-15,-5.94757938970818e-14,2.1850716889771865e-12,0.0,4.370143377954373e-10,1.0
0.78,0.0,0.0,0.0,0.0,-2.2688951467701004e-14,-9.749004764029726e-14,1.2686681328793534e-12,0.0,2.5373362657587066e-10,1.0
0.79,0.0,0.0,0.0,0.0,2.8023050595579227e-14,-1.4273833029017252e-13,1.0885107410809467e-12,0.0,2.1770214821618932e-10,1.0
0.8,0.0,0.0,0.0,0.0,-6.248649415120909e-14,-1.7538314187067554e-14,5.880619372709704e-13,0.0,1.1761238745419408e-10,1.0
0.81,0.0,0.0,0.0,0.0,-2.147872708209261e-14,4.661119351898314e-14,4.3700843334619025e-13,0.0,8.740168666923804e-11,1.0
0.8200000000000001,0.0,0.0,0.0,0.0,-1.8490371873866857e-14,9.073183132260361e-14,7.889252221441684e-13,0.0,1.5778504442883368e-10,1.0
0.8300000000000001,0.0,0.0,0.0,0.0,-3.1314061841676956e-14,1.1150572971210393e-13,1.2443077134965382e-12,0.0,2.488615426993076e-10,1.0
0.84,0.0,0.0,0.0,0.0,3.254597670487107e-14,7.264807774177908e-14,1.7100068602587605e-12,0.0,3.420013720517521e-10,1.0
0.85,0.0,0.0,0.0,0.0,2.093389892481013e-14,6.402682856606627e-14,1.0823753377726707e-12,0.0,2.1647506755453414e-10,1.0
0.86,0.0,0.0,0.0,0.0,3.423190395650136e-14,5.580569616553556e-14,1.5349096776209472e-12,0.0,3.069819355241894e-10,1.0
0.87,0.0,0.0,0.0,0.0,-1.6109023228484807e-14,3.110219846244219e-14,1.5635079456468343e-12,0.0,3.1270158912936683e-10,1.0
0.88,0.0,0.0,0.0,0.0,-3.917317686164872e-14,7.242145977703458e-14,1.17788835186221e-12,0.0,2.35577670372442e-10,1.0
0.89,0.0,0.0,0.0,0.0,9.240764033967317e-15,1.70527722417731e-14,1.0326770842618994e-12,0.0,2.0653541685237988e-10,1.0
0.9,0.0,0.0,0.0,0.0,-3.1711450833713216e-14,2.4731241110620434e-14,1.2774970849033564e-12,0.0,2.554994169806713e-10,1.0
0.91,0.0,0.0,0.0,0.0,-3.7876636518746467e-14,1.9370098260953548e-14,1.4656404037942983e-12,0.0,2.9312808075885966e-10,1.0
0.92,0.0,0.0,0.0,0.0,-7.837529393760724e-14,3.4035852077708064e-14,2.7393195347016907e-13,0.0,5.478639069403381e-11,1.0
0.93,0.0,0.0,0.0,0.0,3.9000934115400436e-14,2.9686769671938705e-14,2.8534153562488353e-12,0.0,5.706830712497671e-10,1.0
0.9400000000000001,0.0,0.0,0.0,0.0,7.261848786255167e-14,-1.185135612446717e-13,3.1981590299757927e-12,0.0,6.396318059951585e-10,1.0
0.9500000000000001,0.0,0.0,0.0,0.0,2.1440117831048917e-13,-7.410965813874655e-14,1.8669325891830265e-12,0.0,3.7338651783660526e-10,1.0
0.96,0.0,0.0,0.0,0.0,1.2671404844033511e-13,-6.210670808448598e-14,1.3084570462569528e-12,0.0,2.6169140925139056e-10,1.0
0.97,0.0,0.0,0.0,0.0,-4.11111459212951e-14,-5.028467233005427e-14,7.117501911237928e-13,0.0,1.4235003822475856e-10,1.0
0.98,0.0,0.0,0.0,0.0,-9.019949882360037e-14,9.140486688349223e-14,1.8934858798594974e-12,0.0,3.7869717597189945e-10,1.0
0.99,0.0,0.0,0.0,0.0,-1.0081322016534356e-13,1.7911480803464274e-14,2.0932735714421884e-13,0.0,4.1865471428843765e-11,1.0
1.0,0.0,0.0,0.0,0.0,-8.739399565559791e-14,1.4361204523853794e-13,9.673895291499879e-13,0.0,1.9347790582999756e-10,1.0
1.01,0.0,0.0,0.0,0.0,3.6384458881804476e-14,-7.095932958005785e-14,3.1808740287784623e-12,0.0,6.361748057556924e-10,1.0
1.02,0.0,0.0,0.0,0.0,8.701316661980252e-14,-8.159283780565171e-14,2.1658375081699835e-12,0.0,4.331675016339967e-10,1.0
1.03,0.0,0.0,0.0,0.0,1.0324794779751879e-13,-5.848267919412974e-14,8.312612848217669e-13,0.0,1.6625225696435337e-10,1.0
1.04,0.0,0.0,0.0,0.0,4.3103654484339214e-14,2.891798048398313e-14,2.042850213664205e-12,0.0,4.08570042732841e-10,1.0
1.05,0.0,0.0,0.0,0.0,-1.694446978247793e-13,2.0662292947876635e-13,3.0357186257814477e-12,0.0,6.071437251562896e-10,1.0
1.06,0.0,0.0,0.0,0.0,5.099471805362679e-14,2.56758936135018e-13,2.8894236370377564e-12,0.0,5.778847274075513e-10,1.0
1.07,0.0,0.0,0.0,0.0,-5.570316134100532e-14,3.594772925012442e-13,4.47368203252808e-12,0.0,8.947364065056159e-10,1.0
1.08,0.0,0.0,0.0,0.0,3.922722381693955e-14,2.3265805328223593e-13,4.288927246446685e-12,0.0,8.57785449289337e-10,1.0
1.09,0.0,0.0,0.0,0.0,6.08823725659789e-14,2.387033030861933e-13,3.4127721555127543e-12,0.0,6.825544311025509e-10,1.0
1.1,0.0,0.0,0.0,0.0,2.8690256204790276e-13,8.122671378854651e-14,4.096335718333433e-12,0.0,8.192671436666865e-10,1.0
1.11,0.0,0.0,0.0,0.0,2.2154830838329964e-13,-4.395889554184253e-14,3.716577203494243e-12,0.0,7.433154406988486e-10,1.0
1.12,0.0,0.0,0.0,0.0,2.7983733913345485e-13,6.139892760020462e-14,5.50023037895298e-12,0.0,1.100046075790596e-09,1.0
1.1300000000000001,0.0,0.0,0.0,0.0,1.885427134929318e-13,4.431542461256046e-14,4.898606597140679e-12,0.0,9.797213194281358e-10,1.0
1.1400000000000001,0.0,0.0,0.0,0.0,1.7145610683109722e-13,2.56660210458845e-13,4.040649096520527e-12,0.0,8.081298193041055e-10,1.0
1.1500000000000001,0.0,0.0,0.0,0.0,8.825845624227971e-14,1.2097762310208411e-13,2.7751609760211438e-12,0.0,5.550321952042288e-10,1.0
1.16,0.0,0.0,0.0,0.0,4.91913099575503e-14,7.55628544407414e-14,3.1445907619580118e-12,0.0,6.289181523916024e-10,1.0
1.17,0.0,0.0,0.0,0.0,4.438145973486273e-14,-2.6720179914400038e-14,2.8665150661148e-12,0.0,5.7330301322296e-10,1.0
1.18,0.0,0.0,0.0,0.0,7.338520335822686e-14,1.4151376973176993e-14,1.8592203695108436e-12,0.0,3.718440739021687e-10,1.0
1.19,0.0,0.0,0.0,0.0,6.27249231766238e-14,-6.397195085959678e-14,1.9089558619356504e-12,0.0,3.8179117238713005e-10,1.0
1.2,0.0,0.0,0.0,0.0,-1.6321065711747496e-14,-4.3868272139376837e-14,1.3440021824613906e-12,0.0,2.688004364922781e-10,1.0
1.21,0.0,0.0,0.0,0.0,-3.56527642722592e-14,-1.7525437437755036e-13,2.2859248690573277e-12,0.0,4.5718497381146554e-10,1.0
1.22,0.0,0.0,0.0,0.0,-5.321290423070075e-14,-1.4942603457213804e-13,3.697121891406999e-12,0.0,7.394243782813998e-10,1.0
1.23,0.0,0.0,0.0,0.0,-1.3831999538681222e-13,-1.569234877843511e-13,3.6236908082387047e-12,0.0,7.247381616477409e-10,1.0
1.24,0.0,0.0,0.0,0.0,-1.2909565875842129e-13,-1.6879509618032312e-13,3.725116312223507e-12,0.0,7.450232624447014e-10,1.0
1.25,0.0,0.0,0.0,0.0,-1.4883512882744084e-13,-9.570881123470712e-14,3.719808589557953e-12,0.0,7.439617179115905e-10,1.0
1.26,0.0,0.0,0.0,0.0,-2.5270898915572065e-13,5.220042422750338e-14,5.0749051209215765e-12,0.0,1.0149810241843152e-09,1.0
1.27,0.0,0.0,0.0,0.0,-1.120058368840325e-13,-1.578012031752809e-14,4.425011914601089e-12,0.0,8.850023829202178e-10,1.0
1.28,0.0,0.0,0.0,0.0,-2.836478399803658e-13,1.97855320639232e-13,4.6084488561226014e-12,0.0,9.216897712245203e-10,1.0
1.29,0.0,0.0,0.0,0.0,-2.1210484920179297e-13,2.0072150352470154e-13,6.268428610173432e-12,0.0,1.2536857220346863e-09,1.0
1.3,0.0,0.0,0.0,0.0,-1.8851931631815935e-13,2.240836588536455e-13,6.081951514220593e-12,0.0,1.2163903028441185e-09,1.0
1.31,0.0,0.0,0.0,0.0,-2.2607467927603994e-13,1.699047325063758e-13,4.709878786530051e-12,0.0,9.419757573060103e-10,1.0
1.32,0.0,0.0,0.0,0.0,-2.4289893542220636e-13,1.1637142308720363e-13,7.138603095261978e-12,0.0,1.4277206190523955e-09,1.0
1.33,0.0,0.0,0.0,0.0,-2.344798518863917e-13,1.7174533275280755e-13,1.0349113348246129e-11,0.0,2.0698226696492257e-09,1.0
1.34,0.0,0.0,0.0,0.0,-3.001196808015406e-13,1.3059347022070818e-13,6.287160718219613e-12,0.0,1.2574321436439226e-09,1.0
1.35,0.0,0.0,0.0,0.0,-3.7988197479551895e-13,1.5058283824952494e-13,6.864682826254279e-12,0.0,1.3729365652508557e-09,1.0
1.36,0.0,0.0,0.0,0.0,-2.859732878087331e-13,-1.1581108963149604e-13,1.153762179314635e-11,0.0,2.30752435862927e-09,1.0
1.37,0.0,0.0,0.0,0.0,-1.652582989598859e-13,-2.012163687502458e-13,8.410934952703541e-12,0.0,1.6821869905407083e-09,1.0
1.3800000000000001,0.0,0.0,0.0,0.0,-4.727486213296506e-13,2.435825461594811e-13,6.1973850330566144e-12,0.0,1.239477006611323e-09,1.0
1.3900000000000001,0.0,0.0,0.0,0.0,-9.884716878478804e-14,3.729019401333274e-13,5.4063082981569564e-12,0.0,1.0812616596313914e-09,1.0
1.4000000000000001,0.0,0.0,0.0,0.0,1.1362495730907195e-13,2.05011947515527e-13,3.960233573766318e-12,0.0,7.920467147532636e-10,1.0
1.41,0.0,0.0,0.0,0.0,2.924937837939784e-13,-1.438711814395973e-13,7.301375721788893e-12,0.0,1.4602751443577787e-09,1.0
1.42,0.0,0.0,0.0,0.0,1.8870113334656158e-13,-4.62488811585227e-13,8.106980226889984e-12,0.0,1.6213960453779968e-09,1.0
1.43,0.0,0.0,0.0,0.0,6.55839353297457e-13,-6.025712081721287e-13,7.379145916268627e-12,0.0,1.4758291832537254e-09,1.0
1.44,0.0,0.0,0.0,0.0,6.537627199007428e-14,-4.946457238944167e-13,6.265953191705348e-12,0.0,1.2531906383410695e-09,1.0
1.45,0.0,0.0,0.0,0.0,4.038860848940556e-14,-2.9285581561487126e-13,7.068977610235826e-12,0.0,1.4137955220471652e-09,1.0
1.46,0.0,0.0,0.0,0.0,-1.8092105606699276e-13,-2.043111389503236e-13,7.297757534629719e-12,0.0,1.4595515069259438e-09,1.0
1.47,0.0,0.0,0.0,0.0,-1.5181719683882577e-13,-2.1135176249435305e-13,6.541636113320874e-12,0.0,1.3083272226641748e-09,1.0
1.48,0.0,0.0,0.0,0.0,1.6222119507577476e-14,-8.435654566532409e-14,4.890014582927732e-12,0.0,9.780029165855464e-10,1.0
1.49,0.0,0.0,0.0,0.0,2.460975923764922e-14,-3.178005455807009e-14,4.488861737710667e-12,0.0,8.977723475421333e-10,1.0
1.5,0.0,0.0,0.0,0.0,7.209526571141877e-14,1.9554232557321748e-13,3.289836226063943e-12,0.0,6.579672452127886e-10,1.0
1.51,0.0,0.0,0.0,0.0,-2.2643002499718947e-13,7.535119465083294e-14,3.319701801040754e-12,0.0,6.639403602081507e-10,1.0
1.52,0.0,0.0,0.0,0.0,-3.330661393060985e-13,9.296198509809824e-14,3.20735693489652e-12,0.0,6.414713869793041e-10,1.0
1.53,0.0,0.0,0.0,0.0,-3.224158512560427e-13,1.9187453282970726e-14,4.90088136034121e-12,0.0,9.801762720682418e-10,1.0
1.54,0.0,0.0,0.0,0.0,-1.6692805855869226e-13,-1.410047317825515e-13,5.527535325889224e-12,0.0,1.1055070651778448e-09,1.0
1.55,0.0,0.0,0.0,0.0,-2.0348812341333852e-13,-1.943333567418657e-13,4.1244556112571885e-12,0.0,8.248911222514377e-10,1.0
1.56,0.0,0.0,0.0,0.0,-1.3074143187117215e-13,-2.394966764083367e-13,4.504386110164179e-12,0.0,9.008772220328358e-10,1.0
1.57,0.0,0.0,0.0,0.0,-1.9143938082737022e-13,1.033338644616789e-14,3.3769910842095878e-12,0.0,6.753982168419176e-10,1.0
1.58,0.0,0.0,0.0,0.0,3.2019894980118104e-14,-1.4278887711871424e-13,3.754989924300455e-12,0.0,7.509979848600909e-10,1.0
1.59,0.0,0.0,0.0,0.0,2.297436131462713e-14,-1.0122603746311829e-13,8.161351451293023e-12,0.0,1.6322702902586046e-09,1.0
1.6,0.0,0.0,0.0,0.0,2.2508958200999962e-13,-2.8347184841266157e-13,6.165540258993733e-12,0.0,1.2331080517987467e-09,1.0
1.61,0.0,0.0,0.0,0.0,2.0266025653731484e-13,-4.0205312982142534e-13,2.8751467508480678e-12,0.0,5.750293501696135e-10,1.0
1.62,0.0,0.0,0.0,0.0,2.932771873051494e-14,-3.6096438631062406e-13,9.060991514622011e-12,0.0,1.8121983029244022e-09,1.0
1.6300000000000001,0.0,0.0,0.0,0.0,6.704633765584903e-14,-8.17199596530015e-14,8.549799559286617e-12,0.0,1.7099599118573234e-09,1.0
1.6400000000000001,0.0,0.0,0.0,0.0,3.7763369561806053e-13,-4.958825150356376e-13,7.973682701654695e-12,0.0,1.594736540330939e-09,1.0
1.6500000000000001,0.0,0.0,0.0,0.0,4.746727226787577e-13,-3.668424260501506e-13,1.4357563241865427e-11,0.0,2.871512648373085e-09,1.0
1.6600000000000001,0.0,0.0,0.0,0.0,1.1409814881306149e-13,-4.2378496054451613e-13,1.1241712183660139e-11,0.0,2.2483424367320276e-09,1.0
1.67,0.0,0.0,0.0,0.0,2.1094677563735486e-13,-7.366910310452293e-13,1.361915639343929e-11,0.0,2.723831278687858e-09,1.0
1.68,0.0,0.0,0.0,0.0,-4.631519460625422e-13,-3.533743449028959e-13,9.815252368365716e-12,0.0,1.963050473673143e-09,1.0
1.69,0.0,0.0,0.0,0.0,-8.482150164005069e-13,-4.3226548008562293e-13,1.0744472776259285e-11,0.0,2.1488945552518568e-09,1.0
1.7,0.0,0.0,0.0,0.0,-9.709107733893757e-13,1.536988134120388e-13,8.090434400027588e-12,0.0,1.6180868800055176e-09,1.0
1.71,0.0,0.0,0.0,0.0,-5.816615021186957e-13,7.182917696406558e-14,4.9194712072123745e-12,0.0,9.838942414424748e-10,1.0
1.72,0.0,0.0,0.0,0.0,-1.154741030300652e-13,-6.114643023472789e-14,1.7739522498210806e-12,0.0,3.5479044996421613e-10,1.0
1.73,0.0,0.0,0.0,0.0,2.3058097075916427e-13,-8.2393641117042e-14,2.080497964264119e-12,0.0,4.1609959285282374e-10,1.0
1.74,0.0,0.0,0.0,0.0,2.827287789680913e-13,1.4694938770050902e-13,4.7722001450014884e-12,0.0,9.544400290002976e-10,1.0
1.75,0.0,0.0,0.0,0.0,4.801149636614835e-14,6.39542314910753e-13,1.2626611351044824e-11,0.0,2.525322270208965e-09,1.0
1.76,0.0,0.0,0.0,0.0,-2.315214010394194e-13,1.0504748744634527e-12,2.7126746160815533e-11,0.0,5.425349232163107e-09,1.0
1.77,0.0,0.0,0.0,0.0,-5.557344486140433e-13,1.3712945910492835e-12,2.700672795048883e-11,0.0,5.401345590097766e-09,1.0
1.78,0.0,0.0,0.0,0.0,-1.028117140315296e-12,1.7367851074384286e-12,2.546517464077947e-11,0.0,5.093034928155894e-09,1.0
1.79,0.0,0.0,0.0,0.0,-5.991747728442442e-13,1.000426492000973e-12,1.949732098173712e-11,0.0,3.899464196347424e-09,1.0
1.8,0.0,0.0,0.0,0.0,-5.203681193729032e-13,7.214183603418827e-13,2.1445700296011407e-11,0.0,4.289140059202281e-09,1.0
1.81,0.0,0.0,0.0,0.0,-2.5669625290682154e-13,5.504484574431938e-13,2.844704640846031e-11,0.0,5.689409281692062e-09,1.0
1.82,0.0,0.0,0.0,0.0,-3.9371564048907643e-13,-1.100104930685158e-13,5.260693144262125e-12,0.0,1.052138628852425e-09,1.0
1.83,0.0,0.0,0.0,0.0,-1.5870278787534428e-12,6.93940336382996e-13,3.34176274864344e-11,0.0,6.6835254972868805e-09,1.0
1.84,0.0,0.0,0.0,0.0,-6.58389905664035e-13,-3.9378289850667224e-13,4.52075249566651e-11,0.0,9.04150499133302e-09,1.0
1.85,0.0,0.0,0.0,0.0,-2.529320337078074e-12,1.1358095282825745e-12,4.350128564348961e-11,0.0,8.700257128697922e-09,1.0
1.86,0.0,0.0,0.0,0.0,-6.431394001499616e-12,2.6266380333334166e-13,1.2997834447872186e-10,0.0,2.5995668895744373e-08,1.0
1.87,0.0,0.0,0.0,0.0,-5.260704058622997e-12,-7.200844506228162e-13,1.342762875356814e-10,0.0,2.6855257507136278e-08,1.0
1.8800000000000001,0.0,0.0,0.0,0.0,-1.139483959541274e-11,-2.9678602101468925e-12,1.275307803314606e-10,0.0,2.550615606629212e-08,1.0
1.8900000000000001,0.0,0.0,0.0,0.0,-8.036874366526919e-12,-2.568527552135183e-12,1.2670415562777587e-10,0.0,2.5340831125555172e-08,1.0
1.9000000000000001,0.0,0.0,0.0,0.0,-4.8712203799146905e-12,-1.3269686476735478e-12,1.0487389938978209e-10,0.0,2.0974779877956416e-08,1.0
1.9100000000000001,0.0,0.0,0.0,0.0,-3.9375572116094395e-12,1.6507759565436257e-12,8.82494355011845e-11,0.0,1.76498871002369e-08,1.0
1.92,0.0,0.0,0.0,0.0,-1.566391295319309e-12,7.405186439977253e-13,6.75864228290667e-11,0.0,1.351728456581334e-08,1.0
1.93,0.0,0.0,0.0,0.0,-3.434420000185271e-13,8.488845703796428e-13,5.083136852651136e-11,0.0,1.0166273705302272e-08,1.0
1.94,0.0,0.0,0.0,0.0,6.415453348562475e-13,5.568035021887388e-13,3.270309634700012e-11,0.0,6.540619269400024e-09,1.0
1.95,0.0,0.0,0.0,0.0,8.111936618783629e-13,4.655375976058771e-13,2.3702505569332752e-11,0.0,4.74050111386655e-09,1.0
1.96,0.0,0.0,0.0,0.0,1.2986642815796025e-12,1.6999957772661208e-13,5.7427852365207184e-12,0.0,1.1485570473041436e-09,1.0
1.97,0.0,0.0,0.0,0.0,4.84877740240545e-13,1.5694134482782339e-13,1.184652593138529e-11,0.0,2.369305186277058e-09,1.0
1.98,0.0,0.0,0.0,0.0,6.629882826348524e-13,3.4745889475844695e-13,9.456527976117402e-12,0.0,1.8913055952234803e-09,1.0
1.99,0.0,0.0,0.0,0.0,-4.07465272420736e-13,7.210721676071475e-13,7.61365926487815e-12,0.0,1.5227318529756298e-09,1.0
2.0,0.0,0.0,0.0,0.0,-2.9656142680663275e-13,-2.319019366292089e-13,2.4047390739484103e-11,0.0,4.80947814789682e-09,1.0
2.0100000000000002,0.0,0.0,0.0,0.0,-2.6916095497740543e-13,-2.3473757854502144e-13,2.095591627832488e-11,0.0,4.191183255664976e-09,1.0
2.02,0.0,0.0,0.0,0.0,6.653330415025782e-13,-1.484698088616259e-12,3.537003802797735e-11,0.0,7.074007605595469e-09,1.0
2.0300000000000002,0.0,0.0,0.0,0.0,2.3371608348288995e-13,-7.573218411360007e-13,4.668467614083543e-11,0.0,9.336935228167085e-09,1.0
2.04,0.0,0.0,0.0,0.0,8.234099204750369e-13,-8.260820855790669e-13,5.014044920858892e-11,0.0,1.0028089841717785e-08,1.0
2.05,0.0,0.0,0.0,0.0,1.1271713541668756e-12,-1.3667042762614257e-12,6.055438967941221e-11,0.0,1.2110877935882442e-08,1.0
2.06,0.0,0.0,0.0,0.0,4.1345224341385347e-13,-1.0654517366641643e-12,5.3741309941000264e-11,0.0,1.0748261988200052e-08,1.0
2.07,0.0,0.0,0.0,0.0,1.088781024378121e-12,-1.0757724044725033e-12,6.299678410780497e-11,0.0,1.2599356821560994e-08,1.0
2.08,0.0,0.0,0.0,0.0,3.3756669395733527e-13,-1.1890871359365589e-12,7.339870565563214e-11,0.0,1.4679741131126428e-08,1.0
2.09,0.0,0.0,0.0,0.0,1.0059243899763571e-12,-1.8428179143779294e-12,8.129419514263682e-11,0.0,1.6258839028527363e-08,1.0
2.1,0.0,0.0,0.0,0.0,9.965639203320708e-13,-2.508980229402793e-12,7.874097968258441e-11,0.0,1.5748195936516882e-08,1.0
2.11,0.0,0.0,0.0,0.0,1.3362302454081455e-12,-1.9062450127642275e-12,7.973775330619471e-11,0.0,1.594755066123894e-08,1.0
2.12,0.0,0.0,0.0,0.0,9.502819187928556e-13,-8.817134772339081e-13,7.940544320198816e-11,0.0,1.5881088640397632e-08,1.0
2.13,0.0,0.0,0.0,0.0,8.682108419925892e-13,-4.1629347873978334e-16,7.059289397189668e-11,0.0,1.4118578794379336e-08,1.0
2.14,0.0,0.0,0.0,0.0,6.792950016793722e-13,2.5981686727697784e-13,6.777121740312555e-11,0.0,1.355424348062511e-08,1.0
2.15,0.0,0.0,0.0,0.0,1.0432133044065781e-13,5.036931257797717e-13,6.730507091499894e-11,0.0,1.3461014182999787e-08,1.0
2.16,0.0,0.0,0.0,0.0,2.6208873474996417e-14,2.4199365252968245e-13,6.358733231697303e-11,0.0,1.2717466463394606e-08,1.0
2.17,0.0,0.0,0.0,0.0,3.725712161667856e-14,1.3059568223336013e-13,6.00068435995327e-11,0.0,1.2001368719906541e-08,1.0
2.18,0.0,0.0,0.0,0.0,-3.276798900270676e-13,4.7102477650356947e-14,5.130382854601912e-11,0.0,1.0260765709203823e-08,1.0
2.19,0.0,0.0,0.0,0.0,-4.641554654183592e-13,6.65631157293854e-13,4.624996459336484e-11,0.0,9.249992918672968e-09,1.0
2.2,0.0,0.0,0.0,0.0,-9.635548631398503e-13,4.424155386691563e-13,4.005478331915811e-11,0.0,8.010956663831621e-09,1.0
2.21,0.0,0.0,0.0,0.0,-9.599393192973937e-13,3.998398778899295e-13,3.7888823060202506e-11,0.0,7.577764612040502e-09,1.0
2.22,0.0,0.0,0.0,0.0,-8.256047624704023e-13,2.0506857946148097e-13,3.943485247787362e-11,0.0,7.886970495574725e-09,1.0
2.23,0.0,0.0,0.0,0.0,-6.565901598434372e-13,1.5849782447110563e-13,3.587306596166262e-11,0.0,7.174613192332524e-09,1.0
2.24,0.0,0.0,0.0,0.0,-2.926408595475459e-13,-6.38948270407345e-14,3.38742358030676e-11,0.0,6.774847160613519e-09,1.0
2.25,0.0,0.0,0.0,0.0,-4.565619834439166e-13,-1.924337713280955e-13,3.179342426008715e-11,0.0,6.3586848520174295e-09,1.0
2.2600000000000002,0.0,0.0,0.0,0.0,-3.938500966559984e-13,-3.373112488764929e-13,2.9084396954527297e-11,0.0,5.816879390905459e-09,1.0
2.27,0.0,0.0,0.0,0.0,-2.610353000348702e-13,-7.459482813216324e-13,2.7902066417334933e-11,0.0,5.580413283466986e-09,1.0
2.2800000000000002,0.0,0.0,0.0,0.0,-3.8879348775453807e-13,-6.123411789864937e-13,2.3900769418418596e-11,0.0,4.780153883683719e-09,1.0
2.29,0.0,0.0,0.0,0.0,-2.827966231740478e-13,-3.9886429113553743e-13,2.4051451669051213e-11,0.0,4.810290333810243e-09,1.0
2.3000000000000003,0.0,0.0,0.0,0.0,-4.1996182922602375e-13,-3.6953418671609414e-13,2.3772299381328183e-11,0.0,4.7544598762656365e-09,1.0
2.31,0.0,0.0,0.0,0.0,-3.5233756742252527e-13,-6.48310066212454e-14,2.0874582988273807e-11,0.0,4.174916597654761e-09,1.0
2.32,0.0,0.0,0.0,0.0,-3.2856604384386947e-13,4.9004968556908266e-14,2.10681014652866e-11,0.0,4.21362029305732e-09,1.0
2.33,0.0,0.0,0.0,0.0,-5.178478010044806e-13,1.826798960155211e-13,2.1319537606330622e-11,0.0,4.263907521266124e-09,1.0
2.34,0.0,0.0,0.0,0.0,-4.580941592400062e-13,1.586384561909804e-13,1.8476093494208667e-11,0.0,3.6952186988417333e-09,1.0
2.35,0.0,0.0,0.0,0.0,-4.5393171757191467e-13,4.946311504178354e-14,1.544078559648909e-11,0.0,3.0881571192978178e-09,1.0
2.36,0.0,0.0,0.0,0.0,9.003421810487665e-14,-6.364490945514242e-13,2.931212304859403e-11,0.0,5.862424609718806e-09,1.0
2.37,0.0,0.0,0.0,0.0,-2.483409162542963e-13,-2.5777391311158617e-13,2.0295926350491765e-11,0.0,4.059185270098353e-09,1.0
2.38,0.0,0.0,0.0,0.0,7.346552459342259e-13,-7.501258966773594e-13,2.3299754061172074e-11,0.0,4.659950812234415e-09,1.0
2.39,0.0,0.0,0.0,0.0,-6.49256312656938e-13,9.88505778211604e-13,2.925490440705479e-11,0.0,5.850980881410957e-09,1.0
2.4,0.0,0.0,0.0,0.0,-6.166756683974923e-13,1.4035728953729636e-12,3.391561717604022e-11,0.0,6.7831234352080435e-09,1.0
2.41,0.0,0.0,0.0,0.0,-1.0127452268818524e-12,1.4813233794449381e-12,2.808286501811085e-11,0.0,5.61657300362217e-09,1.0
2.42,0.0,0.0,0.0,0.0,-5.542693264564424e-13,1.2395230864070522e-12,2.6529351321618922e-11,0.0,5.305870264323784e-09,1.0
2.43,0.0,0.0,0.0,0.0,-6.467636847101451e-14,3.093213109462091e-13,2.283580629880544e-11,0.0,4.5671612597610875e-09,1.0
2.44,0.0,0.0,0.0,0.0,-4.4820967215566397e-13,1.6393646231068447e-13,2.0822009212739873e-11,0.0,4.1644018425479745e-09,1.0
2.45,0.0,0.0,0.0,0.0,-8.211917347524341e-13,-2.07581151667426e-14,2.5405796697621177e-11,0.0,5.081159339524235e-09,1.0
2.46,0.0,0.0,0.0,0.0,-1.5224199728152248e-12,-1.8729882327289913e-13,2.5103144305795633e-11,0.0,5.020628861159126e-09,1.0
2.47,0.0,0.0,0.0,0.0,-1.8486535474263534e-12,-2.406714072747759e-13,2.0207311075969003e-11,0.0,4.0414622151938004e-09,1.0
2.48,0.0,0.0,0.0,0.0,-2.2857903960827464e-12,-8.726187967842718e-13,3.2011423108635215e-11,0.0,6.4022846217270425e-09,1.0
2.49,0.0,0.0,0.0,0.0,-1.6081296108579497e-12,-1.3273526039069153e-12,3.135390052929061e-11,0.0,6.270780105858121e-09,1.0
2.5,0.0,0.0,0.0,0.0,-1.9195987652906777e-12,-1.3545528439588008e-12,2.444922973981883e-11,0.0,4.889845947963766e-09,1.0
2.5100000000000002,0.0,0.0,0.0,0.0,-1.3446066816471402e-12,-7.457500763054299e-13,2.8515520772660383e-11,0.0,5.703104154532076e-09,1.0
2.52,0.0,0.0,0.0,0.0,-3.823780308858272e-13,-5.711980766422295e-13,1.3778012400782729e-11,0.0,2.7556024801565458e-09,1.0
2.5300000000000002,0.0,0.0,0.0,0.0,-3.856547069365932e-13,8.363285728263184e-13,9.518643562554906e-12,0.0,1.903728712510981e-09,1.0
2.54,0.0,0.0,0.0,0.0,6.795222769478423e-13,-6.552469613054718e-13,1.350024231576429e-11,0.0,2.700048463152858e-09,1.0
2.5500000000000003,0.0,0.0,0.0,0.0,4.672596628249578e-13,-7.680589294575108e-13,4.392472003269871e-12,0.0,8.784944006539742e-10,1.0
2.56,0.0,0.0,0.0,0.0,5.799583995810906e-13,-1.0301555088119142e-12,1.1269535594237049e-11,0.0,2.25390711884741e-09,1.0
2.57,0.0,0.0,0.0,0.0,-6.575812828340513e-13,4.660305660121661e-13,2.311103423700685e-11,0.0,4.62220684740137e-09,1.0
2.58,0.0,0.0,0.0,0.0,-1.2574511626818549e-12,2.768807823665716e-13,2.2705856584272722e-11,0.0,4.5411713168545444e-09,1.0
2.59,0.0,0.0,0.0,0.0,-1.2982418881992922e-12,1.388967520084277e-12,1.2426749388914234e-11,0.0,2.4853498777828468e-09,1.0
2.6,0.0,0.0,0.0,0.0,-1.1799595931111523e-12,1.2176828820008764e-12,2.5626425977833076e-11,0.0,5.125285195566615e-09,1.0
2.61,0.0,0.0,0.0,0.0,-2.0629225700730373e-13,9.00774436607809e-13,2.869729356159302e-11,0.0,5.7394587123186036e-09,1.0
2.62,0.0,0.0,0.0,0.0,-3.561641955050689e-13,1.3993772869400859e-12,2.6752804479310256e-11,0.0,5.350560895862051e-09,1.0
2.63,0.0,0.0,0.0,0.0,2.0520758983457118e-13,1.3571399231666557e-12,2.8339763647152647e-11,0.0,5.667952729430529e-09,1.0
2.64,0.0,0.0,0.0,0.0,1.185946437140474e-12,5.971751577235508e-13,2.0599705744324896e-11,0.0,4.119941148864979e-09,1.0
2.65,0.0,0.0,0.0,0.0,1.209554885840421e-12,5.720135593395852e-14,1.9696673932499364e-11,0.0,3.939334786499873e-09,1.0
2.66,0.0,0.0,0.0,0.0,9.130118371147881e-13,-6.899379884396647e-13,2.099641589141445e-11,0.0,4.19928317828289e-09,1.0
2.67,0.0,0.0,0.0,0.0,8.71192902930442e-13,-9.505182388568521e-13,2.0077621871209307e-11,0.0,4.015524374241861e-09,1.0
2.68,0.0,0.0,0.0,0.0,6.074268416911795e-13,-6.806260931913173e-13,1.7946117313774397e-11,0.0,3.5892234627548794e-09,1.0
2.69,0.0,0.0,0.0,0.0,3.9733465520630153e-13,-4.920896026416138e-13,1.927485196235777e-11,0.0,3.854970392471554e-09,1.0
2.7,0.0,0.0,0.0,0.0,1.2438007961116794e-13,-3.055318712803812e-13,1.6595803135912292e-11,0.0,3.3191606271824583e-09,1.0
2.71,0.0,0.0,0.0,0.0,3.910523857282811e-13,-2.8449291775743865e-13,2.231896689510684e-11,0.0,4.463793379021368e-09,1.0
2.72,0.0,0.0,0.0,0.0,2.890699596690856e-13,-3.0829009419479355e-13,2.4421692064665496e-11,0.0,4.884338412933099e-09,1.0
2.73,0.0,0.0,0.0,0.0,5.714058109028964e-13,-5.519643756982985e-14,2.103676217854354e-11,0.0,4.207352435708708e-09,1.0
2.74,0.0,0.0,0.0,0.0,6.504783095538233e-13,-1.0021799454185017e-13,2.2298637354012763e-11,0.0,4.4597274708025525e-09,1.0
2.75,0.0,0.0,0.0,0.0,1.5352374553649876e-13,-5.146668049853102e-14,1.7388325664318582e-11,0.0,3.4776651328637163e-09,1.0
2.7600000000000002,0.0,0.0,0.0,0.0,3.2308196524921796e-13,-1.0083892803997385e-13,1.8648770848321426e-11,0.0,3.729754169664285e-09,1.0
2.77,0.0,0.0,0.0,0.0,-2.200603764734032e-13,-1.5553798641789185e-14,1.1331892876347719e-11,0.0,2.2663785752695436e-09,1.0
2.7800000000000002,0.0,0.0,0.0,0.0,1.5218973348928503e-13,-1.7752169332778337e-13,1.663210396024318e-11,0.0,3.3264207920486362e-09,1.0
2.79,0.0,0.0,0.0,0.0,9.673786403716704e-14,-2.2880019597445765e-13,2.5219120799921422e-11,0.0,5.043824159984284e-09,1.0
2.8000000000000003,0.0,0.0,0.0,0.0,4.946527359630697e-13,-2.823347922014278e-13,2.1212842732745198e-11,0.0,4.24256854654904e-09,1.0
2.81,0.0,0.0,0.0,0.0,7.455036607698951e-13,-8.036692133169205e-13,1.6967436112825908e-11,0.0,3.3934872225651814e-09,1.0
2.82,0.0,0.0,0.0,0.0,2.7082372891805283e-13,-3.4030797500805167e-13,1.327878100183764e-11,0.0,2.655756200367528e-09,1.0
2.83,0.0,0.0,0.0,0.0,1.193603479597118e-13,-2.0110186110925876e-13,1.4267795797584368e-11,0.0,2.8535591595168734e-09,1.0
2.84,0.0,0.0,0.0,0.0,3.0932519504141787e-13,3.7922959567729756e-13,1.1166935647231015e-11,0.0,2.233387129446203e-09,1.0
2.85,0.0,0.0,0.0,0.0,3.835160916539619e-13,-1.5628056273916484e-13,1.142721893572862e-11,0.0,2.285443787145724e-09,1.0
2.86,0.0,0.0,0.0,0.0,2.9109041241945537e-13,1.090933201445891e-13,7.668786437820756e-12,0.0,1.5337572875641512e-09,1.0
2.87,0.0,0.0,0.0,0.0,2.2079955507862377e-13,-1.388232610413703e-13,8.109432083576474e-12,0.0,1.6218864167152948e-09,1.0
2.88,0.0,0.0,0.0,0.0,-2.4163643799782897e-13,-1.110151182714668e-13,7.493841833513925e-12,0.0,1.4987683667027848e-09,1.0
2.89,0.0,0.0,0.0,0.0,-4.784653896229879e-13,-2.2023254479542742e-13,1.0085923180255116e-11,0.0,2.017184636051023e-09,1.0
2.9,0.0,0.0,0.0,0.0,-3.758452506147062e-13,-2.3150453351402395e-13,1.1319525580558564e-11,0.0,2.2639051161117127e-09,1.0
2.91,0.0,0.0,0.0,0.0,-2.505277599190962e-13,-1.0379861217448252e-13,9.252370256177765e-12,0.0,1.8504740512355528e-09,1.0
2.92,0.0,0.0,0.0,0.0,2.729062348655858e-13,-6.430613088238192e-13,1.3138310715032022e-11,0.0,2.6276621430064045e-09,1.0
2.93,0.0,0.0,0.0,0.0,5.262444119299328e-13,-4.710498530496973e-13,1.350661797137632e-11,0.0,2.701323594275264e-09,1.0
2.94,0.0,0.0,0.0,0.0,3.2518473263919904e-13,-5.293352607401012e-13,1.0200493678324222e-11,0.0,2.0400987356648442e-09,1.0
2.95,0.0,0.0,0.0,0.0,4.0811712847346027e-13,-5.075624841530007e-13,1.1775556202643455e-11,0.0,2.355111240528691e-09,1.0
2.96,0.0,0.0,0.0,0.0,4.4157102341396634e-13,-1.4089641862911396e-13,9.894710101343442e-12,0.0,1.9789420202686882e-09,1.0
2.97,0.0,0.0,0.0,0.0,3.0059052653850604e-13,-1.2322636232527495e-13,6.92795393628262e-12,0.0,1.385590787256524e-09,1.0
2.98,0.0,0.0,0.0,0.0,1.9936484627191106e-13,8.268771502750407e-14,8.336889789923512e-12,0.0,1.6673779579847023e-09,1.0
2.99,0.0,0.0,0.0,0.0,4.4368605525794316e-13,6.065436035990905e-14,8.767968246949013e-12,0.0,1.7535936493898026e-09,1.0
3.0,0.0,0.0,0.0,0.0,-9.690640849659632e-15,3.0872479770992015e-13,1.3571666857323396e-11,0.0,2.714333371464679e-09,1.0
3.0100000000000002,0.0,0.0,0.0,0.0,-3.144271840154711e-14,1.2312943425658277e-13,1.742188391012377e-11,0.0,3.484376782024754e-09,1.0
3.02,0.0,0.0,0.0,0.0,-5.307401864061222e-13,7.074745427727957e-13,2.6745616698112065e-11,0.0,5.349123339622413e-09,1.0
3.0300000000000002,0.0,0.0,0.0,0.0,-5.822036758069618e-13,7.118283238116195e-13,2.739990619590368e-11,0.0,5.4799812391807356e-09,1.0
3.04,0.0,0.0,0.0,0.0,-6.462094387704925e-13,1.0728071732392816e-12,2.351855042771322e-11,0.0,4.703710085542644e-09,1.0
3.0500000000000003,0.0,0.0,0.0,0.0,-2.360000429171483e-13,3.7961349403039916e-13,1.7821711090681793e-11,0.0,3.5643422181363584e-09,1.0
3.06,0.0,0.0,0.0,0.0,1.5300881170484953e-14,-1.8476271584050038e-13,1.9576468609505936e-11,0.0,3.9152937219011874e-09,1.0
3.0700000000000003,0.0,0.0,0.0,0.0,2.5438113412884745e-13,-7.19182938506301e-13,1.9510356164231086e-11,0.0,3.9020712328462175e-09,1.0
3.08,0.0,0.0,0.0,0.0,-6.259000296534946e-14,-5.830072851190989e-13,2.285886215910946e-11,0.0,4.571772431821892e-09,1.0
3.09,0.0,0.0,0.0,0.0,-2.5720587391546233e-13,-4.846955473162971e-13,2.7938645738910472e-11,0.0,5.5877291477820945e-09,1.0
3.1,0.0,0.0,0.0,0.0,-4.4941479295682234e-13,-7.053385954605512e-13,3.00243762903342e-11,0.0,6.00487525806684e-09,1.0
3.11,0.0,0.0,0.0,0.0,-6.905742545014536e-13,-3.4206776937733945e-13,2.8537632239206657e-11,0.0,5.707526447841332e-09,1.0
3.12,0.0,0.0,0.0,0.0,-3.294320615366438e-13,-8.450740538755206e-13,2.4819480070676494e-11,0.0,4.963896014135299e-09,1.0
3.13,0.0,0.0,0.0,0.0,-4.654309981729262e-13,1.3242937575671457e-14,2.992325544874632e-11,0.0,5.9846510897492635e-09,1.0
3.14,0.0,0.0,0.0,0.0,-1.6753760677958804e-13,2.944419726392068e-13,2.8386351774809597e-11,0.0,5.677270354961919e-09,1.0
3.15,0.0,0.0,0.0,0.0,-3.2455047419719475e-13,3.340127029079741e-13,2.0740351670558804e-11,0.0,4.148070334111761e-09,1.0
3.16,0.0,0.0,0.0,0.0,-1.609378032795295e-13,1.8098677441789908e-13,2.2941441999618107e-11,0.0,4.588288399923621e-09,1.0
3.17,0.0,0.0,0.0,0.0,4.336951897361979e-13,-2.0895414321137287e-13,2.0413709850243083e-11,0.0,4.082741970048616e-09,1.0
3.18,0.0,0.0,0.0,0.0,-2.897253204056022e-13,-4.241584046761597e-14,3.052067488915872e-11,0.0,6.104134977831744e-09,1.0
3.19,0.0,0.0,0.0,0.0,-7.725563972020827e-14,-7.48991598887507e-14,2.5202095111019166e-11,0.0,5.040419022203833e-09,1.0
3.2,0.0,0.0,0.0,0.0,-1.071031388724335e-12,5.91803637484437e-13,3.051627277752068e-11,0.0,6.103254555504135e-09,1.0
3.21,0.0,0.0,0.0,0.0,-5.866496549439708e-13,-4.2767685429222344e-13,3.2592721611196634e-11,0.0,6.518544322239326e-09,1.0
3.22,0.0,0.0,0.0,0.0,-8.970513041063224e-13,6.050554325725573e-14,2.980994681680234e-11,0.0,5.961989363360468e-09,1.0
3.23,0.0,0.0,0.0,0.0,-8.561152381622729e-13,-6.086705417003445e-14,2.9336149029872884e-11,0.0,5.867229805974577e-09,1.0
3.24,0.0,0.0,0.0,0.0,-3.6273968261550605e-13,4.426300717500809e-13,2.4673698598167213e-11,0.0,4.934739719633443e-09,1.0
3.25,0.0,0.0,0.0,0.0,-1.8271599380407583e-13,5.806584796197e-13,1.9673420459818408e-11,0.0,3.934684091963682e-09,1.0
3.2600000000000002,0.0,0.0,0.0,0.0,2.0808552040939314e-13,6.581418686067933e-13,1.6693085179510148e-11,0.0,3.3386170359020296e-09,1.0
3.27,0.0,0.0,0.0,0.0,2.240434524407655e-13,1.2539739974171317e-13,1.883446515617034e-11,0.0,3.7668930312340675e-09,1.0
3.2800000000000002,0.0,0.0,0.0,0.0,3.3646027331184586e-13,2.9128872718999923e-13,1.4456812416706377e-11,0.0,2.8913624833412754e-09,1.0
3.29,0.0,0.0,0.0,0.0,-5.032986205914946e-15,-3.286177832341626e-13,1.1851155262652315e-11,0.0,2.370231052530463e-09,1.0
3.3000000000000003,0.0,0.0,0.0,0.0,1.5369103102990878e-13,-1.453043561869069e-13,1.3530533148338443e-11,0.0,2.7061066296676884e-09,1.0
3.31,0.0,0.0,0.0,0.0,2.79473407184898e-13,-5.115172887658253e-13,1.0328360389839303e-11,0.0,2.0656720779678606e-09,1.0
3.3200000000000003,0.0,0.0,0.0,0.0,-9.990605371372212e-14,-3.4435550517693984e-13,1.3656462795572719e-11,0.0,2.731292559114544e-09,1.0
3.33,0.0,0.0,0.0,0.0,6.489652495390783e-13,-3.37491475240299e-13,1.028426265342736e-11,0.0,2.056852530685472e-09,1.0
3.34,0.0,0.0,0.0,0.0,2.559321439200793e-13,-2.721254282185811e-13,5.511158037785243e-12,0.0,1.1022316075570486e-09,1.0
3.35,0.0,0.0,0.0,0.0,1.70591877550239e-12,-9.398217484556402e-13,2.2437207002497034e-11,0.0,4.487441400499407e-09,1.0
3.36,0.0,0.0,0.0,0.0,1.577958724788059e-12,-3.7179527869439247e-13,3.164884411006874e-11,0.0,6.329768822013749e-09,1.0
3.37,0.0,0.0,0.0,0.0,2.371746003909259e-12,-1.2768172097439394e-12,4.293591496984782e-11,0.0,8.587182993969564e-09,1.0
3.38,0.0,0.0,0.0,0.0,2.5715173001122453e-12,-6.761573923308885e-13,3.659120232843564e-11,0.0,7.318240465687127e-09,1.0
3.39,0.0,0.0,0.0,0.0,2.4979469361122298e-12,-6.415140480388243e-13,3.2368316475446444e-11,0.0,6.473663295089288e-09,1.0
3.4,0.0,0.0,0.0,0.0,1.0524464300256533e-12,1.4957031867872239e-13,1.5462771222380717e-11,0.0,3.0925542444761434e-09,1.0
3.41,0.0,0.0,0.0,0.0,4.7112233878526e-14,3.385127826561181e-13,6.161859676012635e-12,0.0,1.2323719352025269e-09,1.0
3.42,0.0,0.0,0.0,0.0,-8.148129765601553e-13,8.985088617958148e-13,2.3906677587726913e-12,0.0,4.781335517545383e-10,1.0
3.43,0.0,0.0,0.0,0.0,-1.1545900638356064e-12,1.0948872681326319e-12,1.8996211119772055e-12,0.0,3.7992422239544107e-10,1.0
3.44,0.0,0.0,0.0,0.0,-6.520863598404409e-13,5.838483240191824e-13,3.959937516019051e-12,0.0,7.919875032038102e-10,1.0
3.45,0.0,0.0,0.0,0.0,-5.965474365411176e-13,3.3460386601838175e-13,8.927636972308301e-12,0.0,1.7855273944616603e-09,1.0
3.46,0.0,0.0,0.0,0.0,-3.5993931967295225e-13,3.7646439142418244e-13,1.2294212572097184e-11,0.0,2.4588425144194366e-09,1.0
3.47,0.0,0.0,0.0,0.0,-8.727080137759571e-13,1.8329899291780257e-13,1.568421287450909e-11,0.0,3.1368425749018175e-09,1.0
3.48,0.0,0.0,0.0,0.0,-1.0663810858783754e-12,5.233350972444296e-13,2.6857387068254293e-11,0.0,5.371477413650859e-09,1.0
3.49,0.0,0.0,0.0,0.0,-1.0325777265038044e-12,6.692020497977093e-13,3.2006292840189527e-11,0.0,6.401258568037905e-09,1.0
3.5,0.0,0.0,0.0,0.0,-1.4290990860874666e-12,1.2823589728722552e-12,3.649083449515431e-11,0.0,7.2981668990308625e-09,1.0
3.5100000000000002,0.0,0.0,0.0,0.0,-9.929269577385694e-13,7.625869295959423e-13,2.5354822171439286e-11,0.0,5.070964434287857e-09,1.0
3.52,0.0,0.0,0.0,0.0,-7.1302149774266e-13,2.605711175633147e-13,1.8789536623919473e-11,0.0,3.757907324783894e-09,1.0
3.5300000000000002,0.0,0.0,0.0,0.0,3.391263044071379e-14,-6.379552035662406e-13,1.7619493042867525e-11,0.0,3.5238986085735047e-09,1.0
3.54,0.0,0.0,0.0,0.0,1.6905072233729943e-13,-6.817682238338603e-13,2.2818300409457728e-11,0.0,4.563660081891545e-09,1.0
3.5500000000000003,0.0,0.0,0.0,0.0,1.0620078887179924e-13,-2.97938261899328e-13,2.0877610563137543e-11,0.0,4.175522112627509e-09,1.0
3.56,0.0,0.0,0.0,0.0,-1.566841049073394e-13,1.0438585665300039e-13,1.6740839312827912e-11,0.0,3.348167862565582e-09,1.0
3.5700000000000003,0.0,0.0,0.0,0.0,-1.41085230864397e-13,-3.471765501345928e-14,1.8710237974643442e-11,0.0,3.742047594928688e-09,1.0
3.58,0.0,0.0,0.0,0.0,1.0836665634353529e-13,6.851304236665303e-14,1.8926163788980466e-11,0.0,3.785232757796093e-09,1.0
3.59,0.0,0.0,0.0,0.0,-8.50838828093859e-14,-3.061165540819592e-13,1.24271360272136e-11,0.0,2.48542720544272e-09,1.0
3.6,0.0,0.0,0.0,0.0,7.145554897935791e-14,-4.674523708068994e-13,1.0330183604408623e-11,0.0,2.0660367208817244e-09,1.0
3.61,0.0,0.0,0.0,0.0,5.021652171134263e-13,-2.2884045091294665e-13,8.677437313631639e-12,0.0,1.7354874627263278e-09,1.0
3.62,0.0,0.0,0.0,0.0,4.713449910419756e-13,-4.637664461104936e-13,8.321761105774287e-12,0.0,1.6643522211548574e-09,1.0
3.63,0.0,0.0,0.0,0.0,1.0272747480765968e-13,1.8815519005767858e-13,1.2870715073584319e-11,0.0,2.5741430147168638e-09,1.0
3.64,0.0,0.0,0.0,0.0,-2.632720179051223e-13,5.415356150923097e-13,1.4906003279723648e-11,0.0,2.9812006559447297e-09,1.0
3.65,0.0,0.0,0.0,0.0,-8.207078373248056e-13,1.2826853506675966e-12,2.312433634448159e-11,0.0,4.624867268896318e-09,1.0
3.66,0.0,0.0,0.0,0.0,-8.953748653105465e-13,1.2140894498659998e-12,2.921821235217557e-11,0.0,5.8436424704351135e-09,1.0
3.67,0.0,0.0,0.0,0.0,-1.0809666863193702e-12,1.4768239052100754e-12,2.940633748200295e-11,0.0,5.88126749640059e-09,1.0
3.68,0.0,0.0,0.0,0.0,-8.695861982076772e-13,1.456266815053626e-12,2.496056618653482e-11,0.0,4.992113237306964e-09,1.0
3.69,0.0,0.0,0.0,0.0,-2.445926458283848e-13,1.4185654226610378e-12,2.4372197155182877e-11,0.0,4.874439431036575e-09,1.0
3.7,0.0,0.0,0.0,0.0,1.2906726160445431e-13,7.395118308359081e-13,1.7789814756244227e-11,0.0,3.557962951248845e-09,1.0
3.71,0.0,0.0,0.0,0.0,2.1633597043877789e-13,7.813180948822595e-13,1.8898147792909166e-11,0.0,3.779629558581833e-09,1.0
3.72,0.0,0.0,0.0,0.0,4.1787676399236305e-13,-1.2885077993126675e-13,6.0020225883587954e-12,0.0,1.2004045176717591e-09,1.0
3.73,0.0,0.0,0.0,0.0,3.8092248260902793e-13,-2.558904860883736e-13,7.248926960276292e-12,0.0,1.4497853920552584e-09,1.0
3.74,0.0,0.0,0.0,0.0,1.102678750566029e-12,-1.1367831178192012e-12,1.6699301622591225e-11,0.0,3.339860324518245e-09,1.0
3.75,0.0,0.0,0.0,0.0,1.0681048806339595e-12,-1.5006283717585707e-12,2.2092460672563618e-11,0.0,4.418492134512724e-09,1.0
3.7600000000000002,0.0,0.0,0.0,0.0,9.119891671596065e-13,-1.4624813968500486e-12,1.7568693333163195e-11,0.0,3.513738666632639e-09,1.0
3.77,0.0,0.0,0.0,0.0,6.801887253816355e-13,-1.208889906722643e-12,1.8841307949459732e-11,0.0,3.7682615898919465e-09,1.0
3.7800000000000002,0.0,0.0,0.0,0.0,3.3576300111071816e-13,-4.615874409899496e-13,1.6910563469533214e-11,0.0,3.3821126939066427e-09,1.0
3.79,0.0,0.0,0.0,0.0,5.961567030378237e-14,4.5891846481689074e-14,5.0571040439855005e-12,0.0,1.0114208087971e-09,1.0
3.8000000000000003,0.0,0.0,0.0,0.0,-1.9083842018458293e-14,1.316132504694947e-13,1.0594394757798379e-11,0.0,2.1188789515596756e-09,1.0
3.81,0.0,0.0,0.0,0.0,-5.732447950252913e-13,2.485803967194758e-13,1.7386856359817536e-11,0.0,3.477371271963507e-09,1.0
3.8200000000000003,0.0,0.0,0.0,0.0,1.1580402957873032e-14,-4.076953217684161e-14,1.870680162912291e-11,0.0,3.741360325824582e-09,1.0
3.83,0.0,0.0,0.0,0.0,2.5085531508177985e-13,3.7746346481463096e-13,1.627760945925809e-11,0.0,3.2555218918516176e-09,1.0
3.84,0.0,0.0,0.0,0.0,1.289819942755768e-12,1.5863248701358299e-12,3.099996449409684e-11,0.0,6.199992898819367e-09,1.0
3.85,0.0,0.0,0.0,0.0,2.6178461740070213e-13,2.5610603646198828e-12,2.6155959943644648e-11,0.0,5.2311919887289294e-09,1.0
3.86,0.0,0.0,0.0,0.0,7.24166501339909e-13,2.639508472497982e-12,2.592836439772389e-11,0.0,5.185672879544778e-09,1.0
3.87,0.0,0.0,0.0,0.0,-9.620721975758963e-14,1.400806086542078e-12,1.192716072561294e-11,0.0,2.3854321451225882e-09,1.0
3.88,0.0,0.0,0.0,0.0,5.192509280354163e-13,-7.07572061059593e-14,3.525278641265493e-11,0.0,7.050557282530986e-09,1.0
3.89,0.0,0.0,0.0,0.0,1.0842596066080467e-12,-1.8172123091819225e-12,4.3721307607271335e-11,0.0,8.744261521454267e-09,1.0
3.9,0.0,0.0,0.0,0.0,2.635936772853633e-12,-3.3974599594993776e-12,5.768488565898785e-11,0.0,1.153697713179757e-08,1.0
3.91,0.0,0.0,0.0,0.0,1.963514169020759e-12,-2.782917251933949e-12,4.948902304244552e-11,0.0,9.897804608489104e-09,1.0
3.92,0.0,0.0,0.0,0.0,2.2283461312866535e-12,-2.4377595485927703e-12,4.7741805508636354e-11,0.0,9.54836110172727e-09,1.0
3.93,0.0,0.0,0.0,0.0,1.4965453257174942e-12,-1.1810651711541863e-12,5.058736047449468e-11,0.0,1.0117472094898936e-08,1.0
3.94,0.0,0.0,0.0,0.0,4.925679719719804e-13,-3.250718717454499e-13,1.997428327406429e-11,0.0,3.994856654812858e-09,1.0
3.95,0.0,0.0,0.0,0.0,4.586961452366983e-13,-1.0191406594058005e-13,2.0608555779701615e-11,0.0,4.121711155940323e-09,1.0
3.96,0.0,0.0,0.0,0.0,-6.890449712089074e-13,5.905909432097367e-13,2.762862903811297e-11,0.0,5.525725807622594e-09,1.0
3.97,0.0,0.0,0.0,0.0,-1.2901576969035175e-12,-4.2123299443631325e-13,2.3239717071616687e-11,0.0,4.647943414323337e-09,1.0
3.98,0.0,0.0,0.0,0.0,2.9733566697491115e-14,-5.014971341491333e-13,1.7351493234831816e-11,0.0,3.470298646966363e-09,1.0
3.99,0.0,0.0,0.0,0.0,-1.507896550453571e-13,-1.5230550740499043e-13,1.084642946622475e-11,0.0,2.16928589324495e-09,1.0
4.0,0.0,0.0,0.0,0.0,-5.823106848818452e-13,1.2899275831516405e-13,9.353238736269223e-12,0.0,1.8706477472538444e-09,1.0
4.01,0.0,0.0,0.0,0.0,-1.5605871265492058e-13,7.072367885140724e-13,1.9334275612892705e-12,0.0,3.866855122578541e-10,1.0
4.0200000000000005,0.0,0.0,0.0,0.0,-4.944001001740367e-13,7.128136439034908e-13,5.617956594898468e-12,0.0,1.1235913189796935e-09,1.0
4.03,0.0,0.0,0.0,0.0,-1.1056112046433268e-13,1.0034569574898297e-12,7.967045229902448e-12,0.0,1.5934090459804896e-09,1.0
4.04,0.0,0.0,0.0,0.0,-3.8195420107099533e-13,8.591039059916545e-13,1.592460213613006e-11,0.0,3.1849204272260116e-09,1.0
4.05,0.0,0.0,0.0,0.0,-1.2166477681397148e-12,5.992276352348814e-13,4.249947202227725e-11,0.0,8.499894404455449e-09,1.0
4.0600000000000005,0.0,0.0,0.0,0.0,-1.5792227560909382e-12,4.401808917764997e-13,4.990996426215592e-11,0.0,9.981992852431183e-09,1.0
4.07,0.0,0.0,0.0,0.0,-2.2705320420627056e-12,1.2600110302085356e-12,4.1817031432105655e-11,0.0,8.363406286421131e-09,1.0
4.08,0.0,0.0,0.0,0.0,-1.180192442369367e-12,2.195915310679211e-12,5.6435300198692604e-11,0.0,1.128706003973852e-08,1.0
4.09,0.0,0.0,0.0,0.0,1.1905314233522786e-12,1.4430292978489889e-12,3.040219566073191e-11,0.0,6.0804391321463825e-09,1.0
4.1,0.0,0.0,0.0,0.0,1.4434509243676857e-12,3.392878381787462e-12,2.820092420919451e-11,0.0,5.640184841838902e-09,1.0
4.11,0.0,0.0,0.0,0.0,3.4132044460724505e-12,3.3835797033050544e-13,3.315359491941031e-11,0.0,6.630718983882062e-09,1.0
4.12,0.0,0.0,0.0,0.0,4.675759028611265e-13,5.746772222130505e-13,3.3899223411581244e-11,0.0,6.779844682316249e-09,1.0
4.13,0.0,0.0,0.0,0.0,9.073974159931147e-13,1.4274505242048654e-12,3.710074812398511e-11,0.0,7.420149624797022e-09,1.0
4.14,0.0,0.0,0.0,0.0,1.4854894587739097e-12,1.246643486039743e-12,4.1433401405410554e-11,0.0,8.28668028108211e-09,1.0
4.15,0.0,0.0,0.0,0.0,-1.3042875005820283e-12,5.929197001014634e-13,6.639925845930879e-12,0.0,1.3279851691861757e-09,1.0
4.16,0.0,0.0,0.0,0.0,4.605052603801637e-13,8.79309578874371e-14,1.5482246549242006e-11,0.0,3.096449309848401e-09,1.0
4.17,0.0,0.0,0.0,0.0,-8.843102434145525e-13,-2.034125581391506e-12,1.4256874408453561e-11,0.0,2.851374881690712e-09,1.0
4.18,0.0,0.0,0.0,0.0,4.342137377239583e-14,-2.1996391404695316e-12,8.79623809140347e-12,0.0,1.759247618280694e-09,1.0
4.19,0.0,0.0,0.0,0.0,-1.476432285394657e-12,-1.0858336951546193e-13,1.08430227860919e-11,0.0,2.16860455721838e-09,1.0
4.2,0.0,0.0,0.0,0.0,-1.1820953004475722e-13,4.946478073125005e-13,1.0948580852153345e-11,0.0,2.189716170430669e-09,1.0
4.21,0.0,0.0,0.0,0.0,-6.467430644752595e-13,1.2535256996609373e-12,2.5132596328151888e-11,0.0,5.0265192656303775e-09,1.0
4.22,0.0,0.0,0.0,0.0,-1.956860725562311e-15,5.1419244372912e-13,1.8913972928109974e-11,0.0,3.782794585621994e-09,1.0
4.23,0.0,0.0,0.0,0.0,-1.3638561255321393e-12,6.786519919701313e-13,1.2682988969795078e-11,0.0,2.5365977939590154e-09,1.0
4.24,0.0,0.0,0.0,0.0,-6.320486895034836e-13,-4.3811151203655626e-13,1.3841183881720277e-11,0.0,2.7682367763440553e-09,1.0
4.25,0.0,0.0,0.0,0.0,3.329833075171419e-13,1.3568794413346216e-14,9.736250790290269e-12,0.0,1.947250158058054e-09,1.0
4.26,0.0,0.0,0.0,0.0,4.3820774782795874e-13,1.4303647168838677e-12,5.895366911722499e-12,0.0,1.1790733823444996e-09,1.0
4.2700000000000005,0.0,0.0,0.0,0.0,-1.3502404957928246e-13,1.2482602300425478e-12,1.8278955855293352e-11,0.0,3.6557911710586703e-09,1.0
4.28,0.0,0.0,0.0,0.0,3.9090598814385424e-13,1.3796937261009705e-13,1.2405573631888027e-11,0.0,2.4811147263776054e-09,1.0
4.29,0.0,0.0,0.0,0.0,-9.604665905310813e-13,1.3033702736127297e-12,9.402931489785163e-12,0.0,1.8805862979570327e-09,1.0
4.3,0.0,0.0,0.0,0.0,-9.706713100552e-13,5.825885821431489e-13,2.473717391733055e-11,0.0,4.94743478346611e-09,1.0
4.3100000000000005,0.0,0.0,0.0,0.0,-6.645931237906521e-13,5.252927716121859e-13,1.9390647527168963e-11,0.0,3.8781295054337924e-09,1.0
4.32,0.0,0.0,0.0,0.0,-1.1701645360158883e-12,1.1102006250225471e-12,1.7042538733203626e-11,0.0,3.408507746640725e-09,1.0
4.33,0.0,0.0,0.0,0.0,-9.821756668476644e-13,2.8684703597802805e-13,1.0752151483561617e-11,0.0,2.150430296712323e-09,1.0
4.34,0.0,0.0,0.0,0.0,-2.3654555496308907e-13,1.0982743257185782e-13,4.348770424884637e-12,0.0,8.697540849769274e-10,1.0
4.3500000000000005,0.0,0.0,0.0,0.0,-1.3260745717037921e-13,9.398342458493328e-14,6.8643410477133525e-12,0.0,1.3728682095426704e-09,1.0
4.36,0.0,0.0,0.0,0.0,6.629587335931939e-13,-3.968449338834174e-14,7.467237425878946e-12,0.0,1.493447485175789e-09,1.0
4.37,0.0,0.0,0.0,0.0,-3.746968975594479e-13,8.894807574480349e-13,2.604320351050818e-11,0.0,5.208640702101635e-09,1.0
4.38,0.0,0.0,0.0,0.0,-9.606544891560283e-15,4.2017631608554167e-13,7.756283497774895e-12,0.0,1.551256699554979e-09,1.0
4.39,0.0,0.0,0.0,0.0,-2.934226354299762e-12,2.82226675313207e-12,4.916038069685664e-11,0.0,9.832076139371328e-09,1.0
4.4,0.0,0.0,0.0,0.0,-1.1841407197035806e-12,-1.8991126230205054e-12,7.116966774614966e-11,0.0,1.4233933549229931e-08,1.0
4.41,0.0,0.0,0.0,0.0,-3.58061167319971e-12,-3.7792054465723677e-13,6.813849677578998e-11,0.0,1.3627699355157996e-08,1.0
4.42,0.0,0.0,0.0,0.0,-2.3258455249679707e-12,-6.7816683505765966e-12,8.034615925983424e-11,0.0,1.606923185196685e-08,1.0
4.43,0.0,0.0,0.0,0.0,-1.3643946764315611e-12,-3.1267863162080267e-12,5.7672366631210115e-11,0.0,1.1534473326242023e-08,1.0
4.44,0.0,0.0,0.0,0.0,-1.4190984936885907e-12,-3.4610378169104296e-12,8.986030296069941e-11,0.0,1.797206059213988e-08,1.0
4.45,0.0,0.0,0.0,0.0,4.808027544850473e-13,-6.374394023650251e-13,6.101231957831832e-11,0.0,1.2202463915663662e-08,1.0
4.46,0.0,0.0,0.0,0.0,3.154513900479103e-12,-3.7312388922315615e-12,4.859570469241731e-11,0.0,9.719140938483462e-09,1.0
4.47,0.0,0.0,0.0,0.0,2.226171630054664e-12,-6.206662789727637e-13,5.6345903953057234e-11,0.0,1.1269180790611447e-08,1.0
4.48,0.0,0.0,0.0,0.0,-1.864219072631135e-13,2.002557468865861e-12,1.129671253279478e-11,0.0,2.259342506558956e-09,1.0
4.49,0.0,0.0,0.0,0.0,1.0104001103738018e-12,1.797065759013584e-12,2.1141519733429893e-11,0.0,4.228303946685979e-09,1.0
4.5,0.0,0.0,0.0,0.0,-9.250930784301918e-13,4.373504981338861e-12,1.4848665433018023e-11,0.0,2.9697330866036044e-09,1.0
4.51,0.0,0.0,0.0,0.0,-2.4147340767165158e-12,4.0231369807266134e-12,3.5462196398143736e-11,0.0,7.092439279628747e-09,1.0
4.5200000000000005,0.0,0.0,0.0,0.0,-3.650114687200853e-12,1.0862238439585093e-13,3.268688117210545e-11,0.0,6.53737623442109e-09,1.0
4.53,0.0,0.0,0.0,0.0,-1.8540201145429187e-12,-1.367135171604698e-12,6.662987204794216e-11,0.0,1.3325974409588431e-08,1.0
4.54,0.0,0.0,0.0,0.0,2.6776611088074706e-13,-1.9323241476527255e-12,8.135344316110043e-11,0.0,1.6270688632220085e-08,1.0
4.55,0.0,0.0,0.0,0.0,7.250898704309694e-12,-4.125972155679647e-12,1.0689517399862004e-10,0.0,2.1379034799724006e-08,1.0
4.5600000000000005,0.0,0.0,0.0,0.0,7.495144344059884e-12,-4.672902239408794e-12,1.5476236836401503e-10,0.0,3.095247367280301e-08,1.0
4.57,0.0,0.0,0.0,0.0,4.943318539359559e-12,-1.0289011325589106e-12,9.277164103426034e-11,0.0,1.8554328206852067e-08,1.0
4.58,0.0,0.0,0.0,0.0,2.6326209374599733e-12,-9.557768423587259e-12,1.7195473134701316e-10,0.0,3.439094626940263e-08,1.0
4.59,0.0,0.0,0.0,0.0,-6.362823189727847e-12,-5.916646287768729e-12,8.166526671669602e-11,0.0,1.6333053343339202e-08,1.0
4.6000000000000005,0.0,0.0,0.0,0.0,5.501358627341039e-12,-1.0528599249703943e-11,3.451122112693014e-10,0.0,6.902244225386028e-08,1.0
4.61,0.0,0.0,0.0,0.0,1.1946423302257078e-11,2.323310563941092e-12,3.1710063895564036e-10,0.0,6.342012779112806e-08,1.0
4.62,0.0,0.0,0.0,0.0,3.0864451962390135e-11,-3.484183799584569e-12,2.787402177677542e-10,0.0,5.5748043553550835e-08,1.0
4.63,0.0,0.0,0.0,0.0,1.807463984743142e-11,-8.643368718595012e-12,4.775096296864168e-10,0.0,9.550192593728336e-08,1.0
4.64,0.0,0.0,0.0,0.0,1.2035124232004417e-12,-1.4846601631228645e-11,3.4384883378490894e-10,0.0,6.876976675698179e-08,1.0
4.65,0.0,0.0,0.0,0.0,2.081235812811771e-11,-3.410438235056896e-11,6.115390816081031e-10,0.0,1.2230781632162061e-07,1.0
4.66,0.0,0.0,0.0,0.0,-3.756949361561488e-12,-1.6733257274118446e-11,4.647585378016369e-10,0.0,9.295170756032738e-08,1.0
4.67,0.0,0.0,0.0,0.0,3.921299581144297e-11,-1.4981276058322676e-12,2.569170002929933e-10,0.0,5.1383400058598665e-08,1.0
4.68,0.0,0.0,0.0,0.0,1.1956490889053084e-11,1.3109496473167687e-12,3.0102083856975977e-10,0.0,6.020416771395196e-08,1.0
4.69,0.0,0.0,0.0,0.0,3.105343596000631e-13,1.3717265376810942e-11,2.7432087840640334e-10,0.0,5.486417568128067e-08,1.0
4.7,0.0,0.0,0.0,0.0,9.149306805087338e-12,7.362639428430491e-12,2.398207637288272e-10,0.0,4.796415274576544e-08,1.0
4.71,0.0,0.0,0.0,0.0,3.731490102677473e-12,2.7003800457224324e-13,1.4767159940619145e-10,0.0,2.953431988123829e-08,1.0
4.72,0.0,0.0,0.0,0.0,-2.0780164541198874e-13,5.908646823082252e-13,7.643633404897708e-11,0.0,1.5287266809795415e-08,1.0
4.73,0.0,0.0,0.0,0.0,-4.575281143817537e-12,6.032741863737333e-13,6.447309925569236e-11,0.0,1.2894619851138471e-08,1.0
4.74,0.0,0.0,0.0,0.0,-4.876222919999537e-12,5.117466958513988e-13,3.889284709482043e-11,0.0,7.778569418964085e-09,1.0
4.75,0.0,0.0,0.0,0.0,-1.6543804881471012e-12,-2.0658088235916561e-13,4.358730583649105e-11,0.0,8.71746116729821e-09,1.0
4.76,0.0,0.0,0.0,0.0,-1.855307389300519e-12,-6.552719724306254e-13,6.153039921598871e-11,0.0,1.230607984319774e-08,1.0
4.7700000000000005,0.0,0.0,0.0,0.0,-1.1112734927073707e-12,7.029959717308251e-13,7.634249566821621e-11,0.0,1.5268499133643242e-08,1.0
4.78,0.0,0.0,0.0,0.0,-7.828412061067532e-13,5.573964360124847e-13,8.498986276203244e-11,0.0,1.6997972552406488e-08,1.0
4.79,0.0,0.0,0.0,0.0,1.6315940247321835e-12,3.5924024470912696e-13,8.201160996592037e-11,0.0,1.6402321993184075e-08,1.0
4.8,0.0,0.0,0.0,0.0,1.3239654405693852e-12,-2.5275435701726904e-14,1.053768887636428e-10,0.0,2.107537775272856e-08,1.0
4.8100000000000005,0.0,0.0,0.0,0.0,1.9504322660004655e-12,2.836285597885008e-14,1.4494643256978786e-10,0.0,2.8989286513957574e-08,1.0
4.82,0.0,0.0,0.0,0.0,1.6718446564177964e-13,1.0463016048076864e-12,1.7737696980368578e-10,0.0,3.5475393960737156e-08,1.0
4.83,0.0,0.0,0.0,0.0,-3.4988319938799527e-12,2.3848965282167245e-12,2.5194124411452334e-10,0.0,5.0388248822904665e-08,1.0
4.84,0.0,0.0,0.0,0.0,-3.4709372437532534e-12,2.5142675471973705e-12,2.477085772238559e-10,0.0,4.9541715444771184e-08,1.0
4.8500000000000005,0.0,0.0,0.0,0.0,-7.561197798991356e-12,1.2325707575371412e-12,2.4334910826454267e-10,0.0,4.866982165290853e-08,1.0
4.86,0.0,0.0,0.0,0.0,-8.557086685901837e-12,-2.6610254097923828e-12,3.1124357021272757e-10,0.0,6.224871404254551e-08,1.0
4.87,0.0,0.0,0.0,0.0,-1.195492752803909e-11,-3.206193312710463e-12,4.296599666827325e-10,0.0,8.59319933365465e-08,1.0
4.88,0.0,0.0,0.0,0.0,-1.0048220354586567e-11,-3.788029896393577e-12,2.960934612225059e-10,0.0,5.921869224450118e-08,1.0
4.89,0.0,0.0,0.0,0.0,-1.0360932084151903e-11,-2.5278073523488327e-12,1.67145471250988e-10,0.0,3.3429094250197596e-08,1.0
4.9,0.0,0.0,0.0,0.0,1.9320236252505082e-12,-2.1190948082881272e-11,5.216235818236871e-10,0.0,1.0432471636473742e-07,1.0
4.91,0.0,0.0,0.0,0.0,-2.0028530075730754e-12,-3.764181112661253e-11,9.05836454938529e-10,0.0,1.811672909877058e-07,1.0
4.92,0.0,0.0,0.0,0.0,-1.8838364227742057e-11,-6.6050969048436e-11,8.984790516164412e-10,0.0,1.7969581032328823e-07,1.0
4.93,0.0,0.0,0.0,0.0,-3.504619182353123e-11,-5.877472892049809e-11,7.560511232335074e-10,0.0,1.5121022464670148e-07,1.0
4.94,0.0,0.0,0.0,0.0,-2.3178937233224654e-11,-3.3171669398649764e-11,6.352019076853666e-10,0.0,1.2704038153707332e-07,1.0
4.95,0.0,0.0,0.0,0.0,-1.8642922540411764e-11,-1.60783181862749e-11,7.19064813703467e-10,0.0,1.438129627406934e-07,1.0
4.96,0.0,0.0,0.0,0.0,7.970888846009387e-13,-2.7529636673444292e-11,7.960778810693484e-10,0.0,1.5921557621386966e-07,1.0
4.97,0.0,0.0,0.0,0.0,-1.780483749602314e-11,-1.4563570854408295e-11,5.883626204966586e-10,0.0,1.1767252409933172e-07,1.0
4.98,0.0,0.0,0.0,0.0,-6.8968507451516526e-12,-2.6486434190196598e-11,5.418323716303493e-10,0.0,1.0836647432606986e-07,1.0
4.99,0.0,0.0,0.0,0.0,-1.9797245448260875e-11,6.273847093076032e-12,6.564885559867034e-10,0.0,1.3129771119734068e-07,1.0
5.0,0.0,0.0,0.0,0.0,-1.28276298831237e-11,-3.0915058597296417e-12,6.080064765250796e-10,0.0,1.2160129530501592e-07,1.0
5.01,0.0,0.0,0.0,0.0,-3.068128821931655e-11,8.65724424464155e-12,5.217743588856189e-10,0.0,1.0435487177712378e-07,1.0
5.0200000000000005,0.0,0.0,0.0,0.0,-1.8957464286339608e-11,9.208293833758398e-12,3.6793973112656526e-10,0.0,7.358794622531305e-08,1.0
5.03,0.0,0.0,0.0,0.0,-8.893271376685597e-12,7.29771707092482e-12,3.265253768253261e-10,0.0,6.530507536506521e-08,1.0
5.04,0.0,0.0,0.0,0.0,-3.28783547227699e-12,5.8670980764832875e-12,2.949179033117399e-10,0.0,5.898358066234798e-08,1.0
5.05,0.0,0.0,0.0,0.0,-1.3810285361648455e-13,4.746790700601814e-12,2.760332479349592e-10,0.0,5.520664958699184e-08,1.0
5.0600000000000005,0.0,0.0,0.0,0.0,1.619933095419859e-12,3.817435257591314e-12,2.6979684429226116e-10,0.0,5.3959368858452234e-08,1.0
5.07,0.0,0.0,0.0,0.0,2.5040473001119582e-12,3.050320098791866e-12,2.7378340224643887e-10,0.0,5.475668044928777e-08,1.0
5.08,0.0,0.0,0.0,0.0,2.8536608072514993e-12,2.39291672118302e-12,2.851959976399085e-10,0.0,5.70391995279817e-08,1.0
5.09,0.0,0.0,0.0,0.0,2.8314206169138713e-12,1.8219316018433835e-12,2.994986956401315e-10,0.0,5.98997391280263e-08,1.0
5.1000000000000005,0.0,0.0,0.0,0.0,2.6321825537143593e-12,1.418276819224726e-12,3.1477977056156535e-10,0.0,6.295595411231306e-08,1.0
5.11,0.0,0.0,0.0,0.0,2.3368149495249843e-12,1.0945755364522063e-12,3.306121930137765e-10,0.0,6.61224386027553e-08,1.0
5.12,0.0,0.0,0.0,0.0,2.0944746206437615e-12,7.984397655414405e-13,3.446184181395748e-10,0.0,6.892368362791495e-08,1.0
5.13,0.0,0.0,0.0,0.0,1.7226390432074696e-12,6.629131007023946e-13,3.5727726591787047e-10,0.0,7.145545318357409e-08,1.0
5.14,0.0,0.0,0.0,0.0,1.463293220030045e-12,5.149208397125725e-13,3.6839504826734976e-10,0.0,7.367900965346994e-08,1.0
5.15,0.0,0.0,0.0,0.0,1.1826188515425782e-12,4.191544866878421e-13,3.7688727771831726e-10,0.0,7.537745554366345e-08,1.0
5.16,0.0,0.0,0.0,0.0,9.281102724818356e-13,3.8036453217025327e-13,3.8342130830668813e-10,0.0,7.668426166133763e-08,1.0
5.17,0.0,0.0,0.0,0.0,7.78076075855417e-13,2.7539871335703513e-13,3.8816154501288255e-10,0.0,7.763230900257651e-08,1.0
5.18,0.0,0.0,0.0,0.0,6.501760934141318e-13,2.4133474667573647e-13,3.918533423649175e-10,0.0,7.837066847298351e-08,1.0
5.19,0.0,0.0,0.0,0.0,5.6436002147009e-13,1.9176375153502641e-13,3.9339185188796617e-10,0.0,7.867837037759324e-08,1.0
5.2,0.0,0.0,0.0,0.0,4.696458425831551e-13,1.6627749436071207e-13,3.9198541681702294e-10,0.0,7.839708336340459e-08,1.0
5.21,0.0,0.0,0.0,0.0,3.8422539089722596e-13,1.1661265643171838e-13,3.9005403781037725e-10,0.0,7.801080756207544e-08,1.0
5.22,0.0,0.0,0.0,0.0,2.487055814275761e-13,3.331826426184756e-14,3.873234218866427e-10,0.0,7.746468437732854e-08,1.0
5.23,0.0,0.0,0.0,0.0,1.7840722836991237e-13,3.4494142828819233e-14,3.8340527462224214e-10,0.0,7.668105492444843e-08,1.0
5.24,0.0,0.0,0.0,0.0,1.2998490898330784e-13,6.95850767400147e-14,3.784631963217902e-10,0.0,7.569263926435803e-08,1.0
5.25,0.0,0.0,0.0,0.0,1.6201641255825888e-13,3.1942220973341965e-14,3.7266556841641e-10,0.0,7.453311368328199e-08,1.0
5.26,0.0,0.0,0.0,0.0,1.3033748757088797e-13,-6.309243562581965e-15,3.650000858909599e-10,0.0,7.300001717819198e-08,1.0
5.2700000000000005,0.0,0.0,0.0,0.0,1.014168149571218e-13,-2.0198187244877404e-14,3.5711247732563813e-10,0.0,7.142249546512763e-08,1.0
5.28,0.0,0.0,0.0,0.0,5.773885616422127e-14,-1.0977197090526187e-13,3.487704987652609e-10,0.0,6.975409975305219e-08,1.0
5.29,0.0,0.0,0.0,0.0,-1.1098747524520056e-14,-7.123733753607958e-14,3.4009152656786567e-10,0.0,6.801830531357313e-08,1.0
5.3,0.0,0.0,0.0,0.0,3.65800473944817e-14,-8.322937473633323e-14,3.3170503055592195e-10,0.0,6.634100611118438e-08,1.0
5.3100000000000005,0.0,0.0,0.0,0.0,4.578589493804957e-14,-6.217856128701922e-14,3.227238689540187e-10,0.0,6.454477379080375e-08,1.0
5.32,0.0,0.0,0.0,0.0,1.0048367917618338e-13,-1.566748468858479e-14,3.135750444745662e-10,0.0,6.271500889491324e-08,1.0
5.33,0.0,0.0,0.0,0.0,8.977972881025471e-14,-9.35150122910922e-15,3.035105922167471e-10,0.0,6.070211844334942e-08,1.0
5.34,0.0,0.0,0.0,0.0,5.4625967040892016e-14,1.8702049549153934e-14,2.9291025536042717e-10,0.0,5.8582051072085436e-08,1.0
5.3500000000000005,0.0,0.0,0.0,0.0,4.6022022826488325e-14,-1.982140841291798e-14,2.8287104831785853e-10,0.0,5.6574209663571704e-08,1.0
5.36,0.0,0.0,0.0,0.0,1.745110262311394e-14,-3.9258525175704727e-14,2.7257545761644726e-10,0.0,5.451509152328945e-08,1.0
5.37,0.0,0.0,0.0,0.0,7.479975628128747e-14,-4.130263016142985e-14,2.625155541897741e-10,0.0,5.250311083795482e-08,1.0
5.38,0.0,0.0,0.0,0.0,6.80870566045534e-14,-4.243941434985538e-14,2.5175868515405396e-10,0.0,5.035173703081079e-08,1.0
5.39,0.0,0.0,0.0,0.0,1.0287183116419262e-13,-3.946244411525407e-14,2.4146927709309123e-10,0.0,4.8293855418618247e-08,1.0
5.4,0.0,0.0,0.0,0.0,5.523570857114849e-14,-4.2502371102962533e-14,2.307966460557371e-10,0.0,4.615932921114742e-08,1.0
5.41,0.0,0.0,0.0,0.0,3.384568599574917e-14,-2.6258228372560878e-15,2.2024401693565537e-10,0.0,4.4048803387131075e-08,1.0
5.42,0.0,0.0,0.0,0.0,-7.257626738488637e-15,-1.3084086430145394e-14,2.095123463770396e-10,0.0,4.190246927540792e-08,1.0
5.43,0.0,0.0,0.0,0.0,-6.990210048224159e-14,3.7489631252456767e-14,1.9888686459577686e-10,0.0,3.977737291915537e-08,1.0
5.44,0.0,0.0,0.0,0.0,-1.0157542850469301e-13,1.8019854873603445e-14,1.8834242462476365e-10,0.0,3.766848492495273e-08,1.0
5.45,0.0,0.0,0.0,0.0,-1.2045956919246067e-13,8.385418085537798e-15,1.7798857427181454e-10,0.0,3.5597714854362906e-08,1.0
5.46,0.0,0.0,0.0,0.0,-1.2442624184042292e-13,-3.386032252300544e-15,1.6814822534156757e-10,0.0,3.362964506831351e-08,1.0
5.47,0.0,0.0,0.0,0.0,-1.3150501740648972e-13,-1.7539021411221767e-14,1.5811084822275796e-10,0.0,3.1622169644551595e-08,1.0
5.48,0.0,0.0,0.0,0.0,-8.016266698795157e-14,-4.5866836066420245e-14,1.4917553145586224e-10,0.0,2.983510629117245e-08,1.0
5.49,0.0,0.0,0.0,0.0,-5.243398206565409e-14,-7.197098328032552e-14,1.4080379005803005e-10,0.0,2.816075801160601e-08,1.0
5.5,0.0,0.0,0.0,0.0,5.579988044811227e-14,-1.3978570422875206e-13,1.3272358479418004e-10,0.0,2.6544716958836008e-08,1.0
5.51,0.0,0.0,0.0,0.0,1.7105556322756466e-13,-1.7026892797731012e-13,1.2572125089563817e-10,0.0,2.5144250179127633e-08,1.0
5.5200000000000005,0.0,0.0,0.0,0.0,1.9383764171494784e-13,-1.6726001842187056e-13,1.178959782413031e-10,0.0,2.357919564826062e-08,1.0
5.53,0.0,0.0,0.0,0.0,1.7902575515068996e-13,-1.372384229917813e-13,1.0893794884023191e-10,0.0,2.178758976804638e-08,1.0
5.54,0.0,0.0,0.0,0.0,7.92926112719533e-14,-6.610019107443756e-14,1.0158992247561915e-10,0.0,2.031798449512383e-08,1.0
5.55,0.0,0.0,0.0,0.0,4.082076065120555e-14,-8.17932129728322e-14,9.73571621198506e-11,0.0,1.947143242397012e-08,1.0
5.5600000000000005,0.0,0.0,0.0,0.0,5.402747621471582e-14,-8.169011995582566e-14,9.164742809116908e-11,0.0,1.8329485618233818e-08,1.0
5.57,0.0,0.0,0.0,0.0,1.999966486135784e-13,-7.612343682515597e-14,8.545548514410702e-11,0.0,1.7091097028821403e-08,1.0
5.58,0.0,0.0,0.0,0.0,7.067860774586098e-14,-4.524234932299635e-14,7.843326170916321e-11,0.0,1.568665234183264e-08,1.0
5.59,0.0,0.0,0.0,0.0,-3.7365933174040225e-14,-1.0525659531302274e-14,7.418540715203168e-11,0.0,1.4837081430406336e-08,1.0
5.6000000000000005,0.0,0.0,0.0,0.0,-1.83155312161207e-13,3.761625869302448e-14,7.080212119951574e-11,0.0,1.4160424239903147e-08,1.0
5.61,0.0,0.0,0.0,0.0,-1.234456470408376e-13,-1.6047482742417676e-15,6.828861698511686e-11,0.0,1.3657723397023372e-08,1.0
5.62,0.0,0.0,0.0,0.0,-7.222351129707131e-14,-3.7699287875307983e-14,6.692474164206936e-11,0.0,1.3384948328413871e-08,1.0
5.63,0.0,0.0,0.0,0.0,-5.4921999969720995e-14,-3.69600725006999e-14,6.565756342380227e-11,0.0,1.3131512684760453e-08,1.0
5.64,0.0,0.0,0.0,0.0,-2.3497147864505235e-15,-5.3935846892677145e-14,6.577012220242432e-11,0.0,1.3154024440484864e-08,1.0
5.65,0.0,0.0,0.0,0.0,-2.8485568841714135e-14,-4.790485367333063e-14,6.629400980354964e-11,0.0,1.3258801960709928e-08,1.0
5.66,0.0,0.0,0.0,0.0,1.306519120474952e-14,-8.86979984651873e-14,6.809910898981196e-11,0.0,1.3619821797962393e-08,1.0
5.67,0.0,0.0,0.0,0.0,2.0502499322524733e-14,-1.1038323418783633e-13,7.049658185704712e-11,0.0,1.4099316371409423e-08,1.0
5.68,0.0,0.0,0.0,0.0,8.075735144328743e-14,-1.003528993677132e-13,7.19304406021129e-11,0.0,1.4386088120422579e-08,1.0
5.69,0.0,0.0,0.0,0.0,7.586345692827297e-14,-8.191452980840743e-14,7.310346249789113e-11,0.0,1.4620692499578226e-08,1.0
5.7,0.0,0.0,0.0,0.0,6.956377747548461e-14,-3.5707029026214194e-14,7.629705419899822e-11,0.0,1.5259410839799643e-08,1.0
5.71,0.0,0.0,0.0,0.0,9.94035948788275e-15,1.688845080789485e-14,7.901217910701417e-11,0.0,1.5802435821402833e-08,1.0
5.72,0.0,0.0,0.0,0.0,3.8423474721307775e-14,-7.855725350356253e-14,8.229949342874984e-11,0.0,1.6459898685749967e-08,1.0
5.73,0.0,0.0,0.0,0.0,8.03531621727797e-14,-1.1286583315233355e-13,8.6103335299861e-11,0.0,1.7220667059972198e-08,1.0
5.74,0.0,0.0,0.0,0.0,7.939927999887633e-14,-1.238902795349072e-13,8.837021434466994e-11,0.0,1.7674042868933987e-08,1.0
5.75,0.0,0.0,0.0,0.0,1.1163616132497795e-13,-1.9355696128885864e-13,9.178683975541532e-11,0.0,1.8357367951083065e-08,1.0
5.76,0.0,0.0,0.0,0.0,6.650892927144216e-14,-1.0894495281406287e-13,9.416745576519028e-11,0.0,1.8833491153038057e-08,1.0
5.7700000000000005,0.0,0.0,0.0,0.0,7.413600821638845e-14,-1.5027999780186874e-13,9.708496106664322e-11,0.0,1.9416992213328644e-08,1.0
5.78,0.0,0.0,0.0,0.0,1.4866201599201288e-14,-1.2315156219777904e-13,1.0008704761121353e-10,0.0,2.0017409522242708e-08,1.0
5.79,0.0,0.0,0.0,0.0,5.623660640776883e-14,-1.3476630480102067e-13,1.0242401395920612e-10,0.0,2.0484802791841224e-08,1.0
5.8,0.0,0.0,0.0,0.0,-5.36944330020551e-14,-1.2160046566151966e-13,1.0392785964407202e-10,0.0,2.0785571928814402e-08,1.0
5.8100000000000005,0.0,0.0,0.0,0.0,1.0165452493303256e-14,-8.158265078778118e-14,1.0573636899393673e-10,0.0,2.1147273798787345e-08,1.0
5.82,0.0,0.0,0.0,0.0,-5.689629815819045e-14,2.8743418638548094e-14,1.0684476459133741e-10,0.0,2.136895291826748e-08,1.0
5.83,0.0,0.0,0.0,0.0,-7.761434352933326e-14,9.665722870893353e-14,1.0742139326270351e-10,0.0,2.14842786525407e-08,1.0
5.84,0.0,0.0,0.0,0.0,-6.286592891789365e-14,1.3930844074288684e-13,1.0928865908753308e-10,0.0,2.1857731817506616e-08,1.0
5.8500000000000005,0.0,0.0,0.0,0.0,-4.706149483444828e-14,1.6602421281781236e-13,1.1124425420818895e-10,0.0,2.224885084163779e-08,1.0
5.86,0.0,0.0,0.0,0.0,1.5587960682919335e-14,4.4512764392511595e-14,1.1365003575206396e-10,0.0,2.273000715041279e-08,1.0
5.87,0.0,0.0,0.0,0.0,7.679198494565567e-14,1.2632807040984735e-14,1.1386170235760844e-10,0.0,2.2772340471521688e-08,1.0
5.88,0.0,0.0,0.0,0.0,7.804242520730997e-14,-1.094118005772542e-13,1.1621635623331181e-10,0.0,2.3243271246662362e-08,1.0
5.89,0.0,0.0,0.0,0.0,-5.0841051047168816e-15,-1.183577673272644e-14,1.1797894595667015e-10,0.0,2.359578919133403e-08,1.0
5.9,0.0,0.0,0.0,0.0,2.4043131179573408e-14,-1.0894361876495636e-13,1.1831347275519986e-10,0.0,2.3662694551039974e-08,1.0
5.91,0.0,0.0,0.0,0.0,2.4580666348334193e-14,-8.032181959553257e-14,1.1808048289412424e-10,0.0,2.3616096578824847e-08,1.0
5.92,0.0,0.0,0.0,0.0,-3.227440219100554e-14,-1.0612835772478668e-14,1.1926045334297308e-10,0.0,2.3852090668594614e-08,1.0
5.93,0.0,0.0,0.0,0.0,-1.0414747191023792e-14,5.720953460496671e-14,1.1957943663350317e-10,0.0,2.3915887326700635e-08,1.0
5.94,0.0,0.0,0.0,0.0,-7.111315569834466e-14,-1.5857853857455797e-14,1.2076609552482225e-10,0.0,2.415321910496445e-08,1.0
5.95,0.0,0.0,0.0,0.0,1.91471954197949e-14,-5.335570179259738e-15,1.2019977649387261e-10,0.0,2.403995529877452e-08,1.0
5.96,0.0,0.0,0.0,0.0,-3.385630735142164e-14,2.867262296725496e-14,1.184662935236591e-10,0.0,2.3693258704731818e-08,1.0
5.97,0.0,0.0,0.0,0.0,3.1791311556101973e-14,8.720772927223152e-14,1.1851350152599116e-10,0.0,2.370270030519823e-08,1.0
5.98,0.0,0.0,0.0,0.0,6.594660684891984e-14,1.6117667597987167e-13,1.1888460435794447e-10,0.0,2.3776920871588895e-08,1.0
5.99,0.0,0.0,0.0,0.0,-1.5792035123039198e-15,1.0327997721793936e-13,1.1893988026105746e-10,0.0,2.378797605221149e-08,1.0
6.0,0.0,0.0,0.0,0.0,-6.25775966929109e-14,7.488517699718025e-14,1.181224230372254e-10,0.0,2.3624484607445078e-08,1.0
6.01,0.0,0.0,0.0,0.0,-1.4653972670719377e-13,7.348322133103736e-14,1.1816016432240086e-10,0.0,2.363203286448017e-08,1.0
6.0200000000000005,0.0,0.0,0.0,0.0,-1.199607771898127e-13,6.970369295185503e-14,1.1821269534488767e-10,0.0,2.3642539068977533e-08,1.0
6.03,0.0,0.0,0.0,0.0,-9.596017324292502e-14,8.34458630999294e-14,1.1598171222238503e-10,0.0,2.3196342444477007e-08,1.0
6.04,0.0,0.0,0.0,0.0,-1.2262701536130467e-13,5.266801648939918e-14,1.1548616413226723e-10,0.0,2.3097232826453444e-08,1.0
6.05,0.0,0.0,0.0,0.0,-7.792532924181874e-14,2.479082411990222e-13,1.1291171524737401e-10,0.0,2.25823430494748e-08,1.0
6.0600000000000005,0.0,0.0,0.0,0.0,6.924254990279773e-14,1.2178240097754536e-13,1.1160422782753788e-10,0.0,2.2320845565507573e-08,1.0
6.07,0.0,0.0,0.0,0.0,1.0350508895769458e-13,1.8353468838032763e-13,1.1112156561609045e-10,0.0,2.222431312321809e-08,1.0
6.08,0.0,0.0,0.0,0.0,6.228766328515137e-14,1.2540048497356784e-13,1.1081255494193418e-10,0.0,2.2162510988386835e-08,1.0
6.09,0.0,0.0,0.0,0.0,-1.5287379260669067e-14,8.499700662728938e-14,1.0922559089265089e-10,0.0,2.184511817853018e-08,1.0
6.1000000000000005,0.0,0.0,0.0,0.0,-1.0849858681205336e-13,4.925420392361445e-14,1.083890110476004e-10,0.0,2.167780220952008e-08,1.0
6.11,0.0,0.0,0.0,0.0,-4.148775578337719e-14,8.055947869928062e-14,1.0655488651712796e-10,0.0,2.1310977303425592e-08,1.0
6.12,0.0,0.0,0.0,0.0,-5.831427143439908e-14,5.4890472678808546e-14,1.0507261092220579e-10,0.0,2.1014522184441156e-08,1.0
6.13,0.0,0.0,0.0,0.0,1.719697489159064e-14,-7.379386179663992e-15,1.049947008331747e-10,0.0,2.099894016663494e-08,1.0
6.140000000000001,0.0,0.0,0.0,0.0,5.052111532736555e-14,-6.746541148419789e-14,1.0416886135604381e-10,0.0,2.0833772271208763e-08,1.0
6.15,0.0,0.0,0.0,0.0,6.370398858700653e-14,-2.0039874363380335e-13,1.0239530396627755e-10,0.0,2.0479060793255507e-08,1.0
6.16,0.0,0.0,0.0,0.0,4.398822125898442e-14,-1.5927405017457426e-13,9.987979056583242e-11,0.0,1.9975958113166483e-08,1.0
6.17,0.0,0.0,0.0,0.0,1.2415623545325277e-13,-8.124905173086563e-14,9.672788779132121e-11,0.0,1.9345577558264243e-08,1.0
6.18,0.0,0.0,0.0,0.0,7.060898602346543e-14,3.976849712558701e-14,9.495633331496107e-11,0.0,1.8991266662992216e-08,1.0
6.19,0.0,0.0,0.0,0.0,1.8516498636983565e-13,1.2706220257579446e-14,9.409506689407732e-11,0.0,1.8819013378815463e-08,1.0
6.2,0.0,0.0,0.0,0.0,1.7224674191654717e-13,-6.0251190052167835e-15,9.107891928434599e-11,0.0,1.8215783856869196e-08,1.0
6.21,0.0,0.0,0.0,0.0,2.7984228721939576e-15,-1.7363757430776783e-14,8.957249129963998e-11,0.0,1.7914498259927995e-08,1.0
6.22,0.0,0.0,0.0,0.0,7.310054004913849e-14,3.4854159936230384e-14,8.775455575177312e-11,0.0,1.7550911150354622e-08,1.0
6.23,0.0,0.0,0.0,0.0,-1.0268031043606808e-13,7.357730723064323e-14,8.613028183630737e-11,0.0,1.722605636726147e-08,1.0
6.24,0.0,0.0,0.0,0.0,-1.1289779965501957e-13,6.04171735151833e-14,8.431020491936549e-11,0.0,1.6862040983873097e-08,1.0
6.25,0.0,0.0,0.0,0.0,-8.695833812982758e-14,5.274561859080683e-14,8.12900356243915e-11,0.0,1.6258007124878297e-08,1.0
6.26,0.0,0.0,0.0,0.0,-9.79503610935086e-14,4.940998816117558e-14,7.960137658147476e-11,0.0,1.592027531629495e-08,1.0
6.2700000000000005,0.0,0.0,0.0,0.0,3.8067152641795464e-14,2.190496312266463e-13,7.388085420321821e-11,0.0,1.4776170840643643e-08,1.0
6.28,0.0,0.0,0.0,0.0,2.332037729791623e-13,-5.1550572818859193e-14,7.280560106114854e-11,0.0,1.4561120212229709e-08,1.0
6.29,0.0,0.0,0.0,0.0,2.7143147350490884e-13,5.65192823484054e-14,7.397986485409309e-11,0.0,1.4795972970818617e-08,1.0
6.3,0.0,0.0,0.0,0.0,3.5810698629393316e-13,-2.6193007079354386e-13,7.148744103816045e-11,0.0,1.4297488207632088e-08,1.0
6.3100000000000005,0.0,0.0,0.0,0.0,2.353665181145531e-13,-4.65294978896195e-13,6.881082046306625e-11,0.0,1.3762164092613251e-08,1.0
6.32,0.0,0.0,0.0,0.0,2.3918973672865657e-13,-3.3018748128351565e-13,6.66210656906469e-11,0.0,1.3324213138129381e-08,1.0
6.33,0.0,0.0,0.0,0.0,3.3348593726361643e-13,-3.2325406019952245e-13,6.455747634596612e-11,0.0,1.2911495269193223e-08,1.0
6.34,0.0,0.0,0.0,0.0,1.6988509692133748e-13,-2.5382568675990587e-13,6.36169079050204e-11,0.0,1.272338158100408e-08,1.0
6.3500000000000005,0.0,0.0,0.0,0.0,4.123163265688626e-13,-3.77691439546823e-13,5.96251935649098e-11,0.0,1.1925038712981961e-08,1.0
6.36,0.0,0.0,0.0,0.0,2.131993863375029e-13,-2.6762266230360953e-13,5.6426906827474103e-11,0.0,1.128538136549482e-08,1.0
6.37,0.0,0.0,0.0,0.0,1.169424292700228e-13,-1.2611864586134383e-13,5.729951574103567e-11,0.0,1.1459903148207133e-08,1.0
6.38,0.0,0.0,0.0,0.0,-1.6289691586366915e-13,2.1803396223611312e-13,5.4202487355252055e-11,0.0,1.084049747105041e-08,1.0
6.390000000000001,0.0,0.0,0.0,0.0,-6.987971627344317e-13,2.9978108994441134e-13,5.4609115512903464e-11,0.0,1.0921823102580693e-08,1.0
6.4,0.0,0.0,0.0,0.0,-7.322337611300363e-13,4.375612266659968e-13,5.50209414249368e-11,0.0,1.1004188284987361e-08,1.0
6.41,0.0,0.0,0.0,0.0,-7.676157091589933e-13,3.039744582071867e-13,5.371092818782273e-11,0.0,1.0742185637564545e-08,1.0
6.42,0.0,0.0,0.0,0.0,-5.40841034514663e-13,2.1846765766525823e-13,4.722434878458206e-11,0.0,9.444869756916411e-09,1.0
6.43,0.0,0.0,0.0,0.0,-1.9678421739840133e-13,2.4554306937868467e-13,4.06841796626462e-11,0.0,8.13683593252924e-09,1.0
6.44,0.0,0.0,0.0,0.0,1.857901137902494e-13,5.035489687717696e-13,3.657948766452856e-11,0.0,7.315897532905712e-09,1.0
6.45,0.0,0.0,0.0,0.0,3.609513098015534e-13,5.872351041136476e-13,3.557575701238732e-11,0.0,7.1151514024774645e-09,1.0
6.46,0.0,0.0,0.0,0.0,4.644026534622067e-13,1.6839134056156997e-13,3.404075489375967e-11,0.0,6.808150978751934e-09,1.0
6.47,0.0,0.0,0.0,0.0,3.2462871275243303e-13,6.151985057106965e-14,3.040441810846232e-11,0.0,6.0808836216924634e-09,1.0
6.48,0.0,0.0,0.0,0.0,1.727530967931503e-13,4.1191024026139194e-14,2.9889718477468054e-11,0.0,5.977943695493611e-09,1.0
6.49,0.0,0.0,0.0,0.0,1.4066734823389685e-13,1.3296499170404211e-13,3.024207807373022e-11,0.0,6.0484156147460445e-09,1.0
6.5,0.0,0.0,0.0,0.0,-4.748477795394344e-14,1.495186936763329e-13,2.8196983615237598e-11,0.0,5.639396723047519e-09,1.0
6.51,0.0,0.0,0.0,0.0,-1.3527134344309686e-13,4.9971266562126213e-14,2.6017559514522498e-11,0.0,5.2035119029045e-09,1.0
6.5200000000000005,0.0,0.0,0.0,0.0,1.1398123819937226e-14,2.4611211328619582e-14,2.3345520447167972e-11,0.0,4.6691040894335944e-09,1.0
6.53,0.0,0.0,0.0,0.0,7.317513152517469e-14,-1.119880619690466e-13,2.298499878024493e-11,0.0,4.596999756048986e-09,1.0
6.54,0.0,0.0,0.0,0.0,5.388239129401699e-14,-2.6034383255930273e-14,2.3706916123884034e-11,0.0,4.741383224776807e-09,1.0
6.55,0.0,0.0,0.0,0.0,-3.8869539018000635e-14,-7.734309545583722e-14,2.1881415495414223e-11,0.0,4.376283099082844e-09,1.0
6.5600000000000005,0.0,0.0,0.0,0.0,-2.2011159961214769e-13,8.808174088702098e-14,2.1968771788614568e-11,0.0,4.393754357722914e-09,1.0
6.57,0.0,0.0,0.0,0.0,-1.5527133921356231e-13,4.381374749626316e-15,2.2908573595407663e-11,0.0,4.581714719081532e-09,1.0
6.58,0.0,0.0,0.0,0.0,-2.5781728002079477e-13,1.5311707289812284e-13,2.2433346268158215e-11,0.0,4.486669253631643e-09,1.0
6.59,0.0,0.0,0.0,0.0,-3.298056856551813e-13,4.976934307695577e-13,2.335152254630102e-11,0.0,4.670304509260204e-09,1.0
6.6000000000000005,0.0,0.0,0.0,0.0,-3.281621316049429e-13,8.51426102203912e-14,2.182111295085788e-11,0.0,4.364222590171576e-09,1.0
6.61,0.0,0.0,0.0,0.0,-4.564867004795211e-13,2.039018255718343e-13,2.4503169836571936e-11,0.0,4.900633967314387e-09,1.0
6.62,0.0,0.0,0.0,0.0,-3.9345101871618565e-13,-4.027695878811089e-13,2.156046320174003e-11,0.0,4.3120926403480056e-09,1.0
6.63,0.0,0.0,0.0,0.0,-6.404884890867179e-13,-3.2838267684262407e-13,2.1537853868443133e-11,0.0,4.307570773688626e-09,1.0
6.640000000000001,0.0,0.0,0.0,0.0,-5.494359942920165e-13,-5.352027936678447e-13,2.3950215667040856e-11,0.0,4.790043133408171e-09,1.0
6.65,0.0,0.0,0.0,0.0,-4.2736327374293935e-13,-4.758232868701407e-13,1.833068120766732e-11,0.0,3.666136241533464e-09,1.0
6.66,0.0,0.0,0.0,0.0,-7.285909899861078e-13,-4.813108099545793e-13,2.198049659784128e-11,0.0,4.3960993195682556e-09,1.0
6.67,0.0,0.0,0.0,0.0,1.5298875525931498e-13,-7.507901060456916e-13,8.832689293313243e-12,0.0,1.7665378586626487e-09,1.0
6.68,0.0,0.0,0.0,0.0,-3.4122420831949703e-13,-1.0828167939105643e-12,1.640758538209849e-11,0.0,3.281517076419698e-09,1.0
6.69,0.0,0.0,0.0,0.0,4.992072714930084e-13,-1.2643160584633343e-12,1.5994422726824254e-11,0.0,3.1988845453648507e-09,1.0
6.7,0.0,0.0,0.0,0.0,-3.524804924466234e-14,-1.3030790691962965e-12,9.769933206762328e-12,0.0,1.9539866413524656e-09,1.0
6.71,0.0,0.0,0.0,0.0,-1.979000517108315e-13,-8.387862607788354e-13,7.618404327245555e-12,0.0,1.523680865449111e-09,1.0
6.72,0.0,0.0,0.0,0.0,1.1315509638027162e-13,-4.152139687166888e-13,3.736375309504664e-12,0.0,7.472750619009329e-10,1.0
6.73,0.0,0.0,0.0,0.0,-9.19908580550737e-14,7.717878323002642e-14,1.0674824939965563e-11,0.0,2.1349649879931125e-09,1.0
6.74,0.0,0.0,0.0,0.0,1.315266552029797e-13,-2.2167296292823197e-13,7.465358383974172e-12,0.0,1.4930716767948345e-09,1.0
6.75,0.0,0.0,0.0,0.0,-3.305530596810324e-13,6.401053271486567e-13,2.119268843469765e-11,0.0,4.23853768693953e-09,1.0
6.76,0.0,0.0,0.0,0.0,6.151191636517654e-14,1.9671537880694554e-13,2.1714449053961277e-11,0.0,4.342889810792255e-09,1.0
6.7700000000000005,0.0,0.0,0.0,0.0,3.8506030972267986e-13,6.374302953743295e-13,2.7266465203040032e-11,0.0,5.453293040608006e-09,1.0
6.78,0.0,0.0,0.0,0.0,1.2944378457230092e-12,-3.0023789501001674e-13,3.480703897358057e-11,0.0,6.9614077947161146e-09,1.0
6.79,0.0,0.0,0.0,0.0,2.060721849180301e-12,-7.737361766255463e-13,2.5615580122156578e-11,0.0,5.123116024431316e-09,1.0
6.8,0.0,0.0,0.0,0.0,1.825148527976783e-12,-1.6474213322974494e-12,2.4039345133656834e-11,0.0,4.807869026731367e-09,1.0
6.8100000000000005,0.0,0.0,0.0,0.0,2.9652923646768997e-13,-4.878888315407403e-13,2.0746592165497066e-11,0.0,4.149318433099413e-09,1.0
6.82,0.0,0.0,0.0,0.0,-7.947794761989814e-13,9.196428947914836e-14,3.57216166930101e-11,0.0,7.144323338602019e-09,1.0
6.83,0.0,0.0,0.0,0.0,-7.587608919970027e-13,-1.5067244228376718e-13,2.2548158103856e-11,0.0,4.5096316207712e-09,1.0
6.84,0.0,0.0,0.0,0.0,-1.979188745505388e-12,2.2620971229402518e-12,5.0279932244773994e-11,0.0,1.0055986448954798e-08,1.0
6.8500000000000005,0.0,0.0,0.0,0.0,-4.027377776959587e-14,3.3554477054484206e-13,4.400888665360496e-11,0.0,8.801777330720992e-09,1.0
6.86,0.0,0.0,0.0,0.0,1.6474321898843645e-12,4.163223363324377e-12,1.0219007114754066e-10,0.0,2.0438014229508132e-08,1.0
6.87,0.0,0.0,0.0,0.0,1.1138643829246691e-12,1.356106953418363e-12,6.387950389782161e-11,0.0,1.2775900779564322e-08,1.0
6.88,0.0,0.0,0.0,0.0,1.7899199479948495e-12,3.932852678590629e-12,4.4210673415815696e-11,0.0,8.84213468316314e-09,1.0
6.890000000000001,0.0,0.0,0.0,0.0,-1.5137640200477233e-12,3.753974277674802e-13,4.507278309797076e-11,0.0,9.014556619594151e-09,1.0
6.9,0.0,0.0,0.0,0.0,-1.7658042105026167e-12,-9.848948976890765e-13,4.2361364069609144e-11,0.0,8.47227281392183e-09,1.0
6.91,0.0,0.0,0.0,0.0,-9.071188374756191e-13,-5.155541141652924e-13,4.0100934614019134e-11,0.0,8.020186922803826e-09,1.0
6.92,0.0,0.0,0.0,0.0,-1.1389412474107156e-12,-4.671528292841539e-13,4.0426825447270954e-11,0.0,8.08536508945419e-09,1.0
6.93,0.0,0.0,0.0,0.0,-3.685579482440115e-13,-2.980030679661852e-13,3.858167288345759e-11,0.0,7.716334576691518e-09,1.0
6.94,0.0,0.0,0.0,0.0,1.5503018517255958e-13,-6.232765542326676e-14,3.989748126423311e-11,0.0,7.979496252846621e-09,1.0
6.95,0.0,0.0,0.0,0.0,1.9543131149369304e-13,6.959224621944812e-14,4.394874649557184e-11,0.0,8.789749299114368e-09,1.0
6.96,0.0,0.0,0.0,0.0,7.367973843256661e-13,-2.4175396579544815e-13,3.176098960194947e-11,0.0,6.3521979203898935e-09,1.0
6.97,0.0,0.0,0.0,0.0,9.109253875948105e-13,-4.132607423985425e-13,2.682258149012807e-11,0.0,5.364516298025613e-09,1.0
6.98,0.0,0.0,0.0,0.0,1.1373255474555373e-12,-1.464757777733316e-12,3.168643392364846e-11,0.0,6.337286784729692e-09,1.0
6.99,0.0,0.0,0.0,0.0,1.0368747113426662e-12,-1.9712620091869488e-12,2.7484514060369615e-11,0.0,5.496902812073923e-09,1.0
7.0,0.0,0.0,0.0,0.0,8.029658933503991e-13,-1.3107264464534894e-12,2.206543379991037e-11,0.0,4.413086759982074e-09,1.0
7.01,0.0,0.0,0.0,0.0,2.0116926137992623e-13,-7.544404619404689e-13,2.7601155393408406e-11,0.0,5.520231078681681e-09,1.0
7.0200000000000005,0.0,0.0,0.0,0.0,-5.605954028763882e-13,-3.042993498304826e-13,2.3985758068831027e-11,0.0,4.7971516137662055e-09,1.0
7.03,0.0,0.0,0.0,0.0,-6.842879564316149e-13,7.820616804035305e-13,3.062699794390603e-11,0.0,6.125399588781205e-09,1.0
7.04,0.0,0.0,0.0,0.0,-9.70766008223003e-13,8.305149593817381e-13,3.7204526599912765e-11,0.0,7.440905319982553e-09,1.0
7.05,0.0,0.0,0.0,0.0,-8.940400965051612e-13,1.2033436634376477e-12,3.854843289238255e-11,0.0,7.70968657847651e-09,1.0
7.0600000000000005,0.0,0.0,0.0,0.0,-5.867905071156634e-13,1.4838839540107255e-12,4.288045490224818e-11,0.0,8.576090980449635e-09,1.0
7.07,0.0,0.0,0.0,0.0,-6.617207331224226e-13,1.4727601140567436e-12,5.062245541111887e-11,0.0,1.0124491082223774e-08,1.0
7.08,0.0,0.0,0.0,0.0,-9.479390675101693e-13,1.5347222977619003e-12,5.156177999549982e-11,0.0,1.0312355999099964e-08,1.0
7.09,0.0,0.0,0.0,0.0,-3.637434860966712e-13,1.484209189217297e-12,4.584513736367373e-11,0.0,9.169027472734745e-09,1.0
7.1000000000000005,0.0,0.0,0.0,0.0,-3.0349446521139677e-13,1.04913526322966e-12,4.47484791647806e-11,0.0,8.949695832956121e-09,1.0
7.11,0.0,0.0,0.0,0.0,1.057150053139384e-12,1.5008261980280538e-13,4.276581888361933e-11,0.0,8.553163776723865e-09,1.0
7.12,0.0,0.0,0.0,0.0,8.657457402289278e-13,5.733055808109862e-14,4.099143935156662e-11,0.0,8.198287870313324e-09,1.0
7.13,0.0,0.0,0.0,0.0,6.818928136781595e-13,-3.6030150283982034e-13,3.043874699012422e-11,0.0,6.087749398024844e-09,1.0
7.140000000000001,0.0,0.0,0.0,0.0,6.540447172335221e-13,-3.348021851437116e-13,3.247975561458758e-11,0.0,6.495951122917515e-09,1.0
7.15,0.0,0.0,0.0,0.0,-4.408190182357523e-14,-5.987036002956491e-13,3.2741234516597844e-11,0.0,6.548246903319569e-09,1.0
7.16,0.0,0.0,0.0,0.0,5.125941544741647e-13,-3.9585710349301463e-13,3.0390137233514256e-11,0.0,6.078027446702851e-09,1.0
7.17,0.0,0.0,0.0,0.0,3.632579317276744e-13,-1.6463464532285115e-13,3.0057151894506136e-11,0.0,6.011430378901227e-09,1.0
7.18,0.0,0.0,0.0,0.0,1.833795102771371e-13,-1.1404375763610453e-13,3.060721762446051e-11,0.0,6.121443524892101e-09,1.0
7.19,0.0,0.0,0.0,0.0,-1.0506442115385462e-13,1.69005578054052e-13,2.903573869734978e-11,0.0,5.807147739469956e-09,1.0
7.2,0.0,0.0,0.0,0.0,-1.2520219580626126e-13,1.8949819940915045e-13,2.5680470009807317e-11,0.0,5.1360940019614634e-09,1.0
7.21,0.0,0.0,0.0,0.0,-1.7288298591829435e-13,9.380936118516849e-14,2.4240198317426304e-11,0.0,4.848039663485261e-09,1.0
7.22,0.0,0.0,0.0,0.0,-7.349797900368063e-14,-1.5094067529815784e-13,2.225964023395637e-11,0.0,4.451928046791274e-09,1.0
7.23,0.0,0.0,0.0,0.0,-3.546461079123311e-14,-1.3791296972442905e-13,2.121448358221889e-11,0.0,4.242896716443778e-09,1.0
7.24,0.0,0.0,0.0,0.0,2.6706470439918033e-14,-1.9856435287882734e-13,2.0709023314349157e-11,0.0,4.1418046628698316e-09,1.0
7.25,0.0,0.0,0.0,0.0,3.581090169654149e-13,-3.218195934543194e-13,2.198491247240467e-11,0.0,4.396982494480934e-09,1.0
7.26,0.0,0.0,0.0,0.0,3.719491912214158e-13,-4.4932553554144716e-13,2.0129550640213006e-11,0.0,4.025910128042601e-09,1.0
7.2700000000000005,0.0,0.0,0.0,0.0,6.484385244590032e-13,-6.049953699982146e-13,1.929954754604839e-11,0.0,3.859909509209678e-09,1.0
7.28,0.0,0.0,0.0,0.0,5.109175683216423e-13,-7.035055072380935e-13,1.970699945886412e-11,0.0,3.941399891772824e-09,1.0
7.29,0.0,0.0,0.0,0.0,3.2539587451334507e-13,-3.4393364609442056e-13,1.907943173911619e-11,0.0,3.815886347823238e-09,1.0
7.3,0.0,0.0,0.0,0.0,4.183818583713004e-13,-1.8849307709473354e-13,2.1733916473910553e-11,0.0,4.34678329478211e-09,1.0
7.3100000000000005,0.0,0.0,0.0,0.0,2.5194443334173935e-13,-1.57591936336161e-13,1.806887154052593e-11,0.0,3.613774308105186e-09,1.0
7.32,0.0,0.0,0.0,0.0,3.7057830499926036e-13,-3.5154047384024533e-13,1.5752447036114774e-11,0.0,3.150489407222955e-09,1.0
7.33,0.0,0.0,0.0,0.0,7.457929454625945e-14,-3.501954477391138e-13,1.6407149646573907e-11,0.0,3.2814299293147816e-09,1.0
7.34,0.0,0.0,0.0,0.0,3.083843132325562e-13,-9.23111039631591e-13,2.679916386009155e-11,0.0,5.35983277201831e-09,1.0
7.3500000000000005,0.0,0.0,0.0,0.0,3.0261701322076706e-13,-5.131688594407525e-13,1.932144177800807e-11,0.0,3.864288355601613e-09,1.0
7.36,0.0,0.0,0.0,0.0,9.711440825661306e-13,-1.3957019149938499e-12,2.4821726092858587e-11,0.0,4.9643452185717175e-09,1.0
7.37,0.0,0.0,0.0,0.0,7.41241967096704e-14,7.176375950295892e-13,2.408397569026907e-11,0.0,4.816795138053814e-09,1.0
7.38,0.0,0.0,0.0,0.0,2.6824149573409194e-13,7.568185021429369e-14,2.2411571261642203e-11,0.0,4.482314252328441e-09,1.0
7.390000000000001,0.0,0.0,0.0,0.0,-4.1115301453223937e-13,1.8043332218325256e-12,1.8949309888279402e-11,0.0,3.789861977655881e-09,1.0
7.4,0.0,0.0,0.0,0.0,2.924883834884532e-14,1.0334480957358566e-12,2.5492721763510706e-11,0.0,5.098544352702141e-09,1.0
7.41,0.0,0.0,0.0,0.0,3.282634991968889e-13,1.289143096594783e-13,1.861633134017611e-11,0.0,3.7232662680352217e-09,1.0
7.42,0.0,0.0,0.0,0.0,8.603828480823889e-13,5.584110907900653e-13,2.8977579142473742e-11,0.0,5.795515828494748e-09,1.0
7.43,0.0,0.0,0.0,0.0,1.4616597710479027e-13,1.255074853410147e-13,2.3441194004014446e-11,0.0,4.688238800802889e-09,1.0
7.44,0.0,0.0,0.0,0.0,4.263915249595087e-13,1.2020915494963125e-12,2.9389879958199465e-11,0.0,5.877975991639893e-09,1.0
7.45,0.0,0.0,0.0,0.0,3.562526557271713e-13,7.147549182258328e-13,3.4807036669886877e-11,0.0,6.961407333977375e-09,1.0
7.46,0.0,0.0,0.0,0.0,8.769844283375991e-13,8.00898553397345e-13,3.011816369437285e-11,0.0,6.02363273887457e-09,1.0
7.47,0.0,0.0,0.0,0.0,6.321926174494806e-13,8.305077211791548e-13,2.7422453607120476e-11,0.0,5.484490721424095e-09,1.0
7.48,0.0,0.0,0.0,0.0,-2.9722857906166206e-13,1.1006463084421658e-12,3.245938180715529e-11,0.0,6.491876361431058e-09,1.0
7.49,0.0,0.0,0.0,0.0,-8.057883629634463e-13,5.503346688858662e-13,1.906394016890335e-11,0.0,3.81278803378067e-09,1.0
7.5,0.0,0.0,0.0,0.0,-8.152856853651588e-13,1.1425931007677858e-12,3.5213715385056413e-11,0.0,7.042743077011282e-09,1.0
7.51,0.0,0.0,0.0,0.0,-6.530427017937961e-13,-1.357277005417166e-13,2.425037090491419e-11,0.0,4.850074180982838e-09,1.0
7.5200000000000005,0.0,0.0,0.0,0.0,-1.1468017369193902e-12,5.420305503813037e-13,9.022776508347112e-12,0.0,1.8045553016694223e-09,1.0
7.53,0.0,0.0,0.0,0.0,-1.729575136524933e-13,-7.636136134610288e-13,9.520043212610636e-12,0.0,1.904008642522127e-09,1.0
7.54,0.0,0.0,0.0,0.0,7.084395626883959e-13,-1.2082669008972746e-12,9.038133796774261e-12,0.0,1.8076267593548522e-09,1.0
7.55,0.0,0.0,0.0,0.0,7.580464391089056e-13,-1.2860836334253226e-12,4.9463188723746265e-12,0.0,9.892637744749253e-10,1.0
7.5600000000000005,0.0,0.0,0.0,0.0,3.1427984436925734e-13,-8.167632426585126e-13,1.9631529101868704e-12,0.0,3.926305820373741e-10,1.0
7.57,0.0,0.0,0.0,0.0,7.164784319399601e-14,1.7793989288827996e-13,8.203648960157247e-12,0.0,1.6407297920314494e-09,1.0
7.58,0.0,0.0,0.0,0.0,8.712395992581528e-13,-2.408613032511976e-13,1.8529125447634975e-11,0.0,3.705825089526995e-09,1.0
7.59,0.0,0.0,0.0,0.0,6.010119446235047e-13,-3.6780836938071617e-13,1.6380316166476597e-11,0.0,3.2760632332953193e-09,1.0
7.6000000000000005,0.0,0.0,0.0,0.0,8.492079384879915e-13,-8.428025297647453e-13,8.04989932467335e-12,0.0,1.60997986493467e-09,1.0
7.61,0.0,0.0,0.0,0.0,-5.158302990321387e-13,-1.0570778009254117e-12,1.809081781754652e-11,0.0,3.618163563509304e-09,1.0
7.62,0.0,0.0,0.0,0.0,-4.776071066221103e-13,2.784503578541119e-14,1.6597616490111363e-11,0.0,3.3195232980222723e-09,1.0
7.63,0.0,0.0,0.0,0.0,-7.955993303557629e-13,-1.634363898247077e-13,2.076978363983419e-11,0.0,4.153956727966837e-09,1.0
7.640000000000001,0.0,0.0,0.0,0.0,-1.2213965670078505e-12,4.832287782472391e-13,1.2235086841015207e-11,0.0,2.4470173682030413e-09,1.0
7.65,0.0,0.0,0.0,0.0,-1.146360137095558e-12,1.3275929225013027e-12,1.5108227422100096e-11,0.0,3.0216454844200193e-09,1.0
7.66,0.0,0.0,0.0,0.0,-4.861323144320023e-13,4.024416251981442e-13,2.148388099676214e-11,0.0,4.2967761993524286e-09,1.0
7.67,0.0,0.0,0.0,0.0,-5.487505454309078e-14,9.317504224786753e-13,8.085645570386171e-12,0.0,1.6171291140772342e-09,1.0
7.68,0.0,0.0,0.0,0.0,-4.217831630674629e-13,1.4109177311786855e-13,4.136642627123351e-12,0.0,8.273285254246702e-10,1.0
7.69,0.0,0.0,0.0,0.0,6.411595984782264e-13,4.715975734830693e-13,7.295444744143198e-12,0.0,1.4590889488286397e-09,1.0
7.7,0.0,0.0,0.0,0.0,4.197320391473581e-13,7.334438421799256e-14,7.74063727994628e-12,0.0,1.5481274559892557e-09,1.0
7.71,0.0,0.0,0.0,0.0,5.241555401626276e-14,3.52503365989501e-13,8.401367039702141e-12,0.0,1.6802734079404283e-09,1.0
7.72,0.0,0.0,0.0,0.0,-7.064087015731222e-14,9.032893209541844e-14,6.7675893690022466e-12,0.0,1.3535178738004492e-09,1.0
7.73,0.0,0.0,0.0,0.0,-3.457253585270909e-13,1.7364282279076767e-13,1.233659626587981e-11,0.0,2.467319253175962e-09,1.0
7.74,0.0,0.0,0.0,0.0,-9.793153825398045e-14,5.427017133261612e-14,8.803375057883196e-12,0.0,1.760675011576639e-09,1.0
7.75,0.0,0.0,0.0,0.0,-5.944706205440868e-13,1.8959282961194898e-13,1.1079468635023871e-11,0.0,2.215893727004774e-09,1.0
7.76,0.0,0.0,0.0,0.0,-1.5090489081466946e-13,1.3287359821200597e-13,8.669266500905188e-12,0.0,1.7338533001810376e-09,1.0
7.7700000000000005,0.0,0.0,0.0,0.0,-1.9567692238341893e-13,-6.862424202456461e-14,5.502227590186876e-12,0.0,1.1004455180373752e-09,1.0
7.78,0.0,0.0,0.0,0.0,1.9719193089730248e-13,-1.4105125169904032e-13,7.422347836749751e-12,0.0,1.4844695673499502e-09,1.0
7.79,0.0,0.0,0.0,0.0,4.2319022962619626e-13,-1.7297049589615075e-13,6.863222004432509e-12,0.0,1.3726444008865018e-09,1.0
7.8,0.0,0.0,0.0,0.0,6.473159272851395e-13,-4.318110747839057e-13,7.708106754234106e-12,0.0,1.541621350846821e-09,1.0
7.8100000000000005,0.0,0.0,0.0,0.0,4.439590462287462e-13,-2.2984581564534916e-13,8.718477863027146e-12,0.0,1.7436955726054293e-09,1.0
7.82,0.0,0.0,0.0,0.0,2.4800280796540695e-13,-4.1196852601992376e-13,1.4411100578384114e-11,0.0,2.8822201156768225e-09,1.0
7.83,0.0,0.0,0.0,0.0,3.349066465150437e-14,-3.762215460855411e-13,1.3979219679509147e-11,0.0,2.795843935901829e-09,1.0
7.84,0.0,0.0,0.0,0.0,4.3899404454727466e-14,-6.348322936324896e-13,1.3564516683568863e-11,0.0,2.7129033367137723e-09,1.0
7.8500000000000005,0.0,0.0,0.0,0.0,-2.928612248805142e-13,-2.6083672986782553e-13,1.0036601575751129e-11,0.0,2.007320315150226e-09,1.0
7.86,0.0,0.0,0.0,0.0,-8.514229923629267e-15,-1.2998876478658076e-13,1.0275548970524803e-11,0.0,2.0551097941049608e-09,1.0
7.87,0.0,0.0,0.0,0.0,-2.8293268066732125e-13,1.206661537070988e-13,1.1484176455123147e-11,0.0,2.2968352910246295e-09,1.0
7.88,0.0,0.0,0.0,0.0,-8.074377454502644e-14,-2.03158413413849e-13,1.5907969679812487e-11,0.0,3.1815939359624973e-09,1.0
7.890000000000001,0.0,0.0,0.0,0.0,3.341243625142951e-14,-2.531403648537193e-13,1.4666433932168646e-11,0.0,2.933286786433729e-09,1.0
7.9,0.0,0.0,0.0,0.0,3.4406706808263e-14,-4.808362084529745e-13,1.2890761970009892e-11,0.0,2.5781523940019783e-09,1.0
7.91,0.0,0.0,0.0,0.0,6.740384482297236e-14,-4.3800456291933863e-13,1.9121037995044105e-11,0.0,3.824207599008821e-09,1.0
7.92,0.0,0.0,0.0,0.0,1.7941939566500408e-13,-3.006127464800855e-13,1.9788841592857196e-11,0.0,3.957768318571439e-09,1.0
7.930000000000001,0.0,0.0,0.0,0.0,2.482879565702248e-13,-6.247664750189868e-13,1.7658657667257417e-11,0.0,3.5317315334514832e-09,1.0
7.94,0.0,0.0,0.0,0.0,2.5311969829936688e-14,-4.923826797529056e-13,1.582734229133219e-11,0.0,3.165468458266438e-09,1.0
7.95,0.0,0.0,0.0,0.0,1.226418647367137e-13,-2.334424992433109e-13,1.6268308195392955e-11,0.0,3.2536616390785907e-09,1.0
7.96,0.0,0.0,0.0,0.0,2.4944653534751906e-13,-2.0806979331325972e-13,1.958107830236698e-11,0.0,3.916215660473396e-09,1.0
7.97,0.0,0.0,0.0,0.0,2.6057021529378524e-13,-1.6932916063463453e-13,1.6343019442220966e-11,0.0,3.268603888444193e-09,1.0
7.98,0.0,0.0,0.0,0.0,6.298841138816956e-13,-1.9980227635252367e-13,1.4977714238006343e-11,0.0,2.9955428476012687e-09,1.0
7.99,0.0,0.0,0.0,0.0,4.807653933914504e-13,-1.5020292588689724e-13,1.936529747071656e-11,0.0,3.8730594941433116e-09,1.0
8.0,0.0,0.0,0.0,0.0,5.058259934307587e-13,-1.4742752367238574e-13,2.0776537325509852e-11,0.0,4.155307465101971e-09,1.0
8.01,0.0,0.0,0.0,0.0,9.602202443604852e-05,-2.983632716631516e-13,0.002762311054664001,0.0,0.5524622109328002,1.0
8.02,0.0,0.0,0.0,0.0,0.00018860171329782775,-2.3964090853016324e-13,0.005353281575092083,0.0,1.0706563150184165,1.0
8.03,0.0,0.0,0.0,0.0,0.00043670665395210257,1.3864421402676673e-13,0.007612463281770302,0.0,1.5224926563540604,1.0
8.040000000000001,0.0,0.0,0.0,0.0,0.0005829287859458157,7.427571955379688e-14,0.009559817429601773,0.0,1.9119634859203545,1.0
8.05,1.0,0.0,0.0,0.0,0.0006585875690567357,1.0668113336982029e-13,0.011221035088923047,1.0,2.244207017784609,1.0
8.06,1.0,0.1,-4.195751e-05,-1.0659415455849205e-14,0.0006953020506737792,1.1857709709783331e-13,0.012613274563510607,1.0,2.522654912702121,1.0
8.07,1.0,0.2,-8.391502e-05,-2.8284106746356158e-14,0.0007028523657337853,1.5731853617487907e-13,0.013581255916687102,1.0,2.71625118333742,1.0
8.08,1.0,0.30000000000000004,-0.00012587253000000001,-4.7824982238193424e-14,0.0007426470983854964,1.773376656549699e-13,0.014120066409246058,1.0,2.8240132818492114,1.0
8.09,1.0,0.4,-0.00016783004,-6.903982130378372e-14,0.0007507227112495793,1.9200259217459183e-13,0.014275078482623759,1.0,2.8550156965247515,1.0
8.1,1.0,0.5,-0.00020978755,-7.089125236508356e-14,0.00074066306259818,1.577211986885979e-13,0.014091358547946194,1.0,2.8182717095892387,1.0
8.11,1.0,0.6,-0.00025174506,-8.309823171394184e-14,0.0007233311450460375,1.5406640779092218e-13,0.013609307034276888,1.0,2.7218614068553775,1.0
8.120000000000001,1.0,0.7,-0.00029370256999999996,-2.7792021256781125e-14,0.0007037373831805666,4.416614744776815e-14,0.012866347517400165,1.0,2.573269503480033,1.0
8.13,1.0,0.7999999999999999,-0.0003295328,-7.059310598814157e-14,0.0006842985994770557,9.816117049129771e-14,0.01189776587929132,1.0,2.379553175858264,1.0
8.14,1.0,0.8999999999999999,-0.0003295328,1.6755171941334896e-14,0.0006671878160513804,-2.0709699830974243e-14,0.01076159568314396,1.0,2.152319136628792,1.0
8.15,1.0,0.9999999999999999,-0.0003295328,-1.340369361383911e-13,0.0006506732118373084,1.4910490032975152e-13,0.009637435179944323,1.0,1.9274870359888645,1.0
8.16,1.0,1.0,-0.0003295328,3.2908266027432674e-15,0.0006005760670217551,-3.660769835099123e-15,0.008568102853122598,1.0,1.7136205706245196,1.0
8.17,1.0,1.0,-0.0003295328,-1.9406608535021937e-13,0.0005752314671098721,2.1588231682387398e-13,0.0075523654426632725,1.0,1.5104730885326545,1.0
8.18,1.0,1.0,-0.0003295328,-2.237426600866284e-15,0.0005650333303000559,2.488950284366784e-15,0.006588036340221742,1.0,1.3176072680443482,1.0
8.19,1.0,1.0,-0.0003295328,-1.7313956241557303e-13,0.0005620892707381719,1.9260330727387133e-13,0.005674963113291385,1.0,1.134992622658277,1.0
8.2,1.0,1.0,-0.0003295328,7.292911393786709e-14,0.0005628757300978107,-8.112755019717425e-14,0.004813139176527627,1.0,0.9626278353055253,1.0
8.21,1.0,1.0,-0.0003295328,-7.046851169242118e-14,0.0005656179688437865,7.839033564178061e-14,0.004001845210953113,1.0,0.8003690421906225,1.0
8.22,1.0,1.0,-0.0003295328,3.0426374363227247e-13,0.0005692461765318282,-3.3846801094741595e-13,0.0032396825645523916,1.0,0.6479365129104783,1.0
8.23,1.0,1.0,-0.0003295328,2.225762114200526e-13,0.00057309991848571,-2.4759745168522325e-13,0.0025247943816350295,1.0,0.5049588763270059,1.0
8.24,1.0,1.0,-0.0003295328,8.639346967804853e-13,0.0005768120366564007,-9.610552178085217e-13,0.0018550748966557793,1.0,0.37101497933115585,1.0
8.25,1.0,1.0,-0.0003295328,5.913322402179227e-13,0.0005801879987183264,-6.578077452354424e-13,0.0012282576495251352,1.0,0.24565152990502703,1.0
8.26,1.0,1.0,-0.0003295328,1.3666204544632664e-12,0.0004871281335945896,-1.5202511525700336e-12,0.0021195835585213142,1.0,0.4239167117042628,1.0
8.27,1.0,1.0,-0.0003295328,3.6950518329238825e-13,0.0003970854771912256,-4.110436653763356e-13,0.005257461946555891,1.0,1.051492389311178,1.0
8.28,1.0,1.0,-0.00028757529,9.473526403516158e-13,0.00015111515945384786,-1.053850715230547e-12,0.008027246510136303,1.0,1.6054493020272607,1.0
8.290000000000001,1.0,1.0,-0.00024561778000000003,-6.69238806478965e-13,1.2876916893812763e-05,7.444722955605281e-13,0.010280584516963464,1.0,2.056116903392693,1.0
8.3,1.0,1.0,-0.00020366027000000004,3.8419761748399034e-13,-0.00010113124293633144,-4.2738777170146376e-13,0.012023867171839852,1.0,2.4047734343679705,1.0
8.31,1.0,1.0,-0.00016170276000000006,-1.4547995194566483e-12,-0.00015246342700142918,1.6183430000547737e-12,0.013303533194559763,1.0,2.6607066389119525,1.0
8.32,1.0,1.0,-0.00011974525000000006,6.108194043142171e-13,-0.0001666537597836003,-6.794855882539329e-13,0.014163016063099101,1.0,2.83260321261982,1.0
8.33,1.0,1.0,-7.778774000000006e-05,-1.524711217164371e-12,-0.00016122985741528519,1.696113926628557e-12,0.014642381504636271,1.0,2.928476300927254,1.0
8.34,1.0,1.0,-3.583023000000006e-05,1.5689358711321576e-12,-0.00014576060359311775,-1.7453101617258454e-12,0.014780450951160224,1.0,2.956090190232045,1.0
8.35,1.0,1.0,6.1272799999999425e-06,-1.4984368697366514e-12,-0.00012585237453913744,1.6668859088350552e-12,0.01461518162900595,1.0,2.9230363258011898,1.0
8.36,1.0,1.0,4.808478999999994e-05,2.666980453746954e-12,-0.00010489007589763944,-2.9667930810262425e-12,0.014183149771962916,1.0,2.836629954392583,1.0
8.370000000000001,1.0,1.0,7.624244800041585e-05,-2.031703669666374e-12,-8.48133577020953e-05,2.2601006997982807e-12,0.01351906315880437,1.0,2.703812631760874,1.0
8.38,1.0,1.0,6.172519843056889e-05,3.660071556817769e-12,-6.866412964200856e-05,-4.071524017197836e-12,0.012711534686261535,1.0,2.542306937252307,1.0
8.39,1.0,1.0,4.1336314192742934e-05,-3.4297307790374106e-12,-4.598319825323792e-05,3.815289133722454e-12,0.011971356595740083,1.0,2.3942713191480167,1.0
8.4,1.0,1.0,-6.211958072570658e-07,4.440533278656728e-12,1.2396615965415319e-05,-4.939722519779492e-12,0.011363196394670275,1.0,2.272639278934055,1.0
8.41,1.0,1.0,-3.836366404062137e-05,-5.603920087664582e-12,4.267637315400056e-05,6.2338932103342364e-12,0.010966768403724875,1.0,2.1933536807449747,1.0
8.42,1.0,1.0,-6.766550857386441e-05,5.829820072823272e-12,7.527222870307177e-05,-6.48518808279239e-12,0.01076136998148794,1.0,2.1522739962975876,1.0
8.43,1.0,1.0,-7.324758684926464e-05,-8.015082385207098e-12,8.14818247208968e-05,8.91610995156694e-12,0.010685266423105405,1.0,2.1370532846210812,1.0
8.44,1.0,1.0,-6.459478693888847e-05,8.555530938123389e-12,7.185630726742535e-05,-9.517313843102782e-12,0.010617114179841111,1.0,2.1234228359682223,1.0
8.45,0.0,1.0,-3.5165331955056826e-05,-1.0792322931615632e-11,3.911849574663302e-05,1.2005558179751128e-11,0.010474116064014173,0.0,2.0948232128028343,1.0
8.46,0.0,0.9,0.0,0.0,8.806703506781062e-06,-1.4098576161293953e-11,0.010167774030245292,0.0,2.0335548060490583,1.0
8.47,0.0,0.8,0.0,0.0,-2.6056408181930878e-05,1.4503347975788506e-11,0.009675823531699325,0.0,1.935164706339865,1.0
8.48,0.0,0.7000000000000001,0.0,0.0,-5.1046171898874176e-05,-4.111831519685986e-12,0.009160925885566797,0.0,1.8321851771133595,1.0
8.49,0.0,0.6000000000000001,0.0,0.0,-2.2356044870429896e-05,-2.8431045029804534e-12,0.008665009702126678,0.0,1.7330019404253354,1.0
8.5,0.0,0.5000000000000001,0.0,0.0,-6.310242516774856e-06,-1.1606122812797443e-12,0.008185956758832772,0.0,1.6371913517665544,1.0
8.51,0.0,0.40000000000000013,0.0,0.0,1.0417152069205148e-06,-4.114423283681996e-13,0.00772035225587181,0.0,1.544070451174362,1.0
8.52,0.0,0.30000000000000016,0.0,0.0,4.677340661660274e-06,-8.73857916410496e-14,0.007267466226781814,0.0,1.4534932453563627,1.0
8.53,0.0,0.20000000000000015,0.0,0.0,6.438951956768352e-06,4.0327172807051967e-13,0.006827559435534069,0.0,1.365511887106814,1.0
8.540000000000001,0.0,0.10000000000000014,0.0,0.0,7.075700328159887e-06,3.871621211943533e-13,0.006400858238484955,0.0,1.2801716476969909,1.0
8.55,0.0,1.3877787807814457e-16,0.0,0.0,7.037109383204358e-06,4.808792696606899e-13,0.005987385944690284,0.0,1.1974771889380567,1.0
8.56,0.0,0.0,0.0,0.0,6.628791220143052e-06,4.784939885110371e-13,0.005586986310524336,0.0,1.1173972621048671,1.0
8.57,0.0,0.0,0.0,0.0,6.05017273264779e-06,6.616864536774124e-13,0.005199406210652799,0.0,1.0398812421305599,1.0
8.58,0.0,0.0,0.0,0.0,5.423775926573836e-06,4.781453432337041e-13,0.004824324832575796,0.0,0.9648649665151592,1.0
8.59,0.0,0.0,0.0,0.0,4.815978154551003e-06,4.426549311107482e-13,0.0044613909355641045,0.0,0.8922781871128209,1.0
8.6,0.0,0.0,0.0,0.0,4.2619116982848924e-06,1.7609234689916757e-13,0.004110235815091685,0.0,0.822047163018337,1.0
8.61,0.0,0.0,0.0,0.0,3.776279706542364e-06,-6.613730772251419e-14,0.003770488792788053,0.0,0.7540977585576105,1.0
8.620000000000001,0.0,0.0,0.0,0.0,3.361701805356146e-06,-8.790643001048832e-14,0.0034417892675611458,0.0,0.6883578535122291,1.0
8.63,0.0,0.0,0.0,0.0,3.014094742487034e-06,-4.13792072423473e-13,0.003123783218759602,0.0,0.6247566437519204,1.0
8.64,0.0,0.0,0.0,0.0,2.7272625000824477e-06,-3.3406524216584693e-13,0.002816145303741198,0.0,0.5632290607482395,1.0
8.65,0.0,0.0,0.0,0.0,2.492042164588128e-06,-4.2964838996775343e-13,0.0025185644869303823,0.0,0.5037128973860765,1.0
8.66,0.0,0.0,0.0,0.0,2.300911299879215e-06,-2.815937723680196e-13,0.0022307517613730683,0.0,0.44615035227461364,1.0
8.67,0.0,0.0,0.0,0.0,2.146627437771355e-06,-2.688157520385128e-13,0.0019524382769554767,0.0,0.3904876553910953,1.0
8.68,0.0,0.0,0.0,0.0,2.0220667130677977e-06,-4.0059497729062453e-13,0.001683377420607743,0.0,0.33667548412154863,1.0
8.69,0.0,0.0,0.0,0.0,1.921559156498966e-06,-9.153335568659042e-13,0.0014233409770064399,0.0,0.28466819540128796,1.0
8.700000000000001,0.0,0.0,0.0,0.0,1.8403747542205376e-06,-4.611259212969783e-13,0.0011721183681639438,0.0,0.23442367363278874,1.0
8.71,0.0,0.0,0.0,0.0,1.7745541678726796e-06,-7.821558789463292e-13,0.0009295152926559817,0.0,0.18590305853119635,1.0
8.72,0.0,0.0,0.0,0.0,1.720830323315157e-06,-6.089164795866928e-13,0.0006953521025297763,0.0,0.13907042050595525,1.0
8.73,0.0,0.0,0.0,0.0,1.6765456237535306e-06,-8.664503992161426e-13,0.00046946209243272193,0.0,0.09389241848654438,1.0
8.74,0.0,0.0,0.0,0.0,1.639551093087894e-06,-8.839839873601391e-13,0.0002516899840709607,0.0,0.05033799681419214,1.0
8.75,0.0,0.0,0.0,0.0,1.6081250335566577e-06,1.4954039458137752e-13,4.1890420097484333e-05,0.0,0.008378084019496867,1.0
8.76,0.0,0.0,0.0,0.0,1.5808796455251538e-06,3.209305658978094e-13,0.00016007314107634228,0.0,0.03201462821526846,1.0
8.77,0.0,0.0,0.0,0.0,1.5562226243264697e-06,7.806071975370279e-13,0.0003543310259043557,0.0,0.07086620518087114,1.0
8.78,0.0,0.0,0.0,0.0,1.5338167558728297e-06,6.313701650512365e-14,0.0005410057744381886,0.0,0.10820115488763772,1.0
8.790000000000001,0.0,0.0,0.0,0.0,1.5137994695248651e-06,-2.2683596021459853e-13,0.000720217732612238,0.0,0.1440435465224476,1.0
8.8,0.0,0.0,0.0,0.0,1.4940473761542705e-06,-4.252545311026877e-13,0.0008920790591776256,0.0,0.17841581183552513,1.0
8.81,0.0,0.0,0.0,0.0,1.4754096239503398e-06,1.5846634643628927e-13,0.0010566972672914035,0.0,0.2113394534582807,1.0
8.82,0.0,0.0,0.0,0.0,1.4556870404146149e-06,-5.586982329651984e-13,0.0012141941664127122,0.0,0.24283883328254244,1.0
8.83,0.0,0.0,0.0,0.0,1.4388257407700066e-06,-5.853318318424315e-13,0.0013646703816557336,0.0,0.2729340763311467,1.0
8.84,0.0,0.0,0.0,0.0,1.421542824834099e-06,-1.9760171544930527e-13,0.0015082264671118857,0.0,0.3016452934223771,1.0
8.85,0.0,0.0,0.0,0.0,1.4020994985638742e-06,1.0198565949772353e-13,0.0016449717701864381,0.0,0.3289943540372876,1.0
8.86,0.0,0.0,0.0,0.0,1.38251823700877e-06,2.1920288194294417e-13,0.0017750022046947732,0.0,0.3550004409389546,1.0
8.870000000000001,0.0,0.0,0.0,0.0,1.36240658656765e-06,5.435954797397089e-13,0.0018984417836396092,0.0,0.37968835672792184,1.0
8.88,0.0,0.0,0.0,0.0,1.342538909934378e-06,-2.1660494868660815e-13,0.0020153871278575483,0.0,0.40307742557150966,1.0
8.89,0.0,0.0,0.0,0.0,1.321694855469823e-06,6.55105414334048e-14,0.002125943174262608,0.0,0.4251886348525216,1.0
8.9,0.0,0.0,0.0,0.0,1.30043117864108e-06,1.0822768284202423e-13,0.0022302165994087767,0.0,0.44604331988175533,1.0
8.91,0.0,0.0,0.0,0.0,1.2786369704205485e-06,8.707669756399853e-13,0.002328315129972418,0.0,0.46566302599448356,1.0
8.92,0.0,0.0,0.0,0.0,1.256311790543031e-06,7.914698599322878e-13,0.0024203476155196736,0.0,0.4840695231039347,1.0
8.93,0.0,0.0,0.0,0.0,1.2334681067949017e-06,6.999438608794265e-13,0.002506424035829812,0.0,0.5012848071659624,1.0
8.94,0.0,0.0,0.0,0.0,1.21012396246635e-06,3.3613396598298424e-13,0.002586655583375031,0.0,0.5173311166750062,1.0
8.950000000000001,0.0,0.0,0.0,0.0,1.1863014277117467e-06,3.943861827338428e-13,0.0026611546688640694,0.0,0.5322309337728138,1.0
8.96,0.0,0.0,0.0,0.0,1.162020746667189e-06,3.984077973419477e-13,0.002730034907649707,0.0,0.5460069815299413,1.0
8.97,0.0,0.0,0.0,0.0,1.1373058459017674e-06,2.4068368655227765e-13,0.0027934109542631564,0.0,0.5586821908526313,1.0
8.98,0.0,0.0,0.0,0.0,1.1113441190920982e-06,4.773318268345071e-13,0.002851372674666557,0.0,0.5702745349333114,1.0
8.99,0.0,0.0,0.0,0.0,1.0880510187974584e-06,-2.682336830801505e-14,0.0029040983919056858,0.0,0.5808196783811371,1.0
9.0,0.0,0.0,0.0,0.0,1.062292872617082e-06,-4.018543516478612e-13,0.0029516658958518,0.0,0.59033317917036,1.0
9.01,0.0,0.0,0.0,0.0,1.034326458270455e-06,-1.3310410043003437e-12,0.0029941997957820335,0.0,0.5988399591564066,1.0
9.02,0.0,0.0,0.0,0.0,1.0087607368093314e-06,-1.1280230940389831e-12,0.0030318218552760692,0.0,0.6063643710552138,1.0
9.03,0.0,0.0,0.0,0.0,9.81045249796535e-07,-1.0798544138955739e-12,0.0030646504648393514,0.0,0.6129300929678703,1.0
9.040000000000001,0.0,0.0,0.0,0.0,9.547933757328785e-07,-5.866484160153382e-13,0.0030928151894399937,0.0,0.6185630378879987,1.0
9.05,0.0,0.0,0.0,0.0,9.278030997735652e-07,3.428134358927811e-15,0.003116428488069563,0.0,0.6232856976139126,1.0
9.06,0.0,0.0,0.0,0.0,9.10586496891726e-07,-6.229766865428105e-14,0.0031356264790540177,0.0,0.6271252958108036,1.0
9.07,0.0,0.0,0.0,0.0,8.752087423526538e-07,1.9643960818131567e-13,0.003150516993875651,0.0,0.6301033987751302,1.0
9.08,0.0,0.0,0.0,0.0,8.462448505267052e-07,-7.345080736121959e-14,0.0031612331661074015,0.0,0.6322466332214803,1.0
9.09,0.0,0.0,0.0,0.0,8.180497080485982e-07,-4.356263538832386e-13,0.0031678775656342837,0.0,0.6335755131268568,1.0
9.1,0.0,0.0,0.0,0.0,7.944191042311348e-07,9.477718911542014e-13,0.00317062482945509,0.0,0.634124965891018,1.0
9.11,0.0,0.0,0.0,0.0,7.752512462568695e-07,3.1958694424811526e-13,0.003169570966444164,0.0,0.6339141932888328,1.0
9.120000000000001,0.0,0.0,0.0,0.0,7.382024860541653e-07,1.8563463704592173e-12,0.0031648299080317324,0.0,0.6329659816063464,1.0
9.13,0.0,0.0,0.0,0.0,7.1197296891612e-07,8.096773018178103e-13,0.0031565416962217015,0.0,0.6313083392443403,1.0
9.14,0.0,0.0,0.0,0.0,6.857864916919362e-07,6.224115345366415e-13,0.003144825762553056,0.0,0.6289651525106111,1.0
9.15,0.0,0.0,0.0,0.0,6.59312661860072e-07,2.057242310030389e-13,0.003129805409337166,0.0,0.6259610818674332,1.0
9.16,0.0,0.0,0.0,0.0,6.329234565256401e-07,4.3216354596793595e-13,0.0031116020404339095,0.0,0.6223204080867819,1.0
9.17,0.0,0.0,0.0,0.0,6.063519387374609e-07,-5.265898219248733e-14,0.0030903392813790764,0.0,0.6180678562758153,1.0
9.18,0.0,0.0,0.0,0.0,5.800378008345704e-07,2.938655590782879e-13,0.0030661392330460883,0.0,0.6132278466092177,1.0
9.19,0.0,0.0,0.0,0.0,5.540031213569142e-07,5.4929120870681464e-14,0.003039124042827943,0.0,0.6078248085655885,1.0
9.200000000000001,0.0,0.0,0.0,0.0,5.300538711420515e-07,-1.1526872529483657e-13,0.0030094120273227005,0.0,0.6018824054645401,1.0
9.21,0.0,0.0,0.0,0.0,5.044693615984603e-07,1.6164945344718645e-13,0.0029771227883956517,0.0,0.5954245576791304,1.0
9.22,0.0,0.0,0.0,0.0,4.789415766745057e-07,5.984637581647824e-13,0.002942375119583923,0.0,0.5884750239167846,1.0
9.23,0.0,0.0,0.0,0.0,4.536070884582301e-07,1.2748442264863534e-13,0.002905284597230401,0.0,0.5810569194460802,1.0
9.24,0.0,0.0,0.0,0.0,4.2723733577352184e-07,1.2636184791187156e-12,0.0028659728843022673,0.0,0.5731945768604535,1.0
9.25,0.0,0.0,0.0,0.0,4.062048042624291e-07,3.576440934949729e-14,0.0028245499851340043,0.0,0.5649099970268009,1.0
9.26,0.0,0.0,0.0,0.0,3.818983613196787e-07,5.163537059538264e-13,0.0027811271491378787,0.0,0.5562254298275757,1.0
9.27,0.0,0.0,0.0,0.0,3.5835940695881944e-07,1.5164746190984587e-12,0.002735818994602018,0.0,0.5471637989204036,1.0
9.28,0.0,0.0,0.0,0.0,3.3467826448795057e-07,2.1298914551627932e-12,0.002688735342050049,0.0,0.5377470684100099,1.0
9.290000000000001,0.0,0.0,0.0,0.0,3.113140017117391e-07,1.380369755662556e-12,0.0026399848435251483,0.0,0.5279969687050297,1.0
9.3,0.0,0.0,0.0,0.0,2.882974072996454e-07,1.3572117875049864e-12,0.0025896654081138458,0.0,0.5179330816227692,1.0
9.31,0.0,0.0,0.0,0.0,2.6422740465632246e-07,-8.06266665197123e-13,0.0025379021928892396,0.0,0.507580438577848,1.0
9.32,0.0,0.0,0.0,0.0,2.4360724568078114e-07,-4.1882107446198974e-13,0.0024847875461367695,0.0,0.4969575092273539,1.0
9.33,0.0,0.0,0.0,0.0,2.219969090340095e-07,-1.871851938793884e-12,0.0024304230194336796,0.0,0.4860846038867359,1.0
9.34,0.0,0.0,0.0,0.0,2.0068541028490446e-07,-1.6299260936552758e-12,0.0023749089578171297,0.0,0.4749817915634259,1.0
9.35,0.0,0.0,0.0,0.0,1.7979554256666725e-07,-1.4196334524503895e-12,0.0023183436087429177,0.0,0.46366872174858353,1.0
9.36,0.0,0.0,0.0,0.0,1.5956637708917185e-07,-2.984028913869762e-12,0.0022608130197203174,0.0,0.4521626039440635,1.0
9.370000000000001,0.0,0.0,0.0,0.0,1.3863703636769777e-07,-1.867002764662964e-12,0.002202431108323425,0.0,0.44048622166468493,1.0
9.38,0.0,0.0,0.0,0.0,1.1980733222939433e-07,-1.2397777984166421e-12,0.00214327884128788,0.0,0.42865576825757595,1.0
9.39,0.0,0.0,0.0,0.0,1.0096162553476196e-07,-1.1379369052436687e-12,0.002083445915681586,0.0,0.41668918313631714,1.0
9.4,0.0,0.0,0.0,0.0,8.226984203474923e-08,-1.2906873267934478e-12,0.0020230126874869023,0.0,0.40460253749738045,1.0
9.41,0.0,0.0,0.0,0.0,6.399948103748106e-08,-6.970151469481134e-13,0.001962081816612553,0.0,0.39241636332251056,1.0
9.42,0.0,0.0,0.0,0.0,4.663770959034131e-08,-9.567007363163605e-13,0.001900726933316779,0.0,0.3801453866633558,1.0
9.43,0.0,0.0,0.0,0.0,2.95183870080216e-08,-5.041991045328076e-13,0.0018390299101321967,0.0,0.3678059820264393,1.0
9.44,0.0,0.0,0.0,0.0,1.2898801664113331e-08,-1.0867249844760192e-13,0.0017770698080548822,0.0,0.35541396161097644,1.0
9.450000000000001,0.0,0.0,0.0,0.0,-3.201944429850255e-09,7.399467409592112e-14,0.0017149235534416973,0.0,0.34298471068833947,1.0
9.46,0.0,0.0,0.0,0.0,-1.880221710350534e-08,1.0958133596993118e-13,0.0016526658562013628,0.0,0.33053317124027254,1.0
9.47,0.0,0.0,0.0,0.0,-3.3900304303577505e-08,-9.733381467784965e-15,0.0015903692152276958,0.0,0.31807384304553915,1.0
9.48,0.0,0.0,0.0,0.0,-4.8490904665804825e-08,-8.231632548158885e-15,0.0015281038869302337,0.0,0.30562077738604676,1.0
9.49,0.0,0.0,0.0,0.0,-6.257165018955021e-08,1.4679235032667042e-13,0.001465937896395144,0.0,0.2931875792790288,1.0
9.5,0.0,0.0,0.0,0.0,-7.613063291941461e-08,1.168462100067682e-12,0.001403937178084129,0.0,0.28078743561682584,1.0
9.51,0.0,0.0,0.0,0.0,-8.924201897888854e-08,9.671827561459385e-13,0.0013421645403357252,0.0,0.26843290806714504,1.0
9.52,0.0,0.0,0.0,0.0,-1.0175858004331188e-07,2.6949033073501977e-12,0.001280683014949186,0.0,0.25613660298983715,1.0
9.53,0.0,0.0,0.0,0.0,-1.1193862441293287e-07,1.4405852051652803e-12,0.0012195489383203064,0.0,0.24390978766406127,1.0
9.540000000000001,0.0,0.0,0.0,0.0,-1.2349111673378393e-07,4.590011631725261e-13,0.0011588199634606808,0.0,0.23176399269213616,1.0
9.55,0.0,0.0,0.0,0.0,-1.3460321034638306e-07,-1.449373146171196e-13,0.0010985515754287443,0.0,0.21971031508574884,1.0
9.56,0.0,0.0,0.0,0.0,-1.4512672178621804e-07,4.496319903536907e-14,0.0010387961828667667,0.0,0.20775923657335332,1.0
9.57,0.0,0.0,0.0,0.0,-1.5512502392598514e-07,4.56341801863218e-13,0.0009796039288044872,0.0,0.19592078576089744,1.0
9.58,0.0,0.0,0.0,0.0,-1.6463279461511303e-07,1.2916210356646972e-12,0.000921022798471562,0.0,0.18420455969431238,1.0
9.59,0.0,0.0,0.0,0.0,-1.7366163689473603e-07,1.036495273399783e-12,0.0008630986415587086,0.0,0.17261972831174172,1.0
9.6,0.0,0.0,0.0,0.0,-1.8221942978279799e-07,7.971111418040328e-13,0.0008058751635705678,0.0,0.16117503271411357,1.0
9.61,0.0,0.0,0.0,0.0,-1.9031283250437643e-07,-8.149174794042841e-14,0.0007493939461656278,0.0,0.14987878923312556,1.0
9.620000000000001,0.0,0.0,0.0,0.0,-1.9794834597569193e-07,-5.677595128795694e-13,0.0006936944860759114,0.0,0.1387388972151823,1.0
9.63,0.0,0.0,0.0,0.0,-2.0513364644485347e-07,-1.1318078273251419e-12,0.0006388141734975108,0.0,0.12776283469950214,1.0
9.64,0.0,0.0,0.0,0.0,-2.1187431035426287e-07,-9.949831564603828e-13,0.000584788368744295,0.0,0.116957673748859,1.0
9.65,0.0,0.0,0.0,0.0,-2.1817893964111143e-07,-8.86424119550832e-13,0.0005316504060876985,0.0,0.10633008121753969,1.0
9.66,0.0,0.0,0.0,0.0,-2.2405355160551237e-07,-2.305674429182749e-13,0.000479431624675749,0.0,0.0958863249351498,1.0
9.67,0.0,0.0,0.0,0.0,-2.2950423179027484e-07,-5.493424119902026e-13,0.0004281614022650778,0.0,0.08563228045301556,1.0
9.68,0.0,0.0,0.0,0.0,-2.3453841315822104e-07,-9.1301856356965e-13,0.0003778671545914075,0.0,0.07557343091828149,1.0
9.69,0.0,0.0,0.0,0.0,-2.3916257469389887e-07,-7.733135684035591e-13,0.00032857440055299137,0.0,0.06571488011059827,1.0
9.700000000000001,0.0,0.0,0.0,0.0,-2.433851051684729e-07,-1.0765387530706954e-12,0.00028030678810992733,0.0,0.05606135762198546,1.0
9.71,0.0,0.0,0.0,0.0,-2.472142836086984e-07,-6.113919909024156e-13,0.0002330861047061707,0.0,0.04661722094123414,1.0
9.72,0.0,0.0,0.0,0.0,-2.5065687296437266e-07,-3.626139966168631e-13,0.00018693234071934497,0.0,0.03738646814386899,1.0
9.73,0.0,0.0,0.0,0.0,-2.5372278058961736e-07,-4.318446894166324e-14,0.00014186369560600584,0.0,0.028372739121201168,1.0
9.74,0.0,0.0,0.0,0.0,-2.5642002686266304e-07,3.8403022965085925e-13,9.789663259440034e-05,0.0,0.01957932651888007,1.0
9.75,0.0,0.0,0.0,0.0,-2.587583760088957e-07,6.079637886775285e-13,5.504591044943106e-05,0.0,0.011009182089886212,1.0
9.76,0.0,0.0,0.0,0.0,-2.6074619370141195e-07,6.103575029111728e-13,1.3324634324425793e-05,0.0,0.0026649268648851585,1.0
9.77,0.0,0.0,0.0,0.0,-2.6239346467391236e-07,6.253433105366294e-13,2.7255730001179808e-05,0.0,0.005451146000235961,1.0
9.78,0.0,0.0,0.0,0.0,-2.63713056582735e-07,6.506791621815711e-13,6.66853289737475e-05,0.0,0.0133370657947495,1.0
9.790000000000001,0.0,0.0,0.0,0.0,-2.6471745398092416e-07,-7.641200920780124e-14,0.00010495582660475144,0.0,0.02099116532095029,1.0
9.8,0.0,0.0,0.0,0.0,-2.6541098945375087e-07,-1.1004171051361105e-13,0.00014206042181353048,0.0,0.028412084362706095,1.0
9.81,0.0,0.0,0.0,0.0,-2.65799698187545e-07,-2.379868367797154e-13,0.00017799376127437363,0.0,0.03559875225487472,1.0
9.82,0.0,0.0,0.0,0.0,-2.6589305351396685e-07,-2.498021183122296e-13,0.00021275193006423245,0.0,0.04255038601284649,1.0
9.83,0.0,0.0,0.0,0.0,-2.6569922928591164e-07,-2.3290912030610885e-13,0.00024633240653903034,0.0,0.049266481307806066,1.0
9.84,0.0,0.0,0.0,0.0,-2.6522728412252913e-07,-4.9352781462776033e-14,0.000278734011085696,0.0,0.0557468022171392,1.0
9.85,0.0,0.0,0.0,0.0,-2.645316791400637e-07,-4.837001372296433e-13,0.00030995698325136966,0.0,0.06199139665027393,1.0
9.86,0.0,0.0,0.0,0.0,-2.6556253022178994e-07,-4.093242397319883e-13,0.0003400013347151077,0.0,0.06800026694302154,1.0
9.870000000000001,0.0,0.0,0.0,0.0,-2.6222290951540916e-07,-1.5380262947160574e-12,0.00036887157733437535,0.0,0.07377431546687507,1.0
9.88,0.0,0.0,0.0,0.0,-2.6101018486428384e-07,-8.108690850034971e-13,0.00039657181310132815,0.0,0.07931436262026563,1.0
9.89,0.0,0.0,0.0,0.0,-2.5943307285975635e-07,-6.389836528846091e-13,0.00042310606762464056,0.0,0.08462121352492812,1.0
9.9,0.0,0.0,0.0,0.0,-2.575143112042095e-07,-5.436304069397446e-13,0.00044848040691411494,0.0,0.08969608138282299,1.0
9.91,0.0,0.0,0.0,0.0,-2.553459131079752e-07,-5.633926719064931e-13,0.00047270203651311336,0.0,0.09454040730262267,1.0
9.92,0.0,0.0,0.0,0.0,-2.529671105994315e-07,-8.571844851027948e-13,0.0004957791203487929,0.0,0.09915582406975858,1.0
9.93,0.0,0.0,0.0,0.0,-2.503900503970343e-07,4.734269267814608e-13,0.0005177208190249585,0.0,0.10354416380499169,1.0
9.94,0.0,0.0,0.0,0.0,-2.4762535517163634e-07,9.994191198793089e-14,0.0005385373300975514,0.0,0.10770746601951027,1.0
9.950000000000001,0.0,0.0,0.0,0.0,-2.4535021677041146e-07,-2.3650923644466287e-12,0.0005581341733474813,0.0,0.11162683466949626,1.0
9.96,0.0,0.0,0.0,0.0,-2.42428197577072e-07,-4.440868109920399e-12,0.0005767371902335024,0.0,0.11534743804670047,1.0
9.97,0.0,0.0,0.0,0.0,-2.3933534262851207e-07,-7.974129515772979e-12,0.0005942524873512077,0.0,0.11885049747024153,1.0
9.98,0.0,0.0,0.0,0.0,-2.349293964712635e-07,-8.832484691974093e-12,0.0006106943563146998,0.0,0.12213887126293996,1.0
9.99,0.0,0.0,0.0,0.0,-2.307801780783034e-07,-2.66235487107677e-12,0.0006260749282470278,0.0,0.12521498564940556,1.0
10.0,0.0,0.0,0.0,0.0,-2.272009335366026e-07,-1.0999216176766049e-12,0.000640407703382066,0.0,0.1280815406764132,1.0
10.01,0.0,0.0,0.0,0.0,-2.2349661153498543e-07,-1.091239251359364e-13,0.0006537080884426926,0.0,0.13074161768853854,1.0
10.02,0.0,0.0,0.0,0.0,-2.1959484913262856e-07,6.760117454193293e-13,0.0006659924678557692,0.0,0.13319849357115385,1.0
10.03,0.0,0.0,0.0,0.0,-2.1565432432911414e-07,1.3056702729999372e-12,0.000677280293428379,0.0,0.13545605868567578,1.0
10.040000000000001,0.0,0.0,0.0,0.0,-2.1359664351155534e-07,3.310667461599969e-12,0.0006874406910463116,0.0,0.1374881382092623,1.0
10.05,0.0,0.0,0.0,0.0,-2.0645945047530685e-07,2.6093784827426842e-12,0.0006967870397040723,0.0,0.13935740794081447,1.0
10.06,0.0,0.0,0.0,0.0,-2.032943384412802e-07,7.483807926925841e-12,0.0007051932255046798,0.0,0.14103864510093597,1.0
10.07,0.0,0.0,0.0,0.0,-1.980510707204097e-07,6.242083613156466e-12,0.0007126752097938391,0.0,0.14253504195876782,1.0
10.08,0.0,0.0,0.0,0.0,-1.9401974199724408e-07,3.0455414505514314e-12,0.0007192490182113494,0.0,0.14384980364226987,1.0
10.09,0.0,0.0,0.0,0.0,-1.896060811149701e-07,5.8348167367395614e-12,0.0007249341065963628,0.0,0.14498682131927257,1.0
10.1,0.0,0.0,0.0,0.0,-1.849425962794017e-07,1.0196182786324163e-12,0.000729750855115366,0.0,0.1459501710230732,1.0
10.11,0.0,0.0,0.0,0.0,-1.8018370542449436e-07,4.2813745385928483e-13,0.0007337197099289831,0.0,0.14674394198579663,1.0
10.120000000000001,0.0,0.0,0.0,0.0,-1.7536941809788204e-07,1.824828307466975e-12,0.0007368615224055626,0.0,0.14737230448111252,1.0
10.13,0.0,0.0,0.0,0.0,-1.7049883105621267e-07,-3.124693649307395e-14,0.0007391974219741159,0.0,0.1478394843948232,1.0
10.14,0.0,0.0,0.0,0.0,-1.655804443027867e-07,2.36556213468435e-12,0.0007407484870088198,0.0,0.14814969740176395,1.0
10.15,0.0,0.0,0.0,0.0,-1.606347925270134e-07,2.8760311009204958e-12,0.0007415362437398282,0.0,0.14830724874796564,1.0
10.16,0.0,0.0,0.0,0.0,-1.5565742050402695e-07,7.370149030478959e-12,0.0007415823054396297,0.0,0.14831646108792593,1.0
10.17,0.0,0.0,0.0,0.0,-1.5049964840572873e-07,2.2458443017049203e-12,0.0007409081984971036,0.0,0.14818163969942072,1.0
10.18,0.0,0.0,0.0,0.0,-1.454591262290998e-07,-3.019495092753968e-13,0.0007395359186662832,0.0,0.14790718373325662,1.0
10.19,0.0,0.0,0.0,0.0,-1.4045941900562868e-07,-3.874063082303983e-12,0.0007374873669410291,0.0,0.14749747338820582,1.0
10.200000000000001,0.0,0.0,0.0,0.0,-1.3546285645389606e-07,-1.5587437264122275e-12,0.0007347844348540395,0.0,0.14695688697080792,1.0
10.21,0.0,0.0,0.0,0.0,-1.304733968760558e-07,1.6272548983913302e-12,0.0007314491518668972,0.0,0.14628983037337945,1.0
10.22,0.0,0.0,0.0,0.0,-1.2549401921960104e-07,2.6821192564619182e-12,0.00072750350541883,0.0,0.14550070108376598,1.0
10.23,0.0,0.0,0.0,0.0,-1.2053367034399533e-07,1.7191044215139084e-12,0.0007229694054028082,0.0,0.14459388108056162,1.0
10.24,0.0,0.0,0.0,0.0,-1.1559819546418339e-07,1.957239769537197e-12,0.000717868821802928,0.0,0.14357376436058558,1.0
10.25,0.0,0.0,0.0,0.0,-1.1068677855376797e-07,-4.65872255169257e-14,0.0007122235941171977,0.0,0.14244471882343954,1.0
10.26,0.0,0.0,0.0,0.0,-1.0580773968431858e-07,1.3067851412282976e-13,0.0007060554815564397,0.0,0.14121109631128795,1.0
10.27,0.0,0.0,0.0,0.0,-1.0096400741013193e-07,6.210329243518366e-13,0.0006993861828504423,0.0,0.13987723657008846,1.0
10.28,0.0,0.0,0.0,0.0,-9.616105338327139e-08,-9.837526580372677e-13,0.0006922372217504101,0.0,0.13844744435008202,1.0
10.290000000000001,0.0,0.0,0.0,0.0,-9.139918166985587e-08,6.350771781373742e-13,0.0006846300172231421,0.0,0.1369260034446284,1.0
10.3,0.0,0.0,0.0,0.0,-8.668535935729892e-08,-5.404751225620017e-13,0.0006765860295025647,0.0,0.13531720590051294,1.0
10.31,0.0,0.0,0.0,0.0,-8.247185247569965e-08,-1.1749038711875708e-12,0.0006681258620975934,0.0,0.13362517241951868,1.0
10.32,0.0,0.0,0.0,0.0,-7.784178012185465e-08,-2.1578703573100986e-12,0.000659270463771267,0.0,0.13185409275425342,1.0
10.33,0.0,0.0,0.0,0.0,-7.316608255770035e-08,-3.814020756408028e-12,0.000650040804391454,0.0,0.13000816087829078,1.0
10.34,0.0,0.0,0.0,0.0,-6.864730190234211e-08,-6.135014720908709e-12,0.0006404572500904922,0.0,0.12809145001809844,1.0
10.35,0.0,0.0,0.0,0.0,-6.419845667170037e-08,-1.833868109302057e-12,0.0006305399305918868,0.0,0.12610798611837737,1.0
10.36,0.0,0.0,0.0,0.0,-5.980776554360494e-08,-1.4986398632750548e-12,0.0006203088592310176,0.0,0.12406177184620351,1.0
10.370000000000001,0.0,0.0,0.0,0.0,-5.547774576641594e-08,1.7213055711643735e-12,0.0006097836859361175,0.0,0.1219567371872235,1.0
10.38,0.0,0.0,0.0,0.0,-5.1219543340757e-08,1.490815242895177e-12,0.0005989838578871131,0.0,0.11979677157742262,1.0
10.39,0.0,0.0,0.0,0.0,-4.719950829724426e-08,5.054047909769265e-13,0.0005879283250117023,0.0,0.11758566500234045,1.0
10.4,0.0,0.0,0.0,0.0,-4.2920792137533035e-08,4.065055011180432e-12,0.0005766360508364264,0.0,0.11532721016728527,1.0
10.41,0.0,0.0,0.0,0.0,-3.899226638249411e-08,2.642695972552929e-12,0.0005651255449723036,0.0,0.11302510899446072,1.0
10.42,0.0,0.0,0.0,0.0,-3.503127522707443e-08,2.4440369432049112e-12,0.0005534149354001949,0.0,0.11068298708003899,1.0
10.43,0.0,0.0,0.0,0.0,-3.113355969437504e-08,2.7334044391444982e-12,0.0005415218950260657,0.0,0.10830437900521314,1.0
10.44,0.0,0.0,0.0,0.0,-2.733185361889433e-08,6.755420286567986e-12,0.0005294641392814102,0.0,0.10589282785628204,1.0
10.450000000000001,0.0,0.0,0.0,0.0,-2.3605279813564622e-08,4.270712150021553e-12,0.0005172586263561031,0.0,0.10345172527122061,1.0
10.46,0.0,0.0,0.0,0.0,-1.9976541553610726e-08,5.79530140522459e-12,0.0005049221714902092,0.0,0.10098443429804184,1.0
10.47,0.0,0.0,0.0,0.0,-1.643127750572549e-08,3.124855843122278e-12,0.00049247123816127,0.0,0.09849424763225399,1.0
10.48,0.0,0.0,0.0,0.0,-1.2978718576503762e-08,5.291390147827147e-12,0.0004799219033394065,0.0,0.0959843806678813,1.0
10.49,0.0,0.0,0.0,0.0,-9.615275460121124e-09,-3.346233627864383e-13,0.0004672895824650895,0.0,0.0934579164930179,1.0
10.5,0.0,0.0,0.0,0.0,-6.350541969562726e-09,8.081417549447119e-12,0.0004545897706186788,0.0,0.09091795412373577,1.0
10.51,0.0,0.0,0.0,0.0,-3.159315106250688e-09,3.0591198793253875e-12,0.00044183717016720486,0.0,0.08836743403344097,1.0
10.52,0.0,0.0,0.0,0.0,-7.209543799872806e-11,5.5579153093323784e-12,0.00042904646074804083,0.0,0.08580929214960817,1.0
10.53,0.0,0.0,0.0,0.0,2.9328306541297525e-09,5.097662366001294e-13,0.00041623160712839094,0.0,0.08324632142567819,1.0
10.540000000000001,0.0,0.0,0.0,0.0,5.834707306663853e-09,5.4443075353860156e-12,0.0004034063965570493,0.0,0.08068127931140985,1.0
10.55,0.0,0.0,0.0,0.0,8.656029423607815e-09,3.858780519616589e-12,0.00039058390181654734,0.0,0.07811678036330946,1.0
10.56,0.0,0.0,0.0,0.0,1.1378934558411802e-08,4.627811367293541e-12,0.000377777249239008,0.0,0.0755554498478016,1.0
10.57,0.0,0.0,0.0,0.0,1.4021608046391596e-08,-6.333288526424093e-12,0.00036499894413169037,0.0,0.07299978882633808,1.0
10.58,0.0,0.0,0.0,0.0,1.6559211740959786e-08,-8.822341479608572e-12,0.0003522611086520851,0.0,0.07045222173041701,1.0
10.59,0.0,0.0,0.0,0.0,1.8998536033489282e-08,-7.644618612317914e-12,0.0003395753515767924,0.0,0.06791507031535848,1.0
10.6,0.0,0.0,0.0,0.0,2.1342494908648558e-08,-2.779602735237512e-12,0.00032695292675086077,0.0,0.06539058535017216,1.0
10.61,0.0,0.0,0.0,0.0,2.359547312614932e-08,-5.279732968046972e-12,0.0003144047946105267,0.0,0.06288095892210534,1.0
10.620000000000001,0.0,0.0,0.0,0.0,2.5758875749041223e-08,8.872167478681218e-13,0.00030194142835939425,0.0,0.06038828567187885,1.0
10.63,0.0,0.0,0.0,0.0,2.7829027091119486e-08,5.379279893047103e-12,0.00028957280202928563,0.0,0.05791456040585712,1.0
10.64,0.0,0.0,0.0,0.0,2.9802784596650064e-08,5.3924078764103405e-12,0.0002773087415501097,0.0,0.055461748310021944,1.0
10.65,0.0,0.0,0.0,0.0,3.1696283520852645e-08,3.45906142924307e-12,0.0002651583114244867,0.0,0.05303166228489734,1.0
10.66,0.0,0.0,0.0,0.0,3.3487713634752706e-08,-1.7076054152227379e-12,0.0002531306308200846,0.0,0.05062612616401692,1.0
10.67,0.0,0.0,0.0,0.0,3.5204344310833754e-08,2.1135044699908488e-13,0.00024123396842112128,0.0,0.04824679368422426,1.0
10.68,0.0,0.0,0.0,0.0,3.681882302984923e-08,-4.573410013086917e-13,0.00022947655128130207,0.0,0.04589531025626041,1.0
10.69,0.0,0.0,0.0,0.0,3.835483585977157e-08,2.4837670904175048e-12,0.00021786604874917727,0.0,0.04357320974983545,1.0
10.700000000000001,0.0,0.0,0.0,0.0,3.979957509449994e-08,4.069675169103376e-12,0.00020640975880003432,0.0,0.04128195176000686,1.0
10.71,0.0,0.0,0.0,0.0,4.115831658037481e-08,2.4346479718380306e-12,0.00019511463140439874,0.0,0.03902292628087975,1.0
10.72,0.0,0.0,0.0,0.0,4.243579988085154e-08,-7.432425998045114e-13,0.00018398717765391525,0.0,0.036797435530783046,1.0
10.73,0.0,0.0,0.0,0.0,4.36326830474624e-08,3.9075614079401095e-12,0.00017303356719038654,0.0,0.03460671343807731,1.0
10.74,0.0,0.0,0.0,0.0,4.4751163339985536e-08,4.290616667746826e-12,0.00016225969429470654,0.0,0.03245193885894131,1.0
10.75,0.0,0.0,0.0,0.0,4.579247905820311e-08,-5.7361805992392675e-12,0.0001516709960956528,0.0,0.03033419921913056,1.0
10.76,0.0,0.0,0.0,0.0,4.675337496928773e-08,-6.60859151577697e-12,0.0001412725284828992,0.0,0.028254505696579838,1.0
10.77,0.0,0.0,0.0,0.0,4.763738460002878e-08,-8.371960225570022e-12,0.00013106908763982976,0.0,0.026213817527965953,1.0
10.78,0.0,0.0,0.0,0.0,4.844745401179336e-08,-4.987119370433593e-12,0.00012106511800127801,0.0,0.024213023600255602,1.0
10.790000000000001,0.0,0.0,0.0,0.0,4.9180575008033197e-08,3.917839212083363e-12,0.00011126468668406388,0.0,0.022252937336812776,1.0
10.8,0.0,0.0,0.0,0.0,4.983587741453194e-08,3.006599849838916e-12,0.00010167153037846136,0.0,0.020334306075692272,1.0
10.81,0.0,0.0,0.0,0.0,5.0421299959036906e-08,3.703959538723886e-12,9.228894102777867e-05,0.0,0.018457788205555735,1.0
10.82,0.0,0.0,0.0,0.0,5.093296457031549e-08,-1.071473352190641e-12,8.31201405542182e-05,0.0,0.01662402811084364,1.0
10.83,0.0,0.0,0.0,0.0,5.1050579993793164e-08,-1.9411601050593087e-12,7.416787507714056e-05,0.0,0.014833575015428112,1.0
10.84,0.0,0.0,0.0,0.0,5.138175729214171e-08,-6.550003381015778e-12,6.543453952997958e-05,0.0,0.013086907905995915,1.0
10.85,0.0,0.0,0.0,0.0,5.1715115460786086e-08,-6.317379758737488e-12,5.692239079331166e-05,0.0,0.011384478158662331,1.0
10.86,0.0,0.0,0.0,0.0,5.197251815839763e-08,-8.190056085336173e-13,4.8633168869035685e-05,0.0,0.009726633773807137,1.0
10.870000000000001,0.0,0.0,0.0,0.0,5.2162052245346896e-08,3.02920385030632e-12,4.056846267724575e-05,0.0,0.008113692535449149,1.0
10.88,0.0,0.0,0.0,0.0,5.2299336019078397e-08,1.580052610291474e-11,3.272963780133436e-05,0.0,0.006545927560266872,1.0
10.89,0.0,0.0,0.0,0.0,5.237805357583801e-08,1.5778826603559866e-11,2.5117830385869404e-05,0.0,0.00502356607717388,1.0
10.9,0.0,0.0,0.0,0.0,5.2399606326325444e-08,2.219690176812908e-11,1.773359367766042e-05,0.0,0.0035467187355320835,1.0
10.91,0.0,0.0,0.0,0.0,5.236120352715254e-08,2.637651645621403e-11,1.0577422338473012e-05,0.0,0.002115484467694602,1.0
10.92,0.0,0.0,0.0,0.0,5.227744344351368e-08,1.123144595577445e-11,3.649687482369216e-06,0.0,0.0007299374964738431,1.0
10.93,0.0,0.0,0.0,0.0,5.214816789527234e-08,8.451366830024084e-12,3.0496525765770464e-06,0.0,0.0006099305153154092,1.0
10.94,0.0,0.0,0.0,0.0,5.195944081756915e-08,1.1139953000832717e-11,9.520719483925714e-06,0.0,0.0019041438967851427,1.0
10.950000000000001,0.0,0.0,0.0,0.0,5.1723301466853114e-08,2.0616741239721602e-12,1.5764073342439805e-05,0.0,0.003152814668487961,1.0
10.96,0.0,0.0,0.0,0.0,5.143659991012434e-08,9.888799278635288e-12,2.1780479566076532e-05,0.0,0.004356095913215306,1.0
10.97,0.0,0.0,0.0,0.0,5.1105001137296004e-08,-2.6699956561055336e-12,2.7570663888015453e-05,0.0,0.00551413277760309,1.0
10.98,0.0,0.0,0.0,0.0,5.073991759070834e-08,3.046029034001727e-12,3.313590435932281e-05,0.0,0.006627180871864561,1.0
10.99,0.0,0.0,0.0,0.0,5.0315620895038894e-08,-4.470032575975275e-13,3.8477118946986515e-05,0.0,0.007695423789397303,1.0
11.0,0.0,0.0,0.0,0.0,4.9866901561087e-08,3.0035329988446055e-12,4.359634133180095e-05,0.0,0.00871926826636019,1.0
11.01,0.0,0.0,0.0,0.0,4.9356570720800803e-08,2.7801837195037452e-12,4.849495681380835e-05,0.0,0.00969899136276167,1.0
11.02,0.0,0.0,0.0,0.0,4.8836826795521625e-08,-2.184997200136638e-12,5.317493658244649e-05,0.0,0.010634987316489297,1.0
11.03,0.0,0.0,0.0,0.0,4.8277822550411e-08,-3.9989269239130734e-13,5.763833204801975e-05,0.0,0.01152766640960395,1.0
11.040000000000001,0.0,0.0,0.0,0.0,4.76845619078841e-08,6.378013534828519e-12,6.188711980386667e-05,0.0,0.012377423960773333,1.0
11.05,0.0,0.0,0.0,0.0,4.706733234360545e-08,1.082732456201727e-11,6.592390066704657e-05,0.0,0.013184780133409313,1.0
11.06,0.0,0.0,0.0,0.0,4.64081113432352e-08,5.783928069915978e-14,6.97510552908622e-05,0.0,0.01395021105817244,1.0
11.07,0.0,0.0,0.0,0.0,4.573257761400127e-08,-1.750112513584448e-12,7.337126394004293e-05,0.0,0.014674252788008586,1.0
11.08,0.0,0.0,0.0,0.0,4.501911136563312e-08,8.11997223965995e-12,7.678699273751334e-05,0.0,0.015357398547502666,1.0
11.09,0.0,0.0,0.0,0.0,4.429706088723935e-08,1.8774499920426274e-12,8.000183137314225e-05,0.0,0.01600036627462845,1.0
11.1,0.0,0.0,0.0,0.0,4.3526695905479936e-08,8.628672987396606e-12,8.301820453741443e-05,0.0,0.016603640907482887,1.0
11.11,0.0,0.0,0.0,0.0,4.2769870062356484e-08,2.795178425096551e-12,8.583937532678048e-05,0.0,0.017167875065356095,1.0
11.120000000000001,0.0,0.0,0.0,0.0,4.197358214549482e-08,1.1385696034286796e-12,8.846867773896447e-05,0.0,0.017693735547792893,1.0
11.13,0.0,0.0,0.0,0.0,4.115390585273411e-08,3.2410725037146794e-12,9.090933493998458e-05,0.0,0.018181866987996915,1.0
11.14,0.0,0.0,0.0,0.0,4.031691512299002e-08,-8.905213537613711e-13,9.316465385487712e-05,0.0,0.018632930770975425,1.0
11.15,0.0,0.0,0.0,0.0,3.945753663985567e-08,-2.4981870762831557e-12,9.52382676851335e-05,0.0,0.0190476535370267,1.0
11.16,0.0,0.0,0.0,0.0,3.8586555615883056e-08,1.448816303076057e-12,9.713413856698147e-05,0.0,0.019426827713396294,1.0
11.17,0.0,0.0,0.0,0.0,3.770296688832944e-08,-1.761243059665858e-12,9.885554037048443e-05,0.0,0.019771108074096887,1.0
11.18,0.0,0.0,0.0,0.0,3.683259032948738e-08,-1.3544843842776145e-12,0.00010040631594085375,0.0,0.02008126318817075,1.0
11.19,0.0,0.0,0.0,0.0,3.592968190056592e-08,-5.037339769696505e-14,0.00010179011137621149,0.0,0.020358022275242298,1.0
11.200000000000001,0.0,0.0,0.0,0.0,3.501688496528028e-08,2.0322956618962135e-12,0.00010301092517813601,0.0,0.0206021850356272,1.0
11.21,0.0,0.0,0.0,0.0,3.4094667368743536e-08,-1.2888262923061215e-12,0.00010407295790979286,0.0,0.020814591581958572,1.0
11.22,0.0,0.0,0.0,0.0,3.3171796649077683e-08,-2.3043629140042568e-12,0.00010497994429485596,0.0,0.02099598885897119,1.0
11.23,0.0,0.0,0.0,0.0,3.2245577140602874e-08,-2.4233128174213775e-11,0.00010573531716212885,0.0,0.02114706343242577,1.0
11.24,0.0,0.0,0.0,0.0,3.1320358099571946e-08,-4.93833859406856e-12,0.00010634390314375006,0.0,0.02126878062875001,1.0
11.25,0.0,0.0,0.0,0.0,3.037679004088224e-08,4.974961652082866e-12,0.00010676601692835282,0.0,0.021353203385670563,1.0
11.26,0.0,0.0,0.0,0.0,2.8978976029527876e-08,1.6529481462975507e-11,0.00010705212178599873,0.0,0.021410424357199746,1.0
11.27,0.0,0.0,0.0,0.0,2.8071464552006365e-08,5.337128450267899e-12,0.00010720822579975526,0.0,0.02144164515995105,1.0
11.28,0.0,0.0,0.0,0.0,2.716628557611935e-08,-1.0383006889959769e-12,0.00010723839074944855,0.0,0.02144767814988971,1.0
11.290000000000001,0.0,0.0,0.0,0.0,2.6226654768942706e-08,-4.1929373152505486e-12,0.00010714613044161502,0.0,0.021429226088323004,1.0
11.3,0.0,0.0,0.0,0.0,2.534255224564682e-08,-7.306012908579227e-12,0.00010693513152842092,0.0,0.021387026305684183,1.0
11.31,0.0,0.0,0.0,0.0,2.4409700074924566e-08,1.4399616848255423e-11,0.00010660929530387083,0.0,0.021321859060774166,1.0
11.32,0.0,0.0,0.0,0.0,2.3487429055007443e-08,2.5150646510797738e-11,0.00010617213734605127,0.0,0.021234427469210254,1.0
11.33,0.0,0.0,0.0,0.0,2.2574130066553744e-08,3.6623309495323676e-11,0.0001056276724661436,0.0,0.02112553449322872,1.0
11.34,0.0,0.0,0.0,0.0,2.1646934985631103e-08,1.2529143646021839e-11,0.00010497998915465117,0.0,0.020995997830930233,1.0
11.35,0.0,0.0,0.0,0.0,2.072175692875947e-08,3.68253735343688e-11,0.00010423285121927036,0.0,0.02084657024385407,1.0
11.36,0.0,0.0,0.0,0.0,1.9813348654227865e-08,1.4388749692256546e-11,0.00010339021675004132,0.0,0.020678043350008262,1.0
11.370000000000001,0.0,0.0,0.0,0.0,1.8904087046417624e-08,1.2317245209416041e-11,0.00010245590743610519,0.0,0.02049118148722104,1.0
11.38,0.0,0.0,0.0,0.0,1.8005090500017727e-08,1.804797643905939e-13,0.00010145396291293395,0.0,0.02029079258258679,1.0
11.39,0.0,0.0,0.0,0.0,1.7211821378717822e-08,-7.330582868283263e-12,0.00010036662900569163,0.0,0.020073325801138325,1.0
11.4,0.0,0.0,0.0,0.0,1.635773900591962e-08,-4.222325661097004e-11,9.91971896673608e-05,0.0,0.01983943793347216,1.0
11.41,0.0,0.0,0.0,0.0,1.548086750414739e-08,-9.061686815395069e-12,9.795028296823654e-05,0.0,0.019590056593647306,1.0
11.42,0.0,0.0,0.0,0.0,1.4607670347848335e-08,-8.831105277761934e-12,9.663013190175703e-05,0.0,0.019326026380351406,1.0
11.43,0.0,0.0,0.0,0.0,1.3764770404157698e-08,2.473732264717275e-11,9.523816698215747e-05,0.0,0.019047633396431493,1.0
11.44,0.0,0.0,0.0,0.0,1.2949667046243211e-08,-6.145182502195279e-13,9.377968005355974e-05,0.0,0.01875593601071195,1.0
11.450000000000001,0.0,0.0,0.0,0.0,1.2136784774575534e-08,3.4258993366190993e-12,9.225627872723088e-05,0.0,0.018451255745446173,1.0
11.46,0.0,0.0,0.0,0.0,1.131997308259366e-08,8.620018619434931e-12,9.067239303218072e-05,0.0,0.018134478606436143,1.0
11.47,0.0,0.0,0.0,0.0,1.0508596917784943e-08,1.866427028769758e-11,8.90316858697209e-05,0.0,0.01780633717394418,1.0
11.48,0.0,0.0,0.0,0.0,9.733454316504294e-09,2.942155924065394e-11,8.733752331984214e-05,0.0,0.017467504663968427,1.0
11.49,0.0,0.0,0.0,0.0,8.972470496595267e-09,3.0792065941490596e-11,8.559392574731568e-05,0.0,0.017118785149463137,1.0
11.5,0.0,0.0,0.0,0.0,8.192179831812783e-09,4.523975586118021e-11,8.380430596029769e-05,0.0,0.016760861192059537,1.0
11.51,0.0,0.0,0.0,0.0,7.449086053061688e-09,5.842942894222632e-11,8.197263090011396e-05,0.0,0.01639452618002279,1.0
11.52,0.0,0.0,0.0,0.0,6.707571927008357e-09,6.30181185832216e-11,8.010192762342588e-05,0.0,0.016020385524685175,1.0
11.53,0.0,0.0,0.0,0.0,6.012375406903032e-09,3.99395528379e-11,7.819582176271684e-05,0.0,0.015639164352543367,1.0
11.540000000000001,0.0,0.0,0.0,0.0,5.311346780890048e-09,2.4456270657970735e-11,7.625696768209698e-05,0.0,0.015251393536419395,1.0
11.55,0.0,0.0,0.0,0.0,4.643960801627732e-09,1.654995265767819e-11,7.428966506577535e-05,0.0,0.014857933013155071,1.0
11.56,0.0,0.0,0.0,0.0,3.976677136296657e-09,5.049766672608233e-12,7.229602469898327e-05,0.0,0.014459204939796653,1.0
11.57,0.0,0.0,0.0,0.0,3.3214348298458214e-09,-9.811419207082949e-13,7.027990413130098e-05,0.0,0.014055980826260195,1.0
11.58,0.0,0.0,0.0,0.0,2.691111591207411e-09,-7.853802420522257e-12,6.824368519721086e-05,0.0,0.013648737039442173,1.0
11.59,0.0,0.0,0.0,0.0,2.055167069242056e-09,-1.1552365972245406e-11,6.619087561205968e-05,0.0,0.013238175122411936,1.0
11.6,0.0,0.0,0.0,0.0,1.4624904215824798e-09,-1.4857029912144216e-11,6.4123661932404e-05,0.0,0.012824732386480799,1.0
11.61,0.0,0.0,0.0,0.0,8.650841563867551e-10,-1.1544661488493306e-11,6.20454070848026e-05,0.0,0.01240908141696052,1.0
11.620000000000001,0.0,0.0,0.0,0.0,2.981181550856694e-10,-8.267849687653176e-12,5.995817328404387e-05,0.0,0.011991634656808773,1.0
11.63,0.0,0.0,0.0,0.0,-2.608515876540354e-10,5.495891089889065e-12,5.786523407821477e-05,0.0,0.011573046815642953,1.0
11.64,0.0,0.0,0.0,0.0,-8.041438404477171e-10,1.6542059894582701e-12,5.576871117131563e-05,0.0,0.011153742234263126,1.0
11.65,0.0,0.0,0.0,0.0,-1.3245686483162797e-09,1.1540111911630763e-11,5.367111434447504e-05,0.0,0.010734222868895008,1.0
11.66,0.0,0.0,0.0,0.0,-1.82472729201582e-09,8.415669631013368e-13,5.157491966657167e-05,0.0,0.010314983933314334,1.0
11.67,0.0,0.0,0.0,0.0,-2.3049516865791527e-09,-5.667477355180979e-12,4.948220563892517e-05,0.0,0.009896441127785033,1.0
11.68,0.0,0.0,0.0,0.0,-2.7561294344278393e-09,-3.5870781057007024e-12,4.7395291454803e-05,0.0,0.0094790582909606,1.0
11.69,0.0,0.0,0.0,0.0,-3.2025877215238565e-09,-1.1577245956232556e-11,4.531622930561133e-05,0.0,0.009063245861122265,1.0
11.700000000000001,0.0,0.0,0.0,0.0,-3.6297650111677138e-09,-9.646301680695134e-12,4.3247094881982426e-05,0.0,0.008649418976396485,1.0
11.71,0.0,0.0,0.0,0.0,-4.043255308974144e-09,-8.986677816582332e-13,4.1189933620201705e-05,0.0,0.00823798672404034,1.0
11.72,0.0,0.0,0.0,0.0,-4.440495280120308e-09,5.29452648170901e-13,3.914661076617982e-05,0.0,0.007829322153235964,1.0
11.73,0.0,0.0,0.0,0.0,-4.817804347256206e-09,-2.8387634588267497e-12,3.711893415120596e-05,0.0,0.007423786830241192,1.0
11.74,0.0,0.0,0.0,0.0,-5.179298471363054e-09,-8.78408261680101e-12,3.510869013515948e-05,0.0,0.007021738027031895,1.0
11.75,0.0,0.0,0.0,0.0,-5.52680480831536e-09,-8.509240000166909e-12,3.311755211282603e-05,0.0,0.006623510422565205,1.0
11.76,0.0,0.0,0.0,0.0,-5.854921064641081e-09,-7.164721457383526e-12,3.1147164703556497e-05,0.0,0.006229432940711299,1.0
11.77,0.0,0.0,0.0,0.0,-6.167913275051935e-09,-2.9365518831733885e-12,2.9198996681309235e-05,0.0,0.005839799336261847,1.0
11.78,0.0,0.0,0.0,0.0,-6.464196531962943e-09,-3.42389038619141e-13,2.727448467869656e-05,0.0,0.005454896935739312,1.0
11.790000000000001,0.0,0.0,0.0,0.0,-6.745024982185636e-09,7.032250168212133e-13,2.5375164315240386e-05,0.0,0.005075032863048077,1.0
11.8,0.0,0.0,0.0,0.0,-7.012963986804616e-09,9.374855716327362e-12,2.3502282540683266e-05,0.0,0.004700456508136653,1.0
11.81,0.0,0.0,0.0,0.0,-7.256063086377997e-09,3.826690449504031e-12,2.1657068985014725e-05,0.0,0.004331413797002945,1.0
11.82,0.0,0.0,0.0,0.0,-7.486392816571192e-09,4.8487861807558864e-12,1.9840694814417322e-05,0.0,0.003968138962883464,1.0
11.83,0.0,0.0,0.0,0.0,-7.703031363265676e-09,1.8114285123836317e-12,1.805430201985674e-05,0.0,0.0036108604039713477,1.0
11.84,0.0,0.0,0.0,0.0,-7.905422237312227e-09,4.680521651876777e-12,1.6298948964621082e-05,0.0,0.0032597897929242162,1.0
11.85,0.0,0.0,0.0,0.0,-8.090995634831472e-09,2.4998168476005893e-12,1.4575609958147249e-05,0.0,0.0029151219916294497,1.0
11.86,0.0,0.0,0.0,0.0,-8.261499629631308e-09,3.1946629637219365e-12,1.2885159141319429e-05,0.0,0.002577031828263886,1.0
11.870000000000001,0.0,0.0,0.0,0.0,-8.416924666533036e-09,1.9346443350589916e-12,1.1228480113376144e-05,0.0,0.0022456960226752286,1.0
11.88,0.0,0.0,0.0,0.0,-8.562914232453106e-09,5.912328101792549e-12,9.606315741188893e-06,0.0,0.0019212631482377787,1.0
11.89,0.0,0.0,0.0,0.0,-8.693965862603362e-09,7.0634378364903085e-12,8.019420242514753e-06,0.0,0.0016038840485029507,1.0
11.9,0.0,0.0,0.0,0.0,-8.810877587261563e-09,6.404756173694641e-12,6.468560085488219e-06,0.0,0.0012937120170976439,1.0
11.91,0.0,0.0,0.0,0.0,-8.912632936652008e-09,4.891945671187466e-12,4.9542747383008405e-06,0.0,0.000990854947660168,1.0
11.92,0.0,0.0,0.0,0.0,-8.994462819274264e-09,-9.419338304318796e-13,3.4770598018309507e-06,0.0,0.0006954119603661902,1.0
11.93,0.0,0.0,0.0,0.0,-9.067047413041518e-09,-1.3527981626377405e-12,2.0373704705507107e-06,0.0,0.00040747409411014216,1.0
11.94,0.0,0.0,0.0,0.0,-9.10828404752362e-09,-1.5598198291034687e-12,6.35847046887438e-07,0.0,0.00012716940937748759,1.0
11.950000000000001,0.0,0.0,0.0,0.0,-9.16017085383382e-09,-1.6367114104071638e-12,7.27438639323091e-07,0.0,0.00014548772786461818,1.0
11.96,0.0,0.0,0.0,0.0,-9.214090753769102e-09,-4.957077686897366e-13,2.051900535311287e-06,0.0,0.00041038010706225735,1.0
11.97,0.0,0.0,0.0,0.0,-9.224707503463732e-09,9.283032109460641e-13,3.337266897227709e-06,0.0,0.0006674533794455418,1.0
11.98,0.0,0.0,0.0,0.0,-9.238931644502243e-09,2.742019395862836e-12,4.583563246479861e-06,0.0,0.0009167126492959721,1.0
11.99,0.0,0.0,0.0,0.0,-9.279777846475599e-09,4.305012832829783e-12,5.790358582843935e-06,0.0,0.001158071716568787,1.0
12.0,0.0,0.0,0.0,0.0,-9.252829642432389e-09,-5.416538547093836e-13,6.957583929595583e-06,0.0,0.0013915167859191167,1.0
12.01,0.0,0.0,0.0,0.0,-9.354271140446304e-09,3.6118546486914024e-12,8.08534755670595e-06,0.0,0.0016170695113411902,1.0
12.02,0.0,0.0,0.0,0.0,-9.336274864677358e-09,6.725805016492736e-13,9.173362035070419e-06,0.0,0.0018346724070140838,1.0
12.030000000000001,0.0,0.0,0.0,0.0,-9.299104544012551e-09,1.839553145559158e-12,1.0221773019832941e-05,0.0,0.002044354603966588,1.0
12.040000000000001,0.0,0.0,0.0,0.0,-9.254198023203252e-09,2.7469580467159564e-13,1.1230596980674265e-05,0.0,0.0022461193961348528,1.0
12.05,0.0,0.0,0.0,0.0,-9.206346897298272e-09,3.232690107297654e-12,1.2199961524702376e-05,0.0,0.002439992304940475,1.0
12.06,0.0,0.0,0.0,0.0,-9.147424751261048e-09,3.6379867264104363e-13,1.3129974233608516e-05,0.0,0.002625994846721703,1.0
12.07,0.0,0.0,0.0,0.0,-9.083547675436237e-09,1.54199284212628e-12,1.4020856319791966e-05,0.0,0.002804171263958393,1.0
12.08,0.0,0.0,0.0,0.0,-9.0092902543449e-09,-3.1233564032254297e-13,1.487272450740639e-05,0.0,0.0029745449014812776,1.0
12.09,0.0,0.0,0.0,0.0,-8.931547127455312e-09,1.6333887765225635e-12,1.5685896960315812e-05,0.0,0.0031371793920631622,1.0
12.1,0.0,0.0,0.0,0.0,-8.840350284151632e-09,-7.327093840505268e-13,1.6460613611445873e-05,0.0,0.0032921227222891744,1.0
12.11,0.0,0.0,0.0,0.0,-8.744756638688615e-09,5.69683488830613e-13,1.7197181816545402e-05,0.0,0.0034394363633090804,1.0
12.120000000000001,0.0,0.0,0.0,0.0,-8.642246446063185e-09,2.154918853188296e-12,1.7896000522909084e-05,0.0,0.003579200104581817,1.0
12.13,0.0,0.0,0.0,0.0,-8.5316359138333e-09,3.783051950394464e-12,1.855738247929965e-05,0.0,0.0037114764958599304,1.0
12.14,0.0,0.0,0.0,0.0,-8.417383162638533e-09,3.88765831039262e-12,1.9181715226113816e-05,0.0,0.0038363430452227633,1.0
12.15,0.0,0.0,0.0,0.0,-8.294218349310198e-09,1.317205063733352e-12,1.976946083714738e-05,0.0,0.003953892167429476,1.0
12.16,0.0,0.0,0.0,0.0,-8.163463096166242e-09,-3.846710617543389e-13,2.0321085274055423e-05,0.0,0.004064217054811085,1.0
12.17,0.0,0.0,0.0,0.0,-8.041923525906344e-09,-3.1154324679217553e-12,2.0828119601188495e-05,0.0,0.004165623920237699,1.0
12.18,0.0,0.0,0.0,0.0,-7.771701530973177e-09,-5.24473458373135e-12,2.1280708215233006e-05,0.0,0.004256141643046601,1.0
12.19,0.0,0.0,0.0,0.0,-7.178228383175791e-09,-3.652419671408402e-12,2.1703839706609464e-05,0.0,0.0043407679413218925,1.0
12.200000000000001,0.0,0.0,0.0,0.0,-7.222320680431654e-09,-2.2911222560942165e-12,2.209265438876034e-05,0.0,0.004418530877752068,1.0
12.21,0.0,0.0,0.0,0.0,-7.037575814018025e-09,4.4740925050297184e-13,2.2450431778120365e-05,0.0,0.004490086355624073,1.0
12.22,0.0,0.0,0.0,0.0,-6.907871394161002e-09,1.3515942704203123e-12,2.2777453074749006e-05,0.0,0.004555490614949801,1.0
12.23,0.0,0.0,0.0,0.0,-6.7535260925298724e-09,2.775618407880935e-12,2.3074221785242698e-05,0.0,0.004614844357048539,1.0
12.24,0.0,0.0,0.0,0.0,-6.597211585917676e-09,2.4426639837828057e-12,2.3341255906200204e-05,0.0,0.00466825118124004,1.0
12.25,0.0,0.0,0.0,0.0,-6.437642686346841e-09,3.0180082811617873e-12,2.357916551033348e-05,0.0,0.004715833102066695,1.0
12.26,0.0,0.0,0.0,0.0,-6.275797649080977e-09,1.6448987558289213e-12,2.3788485586732167e-05,0.0,0.004757697117346433,1.0
12.27,0.0,0.0,0.0,0.0,-6.114849984230646e-09,2.3479525753665995e-12,2.396982334025533e-05,0.0,0.004793964668051065,1.0
12.280000000000001,0.0,0.0,0.0,0.0,-5.952547699669826e-09,2.0842554477191222e-12,2.412384597131976e-05,0.0,0.004824769194263952,1.0
12.290000000000001,0.0,0.0,0.0,0.0,-5.788014709783951e-09,1.7351358843148807e-12,2.4251162774909527e-05,0.0,0.004850232554981905,1.0
12.3,0.0,0.0,0.0,0.0,-5.625555588691529e-09,-1.167043640232713e-12,2.435249288570752e-05,0.0,0.004870498577141504,1.0
12.31,0.0,0.0,0.0,0.0,-5.462145679500919e-09,-2.1301942735503432e-12,2.4428476839386194e-05,0.0,0.004885695367877239,1.0
12.32,0.0,0.0,0.0,0.0,-5.303222815672048e-09,-2.520593213278382e-12,2.4464821163389377e-05,0.0,0.004892964232677875,1.0
12.33,0.0,0.0,0.0,0.0,-5.083813401773393e-09,-1.5710475406816255e-12,2.4476537907567048e-05,0.0,0.004895307581513409,1.0
12.34,0.0,0.0,0.0,0.0,-4.956343687118964e-09,-1.8695040220176968e-12,2.4464606305461852e-05,0.0,0.0048929212610923705,1.0
12.35,0.0,0.0,0.0,0.0,-4.8045051256299564e-09,-1.4696916469359785e-12,2.4436239312776523e-05,0.0,0.004887247862555304,1.0
12.36,0.0,0.0,0.0,0.0,-4.684565738267558e-09,-2.3770291140614927e-12,2.4386027917952082e-05,0.0,0.004877205583590416,1.0
12.370000000000001,0.0,0.0,0.0,0.0,-4.508846666946993e-09,-1.7289060395070216e-12,2.431509682694735e-05,0.0,0.00486301936538947,1.0
12.38,0.0,0.0,0.0,0.0,-4.341702642244208e-09,2.1783730151948834e-13,2.4224007415390283e-05,0.0,0.004844801483078057,1.0
12.39,0.0,0.0,0.0,0.0,-4.1797211547166844e-09,3.601869967888103e-13,2.4113557483370554e-05,0.0,0.004822711496674111,1.0
12.4,0.0,0.0,0.0,0.0,-4.018075602008667e-09,7.077614597595077e-13,2.3984391489337174e-05,0.0,0.004796878297867435,1.0
12.41,0.0,0.0,0.0,0.0,-3.858106776490089e-09,-3.270791654652789e-13,2.383650638081444e-05,0.0,0.0047673012761628875,1.0
12.42,0.0,0.0,0.0,0.0,-3.6960081899257324e-09,-6.206506814207725e-13,2.3668766038147335e-05,0.0,0.004733753207629467,1.0
12.43,0.0,0.0,0.0,0.0,-3.531213359732102e-09,-7.375095860300146e-13,2.3481972030946437e-05,0.0,0.0046963944061892875,1.0
12.44,0.0,0.0,0.0,0.0,-3.3741457362815043e-09,-2.242174335641329e-12,2.3276988408100526e-05,0.0,0.004655397681620105,1.0
12.450000000000001,0.0,0.0,0.0,0.0,-3.2177905878976814e-09,-1.0018648793479567e-12,2.3054612111343854e-05,0.0,0.00461092242226877,1.0
12.46,0.0,0.0,0.0,0.0,-3.0643757981915094e-09,-7.750168447265774e-13,2.2815676760793067e-05,0.0,0.004563135352158613,1.0
12.47,0.0,0.0,0.0,0.0,-2.9103412065617828e-09,2.3680142976085914e-13,2.2560968005190573e-05,0.0,0.0045121936010381145,1.0
12.48,0.0,0.0,0.0,0.0,-2.7584884048143044e-09,4.4839969237930237e-13,2.2291267882440586e-05,0.0,0.004458253576488117,1.0
12.49,0.0,0.0,0.0,0.0,-2.6072380418953096e-09,-1.0129562935590185e-12,2.2007352626524617e-05,0.0,0.004401470525304923,1.0
12.5,0.0,0.0,0.0,0.0,-2.4591733601999812e-09,-1.7131126360062129e-13,2.1690472258997998e-05,0.0,0.004338094451799599,1.0
12.51,0.0,0.0,0.0,0.0,-2.2409538100829828e-09,-2.1175358698846031e-13,2.1372137423356648e-05,0.0,0.00427442748467133,1.0
12.52,0.0,0.0,0.0,0.0,-2.171174246439838e-09,1.7062900793872858e-12,2.104304685843154e-05,0.0,0.004208609371686308,1.0
12.530000000000001,0.0,0.0,0.0,0.0,-2.0230483483681073e-09,1.0228608416171506e-12,2.0703890420032156e-05,0.0,0.004140778084006431,1.0
12.540000000000001,0.0,0.0,0.0,0.0,-1.8831931311120344e-09,1.6545920146578634e-13,2.0355370812396004e-05,0.0,0.004071074162479201,1.0
12.55,0.0,0.0,0.0,0.0,-1.7456809190156717e-09,3.3868205372209405e-13,1.9998176394451618e-05,0.0,0.003999635278890324,1.0
12.56,0.0,0.0,0.0,0.0,-1.610201854581659e-09,-1.1173779818195604e-13,1.963301436024119e-05,0.0,0.003926602872048238,1.0
12.57,0.0,0.0,0.0,0.0,-1.4771321919604262e-09,2.7301636860574234e-14,1.926057684374838e-05,0.0,0.0038521153687496763,1.0
12.58,0.0,0.0,0.0,0.0,-1.346950315913037e-09,6.577255552948135e-14,1.888156717185162e-05,0.0,0.003776313434370324,1.0
12.59,0.0,0.0,0.0,0.0,-1.2192706764998893e-09,1.4313178405603616e-13,1.8496705682913028e-05,0.0,0.0036993411365826056,1.0
12.6,0.0,0.0,0.0,0.0,-1.0940002887955886e-09,2.0181063887776972e-13,1.8106696552088997e-05,0.0,0.0036213393104177994,1.0
12.61,0.0,0.0,0.0,0.0,-9.716674783630482e-10,1.1470501864261089e-12,1.771226584497664e-05,0.0,0.003542453168995328,1.0
12.620000000000001,0.0,0.0,0.0,0.0,-8.518282972909204e-10,1.2818546950986917e-12,1.7314161413315325e-05,0.0,0.0034628322826630647,1.0
12.63,0.0,0.0,0.0,0.0,-7.33992283654793e-10,1.0026793027487936e-12,1.6913105225303936e-05,0.0,0.0033826210450607873,1.0
12.64,0.0,0.0,0.0,0.0,-6.19788776613123e-10,1.1936103878585612e-12,1.6509862830871415e-05,0.0,0.003301972566174283,1.0
12.65,0.0,0.0,0.0,0.0,-5.073781281574818e-10,4.4055158692118116e-13,1.6105157457520027e-05,0.0,0.0032210314915040055,1.0
12.66,0.0,0.0,0.0,0.0,-3.989954341838453e-10,1.0936119337146e-12,1.569969507284911e-05,0.0,0.003139939014569822,1.0
12.67,0.0,0.0,0.0,0.0,-2.931570843675803e-10,6.834290858633029e-14,1.529156777102951e-05,0.0,0.0030583135542059017,1.0
12.68,0.0,0.0,0.0,0.0,-1.913823989032786e-10,3.2211353967368085e-13,1.4879371413660789e-05,0.0,0.002975874282732158,1.0
12.69,0.0,0.0,0.0,0.0,-9.229051541430563e-11,-6.614955704686244e-13,1.446389304232294e-05,0.0,0.0028927786084645877,1.0
12.700000000000001,0.0,0.0,0.0,0.0,4.091851597737304e-12,-3.5654699446705074e-13,1.4045948737595657e-05,0.0,0.0028091897475191314,1.0
12.71,0.0,0.0,0.0,0.0,9.809259764689452e-11,-6.544584229755196e-13,1.3626294382843165e-05,0.0,0.002725258876568633,1.0
12.72,0.0,0.0,0.0,0.0,1.8831091012591784e-10,-3.792021940451765e-13,1.3205716267205557e-05,0.0,0.0026411432534411113,1.0
12.73,0.0,0.0,0.0,0.0,2.764476161830598e-10,-3.326138264314887e-14,1.2784926962540985e-05,0.0,0.002556985392508197,1.0
12.74,0.0,0.0,0.0,0.0,3.614821354549948e-10,1.9282061048445832e-13,1.236458340804732e-05,0.0,0.0024729166816094637,1.0
12.75,0.0,0.0,0.0,0.0,4.4371361354874386e-10,8.986722857861065e-13,1.1945251898892e-05,0.0,0.0023890503797784,1.0
12.76,0.0,0.0,0.0,0.0,5.232435432917884e-10,9.489384708743661e-13,1.1527409150828814e-05,0.0,0.002305481830165763,1.0
12.77,0.0,0.0,0.0,0.0,6.003071016911963e-10,1.2146063047054471e-12,1.1111461358117224e-05,0.0,0.002222292271623445,1.0
12.780000000000001,0.0,0.0,0.0,0.0,6.739236248492455e-10,8.035430544422225e-13,1.0697805744504911e-05,0.0,0.002139561148900982,1.0
12.790000000000001,0.0,0.0,0.0,0.0,7.452926195387886e-10,3.061165197415337e-13,1.0286705408703812e-05,0.0,0.0020573410817407625,1.0
12.8,0.0,0.0,0.0,0.0,8.120529986980785e-10,2.3858143629838077e-13,9.878485087979743e-06,0.0,0.0019756970175959484,1.0
12.81,0.0,0.0,0.0,0.0,8.768974187823722e-10,-9.831706947024344e-14,9.473440233548486e-06,0.0,0.0018946880467096971,1.0
12.82,0.0,0.0,0.0,0.0,9.396113596072278e-10,6.672548626475184e-14,9.070928444170567e-06,0.0,0.0018141856888341133,1.0
12.83,0.0,0.0,0.0,0.0,9.990887218160827e-10,-2.1331529142750691e-13,8.670858979880731e-06,0.0,0.0017341717959761462,1.0
12.84,0.0,0.0,0.0,0.0,1.0550958071119261e-09,1.512574125020779e-13,8.27397525449495e-06,0.0,0.0016547950508989898,1.0
12.85,0.0,0.0,0.0,0.0,1.1105974217572554e-09,3.790618412428741e-13,7.880931688526814e-06,0.0,0.0015761863377053626,1.0
12.86,0.0,0.0,0.0,0.0,1.1614869450516155e-09,5.294274644690892e-13,7.4921784307996626e-06,0.0,0.0014984356861599325,1.0
12.870000000000001,0.0,0.0,0.0,0.0,1.2102949601825035e-09,7.178013563464203e-13,7.108180857961379e-06,0.0,0.0014216361715922758,1.0
12.88,0.0,0.0,0.0,0.0,1.2572746987581595e-09,9.28108833575401e-13,6.729302913401351e-06,0.0,0.0013458605826802703,1.0
12.89,0.0,0.0,0.0,0.0,1.2998779414250306e-09,1.417898167108413e-12,6.3558760936434435e-06,0.0,0.0012711752187286886,1.0
12.9,0.0,0.0,0.0,0.0,1.3411774337072184e-09,5.763532290758526e-13,5.988183235674158e-06,0.0,0.0011976366471348316,1.0
12.91,0.0,0.0,0.0,0.0,1.3780593833672474e-09,-2.2416709318288962e-13,5.626462578408771e-06,0.0,0.0011252925156817542,1.0
12.92,0.0,0.0,0.0,0.0,1.412496432519096e-09,-1.0353845094368756e-12,5.2709400989474176e-06,0.0,0.0010541880197894836,1.0
12.93,0.0,0.0,0.0,0.0,1.444338939731768e-09,-7.178312717616139e-13,4.9217875218109425e-06,0.0,0.0009843575043621885,1.0
12.94,0.0,0.0,0.0,0.0,1.47295432244988e-09,-8.440810230864994e-13,4.579181240098617e-06,0.0,0.0009158362480197234,1.0
12.950000000000001,0.0,0.0,0.0,0.0,1.5000963217303816e-09,-9.67981762273802e-13,4.243273165734554e-06,0.0,0.0008486546331469108,1.0
12.96,0.0,0.0,0.0,0.0,1.5242681816850437e-09,-9.767421525766242e-13,3.914198232378016e-06,0.0,0.0007828396464756031,1.0
12.97,0.0,0.0,0.0,0.0,1.5461594195893547e-09,-1.6433301612640983e-13,3.5920720254709134e-06,0.0,0.0007184144050941827,1.0
12.98,0.0,0.0,0.0,0.0,1.5657816075288743e-09,1.0507277585309998e-13,3.2769981439371486e-06,0.0,0.0006553996287874298,1.0
12.99,0.0,0.0,0.0,0.0,1.5827387389767962e-09,6.58698300192891e-13,2.9690898913213384e-06,0.0,0.0005938179782642676,1.0
13.0,0.0,0.0,0.0,0.0,1.5981578929838288e-09,-2.2497192923240037e-13,2.6684042852672905e-06,0.0,0.0005336808570534581,1.0
13.01,0.0,0.0,0.0,0.0,1.6106188821510732e-09,2.9033379928414173e-13,2.375017275601245e-06,0.0,0.000475003455120249,1.0
13.02,0.0,0.0,0.0,0.0,1.6223491228386122e-09,-2.0591054613372913e-13,2.088993985682526e-06,0.0,0.0004177987971365052,1.0
13.030000000000001,0.0,0.0,0.0,0.0,1.6320666707762292e-09,2.4674079521241697e-13,1.8103967027764907e-06,0.0,0.0003620793405552981,1.0
13.040000000000001,0.0,0.0,0.0,0.0,1.6399888343381928e-09,-2.5466190690711476e-13,1.5392612956197085e-06,0.0,0.0003078522591239417,1.0
13.05,0.0,0.0,0.0,0.0,1.6450142329788278e-09,1.9839832663669484e-13,1.275636354851525e-06,0.0,0.000255127270970305,1.0
13.06,0.0,0.0,0.0,0.0,1.648002126502511e-09,-1.4942871857308833e-13,1.0195486099910287e-06,0.0,0.00020390972199820574,1.0
13.07,0.0,0.0,0.0,0.0,1.6485234346290965e-09,3.097261010412867e-13,7.710038966532633e-07,0.0,0.00015420077933065267,1.0
13.08,0.0,0.0,0.0,0.0,1.6473084165525661e-09,6.442539736427387e-13,5.30007339212245e-07,0.0,0.000106001467842449,1.0
13.09,0.0,0.0,0.0,0.0,1.644974000916421e-09,6.225875283190481e-13,2.965736879840181e-07,0.0,5.931473759680362e-05,1.0
13.1,0.0,0.0,0.0,0.0,1.6419541953246372e-09,8.10842165235853e-13,7.069414848679857e-08,0.0,1.4138829697359715e-05,1.0
13.11,0.0,0.0,0.0,0.0,1.6371089100225802e-09,6.794415429126131e-13,1.4764213096339102e-07,0.0,2.9528426192678204e-05,1.0
13.120000000000001,0.0,0.0,0.0,0.0,1.6308817134014147e-09,7.779601923957051e-13,3.5844778776989175e-07,0.0,7.168955755397835e-05,1.0
13.13,0.0,0.0,0.0,0.0,1.6231624351262805e-09,9.445047581555062e-13,5.617457110503226e-07,0.0,0.00011234914221006452,1.0
13.14,0.0,0.0,0.0,0.0,1.613685276926013e-09,7.54833896082665e-13,7.575712532225927e-07,0.0,0.00015151425064451854,1.0
13.15,0.0,0.0,0.0,0.0,1.6031062931933577e-09,4.061461073838984e-13,9.459722855933679e-07,0.0,0.0001891944571186736,1.0
13.16,0.0,0.0,0.0,0.0,1.5909813436908824e-09,3.66519420573888e-14,1.1269727712709675e-06,0.0,0.0002253945542541935,1.0
13.17,0.0,0.0,0.0,0.0,1.5783531002576876e-09,-2.0016174501178034e-13,1.3006292760465667e-06,0.0,0.00026012585520931335,1.0
13.18,0.0,0.0,0.0,0.0,1.5636404358351776e-09,-3.8699833365682175e-13,1.4669996173880775e-06,0.0,0.0002933999234776155,1.0
13.19,0.0,0.0,0.0,0.0,1.5477996582156586e-09,-5.70942143950258e-13,1.6261422646102627e-06,0.0,0.0003252284529220525,1.0
13.200000000000001,0.0,0.0,0.0,0.0,1.5308467498040448e-09,-2.790378050208321e-13,1.7781206917114206e-06,0.0,0.0003556241383422841,1.0
13.21,0.0,0.0,0.0,0.0,1.5127683515848696e-09,-3.595089889998115e-13,1.923007052675709e-06,0.0,0.0003846014105351418,1.0
13.22,0.0,0.0,0.0,0.0,1.4937197089297638e-09,-1.9052973340728413e-13,2.060885673798951e-06,0.0,0.00041217713475979025,1.0
13.23,0.0,0.0,0.0,0.0,1.473762365081539e-09,-4.9645630867492427e-14,2.1918322356229665e-06,0.0,0.0004383664471245933,1.0
13.24,0.0,0.0,0.0,0.0,1.4535588225144279e-09,-4.652244785070148e-13,2.315934196757753e-06,0.0,0.00046318683935155054,1.0
13.25,0.0,0.0,0.0,0.0,1.4323459679888402e-09,-2.3090145767012556e-13,2.4332753366486074e-06,0.0,0.00048665506732972145,1.0
13.26,0.0,0.0,0.0,0.0,1.4102475073928012e-09,-4.04974335810733e-13,2.543947347918788e-06,0.0,0.0005087894695837576,1.0
13.27,0.0,0.0,0.0,0.0,1.3870486218276495e-09,-2.749873974251071e-13,2.6480526767696717e-06,0.0,0.0005296105353539344,1.0
13.280000000000001,0.0,0.0,0.0,0.0,1.3627119004839407e-09,3.4727501410159883e-13,2.745689080690601e-06,0.0,0.0005491378161381202,1.0
13.290000000000001,0.0,0.0,0.0,0.0,1.3382048516034988e-09,8.552491920835768e-13,2.836974491489622e-06,0.0,0.0005673948982979244,1.0
13.3,0.0,0.0,0.0,0.0,1.3127843629815995e-09,1.119725328093062e-12,2.9220021225251943e-06,0.0,0.0005844004245050389,1.0
13.31,0.0,0.0,0.0,0.0,1.2873831477377486e-09,1.0729001388570456e-12,3.0008838228718153e-06,0.0,0.000600176764574363,1.0
13.32,0.0,0.0,0.0,0.0,1.2611822903657247e-09,7.074772463204692e-13,3.0737442456287146e-06,0.0,0.000614748849125743,1.0
13.33,0.0,0.0,0.0,0.0,1.2343373968427861e-09,2.437777308779646e-13,3.1406957738281035e-06,0.0,0.0006281391547656207,1.0
13.34,0.0,0.0,0.0,0.0,1.2074378965565045e-09,-5.741502562494634e-13,3.20185029317106e-06,0.0,0.000640370058634212,1.0
13.35,0.0,0.0,0.0,0.0,1.1800072551391705e-09,-9.08649498563403e-13,3.2573313894020543e-06,0.0,0.0006514662778804108,1.0
13.36,0.0,0.0,0.0,0.0,1.1519348418975133e-09,-3.9536898326228045e-13,3.3072700925062064e-06,0.0,0.0006614540185012412,1.0
13.370000000000001,0.0,0.0,0.0,0.0,1.1232335587925733e-09,2.987975562332908e-13,3.3517810865367762e-06,0.0,0.0006703562173073553,1.0
13.38,0.0,0.0,0.0,0.0,1.0947223925050867e-09,9.178609669916619e-13,3.3909988386531183e-06,0.0,0.0006781997677306236,1.0
13.39,0.0,0.0,0.0,0.0,1.0655006003785026e-09,1.0137675620485234e-12,3.425049590168763e-06,0.0,0.0006850099180337526,1.0
13.4,0.0,0.0,0.0,0.0,1.036138354546526e-09,9.898292784060664e-13,3.454060352938122e-06,0.0,0.0006908120705876244,1.0
13.41,0.0,0.0,0.0,0.0,1.0066277153923974e-09,8.982334964259833e-13,3.4781677204772393e-06,0.0,0.0006956335440954478,1.0
13.42,0.0,0.0,0.0,0.0,9.771843522382718e-10,9.355898006263061e-13,3.4975109653250343e-06,0.0,0.0006995021930650069,1.0
13.43,0.0,0.0,0.0,0.0,9.475431225356997e-10,8.428916605085032e-13,3.512204888920603e-06,0.0,0.0007024409777841205,1.0
13.44,0.0,0.0,0.0,0.0,9.185407633461841e-10,9.692906412903308e-13,3.5223938972705878e-06,0.0,0.0007044787794541175,1.0
13.450000000000001,0.0,0.0,0.0,0.0,8.886012649058654e-10,4.392128894907363e-13,3.5282112422373012e-06,0.0,0.0007056422484474602,1.0
13.46,0.0,0.0,0.0,0.0,8.589785760727534e-10,3.9561396782518404e-13,3.529790826814272e-06,0.0,0.0007059581653628544,1.0
13.47,0.0,0.0,0.0,0.0,8.294399846473748e-10,4.3084815604200686e-13,3.527266901554121e-06,0.0,0.0007054533803108242,1.0
13.48,0.0,0.0,0.0,0.0,8.001404843071131e-10,5.692944094750645e-14,3.5207794778494718e-06,0.0,0.0007041558955698943,1.0
13.49,0.0,0.0,0.0,0.0,7.708661418253924e-10,-5.298391596475808e-13,3.510456026982407e-06,0.0,0.0007020912053964814,1.0
13.5,0.0,0.0,0.0,0.0,7.420121890975232e-10,-1.0048057823157796e-12,3.496432108552815e-06,0.0,0.000699286421710563,1.0
13.51,0.0,0.0,0.0,0.0,7.1278893961105e-10,-6.931375534444801e-13,3.478839066880246e-06,0.0,0.0006957678133760492,1.0
13.52,0.0,0.0,0.0,0.0,6.840755471483443e-10,-9.54719650715834e-13,3.4578235767100687e-06,0.0,0.0006915647153420137,1.0
13.530000000000001,0.0,0.0,0.0,0.0,6.546846913922662e-10,3.851128253200786e-14,3.4334929463475036e-06,0.0,0.0006866985892695007,1.0
13.540000000000001,0.0,0.0,0.0,0.0,6.268002335987377e-10,-6.618653348768447e-13,3.406009096875543e-06,0.0,0.0006812018193751085,1.0
13.55,0.0,0.0,0.0,0.0,5.972144821571153e-10,1.503419410642874e-13,3.375474046236672e-06,0.0,0.0006750948092473344,1.0
13.56,0.0,0.0,0.0,0.0,5.698958660844751e-10,-3.866008730108345e-13,3.3420496375392503e-06,0.0,0.0006684099275078501,1.0
13.57,0.0,0.0,0.0,0.0,5.411856803520287e-10,-2.573847531498088e-13,3.3058410132230485e-06,0.0,0.0006611682026446097,1.0
13.58,0.0,0.0,0.0,0.0,5.141449743614157e-10,-5.782674504865862e-13,3.2669811853403472e-06,0.0,0.0006533962370680694,1.0
13.59,0.0,0.0,0.0,0.0,4.862214780038816e-10,4.869924006115229e-13,3.2255940810647456e-06,0.0,0.0006451188162129491,1.0
13.6,0.0,0.0,0.0,0.0,4.5871852836612815e-10,1.2665881589541543e-12,3.181816527554152e-06,0.0,0.0006363633055108304,1.0
13.61,0.0,0.0,0.0,0.0,4.314958228375004e-10,1.989270536421647e-12,3.1357709651599615e-06,0.0,0.0006271541930319923,1.0
13.620000000000001,0.0,0.0,0.0,0.0,4.0510738914080234e-10,2.439774682145825e-12,3.087574404643598e-06,0.0,0.0006175148809287195,1.0
13.63,0.0,0.0,0.0,0.0,3.7978424706380973e-10,1.3751981042156611e-12,3.037361456345476e-06,0.0,0.0006074722912690952,1.0
13.64,0.0,0.0,0.0,0.0,3.547326919767787e-10,8.124530199215514e-13,2.985243080140541e-06,0.0,0.0005970486160281083,1.0
13.65,0.0,0.0,0.0,0.0,3.30676883782312e-10,9.632241685036268e-14,2.931328651710121e-06,0.0,0.0005862657303420243,1.0
13.66,0.0,0.0,0.0,0.0,3.069531548782586e-10,-7.764250993793842e-13,2.8757420724881074e-06,0.0,0.0005751484144976215,1.0
13.67,0.0,0.0,0.0,0.0,2.829175775669364e-10,8.461929898034881e-14,2.8185912885683453e-06,0.0,0.000563718257713669,1.0
13.68,0.0,0.0,0.0,0.0,2.5958275968175667e-10,6.303450534667871e-13,2.7599934860654355e-06,0.0,0.0005519986972130871,1.0
13.69,0.0,0.0,0.0,0.0,2.364580443629147e-10,4.606767323274941e-13,2.7000579277593715e-06,0.0,0.0005400115855518743,1.0
13.700000000000001,0.0,0.0,0.0,0.0,2.1405699648023592e-10,3.886534397685545e-14,2.638892029238256e-06,0.0,0.0005277784058476512,1.0
13.71,0.0,0.0,0.0,0.0,1.9185781563044737e-10,-5.996967020275708e-13,2.5765925681574746e-06,0.0,0.0005153185136314949,1.0
13.72,0.0,0.0,0.0,0.0,1.7017344106445496e-10,-1.1183875051564971e-13,2.5132721735139422e-06,0.0,0.0005026544347027885,1.0
13.73,0.0,0.0,0.0,0.0,1.4834202593153622e-10,3.034634643509168e-13,2.4490307529961734e-06,0.0,0.0004898061505992347,1.0
13.74,0.0,0.0,0.0,0.0,1.277089451267211e-10,9.464038176254218e-13,2.3839774802685874e-06,0.0,0.0004767954960537175,1.0
13.75,0.0,0.0,0.0,0.0,1.0752440097472214e-10,2.4896082796599276e-14,2.3181979677760173e-06,0.0,0.0004636395935552035,1.0
13.76,0.0,0.0,0.0,0.0,8.839018181381799e-11,6.195391764949926e-13,2.251784916412279e-06,0.0,0.0004503569832824558,1.0
13.77,0.0,0.0,0.0,0.0,6.963324362050653e-11,1.0616970122314685e-13,2.184841428449002e-06,0.0,0.0004369682856898004,1.0
13.780000000000001,0.0,0.0,0.0,0.0,5.065449723437354e-11,2.0901931240342026e-13,2.117440935842807e-06,0.0,0.0004234881871685614,1.0
13.790000000000001,0.0,0.0,0.0,0.0,3.292773375517895e-11,-2.327747471243761e-13,2.049684925023589e-06,0.0,0.0004099369850047178,1.0
13.8,0.0,0.0,0.0,0.0,1.4702176657582506e-11,-1.0289180149416985e-14,1.9816521190723397e-06,0.0,0.0003963304238144679,1.0
13.81,0.0,0.0,0.0,0.0,-2.7638877369226192e-12,2.9482444212317503e-13,1.91341913996209e-06,0.0,0.000382683827992418,1.0
13.82,0.0,0.0,0.0,0.0,-1.951045349071191e-11,3.424718862252807e-13,1.8450874401091718e-06,0.0,0.00036901748802183434,1.0
13.83,0.0,0.0,0.0,0.0,-3.664592536201458e-11,7.412515624716835e-13,1.7767128183986234e-06,0.0,0.00035534256367972467,1.0
13.84,0.0,0.0,0.0,0.0,-5.168874611861986e-11,6.938892042945343e-13,1.708388978650057e-06,0.0,0.00034167779573001137,1.0
13.85,0.0,0.0,0.0,0.0,-6.714612009855589e-11,9.15009115159672e-13,1.6401858347302274e-06,0.0,0.00032803716694604547,1.0
13.86,0.0,0.0,0.0,0.0,-8.072385207441646e-11,3.5027798331724965e-13,1.5721789620726505e-06,0.0,0.0003144357924145301,1.0
13.870000000000001,0.0,0.0,0.0,0.0,-9.412056292844611e-11,5.761416441084844e-13,1.5044196925707334e-06,0.0,0.00030088393851414666,1.0
13.88,0.0,0.0,0.0,0.0,-1.0706695066743258e-10,-3.0912277645583125e-13,1.436967641007578e-06,0.0,0.0002873935282015156,1.0
13.89,0.0,0.0,0.0,0.0,-1.2026426031910323e-10,5.361671317645327e-13,1.3699059056608671e-06,0.0,0.0002739811811321734,1.0
13.9,0.0,0.0,0.0,0.0,-1.3347273503318715e-10,-3.782629755139058e-14,1.303297635201636e-06,0.0,0.00026065952704032723,1.0
13.91,0.0,0.0,0.0,0.0,-1.4535916698279815e-10,-1.8222770503447996e-13,1.237193998248147e-06,0.0,0.0002474387996496294,1.0
13.92,0.0,0.0,0.0,0.0,-1.5603385457798386e-10,-9.02031389364994e-13,1.171656358102708e-06,0.0,0.0002343312716205416,1.0
13.93,0.0,0.0,0.0,0.0,-1.6637359673753062e-10,-1.136125773864885e-12,1.106734802750443e-06,0.0,0.00022134696055008858,1.0
13.94,0.0,0.0,0.0,0.0,-1.7619264781617164e-10,-1.2941201777597268e-12,1.0424739846394824e-06,0.0,0.00020849479692789646,1.0
13.950000000000001,0.0,0.0,0.0,0.0,-1.8598181950771468e-10,-4.906325610851533e-13,9.789213388376541e-07,0.0,0.0001957842677675308,1.0
13.96,0.0,0.0,0.0,0.0,-1.954564608279102e-10,-3.6538712199022405e-15,9.161398671653373e-07,0.0,0.00018322797343306747,1.0
13.97,0.0,0.0,0.0,0.0,-2.047274004017922e-10,1.0327180326576598e-12,8.541665637503891e-07,0.0,0.00017083331275007782,1.0
13.98,0.0,0.0,0.0,0.0,-2.1262935215120325e-10,9.116950744586978e-13,7.930461374577303e-07,0.0,0.00015860922749154607,1.0
13.99,0.0,0.0,0.0,0.0,-2.2019871807119163e-10,1.2921255264682863e-12,7.328132959052271e-07,0.0,0.00014656265918104543,1.0
14.0,0.0,0.0,0.0,0.0,-2.266732825519338e-10,9.579895303609003e-14,6.735210821306179e-07,0.0,0.00013470421642612358,1.0
14.01,0.0,0.0,0.0,0.0,-2.336269713354282e-10,4.891008793889055e-13,6.151759604461006e-07,0.0,0.00012303519208922012,1.0
14.02,0.0,0.0,0.0,0.0,-2.391995417533795e-10,-4.55145103299607e-13,5.578275370298901e-07,0.0,0.00011156550740597803,1.0
14.030000000000001,0.0,0.0,0.0,0.0,-2.4551159987988594e-10,-5.783411214700681e-13,5.01518719547283e-07,0.0,0.00010030374390945661,1.0
14.040000000000001,0.0,0.0,0.0,0.0,-2.508909193252908e-10,-2.227920027528863e-13,4.462681187487348e-07,0.0,8.925362374974696e-05,1.0
14.05,0.0,0.0,0.0,0.0,-2.551817061551143e-10,-6.842240259547431e-13,3.920967350063648e-07,0.0,7.841934700127295e-05,1.0
14.06,0.0,0.0,0.0,0.0,-2.5956461401636093e-10,-1.2487443873289444e-12,3.3903276403885637e-07,0.0,6.780655280777127e-05,1.0
14.07,0.0,0.0,0.0,0.0,-2.6362861533278177e-10,-7.420108072567091e-13,2.871083109940176e-07,0.0,5.742166219880352e-05,1.0
14.08,0.0,0.0,0.0,0.0,-2.678618844948304e-10,-4.748192014650497e-13,2.3632696234495982e-07,0.0,4.7265392468991966e-05,1.0
14.09,0.0,0.0,0.0,0.0,-2.703502713771777e-10,-5.525981745436468e-13,1.8673941840979806e-07,0.0,3.734788368195961e-05,1.0
14.1,0.0,0.0,0.0,0.0,-2.742700522930974e-10,2.4965314313857443e-13,1.3832107932609088e-07,0.0,2.7664215865218175e-05,1.0
14.11,0.0,0.0,0.0,0.0,-2.7589647930456515e-10,-3.703484535062352e-13,9.111165597407743e-08,0.0,1.8222331194815485e-05,1.0
14.120000000000001,0.0,0.0,0.0,0.0,-2.790218598234794e-10,9.047088176917538e-13,4.5133328170283345e-08,0.0,9.026665634056669e-06,1.0
14.13,0.0,0.0,0.0,0.0,-2.80881660527596e-10,6.022139607993599e-13,3.880540762812767e-10,0.0,7.761081525625534e-08,1.0
14.14,0.0,0.0,0.0,0.0,-2.824930221933076e-10,1.9641389827671528e-13,4.313764355397739e-08,0.0,8.627528710795478e-06,1.0
14.15,0.0,0.0,0.0,0.0,-2.8319838316115036e-10,-9.068400240458993e-13,8.538573797980929e-08,0.0,1.7077147595961856e-05,1.0
14.16,0.0,0.0,0.0,0.0,-2.8497457426999813e-10,-1.6493391907691827e-13,1.2637133427312906e-07,0.0,2.527426685462581e-05,1.0
14.17,0.0,0.0,0.0,0.0,-2.8433711390703627e-10,-6.411908403756784e-13,1.6610320380309828e-07,0.0,3.322064076061966e-05,1.0
14.18,0.0,0.0,0.0,0.0,-2.838732201557011e-10,4.189883130569527e-13,2.0456512410630235e-07,0.0,4.091302482126047e-05,1.0
14.19,0.0,0.0,0.0,0.0,-2.841732228381379e-10,-3.9931452253665793e-13,2.417600448735363e-07,0.0,4.835200897470726e-05,1.0
14.200000000000001,0.0,0.0,0.0,0.0,-2.8383848554114517e-10,5.849596533644256e-13,2.776771406487068e-07,0.0,5.553542812974136e-05,1.0
14.21,0.0,0.0,0.0,0.0,-2.835777612676389e-10,-2.8196855707129193e-13,3.1231664497526557e-07,0.0,6.246332899505311e-05,1.0
14.22,0.0,0.0,0.0,0.0,-2.8307815639852043e-10,6.381148646749943e-13,3.456848759511247e-07,0.0,6.913697519022493e-05,1.0
14.23,0.0,0.0,0.0,0.0,-2.8240827304066134e-10,1.2125336949791538e-13,3.7776344024953744e-07,0.0,7.555268804990749e-05,1.0
14.24,0.0,0.0,0.0,0.0,-2.8195641742810636e-10,-3.005116174425885e-13,4.085635006482331e-07,0.0,8.171270012964662e-05,1.0
14.25,0.0,0.0,0.0,0.0,-2.799714557050385e-10,1.7311984863140485e-13,4.3808111921248727e-07,0.0,8.761622384249746e-05,1.0
14.26,0.0,0.0,0.0,0.0,-2.7823045269133874e-10,3.02341531450704e-13,4.663415479164818e-07,0.0,9.326830958329635e-05,1.0
14.27,0.0,0.0,0.0,0.0,-2.747939654657517e-10,7.362050293201286e-13,4.933164068987278e-07,0.0,9.866328137974555e-05,1.0
14.280000000000001,0.0,0.0,0.0,0.0,-2.7258866182602975e-10,1.2950898016780754e-12,5.190457450273765e-07,0.0,0.0001038091490054753,1.0
14.290000000000001,0.0,0.0,0.0,0.0,-2.683797659622269e-10,1.0279065189744224e-12,5.435356916615787e-07,0.0,0.00010870713833231575,1.0
14.3,0.0,0.0,0.0,0.0,-2.6531753463206567e-10,3.278147019915128e-13,5.667872733612934e-07,0.0,0.00011335745467225868,1.0
14.31,0.0,0.0,0.0,0.0,-2.6239347736826755e-10,1.0545048434064433e-12,5.888199128367458e-07,0.0,0.00011776398256734917,1.0
14.32,0.0,0.0,0.0,0.0,-2.587242758430249e-10,1.1754611668764048e-12,6.096354958114784e-07,0.0,0.00012192709916229567,1.0
14.33,0.0,0.0,0.0,0.0,-2.5514509613157177e-10,1.240060147638159e-12,6.292525260185985e-07,0.0,0.0001258505052037197,1.0
14.34,0.0,0.0,0.0,0.0,-2.5114649129333285e-10,1.3715898629910885e-12,6.476945764359479e-07,0.0,0.00012953891528718958,1.0
14.35,0.0,0.0,0.0,0.0,-2.470478849397141e-10,8.146666722933288e-13,6.649685233154953e-07,0.0,0.00013299370466309904,1.0
14.36,0.0,0.0,0.0,0.0,-2.4373407111830174e-10,8.232753986991497e-13,6.810987399928442e-07,0.0,0.00013621974799856882,1.0
14.370000000000001,0.0,0.0,0.0,0.0,-2.3984064202822756e-10,3.302938872349964e-13,6.96091116497526e-07,0.0,0.0001392182232995052,1.0
14.38,0.0,0.0,0.0,0.0,-2.363075897333054e-10,-5.114281678505073e-13,7.099657841775841e-07,0.0,0.00014199315683551683,1.0
14.39,0.0,0.0,0.0,0.0,-2.3168152689692133e-10,-8.695052168085603e-13,7.227325323373069e-07,0.0,0.00014454650646746138,1.0
14.4,0.0,0.0,0.0,0.0,-2.270590471645406e-10,-8.112445816397621e-13,7.344237179516346e-07,0.0,0.0001468847435903269,1.0
14.41,0.0,0.0,0.0,0.0,-2.2185574843713952e-10,-2.0405546507526548e-13,7.450599064835691e-07,0.0,0.0001490119812967138,1.0
14.42,0.0,0.0,0.0,0.0,-2.1702216647340825e-10,9.268203167340506e-14,7.54652047516336e-07,0.0,0.0001509304095032672,1.0
14.43,0.0,0.0,0.0,0.0,-2.1251568744263872e-10,8.771629643688734e-14,7.632281137158668e-07,0.0,0.00015264562274317335,1.0
14.44,0.0,0.0,0.0,0.0,-2.0742542389774194e-10,4.533337209909512e-14,7.708033326536711e-07,0.0,0.00015416066653073423,1.0
14.450000000000001,0.0,0.0,0.0,0.0,-2.0275232643746706e-10,4.210019730402308e-13,7.774072569879773e-07,0.0,0.00015548145139759547,1.0
14.46,0.0,0.0,0.0,0.0,-1.977272359988098e-10,1.2784225583059798e-13,7.83055687904345e-07,0.0,0.000156611137580869,1.0
14.47,0.0,0.0,0.0,0.0,-1.9305635824044202e-10,6.732439595341656e-13,7.877707248170094e-07,0.0,0.0001575541449634019,1.0
14.48,0.0,0.0,0.0,0.0,-1.878745323672975e-10,4.162827662504005e-13,7.915705535420535e-07,0.0,0.0001583141107084107,1.0
14.49,0.0,0.0,0.0,0.0,-1.824444473025462e-10,3.80387040898196e-13,7.94480111282638e-07,0.0,0.0001588960222565276,1.0
14.5,0.0,0.0,0.0,0.0,-1.7688786508201307e-10,2.1639747243774234e-13,7.965342852248471e-07,0.0,0.00015930685704496943,1.0
14.51,0.0,0.0,0.0,0.0,-1.7112085923549497e-10,-2.6505103101178446e-13,7.977435751826973e-07,0.0,0.00015954871503653944,1.0
14.52,0.0,0.0,0.0,0.0,-1.662393956270509e-10,-2.8867893156925883e-13,7.98139918596381e-07,0.0,0.0001596279837192762,1.0
14.530000000000001,0.0,0.0,0.0,0.0,-1.6079766820719833e-10,-2.7302864247120197e-13,7.977428956998759e-07,0.0,0.00015954857913997518,1.0
14.540000000000001,0.0,0.0,0.0,0.0,-1.5561484296270633e-10,3.865148128409216e-15,7.965736155017628e-07,0.0,0.00015931472310035254,1.0
14.55,0.0,0.0,0.0,0.0,-1.5026381822176487e-10,-6.23574011090143e-14,7.946599759763824e-07,0.0,0.00015893199519527646,1.0
14.56,0.0,0.0,0.0,0.0,-1.4473817514641675e-10,-3.322960608807184e-13,7.920263017124386e-07,0.0,0.00015840526034248772,1.0
14.57,0.0,0.0,0.0,0.0,-1.394189177813869e-10,-5.436631837184107e-13,7.886978173643156e-07,0.0,0.00015773956347286312,1.0
14.58,0.0,0.0,0.0,0.0,-1.3417828117507534e-10,-4.4577994941091444e-13,7.846958838334714e-07,0.0,0.00015693917676669428,1.0
14.59,0.0,0.0,0.0,0.0,-1.2904708170544697e-10,-6.634688311771324e-13,7.800446063945562e-07,0.0,0.00015600892127891122,1.0
14.6,0.0,0.0,0.0,0.0,-1.2385169854227953e-10,-4.739234989851799e-13,7.747696168037683e-07,0.0,0.00015495392336075365,1.0
14.61,0.0,0.0,0.0,0.0,-1.1866793072930968e-10,-4.206771534372807e-13,7.688950339316451e-07,0.0,0.00015377900678632903,1.0
14.620000000000001,0.0,0.0,0.0,0.0,-1.13454954210325e-10,-3.3792880431999277e-13,7.624397599800158e-07,0.0,0.00015248795199600314,1.0
14.63,0.0,0.0,0.0,0.0,-1.0830677005129305e-10,-3.5247146258997664e-13,7.55458214885873e-07,0.0,0.00015109164297717458,1.0
14.64,0.0,0.0,0.0,0.0,-1.0332429802381499e-10,-2.170905439658541e-13,7.479483454779052e-07,0.0,0.00014958966909558104,1.0
14.65,0.0,0.0,0.0,0.0,-9.821863743851823e-11,-3.789949761025321e-13,7.39930191529913e-07,0.0,0.0001479860383059826,1.0
14.66,0.0,0.0,0.0,0.0,-9.336747214085216e-11,-2.484131636181233e-13,7.314256266725591e-07,0.0,0.00014628512533451183,1.0
14.67,0.0,0.0,0.0,0.0,-8.849772923368217e-11,-6.38331384718488e-14,7.224591459516632e-07,0.0,0.00014449182919033264,1.0
14.68,0.0,0.0,0.0,0.0,-8.36549782338762e-11,2.0251936567693238e-13,7.130573551885187e-07,0.0,0.00014261147103770375,1.0
14.69,0.0,0.0,0.0,0.0,-7.88826624215031e-11,2.305854998499645e-13,7.032402381528433e-07,0.0,0.00014064804763056868,1.0
14.700000000000001,0.0,0.0,0.0,0.0,-7.431210222436412e-11,1.580841896155946e-13,6.930283191528881e-07,0.0,0.00013860566383057762,1.0
14.71,0.0,0.0,0.0,0.0,-6.962168394519373e-11,-9.215414173153287e-14,6.824434429157968e-07,0.0,0.00013648868858315936,1.0
14.72,0.0,0.0,0.0,0.0,-6.484853744984141e-11,-2.2790032309584134e-13,6.715108146288554e-07,0.0,0.00013430216292577106,1.0
14.73,0.0,0.0,0.0,0.0,-6.016791112191417e-11,-2.480577632279633e-13,6.60254802373311e-07,0.0,0.0001320509604746622,1.0
14.74,0.0,0.0,0.0,0.0,-5.562966690497937e-11,-2.3694221543259444e-13,6.486913071023059e-07,0.0,0.00012973826142046116,1.0
14.75,0.0,0.0,0.0,0.0,-5.138429035884415e-11,-2.0280947027006463e-13,6.368426684451054e-07,0.0,0.00012736853368902108,1.0
14.76,0.0,0.0,0.0,0.0,-4.6948483629580826e-11,-3.6243748530257116e-13,6.247297963805847e-07,0.0,0.00012494595927611693,1.0
14.77,0.0,0.0,0.0,0.0,-4.2649863095841574e-11,-4.3553526018659284e-13,6.123755923645197e-07,0.0,0.00012247511847290394,1.0
14.780000000000001,0.0,0.0,0.0,0.0,-3.848057716197367e-11,-2.1411552333622742e-13,5.997993615243145e-07,0.0,0.0001199598723048629,1.0
14.790000000000001,0.0,0.0,0.0,0.0,-3.4426093347867954e-11,-1.9244725724854956e-13,5.87016046814883e-07,0.0,0.0001174032093629766,1.0
14.8,0.0,0.0,0.0,0.0,-3.0532699097131254e-11,7.354102021415276e-14,5.740492525274124e-07,0.0,0.00011480985050548249,1.0
14.81,0.0,0.0,0.0,0.0,-2.6463248193052626e-11,1.5968307852227186e-13,5.609177529806854e-07,0.0,0.00011218355059613709,1.0
14.82,0.0,0.0,0.0,0.0,-2.2547717781263025e-11,1.4004350626367148e-13,5.476363813642702e-07,0.0,0.00010952727627285404,1.0
14.83,0.0,0.0,0.0,0.0,-1.8932848133904252e-11,2.2451592657695722e-13,5.34230064246999e-07,0.0,0.00010684601284939981,1.0
14.84,0.0,0.0,0.0,0.0,-1.5107109422338535e-11,2.4591665313030535e-13,5.207097382347057e-07,0.0,0.00010414194764694115,1.0
14.85,0.0,0.0,0.0,0.0,-1.175820655307951e-11,3.51372753245761e-13,5.070949668429539e-07,0.0,0.00010141899336859078,1.0
14.86,0.0,0.0,0.0,0.0,-8.28074268981008e-12,2.904885630075289e-13,4.926781525414994e-07,0.0,9.853563050829987e-05,1.0
14.870000000000001,0.0,0.0,0.0,0.0,-5.027003266182834e-12,2.3439231768111473e-13,4.783059151704662e-07,0.0,9.566118303409324e-05,1.0
14.88,0.0,0.0,0.0,0.0,-1.8622841682870335e-12,1.4162099036648733e-13,4.639824850211125e-07,0.0,9.27964970042225e-05,1.0
14.89,0.0,0.0,0.0,0.0,1.2439306737975657e-12,1.1274466752158548e-13,4.497148215822785e-07,0.0,8.99429643164557e-05,1.0
14.9,0.0,0.0,0.0,0.0,4.248019313905309e-12,3.4720829194444884e-14,4.3550692423813286e-07,0.0,8.710138484762656e-05,1.0
14.91,0.0,0.0,0.0,0.0,7.148987233434646e-12,1.835137557951473e-14,4.2136409945144993e-07,0.0,8.427281989028999e-05,1.0
14.92,0.0,0.0,0.0,0.0,9.906025097271885e-12,-2.393217820253067e-14,4.072964018319096e-07,0.0,8.145928036638192e-05,1.0
14.93,0.0,0.0,0.0,0.0,1.2616325159102784e-11,-2.08891753603845e-14,3.933086877466906e-07,0.0,7.866173754933812e-05,1.0
14.94,0.0,0.0,0.0,0.0,1.5132902066137134e-11,3.287304941601572e-14,3.7940629272313763e-07,0.0,7.588125854462752e-05,1.0
14.950000000000001,0.0,0.0,0.0,0.0,1.7574256798128322e-11,-3.7599218941312694e-14,3.655986694674682e-07,0.0,7.311973389349364e-05,1.0
14.96,0.0,0.0,0.0,0.0,2.0011078634641484e-11,-8.260356035551192e-14,3.518945501606391e-07,0.0,7.037891003212782e-05,1.0
14.97,0.0,0.0,0.0,0.0,2.2314870603189905e-11,-1.5217244811025681e-13,3.383004720570742e-07,0.0,6.766009441141484e-05,1.0
14.98,0.0,0.0,0.0,0.0,2.4458902283660793e-11,-6.977798216542959e-14,3.2482309176570927e-07,0.0,6.496461835314185e-05,1.0
14.99,0.0,0.0,0.0,0.0,2.652979216002832e-11,-9.503160740862407e-14,3.114704947335063e-07,0.0,6.229409894670125e-05,1.0
15.0,0.0,0.0,0.0,0.0,2.8559261316963316e-11,7.831954301284842e-14,2.982516164271068e-07,0.0,5.9650323285421355e-05,1.0
15.01,0.0,0.0,0.0,0.0,3.049961106001e-11,5.859889221374039e-14,2.8517270578693736e-07,0.0,5.703454115738747e-05,1.0
15.02,0.0,0.0,0.0,0.0,3.228943149021886e-11,9.765919494446095e-14,2.72240919994099e-07,0.0,5.44481839988198e-05,1.0
15.030000000000001,0.0,0.0,0.0,0.0,3.4013768065190645e-11,1.8369387972996832e-13,2.594635721876349e-07,0.0,5.189271443752698e-05,1.0
15.040000000000001,0.0,0.0,0.0,0.0,3.5596952779472257e-11,8.020620992738358e-14,2.468492270835854e-07,0.0,4.9369845416717075e-05,1.0
15.05,0.0,0.0,0.0,0.0,3.717375630526502e-11,7.485255116617374e-14,2.3440121575081932e-07,0.0,4.688024315016386e-05,1.0
15.06,0.0,0.0,0.0,0.0,3.8572207619556925e-11,2.984189985594821e-14,2.2212724264636906e-07,0.0,4.442544852927381e-05,1.0
15.07,0.0,0.0,0.0,0.0,4.006022389124714e-11,-1.5214179193863367e-14,2.100329173702353e-07,0.0,4.2006583474047056e-05,1.0
15.08,0.0,0.0,0.0,0.0,4.1421255380082207e-11,-3.058754654421141e-14,1.9812610036459485e-07,0.0,3.962522007291897e-05,1.0
15.09,0.0,0.0,0.0,0.0,4.2752599401413525e-11,-9.319023380793795e-14,1.8641068615361735e-07,0.0,3.728213723072347e-05,1.0
15.1,0.0,0.0,0.0,0.0,4.3749329711669336e-11,-9.393070836176617e-14,1.748957757387259e-07,0.0,3.497915514774518e-05,1.0
15.11,0.0,0.0,0.0,0.0,4.4795713276128854e-11,-3.094978263562848e-14,1.6358104568888805e-07,0.0,3.271620913777761e-05,1.0
15.120000000000001,0.0,0.0,0.0,0.0,4.5602805367078884e-11,-3.079902885706211e-14,1.5247144498128636e-07,0.0,3.049428899625727e-05,1.0
15.13,0.0,0.0,0.0,0.0,4.646456534405319e-11,8.985122333837126e-14,1.415746717539256e-07,0.0,2.8314934350785117e-05,1.0
15.14,0.0,0.0,0.0,0.0,4.73674161750728e-11,-8.974074175012121e-15,1.3089286379844384e-07,0.0,2.6178572759688767e-05,1.0
15.15,0.0,0.0,0.0,0.0,4.81071989045707e-11,3.5783659630057775e-14,1.204282765756037e-07,0.0,2.4085655315120738e-05,1.0
15.16,0.0,0.0,0.0,0.0,4.875962345460879e-11,-2.2274351004289966e-15,1.1018773166564818e-07,0.0,2.2037546333129635e-05,1.0
15.17,0.0,0.0,0.0,0.0,4.937153876194972e-11,-4.363976063287742e-15,1.0017407983541685e-07,0.0,2.003481596708337e-05,1.0
15.18,0.0,0.0,0.0,0.0,4.9880596960003635e-11,8.73638917185206e-14,9.03863231923575e-08,0.0,1.80772646384715e-05,1.0
15.19,0.0,0.0,0.0,0.0,5.0271572407978326e-11,1.390555286593762e-14,8.082896197607719e-08,0.0,1.6165792395215438e-05,1.0
15.200000000000001,0.0,0.0,0.0,0.0,5.0754885820651264e-11,-3.160501636028111e-14,7.150561526795223e-08,0.0,1.4301123053590445e-05,1.0
15.21,0.0,0.0,0.0,0.0,5.114545939362989e-11,-1.2847230646288852e-13,6.241755539397048e-08,0.0,1.2483511078794095e-05,1.0
15.22,0.0,0.0,0.0,0.0,5.1487193966032413e-11,-1.5201214273663877e-13,5.356344373358277e-08,0.0,1.0712688746716554e-05,1.0
15.23,0.0,0.0,0.0,0.0,5.1644015788046426e-11,-1.8948834429567353e-13,4.495035236317478e-08,0.0,8.990070472634956e-06,1.0
15.24,0.0,0.0,0.0,0.0,5.191069282888113e-11,-9.556059663576719e-14,3.659591617767008e-08,0.0,7.319183235534017e-06,1.0
15.25,0.0,0.0,0.0,0.0,5.234621374251654e-11,-1.8314202307271087e-13,2.846942442574723e-08,0.0,5.693884885149445e-06,1.0
15.26,0.0,0.0,0.0,0.0,5.215620212262515e-11,-1.3825980589681801e-14,2.0578077222731574e-08,0.0,4.115615444546315e-06,1.0
15.27,0.0,0.0,0.0,0.0,5.2084808304305504e-11,-3.41533641753694e-13,1.2928246292961635e-08,0.0,2.5856492585923268e-06,1.0
15.280000000000001,0.0,0.0,0.0,0.0,5.199330980560036e-11,-2.3639343817035035e-13,5.51171807480757e-09,0.0,1.1023436149615142e-06,1.0
15.290000000000001,0.0,0.0,0.0,0.0,5.1632249463477575e-11,-2.3310536826629473e-13,1.6679411155391123e-09,0.0,3.3358822310782245e-07,1.0
15.3,0.0,0.0,0.0,0.0,5.13095163246487e-11,-5.007091595809873e-14,8.601279121541097e-09,0.0,1.7202558243082193e-06,1.0
15.31,0.0,0.0,0.0,0.0,5.1189383001658154e-11,-1.74287959190506e-14,1.5300862813864075e-08,0.0,3.060172562772815e-06,1.0
15.32,0.0,0.0,0.0,0.0,5.0492369845824503e-11,2.6701906952716787e-13,2.1757976395404404e-08,0.0,4.351595279080881e-06,1.0
15.33,0.0,0.0,0.0,0.0,5.024182434001698e-11,3.268968806149282e-13,2.7978361044523867e-08,0.0,5.595672208904773e-06,1.0
15.34,0.0,0.0,0.0,0.0,4.985556351508627e-11,3.1129059732640486e-13,3.3963576481108046e-08,0.0,6.792715296221609e-06,1.0
15.35,0.0,0.0,0.0,0.0,4.9664680605781405e-11,4.97357914312221e-13,3.971336440635059e-08,0.0,7.942672881270118e-06,1.0
15.36,0.0,0.0,0.0,0.0,4.9547106049418945e-11,1.4914497682855772e-13,4.522542087541843e-08,0.0,9.045084175083686e-06,1.0
15.370000000000001,0.0,0.0,0.0,0.0,4.9332281526320746e-11,-1.2936219790764775e-13,5.0501309808496613e-08,0.0,1.0100261961699323e-05,1.0
15.38,0.0,0.0,0.0,0.0,4.887996513653799e-11,-3.1170785842191175e-13,5.5544276941431096e-08,0.0,1.1108855388286218e-05,1.0
15.39,0.0,0.0,0.0,0.0,4.830771412163068e-11,-2.8601399098581957e-13,6.035618093814862e-08,0.0,1.2071236187629723e-05,1.0
15.4,0.0,0.0,0.0,0.0,4.7751452371597915e-11,-3.2834490296563586e-13,6.493985382002797e-08,0.0,1.2987970764005593e-05,1.0
15.41,0.0,0.0,0.0,0.0,4.7093359794692496e-11,3.2526713880684226e-14,6.929422358622461e-08,0.0,1.3858844717244922e-05,1.0
15.42,0.0,0.0,0.0,0.0,4.6406363114343656e-11,1.8829257052705393e-13,7.342311117395479e-08,0.0,1.4684622234790957e-05,1.0
15.43,0.0,0.0,0.0,0.0,4.546841445317113e-11,1.5504670286542952e-13,7.732861199754738e-08,0.0,1.5465722399509476e-05,1.0
15.44,0.0,0.0,0.0,0.0,4.459918278329484e-11,1.3000991992576898e-13,8.118250108311022e-08,0.0,1.6236500216622045e-05,1.0
15.450000000000001,0.0,0.0,0.0,0.0,4.874137434372168e-11,2.2117729173824235e-14,8.4743257163306e-08,0.0,1.6948651432661202e-05,1.0
15.46,0.0,0.0,0.0,0.0,4.329572692310851e-11,1.429044737485581e-13,8.800247096050055e-08,0.0,1.760049419210011e-05,1.0
15.47,0.0,0.0,0.0,0.0,4.264118101699675e-11,-2.364877724508364e-14,9.105754170985993e-08,0.0,1.8211508341971987e-05,1.0
15.48,0.0,0.0,0.0,0.0,4.214315562232154e-11,3.5933294719468666e-13,9.390691424560574e-08,0.0,1.8781382849121148e-05,1.0
15.49,0.0,0.0,0.0,0.0,4.164010722392698e-11,2.299651694944939e-13,9.655560880394753e-08,0.0,1.9311121760789506e-05,1.0
15.5,0.0,0.0,0.0,0.0,4.09358403006293e-11,2.7691018357502036e-13,9.900833182293048e-08,0.0,1.9801666364586095e-05,1.0
15.51,0.0,0.0,0.0,0.0,4.030719574822488e-11,2.39439081809886e-13,1.0127070701100818e-07,0.0,2.0254141402201633e-05,1.0
15.52,0.0,0.0,0.0,0.0,3.944750385117241e-11,1.7956978440768195e-13,1.0333552767830744e-07,0.0,2.0667105535661485e-05,1.0
15.530000000000001,0.0,0.0,0.0,0.0,3.870998496215845e-11,3.622206699331419e-14,1.0521344052986274e-07,0.0,2.1042688105972548e-05,1.0
15.540000000000001,0.0,0.0,0.0,0.0,3.7379567649876174e-11,3.7530028773816823e-13,1.0690806125278912e-07,0.0,2.1381612250557826e-05,1.0
15.55,0.0,0.0,0.0,0.0,3.6317972989917634e-11,4.355886324517277e-13,1.0842832431046408e-07,0.0,2.1685664862092817e-05,1.0
15.56,0.0,0.0,0.0,0.0,3.533091607671264e-11,3.511754916472236e-13,1.0977742826761881e-07,0.0,2.1955485653523763e-05,1.0
15.57,0.0,0.0,0.0,0.0,3.462448834666444e-11,5.11549822091597e-13,1.1095626496969677e-07,0.0,2.2191252993939354e-05,1.0
15.58,0.0,0.0,0.0,0.0,3.3860317588242935e-11,1.266502643857269e-13,1.1196539277180656e-07,0.0,2.2393078554361313e-05,1.0
15.59,0.0,0.0,0.0,0.0,3.305046023088352e-11,7.205532891951837e-14,1.1281435974664649e-07,0.0,2.2562871949329297e-05,1.0
15.6,0.0,0.0,0.0,0.0,3.205308043051655e-11,1.0512039755730373e-13,1.1350840013268325e-07,0.0,2.270168002653665e-05,1.0
15.610000000000001,0.0,0.0,0.0,0.0,3.1092324587736696e-11,-1.514174215450768e-13,1.1404584588055634e-07,0.0,2.2809169176111265e-05,1.0
15.620000000000001,0.0,0.0,0.0,0.0,3.020118869439286e-11,-3.427986986516555e-13,1.1468344573599337e-07,0.0,2.2936689147198673e-05,1.0
15.63,0.0,0.0,0.0,0.0,3.1708885744096436e-11,-1.151604932614091e-13,1.1489684369898335e-07,0.0,2.297936873979667e-05,1.0
15.64,0.0,0.0,0.0,0.0,2.7369447414270988e-11,2.716975427946312e-14,1.1523468529517629e-07,0.0,2.3046937059035258e-05,1.0
15.65,0.0,0.0,0.0,0.0,2.947684710135504e-11,-5.5824058464911095e-15,1.151557007521431e-07,0.0,2.303114015042862e-05,1.0
15.66,0.0,0.0,0.0,0.0,2.5523507321845657e-11,2.4737685771080344e-13,1.152066387335988e-07,0.0,2.304132774671976e-05,1.0
15.67,0.0,0.0,0.0,0.0,2.759630015063294e-11,2.2409166078686138e-14,1.1485112704740962e-07,0.0,2.2970225409481925e-05,1.0
15.68,0.0,0.0,0.0,0.0,2.352642570498778e-11,5.887366705688152e-14,1.1464106761896527e-07,0.0,2.2928213523793053e-05,1.0
15.69,0.0,0.0,0.0,0.0,2.538070783094875e-11,5.397335197312459e-14,1.1403293894651327e-07,0.0,2.2806587789302655e-05,1.0
15.700000000000001,0.0,0.0,0.0,0.0,2.1771024805153584e-11,1.3658330286513942e-13,1.1358306749380415e-07,0.0,2.271661349876083e-05,1.0
15.71,0.0,0.0,0.0,0.0,2.3484424449366527e-11,2.1598534988842123e-13,1.127462480794697e-07,0.0,2.254924961589394e-05,1.0
15.72,0.0,0.0,0.0,0.0,2.019511703451274e-11,3.107383946599134e-13,1.1206974054993325e-07,0.0,2.241394810998665e-05,1.0
15.73,0.0,0.0,0.0,0.0,2.1728634280484408e-11,1.3379232518336603e-15,1.1101850026245936e-07,0.0,2.220370005249187e-05,1.0
15.74,0.0,0.0,0.0,0.0,1.8404463945935734e-11,1.8457718331254108e-13,1.1013699733550245e-07,0.0,2.202739946710049e-05,1.0
15.75,0.0,0.0,0.0,0.0,1.9564513090966108e-11,6.702361387177617e-14,1.0889170554970552e-07,0.0,2.1778341109941102e-05,1.0
15.76,0.0,0.0,0.0,0.0,1.6663327074895193e-11,-4.3170604950227906e-14,1.0782411194335281e-07,0.0,2.1564822388670562e-05,1.0
15.77,0.0,0.0,0.0,0.0,1.758633666720416e-11,-2.690410808388335e-14,1.0640777349141554e-07,0.0,2.1281554698283107e-05,1.0
15.780000000000001,0.0,0.0,0.0,0.0,1.502678033710239e-11,-1.7937309880150026e-13,1.051662028052474e-07,0.0,2.103324056104948e-05,1.0
15.790000000000001,0.0,0.0,0.0,0.0,1.5880127615415994e-11,-2.343480681271139e-13,1.0359302639296866e-07,0.0,2.0718605278593733e-05,1.0
15.8,0.0,0.0,0.0,0.0,1.3219808865596767e-11,-2.217022395409503e-13,1.0219501164430556e-07,0.0,2.0439002328861112e-05,1.0
15.81,0.0,0.0,0.0,0.0,1.3897855207402053e-11,1.3057064690535397e-14,1.0048235212598336e-07,0.0,2.0096470425196673e-05,1.0
15.82,0.0,0.0,0.0,0.0,1.1579539932519116e-11,8.62331520343024e-15,9.895113102482654e-08,0.0,1.9790226204965307e-05,1.0
15.83,0.0,0.0,0.0,0.0,1.2152185248144509e-11,1.927068928546078e-13,9.711713699464847e-08,0.0,1.9423427398929694e-05,1.0
15.84,0.0,0.0,0.0,0.0,1.0353764576037874e-11,7.008745271063e-15,9.546051265470755e-08,0.0,1.909210253094151e-05,1.0
15.85,0.0,0.0,0.0,0.0,1.0650013092590188e-11,2.2665384134444596e-14,9.351890944131678e-08,0.0,1.8703781888263357e-05,1.0
15.860000000000001,0.0,0.0,0.0,0.0,8.99544869705792e-12,1.1471757007830378e-14,9.175685317031522e-08,0.0,1.8351370634063043e-05,1.0
15.870000000000001,0.0,0.0,0.0,0.0,9.076546546184533e-12,-1.1935635530956612e-13,8.972310477145853e-08,0.0,1.7944620954291705e-05,1.0
15.88,0.0,0.0,0.0,0.0,7.708933968726224e-12,-3.531914495377113e-13,8.786341148337799e-08,0.0,1.7572682296675597e-05,1.0
15.89,0.0,0.0,0.0,0.0,7.525973676372501e-12,-4.3787842527686513e-13,8.575274913156349e-08,0.0,1.7150549826312697e-05,1.0
15.9,0.0,0.0,0.0,0.0,6.248939311342142e-12,-3.1618060518242913e-13,8.381512806467543e-08,0.0,1.6763025612935084e-05,1.0
15.91,0.0,0.0,0.0,0.0,5.955181494367984e-12,-1.8909753357922455e-13,8.163873592220938e-08,0.0,1.6327747184441876e-05,1.0
15.92,0.0,0.0,0.0,0.0,5.004831618389045e-12,1.972798461311037e-13,7.963351777017697e-08,0.0,1.5926703554035394e-05,1.0
15.93,0.0,0.0,0.0,0.0,4.386040222822668e-12,2.3313547512471325e-13,7.740768862743475e-08,0.0,1.548153772548695e-05,1.0
15.94,0.0,0.0,0.0,0.0,3.569842692206857e-12,5.478074821613287e-14,7.534504833093715e-08,0.0,1.506900966618743e-05,1.0
15.950000000000001,0.0,0.0,0.0,0.0,2.952674330783613e-12,4.53798974371201e-14,7.308305432979035e-08,0.0,1.461661086595807e-05,1.0
15.96,0.0,0.0,0.0,0.0,2.1295112924454716e-12,5.2755570034767356e-14,7.097853066357394e-08,0.0,1.4195706132714787e-05,1.0
15.97,0.0,0.0,0.0,0.0,1.528089959649008e-12,2.0594309509944465e-13,6.868938304536716e-08,0.0,1.3737876609073432e-05,1.0
15.98,0.0,0.0,0.0,0.0,7.618817321961859e-13,-1.6110586600117757e-14,6.655124660726422e-08,0.0,1.3310249321452845e-05,1.0
15.99,0.0,0.0,0.0,0.0,-7.126751473905729e-14,2.525414811414055e-13,6.424774026964406e-08,0.0,1.2849548053928812e-05,1.0
16.0,0.0,0.0,0.0,0.0,-7.520986691875453e-13,4.511911882937451e-14,6.209116387089292e-08,0.0,1.2418232774178583e-05,1.0
16.01,0.0,0.0,0.0,0.0,-1.4816087658028307e-12,6.066378164187513e-14,5.978736313820692e-08,0.0,1.1957472627641384e-05,1.0
16.02,0.0,0.0,0.0,0.0,-2.0102911702584252e-12,3.090850055914361e-13,5.761874293245755e-08,0.0,1.1523748586491509e-05,1.0
16.03,0.0,0.0,0.0,0.0,-2.5628078918840892e-12,3.16337159624235e-13,5.532304554552599e-08,0.0,1.1064609109105198e-05,1.0
16.04,0.0,0.0,0.0,0.0,-2.7078764718907177e-12,6.499143215714408e-13,5.317049430378367e-08,0.0,1.0634098860756734e-05,1.0
16.05,0.0,0.0,0.0,0.0,-3.21559307369445e-12,5.302073281226225e-13,5.0889670649864736e-08,0.0,1.0177934129972946e-05,1.0
16.06,0.0,0.0,0.0,0.0,-2.709949415079825e-12,1.6017110476538175e-13,4.873892536498754e-08,0.0,9.747785072997507e-06,1.0
16.07,0.0,0.0,0.0,0.0,-3.767287288091544e-12,-1.8673337862014033e-13,4.648505020275778e-08,0.0,9.297010040551557e-06,1.0
16.080000000000002,0.0,0.0,0.0,0.0,-3.7890270056303676e-12,-4.654433934919316e-13,4.435181033041234e-08,0.0,8.870362066082468e-06,1.0
16.09,0.0,0.0,0.0,0.0,-4.716125203671916e-12,-4.921075904211152e-13,4.212998231631478e-08,0.0,8.425996463262955e-06,1.0
16.1,0.0,0.0,0.0,0.0,-4.712459999875639e-12,-3.4188239970877197e-13,4.002488857222769e-08,0.0,8.004977714445537e-06,1.0
16.11,0.0,0.0,0.0,0.0,-5.715209259693147e-12,-9.29924455668746e-14,3.784394848627259e-08,0.0,7.568789697254518e-06,1.0
16.12,0.0,0.0,0.0,0.0,-5.25951940742466e-12,3.384081505760297e-13,3.577892166990179e-08,0.0,7.1557843339803585e-06,1.0
16.13,0.0,0.0,0.0,0.0,-6.385945899118515e-12,1.9039858602812062e-13,3.364270168423489e-08,0.0,6.728540336846978e-06,1.0
16.14,0.0,0.0,0.0,0.0,-5.682078175835616e-12,1.727652406441906e-14,3.1613763128585115e-08,0.0,6.322752625717023e-06,1.0
16.15,0.0,0.0,0.0,0.0,-7.116471634435906e-12,-1.0657490031972978e-13,2.953442200497714e-08,0.0,5.9068844009954275e-06,1.0
16.16,0.0,0.0,0.0,0.0,-6.405999335607729e-12,-3.350575938292456e-13,2.7557252857159746e-08,0.0,5.5114505714319496e-06,1.0
16.17,0.0,0.0,0.0,0.0,-7.588352231169298e-12,-3.403879802175603e-13,2.5535917661876688e-08,0.0,5.107183532375337e-06,1.0
16.18,0.0,0.0,0.0,0.0,-6.648949109174016e-12,-1.1029422204539714e-13,2.3610707925241178e-08,0.0,4.722141585048236e-06,1.0
16.19,0.0,0.0,0.0,0.0,-8.080183938346418e-12,-2.094657224311081e-13,2.1653894708798715e-08,0.0,4.330778941759743e-06,1.0
16.2,0.0,0.0,0.0,0.0,-7.193605140639584e-12,-2.335354832177594e-13,1.978473859156186e-08,0.0,3.956947718312372e-06,1.0
16.21,0.0,0.0,0.0,0.0,-8.509529763260164e-12,-3.0922605009518e-13,1.790100412145353e-08,0.0,3.580200824290706e-06,1.0
16.22,0.0,0.0,0.0,0.0,-7.725737519216821e-12,-4.894966460767719e-13,1.609260676062039e-08,0.0,3.218521352124078e-06,1.0
16.23,0.0,0.0,0.0,0.0,-8.833217553525742e-12,-4.154719753860725e-13,1.42786987322437e-08,0.0,2.85573974644874e-06,1.0
16.240000000000002,0.0,0.0,0.0,0.0,-8.06363497549354e-12,-2.298958821602307e-13,1.2541507481233149e-08,0.0,2.50830149624663e-06,1.0
16.25,0.0,0.0,0.0,0.0,-9.362940511662906e-12,-2.3449747227133767e-13,1.0804017768098454e-08,0.0,2.1608035536196908e-06,1.0
16.26,0.0,0.0,0.0,0.0,-8.23611410429399e-12,1.0691224346329309e-13,9.134404032190676e-09,0.0,1.826880806438135e-06,1.0
16.27,0.0,0.0,0.0,0.0,-9.706032374124584e-12,2.941077282320421e-13,7.473905824928768e-09,0.0,1.4947811649857536e-06,1.0
16.28,0.0,0.0,0.0,0.0,-8.868901180495692e-12,3.301551091511338e-13,5.872390635129132e-09,0.0,1.1744781270258264e-06,1.0
16.29,0.0,0.0,0.0,0.0,-1.0209950898427249e-11,2.5480958184720725e-13,4.3008651756644746e-09,0.0,8.601730351328949e-07,1.0
16.3,0.0,0.0,0.0,0.0,-9.354651165821229e-12,4.2381298538786317e-13,2.7788294937675405e-09,0.0,5.557658987535081e-07,1.0
16.31,0.0,0.0,0.0,0.0,-1.009779357555463e-11,4.480628711356847e-13,1.2876494733944969e-09,0.0,2.575298946788994e-07,1.0
16.32,0.0,0.0,0.0,0.0,-9.14170517805779e-12,2.5380551799122763e-13,1.5531201307985387e-10,0.0,3.106240261597077e-08,1.0
16.330000000000002,0.0,0.0,0.0,0.0,-1.0116377172096266e-11,4.277405862424123e-14,1.5583594915023651e-09,0.0,3.11671898300473e-07,1.0
16.34,0.0,0.0,0.0,0.0,-8.910745543213368e-12,-1.0752171775663685e-13,2.920268150621155e-09,0.0,5.840536301242309e-07,1.0
16.35,0.0,0.0,0.0,0.0,-9.793880835961241e-12,-3.142160745531294e-13,4.239853201937457e-09,0.0,8.479706403874914e-07,1.0
16.36,0.0,0.0,0.0,0.0,-8.641542045918069e-12,-3.251974727329407e-13,5.522681488594738e-09,0.0,1.1045362977189476e-06,1.0
16.37,0.0,0.0,0.0,0.0,-9.754182065788572e-12,-3.4974754381910294e-14,6.75480438187862e-09,0.0,1.350960876375724e-06,1.0
16.38,0.0,0.0,0.0,0.0,-8.684736415396943e-12,-1.1927522256831876e-13,7.959214290112706e-09,0.0,1.5918428580225412e-06,1.0
16.39,0.0,0.0,0.0,0.0,-9.726666275861338e-12,-1.4422600825507326e-13,9.106046866605308e-09,0.0,1.8212093733210615e-06,1.0
16.4,0.0,0.0,0.0,0.0,-8.722927761876706e-12,-1.4771851975711386e-13,1.0226746867786594e-08,0.0,2.045349373557319e-06,1.0
16.41,0.0,0.0,0.0,0.0,-9.711625777548017e-12,-2.463508492396812e-13,1.1285992933020997e-08,0.0,2.2571985866041995e-06,1.0
16.42,0.0,0.0,0.0,0.0,-8.459698524886885e-12,-1.6391393012170732e-13,1.2325295921064246e-08,0.0,2.4650591842128493e-06,1.0
16.43,0.0,0.0,0.0,0.0,-9.460214672154564e-12,-4.2504737966324135e-14,1.330185631809521e-08,0.0,2.660371263619042e-06,1.0
16.44,0.0,0.0,0.0,0.0,-8.505789670455681e-12,8.094434759120555e-14,1.4267999282973138e-08,0.0,2.8535998565946277e-06,1.0
16.45,0.0,0.0,0.0,0.0,-9.75766339495937e-12,9.930798880773939e-15,1.5160707095613144e-08,0.0,3.0321414191226285e-06,1.0
16.46,0.0,0.0,0.0,0.0,-8.965201206417065e-12,-2.011189639041995e-14,1.604229191028595e-08,0.0,3.20845838205719e-06,1.0
16.47,0.0,0.0,0.0,0.0,-9.802541972655207e-12,-3.692078693780439e-14,1.684583580726199e-08,0.0,3.369167161452398e-06,1.0
16.48,0.0,0.0,0.0,0.0,-8.545996094831418e-12,3.502634673158446e-13,1.7646603468792752e-08,0.0,3.5293206937585504e-06,1.0
16.490000000000002,0.0,0.0,0.0,0.0,-9.209927757798715e-12,1.203429350995729e-13,1.837448751915931e-08,0.0,3.6748975038318623e-06,1.0
16.5,0.0,0.0,0.0,0.0,-8.120295930495202e-12,4.743654619876933e-13,1.9098582254274828e-08,0.0,3.819716450854966e-06,1.0
16.51,0.0,0.0,0.0,0.0,-9.17458664749455e-12,3.5513159303274816e-13,1.97419147388527e-08,0.0,3.94838294777054e-06,1.0
16.52,0.0,0.0,0.0,0.0,-7.672083730976106e-12,1.463945520376013e-13,2.038143881446374e-08,0.0,4.076287762892748e-06,1.0
16.53,0.0,0.0,0.0,0.0,-8.402056454563847e-12,1.3081908873398663e-14,2.094834704391716e-08,0.0,4.1896694087834325e-06,1.0
16.54,0.0,0.0,0.0,0.0,-6.916135531204564e-12,-4.3222287699385146e-13,2.152347859013302e-08,0.0,4.304695718026604e-06,1.0
16.55,0.0,0.0,0.0,0.0,-7.965935473953177e-12,-2.9185906803848154e-13,2.2012747796550682e-08,0.0,4.4025495593101365e-06,1.0
16.56,0.0,0.0,0.0,0.0,-7.0983216001141385e-12,-4.953556833943979e-13,2.2515285835655913e-08,0.0,4.503057167131183e-06,1.0
16.57,0.0,0.0,0.0,0.0,-7.845349415125952e-12,-4.783413111507773e-13,2.293275291777925e-08,0.0,4.58655058355585e-06,1.0
16.580000000000002,0.0,0.0,0.0,0.0,-7.049829813953638e-12,-7.127456823902561e-13,2.3367217986792768e-08,0.0,4.673443597358554e-06,1.0
16.59,0.0,0.0,0.0,0.0,-7.937509005322972e-12,-4.952208016896024e-13,2.3716682924744343e-08,0.0,4.743336584948869e-06,1.0
16.6,0.0,0.0,0.0,0.0,-6.91940223641287e-12,-4.73048406309388e-13,2.407554273685287e-08,0.0,4.815108547370574e-06,1.0
16.61,0.0,0.0,0.0,0.0,-7.873651630891253e-12,-3.121349040695854e-14,2.4356796180051973e-08,0.0,4.871359236010394e-06,1.0
16.62,0.0,0.0,0.0,0.0,-6.561233339391354e-12,-6.346556573993408e-14,2.465871177733969e-08,0.0,4.9317423554679384e-06,1.0
16.63,0.0,0.0,0.0,0.0,-7.473381490525135e-12,1.4815430766261917e-13,2.4869096298075222e-08,0.0,4.973819259615044e-06,1.0
16.64,0.0,0.0,0.0,0.0,-6.450563597158406e-12,1.6480938412181897e-14,2.510122458304124e-08,0.0,5.020244916608247e-06,1.0
16.65,0.0,0.0,0.0,0.0,-6.854718471251227e-12,-6.595781672367562e-14,2.5252205241931823e-08,0.0,5.0504410483863645e-06,1.0
16.66,0.0,0.0,0.0,0.0,-5.845161192941622e-12,-2.5446534707566396e-13,2.5430703779454775e-08,0.0,5.086140755890955e-06,1.0
16.67,0.0,0.0,0.0,0.0,-6.569765608990613e-12,-2.73315215798119e-13,2.5520054484568987e-08,0.0,5.104010896913797e-06,1.0
16.68,0.0,0.0,0.0,0.0,-5.7821010624822e-12,-3.488812736905523e-13,2.5637329652038418e-08,0.0,5.127465930407683e-06,1.0
16.69,0.0,0.0,0.0,0.0,-6.122695656734608e-12,-2.9632626985745325e-13,2.566866126559854e-08,0.0,5.133732253119708e-06,1.0
16.7,0.0,0.0,0.0,0.0,-5.052215430804332e-12,-2.2133184093188078e-13,2.5728260129411858e-08,0.0,5.145652025882372e-06,1.0
16.71,0.0,0.0,0.0,0.0,-5.417045363450985e-12,-2.29181225167058e-14,2.5708823940659888e-08,0.0,5.141764788131977e-06,1.0
16.72,0.0,0.0,0.0,0.0,-4.403911433806299e-12,-1.8631460530601534e-15,2.571996803728837e-08,0.0,5.1439936074576735e-06,1.0
16.73,0.0,0.0,0.0,0.0,-5.037149241480762e-12,2.677305854283884e-13,2.5649896747216055e-08,0.0,5.129979349443211e-06,1.0
16.740000000000002,0.0,0.0,0.0,0.0,-4.225559491588171e-12,3.3159030114048665e-13,2.5613564937144187e-08,0.0,5.122712987428837e-06,1.0
16.75,0.0,0.0,0.0,0.0,-4.699319490434548e-12,7.889572365923358e-14,2.5495819592914938e-08,0.0,5.099163918582987e-06,1.0
16.76,0.0,0.0,0.0,0.0,-4.147767879567589e-12,-2.515474978961903e-13,2.5418955623514773e-08,0.0,5.083791124702954e-06,1.0
16.77,0.0,0.0,0.0,0.0,-4.53968734483903e-12,-1.2367715219494797e-13,2.5259115986104602e-08,0.0,5.05182319722092e-06,1.0
16.78,0.0,0.0,0.0,0.0,-4.073351327836196e-12,-5.323354458061075e-13,2.5132665184989557e-08,0.0,5.026533036997912e-06,1.0
16.79,0.0,0.0,0.0,0.0,-4.260930263932839e-12,-2.9072008708110153e-13,2.492896063306158e-08,0.0,4.985792126612316e-06,1.0
16.8,0.0,0.0,0.0,0.0,-3.5258463186373157e-12,-3.254851828724135e-13,2.476944628133017e-08,0.0,4.953889256266034e-06,1.0
16.81,0.0,0.0,0.0,0.0,-3.7560403924369395e-12,-1.2505362094811194e-13,2.4533307303205334e-08,0.0,4.906661460641067e-06,1.0
16.82,0.0,0.0,0.0,0.0,-3.32948006771844e-12,1.3294039559193638e-13,2.4329235734553233e-08,0.0,4.865847146910647e-06,1.0
16.830000000000002,0.0,0.0,0.0,0.0,-3.74930301634638e-12,2.7206621308633535e-13,2.4058975367927894e-08,0.0,4.811795073585579e-06,1.0
16.84,0.0,0.0,0.0,0.0,-2.9140346445426894e-12,-2.846748370703153e-14,2.3827710926989314e-08,0.0,4.765542185397863e-06,1.0
16.85,0.0,0.0,0.0,0.0,-3.414458160085827e-12,3.445409115511758e-14,2.352497913314362e-08,0.0,4.704995826628724e-06,1.0
16.86,0.0,0.0,0.0,0.0,-3.0580301065268013e-12,-3.124054471076507e-14,2.326436161503202e-08,0.0,4.652872323006404e-06,1.0
16.87,0.0,0.0,0.0,0.0,-3.1786079622769904e-12,-1.8846308722137317e-13,2.293016750995356e-08,0.0,4.586033501990712e-06,1.0
16.88,0.0,0.0,0.0,0.0,-2.7779119577122578e-12,-1.6074740752811495e-13,2.2637199508584644e-08,0.0,4.5274399017169285e-06,1.0
16.89,0.0,0.0,0.0,0.0,-2.5558946610942455e-12,-2.494699718772535e-14,2.2277982983547405e-08,0.0,4.455596596709481e-06,1.0
16.9,0.0,0.0,0.0,0.0,-2.197003611824933e-12,-2.884572425454316e-13,2.196425953166736e-08,0.0,4.392851906333472e-06,1.0
16.91,0.0,0.0,0.0,0.0,-2.191652187862913e-12,-2.052875806657382e-13,2.1585275746730928e-08,0.0,4.317055149346185e-06,1.0
16.92,0.0,0.0,0.0,0.0,-2.090173719689176e-12,-2.982956357913825e-13,2.124663145693751e-08,0.0,4.249326291387502e-06,1.0
16.93,0.0,0.0,0.0,0.0,-2.167630290949225e-12,-1.81476569497392e-13,2.0848683973394363e-08,0.0,4.169736794678873e-06,1.0
16.94,0.0,0.0,0.0,0.0,-1.903547494540392e-12,1.3678506666354633e-14,2.0492350447030742e-08,0.0,4.098470089406148e-06,1.0
16.95,0.0,0.0,0.0,0.0,-1.893559770576028e-12,5.173661933789471e-14,2.007427166795427e-08,0.0,4.0148543335908535e-06,1.0
16.96,0.0,0.0,0.0,0.0,-1.7431117265560859e-12,2.1027185146414743e-13,1.9700673194937622e-08,0.0,3.940134638987525e-06,1.0
16.97,0.0,0.0,0.0,0.0,-1.4553466669658633e-12,9.607973678062963e-14,1.9270011113868025e-08,0.0,3.854002222773605e-06,1.0
16.98,0.0,0.0,0.0,0.0,-1.3430647515264766e-12,1.760810674106638e-13,1.887890989291067e-08,0.0,3.775781978582134e-06,1.0
16.990000000000002,0.0,0.0,0.0,0.0,-1.1146791251552084e-12,-1.700370140610384e-15,1.8435546928986007e-08,0.0,3.6871093857972014e-06,1.0
17.0,0.0,0.0,0.0,0.0,-7.632531480121022e-13,-4.9736458414461636e-14,1.803063626059947e-08,0.0,3.606127252119894e-06,1.0
17.01,0.0,0.0,0.0,0.0,-5.679472421072755e-13,-1.3435954652371126e-13,1.757996874152527e-08,0.0,3.5159937483050543e-06,1.0
17.02,0.0,0.0,0.0,0.0,-1.0959876747142732e-13,-2.3046116643842053e-13,1.71617533301705e-08,0.0,3.4323506660341e-06,1.0
17.03,0.0,0.0,0.0,0.0,-5.741813196845312e-14,-3.2086510446491963e-13,1.6703191828724742e-08,0.0,3.3406383657449485e-06,1.0
17.04,0.0,0.0,0.0,0.0,3.934431509937123e-13,-5.206068424105229e-13,1.6283360234938756e-08,0.0,3.256672046987751e-06,1.0
17.05,0.0,0.0,0.0,0.0,3.0837955790323263e-13,-4.2194215717508257e-13,1.5823960924947703e-08,0.0,3.1647921849895405e-06,1.0
17.06,0.0,0.0,0.0,0.0,3.3782187003984956e-13,-3.90878974696034e-13,1.539755017883594e-08,0.0,3.0795100357671882e-06,1.0
17.07,0.0,0.0,0.0,0.0,1.4057083508195655e-13,-2.2269315270097882e-13,1.4936014484462718e-08,0.0,2.9872028968925435e-06,1.0
17.080000000000002,0.0,0.0,0.0,0.0,3.2131051664341904e-13,-3.8749918927235705e-13,1.4508374785548756e-08,0.0,2.901674957109751e-06,1.0
17.09,0.0,0.0,0.0,0.0,1.8057912223795056e-13,-2.0431199348978433e-13,1.4046423927586872e-08,0.0,2.809284785517374e-06,1.0
17.1,0.0,0.0,0.0,0.0,2.729027373671294e-13,-2.1116077565103643e-13,1.3617190197908925e-08,0.0,2.723438039581785e-06,1.0
17.11,0.0,0.0,0.0,0.0,3.033924282301833e-13,4.7398031944020417e-14,1.3155075532795208e-08,0.0,2.6310151065590416e-06,1.0
17.12,0.0,0.0,0.0,0.0,2.860632802788368e-13,3.2183596306830475e-13,1.2729882762548069e-08,0.0,2.545976552509614e-06,1.0
17.13,0.0,0.0,0.0,0.0,5.159820599855442e-13,1.500917173449726e-13,1.2269745007932973e-08,0.0,2.4539490015865946e-06,1.0
17.14,0.0,0.0,0.0,0.0,3.2806519317603933e-13,1.4745313054024953e-13,1.1843201871280295e-08,0.0,2.3686403742560587e-06,1.0
17.150000000000002,0.0,0.0,0.0,0.0,7.376389339834741e-13,-2.188629697114381e-14,1.1388794933219937e-08,0.0,2.2777589866439874e-06,1.0
17.16,0.0,0.0,0.0,0.0,7.307314619846589e-13,-6.130135566428128e-14,1.0964784258210698e-08,0.0,2.1929568516421398e-06,1.0
17.17,0.0,0.0,0.0,0.0,9.536457000202288e-13,-1.058515089090648e-14,1.0518437657894638e-08,0.0,2.1036875315789276e-06,1.0
17.18,0.0,0.0,0.0,0.0,9.183009162291802e-13,-1.3898531231458771e-13,1.010142094889578e-08,0.0,2.020284189779156e-06,1.0
17.19,0.0,0.0,0.0,0.0,1.0724326465335668e-12,-1.1520761930286887e-13,9.660141227875921e-09,0.0,1.9320282455751842e-06,1.0
17.2,0.0,0.0,0.0,0.0,1.0396266308190578e-12,-1.1645376475346938e-13,9.247201533441617e-09,0.0,1.8494403066883232e-06,1.0
17.21,0.0,0.0,0.0,0.0,1.3978023104798849e-12,6.860027216681301e-14,8.816714066108032e-09,0.0,1.7633428132216064e-06,1.0
17.22,0.0,0.0,0.0,0.0,1.388398615566422e-12,-3.0424222181273725e-14,8.411687869330367e-09,0.0,1.6823375738660734e-06,1.0
17.23,0.0,0.0,0.0,0.0,1.4745067019123734e-12,4.3659406107983806e-14,7.993929541055678e-09,0.0,1.5987859082111356e-06,1.0
17.240000000000002,0.0,0.0,0.0,0.0,1.2971675018845707e-12,-1.0921947863642774e-13,7.60241037922777e-09,0.0,1.520482075845554e-06,1.0
17.25,0.0,0.0,0.0,0.0,1.3287288607207114e-12,-7.878662711710343e-14,7.192265790082366e-09,0.0,1.4384531580164733e-06,1.0
17.26,0.0,0.0,0.0,0.0,1.088797655840666e-12,4.4874196607965915e-14,6.807344407567309e-09,0.0,1.3614688815134617e-06,1.0
17.27,0.0,0.0,0.0,0.0,1.547161955538015e-12,-4.1275501728860774e-14,6.410055240523009e-09,0.0,1.2820110481046018e-06,1.0
17.28,0.0,0.0,0.0,0.0,1.3600939130355667e-12,3.773037582299611e-14,6.037391959719725e-09,0.0,1.2074783919439451e-06,1.0
17.29,0.0,0.0,0.0,0.0,1.6418004214708355e-12,-4.551466136646508e-14,5.655017699188976e-09,0.0,1.131003539837795e-06,1.0
17.3,0.0,0.0,0.0,0.0,1.2611901245386968e-12,2.0214939285734827e-14,5.2962611143972874e-09,0.0,1.0592522228794574e-06,1.0
17.31,0.0,0.0,0.0,0.0,1.503933845885761e-12,-2.5272231874176463e-14,4.925634575474628e-09,0.0,9.851269150949257e-07,1.0
17.32,0.0,0.0,0.0,0.0,1.0533221224924955e-12,2.916414501572748e-13,4.579517225284108e-09,0.0,9.159034450568216e-07,1.0
17.330000000000002,0.0,0.0,0.0,0.0,1.4955029071871137e-12,1.5527005356670373e-13,4.224630587079804e-09,0.0,8.449261174159608e-07,1.0
17.34,0.0,0.0,0.0,0.0,1.1452525932804468e-12,2.5506047092538807e-13,3.886861463345712e-09,0.0,7.773722926691424e-07,1.0
17.35,0.0,0.0,0.0,0.0,1.541423745087098e-12,1.2438317885518532e-13,3.54654157644208e-09,0.0,7.09308315288416e-07,1.0
17.36,0.0,0.0,0.0,0.0,1.4664395186852528e-12,3.853062505793414e-14,3.2235827897859186e-09,0.0,6.447165579571837e-07,1.0
17.37,0.0,0.0,0.0,0.0,1.7866103673579853e-12,-1.7867523084296857e-13,2.8981908312501884e-09,0.0,5.796381662500377e-07,1.0
17.38,0.0,0.0,0.0,0.0,1.535238496559888e-12,-1.6732389355179236e-13,2.590425426391461e-09,0.0,5.180850852782921e-07,1.0
17.39,0.0,0.0,0.0,0.0,1.867660083079832e-12,-9.862368710770963e-14,2.2811959549318935e-09,0.0,4.562391909863787e-07,1.0
17.400000000000002,0.0,0.0,0.0,0.0,1.564057815805892e-12,1.4055648911398346e-13,1.986356483555281e-09,0.0,3.972712967110562e-07,1.0
17.41,0.0,0.0,0.0,0.0,1.7670044902474503e-12,1.8434140189497976e-13,1.6970495196931284e-09,0.0,3.3940990393862565e-07,1.0
17.42,0.0,0.0,0.0,0.0,1.5592182383799268e-12,2.45422646903799e-13,1.4170528395933061e-09,0.0,2.8341056791866124e-07,1.0
17.43,0.0,0.0,0.0,0.0,1.5515225089754659e-12,3.426118055425333e-13,1.1412758272040868e-09,0.0,2.2825516544081735e-07,1.0
17.44,0.0,0.0,0.0,0.0,1.575157932000473e-12,1.6663639924088276e-13,8.737953832094605e-10,0.0,1.747590766418921e-07,1.0
17.45,0.0,0.0,0.0,0.0,1.819389936309235e-12,8.819572474185871e-14,6.14181943425031e-10,0.0,1.228363886850062e-07,1.0
17.46,0.0,0.0,0.0,0.0,1.767237886167116e-12,9.946964708744423e-14,3.629082115009139e-10,0.0,7.258164230018278e-08,1.0
17.47,0.0,0.0,0.0,0.0,2.0880127746962212e-12,9.489781277696834e-14,1.1903711460517812e-10,0.0,2.3807422921035623e-08,1.0
17.48,0.0,0.0,0.0,0.0,1.849841538003919e-12,2.946094930320405e-13,1.1620639455991505e-10,0.0,2.324127891198301e-08,1.0
17.490000000000002,0.0,0.0,0.0,0.0,2.148952131120696e-12,1.7829564845473086e-13,3.428462868178704e-10,0.0,6.856925736357407e-08,1.0
17.5,0.0,0.0,0.0,0.0,1.7361047756237457e-12,3.5008553125046046e-13,5.599546365957329e-10,0.0,1.1199092731914658e-07,1.0
17.51,0.0,0.0,0.0,0.0,1.9870149214759093e-12,4.14168620544779e-14,7.707167007902e-10,0.0,1.5414334015804e-07,1.0
17.52,0.0,0.0,0.0,0.0,1.5866598447407957e-12,1.1122765843055233e-13,9.75306864628477e-10,0.0,1.950613729256954e-07,1.0
17.53,0.0,0.0,0.0,0.0,1.84829309066882e-12,-9.175201644141903e-16,1.1680396827271324e-09,0.0,2.3360793654542647e-07,1.0
17.54,0.0,0.0,0.0,0.0,1.6595591712144376e-12,1.9918019524633383e-13,1.3584602128906048e-09,0.0,2.7169204257812097e-07,1.0
17.55,0.0,0.0,0.0,0.0,1.800305676767185e-12,1.1200426675468571e-13,1.5366919620903599e-09,0.0,3.07338392418072e-07,1.0
17.56,0.0,0.0,0.0,0.0,1.6622658912679535e-12,1.048433697370977e-13,1.7103310868226091e-09,0.0,3.4206621736452183e-07,1.0
17.57,0.0,0.0,0.0,0.0,1.912964239939067e-12,8.180095715775637e-14,1.8738682917734487e-09,0.0,3.7477365835468975e-07,1.0
17.580000000000002,0.0,0.0,0.0,0.0,1.5838901336823544e-12,-1.5602431143432158e-13,2.0313948001551466e-09,0.0,4.062789600310293e-07,1.0
17.59,0.0,0.0,0.0,0.0,1.8623300261641184e-12,-2.1138125913793775e-13,2.1783884779302434e-09,0.0,4.3567769558604865e-07,1.0
17.6,0.0,0.0,0.0,0.0,1.5017376106874573e-12,-1.1884233090622962e-13,2.3230851248474677e-09,0.0,4.646170249694935e-07,1.0
17.61,0.0,0.0,0.0,0.0,1.723052857489868e-12,-1.4075031490127016e-13,2.455381853424565e-09,0.0,4.91076370684913e-07,1.0
17.62,0.0,0.0,0.0,0.0,1.4173397107914475e-12,-2.919524122729471e-14,2.583109284860325e-09,0.0,5.16621856972065e-07,1.0
17.63,0.0,0.0,0.0,0.0,1.6722432704553461e-12,-6.546084966031969e-14,2.7018100101725383e-09,0.0,5.403620020345077e-07,1.0
17.64,0.0,0.0,0.0,0.0,1.2972985807020711e-12,-9.476325192017924e-15,2.8179114271938016e-09,0.0,5.635822854387603e-07,1.0
17.650000000000002,0.0,0.0,0.0,0.0,1.6314996371870336e-12,-8.284404898166967e-15,2.921407920068252e-09,0.0,5.842815840136503e-07,1.0
17.66,0.0,0.0,0.0,0.0,1.3473211634840628e-12,-4.6586201496238326e-14,3.023543097176786e-09,0.0,6.047086194353572e-07,1.0
17.67,0.0,0.0,0.0,0.0,1.5477143720427972e-12,-8.029593412732234e-14,3.112863867981708e-09,0.0,6.225727735963416e-07,1.0
17.68,0.0,0.0,0.0,0.0,1.2167146262612964e-12,-1.3177042706976394e-13,3.2006599398020517e-09,0.0,6.401319879604103e-07,1.0
17.69,0.0,0.0,0.0,0.0,1.4033091601761426e-12,-5.932834220603211e-14,3.27750206099133e-09,0.0,6.55500412198266e-07,1.0
17.7,0.0,0.0,0.0,0.0,1.124932088951362e-12,-9.04080884807011e-14,3.355185160582232e-09,0.0,6.710370321164464e-07,1.0
17.71,0.0,0.0,0.0,0.0,1.4275412280340873e-12,-3.282895160852262e-14,3.4203613439629426e-09,0.0,6.840722687925886e-07,1.0
17.72,0.0,0.0,0.0,0.0,1.2664550150683677e-12,-8.065772057263484e-15,3.485583511689509e-09,0.0,6.971167023379018e-07,1.0
17.73,0.0,0.0,0.0,0.0,1.5490063155741642e-12,-6.911829537139314e-15,3.5375413968254287e-09,0.0,7.075082793650857e-07,1.0
17.740000000000002,0.0,0.0,0.0,0.0,1.2865324899331667e-12,5.975104576811425e-14,3.5870574077785685e-09,0.0,7.174114815557137e-07,1.0
17.75,0.0,0.0,0.0,0.0,1.3325377742288972e-12,1.0389100577431435e-13,3.630341768147583e-09,0.0,7.260683536295166e-07,1.0
17.76,0.0,0.0,0.0,0.0,1.2342496278419956e-12,4.9173957554957255e-14,3.668324028888283e-09,0.0,7.336648057776566e-07,1.0
17.77,0.0,0.0,0.0,0.0,1.1443626657173672e-12,3.85570826316933e-14,3.7007419409809747e-09,0.0,7.40148388196195e-07,1.0
17.78,0.0,0.0,0.0,0.0,1.0935722977965648e-12,8.176524674782964e-15,3.728058290166839e-09,0.0,7.456116580333679e-07,1.0
17.79,0.0,0.0,0.0,0.0,1.0326281377343294e-12,1.865210329790303e-15,3.749881799958033e-09,0.0,7.499763599916066e-07,1.0
17.8,0.0,0.0,0.0,0.0,9.970636136693158e-13,-4.394490064747684e-15,3.7669449529224834e-09,0.0,7.533889905844967e-07,1.0
17.81,0.0,0.0,0.0,0.0,9.399330831766452e-13,-9.204709803240056e-15,3.779069867733751e-09,0.0,7.558139735467501e-07,1.0
17.82,0.0,0.0,0.0,0.0,9.13252407274094e-13,1.9134837644659823e-14,3.786737627765886e-09,0.0,7.573475255531772e-07,1.0
17.830000000000002,0.0,0.0,0.0,0.0,8.818144220891878e-13,-2.3370872099460103e-15,3.789843573025489e-09,0.0,7.579687146050978e-07,1.0
17.84,0.0,0.0,0.0,0.0,8.615638160124219e-13,4.487439119958956e-15,3.788379464490111e-09,0.0,7.576758928980221e-07,1.0
17.85,0.0,0.0,0.0,0.0,8.332925833633221e-13,1.1094466529490772e-14,3.782565636072267e-09,0.0,7.565131272144534e-07,1.0
17.86,0.0,0.0,0.0,0.0,8.061394591348674e-13,-6.915328023359833e-15,3.772985377493982e-09,0.0,7.545970754987963e-07,1.0
17.87,0.0,0.0,0.0,0.0,7.732297657268871e-13,-5.305856361682061e-15,3.759285175255952e-09,0.0,7.518570350511905e-07,1.0
17.88,0.0,0.0,0.0,0.0,7.579442207381792e-13,-1.5621701758848812e-14,3.7415541138784916e-09,0.0,7.483108227756983e-07,1.0
17.89,0.0,0.0,0.0,0.0,7.379392967114974e-13,-2.74036180821162e-14,3.7204717945871607e-09,0.0,7.440943589174322e-07,1.0
17.900000000000002,0.0,0.0,0.0,0.0,6.943580702595943e-13,-1.4392916155310444e-14,3.695405084909719e-09,0.0,7.390810169819438e-07,1.0
17.91,0.0,0.0,0.0,0.0,6.850545237293722e-13,-3.2082052085174653e-14,3.667243725254129e-09,0.0,7.334487450508258e-07,1.0
17.92,0.0,0.0,0.0,0.0,6.417799977624083e-13,-1.3560523546242043e-14,3.6356973180780738e-09,0.0,7.271394636156148e-07,1.0
17.93,0.0,0.0,0.0,0.0,6.234904150948382e-13,-1.5230485422272285e-14,3.6009329565218638e-09,0.0,7.201865913043728e-07,1.0
17.94,0.0,0.0,0.0,0.0,5.983043684641197e-13,-1.3306389890090275e-14,3.5633045463310914e-09,0.0,7.126609092662183e-07,1.0
17.95,0.0,0.0,0.0,0.0,5.67432371784893e-13,-7.063955157918745e-15,3.5227086673937175e-09,0.0,7.045417334787435e-07,1.0
17.96,0.0,0.0,0.0,0.0,5.437798333692541e-13,-1.934929187240088e-14,3.4792763264097834e-09,0.0,6.958552652819566e-07,1.0
17.97,0.0,0.0,0.0,0.0,5.097308452291023e-13,-1.1374703245039094e-14,3.433211870478762e-09,0.0,6.866423740957524e-07,1.0
17.98,0.0,0.0,0.0,0.0,4.63318477893702e-13,-8.951816634644493e-15,3.384383014160887e-09,0.0,6.768766028321774e-07,1.0
17.990000000000002,0.0,0.0,0.0,0.0,4.224117141013039e-13,1.5692645285470363e-16,3.333361482489393e-09,0.0,6.666722964978787e-07,1.0
18.0,0.0,0.0,0.0,0.0,3.7810017219257634e-13,1.0504592823689164e-15,3.2804386976437594e-09,0.0,6.560877395287519e-07,1.0
18.01,0.0,0.0,0.0,0.0,3.4972761915272993e-13,1.48459114739747e-14,3.2253469617662e-09,0.0,6.4506939235324e-07,1.0
18.02,0.0,0.0,0.0,0.0,3.378876871240995e-13,1.5378342757452375e-14,3.168264327367129e-09,0.0,6.336528654734257e-07,1.0
18.03,0.0,0.0,0.0,0.0,3.1617082387746494e-13,8.263464453863328e-15,3.1094114771027613e-09,0.0,6.218822954205522e-07,1.0
18.04,0.0,0.0,0.0,0.0,2.9853172538378406e-13,5.288387708857629e-15,3.0490507055723458e-09,0.0,6.098101411144691e-07,1.0
18.05,0.0,0.0,0.0,0.0,2.781090256093576e-13,6.730800782206858e-16,2.9868974955440634e-09,0.0,5.973794991088127e-07,1.0
18.06,0.0,0.0,0.0,0.0,2.685929883660301e-13,-5.1719010188648324e-15,2.923319721178966e-09,0.0,5.846639442357932e-07,1.0
18.07,0.0,0.0,0.0,0.0,2.368703336626863e-13,4.388025512093982e-15,2.8582477573757402e-09,0.0,5.71649551475148e-07,1.0
18.080000000000002,0.0,0.0,0.0,0.0,2.1543294435908837e-13,1.2085891060379908e-14,2.7920840037953546e-09,0.0,5.584168007590709e-07,1.0
18.09,0.0,0.0,0.0,0.0,1.8364126496411302e-13,1.4626926571810877e-14,2.724722775378179e-09,0.0,5.449445550756357e-07,1.0
18.1,0.0,0.0,0.0,0.0,1.6073925297383098e-13,7.0443600819383684e-15,2.656228548492203e-09,0.0,5.312457096984406e-07,1.0
18.11,0.0,0.0,0.0,0.0,1.397903121483993e-13,1.0211008362946058e-14,2.5870720509059097e-09,0.0,5.174144101811819e-07,1.0
18.12,0.0,0.0,0.0,0.0,1.1519441069500442e-13,4.090503474325772e-15,2.517125452854398e-09,0.0,5.034250905708795e-07,1.0
18.13,0.0,0.0,0.0,0.0,1.0690607197487464e-13,-2.5609088164951828e-15,2.446421262450387e-09,0.0,4.892842524900775e-07,1.0
18.14,0.0,0.0,0.0,0.0,9.171367204200649e-14,-5.743063191874011e-15,2.375013012594937e-09,0.0,4.7500260251898743e-07,1.0
18.150000000000002,0.0,0.0,0.0,0.0,6.997109109240034e-14,-5.054340203346007e-15,2.3030527878182285e-09,0.0,4.606105575636457e-07,1.0
18.16,0.0,0.0,0.0,0.0,4.239845773130238e-14,-5.4317026516900586e-15,2.230656892285002e-09,0.0,4.461313784570004e-07,1.0
18.17,0.0,0.0,0.0,0.0,1.9818347509780508e-14,-5.607315912269662e-15,2.158085946019876e-09,0.0,4.316171892039752e-07,1.0
18.18,0.0,0.0,0.0,0.0,7.033685768113947e-16,1.1893747324418572e-15,2.0853393395787005e-09,0.0,4.170678679157401e-07,1.0
18.19,0.0,0.0,0.0,0.0,-1.2525142240472902e-14,-4.373586030915426e-15,2.0122920640292228e-09,0.0,4.0245841280584457e-07,1.0
18.2,0.0,0.0,0.0,0.0,-2.0546004360951585e-14,-5.148475506123791e-15,1.9393277486182546e-09,0.0,3.878655497236509e-07,1.0
18.21,0.0,0.0,0.0,0.0,-4.1438106120269353e-14,-1.0826095525175397e-14,1.866325084981408e-09,0.0,3.7326501699628156e-07,1.0
18.22,0.0,0.0,0.0,0.0,-4.9126667775520764e-14,-5.402951820560507e-15,1.793475039972941e-09,0.0,3.586950079945882e-07,1.0
18.23,0.0,0.0,0.0,0.0,-6.775178750790124e-14,-1.373203599862873e-14,1.7206483566274686e-09,0.0,3.441296713254937e-07,1.0
18.240000000000002,0.0,0.0,0.0,0.0,-7.925479692467096e-14,-8.436819220933208e-15,1.6481754338319364e-09,0.0,3.2963508676638725e-07,1.0
18.25,0.0,0.0,0.0,0.0,-1.0334885034499016e-13,-5.74890329829626e-15,1.5759279401115334e-09,0.0,3.1518558802230665e-07,1.0
18.26,0.0,0.0,0.0,0.0,-1.1614575531023704e-13,-2.508296864715262e-15,1.5041199208574054e-09,0.0,3.008239841714811e-07,1.0
18.27,0.0,0.0,0.0,0.0,-1.377064954471323e-13,-8.614890699470097e-16,1.4326902361345498e-09,0.0,2.8653804722690994e-07,1.0
18.28,0.0,0.0,0.0,0.0,-1.498905312678389e-13,3.3945931643119863e-15,1.3619024181737153e-09,0.0,2.7238048363474305e-07,1.0
18.29,0.0,0.0,0.0,0.0,-1.6603562598423776e-13,3.346363247439208e-15,1.2917037459546972e-09,0.0,2.583407491909394e-07,1.0
18.3,0.0,0.0,0.0,0.0,-1.7574963038749692e-13,1.239349774001863e-15,1.2220510943354019e-09,0.0,2.4441021886708036e-07,1.0
18.31,0.0,0.0,0.0,0.0,-1.846339758254617e-13,-1.2795922781604035e-15,1.1531687695177683e-09,0.0,2.3063375390355366e-07,1.0
18.32,0.0,0.0,0.0,0.0,-2.0181098591958065e-13,3.0549747352999675e-16,1.084965785104377e-09,0.0,2.1699315702087537e-07,1.0
18.330000000000002,0.0,0.0,0.0,0.0,-2.096134334298767e-13,-4.82413949003473e-15,1.0176588266155452e-09,0.0,2.0353176532310902e-07,1.0
18.34,0.0,0.0,0.0,0.0,-2.2191248089640193e-13,-2.2855644752712577e-15,9.512103331539686e-10,0.0,1.902420666307937e-07,1.0
18.35,0.0,0.0,0.0,0.0,-2.28080433341752e-13,-9.440348940265863e-16,8.856235887281903e-10,0.0,1.7712471774563807e-07,1.0
18.36,0.0,0.0,0.0,0.0,-2.348288751953724e-13,-1.0555250143894841e-16,8.209954889093735e-10,0.0,1.6419909778187468e-07,1.0
18.37,0.0,0.0,0.0,0.0,-2.41782712929109e-13,5.147732564484627e-16,7.574229788602742e-10,0.0,1.5148459577205483e-07,1.0
18.38,0.0,0.0,0.0,0.0,-2.47547373615211e-13,1.2565760850489846e-15,6.948526366252182e-10,0.0,1.3897052732504364e-07,1.0
18.39,0.0,0.0,0.0,0.0,-2.492319737667271e-13,-4.883805197714253e-16,6.33340242504273e-10,0.0,1.266680485008546e-07,1.0
18.400000000000002,0.0,0.0,0.0,0.0,-2.542368931345259e-13,-2.302607521892382e-15,5.72908682609335e-10,0.0,1.14581736521867e-07,1.0
18.41,0.0,0.0,0.0,0.0,-2.606412181711631e-13,-2.2005778124246188e-15,5.135632833263879e-10,0.0,1.0271265666527758e-07,1.0
18.42,0.0,0.0,0.0,0.0,-2.6774174143276077e-13,-2.0947130976939844e-15,4.553758234872864e-10,0.0,9.107516469745728e-08,1.0
18.43,0.0,0.0,0.0,0.0,-2.750912568798127e-13,-9.24378467891085e-16,3.9841695015249045e-10,0.0,7.96833900304981e-08,1.0
18.44,0.0,0.0,0.0,0.0,-2.805283288902127e-13,-4.236363016390374e-16,3.4267168256989616e-10,0.0,6.853433651397923e-08,1.0
18.45,0.0,0.0,0.0,0.0,-2.8281642899402155e-13,6.858137857263162e-16,2.8815031985419625e-10,0.0,5.763006397083925e-08,1.0
18.46,0.0,0.0,0.0,0.0,-2.852942310864611e-13,8.355374342642048e-16,2.348835294215546e-10,0.0,4.697670588431092e-08,1.0
18.47,0.0,0.0,0.0,0.0,-2.8798431715128325e-13,1.9921536900643126e-15,1.829017037975876e-10,0.0,3.658034075951752e-08,1.0
18.48,0.0,0.0,0.0,0.0,-2.907489008368797e-13,1.5701953070354755e-15,1.3219764363573386e-10,0.0,2.643952872714677e-08,1.0
18.490000000000002,0.0,0.0,0.0,0.0,-2.9298477585052156e-13,2.5328524839610454e-15,8.278978118898208e-11,0.0,1.6557956237796414e-08,1.0
18.5,0.0,0.0,0.0,0.0,-2.956879505882211e-13,2.070364744253563e-15,3.471425065320176e-11,0.0,6.942850130640352e-09,1.0
18.51,0.0,0.0,0.0,0.0,-2.987287661126822e-13,1.620903306166461e-15,1.2071001598405637e-11,0.0,2.4142003196811272e-09,1.0
18.52,0.0,0.0,0.0,0.0,-3.0033746297677477e-13,1.3663018634395497e-15,5.746320484110884e-11,0.0,1.1492640968221768e-08,1.0
18.53,0.0,0.0,0.0,0.0,-3.0137491621459345e-13,1.7793584555745306e-15,1.0149665437898922e-10,0.0,2.0299330875797843e-08,1.0
18.54,0.0,0.0,0.0,0.0,-3.0185493855742116e-13,2.1535854085325953e-15,1.4418722150953466e-10,0.0,2.8837444301906932e-08,1.0
18.55,0.0,0.0,0.0,0.0,-3.008786627794601e-13,1.537447821623885e-15,1.8552169253192246e-10,0.0,3.7104338506384494e-08,1.0
18.56,0.0,0.0,0.0,0.0,-3.0054943196108315e-13,1.1257789780943541e-15,2.2548213939129084e-10,0.0,4.5096427878258164e-08,1.0
18.57,0.0,0.0,0.0,0.0,-2.9946160791516096e-13,6.939962333970687e-16,2.64055524819796e-10,0.0,5.28111049639592e-08,1.0
18.580000000000002,0.0,0.0,0.0,0.0,-2.988489304154318e-13,-9.017831901368106e-16,3.013087596474474e-10,0.0,6.026175192948947e-08,1.0
18.59,0.0,0.0,0.0,0.0,-2.9709296542431045e-13,8.041722906765244e-16,3.372005869420896e-10,0.0,6.744011738841792e-08,1.0
18.6,0.0,0.0,0.0,0.0,-2.9744429547996934e-13,-2.618933952646551e-16,3.717024347105148e-10,0.0,7.434048694210296e-08,1.0
18.61,0.0,0.0,0.0,0.0,-2.969829302145089e-13,1.2585566462133173e-15,4.048583694127372e-10,0.0,8.097167388254743e-08,1.0
18.62,0.0,0.0,0.0,0.0,-2.9347192574282663e-13,2.012847731213582e-15,4.366381512008299e-10,0.0,8.732763024016598e-08,1.0
18.63,0.0,0.0,0.0,0.0,-2.9120965017833914e-13,1.1507063526885478e-15,4.670874331836791e-10,0.0,9.341748663673583e-08,1.0
18.64,0.0,0.0,0.0,0.0,-2.884196658089158e-13,4.115086995555869e-16,4.962366400494093e-10,0.0,9.924732800988186e-08,1.0
18.650000000000002,0.0,0.0,0.0,0.0,-2.864889601813834e-13,9.303206784398591e-16,5.240462232783287e-10,0.0,1.0480924465566574e-07,1.0
18.66,0.0,0.0,0.0,0.0,-2.861697779585246e-13,5.944684543903808e-16,5.505353227055433e-10,0.0,1.1010706454110864e-07,1.0
18.67,0.0,0.0,0.0,0.0,-2.8296621687546575e-13,-7.748773469662539e-16,5.756882948531877e-10,0.0,1.1513765897063754e-07,1.0
18.68,0.0,0.0,0.0,0.0,-2.7825572060021504e-13,-4.896126775700635e-16,5.995204819239517e-10,0.0,1.1990409638479033e-07,1.0
18.69,0.0,0.0,0.0,0.0,-2.740458992324502e-13,9.697019806509704e-16,6.221493007182159e-10,0.0,1.2442986014364316e-07,1.0
18.7,0.0,0.0,0.0,0.0,-2.691985020112146e-13,2.5215129782085407e-15,6.435179900432782e-10,0.0,1.2870359800865563e-07,1.0
18.71,0.0,0.0,0.0,0.0,-2.674692222450152e-13,3.5686678441315044e-15,6.635718960111925e-10,0.0,1.327143792022385e-07,1.0
18.72,0.0,0.0,0.0,0.0,-2.650137000332098e-13,4.3915349929409725e-15,6.82411301157784e-10,0.0,1.3648226023155682e-07,1.0
18.73,0.0,0.0,0.0,0.0,-2.577724818864386e-13,1.323885607880835e-15,7.000266817715094e-10,0.0,1.4000533635430188e-07,1.0
18.740000000000002,0.0,0.0,0.0,0.0,-2.5326082133375796e-13,2.7692248985040953e-15,7.164564303048473e-10,0.0,1.4329128606096947e-07,1.0
18.75,0.0,0.0,0.0,0.0,-2.4750409283121524e-13,6.471941551618996e-16,7.316826537596966e-10,0.0,1.4633653075193932e-07,1.0
18.76,0.0,0.0,0.0,0.0,-2.427260644654557e-13,9.93573526275937e-16,7.457485800167325e-10,0.0,1.491497160033465e-07,1.0
18.77,0.0,0.0,0.0,0.0,-2.381595252075028e-13,-7.577772321848709e-16,7.587287998226425e-10,0.0,1.517457599645285e-07,1.0
18.78,0.0,0.0,0.0,0.0,-2.324686480203986e-13,-4.979555841558598e-15,7.705334613256997e-10,0.0,1.5410669226513993e-07,1.0
18.79,0.0,0.0,0.0,0.0,-2.301358380701188e-13,-2.690996706775943e-15,7.812434462198033e-10,0.0,1.5624868924396065e-07,1.0
18.8,0.0,0.0,0.0,0.0,-2.2390140767480244e-13,-3.1990966152393093e-15,7.908937057433925e-10,0.0,1.581787411486785e-07,1.0
18.81,0.0,0.0,0.0,0.0,-2.1821249877042178e-13,9.348182453309e-16,7.994691485745689e-10,0.0,1.5989382971491378e-07,1.0
18.82,0.0,0.0,0.0,0.0,-2.1550516110207773e-13,4.0367004229736635e-15,8.070675834014899e-10,0.0,1.6141351668029796e-07,1.0
18.830000000000002,0.0,0.0,0.0,0.0,-2.0879333859584212e-13,2.168788747582266e-15,8.135748726803301e-10,0.0,1.6271497453606603e-07,1.0
18.84,0.0,0.0,0.0,0.0,-2.0571422248415334e-13,2.61407774930819e-15,8.190983989972824e-10,0.0,1.6381967979945648e-07,1.0
18.85,0.0,0.0,0.0,0.0,-1.9557795406823386e-13,8.664900244635056e-16,8.236261525969385e-10,0.0,1.647252305193877e-07,1.0
18.86,0.0,0.0,0.0,0.0,-1.8884760064318036e-13,-9.18370545649946e-16,8.272639884798457e-10,0.0,1.6545279769596914e-07,1.0
18.87,0.0,0.0,0.0,0.0,-1.7968478358962965e-13,9.277363468444801e-18,8.299479383374166e-10,0.0,1.6598958766748333e-07,1.0
18.88,0.0,0.0,0.0,0.0,-1.7735831259680174e-13,3.029442739310624e-15,8.318280242339856e-10,0.0,1.6636560484679712e-07,1.0
18.89,0.0,0.0,0.0,0.0,-1.723849915824427e-13,5.32169848910472e-16,8.328434523195103e-10,0.0,1.6656869046390205e-07,1.0
18.900000000000002,0.0,0.0,0.0,0.0,-1.7108689138323066e-13,1.0686547438444478e-15,8.329503681572642e-10,0.0,1.6659007363145283e-07,1.0
18.91,0.0,0.0,0.0,0.0,-1.704303858397506e-13,2.241760273892318e-15,8.323234707005545e-10,0.0,1.664646941401109e-07,1.0
18.92,0.0,0.0,0.0,0.0,-1.647721508970294e-13,-1.0386809594569732e-15,8.308887409609212e-10,0.0,1.6617774819218424e-07,1.0
18.93,0.0,0.0,0.0,0.0,-1.6247680485843796e-13,3.3723414342404536e-15,8.286102004047156e-10,0.0,1.6572204008094312e-07,1.0
18.94,0.0,0.0,0.0,0.0,-1.5747289085038106e-13,2.8315907063944653e-15,8.255916793093534e-10,0.0,1.6511833586187067e-07,1.0
18.95,0.0,0.0,0.0,0.0,-1.4650228893353342e-13,4.102865155924974e-15,8.218142172097325e-10,0.0,1.643628434419465e-07,1.0
18.96,0.0,0.0,0.0,0.0,-1.3999920579179592e-13,5.287145904797247e-15,8.174210431315758e-10,0.0,1.6348420862631514e-07,1.0
18.97,0.0,0.0,0.0,0.0,-1.3018363118874626e-13,4.401387882223253e-15,8.123069287166494e-10,0.0,1.6246138574332986e-07,1.0
18.98,0.0,0.0,0.0,0.0,-1.2651422569904047e-13,2.5202749107004072e-15,8.065528782628765e-10,0.0,1.613105756525753e-07,1.0
18.990000000000002,0.0,0.0,0.0,0.0,-1.2006456924511133e-13,2.7103730064687842e-15,8.00225068604716e-10,0.0,1.600450137209432e-07,1.0
19.0,0.0,0.0,0.0,0.0,-1.1430683984588516e-13,-3.198109384779132e-17,7.932844236773516e-10,0.0,1.586568847354703e-07,1.0
19.01,0.0,0.0,0.0,0.0,-1.1189493798147098e-13,2.7162854326810127e-15,7.857944421553149e-10,0.0,1.5715888843106298e-07,1.0
19.02,0.0,0.0,0.0,0.0,-1.0700973539316827e-13,2.5667124275586094e-15,7.777452023025408e-10,0.0,1.5554904046050817e-07,1.0
19.03,0.0,0.0,0.0,0.0,-1.03280548173227e-13,-2.6420235356078753e-15,7.691767732630153e-10,0.0,1.5383535465260306e-07,1.0
19.04,0.0,0.0,0.0,0.0,-9.78473774024812e-14,-2.641595961994391e-15,7.601055339387125e-10,0.0,1.520211067877425e-07,1.0
19.05,0.0,0.0,0.0,0.0,-9.242566741822868e-14,-3.3034847100175787e-15,7.505537511132179e-10,0.0,1.5011075022264357e-07,1.0
19.06,0.0,0.0,0.0,0.0,-8.62945681635096e-14,-2.8801448978343135e-15,7.405466235912191e-10,0.0,1.4810932471824381e-07,1.0
19.07,0.0,0.0,0.0,0.0,-8.059036241029288e-14,7.980818274948276e-16,7.30136406436484e-10,0.0,1.460272812872968e-07,1.0
19.080000000000002,0.0,0.0,0.0,0.0,-7.575142035237402e-14,-8.301498850281292e-16,7.193499691087342e-10,0.0,1.4386999382174682e-07,1.0
19.09,0.0,0.0,0.0,0.0,-7.164544758335913e-14,1.235581108045899e-15,7.081568685792139e-10,0.0,1.4163137371584277e-07,1.0
19.1,0.0,0.0,0.0,0.0,-6.720021628792425e-14,9.825239765649126e-16,6.965646040443392e-10,0.0,1.3931292080886784e-07,1.0
19.11,0.0,0.0,0.0,0.0,-6.214351701027154e-14,4.698052760800623e-16,6.846955493308586e-10,0.0,1.3693910986617171e-07,1.0
19.12,0.0,0.0,0.0,0.0,-5.5832778975538836e-14,6.274893913897737e-16,6.725367619173178e-10,0.0,1.3450735238346355e-07,1.0
19.13,0.0,0.0,0.0,0.0,-5.305834372545866e-14,-1.5300894150234788e-15,6.600573848952283e-10,0.0,1.3201147697904566e-07,1.0
19.14,0.0,0.0,0.0,0.0,-4.9574366401899255e-14,-1.8868753108246528e-15,6.472789362987279e-10,0.0,1.2945578725974558e-07,1.0
19.150000000000002,0.0,0.0,0.0,0.0,-4.3590597890177864e-14,-9.086608426358137e-16,6.342567656328274e-10,0.0,1.2685135312656547e-07,1.0
19.16,0.0,0.0,0.0,0.0,-3.695682468205736e-14,-5.536943484830279e-16,6.210283353697212e-10,0.0,1.2420566707394423e-07,1.0
19.17,0.0,0.0,0.0,0.0,-3.1344882366960536e-14,2.0866881892929987e-15,6.075896140768431e-10,0.0,1.215179228153686e-07,1.0
19.18,0.0,0.0,0.0,0.0,-2.9792030867290206e-14,2.964754583455272e-15,5.940378931716523e-10,0.0,1.1880757863433045e-07,1.0
19.19,0.0,0.0,0.0,0.0,-2.5125463012416297e-14,4.574361127693363e-15,5.80236470539214e-10,0.0,1.160472941078428e-07,1.0
19.2,0.0,0.0,0.0,0.0,-2.4620794766766737e-14,7.413695991535906e-15,5.662843704940504e-10,0.0,1.1325687409881009e-07,1.0
19.21,0.0,0.0,0.0,0.0,-1.8875035213983565e-14,4.654638528433698e-15,5.522505420520989e-10,0.0,1.1045010841041978e-07,1.0
19.22,0.0,0.0,0.0,0.0,-1.450974310629976e-14,3.9219951136986386e-15,5.381065035453148e-10,0.0,1.0762130070906295e-07,1.0
19.23,0.0,0.0,0.0,0.0,-1.241592170017775e-14,5.661873521326128e-16,5.238378745714267e-10,0.0,1.0476757491428534e-07,1.0
19.240000000000002,0.0,0.0,0.0,0.0,-8.447567520085463e-15,-1.6337367774714418e-15,5.094627286438913e-10,0.0,1.0189254572877827e-07,1.0
19.25,0.0,0.0,0.0,0.0,-3.4185222327649596e-15,-2.9527904947705475e-16,4.95060310312575e-10,0.0,9.9012062062515e-08,1.0
19.26,0.0,0.0,0.0,0.0,3.9325353548912735e-15,-3.3766509188644304e-16,4.805770634174937e-10,0.0,9.611541268349874e-08,1.0
19.27,0.0,0.0,0.0,0.0,6.955012646687185e-15,3.6854464222796374e-15,4.661097166363271e-10,0.0,9.322194332726541e-08,1.0
19.28,0.0,0.0,0.0,0.0,1.0960999486907053e-14,2.398720311732306e-15,4.5167160444048275e-10,0.0,9.033432088809655e-08,1.0
19.29,0.0,0.0,0.0,0.0,1.0667080633090199e-14,4.364522422349322e-15,4.3726076770542297e-10,0.0,8.745215354108459e-08,1.0
19.3,0.0,0.0,0.0,0.0,9.961075473719738e-15,3.908381845978993e-15,4.2282929138231235e-10,0.0,8.456585827646247e-08,1.0
19.31,0.0,0.0,0.0,0.0,9.638477283733868e-15,1.4214400938595762e-15,4.0841856928237616e-10,0.0,8.168371385647523e-08,1.0
19.32,0.0,0.0,0.0,0.0,1.3127292682352186e-14,1.2665746011779511e-15,3.94045820277285e-10,0.0,7.8809164055457e-08,1.0
19.330000000000002,0.0,0.0,0.0,0.0,1.7053743598047723e-14,1.6709256003281118e-15,3.797257502665373e-10,0.0,7.594515005330746e-08,1.0
19.34,0.0,0.0,0.0,0.0,2.1595319205618748e-14,3.565950670209244e-15,3.654621997585803e-10,0.0,7.309243995171605e-08,1.0
19.35,0.0,0.0,0.0,0.0,2.559173610974697e-14,6.551823557409217e-15,3.5129532159506065e-10,0.0,7.025906431901213e-08,1.0
19.36,0.0,0.0,0.0,0.0,2.7391546892590848e-14,4.175169647687357e-15,3.373038208101774e-10,0.0,6.746076416203549e-08,1.0
19.37,0.0,0.0,0.0,0.0,2.769684434293842e-14,3.843393214878228e-15,3.2341535193181965e-10,0.0,6.468307038636393e-08,1.0
19.38,0.0,0.0,0.0,0.0,2.528786040955522e-14,2.1046314480982743e-15,3.0958827772933344e-10,0.0,6.191765554586668e-08,1.0
19.39,0.0,0.0,0.0,0.0,2.632423200021591e-14,7.134348952174729e-16,2.958568717946206e-10,0.0,5.9171374358924124e-08,1.0
19.400000000000002,0.0,0.0,0.0,0.0,2.990501911012081e-14,-8.162748555734929e-16,2.823083747143447e-10,0.0,5.6461674942868937e-08,1.0
19.41,0.0,0.0,0.0,0.0,3.680679782078873e-14,-2.7171198850289984e-15,2.688306062916616e-10,0.0,5.376612125833232e-08,1.0
19.42,0.0,0.0,0.0,0.0,3.824557662804173e-14,-5.194067336180324e-15,2.555646105651776e-10,0.0,5.1112922113035525e-08,1.0
19.43,0.0,0.0,0.0,0.0,4.495647703951036e-14,-7.359117801390311e-15,2.4244591515821714e-10,0.0,4.8489183031643424e-08,1.0
19.44,0.0,0.0,0.0,0.0,4.4918165351318354e-14,-4.324131681491043e-15,2.2955206743196052e-10,0.0,4.59104134863921e-08,1.0
19.45,0.0,0.0,0.0,0.0,4.854262873234254e-14,-5.106919675235154e-15,2.1677174000651892e-10,0.0,4.3354348001303786e-08,1.0
19.46,0.0,0.0,0.0,0.0,4.613653075406853e-14,-8.278729987082155e-16,2.042674987818196e-10,0.0,4.085349975636392e-08,1.0
19.47,0.0,0.0,0.0,0.0,5.1965485093003625e-14,5.803633236107079e-16,1.9185988151101895e-10,0.0,3.8371976302203786e-08,1.0
19.48,0.0,0.0,0.0,0.0,4.856594204369497e-14,2.1834678738675617e-15,1.7974690161285317e-10,0.0,3.5949380322570636e-08,1.0
19.490000000000002,0.0,0.0,0.0,0.0,5.429092134036525e-14,3.2762687836885283e-15,1.6779107322044158e-10,0.0,3.355821464408832e-08,1.0
19.5,0.0,0.0,0.0,0.0,5.098596943540422e-14,2.431271779872698e-16,1.561059954103277e-10,0.0,3.122119908206554e-08,1.0
19.51,0.0,0.0,0.0,0.0,5.356212310677729e-14,2.7276163078310954e-16,1.4460124722921873e-10,0.0,2.8920249445843746e-08,1.0
19.52,0.0,0.0,0.0,0.0,5.208483539834619e-14,-4.393674163940057e-16,1.333253461890639e-10,0.0,2.6665069237812778e-08,1.0
19.53,0.0,0.0,0.0,0.0,5.268707335735802e-14,2.3407531766937737e-15,1.2232420704676037e-10,0.0,2.4464841409352074e-08,1.0
19.54,0.0,0.0,0.0,0.0,5.2889176793941207e-14,4.000219458836719e-15,1.1154211941921344e-10,0.0,2.230842388384269e-08,1.0
19.55,0.0,0.0,0.0,0.0,5.180932415159347e-14,3.759282246478488e-15,1.0095627047526613e-10,0.0,2.0191254095053227e-08,1.0
19.56,0.0,0.0,0.0,0.0,5.254609590364013e-14,3.583730059667756e-15,9.061797993368129e-11,0.0,1.8123595986736256e-08,1.0
19.57,0.0,0.0,0.0,0.0,5.5238287722879833e-14,2.5179860838964136e-16,8.053602796938418e-11,0.0,1.6107205593876834e-08,1.0
19.580000000000002,0.0,0.0,0.0,0.0,5.643696112981295e-14,-1.221297658651527e-15,7.07060851942758e-11,0.0,1.414121703885516e-08,1.0
19.59,0.0,0.0,0.0,0.0,5.884377217091693e-14,-2.6029212334774147e-15,6.105665718271547e-11,0.0,1.2211331436543093e-08,1.0
19.6,0.0,0.0,0.0,0.0,5.737993140806649e-14,-2.7128773086803695e-15,5.177179352958885e-11,0.0,1.0354358705917769e-08,1.0
19.61,0.0,0.0,0.0,0.0,6.249576644165977e-14,-1.6941346273701215e-15,4.265636361974182e-11,0.0,8.531272723948364e-09,1.0
19.62,0.0,0.0,0.0,0.0,5.819892446235873e-14,2.673656931276723e-16,3.3833377924445206e-11,0.0,6.766675584889041e-09,1.0
19.63,0.0,0.0,0.0,0.0,6.060499891322859e-14,1.8590471930615895e-15,2.5276119895627447e-11,0.0,5.055223979125489e-09,1.0
19.64,0.0,0.0,0.0,0.0,5.929157797468925e-14,3.0407915838183364e-16,1.697470423572067e-11,0.0,3.394940847144134e-09,1.0
19.650000000000002,0.0,0.0,0.0,0.0,5.859288192140368e-14,-8.423113322721968e-16,8.915802274068709e-12,0.0,1.7831604548137416e-09,1.0
19.66,0.0,0.0,0.0,0.0,5.797098102547081e-14,-1.5838473486741366e-15,1.1378422110168851e-12,0.0,2.2756844220337702e-10,1.0
19.67,0.0,0.0,0.0,0.0,5.82407911029233e-14,-2.79852354473831e-15,6.413055473681542e-12,0.0,1.2826110947363083e-09,1.0
19.68,0.0,0.0,0.0,0.0,5.677350142063461e-14,-1.7329726136107352e-15,1.3657518168745376e-11,0.0,2.731503633749075e-09,1.0
19.69,0.0,0.0,0.0,0.0,5.5328778333731464e-14,-1.9493816657526366e-15,2.0655735715981585e-11,0.0,4.131147143196317e-09,1.0
19.7,0.0,0.0,0.0,0.0,5.209330099136639e-14,1.820719485478315e-15,2.738184278207719e-11,0.0,5.476368556415438e-09,1.0
19.71,0.0,0.0,0.0,0.0,5.1581376668788675e-14,3.3714824894731033e-15,3.390019524939509e-11,0.0,6.780039049879018e-09,1.0
19.72,0.0,0.0,0.0,0.0,4.8302511204970135e-14,6.142934039169192e-15,4.010426985887921e-11,0.0,8.020853971775842e-09,1.0
19.73,0.0,0.0,0.0,0.0,4.931554489649362e-14,6.785657505325036e-15,4.608973284483772e-11,0.0,9.217946568967543e-09,1.0
19.740000000000002,0.0,0.0,0.0,0.0,4.700590395110597e-14,5.8913862340645336e-15,5.186206628341988e-11,0.0,1.0372413256683975e-08,1.0
19.75,0.0,0.0,0.0,0.0,4.762640820225314e-14,2.8444734324955418e-15,5.7376920524992644e-11,0.0,1.1475384104998529e-08,1.0
19.76,0.0,0.0,0.0,0.0,5.0358285087490505e-14,9.161598398755098e-16,6.266222974912149e-11,0.0,1.2532445949824297e-08,1.0
19.77,0.0,0.0,0.0,0.0,5.258373535812284e-14,-1.2081253955174855e-15,6.773958700619457e-11,0.0,1.3547917401238913e-08,1.0
19.78,0.0,0.0,0.0,0.0,5.4166140376262644e-14,-1.238985883856146e-15,7.25358780793421e-11,0.0,1.4507175615868421e-08,1.0
19.79,0.0,0.0,0.0,0.0,5.59013313182369e-14,-2.7611963426656066e-15,7.706141711549427e-11,0.0,1.5412283423098853e-08,1.0
19.8,0.0,0.0,0.0,0.0,5.358853531436278e-14,-1.062296961927313e-15,8.13396550651011e-11,0.0,1.626793101302022e-08,1.0
19.81,0.0,0.0,0.0,0.0,5.0357097741282203e-14,-3.2642658331631986e-15,8.540114374227877e-11,0.0,1.7080228748455754e-08,1.0
19.82,0.0,0.0,0.0,0.0,4.754962549031027e-14,-3.3321492858250677e-15,8.92379257132608e-11,0.0,1.784758514265216e-08,1.0
19.830000000000002,0.0,0.0,0.0,0.0,4.666652368363622e-14,-3.462048005908924e-15,9.285309944749691e-11,0.0,1.8570619889499383e-08,1.0
19.84,0.0,0.0,0.0,0.0,4.620303546981618e-14,-1.915859682962359e-15,9.624870172366097e-11,0.0,1.9249740344732196e-08,1.0
19.85,0.0,0.0,0.0,0.0,4.722036617016348e-14,2.2112562520872718e-16,9.94627275170037e-11,0.0,1.9892545503400742e-08,1.0
19.86,0.0,0.0,0.0,0.0,4.625434710630991e-14,9.942236437033335e-16,1.0239648278488551e-10,0.0,2.0479296556977102e-08,1.0
19.87,0.0,0.0,0.0,0.0,4.705662727879903e-14,1.3647324032187909e-15,1.0511550499992478e-10,0.0,2.1023100999984957e-08,1.0
19.88,0.0,0.0,0.0,0.0,4.2887283577395365e-14,2.182815974867292e-15,1.0762080536591568e-10,0.0,2.1524161073183137e-08,1.0
19.89,0.0,0.0,0.0,0.0,4.0722889980051436e-14,3.7731838227113635e-15,1.0995070236512167e-10,0.0,2.1990140473024334e-08,1.0
19.900000000000002,0.0,0.0,0.0,0.0,3.879368782615179e-14,5.171378792028843e-15,1.120814515798973e-10,0.0,2.241629031597946e-08,1.0
19.91,0.0,0.0,0.0,0.0,3.970434778861477e-14,2.8950517296995486e-15,1.1403468203819821e-10,0.0,2.280693640763964e-08,1.0
19.92,0.0,0.0,0.0,0.0,3.8911702602760973e-14,1.0310054755484904e-15,1.1575855639236129e-10,0.0,2.3151711278472257e-08,1.0
19.93,0.0,0.0,0.0,0.0,3.959857626239515e-14,-9.910484294506478e-16,1.1731562686336652e-10,0.0,2.3463125372673304e-08,1.0
19.94,0.0,0.0,0.0,0.0,3.777883882692011e-14,-6.144937414482997e-16,1.1869795703696008e-10,0.0,2.3739591407392015e-08,1.0
19.95,0.0,0.0,0.0,0.0,3.8053524676561395e-14,-1.1463051408651295e-15,1.1990763194521751e-10,0.0,2.3981526389043504e-08,1.0
19.96,0.0,0.0,0.0,0.0,3.8285219075361955e-14,-2.3617240050049045e-15,1.2093655754573393e-10,0.0,2.4187311509146786e-08,1.0
19.97,0.0,0.0,0.0,0.0,3.861383377840848e-14,-3.960006888133748e-17,1.2179770670915113e-10,0.0,2.4359541341830225e-08,1.0
19.98,0.0,0.0,0.0,0.0,3.6803295299572294e-14,1.034040192767406e-15,1.224493651381918e-10,0.0,2.448987302763836e-08,1.0
19.990000000000002,0.0,0.0,0.0,0.0,3.46474450820675e-14,1.7245378732702487e-15,1.2292859257651924e-10,0.0,2.4585718515303848e-08,1.0
20.0,0.0,0.0,0.0,0.0,3.0979339932572597e-14,3.033386674799455e-15,1.232846640513725e-10,0.0,2.4656932810274502e-08,1.0
20.01,0.0,0.0,0.0,0.0,2.800148128075138e-14,1.1583411177562443e-15,1.2349315865635508e-10,0.0,2.4698631731271016e-08,1.0
20.02,0.0,0.0,0.0,0.0,2.831951189117886e-14,9.143436105575668e-16,1.2357025435744798e-10,0.0,2.4714050871489596e-08,1.0
20.03,0.0,0.0,0.0,0.0,2.969753781300297e-14,-2.2160970492477773e-15,1.2354188909911321e-10,0.0,2.4708377819822642e-08,1.0
20.04,0.0,0.0,0.0,0.0,2.9667130227894084e-14,-9.239646882059833e-16,1.2331057860882356e-10,0.0,2.4662115721764712e-08,1.0
20.05,0.0,0.0,0.0,0.0,3.123618072707797e-14,-3.182335101467158e-15,1.2295054483044007e-10,0.0,2.4590108966088012e-08,1.0
20.06,0.0,0.0,0.0,0.0,2.7936709518135125e-14,-1.1505936837208876e-15,1.2246708587211007e-10,0.0,2.4493417174422014e-08,1.0
20.07,0.0,0.0,0.0,0.0,2.5145904300280362e-14,-9.20719515083313e-16,1.2183275073584364e-10,0.0,2.436655014716873e-08,1.0
20.080000000000002,0.0,0.0,0.0,0.0,2.400572438992062e-14,-6.273969629955416e-16,1.2111316453863256e-10,0.0,2.422263290772651e-08,1.0
20.09,0.0,0.0,0.0,0.0,2.1205707437149027e-14,3.394427214561301e-16,1.2027122906070448e-10,0.0,2.4054245812140894e-08,1.0
20.1,0.0,0.0,0.0,0.0,2.0905963938141696e-14,1.9366304326580775e-15,1.1930915896003256e-10,0.0,2.3861831792006512e-08,1.0
20.11,0.0,0.0,0.0,0.0,1.971849186649589e-14,1.9881267271251235e-15,1.1824694598695742e-10,0.0,2.3649389197391483e-08,1.0
20.12,0.0,0.0,0.0,0.0,1.875050699613636e-14,2.2799054394466965e-15,1.1710416959477679e-10,0.0,2.3420833918955357e-08,1.0
20.13,0.0,0.0,0.0,0.0,1.6814325660836382e-14,2.0394535737047817e-15,1.1581876309908601e-10,0.0,2.31637526198172e-08,1.0
20.14,0.0,0.0,0.0,0.0,1.7436315121237887e-14,2.1060039509603332e-15,1.1448582213131432e-10,0.0,2.289716442626286e-08,1.0
20.150000000000002,0.0,0.0,0.0,0.0,1.4790772436526714e-14,1.9514884191025516e-15,1.130607102515947e-10,0.0,2.2612142050318942e-08,1.0
20.16,0.0,0.0,0.0,0.0,1.568706202697487e-14,1.0398556553763682e-15,1.1155258694559935e-10,0.0,2.231051738911987e-08,1.0
20.17,0.0,0.0,0.0,0.0,1.5821145717678557e-14,-1.2740623616060768e-16,1.0997415215928354e-10,0.0,2.199483043185671e-08,1.0
20.18,0.0,0.0,0.0,0.0,1.513778503068347e-14,-1.99005638749016e-15,1.083002449649079e-10,0.0,2.166004899298158e-08,1.0
20.19,0.0,0.0,0.0,0.0,1.5179846636963334e-14,-8.265342288245346e-16,1.065674603015331e-10,0.0,2.131349206030662e-08,1.0
20.2,0.0,0.0,0.0,0.0,1.38144889760688e-14,-1.5895654438756878e-15,1.0477124660490256e-10,0.0,2.0954249320980512e-08,1.0
20.21,0.0,0.0,0.0,0.0,1.3466630683579989e-14,-1.9279088793246564e-16,1.0291069567246265e-10,0.0,2.058213913449253e-08,1.0
20.22,0.0,0.0,0.0,0.0,1.2677119331175746e-14,-7.222856374861253e-16,1.0097620239710347e-10,0.0,2.0195240479420695e-08,1.0
20.23,0.0,0.0,0.0,0.0,1.1877198257279583e-14,-3.0538998394459367e-16,9.899573079649207e-11,0.0,1.9799146159298414e-08,1.0
20.240000000000002,0.0,0.0,0.0,0.0,1.045977668390174e-14,-4.3817759932715144e-16,9.697139679677557e-11,0.0,1.9394279359355112e-08,1.0
20.25,0.0,0.0,0.0,0.0,9.605324789757435e-15,-2.771902778107637e-16,9.48893427863676e-11,0.0,1.897786855727352e-08,1.0
20.26,0.0,0.0,0.0,0.0,8.91568179226928e-15,-8.932990847425966e-16,9.27584294647784e-11,0.0,1.855168589295568e-08,1.0
20.27,0.0,0.0,0.0,0.0,8.053508759638973e-15,2.4974588879694133e-16,9.060755554077404e-11,0.0,1.812151110815481e-08,1.0
20.28,0.0,0.0,0.0,0.0,5.75238474482303e-15,-2.920535359980402e-17,8.83786310575153e-11,0.0,1.767572621150306e-08,1.0
20.29,0.0,0.0,0.0,0.0,5.808904876190456e-15,-1.1726842700480947e-15,8.615001820232073e-11,0.0,1.7230003640464148e-08,1.0
20.3,0.0,0.0,0.0,0.0,3.1946700490712018e-15,-4.251342671643842e-16,8.389289993601572e-11,0.0,1.6778579987203145e-08,1.0
20.31,0.0,0.0,0.0,0.0,2.8868235528861265e-15,-1.4274399397797021e-15,8.159402098469225e-11,0.0,1.6318804196938448e-08,1.0
20.32,0.0,0.0,0.0,0.0,2.820887924836953e-15,-1.5131999904647182e-15,7.929408546754974e-11,0.0,1.5858817093509947e-08,1.0
20.330000000000002,0.0,0.0,0.0,0.0,1.646479895215897e-15,-9.358866396007781e-16,7.697290897517842e-11,0.0,1.5394581795035684e-08,1.0
20.34,0.0,0.0,0.0,0.0,1.7772094959903845e-15,6.012823148357729e-16,7.46282127994201e-11,0.0,1.492564255988402e-08,1.0
20.35,0.0,0.0,0.0,0.0,1.551531062738839e-15,5.351007852112566e-16,7.227780531458904e-11,0.0,1.4455561062917807e-08,1.0
20.36,0.0,0.0,0.0,0.0,5.137363095362194e-16,2.05103532350002e-15,6.990815245994842e-11,0.0,1.3981630491989683e-08,1.0
20.37,0.0,0.0,0.0,0.0,-2.164017365962914e-17,1.5060675812493585e-15,6.753242571658367e-11,0.0,1.3506485143316733e-08,1.0
20.38,0.0,0.0,0.0,0.0,-9.856529090904552e-16,3.836750543133149e-16,6.515865994793697e-11,0.0,1.3031731989587394e-08,1.0
20.39,0.0,0.0,0.0,0.0,-1.6381122244013347e-15,2.7237581726144645e-16,6.278592033509697e-11,0.0,1.2557184067019394e-08,1.0
20.400000000000002,0.0,0.0,0.0,0.0,-1.636411391116305e-15,-8.295442246197074e-16,6.042060077247027e-11,0.0,1.2084120154494054e-08,1.0
20.41,0.0,0.0,0.0,0.0,-2.257557743599158e-15,-1.0714503234661495e-16,5.804003745815227e-11,0.0,1.1608007491630454e-08,1.0
20.42,0.0,0.0,0.0,0.0,-2.041574017190116e-15,-6.966755462469197e-16,5.5683676051898815e-11,0.0,1.1136735210379762e-08,1.0
20.43,0.0,0.0,0.0,0.0,-3.1216415748516173e-15,1.2738143938021121e-16,5.3335596831271645e-11,0.0,1.0667119366254329e-08,1.0
20.44,0.0,0.0,0.0,0.0,-3.038542853923e-15,-9.902218259830996e-16,5.099062413283455e-11,0.0,1.019812482656691e-08,1.0
20.45,0.0,0.0,0.0,0.0,-3.642906603737634e-15,-7.648130001159016e-16,4.864747041289642e-11,0.0,9.729494082579284e-09,1.0
20.46,0.0,0.0,0.0,0.0,-4.865202849655602e-15,-8.084051087245678e-16,4.6318278967630674e-11,0.0,9.263655793526134e-09,1.0
20.47,0.0,0.0,0.0,0.0,-6.188983312005529e-15,-7.179282107678572e-16,4.40181033868975e-11,0.0,8.803620677379501e-09,1.0
20.48,0.0,0.0,0.0,0.0,-7.102760366453833e-15,-2.372019950438945e-16,4.1740830177672085e-11,0.0,8.348166035534417e-09,1.0
20.490000000000002,0.0,0.0,0.0,0.0,-6.958276203364868e-15,8.188505642462594e-16,3.948851991661591e-11,0.0,7.897703983323182e-09,1.0
20.5,0.0,0.0,0.0,0.0,-7.035423271116181e-15,5.358593323663941e-16,3.725077074287824e-11,0.0,7.450154148575648e-09,1.0
20.51,0.0,0.0,0.0,0.0,-7.0399455117728856e-15,1.0819242085843109e-15,3.50386669473303e-11,0.0,7.007733389466059e-09,1.0
20.52,0.0,0.0,0.0,0.0,-7.826536954100275e-15,-5.396736739853307e-16,3.2849706159895466e-11,0.0,6.569941231979093e-09,1.0
20.53,0.0,0.0,0.0,0.0,-8.043333604802625e-15,-7.101871766356427e-17,3.070008484857821e-11,0.0,6.140016969715642e-09,1.0
20.54,0.0,0.0,0.0,0.0,-8.63939875331647e-15,-9.779990885279555e-16,2.8573214380428418e-11,0.0,5.714642876085684e-09,1.0
20.55,0.0,0.0,0.0,0.0,-8.455935045318635e-15,-5.586992557805643e-16,2.6478191431749765e-11,0.0,5.295638286349953e-09,1.0
20.56,0.0,0.0,0.0,0.0,-8.369097580547881e-15,-2.0533915462528558e-16,2.4430211225367638e-11,0.0,4.8860422450735274e-09,1.0
20.57,0.0,0.0,0.0,0.0,-8.311906587423584e-15,3.265069254704029e-17,2.241048930174282e-11,0.0,4.482097860348564e-09,1.0
20.580000000000002,0.0,0.0,0.0,0.0,-7.341368800715077e-15,5.92168176127355e-17,2.04287018484668e-11,0.0,4.08574036969336e-09,1.0
20.59,0.0,0.0,0.0,0.0,-7.365738698230552e-15,2.535416040412848e-16,1.8472024690950933e-11,0.0,3.6944049381901864e-09,1.0
20.6,0.0,0.0,0.0,0.0,-7.108240145626622e-15,5.881668651477068e-16,1.6555777188382827e-11,0.0,3.3111554376765654e-09,1.0
20.61,0.0,0.0,0.0,0.0,-7.875943364870703e-15,2.618165683113868e-17,1.4669233088787434e-11,0.0,2.933846617757487e-09,1.0
20.62,0.0,0.0,0.0,0.0,-7.894037136373052e-15,-1.007341230041925e-16,1.2831200440118333e-11,0.0,2.5662400880236664e-09,1.0
20.63,0.0,0.0,0.0,0.0,-8.524827638454482e-15,-4.222094603431966e-16,1.1025609519009132e-11,0.0,2.2051219038018264e-09,1.0
20.64,0.0,0.0,0.0,0.0,-8.09449697590464e-15,-8.680620076597307e-16,9.26977123803313e-12,0.0,1.8539542476066262e-09,1.0
20.650000000000002,0.0,0.0,0.0,0.0,-8.39360637186923e-15,-7.596620264691164e-16,7.547496851903622e-12,0.0,1.5094993703807245e-09,1.0
20.66,0.0,0.0,0.0,0.0,-8.231983415008624e-15,-1.8766421916930157e-16,5.859422475780752e-12,0.0,1.1718844951561504e-09,1.0
20.67,0.0,0.0,0.0,0.0,-8.471955030145918e-15,-6.244841822370594e-16,4.219890582271969e-12,0.0,8.439781164543938e-10,1.0
20.68,0.0,0.0,0.0,0.0,-9.342380756409176e-15,-7.232064480156096e-16,2.6125131568040076e-12,0.0,5.225026313608015e-10,1.0
20.69,0.0,0.0,0.0,0.0,-9.141589104311807e-15,-1.4452283610875103e-15,1.0619028269109386e-12,0.0,2.1238056538218772e-10,1.0
20.7,0.0,0.0,0.0,0.0,-9.545357611213283e-15,-1.8290047333201182e-15,4.455798192304843e-13,0.0,8.911596384609686e-11,1.0
20.71,0.0,0.0,0.0,0.0,-9.267780967717448e-15,-1.898104896574639e-15,1.92160639362422e-12,0.0,3.84321278724844e-10,1.0
20.72,0.0,0.0,0.0,0.0,-9.139140779342777e-15,-1.4461020851164337e-15,3.349496555121025e-12,0.0,6.69899311024205e-10,1.0
20.73,0.0,0.0,0.0,0.0,-9.650075928538354e-15,-5.731211954462849e-16,4.730462288571196e-12,0.0,9.460924577142392e-10,1.0
20.740000000000002,0.0,0.0,0.0,0.0,-9.528095724448463e-15,-4.939538465404992e-16,6.0631941941974404e-12,0.0,1.212638838839488e-09,1.0
20.75,0.0,0.0,0.0,0.0,-9.312645102220505e-15,-7.170858673903656e-17,7.35391211136066e-12,0.0,1.4707824222721322e-09,1.0
20.76,0.0,0.0,0.0,0.0,-9.179342956465282e-15,1.6938332698571342e-16,8.609164948059568e-12,0.0,1.7218329896119135e-09,1.0
20.77,0.0,0.0,0.0,0.0,-9.161031230685338e-15,-1.6210621560242248e-16,9.815288478713535e-12,0.0,1.963057695742707e-09,1.0
20.78,0.0,0.0,0.0,0.0,-9.494510707099235e-15,3.4912201570114906e-16,1.0972096220418849e-11,0.0,2.19441924408377e-09,1.0
20.79,0.0,0.0,0.0,0.0,-9.500390206234989e-15,6.45520686563371e-16,1.2090434644153167e-11,0.0,2.4180869288306334e-09,1.0
20.8,0.0,0.0,0.0,0.0,-9.049049808632092e-15,6.200614574979419e-16,1.3158649729106835e-11,0.0,2.631729945821367e-09,1.0
20.81,0.0,0.0,0.0,0.0,-9.376093853262585e-15,6.96738300573353e-16,1.4193919405907222e-11,0.0,2.838783881181444e-09,1.0
20.82,0.0,0.0,0.0,0.0,-9.064105731708526e-15,2.2462419499218384e-16,1.5178504898606617e-11,0.0,3.0357009797213233e-09,1.0
20.830000000000002,0.0,0.0,0.0,0.0,-9.542233864895609e-15,5.629988121507336e-16,1.61213285942905e-11,0.0,3.2242657188580995e-09,1.0
20.84,0.0,0.0,0.0,0.0,-9.465067931492985e-15,5.189529464826316e-16,1.7024166676423754e-11,0.0,3.404833335284751e-09,1.0
20.85,0.0,0.0,0.0,0.0,-9.377490106411054e-15,8.623674761077647e-16,1.7878171874318406e-11,0.0,3.575634374863681e-09,1.0
20.86,0.0,0.0,0.0,0.0,-9.481148922098903e-15,8.775331788843756e-16,1.869193505218448e-11,0.0,3.738387010436896e-09,1.0
20.87,0.0,0.0,0.0,0.0,-9.24597096426051e-15,1.8573580694526052e-16,1.9466137915431415e-11,0.0,3.893227583086283e-09,1.0
20.88,0.0,0.0,0.0,0.0,-9.132024252082758e-15,9.645657469720759e-17,2.0195128706095954e-11,0.0,4.0390257412191905e-09,1.0
20.89,0.0,0.0,0.0,0.0,-8.954446360884802e-15,-1.4661734686607807e-16,2.087743027402309e-11,0.0,4.175486054804618e-09,1.0
20.900000000000002,0.0,0.0,0.0,0.0,-8.550132656190102e-15,-5.197514932595799e-17,2.1521421510664417e-11,0.0,4.304284302132883e-09,1.0
20.91,0.0,0.0,0.0,0.0,-8.192431122253926e-15,-1.7470815993555674e-16,2.2133710697919084e-11,0.0,4.426742139583817e-09,1.0
20.92,0.0,0.0,0.0,0.0,-8.29114156402459e-15,2.6366301897471046e-16,2.2710536403548496e-11,0.0,4.5421072807096995e-09,1.0
20.93,0.0,0.0,0.0,0.0,-8.494559509354502e-15,3.3790461975072926e-16,2.3236093746711415e-11,0.0,4.647218749342283e-09,1.0
20.94,0.0,0.0,0.0,0.0,-8.843551522988875e-15,2.8657087520035823e-16,2.3727328602278147e-11,0.0,4.745465720455629e-09,1.0
20.95,0.0,0.0,0.0,0.0,-8.228203780814538e-15,2.2271477108098434e-17,2.4179303783473923e-11,0.0,4.835860756694784e-09,1.0
20.96,0.0,0.0,0.0,0.0,-8.131303800149326e-15,-4.704171588627688e-17,2.4596761977046578e-11,0.0,4.9193523954093154e-09,1.0
20.97,0.0,0.0,0.0,0.0,-7.755488249853568e-15,-4.038808528690943e-17,2.497269792262717e-11,0.0,4.994539584525433e-09,1.0
20.98,0.0,0.0,0.0,0.0,-7.573433318160622e-15,1.2244730308527478e-16,2.5312239784685476e-11,0.0,5.062447956937095e-09,1.0
20.990000000000002,0.0,0.0,0.0,0.0,-7.109845601352534e-15,1.0146468905539085e-17,2.5620242879480795e-11,0.0,5.124048575896159e-09,1.0
21.0,0.0,0.0,0.0,0.0,-6.75685280065791e-15,-8.418706201173806e-17,2.5892707082061935e-11,0.0,5.178541416412387e-09,1.0
21.01,0.0,0.0,0.0,0.0,-6.6373597814085895e-15,7.933395380833491e-17,2.6132144064387168e-11,0.0,5.226428812877434e-09,1.0
21.02,0.0,0.0,0.0,0.0,-6.460313898764531e-15,-2.20983893722343e-17,2.6340590874509798e-11,0.0,5.26811817490196e-09,1.0
21.03,0.0,0.0,0.0,0.0,-6.3270971690658565e-15,4.583191948674219e-18,2.6516452619494534e-11,0.0,5.303290523898907e-09,1.0
21.04,0.0,0.0,0.0,0.0,-6.304518386680293e-15,8.937141233717098e-19,2.6661849134336693e-11,0.0,5.332369826867338e-09,1.0
21.05,0.0,0.0,0.0,0.0,-6.141678719617382e-15,-6.05374727989046e-17,2.6774955621897987e-11,0.0,5.354991124379597e-09,1.0
21.06,0.0,0.0,0.0,0.0,-6.027228892974441e-15,8.529335266918812e-18,2.685918593882039e-11,0.0,5.371837187764078e-09,1.0
21.07,0.0,0.0,0.0,0.0,-5.769093018418401e-15,-4.541552790447573e-17,2.69136797596471e-11,0.0,5.38273595192942e-09,1.0
21.080000000000002,0.0,0.0,0.0,0.0,-5.643324225292486e-15,1.3939303220156507e-16,2.6943283025472828e-11,0.0,5.388656605094566e-09,1.0
21.09,0.0,0.0,0.0,0.0,-5.307802426418346e-15,1.11654010691429e-16,2.6940160785788467e-11,0.0,5.3880321571576934e-09,1.0
21.1,0.0,0.0,0.0,0.0,-5.2749587987923986e-15,1.1625214455296833e-16,2.6913935952423855e-11,0.0,5.382787190484771e-09,1.0
21.11,0.0,0.0,0.0,0.0,-4.934445704791259e-15,3.2501471710297865e-17,2.6863817621359253e-11,0.0,5.37276352427185e-09,1.0
21.12,0.0,0.0,0.0,0.0,-4.866679644312285e-15,5.385956113171894e-17,2.6787973393474397e-11,0.0,5.3575946786948795e-09,1.0
21.13,0.0,0.0,0.0,0.0,-4.770172265893468e-15,3.658356689319532e-17,2.6685922356517476e-11,0.0,5.337184471303495e-09,1.0
21.14,0.0,0.0,0.0,0.0,-4.726405970460727e-15,-5.130419264766014e-17,2.6565510067157406e-11,0.0,5.313102013431481e-09,1.0
21.150000000000002,0.0,0.0,0.0,0.0,-4.4549210296863726e-15,-4.3561555856727444e-17,2.6419510730546345e-11,0.0,5.283902146109269e-09,1.0
21.16,0.0,0.0,0.0,0.0,-4.536385639383e-15,7.335378442494052e-17,2.6253652026049586e-11,0.0,5.250730405209917e-09,1.0
21.17,0.0,0.0,0.0,0.0,-4.19696724247177e-15,1.236902941925077e-16,2.6062330643947304e-11,0.0,5.212466128789461e-09,1.0
21.18,0.0,0.0,0.0,0.0,-4.092181627114241e-15,8.730377557394536e-17,2.585347262654063e-11,0.0,5.170694525308126e-09,1.0
21.19,0.0,0.0,0.0,0.0,-3.6523074280721644e-15,2.2445958188156044e-17,2.5625006076265438e-11,0.0,5.125001215253087e-09,1.0
21.2,0.0,0.0,0.0,0.0,-3.4172659397228254e-15,-1.1798687236599417e-16,2.537722358368796e-11,0.0,5.075444716737592e-09,1.0
21.21,0.0,0.0,0.0,0.0,-3.2559836152426298e-15,-1.1337545075980978e-16,2.5115232001720568e-11,0.0,5.023046400344113e-09,1.0
21.22,0.0,0.0,0.0,0.0,-3.0520007580466886e-15,-2.0157844928635496e-16,2.483579182196011e-11,0.0,4.967158364392022e-09,1.0
21.23,0.0,0.0,0.0,0.0,-3.077474165888012e-15,-1.3630335863396374e-16,2.454059920415728e-11,0.0,4.908119840831456e-09,1.0
21.240000000000002,0.0,0.0,0.0,0.0,-3.0039560723405715e-15,-1.2741750552006889e-17,2.4230898031898128e-11,0.0,4.846179606379626e-09,1.0
21.25,0.0,0.0,0.0,0.0,-2.8275012164299667e-15,8.721461778933946e-17,2.3903371492260815e-11,0.0,4.780674298452163e-09,1.0
21.26,0.0,0.0,0.0,0.0,-2.711916440827683e-15,1.3823558482723592e-17,2.356358047605247e-11,0.0,4.712716095210494e-09,1.0
21.27,0.0,0.0,0.0,0.0,-2.4247647512988495e-15,3.897858787706223e-18,2.3212456472961103e-11,0.0,4.6424912945922205e-09,1.0
21.28,0.0,0.0,0.0,0.0,-2.2036465163200136e-15,-1.8012092525835467e-17,2.28468728752741e-11,0.0,4.56937457505482e-09,1.0
21.29,0.0,0.0,0.0,0.0,-2.1421365913590744e-15,-1.0687096715685287e-17,2.247102074460345e-11,0.0,4.49420414892069e-09,1.0
21.3,0.0,0.0,0.0,0.0,-1.902758894911098e-15,-4.21309046772668e-17,2.208467691477561e-11,0.0,4.416935382955121e-09,1.0
21.31,0.0,0.0,0.0,0.0,-1.802026229911943e-15,-9.905331000920879e-17,2.1688862781933032e-11,0.0,4.337772556386606e-09,1.0
21.32,0.0,0.0,0.0,0.0,-1.6748783957419935e-15,7.14686185125146e-18,2.1283677896704664e-11,0.0,4.256735579340933e-09,1.0
21.330000000000002,0.0,0.0,0.0,0.0,-1.5683125889812737e-15,-1.7399028185430522e-17,2.0869127990654577e-11,0.0,4.173825598130916e-09,1.0
21.34,0.0,0.0,0.0,0.0,-1.447891145903217e-15,6.606928769016139e-17,2.0446669345217645e-11,0.0,4.089333869043529e-09,1.0
21.35,0.0,0.0,0.0,0.0,-1.2498311552739278e-15,5.1626775037617167e-17,2.0016699396865638e-11,0.0,4.003339879373128e-09,1.0
21.36,0.0,0.0,0.0,0.0,-1.0591614851490878e-15,3.85178840643011e-17,1.9580069693289656e-11,0.0,3.916013938657931e-09,1.0
21.37,0.0,0.0,0.0,0.0,-9.222315864495971e-16,8.228224014456028e-18,1.9138474756058346e-11,0.0,3.827694951211669e-09,1.0
21.38,0.0,0.0,0.0,0.0,-7.572624732561058e-16,-3.829075529655788e-17,1.8691097522134005e-11,0.0,3.738219504426801e-09,1.0
21.39,0.0,0.0,0.0,0.0,-6.599001583194481e-16,-9.20136867729209e-18,1.8239048616786432e-11,0.0,3.6478097233572863e-09,1.0
21.400000000000002,0.0,0.0,0.0,0.0,-5.365772493480595e-16,-6.16666944835146e-18,1.7783010414182957e-11,0.0,3.5566020828365914e-09,1.0
21.41,0.0,0.0,0.0,0.0,-4.1653739205587874e-16,-4.10224923574965e-17,1.7323610301384343e-11,0.0,3.4647220602768686e-09,1.0
21.42,0.0,0.0,0.0,0.0,-3.1463826192705016e-16,-8.226269797800861e-18,1.6861676498320486e-11,0.0,3.3723352996640974e-09,1.0
21.43,0.0,0.0,0.0,0.0,-2.0288720647680613e-16,-2.1738794032492087e-17,1.6396989156123044e-11,0.0,3.2793978312246088e-09,1.0
21.44,0.0,0.0,0.0,0.0,-9.166888143531543e-17,2.358736238940175e-17,1.5931090803850768e-11,0.0,3.1862181607701534e-09,1.0
21.45,0.0,0.0,0.0,0.0,7.580539699464425e-18,1.2829853297569436e-17,1.5462161479705732e-11,0.0,3.0924322959411465e-09,1.0
21.46,0.0,0.0,0.0,0.0,9.251464715234737e-17,-1.6419284468423013e-17,1.4992619690168123e-11,0.0,2.9985239380336245e-09,1.0
21.47,0.0,0.0,0.0,0.0,1.9857103607564439e-16,-1.2280391729322927e-17,1.4523965211439551e-11,0.0,2.90479304228791e-09,1.0
21.48,0.0,0.0,0.0,0.0,2.9602766126862227e-16,-2.1400231484658166e-17,1.4055769412638691e-11,0.0,2.8111538825277383e-09,1.0
21.490000000000002,0.0,0.0,0.0,0.0,3.750606512922221e-16,2.2346424973020007e-18,1.3588687514048844e-11,0.0,2.7177375028097685e-09,1.0
21.5,0.0,0.0,0.0,0.0,4.822675034428228e-16,2.1921946902565562e-17,1.3121889718937327e-11,0.0,2.624377943787465e-09,1.0
21.51,0.0,0.0,0.0,0.0,5.515814534226583e-16,3.0683024039712765e-17,1.2656850099777402e-11,0.0,2.53137001995548e-09,1.0
21.52,0.0,0.0,0.0,0.0,6.412996204711713e-16,5.904136959795952e-17,1.2193827492881495e-11,0.0,2.438765498576299e-09,1.0
21.53,0.0,0.0,0.0,0.0,6.991697895499256e-16,3.1735555941254594e-17,1.173270136497501e-11,0.0,2.346540272995002e-09,1.0
21.54,0.0,0.0,0.0,0.0,7.893442708762623e-16,3.154343062957302e-17,1.1274486936103487e-11,0.0,2.2548973872206974e-09,1.0
21.55,0.0,0.0,0.0,0.0,9.126145121366617e-16,-1.7245118391988458e-17,1.081940011672652e-11,0.0,2.163880023345304e-09,1.0
21.56,0.0,0.0,0.0,0.0,9.83414083961347e-16,-4.908939045234199e-17,1.0368546886492738e-11,0.0,2.0737093772985476e-09,1.0
21.57,0.0,0.0,0.0,0.0,1.0689362362133835e-15,-4.169885658620832e-17,9.920691765594477e-12,0.0,1.9841383531188953e-09,1.0
21.580000000000002,0.0,0.0,0.0,0.0,1.1080436546539116e-15,-5.178883243670025e-17,9.477612264983027e-12,0.0,1.8955224529966053e-09,1.0
21.59,0.0,0.0,0.0,0.0,1.1849022089900628e-15,-2.689874135652211e-17,9.039648847575627e-12,0.0,1.8079297695151253e-09,1.0
21.6,0.0,0.0,0.0,0.0,1.237430972932969e-15,-3.646870151871322e-17,8.605741152619439e-12,0.0,1.7211482305238878e-09,1.0
21.61,0.0,0.0,0.0,0.0,1.269482714607065e-15,-3.714381114291418e-17,8.176941755094633e-12,0.0,1.6353883510189264e-09,1.0
21.62,0.0,0.0,0.0,0.0,1.3373793938570918e-15,-5.249081328653929e-17,7.754112911675737e-12,0.0,1.5508225823351474e-09,1.0
21.63,0.0,0.0,0.0,0.0,1.3749199272725867e-15,-3.620183413823064e-17,7.337577204757096e-12,0.0,1.467515440951419e-09,1.0
21.64,0.0,0.0,0.0,0.0,1.346812009677886e-15,-1.3608409739773585e-17,6.927201266672071e-12,0.0,1.3854402533344143e-09,1.0
21.650000000000002,0.0,0.0,0.0,0.0,1.3863618701239596e-15,4.564974520946165e-17,6.521620398570733e-12,0.0,1.3043240797141467e-09,1.0
21.66,0.0,0.0,0.0,0.0,1.4018017640998203e-15,1.2947025085953502e-17,6.122121843874153e-12,0.0,1.2244243687748306e-09,1.0
21.67,0.0,0.0,0.0,0.0,1.5164767410149764e-15,6.639587565722722e-17,5.7298704691284535e-12,0.0,1.1459740938256906e-09,1.0
21.68,0.0,0.0,0.0,0.0,1.6084061508283832e-15,8.928931813117414e-17,5.34399209449275e-12,0.0,1.0687984188985501e-09,1.0
21.69,0.0,0.0,0.0,0.0,1.649682919576462e-15,1.2051862247363438e-16,4.965504452124482e-12,0.0,9.931008904248965e-10,1.0
21.7,0.0,0.0,0.0,0.0,1.7030382516390152e-15,1.500067238459948e-16,4.5943876746577605e-12,0.0,9.188775349315521e-10,1.0
21.71,0.0,0.0,0.0,0.0,1.7417765519709259e-15,9.151437059158714e-17,4.229444782155561e-12,0.0,8.458889564311122e-10,1.0
21.72,0.0,0.0,0.0,0.0,1.7545134875335147e-15,5.923995737466633e-17,3.8734299086070796e-12,0.0,7.746859817214159e-10,1.0
21.73,0.0,0.0,0.0,0.0,1.835296078893622e-15,5.1593409294740983e-17,3.5246924978429745e-12,0.0,7.049384995685949e-10,1.0
21.740000000000002,0.0,0.0,0.0,0.0,1.7927103752368948e-15,3.24228151419764e-17,3.1839169655817017e-12,0.0,6.367833931163404e-10,1.0
21.75,0.0,0.0,0.0,0.0,1.7793717678235683e-15,3.391644579103652e-17,2.851282678206592e-12,0.0,5.702565356413184e-10,1.0
21.76,0.0,0.0,0.0,0.0,1.8021738840233696e-15,5.999959839620975e-17,2.525432342992679e-12,0.0,5.050864685985358e-10,1.0
21.77,0.0,0.0,0.0,0.0,1.8172107132234506e-15,7.668678569374376e-17,2.2076613574163583e-12,0.0,4.4153227148327164e-10,1.0
21.78,0.0,0.0,0.0,0.0,1.8565295890792063e-15,4.237957693286592e-17,1.8988734039957577e-12,0.0,3.7977468079915153e-10,1.0
21.79,0.0,0.0,0.0,0.0,1.884273447161763e-15,6.704636844204153e-17,1.5979563804802732e-12,0.0,3.1959127609605466e-10,1.0
21.8,0.0,0.0,0.0,0.0,1.8544983557975936e-15,7.909102599665119e-17,1.305965940259553e-12,0.0,2.611931880519106e-10,1.0
21.81,0.0,0.0,0.0,0.0,1.8051630674355258e-15,5.572275258501638e-17,1.022659342476534e-12,0.0,2.0453186849530682e-10,1.0
21.82,0.0,0.0,0.0,0.0,1.7444114636389254e-15,7.187588869390587e-17,7.471406958229917e-13,0.0,1.4942813916459836e-10,1.0
21.830000000000002,0.0,0.0,0.0,0.0,1.6999312243973235e-15,2.2664804232873493e-17,4.798295000938818e-13,0.0,9.596590001877636e-11,1.0
21.84,0.0,0.0,0.0,0.0,1.6590592132393531e-15,-2.2472294155357506e-17,2.21356043830151e-13,0.0,4.42712087660302e-11,1.0
21.85,0.0,0.0,0.0,0.0,1.6994536797273592e-15,-4.9430715450767623e-17,3.2046978578257884e-14,0.0,6.409395715651577e-12,1.0
21.86,0.0,0.0,0.0,0.0,1.6688423405714833e-15,-2.8133428340091214e-18,2.730894566384229e-13,0.0,5.4617891327684574e-11,1.0
21.87,0.0,0.0,0.0,0.0,1.7541034165238418e-15,-6.540125366255655e-18,5.083193739589339e-13,0.0,1.0166387479178677e-10,1.0
21.88,0.0,0.0,0.0,0.0,1.7342365799390307e-15,5.98442814029257e-17,7.340991320328414e-13,0.0,1.4681982640656827e-10,1.0
21.89,0.0,0.0,0.0,0.0,1.833027814132157e-15,2.8955792967400443e-17,9.528594409851071e-13,0.0,1.9057188819702142e-10,1.0
21.900000000000002,0.0,0.0,0.0,0.0,1.7996294096154348e-15,2.4229239027751093e-17,1.1627498296772944e-12,0.0,2.3254996593545888e-10,1.0
21.91,0.0,0.0,0.0,0.0,1.851393600025857e-15,1.2675992730368755e-20,1.3643735692927745e-12,0.0,2.728747138585549e-10,1.0
21.92,0.0,0.0,0.0,0.0,1.7827151727526623e-15,-8.458797331842634e-17,1.556460043103282e-12,0.0,3.112920086206564e-10,1.0
21.93,0.0,0.0,0.0,0.0,1.7619583859216343e-15,-9.795085474490085e-17,1.7414551154004318e-12,0.0,3.4829102308008636e-10,1.0
21.94,0.0,0.0,0.0,0.0,1.657359863538915e-15,-6.572772562614024e-17,1.9184427945967125e-12,0.0,3.836885589193425e-10,1.0
21.95,0.0,0.0,0.0,0.0,1.6309372857322737e-15,1.656823848290029e-17,2.0868761584993683e-12,0.0,4.1737523169987364e-10,1.0
21.96,0.0,0.0,0.0,0.0,1.6212691533439393e-15,8.526822425976959e-18,2.2478264925771014e-12,0.0,4.4956529851542026e-10,1.0
21.97,0.0,0.0,0.0,0.0,1.602044684486066e-15,1.0707342848567042e-16,2.4019894640141913e-12,0.0,4.803978928028383e-10,1.0
21.98,0.0,0.0,0.0,0.0,1.5787248528447354e-15,1.445814096161649e-16,2.5477339046813926e-12,0.0,5.095467809362785e-10,1.0
21.990000000000002,0.0,0.0,0.0,0.0,1.6378748687348034e-15,-1.3434676495567833e-17,2.6860194801892784e-12,0.0,5.372038960378557e-10,1.0
22.0,0.0,0.0,0.0,0.0,1.6723782625582429e-15,6.944473637499207e-17,2.818051219258569e-12,0.0,5.636102438517138e-10,1.0
22.01,0.0,0.0,0.0,0.0,1.6230904281805515e-15,-5.851801875342176e-18,2.9401399921764596e-12,0.0,5.880279984352919e-10,1.0
22.02,0.0,0.0,0.0,0.0,1.6812546016505844e-15,-3.3785719550095674e-17,3.055257272289319e-12,0.0,6.110514544578638e-10,1.0
22.03,0.0,0.0,0.0,0.0,1.4838225556058318e-15,2.2659582909349793e-18,3.162415985862688e-12,0.0,6.324831971725376e-10,1.0
22.04,0.0,0.0,0.0,0.0,1.4783744546380742e-15,-8.513622263118449e-17,3.265466427923301e-12,0.0,6.530932855846602e-10,1.0
22.05,0.0,0.0,0.0,0.0,1.3498185416359443e-15,2.6955071861281448e-17,3.358290408438206e-12,0.0,6.716580816876411e-10,1.0
22.06,0.0,0.0,0.0,0.0,1.4477795832633788e-15,3.206800893292615e-17,3.4455545682825836e-12,0.0,6.891109136565167e-10,1.0
22.07,0.0,0.0,0.0,0.0,1.302192101059581e-15,1.4519606786790174e-16,3.526601464637112e-12,0.0,7.053202929274223e-10,1.0
22.080000000000002,0.0,0.0,0.0,0.0,1.2919489290993175e-15,1.142988799235408e-16,3.600245343096027e-12,0.0,7.200490686192054e-10,1.0
22.09,0.0,0.0,0.0,0.0,1.3070068282523951e-15,9.275743385537542e-17,3.6683884046493154e-12,0.0,7.336776809298631e-10,1.0
22.1,0.0,0.0,0.0,0.0,1.3018702789592987e-15,9.212363417126594e-17,3.730700095961944e-12,0.0,7.461400191923888e-10,1.0
22.11,0.0,0.0,0.0,0.0,1.3281926366300903e-15,4.110613234809513e-17,3.786644542383498e-12,0.0,7.573289084766996e-10,1.0
22.12,0.0,0.0,0.0,0.0,1.3560139417124658e-15,-4.0391972553048613e-17,3.835496734382876e-12,0.0,7.670993468765752e-10,1.0
22.13,0.0,0.0,0.0,0.0,1.3050072138628037e-15,-1.4349369472896316e-16,3.877813349611672e-12,0.0,7.755626699223343e-10,1.0
22.14,0.0,0.0,0.0,0.0,1.1898977445912007e-15,-1.3533540528109612e-16,3.914289481082545e-12,0.0,7.82857896216509e-10,1.0
22.150000000000002,0.0,0.0,0.0,0.0,1.1238627253878837e-15,-1.2571906744352446e-16,3.946450231109127e-12,0.0,7.892900462218254e-10,1.0
22.16,0.0,0.0,0.0,0.0,1.045643855251396e-15,-3.741186235392666e-17,3.972477606526031e-12,0.0,7.944955213052061e-10,1.0
22.17,0.0,0.0,0.0,0.0,1.0679149700185415e-15,-4.45319734829009e-17,3.993617278002676e-12,0.0,7.987234556005352e-10,1.0
22.18,0.0,0.0,0.0,0.0,1.0186146132638518e-15,1.6429077941417137e-17,4.009316213403761e-12,0.0,8.018632426807522e-10,1.0
22.19,0.0,0.0,0.0,0.0,1.0246531432459447e-15,4.61254318099812e-17,4.020163694218692e-12,0.0,8.040327388437384e-10,1.0
22.2,0.0,0.0,0.0,0.0,9.958215769046782e-16,-4.0821648617145336e-17,4.025840536491802e-12,0.0,8.051681072983604e-10,1.0
22.21,0.0,0.0,0.0,0.0,9.203057460907206e-16,-3.6900181092929114e-17,4.0252967296456535e-12,0.0,8.050593459291307e-10,1.0
22.22,0.0,0.0,0.0,0.0,8.628893488227085e-16,-3.480490369392985e-17,4.021647752553438e-12,0.0,8.043295505106876e-10,1.0
22.23,0.0,0.0,0.0,0.0,7.092243843891622e-16,-5.211840567646374e-17,4.012217524380877e-12,0.0,8.024435048761754e-10,1.0
22.240000000000002,0.0,0.0,0.0,0.0,7.04876184139591e-16,9.219562497397793e-18,3.999633903744396e-12,0.0,7.999267807488792e-10,1.0
22.25,0.0,0.0,0.0,0.0,6.165149080479753e-16,2.1392546293574734e-18,3.982957786202488e-12,0.0,7.965915572404975e-10,1.0
22.26,0.0,0.0,0.0,0.0,6.671775804536506e-16,-5.596851145734337e-17,3.963864227535305e-12,0.0,7.92772845507061e-10,1.0
22.27,0.0,0.0,0.0,0.0,6.833006546139316e-16,-2.5674026772384467e-17,3.9406657825052395e-12,0.0,7.881331565010479e-10,1.0
22.28,0.0,0.0,0.0,0.0,8.192513427345061e-16,-5.519472722774001e-17,3.914169361412674e-12,0.0,7.828338722825347e-10,1.0
22.29,0.0,0.0,0.0,0.0,8.073245268929473e-16,-3.5247567924486934e-17,3.8826585773348065e-12,0.0,7.765317154669612e-10,1.0
22.3,0.0,0.0,0.0,0.0,8.102057230363834e-16,-2.5348276542188012e-17,3.8468368998447595e-12,0.0,7.693673799689519e-10,1.0
22.31,0.0,0.0,0.0,0.0,6.853239782214475e-16,1.9723955724222622e-17,3.808066045248591e-12,0.0,7.616132090497181e-10,1.0
22.32,0.0,0.0,0.0,0.0,5.500699488950677e-16,8.334945006403752e-17,3.766201836689462e-12,0.0,7.532403673378924e-10,1.0
22.330000000000002,0.0,0.0,0.0,0.0,4.985639456693548e-16,8.909804390251118e-17,3.722094792981165e-12,0.0,7.444189585962331e-10,1.0
22.34,0.0,0.0,0.0,0.0,4.974478835165658e-16,8.663946777413422e-17,3.676392405272589e-12,0.0,7.352784810545179e-10,1.0
22.35,0.0,0.0,0.0,0.0,4.979430327601121e-16,2.4036208892507436e-17,3.6266831299193835e-12,0.0,7.253366259838767e-10,1.0
22.36,0.0,0.0,0.0,0.0,5.432081137950954e-16,-3.8298064770423614e-17,3.573822609864071e-12,0.0,7.147645219728142e-10,1.0
22.37,0.0,0.0,0.0,0.0,5.001136373786857e-16,5.223694426033222e-18,3.5197255882496436e-12,0.0,7.039451176499287e-10,1.0
22.38,0.0,0.0,0.0,0.0,4.2814419604087744e-16,8.846973583089744e-18,3.462916623501519e-12,0.0,6.925833247003038e-10,1.0
22.39,0.0,0.0,0.0,0.0,4.912753495489668e-16,4.923653764359869e-18,3.405184550114754e-12,0.0,6.810369100229508e-10,1.0
22.400000000000002,0.0,0.0,0.0,0.0,4.262418585230631e-16,7.54380737839561e-17,3.343196830527062e-12,0.0,6.686393661054124e-10,1.0
22.41,0.0,0.0,0.0,0.0,4.874250455676338e-16,-1.761485464565394e-18,3.280451149777439e-12,0.0,6.560902299554877e-10,1.0
22.42,0.0,0.0,0.0,0.0,3.670308733903544e-16,4.7609481467725603e-17,3.216266324015519e-12,0.0,6.432532648031037e-10,1.0
22.43,0.0,0.0,0.0,0.0,3.924235389171846e-16,-4.8511886756276136e-17,3.150177168999932e-12,0.0,6.300354337999864e-10,1.0
22.44,0.0,0.0,0.0,0.0,3.239166359158712e-16,-2.7945400728746345e-17,3.08106952834899e-12,0.0,6.16213905669798e-10,1.0
22.45,0.0,0.0,0.0,0.0,3.0269011780020474e-16,-2.0325479813545985e-17,3.011513787703409e-12,0.0,6.023027575406818e-10,1.0
22.46,0.0,0.0,0.0,0.0,2.0578055189345536e-16,1.2520538094654724e-18,2.9420219214629235e-12,0.0,5.884043842925846e-10,1.0
22.47,0.0,0.0,0.0,0.0,1.9579338164516405e-16,-1.8239560931775705e-17,2.8706379400736634e-12,0.0,5.741275880147327e-10,1.0
22.48,0.0,0.0,0.0,0.0,2.6278351152900577e-16,-3.237667063226291e-17,2.7979227595413573e-12,0.0,5.595845519082715e-10,1.0
22.490000000000002,0.0,0.0,0.0,0.0,2.2826733834619467e-16,-2.004135469873059e-17,2.72356119308483e-12,0.0,5.447122386169659e-10,1.0
22.5,0.0,0.0,0.0,0.0,1.6251174634245276e-16,-1.0894463872166803e-17,2.648663354975762e-12,0.0,5.297326709951524e-10,1.0
22.51,0.0,0.0,0.0,0.0,4.673248288366548e-17,-2.1630291830725825e-17,2.572463086020631e-12,0.0,5.144926172041262e-10,1.0
22.52,0.0,0.0,0.0,0.0,4.055613455078544e-18,1.748530928208214e-18,2.4959884723878857e-12,0.0,4.991976944775771e-10,1.0
22.53,0.0,0.0,0.0,0.0,-5.896328785572369e-17,-1.0595465928637812e-17,2.419567429974142e-12,0.0,4.839134859948284e-10,1.0
22.54,0.0,0.0,0.0,0.0,-1.0662903668540536e-16,4.1779592502719004e-17,2.34303528698048e-12,0.0,4.68607057396096e-10,1.0
22.55,0.0,0.0,0.0,0.0,-8.935729289901022e-19,-4.2294143289399314e-17,2.2681171330152167e-12,0.0,4.5362342660304334e-10,1.0
22.56,0.0,0.0,0.0,0.0,8.9103074180144e-18,-1.0608047002336232e-16,2.191091688853957e-12,0.0,4.382183377707914e-10,1.0
22.57,0.0,0.0,0.0,0.0,1.0331004416706276e-16,-1.7401249945882072e-16,2.113147229485022e-12,0.0,4.2262944589700435e-10,1.0
22.580000000000002,0.0,0.0,0.0,0.0,7.197077266672075e-17,-1.7106244969756194e-16,2.036958255623001e-12,0.0,4.073916511246002e-10,1.0
22.59,0.0,0.0,0.0,0.0,-6.116593163688018e-17,-1.0085067917654772e-16,1.9581298502787495e-12,0.0,3.916259700557499e-10,1.0
22.6,0.0,0.0,0.0,0.0,-3.8260319484644957e-17,-1.1407731039148e-16,1.8805665379675464e-12,0.0,3.7611330759350926e-10,1.0
22.61,0.0,0.0,0.0,0.0,-1.6851143651866116e-16,-1.1634247434119828e-16,1.8038673617203408e-12,0.0,3.607734723440682e-10,1.0
22.62,0.0,0.0,0.0,0.0,-1.8580991528397945e-16,-9.840272268253812e-17,1.727432887631105e-12,0.0,3.4548657752622097e-10,1.0
22.63,0.0,0.0,0.0,0.0,-1.4106735180008378e-16,-1.2131875269469052e-16,1.6518987803367166e-12,0.0,3.303797560673433e-10,1.0
22.64,0.0,0.0,0.0,0.0,-1.562697975226199e-16,-7.201829111225354e-17,1.5759145066653782e-12,0.0,3.1518290133307563e-10,1.0
22.650000000000002,0.0,0.0,0.0,0.0,-1.0680656445499462e-16,-1.4543390404627778e-17,1.5008878123827435e-12,0.0,3.001775624765487e-10,1.0
22.66,0.0,0.0,0.0,0.0,-1.4221606151044469e-16,2.9550293051271066e-17,1.4263368511116875e-12,0.0,2.8526737022233747e-10,1.0
22.67,0.0,0.0,0.0,0.0,-1.3410986068175189e-16,6.777201070531195e-17,1.352457421885143e-12,0.0,2.704914843770286e-10,1.0
22.68,0.0,0.0,0.0,0.0,-1.4892098165016358e-16,5.455394042921851e-17,1.2794713639096985e-12,0.0,2.558942727819397e-10,1.0
22.69,0.0,0.0,0.0,0.0,-1.705239652007891e-16,5.592589829921927e-17,1.2063129552863558e-12,0.0,2.4126259105727115e-10,1.0
22.7,0.0,0.0,0.0,0.0,-1.8752703246126718e-16,1.5070611038492776e-17,1.1342053653883822e-12,0.0,2.2684107307767645e-10,1.0
22.71,0.0,0.0,0.0,0.0,-2.6943324764556686e-16,4.044906874199491e-17,1.0633231271743635e-12,0.0,2.126646254348727e-10,1.0
22.72,0.0,0.0,0.0,0.0,-2.4924814513701744e-16,1.4774363052786068e-17,9.942299118750094e-13,0.0,1.9884598237500188e-10,1.0
22.73,0.0,0.0,0.0,0.0,-2.413146071347041e-16,3.5264058925525244e-17,9.249605603535851e-13,0.0,1.8499211207071702e-10,1.0
22.740000000000002,0.0,0.0,0.0,0.0,-2.1281498522434444e-16,-3.137582469395966e-17,8.567755262056703e-13,0.0,1.7135510524113406e-10,1.0
22.75,0.0,0.0,0.0,0.0,-2.6083476267059223e-16,1.5143628516988273e-17,7.901233429809527e-13,0.0,1.5802466859619055e-10,1.0
22.76,0.0,0.0,0.0,0.0,-2.6725577875089427e-16,-2.3914441126629333e-17,7.244638842537475e-13,0.0,1.448927768507495e-10,1.0
22.77,0.0,0.0,0.0,0.0,-2.5058157869464497e-16,3.188244495369186e-17,6.60021142774696e-13,0.0,1.320042285549392e-10,1.0
22.78,0.0,0.0,0.0,0.0,-2.4786590591529694e-16,3.336349834905809e-17,5.964108134532846e-13,0.0,1.1928216269065693e-10,1.0
22.79,0.0,0.0,0.0,0.0,-2.4882357855328207e-16,-4.477838276424285e-17,5.340359230420525e-13,0.0,1.0680718460841049e-10,1.0
22.8,0.0,0.0,0.0,0.0,-2.6006105270674934e-16,-4.7959165260491765e-17,4.729230388678271e-13,0.0,9.45846077735654e-11,1.0
22.81,0.0,0.0,0.0,0.0,-2.740328246894189e-16,-7.956328527913558e-17,4.1315889180990654e-13,0.0,8.26317783619813e-11,1.0
22.82,0.0,0.0,0.0,0.0,-2.965422730496316e-16,-1.9131292127382942e-17,3.543230456685445e-13,0.0,7.086460913370889e-11,1.0
22.830000000000002,0.0,0.0,0.0,0.0,-3.043068153618152e-16,-4.987768335059827e-17,2.9704618103456893e-13,0.0,5.940923620691378e-11,1.0
22.84,0.0,0.0,0.0,0.0,-3.425932761393456e-16,-2.031180253213193e-17,2.4121318227651787e-13,0.0,4.824263645530357e-11,1.0
22.85,0.0,0.0,0.0,0.0,-3.1305796487749934e-16,-3.379542786888633e-17,1.8708649228639722e-13,0.0,3.741729845727944e-11,1.0
22.86,0.0,0.0,0.0,0.0,-3.1642584510210804e-16,5.304461377600746e-19,1.3346169983955545e-13,0.0,2.669233996791109e-11,1.0
22.87,0.0,0.0,0.0,0.0,-2.8918716059348687e-16,3.054581605277273e-18,8.150633393336758e-14,0.0,1.6301266786673515e-11,1.0
22.88,0.0,0.0,0.0,0.0,-3.260238729340512e-16,7.036689543622103e-17,3.146257254816645e-14,0.0,6.2925145096332905e-12,1.0
22.89,0.0,0.0,0.0,0.0,-3.557627811977823e-16,1.4198331248728466e-16,1.848921308764208e-14,0.0,3.6978426175284154e-12,1.0
22.900000000000002,0.0,0.0,0.0,0.0,-3.1441404310681545e-16,9.248702089943874e-17,6.54293541735622e-14,0.0,1.308587083471244e-11,1.0
22.91,0.0,0.0,0.0,0.0,-3.1460027580081764e-16,9.26327577298244e-17,1.1108268818334248e-13,0.0,2.2216537636668496e-11,1.0
22.92,0.0,0.0,0.0,0.0,-3.0060998621092355e-16,9.551196142313462e-17,1.558524198268935e-13,0.0,3.11704839653787e-11,1.0
22.93,0.0,0.0,0.0,0.0,-2.8713341878866283e-16,1.071440108562472e-16,1.9936880850846617e-13,0.0,3.987376170169323e-11,1.0
22.94,0.0,0.0,0.0,0.0,-3.1081163221495193e-16,7.927637833854757e-17,2.4138183549630555e-13,0.0,4.827636709926111e-11,1.0
22.95,0.0,0.0,0.0,0.0,-3.5272525751304044e-16,1.1496538737344136e-16,2.8216836150149037e-13,0.0,5.643367230029807e-11,1.0
22.96,0.0,0.0,0.0,0.0,-3.4868901274544493e-16,9.382905378960125e-17,3.209405661053288e-13,0.0,6.418811322106577e-11,1.0
22.97,0.0,0.0,0.0,0.0,-3.522009962349573e-16,4.932699531175295e-17,3.581768557552471e-13,0.0,7.163537115104942e-11,1.0
22.98,0.0,0.0,0.0,0.0,-3.2086407453879593e-16,4.3825799435701226e-17,3.939121221889448e-13,0.0,7.878242443778896e-11,1.0
22.990000000000002,0.0,0.0,0.0,0.0,-3.0311712549060385e-16,-7.385747190295122e-18,4.286583818206685e-13,0.0,8.573167636413369e-11,1.0
23.0,0.0,0.0,0.0,0.0,-3.018499693083232e-16,4.1133752469768926e-17,4.618526099949937e-13,0.0,9.237052199899873e-11,1.0
23.01,0.0,0.0,0.0,0.0,-2.944325650058489e-16,2.7265423945379367e-17,4.935550884714841e-13,0.0,9.871101769429683e-11,1.0
23.02,0.0,0.0,0.0,0.0,-2.9598811312372614e-16,6.276236212265112e-17,5.241013726971617e-13,0.0,1.0482027453943234e-10,1.0
23.03,0.0,0.0,0.0,0.0,-2.832791772215107e-16,-2.090098079432797e-17,5.523323614078596e-13,0.0,1.1046647228157193e-10,1.0
23.04,0.0,0.0,0.0,0.0,-3.063059500266978e-16,6.365222410198327e-18,5.798945726321626e-13,0.0,1.159789145264325e-10,1.0
23.05,0.0,0.0,0.0,0.0,-2.2448762174919163e-16,-7.66904627012838e-18,6.055758411991264e-13,0.0,1.2111516823982527e-10,1.0
23.06,0.0,0.0,0.0,0.0,-2.3822111061453167e-16,-2.033786035201662e-17,6.307062936996589e-13,0.0,1.2614125873993178e-10,1.0
23.07,0.0,0.0,0.0,0.0,-2.296038068935911e-16,6.0956456704821e-18,6.545011682495238e-13,0.0,1.3090023364990475e-10,1.0
23.080000000000002,0.0,0.0,0.0,0.0,-2.639967053846509e-16,-2.4162520832989245e-17,6.76408291172326e-13,0.0,1.352816582344652e-10,1.0
23.09,0.0,0.0,0.0,0.0,-2.59933378407438e-16,2.737690494400289e-18,6.970011937526767e-13,0.0,1.3940023875053532e-10,1.0
23.1,0.0,0.0,0.0,0.0,-2.447859628095215e-16,-3.584918802761756e-17,7.167752511668221e-13,0.0,1.4335505023336444e-10,1.0
23.11,0.0,0.0,0.0,0.0,-2.3650796156246795e-16,-1.1025726648051848e-17,7.351984555600001e-13,0.0,1.47039691112e-10,1.0
23.12,0.0,0.0,0.0,0.0,-2.628627928754879e-16,-2.248614972108219e-17,7.528256504334993e-13,0.0,1.5056513008669987e-10,1.0
23.13,0.0,0.0,0.0,0.0,-2.69129654264228e-16,-1.7102356164780316e-17,7.68587101523586e-13,0.0,1.537174203047172e-10,1.0
23.14,0.0,0.0,0.0,0.0,-2.9851571936320253e-16,2.203809292617452e-18,7.829504111103257e-13,0.0,1.5659008222206515e-10,1.0
23.150000000000002,0.0,0.0,0.0,0.0,-2.3998223304994945e-16,1.074763674495697e-17,7.960452867121619e-13,0.0,1.5920905734243238e-10,1.0
23.16,0.0,0.0,0.0,0.0,-2.1281828379566015e-16,1.449927765947156e-17,8.07872940056957e-13,0.0,1.615745880113914e-10,1.0
23.17,0.0,0.0,0.0,0.0,-2.1383062355450553e-16,3.594419546762861e-17,8.193573679225136e-13,0.0,1.6387147358450272e-10,1.0
23.18,0.0,0.0,0.0,0.0,-1.9935371509505034e-16,3.033988818375214e-17,8.295799564444903e-13,0.0,1.6591599128889805e-10,1.0
23.19,0.0,0.0,0.0,0.0,-2.201986289396191e-16,7.643690422394096e-18,8.380399524813866e-13,0.0,1.6760799049627732e-10,1.0
23.2,0.0,0.0,0.0,0.0,-2.1090316458242733e-16,6.7376755836274e-18,8.454692990370708e-13,0.0,1.6909385980741417e-10,1.0
23.21,0.0,0.0,0.0,0.0,-1.8337566400494286e-16,-5.349309107330299e-17,8.524634754892209e-13,0.0,1.7049269509784418e-10,1.0
23.22,0.0,0.0,0.0,0.0,-1.7747531899255842e-16,-4.128997264951268e-17,8.581446270894117e-13,0.0,1.7162892541788234e-10,1.0
23.23,0.0,0.0,0.0,0.0,-2.1372659846316701e-16,-6.588392035015941e-17,8.629327927972652e-13,0.0,1.7258655855945302e-10,1.0
23.240000000000002,0.0,0.0,0.0,0.0,-2.006368337124652e-16,-4.508951700954247e-17,8.665159976432222e-13,0.0,1.7330319952864444e-10,1.0
23.25,0.0,0.0,0.0,0.0,-2.0402587045915658e-16,-2.6021181880090937e-17,8.693309304931108e-13,0.0,1.7386618609862216e-10,1.0
23.26,0.0,0.0,0.0,0.0,-1.8698797932645574e-16,1.3995554715329397e-18,8.71116855243219e-13,0.0,1.742233710486438e-10,1.0
23.27,0.0,0.0,0.0,0.0,-1.7231867842157568e-16,1.8907447561393842e-17,8.718437084076292e-13,0.0,1.7436874168152585e-10,1.0
23.28,0.0,0.0,0.0,0.0,-1.8119774457771115e-16,3.9590537236965703e-17,8.720301298523884e-13,0.0,1.7440602597047768e-10,1.0
23.29,0.0,0.0,0.0,0.0,-1.8303542826473108e-16,1.7613429465909e-17,8.711595637407514e-13,0.0,1.7423191274815027e-10,1.0
23.3,0.0,0.0,0.0,0.0,-1.7355194935521381e-16,1.394071035862276e-17,8.695311031075176e-13,0.0,1.739062206215035e-10,1.0
23.31,0.0,0.0,0.0,0.0,-1.6612782732815883e-16,-1.4405374116553884e-17,8.667834367827751e-13,0.0,1.73356687356555e-10,1.0
23.32,0.0,0.0,0.0,0.0,-1.7383545035329452e-16,-9.914376228355123e-18,8.636724430644004e-13,0.0,1.7273448861288008e-10,1.0
23.330000000000002,0.0,0.0,0.0,0.0,-1.5288043103458758e-16,-7.843321343883167e-18,8.598030408670701e-13,0.0,1.71960608173414e-10,1.0
23.34,0.0,0.0,0.0,0.0,-1.6868435599983723e-16,8.15059621749241e-18,8.552452954083856e-13,0.0,1.710490590816771e-10,1.0
23.35,0.0,0.0,0.0,0.0,-1.7814064091949317e-16,4.139800605029181e-17,8.496170427714622e-13,0.0,1.6992340855429243e-10,1.0
23.36,0.0,0.0,0.0,0.0,-1.7750958726617953e-16,2.1721326657152825e-17,8.434492304390992e-13,0.0,1.6868984608781984e-10,1.0
23.37,0.0,0.0,0.0,0.0,-1.3992513626038415e-16,6.3280931879015645e-18,8.364229062770791e-13,0.0,1.672845812554158e-10,1.0
23.38,0.0,0.0,0.0,0.0,-1.2783912465898182e-16,3.559253887909447e-18,8.289980120316013e-13,0.0,1.6579960240632024e-10,1.0
23.39,0.0,0.0,0.0,0.0,-1.3751913835534282e-16,5.463838499188318e-18,8.210276702975185e-13,0.0,1.642055340595037e-10,1.0
23.400000000000002,0.0,0.0,0.0,0.0,-1.2044098426812193e-16,1.2163583217801738e-17,8.124559565739351e-13,0.0,1.6249119131478702e-10,1.0
23.41,0.0,0.0,0.0,0.0,-1.1505687243173011e-16,2.910318939773179e-17,8.033772512650287e-13,0.0,1.6067545025300573e-10,1.0
23.42,0.0,0.0,0.0,0.0,-1.1743799798741857e-16,8.765740098864977e-18,7.936664282535961e-13,0.0,1.5873328565071921e-10,1.0
23.43,0.0,0.0,0.0,0.0,-9.173982503823611e-17,6.7683024392312565e-18,7.835601274118828e-13,0.0,1.5671202548237655e-10,1.0
23.44,0.0,0.0,0.0,0.0,-8.148416443445944e-17,5.7511840675033985e-18,7.72771757174936e-13,0.0,1.545543514349872e-10,1.0
23.45,0.0,0.0,0.0,0.0,-8.675659579244655e-17,-1.6677310870782068e-17,7.613744666631024e-13,0.0,1.522748933326205e-10,1.0
23.46,0.0,0.0,0.0,0.0,-5.937347674207209e-17,-2.5821632701243306e-17,7.497758596826465e-13,0.0,1.499551719365293e-10,1.0
23.47,0.0,0.0,0.0,0.0,-3.8390469894970796e-17,-3.6385386086639735e-18,7.37813762969211e-13,0.0,1.475627525938422e-10,1.0
23.48,0.0,0.0,0.0,0.0,-3.854161763388837e-17,4.876954651534993e-19,7.25445496151742e-13,0.0,1.450890992303484e-10,1.0
23.490000000000002,0.0,0.0,0.0,0.0,-2.903509660058149e-17,6.522663860425442e-18,7.128148041646568e-13,0.0,1.4256296083293135e-10,1.0
23.5,0.0,0.0,0.0,0.0,-5.0703350988137626e-17,-6.752012869087278e-18,7.000078271944695e-13,0.0,1.400015654388939e-10,1.0
23.51,0.0,0.0,0.0,0.0,-4.0455466511390144e-17,-7.245194964907584e-19,6.869151535299738e-13,0.0,1.3738303070599475e-10,1.0
23.52,0.0,0.0,0.0,0.0,-5.5142729528974946e-17,1.696680893425253e-17,6.735781108751097e-13,0.0,1.3471562217502193e-10,1.0
23.53,0.0,0.0,0.0,0.0,-6.386126542031533e-17,3.001890718669323e-17,6.601020736015608e-13,0.0,1.3202041472031215e-10,1.0
23.54,0.0,0.0,0.0,0.0,-6.521606763685102e-17,1.7321882565983007e-17,6.46318612068381e-13,0.0,1.292637224136762e-10,1.0
23.55,0.0,0.0,0.0,0.0,-6.560854369046049e-17,1.288096932303916e-17,6.320301789465193e-13,0.0,1.2640603578930386e-10,1.0
23.56,0.0,0.0,0.0,0.0,-6.730825238903155e-17,1.7280130013057397e-17,6.175965890054028e-13,0.0,1.2351931780108057e-10,1.0
23.57,0.0,0.0,0.0,0.0,-5.65948937418135e-17,3.538394408808021e-17,6.032304742931048e-13,0.0,1.2064609485862097e-10,1.0
23.580000000000002,0.0,0.0,0.0,0.0,-4.6663958071396537e-17,3.8442882780068004e-18,5.886142880758064e-13,0.0,1.1772285761516127e-10,1.0
23.59,0.0,0.0,0.0,0.0,-2.640921002077654e-17,-6.139752467819204e-18,5.733516978497336e-13,0.0,1.1467033956994672e-10,1.0
23.6,0.0,0.0,0.0,0.0,-3.256536184808939e-17,-1.0221332846778405e-17,5.58464102414012e-13,0.0,1.116928204828024e-10,1.0
23.61,0.0,0.0,0.0,0.0,1.792100768861617e-17,-2.9676599653772056e-19,5.436119630291651e-13,0.0,1.0872239260583302e-10,1.0
23.62,0.0,0.0,0.0,0.0,1.9335172186988193e-17,1.4421243467023183e-18,5.283481794401205e-13,0.0,1.0566963588802409e-10,1.0
23.63,0.0,0.0,0.0,0.0,1.683873038612683e-18,1.4184988087984953e-17,5.131702460433796e-13,0.0,1.0263404920867592e-10,1.0
23.64,0.0,0.0,0.0,0.0,1.9030990909333233e-17,1.0070378372368548e-17,4.979879113606243e-13,0.0,9.959758227212487e-11,1.0
23.650000000000002,0.0,0.0,0.0,0.0,1.2817820001868099e-17,1.3726534601264325e-17,4.825648703024637e-13,0.0,9.651297406049275e-11,1.0
23.66,0.0,0.0,0.0,0.0,1.7274264328760626e-17,-9.869255570911408e-18,4.673826787343249e-13,0.0,9.347653574686497e-11,1.0
23.67,0.0,0.0,0.0,0.0,2.5774860257622384e-17,-1.4232416563644808e-17,4.521391522614109e-13,0.0,9.042783045228218e-11,1.0
23.68,0.0,0.0,0.0,0.0,4.0392289379644156e-17,-1.4390800523457765e-17,4.3700789496910576e-13,0.0,8.740157899382115e-11,1.0
23.69,0.0,0.0,0.0,0.0,3.4329561664192787e-17,-3.3251194546783762e-18,4.2191982959975957e-13,0.0,8.438396591995191e-11,1.0
23.7,0.0,0.0,0.0,0.0,2.558890980322603e-17,-2.1910627344896733e-18,4.068116042276709e-13,0.0,8.136232084553419e-11,1.0
23.71,0.0,0.0,0.0,0.0,2.046514960071963e-17,-1.3086133045093786e-17,3.9178351102379005e-13,0.0,7.835670220475801e-11,1.0
23.72,0.0,0.0,0.0,0.0,3.2221805569288207e-17,-1.85940038189003e-17,3.767378397987594e-13,0.0,7.534756795975188e-11,1.0
23.73,0.0,0.0,0.0,0.0,2.458619191851679e-17,7.986402968726513e-18,3.6177178722929697e-13,0.0,7.235435744585939e-11,1.0
23.740000000000002,0.0,0.0,0.0,0.0,3.656513602314235e-17,1.0205618247626382e-17,3.471490499712885e-13,0.0,6.942980999425769e-11,1.0
23.75,0.0,0.0,0.0,0.0,4.518095392465272e-17,-2.1757032391785783e-17,3.326628387730448e-13,0.0,6.653256775460896e-11,1.0
23.76,0.0,0.0,0.0,0.0,4.582284048829692e-17,6.925814902314107e-18,3.181197664074105e-13,0.0,6.36239532814821e-11,1.0
23.77,0.0,0.0,0.0,0.0,3.319463778577473e-17,-1.4594052976876797e-17,3.038605802967126e-13,0.0,6.077211605934251e-11,1.0
23.78,0.0,0.0,0.0,0.0,5.70536590303055e-17,-9.715654916511285e-18,2.8978681359323767e-13,0.0,5.795736271864753e-11,1.0
23.79,0.0,0.0,0.0,0.0,3.2255002469562757e-17,-9.581767720181351e-18,2.757489854809864e-13,0.0,5.514979709619728e-11,1.0
23.8,0.0,0.0,0.0,0.0,2.3171765838439844e-17,-1.154512914199293e-17,2.618498539064384e-13,0.0,5.236997078128768e-11,1.0
23.81,0.0,0.0,0.0,0.0,4.770286984870362e-17,-2.2339665248162383e-17,2.481063900021125e-13,0.0,4.9621278000422495e-11,1.0
23.82,0.0,0.0,0.0,0.0,5.3372996477829706e-17,-1.5895500406903212e-17,2.34620587358536e-13,0.0,4.69241174717072e-11,1.0
23.830000000000002,0.0,0.0,0.0,0.0,4.1341563781781147e-17,-1.5676851261590037e-17,2.2136643126966958e-13,0.0,4.427328625393392e-11,1.0
23.84,0.0,0.0,0.0,0.0,4.886648800218864e-17,-6.226085976787394e-18,2.0842135822828784e-13,0.0,4.168427164565757e-11,1.0
23.85,0.0,0.0,0.0,0.0,5.308281421129051e-17,-1.043725477288183e-17,1.9547219107375008e-13,0.0,3.9094438214750014e-11,1.0
23.86,0.0,0.0,0.0,0.0,2.8279039330169245e-17,4.645891754246985e-18,1.8277603492879556e-13,0.0,3.655520698575911e-11,1.0
23.87,0.0,0.0,0.0,0.0,5.445313143737513e-17,8.582127734066803e-19,1.7034346362095808e-13,0.0,3.406869272419162e-11,1.0
23.88,0.0,0.0,0.0,0.0,4.5518538458803105e-17,1.0749568903674376e-17,1.5814889605016182e-13,0.0,3.162977921003236e-11,1.0
23.89,0.0,0.0,0.0,0.0,4.961803145792378e-17,-3.476706406092716e-19,1.462142630708753e-13,0.0,2.924285261417506e-11,1.0
23.900000000000002,0.0,0.0,0.0,0.0,6.343568246892134e-17,1.2443525781626686e-17,1.3436170664652097e-13,0.0,2.6872341329304192e-11,1.0
23.91,0.0,0.0,0.0,0.0,5.921898889412507e-17,-1.8223041091342487e-17,1.2286186431680388e-13,0.0,2.4572372863360773e-11,1.0
23.92,0.0,0.0,0.0,0.0,4.7731268392574674e-17,5.5125450722310636e-18,1.1178298288957952e-13,0.0,2.2356596577915904e-11,1.0
23.93,0.0,0.0,0.0,0.0,6.391719953921054e-17,-5.078511381441336e-18,1.008235932059359e-13,0.0,2.016471864118718e-11,1.0
23.94,0.0,0.0,0.0,0.0,2.953305886992653e-17,5.602898806655081e-18,9.009100993285205e-14,0.0,1.801820198657041e-11,1.0
23.95,0.0,0.0,0.0,0.0,4.497264893166356e-17,2.3876884468427148e-17,7.959049346293865e-14,0.0,1.591809869258773e-11,1.0
23.96,0.0,0.0,0.0,0.0,5.4847107540470164e-17,3.545238811425114e-18,6.922410302338744e-14,0.0,1.3844820604677487e-11,1.0
23.97,0.0,0.0,0.0,0.0,5.329568276361383e-17,1.0228872465375055e-17,5.930722962363022e-14,0.0,1.1861445924726043e-11,1.0
23.98,0.0,0.0,0.0,0.0,6.805225758792287e-17,1.0639910052503848e-17,4.953843888297083e-14,0.0,9.907687776594166e-12,1.0
23.990000000000002,0.0,0.0,0.0,0.0,5.906166736710515e-17,-1.5221993286501052e-17,4.00212508156999e-14,0.0,8.00425016313998e-12,1.0
24.0,0.0,0.0,0.0,0.0,8.098515885202599e-17,-5.818452186998535e-18,3.0698142257850336e-14,0.0,6.139628451570067e-12,1.0
24.01,0.0,0.0,0.0,0.0,7.37200685630259e-17,-1.448254341855229e-17,2.1777018843374564e-14,0.0,4.355403768674913e-12,1.0
24.02,0.0,0.0,0.0,0.0,6.362383747300107e-17,-1.1903216111650142e-17,1.3019084909618628e-14,0.0,2.6038169819237255e-12,1.0
24.03,0.0,0.0,0.0,0.0,6.243183689094256e-17,-1.0965650982762463e-17,4.711536676555182e-15,0.0,9.423073353110365e-13,1.0
24.04,0.0,0.0,0.0,0.0,6.587407223010365e-17,-6.755203305309415e-18,3.362650853716536e-15,0.0,6.725301707433072e-13,1.0
24.05,0.0,0.0,0.0,0.0,7.2372542828995e-17,-1.7305627750373552e-17,1.1201415294528801e-14,0.0,2.24028305890576e-12,1.0
24.060000000000002,0.0,0.0,0.0,0.0,6.619763093862073e-17,1.3316448017952574e-18,1.8784248137886924e-14,0.0,3.756849627577385e-12,1.0
24.07,0.0,0.0,0.0,0.0,6.667071028903837e-17,-1.3669720613637884e-18,2.613210480736793e-14,0.0,5.226420961473586e-12,1.0
24.080000000000002,0.0,0.0,0.0,0.0,6.440619336330639e-17,5.201677640142359e-18,3.312697156412101e-14,0.0,6.625394312824202e-12,1.0
24.09,0.0,0.0,0.0,0.0,6.840198206606519e-17,-1.3389997126682289e-17,3.9755246481364e-14,0.0,7.9510492962728e-12,1.0
24.1,0.0,0.0,0.0,0.0,6.099265556309734e-17,-1.3555982840869878e-17,4.6207920236106e-14,0.0,9.2415840472212e-12,1.0
24.11,0.0,0.0,0.0,0.0,4.8499528951602166e-17,-1.9121357505209886e-17,5.2487429862393023e-14,0.0,1.0497485972478604e-11,1.0
24.12,0.0,0.0,0.0,0.0,6.68241294091218e-17,-2.182533108500214e-17,5.852942012952226e-14,0.0,1.1705884025904451e-11,1.0
24.13,0.0,0.0,0.0,0.0,5.2852973360226704e-17,-1.555055937298539e-17,6.422118499764997e-14,0.0,1.2844236999529994e-11,1.0
24.14,0.0,0.0,0.0,0.0,7.014524986895328e-17,-4.024670685182465e-17,6.946999623247875e-14,0.0,1.3893999246495751e-11,1.0
24.150000000000002,0.0,0.0,0.0,0.0,5.486547095706658e-17,-3.9762610261483285e-18,7.464458562245036e-14,0.0,1.492891712449007e-11,1.0
24.16,0.0,0.0,0.0,0.0,5.3460062013058915e-17,-7.154189497589752e-18,7.948365620538693e-14,0.0,1.5896731241077387e-11,1.0
24.17,0.0,0.0,0.0,0.0,5.095983994501045e-17,-1.7676702473619934e-18,8.416024059548719e-14,0.0,1.6832048119097437e-11,1.0
24.18,0.0,0.0,0.0,0.0,5.877806261199029e-17,1.3406759756253304e-17,8.857536369406e-14,0.0,1.7715072738812e-11,1.0
24.19,0.0,0.0,0.0,0.0,5.1674129694145074e-17,-1.5502969416168698e-18,9.273488830673101e-14,0.0,1.8546977661346202e-11,1.0
24.2,0.0,0.0,0.0,0.0,4.8866705055007217e-17,-1.076129187153172e-17,9.66396759274947e-14,0.0,1.932793518549894e-11,1.0
24.21,0.0,0.0,0.0,0.0,5.111558797336608e-17,-2.0515020488579823e-18,1.003109474934837e-13,0.0,2.006218949869674e-11,1.0
24.22,0.0,0.0,0.0,0.0,4.363758268783828e-17,-1.2371126713742394e-18,1.0370181323209834e-13,0.0,2.0740362646419667e-11,1.0
24.23,0.0,0.0,0.0,0.0,4.89307704187109e-17,1.5373970573763378e-18,1.0698962179639673e-13,0.0,2.1397924359279345e-11,1.0
24.240000000000002,0.0,0.0,0.0,0.0,4.794336627265212e-17,-3.880889440985313e-18,1.0983617279137248e-13,0.0,2.1967234558274495e-11,1.0
24.25,0.0,0.0,0.0,0.0,5.07694709994351e-17,-1.3722544226127552e-17,1.1265431845282105e-13,0.0,2.2530863690564208e-11,1.0
24.26,0.0,0.0,0.0,0.0,5.387686629645318e-17,3.603717260372786e-19,1.1525206255591084e-13,0.0,2.305041251118217e-11,1.0
24.27,0.0,0.0,0.0,0.0,4.4278432603369905e-17,-1.5280677575325672e-17,1.1766221940950543e-13,0.0,2.3532443881901085e-11,1.0
24.28,0.0,0.0,0.0,0.0,4.6139267055505284e-17,-3.493896191771019e-18,1.198941186861537e-13,0.0,2.397882373723074e-11,1.0
24.29,0.0,0.0,0.0,0.0,4.807346914396431e-17,-1.1568643182532851e-17,1.2154730567124283e-13,0.0,2.4309461134248564e-11,1.0
24.3,0.0,0.0,0.0,0.0,4.716519154052401e-17,-4.953964630319265e-18,1.2330627578663183e-13,0.0,2.4661255157326366e-11,1.0
24.310000000000002,0.0,0.0,0.0,0.0,3.9350950180318716e-17,-1.4146908608527686e-17,1.2490136645177683e-13,0.0,2.4980273290355365e-11,1.0
24.32,0.0,0.0,0.0,0.0,4.2149091128939694e-17,-8.8386012587037e-18,1.260742543349004e-13,0.0,2.521485086698008e-11,1.0
24.330000000000002,0.0,0.0,0.0,0.0,2.9427391507981366e-17,-1.3441322398674983e-18,1.2726421583153107e-13,0.0,2.5452843166306213e-11,1.0
24.34,0.0,0.0,0.0,0.0,4.7917699805953423e-17,-2.5779832728031162e-18,1.283209738629451e-13,0.0,2.5664194772589018e-11,1.0
24.35,0.0,0.0,0.0,0.0,3.603949208796709e-17,-2.1836460113955114e-18,1.292955249113841e-13,0.0,2.5859104982276817e-11,1.0
24.36,0.0,0.0,0.0,0.0,4.386797678335416e-17,-6.3304173559263036e-18,1.2991308400894046e-13,0.0,2.5982616801788092e-11,1.0
24.37,0.0,0.0,0.0,0.0,3.6014177457708765e-17,-5.5985908872129805e-18,1.304499687710192e-13,0.0,2.6089993754203837e-11,1.0
24.38,0.0,0.0,0.0,0.0,2.8461641524678007e-17,-7.418411973834659e-18,1.3056282488520987e-13,0.0,2.6112564977041975e-11,1.0
24.39,0.0,0.0,0.0,0.0,3.072211180151105e-17,-7.996498793065733e-18,1.307896178867032e-13,0.0,2.6157923577340638e-11,1.0
24.400000000000002,0.0,0.0,0.0,0.0,3.847673630311876e-17,-7.889581227568234e-18,1.3088112686760094e-13,0.0,2.6176225373520187e-11,1.0
24.41,0.0,0.0,0.0,0.0,2.5960839882106516e-17,-1.0546199643691767e-17,1.3055465246713885e-13,0.0,2.6110930493427767e-11,1.0
24.42,0.0,0.0,0.0,0.0,3.8383873606717073e-17,-8.515040080538679e-18,1.3014041026660187e-13,0.0,2.6028082053320373e-11,1.0
24.43,0.0,0.0,0.0,0.0,2.8031894112879e-17,9.252214886082786e-19,1.2973997152480853e-13,0.0,2.5947994304961708e-11,1.0
24.44,0.0,0.0,0.0,0.0,4.46573464625903e-17,-7.374977097736005e-18,1.2903643594947363e-13,0.0,2.5807287189894726e-11,1.0
24.45,0.0,0.0,0.0,0.0,1.9829664754305393e-17,-7.539109087842354e-18,1.2847932574775334e-13,0.0,2.5695865149550668e-11,1.0
24.46,0.0,0.0,0.0,0.0,3.0681859606262634e-17,1.2992476193271496e-19,1.2759549609346087e-13,0.0,2.551909921869217e-11,1.0
24.47,0.0,0.0,0.0,0.0,2.945428879169366e-17,6.064822142930384e-18,1.2652908001101627e-13,0.0,2.5305816002203253e-11,1.0
24.48,0.0,0.0,0.0,0.0,3.8940712895460525e-17,-6.179958209477039e-18,1.2563999358380082e-13,0.0,2.5127998716760162e-11,1.0
24.490000000000002,0.0,0.0,0.0,0.0,3.742135868588161e-17,7.026733744702321e-19,1.2433814421866067e-13,0.0,2.4867628843732133e-11,1.0
24.5,0.0,0.0,0.0,0.0,3.600835139036305e-17,-6.850786950767729e-18,1.23175389104288e-13,0.0,2.46350778208576e-11,1.0
24.51,0.0,0.0,0.0,0.0,4.03727050349731e-17,-6.206247379017533e-18,1.2189813103962152e-13,0.0,2.4379626207924304e-11,1.0
24.52,0.0,0.0,0.0,0.0,1.547748213130583e-17,4.9470990331048415e-18,1.2025047585821914e-13,0.0,2.4050095171643826e-11,1.0
24.53,0.0,0.0,0.0,0.0,4.0522554563307186e-17,1.5044869866764476e-18,1.1891860969941186e-13,0.0,2.3783721939882372e-11,1.0
24.54,0.0,0.0,0.0,0.0,2.3404544728187686e-17,-1.569181592201436e-19,1.1714822242143708e-13,0.0,2.3429644484287415e-11,1.0
24.55,0.0,0.0,0.0,0.0,3.832383952038324e-17,-2.4810867658042044e-18,1.1547323139312568e-13,0.0,2.3094646278625134e-11,1.0
24.560000000000002,0.0,0.0,0.0,0.0,1.859916426739104e-17,-6.4947669832177325e-18,1.1360606005613092e-13,0.0,2.2721212011226184e-11,1.0
24.57,0.0,0.0,0.0,0.0,1.4284108909811665e-17,-6.726889956590439e-19,1.1166886806881482e-13,0.0,2.2333773613762963e-11,1.0
24.580000000000002,0.0,0.0,0.0,0.0,2.402817573175608e-17,-3.289981360668944e-19,1.0986328140358012e-13,0.0,2.1972656280716024e-11,1.0
24.59,0.0,0.0,0.0,0.0,1.3561507607551143e-17,2.332985126126107e-18,1.0796032667379925e-13,0.0,2.1592065334759848e-11,1.0
24.6,0.0,0.0,0.0,0.0,2.786525551250458e-17,-1.0116450079092644e-17,1.0585214870544176e-13,0.0,2.117042974108835e-11,1.0
24.61,0.0,0.0,0.0,0.0,1.6469153413887795e-17,6.141130402287933e-18,1.0391216422870287e-13,0.0,2.078243284574057e-11,1.0
24.62,0.0,0.0,0.0,0.0,1.328374614926067e-17,-4.880103943940865e-18,1.0161510399248006e-13,0.0,2.032302079849601e-11,1.0
24.63,0.0,0.0,0.0,0.0,2.7789300150320435e-17,-9.377371983168935e-18,9.944326246721582e-14,0.0,1.9888652493443162e-11,1.0
24.64,0.0,0.0,0.0,0.0,1.8962804306481568e-17,-1.827177277641813e-17,9.705111005237662e-14,0.0,1.9410222010475324e-11,1.0
24.650000000000002,0.0,0.0,0.0,0.0,7.198945676861729e-18,-1.2954332107317894e-17,9.485632168245383e-14,0.0,1.8971264336490766e-11,1.0
24.66,0.0,0.0,0.0,0.0,9.251248872876549e-18,-8.945438644860968e-18,9.27253016905983e-14,0.0,1.854506033811966e-11,1.0
24.67,0.0,0.0,0.0,0.0,1.3537715022939864e-17,-1.4473096960209727e-17,9.046279804676081e-14,0.0,1.8092559609352162e-11,1.0
24.68,0.0,0.0,0.0,0.0,3.8011030179983657e-17,-2.1119407827877617e-17,8.806968752782081e-14,0.0,1.7613937505564162e-11,1.0
24.69,0.0,0.0,0.0,0.0,3.592760191069084e-17,-5.666389791506986e-18,8.572758968436977e-14,0.0,1.7145517936873952e-11,1.0
24.7,0.0,0.0,0.0,0.0,6.978704386428231e-18,-1.9155312302482045e-17,8.324482815665995e-14,0.0,1.664896563133199e-11,1.0
24.71,0.0,0.0,0.0,0.0,1.2723171389766291e-17,-1.865951887943452e-17,8.090375421285898e-14,0.0,1.6180750842571793e-11,1.0
24.72,0.0,0.0,0.0,0.0,8.251970030797156e-18,-1.420900136391222e-17,7.84801720072896e-14,0.0,1.569603440145792e-11,1.0
24.73,0.0,0.0,0.0,0.0,1.6979334297560092e-17,-7.94196578869082e-18,7.586405099429878e-14,0.0,1.5172810198859755e-11,1.0
24.740000000000002,0.0,0.0,0.0,0.0,1.8261076440595134e-17,-1.6354923008047764e-17,7.332688329475245e-14,0.0,1.466537665895049e-11,1.0
24.75,0.0,0.0,0.0,0.0,2.0789725630058066e-17,-1.2877049289119262e-18,7.080583286526248e-14,0.0,1.4161166573052497e-11,1.0
24.76,0.0,0.0,0.0,0.0,-7.578781804792552e-18,-6.656022800371786e-18,6.832571691811497e-14,0.0,1.3665143383622993e-11,1.0
24.77,0.0,0.0,0.0,0.0,5.689442057870039e-18,-1.351199933949386e-17,6.576250797571747e-14,0.0,1.3152501595143493e-11,1.0
24.78,0.0,0.0,0.0,0.0,5.970440317782455e-18,-1.6373409606802448e-17,6.323204088338737e-14,0.0,1.2646408176677474e-11,1.0
24.79,0.0,0.0,0.0,0.0,5.875353584833438e-18,-5.250549792107016e-18,6.080842202902293e-14,0.0,1.2161684405804584e-11,1.0
24.8,0.0,0.0,0.0,0.0,-3.627249366486538e-18,-2.154099916313856e-17,5.838625681860329e-14,0.0,1.1677251363720658e-11,1.0
24.810000000000002,0.0,0.0,0.0,0.0,1.6064719794280653e-17,-2.242321587570864e-17,5.585090460956974e-14,0.0,1.1170180921913948e-11,1.0
24.82,0.0,0.0,0.0,0.0,6.555628305490192e-18,-1.539447727246826e-17,5.3347694100387706e-14,0.0,1.066953882007754e-11,1.0
24.830000000000002,0.0,0.0,0.0,0.0,-7.75613429627164e-18,7.911518458078762e-19,5.0989472446790066e-14,0.0,1.0197894489358013e-11,1.0
24.84,0.0,0.0,0.0,0.0,8.77877633770732e-18,-5.463982556205492e-18,4.868342879821191e-14,0.0,9.736685759642383e-12,1.0
24.85,0.0,0.0,0.0,0.0,1.4885519496744656e-17,-1.5333999900516294e-17,4.623808634853433e-14,0.0,9.247617269706865e-12,1.0
24.86,0.0,0.0,0.0,0.0,2.3311924929213713e-17,-4.772541156715934e-18,4.3781463248869566e-14,0.0,8.756292649773913e-12,1.0
24.87,0.0,0.0,0.0,0.0,-4.8805644713679526e-18,1.6473459757534668e-18,4.1399258201392996e-14,0.0,8.2798516402786e-12,1.0
24.88,0.0,0.0,0.0,0.0,-2.7873367784581702e-18,3.537801029330095e-18,3.904719186363791e-14,0.0,7.809438372727581e-12,1.0
24.89,0.0,0.0,0.0,0.0,4.8175743921422584e-18,3.7650914030475807e-19,3.671719494058588e-14,0.0,7.343438988117176e-12,1.0
24.900000000000002,0.0,0.0,0.0,0.0,1.1978010462716114e-17,1.4675857787277848e-17,3.4392634866866726e-14,0.0,6.878526973373345e-12,1.0
24.91,0.0,0.0,0.0,0.0,-1.0745664867402657e-17,-2.9278812249221706e-17,3.206833399931047e-14,0.0,6.413666799862094e-12,1.0
24.92,0.0,0.0,0.0,0.0,-4.043330042841438e-18,1.5802962139989893e-17,2.9780085921269565e-14,0.0,5.956017184253913e-12,1.0
24.93,0.0,0.0,0.0,0.0,-4.8124407130415635e-18,3.9309282533929324e-18,2.757135915046758e-14,0.0,5.514271830093516e-12,1.0
24.94,0.0,0.0,0.0,0.0,-9.515049494666436e-18,4.296407434904373e-18,2.5400308263130426e-14,0.0,5.080061652626085e-12,1.0
24.95,0.0,0.0,0.0,0.0,-1.497307092845205e-17,4.652882462124246e-18,2.32448841939334e-14,0.0,4.6489768387866795e-12,1.0
24.96,0.0,0.0,0.0,0.0,4.153851113328813e-18,-3.6405067622400785e-18,2.114028057038605e-14,0.0,4.2280561140772095e-12,1.0
24.97,0.0,0.0,0.0,0.0,-1.48488516693444e-17,1.7187707265195834e-17,1.9090920422139e-14,0.0,3.8181840844278e-12,1.0
24.98,0.0,0.0,0.0,0.0,-6.401341266820236e-18,-6.7612873424225015e-18,1.7183872864074857e-14,0.0,3.4367745728149712e-12,1.0
24.990000000000002,0.0,0.0,0.0,0.0,-2.8603402536586422e-18,-7.396733288882137e-18,1.517594227876587e-14,0.0,3.035188455753174e-12,1.0
25.0,0.0,0.0,0.0,0.0,-4.117087552852756e-18,-2.6576420873849977e-17,1.3098039343518744e-14,0.0,2.6196078687037487e-12,1.0
25.01,0.0,0.0,0.0,0.0,7.28703810615449e-18,-2.5160530299112206e-17,1.1159799052970353e-14,0.0,2.2319598105940705e-12,1.0
25.02,0.0,0.0,0.0,0.0,-1.2573048836305321e-17,-2.3807768128916682e-17,9.435700386234481e-15,0.0,1.887140077246896e-12,1.0
25.03,0.0,0.0,0.0,0.0,-1.4715533522870144e-17,-4.8915125101812305e-18,7.677947296853712e-15,0.0,1.5355894593707424e-12,1.0
25.04,0.0,0.0,0.0,0.0,1.0563721576987025e-17,-1.385464154087003e-17,5.954655741741739e-15,0.0,1.1909311483483478e-12,1.0
25.05,0.0,0.0,0.0,0.0,7.762513845149585e-18,-2.884930224884028e-17,4.187437770695978e-15,0.0,8.374875541391955e-13,1.0
25.060000000000002,0.0,0.0,0.0,0.0,-7.116973557534612e-19,-6.955289236288751e-18,2.60585720765408e-15,0.0,5.21171441530816e-13,1.0
25.07,0.0,0.0,0.0,0.0,1.9906027118096202e-18,-1.557089394508379e-17,9.556062193810791e-16,0.0,1.911212438762158e-13,1.0
25.080000000000002,0.0,0.0,0.0,0.0,1.4581078520391493e-17,-3.420604271300858e-17,6.915618948947035e-16,0.0,1.383123789789407e-13,1.0
25.09,0.0,0.0,0.0,0.0,-3.9357176559661854e-18,-1.5605511436625166e-17,2.285322222117434e-15,0.0,4.570644444234868e-13,1.0
25.1,0.0,0.0,0.0,0.0,-5.977789923190442e-18,-2.193148645807144e-17,3.804821176854708e-15,0.0,7.609642353709417e-13,1.0
25.11,0.0,0.0,0.0,0.0,-3.543666138727432e-18,-1.9554665499028013e-17,5.3241917746812275e-15,0.0,1.0648383549362455e-12,1.0
25.12,0.0,0.0,0.0,0.0,-2.0516538161822812e-17,-3.512050915057983e-18,6.670957101704542e-15,0.0,1.3341914203409082e-12,1.0
25.13,0.0,0.0,0.0,0.0,-2.229331153007139e-17,7.135297322192479e-18,7.974151994585188e-15,0.0,1.5948303989170376e-12,1.0
25.14,0.0,0.0,0.0,0.0,-1.2488444156529105e-17,-9.400107339328757e-18,9.297518690076129e-15,0.0,1.8595037380152257e-12,1.0
25.150000000000002,0.0,0.0,0.0,0.0,-4.204095707438653e-18,5.860872169254897e-19,1.059225315159048e-14,0.0,2.1184506303180957e-12,1.0
25.16,0.0,0.0,0.0,0.0,-1.3408972002201188e-17,7.01627325719143e-18,1.1778371022465292e-14,0.0,2.3556742044930583e-12,1.0
25.17,0.0,0.0,0.0,0.0,-9.236129843973467e-18,3.591428416322469e-18,1.2958475833058569e-14,0.0,2.5916951666117137e-12,1.0
25.18,0.0,0.0,0.0,0.0,3.579080900775055e-18,1.0999321137736036e-17,1.4112530291469378e-14,0.0,2.8225060582938754e-12,1.0
25.19,0.0,0.0,0.0,0.0,-3.0761590842847948e-18,-1.0794099328780963e-17,1.508351751452912e-14,0.0,3.0167035029058236e-12,1.0
25.2,0.0,0.0,0.0,0.0,-2.1439513566147804e-17,1.854316535606154e-18,1.6080091543121237e-14,0.0,3.2160183086242474e-12,1.0
25.21,0.0,0.0,0.0,0.0,1.5367100698638275e-17,-3.9818720141355255e-18,1.7086651634821257e-14,0.0,3.4173303269642516e-12,1.0
25.22,0.0,0.0,0.0,0.0,-1.2057655936291227e-17,2.8322757227533786e-18,1.8073247872350064e-14,0.0,3.6146495744700126e-12,1.0
25.23,0.0,0.0,0.0,0.0,4.47390787452361e-18,5.573351491465881e-18,1.9005293490078927e-14,0.0,3.8010586980157856e-12,1.0
25.240000000000002,0.0,0.0,0.0,0.0,-7.602812509898493e-18,-2.842512816436058e-18,1.976193780134349e-14,0.0,3.952387560268698e-12,1.0
25.25,0.0,0.0,0.0,0.0,-1.2370151333138163e-17,3.0978415926785665e-18,2.05654212010791e-14,0.0,4.11308424021582e-12,1.0
25.26,0.0,0.0,0.0,0.0,-3.844758304668209e-18,-1.6309667013558942e-18,2.1326497043120796e-14,0.0,4.265299408624159e-12,1.0
25.27,0.0,0.0,0.0,0.0,4.153002628611721e-18,2.3408425874299664e-17,2.2053664436542058e-14,0.0,4.410732887308412e-12,1.0
25.28,0.0,0.0,0.0,0.0,-9.033150135844685e-18,-1.5143064871577538e-17,2.2651036630242828e-14,0.0,4.530207326048566e-12,1.0
25.29,0.0,0.0,0.0,0.0,-1.014672521046054e-17,-1.0729957936480379e-17,2.3288564861050088e-14,0.0,4.657712972210017e-12,1.0
25.3,0.0,0.0,0.0,0.0,-8.513970926760585e-19,-2.6172776269691592e-18,2.3979187607154644e-14,0.0,4.795837521430929e-12,1.0
25.310000000000002,0.0,0.0,0.0,0.0,1.0047136578561894e-18,-2.819076440901321e-19,2.4557704982705665e-14,0.0,4.911540996541133e-12,1.0
25.32,0.0,0.0,0.0,0.0,-3.245710643285912e-18,1.7507972905680606e-17,2.502588407480507e-14,0.0,5.005176814961014e-12,1.0
25.330000000000002,0.0,0.0,0.0,0.0,-2.0882119509021034e-17,-1.3203116106747904e-17,2.5435928968777435e-14,0.0,5.087185793755487e-12,1.0
25.34,0.0,0.0,0.0,0.0,3.183891682005388e-18,6.746065099304965e-18,2.5993043404388423e-14,0.0,5.198608680877685e-12,1.0
25.35,0.0,0.0,0.0,0.0,-2.0110149794260595e-17,-9.951689570405522e-18,2.645319163069386e-14,0.0,5.290638326138772e-12,1.0
25.36,0.0,0.0,0.0,0.0,3.842197490498512e-18,2.5961185672929525e-19,2.679762965699865e-14,0.0,5.35952593139973e-12,1.0
25.37,0.0,0.0,0.0,0.0,-3.449047150508917e-17,-3.017022315241513e-18,2.7106985661369618e-14,0.0,5.421397132273924e-12,1.0
25.38,0.0,0.0,0.0,0.0,8.203292019862831e-20,-1.5558860533925086e-17,2.7355175822011015e-14,0.0,5.471035164402203e-12,1.0
25.39,0.0,0.0,0.0,0.0,-8.47436861105671e-18,-2.1788058523422658e-18,2.754446541929325e-14,0.0,5.50889308385865e-12,1.0
25.400000000000002,0.0,0.0,0.0,0.0,-9.155503522560987e-18,-2.32687518293759e-17,2.7733959515310057e-14,0.0,5.546791903062011e-12,1.0
25.41,0.0,0.0,0.0,0.0,1.0690231416181966e-17,-9.698989479758375e-18,2.7830085805962173e-14,0.0,5.566017161192434e-12,1.0
25.42,0.0,0.0,0.0,0.0,-5.617352898083623e-18,-3.034512410125039e-18,2.7953369672069057e-14,0.0,5.590673934413811e-12,1.0
25.43,0.0,0.0,0.0,0.0,6.1770550088538e-18,5.1819554318442035e-18,2.8043143828625104e-14,0.0,5.608628765725021e-12,1.0
25.44,0.0,0.0,0.0,0.0,3.8210211549271115e-19,-3.2936602863354258e-18,2.8045336341444832e-14,0.0,5.609067268288966e-12,1.0
25.45,0.0,0.0,0.0,0.0,4.1334863327395895e-18,-1.205906770445508e-17,2.81637415855696e-14,0.0,5.632748317113919e-12,1.0
25.46,0.0,0.0,0.0,0.0,5.526931224334685e-18,-1.1174704485872351e-17,2.815759620064256e-14,0.0,5.631519240128512e-12,1.0
25.47,0.0,0.0,0.0,0.0,-2.651156785098615e-18,-8.915545224366535e-18,2.8156549661133536e-14,0.0,5.631309932226707e-12,1.0
25.48,0.0,0.0,0.0,0.0,-1.4479869973637028e-18,-6.884388283242298e-18,2.8141618199492424e-14,0.0,5.628323639898485e-12,1.0
25.490000000000002,0.0,0.0,0.0,0.0,7.067193342665727e-18,4.546987661544024e-18,2.8029164465618148e-14,0.0,5.60583289312363e-12,1.0
25.5,0.0,0.0,0.0,0.0,-7.730110637190329e-18,-7.215122955417385e-18,2.7880623721653022e-14,0.0,5.576124744330604e-12,1.0
25.51,0.0,0.0,0.0,0.0,1.3236829028417327e-17,-7.776216112236506e-18,2.778139929881583e-14,0.0,5.556279859763166e-12,1.0
25.52,0.0,0.0,0.0,0.0,5.641304394995364e-18,-1.0708696140153578e-17,2.7763772453295353e-14,0.0,5.552754490659071e-12,1.0
25.53,0.0,0.0,0.0,0.0,-1.6833690296490347e-18,-1.278584575539762e-17,2.771471637159851e-14,0.0,5.542943274319702e-12,1.0
25.54,0.0,0.0,0.0,0.0,-1.5463177465446392e-18,-1.1692001349533125e-17,2.7455086173745947e-14,0.0,5.49101723474919e-12,1.0
25.55,0.0,0.0,0.0,0.0,-1.2394070165900139e-17,-3.2946104743371422e-18,2.7257935580168038e-14,0.0,5.4515871160336075e-12,1.0
25.560000000000002,0.0,0.0,0.0,0.0,-5.726345901969774e-19,-2.4560093752866967e-17,2.7009350821350438e-14,0.0,5.401870164270088e-12,1.0
25.57,0.0,0.0,0.0,0.0,1.5427342566602118e-19,-6.696866536062833e-18,2.6822052659524878e-14,0.0,5.3644105319049754e-12,1.0
25.580000000000002,0.0,0.0,0.0,0.0,8.70978248223505e-19,-7.557792115480957e-18,2.6460948249082482e-14,0.0,5.292189649816496e-12,1.0
25.59,0.0,0.0,0.0,0.0,-1.2553055393224192e-17,-8.087273657479e-18,2.6230065748491043e-14,0.0,5.246013149698209e-12,1.0
25.6,0.0,0.0,0.0,0.0,9.89476936933348e-18,6.529548736844474e-18,2.588793428767578e-14,0.0,5.177586857535156e-12,1.0
25.61,0.0,0.0,0.0,0.0,-5.740253044771323e-18,-1.0343550767908147e-17,2.5510612656339578e-14,0.0,5.102122531267915e-12,1.0
25.62,0.0,0.0,0.0,0.0,3.705953517451439e-19,5.139994277695308e-18,2.5174905934118286e-14,0.0,5.034981186823657e-12,1.0
25.63,0.0,0.0,0.0,0.0,1.898425016895732e-17,3.47458327192778e-18,2.4859980881172132e-14,0.0,4.971996176234426e-12,1.0
25.64,0.0,0.0,0.0,0.0,1.3343717908163579e-17,1.0849013836128096e-17,2.438358826986947e-14,0.0,4.876717653973894e-12,1.0
25.650000000000002,0.0,0.0,0.0,0.0,-1.2449434529688851e-17,8.406874626515226e-19,2.4075355865746202e-14,0.0,4.815071173149241e-12,1.0
25.66,0.0,0.0,0.0,0.0,1.5598025101636095e-17,-5.6363003006718224e-18,2.3706360720700704e-14,0.0,4.741272144140141e-12,1.0
25.67,0.0,0.0,0.0,0.0,9.791909259029468e-19,-2.12878816680697e-18,2.3315821777170785e-14,0.0,4.663164355434157e-12,1.0
25.68,0.0,0.0,0.0,0.0,6.926246226361118e-18,-1.5872409368266558e-17,2.289365487709298e-14,0.0,4.578730975418596e-12,1.0
25.69,0.0,0.0,0.0,0.0,-7.879450956111341e-19,-4.488749684734464e-18,2.2443382537374728e-14,0.0,4.488676507474946e-12,1.0
25.7,0.0,0.0,0.0,0.0,-4.144031141908183e-18,-8.203100592665242e-18,2.1998651063305915e-14,0.0,4.399730212661183e-12,1.0
25.71,0.0,0.0,0.0,0.0,7.991614083702314e-18,3.620502329007691e-18,2.1502704676795652e-14,0.0,4.3005409353591305e-12,1.0
25.72,0.0,0.0,0.0,0.0,5.115433637303288e-18,2.8588932017291352e-18,2.1006028280288403e-14,0.0,4.201205656057681e-12,1.0
25.73,0.0,0.0,0.0,0.0,8.902099348694199e-18,-1.1134012487192591e-17,2.053990511114978e-14,0.0,4.107981022229956e-12,1.0
25.740000000000002,0.0,0.0,0.0,0.0,2.0900323725323335e-17,-4.715630630384472e-18,2.013667025989971e-14,0.0,4.027334051979942e-12,1.0
25.75,0.0,0.0,0.0,0.0,-3.94404170321216e-18,-9.131552810535555e-18,1.9642414445305212e-14,0.0,3.928482889061042e-12,1.0
25.76,0.0,0.0,0.0,0.0,-3.9084651315828655e-18,6.447123710442046e-19,1.9146295236595485e-14,0.0,3.829259047319097e-12,1.0
25.77,0.0,0.0,0.0,0.0,5.263382049484889e-18,-3.9815152158576895e-19,1.871430876776936e-14,0.0,3.7428617535538715e-12,1.0
25.78,0.0,0.0,0.0,0.0,-4.546354902009434e-21,-5.50877515030853e-19,1.8271166020825596e-14,0.0,3.654233204165119e-12,1.0
25.79,0.0,0.0,0.0,0.0,3.8963859879915936e-18,-6.757546743629185e-18,1.7845763622441225e-14,0.0,3.569152724488245e-12,1.0
25.8,0.0,0.0,0.0,0.0,1.127490666602038e-17,-5.0442233665509234e-18,1.7459645558617852e-14,0.0,3.4919291117235706e-12,1.0
25.810000000000002,0.0,0.0,0.0,0.0,1.0495044085399895e-18,2.445211131273832e-18,1.688572116394661e-14,0.0,3.377144232789322e-12,1.0
25.82,0.0,0.0,0.0,0.0,1.631175473688589e-19,-1.1207709211150247e-18,1.631120165203837e-14,0.0,3.262240330407674e-12,1.0
25.830000000000002,0.0,0.0,0.0,0.0,2.0242194938320577e-18,-5.122918622155115e-18,1.5802361780068104e-14,0.0,3.1604723560136207e-12,1.0
25.84,0.0,0.0,0.0,0.0,1.1831098785213221e-17,-2.1689058244718456e-17,1.5277889019686122e-14,0.0,3.0555778039372244e-12,1.0
25.85,0.0,0.0,0.0,0.0,1.0123503687557422e-17,-7.996881228284531e-18,1.4793329208175454e-14,0.0,2.958665841635091e-12,1.0
25.86,0.0,0.0,0.0,0.0,1.8486254782209058e-17,-5.203528846326437e-18,1.432426232253897e-14,0.0,2.864852464507794e-12,1.0
25.87,0.0,0.0,0.0,0.0,-2.7947663474039808e-18,1.8274801103575903e-18,1.3850471631669552e-14,0.0,2.7700943263339104e-12,1.0
25.88,0.0,0.0,0.0,0.0,1.1411732571801663e-17,7.37509750848703e-18,1.3341716614706603e-14,0.0,2.6683433229413205e-12,1.0
25.89,0.0,0.0,0.0,0.0,-4.761990102144818e-19,9.172812238932027e-18,1.2932938206145627e-14,0.0,2.5865876412291253e-12,1.0
25.900000000000002,0.0,0.0,0.0,0.0,1.1045436104269902e-17,-9.346298522060122e-18,1.254437853780224e-14,0.0,2.508875707560448e-12,1.0
25.91,0.0,0.0,0.0,0.0,2.366641025908982e-18,3.934054082987789e-19,1.2052590651522592e-14,0.0,2.4105181303045185e-12,1.0
25.92,0.0,0.0,0.0,0.0,-9.808328215338217e-18,6.641707809806227e-18,1.1550080716097511e-14,0.0,2.310016143219502e-12,1.0
25.93,0.0,0.0,0.0,0.0,1.1320796339669686e-17,-1.164405049826217e-18,1.105718580698381e-14,0.0,2.211437161396762e-12,1.0
25.94,0.0,0.0,0.0,0.0,4.4129664678577774e-18,-9.371073418651552e-18,1.0516963654777695e-14,0.0,2.1033927309555388e-12,1.0
25.95,0.0,0.0,0.0,0.0,2.0092006151225462e-18,-8.860704107215786e-19,1.0115059955946405e-14,0.0,2.023011991189281e-12,1.0
25.96,0.0,0.0,0.0,0.0,2.5878295879099046e-17,-2.6573833811561577e-18,9.624833975733656e-15,0.0,1.9249667951467312e-12,1.0
25.97,0.0,0.0,0.0,0.0,-6.879292679886274e-18,-1.8134817908173913e-17,9.110786794945956e-15,0.0,1.822157358989191e-12,1.0
25.98,0.0,0.0,0.0,0.0,3.5906285587622246e-17,-1.6947954322589655e-17,8.653792526851334e-15,0.0,1.7307585053702669e-12,1.0
25.990000000000002,0.0,0.0,0.0,0.0,1.0821621724020343e-17,-1.3827569107321925e-17,8.176192420242911e-15,0.0,1.6352384840485822e-12,1.0
26.0,0.0,0.0,0.0,0.0,2.3428441155475913e-17,-1.9751788464980206e-17,7.731256976749188e-15,0.0,1.5462513953498376e-12,1.0
26.01,0.0,0.0,0.0,0.0,1.2548656227767728e-17,-8.932390659705896e-18,7.302073507234642e-15,0.0,1.4604147014469284e-12,1.0
26.02,0.0,0.0,0.0,0.0,1.0453391903996951e-17,2.544643754331541e-18,6.878269755329995e-15,0.0,1.375653951065999e-12,1.0
26.03,0.0,0.0,0.0,0.0,8.683499305981658e-18,-4.991624964458872e-18,6.477196979382359e-15,0.0,1.2954393958764718e-12,1.0
26.04,0.0,0.0,0.0,0.0,7.069111646864172e-19,-3.3979143577021392e-18,6.1307204592023625e-15,0.0,1.2261440918404725e-12,1.0
26.05,0.0,0.0,0.0,0.0,4.007355863676342e-18,-1.7224755704398049e-18,5.740977492459609e-15,0.0,1.1481954984919218e-12,1.0
26.060000000000002,0.0,0.0,0.0,0.0,-4.834365437140448e-18,7.867586674944744e-18,5.32389353599962e-15,0.0,1.064778707199924e-12,1.0
26.07,0.0,0.0,0.0,0.0,8.913647047101503e-18,8.673570873319861e-18,4.971902062111917e-15,0.0,9.943804124223834e-13,1.0
26.080000000000002,0.0,0.0,0.0,0.0,4.075866771066437e-18,-2.622251819035326e-18,4.591540764535958e-15,0.0,9.183081529071916e-13,1.0
26.09,0.0,0.0,0.0,0.0,4.469769052758166e-18,1.4054893365828713e-17,4.208089146734949e-15,0.0,8.416178293469898e-13,1.0
26.1,0.0,0.0,0.0,0.0,1.0468203242763606e-17,2.6474790133893094e-18,3.807496280826017e-15,0.0,7.614992561652035e-13,1.0
26.11,0.0,0.0,0.0,0.0,-6.016148495536935e-18,8.622904664566638e-19,3.489431105660081e-15,0.0,6.978862211320162e-13,1.0
26.12,0.0,0.0,0.0,0.0,1.3047038029869844e-17,1.2242856958720559e-18,3.2613885769034186e-15,0.0,6.522777153806837e-13,1.0
26.13,0.0,0.0,0.0,0.0,7.22026233398788e-18,4.711430246884825e-19,2.9213432173919305e-15,0.0,5.842686434783861e-13,1.0
26.14,0.0,0.0,0.0,0.0,-5.2713884144741456e-18,1.19954482459556e-17,2.6864339363147675e-15,0.0,5.372867872629535e-13,1.0
26.150000000000002,0.0,0.0,0.0,0.0,-6.000796009459926e-18,-6.948889286190448e-18,2.3922695523500914e-15,0.0,4.784539104700183e-13,1.0
26.16,0.0,0.0,0.0,0.0,-6.547938745105594e-18,9.328216767503597e-18,2.1141111737430434e-15,0.0,4.2282223474860865e-13,1.0
26.17,0.0,0.0,0.0,0.0,8.745576737864407e-18,6.444849933284432e-18,1.8056173055445898e-15,0.0,3.6112346110891794e-13,1.0
26.18,0.0,0.0,0.0,0.0,-1.2918648923408337e-17,1.2127493243423814e-17,1.4683440856256116e-15,0.0,2.936688171251223e-13,1.0
26.19,0.0,0.0,0.0,0.0,-4.905116756366999e-18,-1.3939927647232884e-17,1.0952548470494911e-15,0.0,2.1905096940989822e-13,1.0
26.2,0.0,0.0,0.0,0.0,-1.245455744498946e-18,3.672210601148392e-18,8.408227248677728e-16,0.0,1.6816454497355458e-13,1.0
26.21,0.0,0.0,0.0,0.0,4.63015841001432e-18,-6.43051363471549e-18,6.347971910721126e-16,0.0,1.2695943821442253e-13,1.0
26.22,0.0,0.0,0.0,0.0,1.083774912745e-18,-5.2215443386270465e-18,4.346707999861602e-16,0.0,8.693415999723204e-14,1.0
26.23,0.0,0.0,0.0,0.0,-5.597935805348613e-18,-3.050601932266088e-18,2.2042018148733756e-16,0.0,4.408403629746751e-14,1.0
26.240000000000002,0.0,0.0,0.0,0.0,-2.575710922635436e-17,1.0819074133680078e-18,1.2752821259159444e-16,0.0,2.550564251831889e-14,1.0
26.25,0.0,0.0,0.0,0.0,-9.449618443788077e-20,1.2248123024104158e-17,3.1763676702908397e-16,0.0,6.35273534058168e-14,1.0
26.26,0.0,0.0,0.0,0.0,-2.0201373403701442e-17,2.790799646769047e-18,4.946159767482161e-16,0.0,9.892319534964322e-14,1.0
26.27,0.0,0.0,0.0,0.0,2.2274230098773094e-18,-1.9190504488171293e-20,6.520372249525802e-16,0.0,1.3040744499051605e-13,1.0
26.28,0.0,0.0,0.0,0.0,-2.075020622969106e-17,1.7892320696610692e-17,8.941737661011177e-16,0.0,1.7883475322022354e-13,1.0
26.29,0.0,0.0,0.0,0.0,-8.118263794955018e-18,-1.6035772816760013e-18,1.1899365432869702e-15,0.0,2.3798730865739405e-13,1.0
26.3,0.0,0.0,0.0,0.0,3.4616177367628697e-18,9.082126225511611e-19,1.4390313479023628e-15,0.0,2.8780626958047255e-13,1.0
26.310000000000002,0.0,0.0,0.0,0.0,-7.422939908388504e-18,-7.422237029543677e-18,1.6408034890523328e-15,0.0,3.2816069781046654e-13,1.0
26.32,0.0,0.0,0.0,0.0,-2.7146645942250096e-19,1.664406250567577e-17,1.8123392026765715e-15,0.0,3.624678405353143e-13,1.0
26.330000000000002,0.0,0.0,0.0,0.0,3.919286630666213e-18,1.4429284503631253e-17,2.0248304957141504e-15,0.0,4.0496609914283006e-13,1.0
26.34,0.0,0.0,0.0,0.0,1.0218126922622925e-17,-1.2690785143556335e-18,2.2800096836630293e-15,0.0,4.560019367326059e-13,1.0
26.35,0.0,0.0,0.0,0.0,-4.418671216276731e-18,-5.0658387461660786e-18,2.4789045282208616e-15,0.0,4.957809056441723e-13,1.0
26.36,0.0,0.0,0.0,0.0,1.0776984479725498e-17,-4.81220765472079e-18,2.5779722319578537e-15,0.0,5.155944463915708e-13,1.0
26.37,0.0,0.0,0.0,0.0,2.29841568161876e-18,1.4799820775519874e-17,2.8351527580118424e-15,0.0,5.670305516023685e-13,1.0
26.38,0.0,0.0,0.0,0.0,-1.3609359309664594e-17,7.678062878522741e-18,2.967389153971934e-15,0.0,5.934778307943868e-13,1.0
26.39,0.0,0.0,0.0,0.0,5.97813590852348e-18,4.6956566383831025e-18,3.1687311067776203e-15,0.0,6.337462213555241e-13,1.0
26.400000000000002,0.0,0.0,0.0,0.0,5.94585061779468e-18,-6.093918661950949e-18,3.344959274535363e-15,0.0,6.689918549070726e-13,1.0
26.41,0.0,0.0,0.0,0.0,5.376385193552751e-18,1.1337980378293505e-18,3.508878953596594e-15,0.0,7.017757907193188e-13,1.0
26.42,0.0,0.0,0.0,0.0,2.0228965561819485e-17,-1.289732493612981e-17,3.697030302730077e-15,0.0,7.394060605460154e-13,1.0
26.43,0.0,0.0,0.0,0.0,1.5034611873525055e-17,-1.5729169171332447e-17,3.8543990506458095e-15,0.0,7.708798101291619e-13,1.0
26.44,0.0,0.0,0.0,0.0,1.5185894128820568e-18,-1.2484463626598404e-17,3.917894411030783e-15,0.0,7.835788822061565e-13,1.0
26.45,0.0,0.0,0.0,0.0,1.9710537031085183e-17,-1.3278499103841445e-18,4.055948094364732e-15,0.0,8.111896188729465e-13,1.0
26.46,0.0,0.0,0.0,0.0,4.664995221724419e-18,-2.5984145245218905e-17,4.18323616109439e-15,0.0,8.36647232218878e-13,1.0
26.47,0.0,0.0,0.0,0.0,2.630480454276966e-17,-1.0435894739343918e-17,4.234715212712195e-15,0.0,8.46943042542439e-13,1.0
26.48,0.0,0.0,0.0,0.0,1.3181838464944697e-17,-8.178044306270599e-18,4.258368943288705e-15,0.0,8.51673788657741e-13,1.0
26.490000000000002,0.0,0.0,0.0,0.0,7.841024608502278e-18,-5.217109354801265e-18,4.3471378267960464e-15,0.0,8.694275653592092e-13,1.0
26.5,0.0,0.0,0.0,0.0,5.1877649602030416e-18,4.8084322934613585e-18,4.3432976709536025e-15,0.0,8.686595341907205e-13,1.0
26.51,0.0,0.0,0.0,0.0,8.493594596932633e-18,-6.806011372950993e-18,4.361643313614072e-15,0.0,8.723286627228144e-13,1.0
26.52,0.0,0.0,0.0,0.0,-1.8396143392254934e-18,3.111144740173895e-18,4.3784747341041114e-15,0.0,8.756949468208223e-13,1.0
26.53,0.0,0.0,0.0,0.0,-2.1960207425477046e-18,2.501534464887647e-18,4.386158465921348e-15,0.0,8.772316931842696e-13,1.0
26.54,0.0,0.0,0.0,0.0,-5.988691543717174e-18,-5.025973517768347e-18,4.4312897428909294e-15,0.0,8.862579485781859e-13,1.0
26.55,0.0,0.0,0.0,0.0,-2.1667414064056248e-19,-7.707169770997406e-19,4.466634071711888e-15,0.0,8.933268143423776e-13,1.0
26.560000000000002,0.0,0.0,0.0,0.0,1.6870266043907246e-17,-4.549498391285941e-18,4.4021995270212925e-15,0.0,8.804399054042585e-13,1.0
26.57,0.0,0.0,0.0,0.0,5.665455216402162e-18,-8.74995947458236e-18,4.377585777493747e-15,0.0,8.755171554987494e-13,1.0
26.580000000000002,0.0,0.0,0.0,0.0,-4.2857398377467015e-18,1.794185826176911e-18,4.363286630538409e-15,0.0,8.726573261076818e-13,1.0
26.59,0.0,0.0,0.0,0.0,-4.300936886906605e-18,-4.853090369603791e-18,4.355298296850254e-15,0.0,8.710596593700508e-13,1.0
26.6,0.0,0.0,0.0,0.0,-7.892168232576337e-18,5.678884772190505e-18,4.358453910814574e-15,0.0,8.716907821629148e-13,1.0
26.61,0.0,0.0,0.0,0.0,-4.294823774502022e-18,-8.605205158706445e-18,4.290832196177191e-15,0.0,8.581664392354382e-13,1.0
26.62,0.0,0.0,0.0,0.0,9.883034577209038e-18,-1.2494691721274485e-17,4.258349429819274e-15,0.0,8.516698859638548e-13,1.0
26.63,0.0,0.0,0.0,0.0,-5.1789996419869035e-18,-1.9286443092136266e-18,4.2080706311697526e-15,0.0,8.416141262339505e-13,1.0
26.64,0.0,0.0,0.0,0.0,1.5235714121396161e-19,7.285785511366924e-18,4.186246335018328e-15,0.0,8.372492670036656e-13,1.0
26.650000000000002,0.0,0.0,0.0,0.0,-3.038322502819874e-18,1.355126592348951e-18,4.192017452662986e-15,0.0,8.384034905325971e-13,1.0
26.66,0.0,0.0,0.0,0.0,-5.340637469872682e-18,2.059537971102811e-18,4.077291385626326e-15,0.0,8.154582771252651e-13,1.0
26.67,0.0,0.0,0.0,0.0,1.1952090255812132e-17,3.835325739203724e-18,3.988888968661393e-15,0.0,7.977777937322786e-13,1.0
26.68,0.0,0.0,0.0,0.0,-6.207580399340788e-18,3.953154916691614e-18,3.979181755187808e-15,0.0,7.958363510375615e-13,1.0
26.69,0.0,0.0,0.0,0.0,5.183045512507445e-19,1.090668569383996e-17,3.979500032276426e-15,0.0,7.959000064552853e-13,1.0
26.7,0.0,0.0,0.0,0.0,-4.227062601490014e-18,5.8587740903912166e-18,3.922314609955172e-15,0.0,7.844629219910343e-13,1.0
26.71,0.0,0.0,0.0,0.0,4.772816060477566e-19,4.1537436045099075e-18,3.87558062686934e-15,0.0,7.751161253738679e-13,1.0
26.72,0.0,0.0,0.0,0.0,8.292341811442668e-18,1.1695050869135064e-17,3.92453246475978e-15,0.0,7.84906492951956e-13,1.0
26.73,0.0,0.0,0.0,0.0,5.8894020974538766e-18,-3.5151244975765664e-18,3.9519212312015136e-15,0.0,7.903842462403027e-13,1.0
26.740000000000002,0.0,0.0,0.0,0.0,7.633845703255644e-18,-1.3054205046285424e-18,3.833100017782578e-15,0.0,7.666200035565156e-13,1.0
26.75,0.0,0.0,0.0,0.0,1.9167517533393267e-17,-3.587498351625163e-18,3.75289242051363e-15,0.0,7.505784841027261e-13,1.0
26.76,0.0,0.0,0.0,0.0,4.5675733722865126e-18,-5.2057849367490125e-18,3.733711848414346e-15,0.0,7.467423696828693e-13,1.0
26.77,0.0,0.0,0.0,0.0,5.800705223676001e-18,-6.178228783054197e-18,3.722882601504153e-15,0.0,7.445765203008306e-13,1.0
26.78,0.0,0.0,0.0,0.0,8.007884021682674e-18,-7.552823676890964e-18,3.743178299840284e-15,0.0,7.486356599680567e-13,1.0
26.79,0.0,0.0,0.0,0.0,3.760115374785853e-18,-1.0859253078404795e-17,3.71935553958767e-15,0.0,7.43871107917534e-13,1.0
26.8,0.0,0.0,0.0,0.0,1.5136125020478456e-17,-1.454767517777456e-17,3.743445197592571e-15,0.0,7.486890395185141e-13,1.0
26.810000000000002,0.0,0.0,0.0,0.0,1.8225410433714616e-17,-1.3750834097003734e-17,3.671961600585123e-15,0.0,7.343923201170246e-13,1.0
26.82,0.0,0.0,0.0,0.0,2.104960984958224e-17,-1.2510436118346924e-17,3.608733296777702e-15,0.0,7.217466593555404e-13,1.0
26.830000000000002,0.0,0.0,0.0,0.0,1.426006327359608e-17,-7.073924598289883e-18,3.5359411447116526e-15,0.0,7.071882289423305e-13,1.0
26.84,0.0,0.0,0.0,0.0,2.295293125794667e-17,-1.0486073931287354e-17,3.4817836797367738e-15,0.0,6.963567359473547e-13,1.0
26.85,0.0,0.0,0.0,0.0,1.7990574856427246e-17,-1.0175561696686082e-17,3.4292679319452338e-15,0.0,6.858535863890468e-13,1.0
26.86,0.0,0.0,0.0,0.0,2.3607724778199033e-17,-1.0371171044969798e-17,3.4009906929924842e-15,0.0,6.801981385984969e-13,1.0
26.87,0.0,0.0,0.0,0.0,2.297392941077967e-17,-9.504933301930735e-18,3.320161586921982e-15,0.0,6.640323173843964e-13,1.0
26.88,0.0,0.0,0.0,0.0,1.794222135078265e-17,-1.8610209475661512e-17,3.263686294650462e-15,0.0,6.527372589300924e-13,1.0
26.89,0.0,0.0,0.0,0.0,1.729225561875968e-17,-8.916520246724388e-18,3.1949272451265322e-15,0.0,6.389854490253065e-13,1.0
26.900000000000002,0.0,0.0,0.0,0.0,1.2501769423338417e-17,-8.126842418731522e-18,3.137515984683653e-15,0.0,6.275031969367306e-13,1.0
26.91,0.0,0.0,0.0,0.0,2.186781263665356e-17,-7.696908368085253e-18,3.0616561938527277e-15,0.0,6.123312387705456e-13,1.0
26.92,0.0,0.0,0.0,0.0,2.0821577105812592e-17,-7.02443537446247e-18,2.9627931462333284e-15,0.0,5.925586292466657e-13,1.0
26.93,0.0,0.0,0.0,0.0,1.2886829113611105e-17,-2.821178058413201e-18,2.8006528338753582e-15,0.0,5.601305667750716e-13,1.0
26.94,0.0,0.0,0.0,0.0,8.504078965679004e-18,-5.318128771543409e-18,2.5994886408692137e-15,0.0,5.198977281738428e-13,1.0
26.95,0.0,0.0,0.0,0.0,4.150247404203966e-18,-6.6779070824706585e-18,2.373505334831799e-15,0.0,4.747010669663598e-13,1.0
26.96,0.0,0.0,0.0,0.0,5.107954061287111e-19,-1.519576656772164e-17,2.277859921758227e-15,0.0,4.555719843516454e-13,1.0
26.97,0.0,0.0,0.0,0.0,3.970441231260992e-18,-1.8364146470501534e-17,2.2026097561312795e-15,0.0,4.405219512262559e-13,1.0
26.98,0.0,0.0,0.0,0.0,8.136731479823302e-18,-1.2112455722947783e-17,2.149390853298288e-15,0.0,4.298781706596576e-13,1.0
26.990000000000002,0.0,0.0,0.0,0.0,9.69025963159927e-18,-1.1510380601401445e-17,2.040510855727639e-15,0.0,4.0810217114552776e-13,1.0
27.0,0.0,0.0,0.0,0.0,1.1316709047747746e-17,-1.0340086983012812e-17,1.9666712172133337e-15,0.0,3.9333424344266674e-13,1.0
27.01,0.0,0.0,0.0,0.0,1.2576162299892112e-17,-1.0440478731972223e-17,1.895104122666095e-15,0.0,3.79020824533219e-13,1.0
27.02,0.0,0.0,0.0,0.0,1.4832636918599244e-17,-1.1493851453170771e-18,1.7216162536276728e-15,0.0,3.4432325072553453e-13,1.0
27.03,0.0,0.0,0.0,0.0,1.8259735358114016e-17,-4.428199978348582e-18,1.6036964321877768e-15,0.0,3.2073928643755536e-13,1.0
27.04,0.0,0.0,0.0,0.0,2.8329318893122404e-18,-1.1997117261888556e-17,1.4788490502218079e-15,0.0,2.957698100443616e-13,1.0
27.05,0.0,0.0,0.0,0.0,1.0513055743979037e-17,7.457189471549986e-18,1.310678342757723e-15,0.0,2.6213566855154456e-13,1.0
27.060000000000002,0.0,0.0,0.0,0.0,4.633923719954374e-19,-6.40627581036346e-18,1.185990668273014e-15,0.0,2.371981336546028e-13,1.0
27.07,0.0,0.0,0.0,0.0,3.477004367165568e-18,-5.925024143115215e-18,1.146923978560092e-15,0.0,2.293847957120184e-13,1.0
27.080000000000002,0.0,0.0,0.0,0.0,-9.334647752582619e-19,-8.252674550112685e-18,1.0154956840382977e-15,0.0,2.0309913680765954e-13,1.0
27.09,0.0,0.0,0.0,0.0,1.1619844553689267e-17,-6.554733013111391e-19,8.409376283843306e-16,0.0,1.681875256768661e-13,1.0
27.1,0.0,0.0,0.0,0.0,-1.0606285936086165e-17,-9.149502023332784e-18,7.969553511273724e-16,0.0,1.5939107022547448e-13,1.0
27.11,0.0,0.0,0.0,0.0,-8.50700658496738e-18,2.428487835630093e-18,7.431776085598879e-16,0.0,1.4863552171197757e-13,1.0
27.12,0.0,0.0,0.0,0.0,-1.009703041223476e-18,-6.802805728855419e-19,7.250760069343742e-16,0.0,1.4501520138687483e-13,1.0
27.13,0.0,0.0,0.0,0.0,-1.885263976506194e-18,2.2371636824345194e-18,5.901052393018542e-16,0.0,1.1802104786037084e-13,1.0
27.14,0.0,0.0,0.0,0.0,7.36015911306595e-18,-2.7639064715465565e-19,4.947860407215623e-16,0.0,9.895720814431246e-14,1.0
27.150000000000002,0.0,0.0,0.0,0.0,-1.210392419319955e-18,-8.132880306537121e-19,4.528996597149573e-16,0.0,9.057993194299146e-14,1.0
27.16,0.0,0.0,0.0,0.0,5.3239179894330475e-18,-1.1989763515826269e-17,4.0355094088305233e-16,0.0,8.071018817661047e-14,1.0
27.17,0.0,0.0,0.0,0.0,1.3755811900749376e-18,-1.925898656494047e-18,3.640616523781774e-16,0.0,7.281233047563547e-14,1.0
27.18,0.0,0.0,0.0,0.0,1.0617165648586501e-17,-1.043940018516272e-17,3.1145840040745167e-16,0.0,6.229168008149033e-14,1.0
27.19,0.0,0.0,0.0,0.0,1.7416224562662013e-17,-6.839166407996904e-18,2.9918752714199095e-16,0.0,5.983750542839819e-14,1.0
27.2,0.0,0.0,0.0,0.0,1.6095849089696584e-17,-6.488846512534319e-18,2.79529420810239e-16,0.0,5.59058841620478e-14,1.0
27.21,0.0,0.0,0.0,0.0,-2.298087210094635e-19,2.6187843427993076e-18,3.0180947454139656e-16,0.0,6.036189490827931e-14,1.0
27.22,0.0,0.0,0.0,0.0,-6.8316037107789374e-18,7.468991465119747e-18,3.8802504875556464e-16,0.0,7.760500975111293e-14,1.0
27.23,0.0,0.0,0.0,0.0,-1.311742369043103e-18,4.062521836253062e-18,4.852854054094806e-16,0.0,9.705708108189613e-14,1.0
27.240000000000002,0.0,0.0,0.0,0.0,-1.3244095356367288e-17,7.393638398758112e-18,4.933496432797677e-16,0.0,9.866992865595354e-14,1.0
27.25,0.0,0.0,0.0,0.0,-4.901175990269967e-18,1.9636641487210865e-18,5.133317892652011e-16,0.0,1.0266635785304022e-13,1.0
27.26,0.0,0.0,0.0,0.0,-2.12014408620529e-18,1.3005433176946195e-19,5.012797342006948e-16,0.0,1.0025594684013895e-13,1.0
27.27,0.0,0.0,0.0,0.0,9.799413868786428e-18,2.853811961682332e-19,5.215893966300892e-16,0.0,1.0431787932601785e-13,1.0
27.28,0.0,0.0,0.0,0.0,1.0115754228698888e-17,3.4285402977152174e-18,6.199230024344599e-16,0.0,1.23984600486892e-13,1.0
27.29,0.0,0.0,0.0,0.0,9.801874725469903e-18,4.448796099260916e-18,6.63736852717142e-16,0.0,1.327473705434284e-13,1.0
27.3,0.0,0.0,0.0,0.0,1.020078652058963e-17,1.2629828720090374e-17,6.534043308796851e-16,0.0,1.30680866175937e-13,1.0
27.310000000000002,0.0,0.0,0.0,0.0,1.103861462582696e-17,1.1145077608975215e-17,6.443828249638839e-16,0.0,1.2887656499277677e-13,1.0
27.32,0.0,0.0,0.0,0.0,1.1748850358917876e-17,9.617967055113613e-18,6.266366768272817e-16,0.0,1.2532733536545632e-13,1.0
27.330000000000002,0.0,0.0,0.0,0.0,9.230890632633037e-18,6.371222212307424e-18,6.288851937390441e-16,0.0,1.2577703874780882e-13,1.0
27.34,0.0,0.0,0.0,0.0,2.7124882396781587e-17,4.956052062479622e-18,6.377224892310195e-16,0.0,1.275444978462039e-13,1.0
27.35,0.0,0.0,0.0,0.0,6.755653502917689e-18,2.5607139197109018e-18,6.279020881507276e-16,0.0,1.2558041763014552e-13,1.0
27.36,0.0,0.0,0.0,0.0,1.7029611623137764e-17,-7.433053870571217e-18,6.127371367850119e-16,0.0,1.2254742735700238e-13,1.0
27.37,0.0,0.0,0.0,0.0,9.877332308988572e-18,-5.420833807436193e-18,5.752542251094407e-16,0.0,1.1505084502188814e-13,1.0
27.38,0.0,0.0,0.0,0.0,7.744119250987825e-18,-1.555258367230921e-18,6.830866936175281e-16,0.0,1.3661733872350562e-13,1.0
27.39,0.0,0.0,0.0,0.0,2.486051620625729e-17,-4.484980323213199e-18,7.02677102936608e-16,0.0,1.405354205873216e-13,1.0
27.400000000000002,0.0,0.0,0.0,0.0,8.297911879414651e-19,1.5669493902350835e-17,7.005920376875973e-16,0.0,1.4011840753751945e-13,1.0
27.41,0.0,0.0,0.0,0.0,3.575463748946067e-18,-1.0027230288170568e-17,8.021926946656033e-16,0.0,1.6043853893312066e-13,1.0
27.42,0.0,0.0,0.0,0.0,2.373170121213325e-18,-1.702342833736079e-17,8.709637332419831e-16,0.0,1.7419274664839662e-13,1.0
27.43,0.0,0.0,0.0,0.0,4.74928168208964e-18,-1.3201003438793122e-17,8.511306930042141e-16,0.0,1.702261386008428e-13,1.0
27.44,0.0,0.0,0.0,0.0,-3.484281421689461e-18,-8.390295156957875e-18,8.790516913226631e-16,0.0,1.7581033826453261e-13,1.0
27.45,0.0,0.0,0.0,0.0,7.703442830363822e-18,-5.6214911353019006e-18,8.887761770340574e-16,0.0,1.7775523540681148e-13,1.0
27.46,0.0,0.0,0.0,0.0,1.8196258154501993e-18,9.937203317131131e-18,9.626714497675582e-16,0.0,1.9253428995351164e-13,1.0
27.47,0.0,0.0,0.0,0.0,7.795968370105171e-19,4.075532062108975e-18,1.0154904514495404e-15,0.0,2.0309809028990806e-13,1.0
27.48,0.0,0.0,0.0,0.0,-3.737147601736236e-18,1.7966587002737903e-18,1.0364702743569802e-15,0.0,2.0729405487139603e-13,1.0
27.490000000000002,0.0,0.0,0.0,0.0,-5.8602147864109975e-18,-5.8030443394221855e-18,9.894192336436944e-16,0.0,1.978838467287389e-13,1.0
27.5,0.0,0.0,0.0,0.0,1.4719676541499832e-19,-3.0169687818161124e-18,9.972916221877623e-16,0.0,1.9945832443755246e-13,1.0
27.51,0.0,0.0,0.0,0.0,6.072952340623745e-19,-4.6759688897226305e-18,1.0071383377614186e-15,0.0,2.0142766755228372e-13,1.0
27.52,0.0,0.0,0.0,0.0,-2.415255591066831e-18,-8.986626851958295e-18,9.630814269266287e-16,0.0,1.9261628538532573e-13,1.0
27.53,0.0,0.0,0.0,0.0,3.1796156516029134e-18,-6.9105764794978386e-18,9.437789742741142e-16,0.0,1.8875579485482284e-13,1.0
27.54,0.0,0.0,0.0,0.0,8.003595115900979e-18,-5.445181260747123e-18,9.316798144653848e-16,0.0,1.8633596289307695e-13,1.0
27.55,0.0,0.0,0.0,0.0,9.539629118887758e-18,-1.0863062680716584e-18,8.699923440050444e-16,0.0,1.7399846880100887e-13,1.0
27.560000000000002,0.0,0.0,0.0,0.0,1.0378033553073674e-17,-1.123602097281132e-18,8.283387356986544e-16,0.0,1.6566774713973087e-13,1.0
27.57,0.0,0.0,0.0,0.0,1.1358445544519148e-17,-3.818550023704613e-18,7.629773858701961e-16,0.0,1.5259547717403923e-13,1.0
27.580000000000002,0.0,0.0,0.0,0.0,1.2285383806796732e-17,-3.680785476059739e-18,6.948985154190061e-16,0.0,1.3897970308380123e-13,1.0
27.59,0.0,0.0,0.0,0.0,1.8706057729024573e-17,-1.1478637456716803e-18,7.508681656932726e-16,0.0,1.501736331386545e-13,1.0
27.6,0.0,0.0,0.0,0.0,2.512447892608137e-17,-2.1691090584845815e-18,7.847963461465746e-16,0.0,1.5695926922931492e-13,1.0
27.61,0.0,0.0,0.0,0.0,1.96373443411851e-17,-1.717671281889808e-17,7.667075019991431e-16,0.0,1.5334150039982862e-13,1.0
27.62,0.0,0.0,0.0,0.0,1.1882177724028289e-17,-1.8010369528468742e-17,7.084487501747108e-16,0.0,1.4168975003494215e-13,1.0
27.63,0.0,0.0,0.0,0.0,1.3689278090773548e-17,-1.2993244505670063e-17,6.577077563328399e-16,0.0,1.3154155126656798e-13,1.0
27.64,0.0,0.0,0.0,0.0,2.525638221604599e-17,-2.58898692386523e-18,5.892156692192043e-16,0.0,1.1784313384384087e-13,1.0
27.650000000000002,0.0,0.0,0.0,0.0,1.6428712411638843e-17,-1.3949194264553422e-17,7.029379914762251e-16,0.0,1.4058759829524502e-13,1.0
27.66,0.0,0.0,0.0,0.0,3.184613412363506e-17,-1.108777648897048e-17,7.286650045647497e-16,0.0,1.4573300091294995e-13,1.0
27.67,0.0,0.0,0.0,0.0,1.4506318743388228e-17,-2.548759876839684e-17,7.9749772681789e-16,0.0,1.59499545363578e-13,1.0
27.68,0.0,0.0,0.0,0.0,9.577473861469773e-18,-1.1231277385559243e-17,8.116920765987354e-16,0.0,1.6233841531974707e-13,1.0
27.69,0.0,0.0,0.0,0.0,5.021480531818267e-18,-8.486030056969843e-18,8.092929169241731e-16,0.0,1.618585833848346e-13,1.0
27.7,0.0,0.0,0.0,0.0,9.121310119169605e-18,-1.6922790555405815e-17,7.23276928306899e-16,0.0,1.446553856613798e-13,1.0
27.71,0.0,0.0,0.0,0.0,2.433190674786109e-17,-5.599542507441404e-18,5.800980105342033e-16,0.0,1.1601960210684065e-13,1.0
27.72,0.0,0.0,0.0,0.0,2.6105847524935134e-17,-3.437728411129443e-18,5.190793394147062e-16,0.0,1.0381586788294124e-13,1.0
27.73,0.0,0.0,0.0,0.0,2.320961415385105e-17,-3.168683228246052e-18,5.632975768795947e-16,0.0,1.1265951537591893e-13,1.0
27.740000000000002,0.0,0.0,0.0,0.0,3.9489760489154746e-17,-7.15554165634862e-18,6.131193654249261e-16,0.0,1.2262387308498522e-13,1.0
27.75,0.0,0.0,0.0,0.0,1.401315703851573e-17,-9.257732359444776e-18,6.18158716721331e-16,0.0,1.236317433442662e-13,1.0
27.76,0.0,0.0,0.0,0.0,2.043104619216485e-17,-1.5972008757762064e-17,5.703010837241624e-16,0.0,1.1406021674483248e-13,1.0
27.77,0.0,0.0,0.0,0.0,2.316930295858639e-17,-1.7688238085817966e-17,5.212810848175544e-16,0.0,1.0425621696351087e-13,1.0
27.78,0.0,0.0,0.0,0.0,2.6226663330024727e-17,-1.890636798016615e-17,4.595541671396562e-16,0.0,9.191083342793123e-14,1.0
27.79,0.0,0.0,0.0,0.0,3.74670122331251e-17,-1.2808047230438315e-17,3.9052395308389863e-16,0.0,7.810479061677972e-14,1.0
27.8,0.0,0.0,0.0,0.0,3.300608664737474e-17,-1.6148570451163856e-17,4.4283130333879304e-16,0.0,8.85662606677586e-14,1.0
27.810000000000002,0.0,0.0,0.0,0.0,4.21108104650394e-17,-2.9541250924389167e-17,5.068170095435125e-16,0.0,1.0136340190870249e-13,1.0
27.82,0.0,0.0,0.0,0.0,2.2902864660274945e-17,-2.6324566045385603e-17,5.590413251165346e-16,0.0,1.1180826502330692e-13,1.0
27.830000000000002,0.0,0.0,0.0,0.0,2.0096191829291733e-17,-2.5353153674252387e-17,6.295885726514458e-16,0.0,1.2591771453028917e-13,1.0
27.84,0.0,0.0,0.0,0.0,6.145223035870534e-18,-7.504524662595355e-18,6.540188498074017e-16,0.0,1.3080376996148034e-13,1.0
27.85,0.0,0.0,0.0,0.0,1.2168860688107987e-17,-2.233883109252934e-18,6.705300415906424e-16,0.0,1.3410600831812848e-13,1.0
27.86,0.0,0.0,0.0,0.0,1.147030780533627e-17,-3.9416102601259856e-19,7.435835088305269e-16,0.0,1.487167017661054e-13,1.0
27.87,0.0,0.0,0.0,0.0,1.780455808208351e-17,-6.947591027178786e-18,7.594970892163004e-16,0.0,1.5189941784326006e-13,1.0
27.88,0.0,0.0,0.0,0.0,6.133707324377285e-18,-7.808408818850693e-18,7.399040036944019e-16,0.0,1.4798080073888037e-13,1.0
27.89,0.0,0.0,0.0,0.0,9.26806086967695e-18,-8.46778761675995e-18,7.065723378613674e-16,0.0,1.4131446757227347e-13,1.0
27.900000000000002,0.0,0.0,0.0,0.0,1.220214058496984e-17,-1.0137275282737662e-17,6.640290795611044e-16,0.0,1.328058159122209e-13,1.0
27.91,0.0,0.0,0.0,0.0,3.349183369375681e-17,-1.2665754468455237e-17,6.353502751539499e-16,0.0,1.2707005503078996e-13,1.0
27.92,0.0,0.0,0.0,0.0,3.172047652006355e-17,-1.1355365367995542e-17,6.674748484704098e-16,0.0,1.3349496969408196e-13,1.0
27.93,0.0,0.0,0.0,0.0,1.2791153949013516e-17,-1.482893900974943e-17,7.632493048708417e-16,0.0,1.5264986097416833e-13,1.0
27.94,0.0,0.0,0.0,0.0,1.7486072530741167e-17,-4.747101238180489e-18,7.439504359191237e-16,0.0,1.4879008718382474e-13,1.0
27.95,0.0,0.0,0.0,0.0,1.3388560750089758e-17,-1.2942300029690662e-17,7.30055098280101e-16,0.0,1.460110196560202e-13,1.0
27.96,0.0,0.0,0.0,0.0,1.3978271651394564e-17,-1.1580446265967495e-17,7.255277712813628e-16,0.0,1.4510555425627256e-13,1.0
27.97,0.0,0.0,0.0,0.0,1.7038624792713392e-17,-1.5050434338067087e-17,6.599806077146124e-16,0.0,1.3199612154292248e-13,1.0
27.98,0.0,0.0,0.0,0.0,1.4223517832499893e-17,-1.2331430938176972e-17,6.193184937522046e-16,0.0,1.2386369875044092e-13,1.0
27.990000000000002,0.0,0.0,0.0,0.0,2.1514705704264245e-17,-1.6080243019484326e-17,5.257330826383432e-16,0.0,1.0514661652766865e-13,1.0
28.0,0.0,0.0,0.0,0.0,2.278940226272095e-17,-1.475751269618214e-17,4.542150552706156e-16,0.0,9.084301105412312e-14,1.0
28.01,0.0,0.0,0.0,0.0,1.774134901528645e-17,-1.3098732065525227e-17,5.425258080609669e-16,0.0,1.0850516161219338e-13,1.0
28.02,0.0,0.0,0.0,0.0,2.5582220724569665e-17,-2.2436438813596245e-17,6.53653191701528e-16,0.0,1.307306383403056e-13,1.0
28.03,0.0,0.0,0.0,0.0,9.118533964810787e-18,-1.5008165008351107e-17,6.901564892836536e-16,0.0,1.3803129785673072e-13,1.0
28.04,0.0,0.0,0.0,0.0,-4.887143202111035e-18,1.6293581515633123e-18,6.825254668785044e-16,0.0,1.3650509337570088e-13,1.0
28.05,0.0,0.0,0.0,0.0,7.567035704364597e-18,-1.1747512221746185e-17,6.33785066816408e-16,0.0,1.2675701336328161e-13,1.0
28.060000000000002,0.0,0.0,0.0,0.0,7.806488466926527e-18,-7.29707512236602e-18,6.684777992043294e-16,0.0,1.3369555984086587e-13,1.0
28.07,0.0,0.0,0.0,0.0,8.182989839963915e-18,-8.025949294115853e-18,6.717571189983981e-16,0.0,1.3435142379967961e-13,1.0
28.080000000000002,0.0,0.0,0.0,0.0,1.0034590835465337e-17,-1.0556075795128578e-17,6.412510321017227e-16,0.0,1.2825020642034453e-13,1.0
28.09,0.0,0.0,0.0,0.0,1.1440712053604075e-17,-1.1538137499081844e-17,6.129749522866678e-16,0.0,1.2259499045733357e-13,1.0
28.1,0.0,0.0,0.0,0.0,1.7731985357085174e-17,-1.9666666127349614e-17,5.653351156084721e-16,0.0,1.1306702312169442e-13,1.0
28.11,0.0,0.0,0.0,0.0,1.8169701948260217e-17,-1.7077736625362772e-17,5.394022801331239e-16,0.0,1.0788045602662477e-13,1.0
28.12,0.0,0.0,0.0,0.0,2.399005818700893e-17,-1.9224112244756656e-17,4.890783507356878e-16,0.0,9.781567014713756e-14,1.0
28.13,0.0,0.0,0.0,0.0,2.1879068416497952e-17,-1.0700802318046168e-17,5.27465785286168e-16,0.0,1.054931570572336e-13,1.0
28.14,0.0,0.0,0.0,0.0,2.218697564539964e-17,-2.153323596353738e-17,4.858986807946023e-16,0.0,9.717973615892047e-14,1.0
28.150000000000002,0.0,0.0,0.0,0.0,2.4069007714118582e-17,-2.26458245189674e-17,4.1726890401553036e-16,0.0,8.345378080310607e-14,1.0
28.16,0.0,0.0,0.0,0.0,2.6276941250272263e-17,-2.4380673791630122e-17,3.682191563695133e-16,0.0,7.364383127390267e-14,1.0
28.17,0.0,0.0,0.0,0.0,2.5208358202604534e-17,-2.2782899037091418e-17,3.5044309143694516e-16,0.0,7.008861828738904e-14,1.0
28.18,0.0,0.0,0.0,0.0,1.608482665972973e-17,-3.071421721701953e-17,3.9704359333918316e-16,0.0,7.940871866783663e-14,1.0
28.19,0.0,0.0,0.0,0.0,1.1550354462257064e-17,-2.510870249089072e-17,4.4322015509637327e-16,0.0,8.864403101927465e-14,1.0
28.2,0.0,0.0,0.0,0.0,2.0083261171730336e-17,-1.7191611653211597e-17,4.498529970887514e-16,0.0,8.997059941775027e-14,1.0
28.21,0.0,0.0,0.0,0.0,5.750039912021613e-18,-6.267345724661476e-18,4.651213265160474e-16,0.0,9.302426530320948e-14,1.0
28.22,0.0,0.0,0.0,0.0,6.694635158298592e-18,-6.363106782987455e-18,4.728482582961646e-16,0.0,9.456965165923291e-14,1.0
28.23,0.0,0.0,0.0,0.0,9.463152338349866e-18,-4.7365961891388155e-18,4.107661171134124e-16,0.0,8.215322342268248e-14,1.0
28.240000000000002,0.0,0.0,0.0,0.0,1.0797821353082675e-17,-8.808564727562268e-18,3.861598228638189e-16,0.0,7.723196457276377e-14,1.0
28.25,0.0,0.0,0.0,0.0,1.6102178489680007e-17,-9.614431669365861e-18,3.780684065857041e-16,0.0,7.561368131714082e-14,1.0
28.26,0.0,0.0,0.0,0.0,2.363569015666235e-17,-2.4018924822991658e-17,4.358911478824111e-16,0.0,8.717822957648222e-14,1.0
28.27,0.0,0.0,0.0,0.0,1.7867377505813777e-17,-2.151508877952476e-17,4.71656503175529e-16,0.0,9.43313006351058e-14,1.0
28.28,0.0,0.0,0.0,0.0,8.281465605185175e-18,-1.1827203778117034e-17,4.719652326550421e-16,0.0,9.439304653100841e-14,1.0
28.29,0.0,0.0,0.0,0.0,1.3282431530686619e-17,-9.573667136599386e-18,5.2016980755637305e-16,0.0,1.0403396151127461e-13,1.0
28.3,0.0,0.0,0.0,0.0,1.449781876982338e-17,-8.918627182271511e-18,5.225615931551719e-16,0.0,1.0451231863103439e-13,1.0
28.310000000000002,0.0,0.0,0.0,0.0,1.6457860118488656e-17,-8.709890254327638e-18,5.179654483910842e-16,0.0,1.0359308967821684e-13,1.0
28.32,0.0,0.0,0.0,0.0,1.774439238327533e-17,-1.0053877332713e-17,5.00204414799626e-16,0.0,1.0004088295992519e-13,1.0
28.330000000000002,0.0,0.0,0.0,0.0,1.7870722885266663e-17,-1.1420043195751262e-17,4.980696795951798e-16,0.0,9.961393591903596e-14,1.0
28.34,0.0,0.0,0.0,0.0,1.571825695147235e-17,-1.117394199630046e-17,5.629618091016254e-16,0.0,1.1259236182032508e-13,1.0
28.35,0.0,0.0,0.0,0.0,1.7878098318592276e-17,-1.2687289916598467e-17,5.005312818223042e-16,0.0,1.0010625636446084e-13,1.0
28.36,0.0,0.0,0.0,0.0,1.0322593660648343e-17,3.614380970905539e-18,4.18504908873315e-16,0.0,8.370098177466299e-14,1.0
28.37,0.0,0.0,0.0,0.0,2.142140881771838e-17,2.168805360949479e-18,3.76169240298251e-16,0.0,7.52338480596502e-14,1.0
28.38,0.0,0.0,0.0,0.0,2.4285016869855262e-17,-1.1941378224351157e-17,3.9281335827350194e-16,0.0,7.856267165470038e-14,1.0
28.39,0.0,0.0,0.0,0.0,2.1221830311651947e-17,-1.1112084590112509e-17,4.1097151804800113e-16,0.0,8.219430360960022e-14,1.0
28.400000000000002,0.0,0.0,0.0,0.0,1.9051088265470336e-17,-8.849711781587145e-18,4.696877539285668e-16,0.0,9.393755078571336e-14,1.0
28.41,0.0,0.0,0.0,0.0,7.19967032080648e-18,-8.5346437472127e-18,4.835375100671945e-16,0.0,9.67075020134389e-14,1.0
28.42,0.0,0.0,0.0,0.0,2.932155904375936e-19,5.017439830152822e-18,4.943689696066286e-16,0.0,9.887379392132571e-14,1.0
28.43,0.0,0.0,0.0,0.0,5.878607919183152e-19,1.1063691754202978e-19,5.956582546135687e-16,0.0,1.1913165092271375e-13,1.0
28.44,0.0,0.0,0.0,0.0,-8.081616286243834e-19,1.2088126573621114e-18,6.689471401414265e-16,0.0,1.337894280282853e-13,1.0
28.45,0.0,0.0,0.0,0.0,-1.141654861883082e-17,4.646439904835847e-18,8.130498679897027e-16,0.0,1.6260997359794054e-13,1.0
28.46,0.0,0.0,0.0,0.0,-1.0037147183686296e-17,6.455107716873303e-18,8.797643196426712e-16,0.0,1.7595286392853424e-13,1.0
28.47,0.0,0.0,0.0,0.0,-1.285463091027617e-17,3.1093911379406396e-18,7.55086486744281e-16,0.0,1.510172973488562e-13,1.0
28.48,0.0,0.0,0.0,0.0,-5.802691071675149e-18,7.712274211693316e-18,8.144128583068913e-16,0.0,1.6288257166137826e-13,1.0
28.490000000000002,0.0,0.0,0.0,0.0,4.175021900991778e-19,4.31509604739161e-18,8.710737529619202e-16,0.0,1.7421475059238401e-13,1.0
28.5,0.0,0.0,0.0,0.0,-1.4340975715422718e-17,1.8433492331681505e-17,8.985481325353886e-16,0.0,1.7970962650707772e-13,1.0
28.51,0.0,0.0,0.0,0.0,-8.456279221852819e-18,1.0849255309533535e-17,8.454918496117184e-16,0.0,1.6909836992234368e-13,1.0
28.52,0.0,0.0,0.0,0.0,-6.8986306820376035e-18,8.471358177901537e-18,8.048537194327233e-16,0.0,1.6097074388654465e-13,1.0
28.53,0.0,0.0,0.0,0.0,-5.941713546103442e-18,6.98543069126979e-18,7.680689086786564e-16,0.0,1.5361378173573127e-13,1.0
28.54,0.0,0.0,0.0,0.0,-5.156741298308658e-18,4.784225465559737e-18,6.786188223617487e-16,0.0,1.3572376447234972e-13,1.0
28.55,0.0,0.0,0.0,0.0,-3.794693713805518e-18,4.140520023658374e-18,6.159375096799843e-16,0.0,1.2318750193599686e-13,1.0
28.560000000000002,0.0,0.0,0.0,0.0,-3.1729887264971062e-18,5.459677493343185e-18,5.966547768555602e-16,0.0,1.1933095537111202e-13,1.0
28.57,0.0,0.0,0.0,0.0,3.0421246596326973e-18,-2.3894589534162115e-18,6.395788597877878e-16,0.0,1.2791577195755754e-13,1.0
28.580000000000002,0.0,0.0,0.0,0.0,2.8043776792618927e-18,4.765350157565173e-18,6.440343652655278e-16,0.0,1.2880687305310555e-13,1.0
28.59,0.0,0.0,0.0,0.0,-5.925444739063188e-18,1.0349542076964231e-17,6.190529411257539e-16,0.0,1.238105882251508e-13,1.0
28.6,0.0,0.0,0.0,0.0,-1.209700784871175e-17,1.2138380981237971e-17,5.442326916869345e-16,0.0,1.0884653833738689e-13,1.0
28.61,0.0,0.0,0.0,0.0,3.8829450741901995e-18,4.1481233542867654e-18,4.294723530982417e-16,0.0,8.589447061964834e-14,1.0
28.62,0.0,0.0,0.0,0.0,-1.002978690775288e-17,6.012681721875455e-18,3.2232268659879213e-16,0.0,6.446453731975843e-14,1.0
28.63,0.0,0.0,0.0,0.0,1.0859832658490693e-17,-1.5168112061103205e-17,1.977566647461968e-16,0.0,3.9551332949239356e-14,1.0
28.64,0.0,0.0,0.0,0.0,4.516614460612353e-18,-1.0889991469361992e-17,1.3325602274040373e-16,0.0,2.6651204548080747e-14,1.0
28.650000000000002,0.0,0.0,0.0,0.0,3.84690888998059e-18,-9.279647666049888e-18,8.265343742198756e-17,0.0,1.653068748439751e-14,1.0
28.66,0.0,0.0,0.0,0.0,1.8586505689093407e-18,-5.315478444999258e-18,1.1108142292797806e-16,0.0,2.221628458559561e-14,1.0
28.67,0.0,0.0,0.0,0.0,3.02376942477759e-18,-3.96301406031083e-18,3.524254014784297e-17,0.0,7.048508029568594e-15,1.0
28.68,0.0,0.0,0.0,0.0,-6.8293393622312225e-18,-4.516266154594222e-18,4.407631160786499e-17,0.0,8.815262321572998e-15,1.0
28.69,0.0,0.0,0.0,0.0,4.63720969642784e-18,-3.885281264546347e-18,1.2554398617829026e-16,0.0,2.510879723565805e-14,1.0
28.7,0.0,0.0,0.0,0.0,8.878440284624205e-19,-1.6714893170545887e-17,1.8020103753516252e-16,0.0,3.6040207507032506e-14,1.0
28.71,0.0,0.0,0.0,0.0,7.798546413915297e-18,-3.779339645493242e-18,3.162465548813682e-16,0.0,6.324931097627364e-14,1.0
28.72,0.0,0.0,0.0,0.0,8.430017237304959e-18,-2.7603539591192354e-18,3.7770887316522164e-16,0.0,7.554177463304432e-14,1.0
28.73,0.0,0.0,0.0,0.0,1.7725158341879615e-17,-1.0854942365540555e-17,4.284880682975881e-16,0.0,8.569761365951762e-14,1.0
28.740000000000002,0.0,0.0,0.0,0.0,1.3173112865105848e-17,-9.912805252895543e-18,3.7927795217104406e-16,0.0,7.585559043420881e-14,1.0
28.75,0.0,0.0,0.0,0.0,1.0440055533932776e-17,-9.985312598799991e-19,3.9862437705875574e-16,0.0,7.972487541175115e-14,1.0
28.76,0.0,0.0,0.0,0.0,-3.48473993532972e-18,1.799192443688525e-18,2.9009945077952185e-16,0.0,5.801989015590437e-14,1.0
28.77,0.0,0.0,0.0,0.0,-4.930314405526609e-18,-5.803163734375e-18,2.587671560478554e-16,0.0,5.175343120957108e-14,1.0
28.78,0.0,0.0,0.0,0.0,-5.613496852619531e-18,4.5824933919380285e-18,2.2170945184298737e-16,0.0,4.434189036859747e-14,1.0
28.79,0.0,0.0,0.0,0.0,-5.789465385530875e-18,4.249152118427897e-18,1.8392225671487775e-16,0.0,3.678445134297555e-14,1.0
28.8,0.0,0.0,0.0,0.0,-1.3993254117801473e-17,1.4753815455956538e-18,2.1208788971858679e-16,0.0,4.2417577943717354e-14,1.0
28.810000000000002,0.0,0.0,0.0,0.0,-1.1438766803703344e-17,-2.642655817079426e-18,2.8590661496548907e-16,0.0,5.718132299309782e-14,1.0
28.82,0.0,0.0,0.0,0.0,-8.468961907117744e-18,-5.34517219295279e-18,3.7748382137950885e-16,0.0,7.549676427590176e-14,1.0
28.830000000000002,0.0,0.0,0.0,0.0,9.894343735454452e-18,-1.2584414080383111e-18,4.759644108018877e-16,0.0,9.519288216037754e-14,1.0
28.84,0.0,0.0,0.0,0.0,3.3657749359907585e-18,-1.1643323847330385e-17,3.860807198518668e-16,0.0,7.721614397037336e-14,1.0
28.85,0.0,0.0,0.0,0.0,6.590260246589941e-18,-1.0692672500535845e-17,5.073975540383277e-16,0.0,1.0147951080766554e-13,1.0
28.86,0.0,0.0,0.0,0.0,4.8776393741227974e-18,-8.86075590793445e-19,5.062863936302123e-16,0.0,1.0125727872604246e-13,1.0
28.87,0.0,0.0,0.0,0.0,1.4820018573434045e-17,-1.2324268066738693e-18,5.71340387607347e-16,0.0,1.1426807752146938e-13,1.0
28.88,0.0,0.0,0.0,0.0,2.199440430054655e-18,-1.0701136169547288e-17,5.3481149957327e-16,0.0,1.0696229991465399e-13,1.0
28.89,0.0,0.0,0.0,0.0,1.3688871973430252e-17,-1.261964066069759e-17,4.618945249132242e-16,0.0,9.237890498264484e-14,1.0
28.900000000000002,0.0,0.0,0.0,0.0,-1.3447571245730942e-17,-5.607851265770099e-18,3.8534670658853733e-16,0.0,7.706934131770746e-14,1.0
28.91,0.0,0.0,0.0,0.0,-2.8527281653448668e-18,4.863543704324341e-18,4.057383909397766e-16,0.0,8.114767818795533e-14,1.0
28.92,0.0,0.0,0.0,0.0,-2.716445173572156e-18,6.917190105405395e-18,3.640935222123153e-16,0.0,7.281870444246306e-14,1.0
28.93,0.0,0.0,0.0,0.0,-2.4956997995651833e-18,7.12241758870977e-18,3.4860382164880014e-16,0.0,6.972076432976002e-14,1.0
28.94,0.0,0.0,0.0,0.0,-1.9130734460298744e-18,1.5173336181329577e-17,3.464899554161041e-16,0.0,6.929799108322082e-14,1.0
28.95,0.0,0.0,0.0,0.0,-3.9527113696054165e-18,1.424597176130326e-17,2.6690278645789113e-16,0.0,5.338055729157822e-14,1.0
28.96,0.0,0.0,0.0,0.0,-4.8946021544751075e-18,1.1063581094124082e-17,2.2602699857242716e-16,0.0,4.520539971448543e-14,1.0
28.97,0.0,0.0,0.0,0.0,-1.6000587786197772e-17,1.0316986824435943e-17,3.2809473322493237e-16,0.0,6.561894664498647e-14,1.0
28.98,0.0,0.0,0.0,0.0,-9.89865573675487e-18,2.7124520741389247e-18,3.5296417887054964e-16,0.0,7.059283577410993e-14,1.0
28.990000000000002,0.0,0.0,0.0,0.0,6.382715337778215e-19,-6.7643674304578495e-18,3.6909753686410107e-16,0.0,7.381950737282021e-14,1.0
29.0,0.0,0.0,0.0,0.0,8.4590153222941495e-19,-5.96539774658615e-18,3.8394115142958293e-16,0.0,7.678823028591659e-14,1.0
29.01,0.0,0.0,0.0,0.0,2.168684357426078e-18,-5.5133952931908085e-18,4.3707950671418206e-16,0.0,8.741590134283641e-14,1.0
29.02,0.0,0.0,0.0,0.0,4.027433620121104e-18,-5.328345628277063e-18,5.126510537004054e-16,0.0,1.0253021074008107e-13,1.0
29.03,0.0,0.0,0.0,0.0,5.204466034637516e-18,-9.932030498272315e-18,5.746967998161913e-16,0.0,1.1493935996323825e-13,1.0
29.04,0.0,0.0,0.0,0.0,7.339092305536579e-18,-9.774021601530358e-18,6.655900598200571e-16,0.0,1.3311801196401143e-13,1.0
29.05,0.0,0.0,0.0,0.0,8.411483027364116e-18,-8.312270827860858e-18,7.295444292208484e-16,0.0,1.4590888584416967e-13,1.0
29.060000000000002,0.0,0.0,0.0,0.0,1.3753088974690691e-17,-9.198154147117676e-18,8.313934548207882e-16,0.0,1.6627869096415763e-13,1.0
29.07,0.0,0.0,0.0,0.0,1.1130565951572208e-17,-1.1044218220447364e-17,8.765555790449736e-16,0.0,1.7531111580899473e-13,1.0
29.080000000000002,0.0,0.0,0.0,0.0,8.618044854105358e-18,-1.1842496061218121e-17,9.208272228481775e-16,0.0,1.841654445696355e-13,1.0
29.09,0.0,0.0,0.0,0.0,2.027068059868098e-17,-2.3593189019246523e-17,8.856215097471962e-16,0.0,1.7712430194943924e-13,1.0
29.1,0.0,0.0,0.0,0.0,1.7894240729366286e-17,-2.228925532801092e-17,8.860925440655845e-16,0.0,1.772185088131169e-13,1.0
29.11,0.0,0.0,0.0,0.0,1.7056047578558593e-17,-2.1237520408217095e-17,8.955977921994485e-16,0.0,1.791195584398897e-13,1.0
29.12,0.0,0.0,0.0,0.0,1.730199010297877e-17,-2.002619053180992e-17,8.981173758270335e-16,0.0,1.796234751654067e-13,1.0
29.13,0.0,0.0,0.0,0.0,1.9203823808505085e-17,-1.752175993424997e-17,8.983706036215128e-16,0.0,1.7967412072430257e-13,1.0
29.14,0.0,0.0,0.0,0.0,9.738696156904347e-18,-1.109321010742447e-17,8.746845047362581e-16,0.0,1.7493690094725162e-13,1.0
29.150000000000002,0.0,0.0,0.0,0.0,1.0691615001407989e-17,-1.0115912251465339e-17,8.776404652027439e-16,0.0,1.7552809304054878e-13,1.0
29.16,0.0,0.0,0.0,0.0,1.2344761168493041e-17,-8.821710764719629e-18,8.906743489765783e-16,0.0,1.7813486979531568e-13,1.0
29.17,0.0,0.0,0.0,0.0,1.2103618955568557e-17,-8.732965740108068e-18,8.775880155226186e-16,0.0,1.7551760310452372e-13,1.0
29.18,0.0,0.0,0.0,0.0,1.363173947237029e-17,-4.328146811400314e-18,7.985692337880481e-16,0.0,1.597138467576096e-13,1.0
29.19,0.0,0.0,0.0,0.0,1.1560170328212678e-17,-5.2439406578175765e-18,7.613788460599292e-16,0.0,1.5227576921198584e-13,1.0
29.2,0.0,0.0,0.0,0.0,8.841309258699958e-18,-8.746903109139762e-18,8.491966785597533e-16,0.0,1.6983933571195064e-13,1.0
29.21,0.0,0.0,0.0,0.0,5.0924506561640734e-18,-4.5738667098677465e-18,8.464915629887675e-16,0.0,1.6929831259775348e-13,1.0
29.22,0.0,0.0,0.0,0.0,2.413094281131125e-17,-2.3833938367787545e-17,8.294763044796141e-16,0.0,1.658952608959228e-13,1.0
29.23,0.0,0.0,0.0,0.0,2.8495716163585997e-17,-3.0159828160821496e-17,8.414494135494386e-16,0.0,1.6828988270988772e-13,1.0
29.240000000000002,0.0,0.0,0.0,0.0,2.2607452067152254e-17,-2.6594271007404024e-17,8.348783962348678e-16,0.0,1.6697567924697356e-13,1.0
29.25,0.0,0.0,0.0,0.0,2.0279247180903983e-17,-2.6689349649539596e-17,7.843116311563357e-16,0.0,1.5686232623126713e-13,1.0
29.26,0.0,0.0,0.0,0.0,1.5707079191063142e-17,-2.158756908682145e-17,7.922495534876179e-16,0.0,1.5844991069752359e-13,1.0
29.27,0.0,0.0,0.0,0.0,1.891641423619499e-17,-2.1586154103108176e-17,8.569811905645706e-16,0.0,1.7139623811291413e-13,1.0
29.28,0.0,0.0,0.0,0.0,1.8780967348426548e-17,-1.6845400654500718e-17,7.517643336407195e-16,0.0,1.503528667281439e-13,1.0
29.29,0.0,0.0,0.0,0.0,1.745587239659719e-17,-3.0185583880448933e-17,7.098175489603117e-16,0.0,1.4196350979206234e-13,1.0
29.3,0.0,0.0,0.0,0.0,1.6093570757972395e-17,-1.5959605352616038e-17,6.6782310138894e-16,0.0,1.33564620277788e-13,1.0
29.310000000000002,0.0,0.0,0.0,0.0,1.4983756907173363e-17,-1.8536056750773716e-17,6.63661880294525e-16,0.0,1.32732376058905e-13,1.0
29.32,0.0,0.0,0.0,0.0,1.4314857940946516e-17,-1.8715104038898403e-17,6.109429163213335e-16,0.0,1.221885832642667e-13,1.0
29.330000000000002,0.0,0.0,0.0,0.0,1.2529885650714406e-17,-3.36019495253788e-17,5.519185898265317e-16,0.0,1.1038371796530634e-13,1.0
29.34,0.0,0.0,0.0,0.0,1.3698949877492229e-17,-1.7821849941920713e-17,5.134873011414083e-16,0.0,1.0269746022828166e-13,1.0
29.35,0.0,0.0,0.0,0.0,1.6262100019770573e-17,-2.7056948907594697e-17,5.170861414380964e-16,0.0,1.0341722828761928e-13,1.0
29.36,0.0,0.0,0.0,0.0,1.5655954848492633e-18,-1.3518944423091837e-17,4.883712593818893e-16,0.0,9.767425187637785e-14,1.0
29.37,0.0,0.0,0.0,0.0,2.282158805740486e-17,-1.941540098018913e-17,4.1214881656149215e-16,0.0,8.242976331229843e-14,1.0
29.38,0.0,0.0,0.0,0.0,1.6191793600611104e-17,-2.3763204776234842e-17,3.3474702398409266e-16,0.0,6.694940479681853e-14,1.0
29.39,0.0,0.0,0.0,0.0,1.5915307017770385e-17,-1.5344046783161484e-17,3.1532223942581907e-16,0.0,6.306444788516381e-14,1.0
29.400000000000002,0.0,0.0,0.0,0.0,8.694248881134592e-19,-1.5296771395978254e-17,2.481205481106729e-16,0.0,4.962410962213458e-14,1.0
29.41,0.0,0.0,0.0,0.0,7.757704305438084e-18,-1.505344011743992e-17,2.429951327850408e-16,0.0,4.8599026557008154e-14,1.0
29.42,0.0,0.0,0.0,0.0,3.612560354086989e-18,-9.437988355048203e-18,1.9659908904218458e-16,0.0,3.9319817808436916e-14,1.0
29.43,0.0,0.0,0.0,0.0,1.7112997958419646e-17,-1.331188119694775e-17,1.2777199978248764e-16,0.0,2.555439995649753e-14,1.0
29.44,0.0,0.0,0.0,0.0,1.4215374421324822e-17,-1.2454250405867925e-17,6.862557022307622e-17,0.0,1.3725114044615244e-14,1.0
29.45,0.0,0.0,0.0,0.0,5.1668832981901275e-18,-1.285360144572701e-17,1.0894413580439097e-16,0.0,2.1788827160878195e-14,1.0
29.46,0.0,0.0,0.0,0.0,8.476835936852648e-18,-9.741200472112312e-18,1.3911295053551689e-16,0.0,2.7822590107103376e-14,1.0
29.47,0.0,0.0,0.0,0.0,5.635997117372868e-18,-1.2077212754994838e-17,2.2843583722445175e-16,0.0,4.568716744489035e-14,1.0
29.48,0.0,0.0,0.0,0.0,5.5661429303979955e-18,-1.3508347112170812e-17,2.7979500173731586e-16,0.0,5.595900034746317e-14,1.0
29.490000000000002,0.0,0.0,0.0,0.0,-1.3623652114080388e-17,-3.256160784967809e-17,3.6368458168953337e-16,0.0,7.273691633790668e-14,1.0
29.5,0.0,0.0,0.0,0.0,-5.4479730113046825e-18,-2.8228382347473226e-17,3.469087493329448e-16,0.0,6.938174986658896e-14,1.0
29.51,0.0,0.0,0.0,0.0,-7.567275878476913e-18,-3.905534142205407e-18,3.6518725255955656e-16,0.0,7.30374505119113e-14,1.0
29.52,0.0,0.0,0.0,0.0,-8.00185537050989e-19,-2.812021924102867e-17,3.7339834782442725e-16,0.0,7.467966956488545e-14,1.0
29.53,0.0,0.0,0.0,0.0,5.4405258142225e-19,-5.677528617677591e-18,4.429904962711591e-16,0.0,8.859809925423182e-14,1.0
29.54,0.0,0.0,0.0,0.0,4.673244786465146e-19,-3.944962099199152e-18,5.039525025170801e-16,0.0,1.0079050050341602e-13,1.0
29.55,0.0,0.0,0.0,0.0,-5.687283415659401e-19,-3.42147507555649e-18,5.676245645465865e-16,0.0,1.1352491290931731e-13,1.0
29.560000000000002,0.0,0.0,0.0,0.0,-8.966664636042314e-19,-3.273360927808547e-18,6.193618791495957e-16,0.0,1.2387237582991915e-13,1.0
29.57,0.0,0.0,0.0,0.0,6.204922615402356e-19,-6.548132748588076e-18,5.660273229626544e-16,0.0,1.1320546459253088e-13,1.0
29.580000000000002,0.0,0.0,0.0,0.0,2.4018531779597407e-18,-1.1828660364148934e-18,4.909208689569839e-16,0.0,9.818417379139679e-14,1.0
29.59,0.0,0.0,0.0,0.0,3.289388975824279e-18,-1.3782580114055613e-17,4.4142253081077617e-16,0.0,8.828450616215523e-14,1.0
29.6,0.0,0.0,0.0,0.0,4.88596143136186e-18,-1.591114604893043e-17,3.5974775634479494e-16,0.0,7.194955126895898e-14,1.0
29.61,0.0,0.0,0.0,0.0,2.1910811326812437e-17,-1.7192797053519263e-17,3.5876271064927654e-16,0.0,7.175254212985531e-14,1.0
29.62,0.0,0.0,0.0,0.0,4.687261810507892e-18,-3.009716979010289e-17,4.02261834956835e-16,0.0,8.0452366991367e-14,1.0
29.63,0.0,0.0,0.0,0.0,8.567489865928554e-18,-2.335694866003573e-17,4.069705437290858e-16,0.0,8.139410874581716e-14,1.0
29.64,0.0,0.0,0.0,0.0,-8.665255711781111e-19,-2.972659325817132e-17,4.301222673852805e-16,0.0,8.60244534770561e-14,1.0
29.650000000000002,0.0,0.0,0.0,0.0,1.0850463492836611e-18,-2.860649891547224e-17,3.8916939199472027e-16,0.0,7.783387839894405e-14,1.0
29.66,0.0,0.0,0.0,0.0,8.585643308713542e-19,-9.281455810405003e-18,3.9573128979112545e-16,0.0,7.914625795822508e-14,1.0
29.67,0.0,0.0,0.0,0.0,1.525569243185491e-17,-1.4969289274498968e-17,3.7732383034256234e-16,0.0,7.546476606851247e-14,1.0
29.68,0.0,0.0,0.0,0.0,2.6696272715599016e-19,-7.089602419579275e-18,4.465993349830699e-16,0.0,8.931986699661398e-14,1.0
29.69,0.0,0.0,0.0,0.0,5.276978640509828e-18,-3.131149287458476e-17,4.282336869515698e-16,0.0,8.564673739031396e-14,1.0
29.7,0.0,0.0,0.0,0.0,4.0505322569482536e-19,-6.804377809192993e-18,4.50206313159067e-16,0.0,9.00412626318134e-14,1.0
29.71,0.0,0.0,0.0,0.0,-1.2223549156751665e-18,-6.896789928495531e-18,4.913633000447242e-16,0.0,9.827266000894484e-14,1.0
29.72,0.0,0.0,0.0,0.0,-3.2713209114058334e-18,-6.34459835412315e-18,5.574925665108208e-16,0.0,1.1149851330216416e-13,1.0
29.73,0.0,0.0,0.0,0.0,-3.717599628105084e-18,-4.865393363345596e-18,6.191217297444749e-16,0.0,1.2382434594889497e-13,1.0
29.740000000000002,0.0,0.0,0.0,0.0,-1.9638323587602884e-18,-4.508055548016725e-18,6.274891443818991e-16,0.0,1.2549782887637982e-13,1.0
29.75,0.0,0.0,0.0,0.0,6.70306430435363e-19,5.1557518089071835e-18,6.31114888426052e-16,0.0,1.262229776852104e-13,1.0
29.76,0.0,0.0,0.0,0.0,1.3656349593426331e-18,5.552080526571497e-18,6.792671385632114e-16,0.0,1.3585342771264227e-13,1.0
29.77,0.0,0.0,0.0,0.0,1.3074960763632475e-18,4.105940320492146e-18,6.792010788194228e-16,0.0,1.3584021576388456e-13,1.0
29.78,0.0,0.0,0.0,0.0,2.4838477974429388e-18,1.5100147093302279e-18,6.34495422568051e-16,0.0,1.268990845136102e-13,1.0
29.79,0.0,0.0,0.0,0.0,4.311491194830857e-18,-2.675875228552031e-18,5.309897053215638e-16,0.0,1.0619794106431275e-13,1.0
29.8,0.0,0.0,0.0,0.0,4.4218729179296305e-18,-6.400966497856417e-18,4.462509455096452e-16,0.0,8.925018910192904e-14,1.0
29.810000000000002,0.0,0.0,0.0,0.0,1.509502529747015e-17,-7.47052097399332e-18,3.8246204738164457e-16,0.0,7.64924094763289e-14,1.0
29.82,0.0,0.0,0.0,0.0,1.6971967450961372e-17,-2.0212156917555637e-17,4.1739252155045513e-16,0.0,8.347850431009103e-14,1.0
29.830000000000002,0.0,0.0,0.0,0.0,1.5670084892296122e-17,-1.873874668925825e-17,4.008253389626395e-16,0.0,8.01650677925279e-14,1.0
29.84,0.0,0.0,0.0,0.0,1.2474581742748338e-18,-1.1755514875993153e-17,4.078312939793976e-16,0.0,8.156625879587953e-14,1.0
29.85,0.0,0.0,0.0,0.0,-6.23908447529099e-19,-8.581323843838402e-18,4.762130488474124e-16,0.0,9.524260976948249e-14,1.0
29.86,0.0,0.0,0.0,0.0,1.261457218626642e-17,-1.2991192922211435e-17,4.779227779040477e-16,0.0,9.558455558080955e-14,1.0
29.87,0.0,0.0,0.0,0.0,-3.2807494551764216e-20,-1.0442448909136524e-18,3.889253710387287e-16,0.0,7.778507420774573e-14,1.0
29.88,0.0,0.0,0.0,0.0,5.352790301866094e-19,-5.824534805130336e-19,4.105088756718204e-16,0.0,8.210177513436408e-14,1.0
29.89,0.0,0.0,0.0,0.0,2.7596806435074376e-18,-9.917745308570609e-18,3.82115026473218e-16,0.0,7.64230052946436e-14,1.0
29.900000000000002,0.0,0.0,0.0,0.0,7.805139653637408e-18,5.1352501926843325e-18,3.893712937464317e-16,0.0,7.787425874928634e-14,1.0
29.91,0.0,0.0,0.0,0.0,1.777300304128451e-17,3.476126628176679e-18,3.266234951824324e-16,0.0,6.532469903648648e-14,1.0
29.92,0.0,0.0,0.0,0.0,1.3050970789031193e-17,-2.934434824431119e-18,2.7772373147473377e-16,0.0,5.5544746294946756e-14,1.0
29.93,0.0,0.0,0.0,0.0,1.2925320140010894e-17,-3.979393506466082e-18,2.343875174035878e-16,0.0,4.6877503480717554e-14,1.0
29.94,0.0,0.0,0.0,0.0,1.4194952648960732e-17,-1.6996070944681183e-17,2.692907212031098e-16,0.0,5.385814424062196e-14,1.0
29.95,0.0,0.0,0.0,0.0,8.966758131356723e-18,-1.3490529560848055e-17,3.708197923826396e-16,0.0,7.416395847652792e-14,1.0
29.96,0.0,0.0,0.0,0.0,8.734458426747964e-18,-1.3700589811971367e-17,3.5879725911606073e-16,0.0,7.175945182321214e-14,1.0
29.97,0.0,0.0,0.0,0.0,-5.199407410847245e-18,-1.0376123768997507e-18,3.3189581910665747e-16,0.0,6.637916382133149e-14,1.0
29.98,0.0,0.0,0.0,0.0,-2.357385250666254e-18,-5.22097544107795e-18,2.220827573621866e-16,0.0,4.4416551472437314e-14,1.0
29.990000000000002,0.0,0.0,0.0,0.0,-3.975197819057763e-19,-5.732243307772598e-18,1.9700705572738338e-16,0.0,3.940141114547667e-14,1.0
30.0,0.0,0.0,0.0,0.0,2.348082168094774e-19,-2.3044726060143028e-17,2.097930827858014e-16,0.0,4.195861655716028e-14,1.0
30.01,0.0,0.0,0.0,0.0,-4.879909413774311e-19,-2.0041427313384608e-17,2.5517149809197167e-16,0.0,5.103429961839433e-14,1.0
30.02,0.0,0.0,0.0,0.0,-1.2355307491006902e-19,-2.023533943052035e-17,2.193226858421445e-16,0.0,4.38645371684289e-14,1.0
30.03,0.0,0.0,0.0,0.0,2.1353333966730984e-18,-2.592213976946694e-18,1.3430029661178226e-16,0.0,2.686005932235645e-14,1.0
30.04,0.0,0.0,0.0,0.0,7.12457039133419e-19,-2.3319113695666763e-17,1.4674403703132325e-16,0.0,2.934880740626465e-14,1.0
30.05,0.0,0.0,0.0,0.0,6.031493791272277e-18,-1.763111259962843e-17,1.388266108492022e-16,0.0,2.776532216984044e-14,1.0
30.060000000000002,0.0,0.0,0.0,0.0,2.2441717748911318e-17,3.534897123463995e-19,1.0765843397320316e-16,0.0,2.153168679464063e-14,1.0
30.07,0.0,0.0,0.0,0.0,2.074714584126144e-17,-1.7145976945314192e-18,6.30877532342893e-17,0.0,1.261755064685786e-14,1.0
30.080000000000002,0.0,0.0,0.0,0.0,1.3472106133358609e-17,-1.6211759426335998e-17,1.016428212816116e-16,0.0,2.032856425632232e-14,1.0
30.09,0.0,0.0,0.0,0.0,7.548946292907022e-18,-1.1213434240879702e-17,1.1030605588629178e-16,0.0,2.2061211177258354e-14,1.0
30.1,0.0,0.0,0.0,0.0,-1.9769519212590933e-18,-1.8623456126452464e-17,1.3359379335594768e-16,0.0,2.6718758671189536e-14,1.0
30.11,0.0,0.0,0.0,0.0,-4.3110159598776564e-18,-1.6915311991311796e-17,2.2009804560664358e-16,0.0,4.401960912132871e-14,1.0
30.12,0.0,0.0,0.0,0.0,-8.424783363999708e-18,5.4968774302595035e-18,1.8449413987912226e-16,0.0,3.689882797582445e-14,1.0
30.13,0.0,0.0,0.0,0.0,4.575396164116118e-18,2.8619034091676075e-18,1.0600120227342289e-16,0.0,2.1200240454684578e-14,1.0
30.14,0.0,0.0,0.0,0.0,1.1303843280076652e-18,-3.101666833137699e-19,1.0924244506779405e-16,0.0,2.184848901355881e-14,1.0
30.150000000000002,0.0,0.0,0.0,0.0,7.407109265437025e-18,-2.444521084157455e-17,8.353179303975866e-17,0.0,1.6706358607951732e-14,1.0
30.16,0.0,0.0,0.0,0.0,4.2642354284322865e-18,-3.256933365171924e-18,5.0666512910639373e-17,0.0,1.0133302582127874e-14,1.0
30.17,0.0,0.0,0.0,0.0,3.987979736173441e-18,-3.1616677772631753e-18,4.9103982209525055e-17,0.0,9.82079644190501e-15,1.0
30.18,0.0,0.0,0.0,0.0,1.9295969649615863e-17,-1.8442054772242526e-17,1.1527495775075015e-16,0.0,2.305499155015003e-14,1.0
30.19,0.0,0.0,0.0,0.0,1.4618223655535173e-17,-1.3987691984115515e-17,1.656886554814695e-16,0.0,3.31377310962939e-14,1.0
30.2,0.0,0.0,0.0,0.0,1.5629532080876234e-17,-1.3361097452862288e-17,2.2245631309030767e-16,0.0,4.4491262618061533e-14,1.0
30.21,0.0,0.0,0.0,0.0,1.6430644199486806e-17,-1.2874033474665627e-17,2.9001774593580404e-16,0.0,5.80035491871608e-14,1.0
30.22,0.0,0.0,0.0,0.0,1.3739736938773664e-17,-1.3647953049253637e-17,3.0569216895478237e-16,0.0,6.113843379095648e-14,1.0
30.23,0.0,0.0,0.0,0.0,3.0803661607445254e-17,-1.457156314413734e-17,3.462020063072815e-16,0.0,6.92404012614563e-14,1.0
30.240000000000002,0.0,0.0,0.0,0.0,9.906713611700994e-18,-1.2519423461184544e-17,3.2140542907902527e-16,0.0,6.428108581580505e-14,1.0
30.25,0.0,0.0,0.0,0.0,1.020349371665131e-17,-3.126237641024079e-17,3.6605019251553427e-16,0.0,7.321003850310685e-14,1.0
30.26,0.0,0.0,0.0,0.0,9.951071801478264e-18,-1.0803602261159289e-17,3.674631013941388e-16,0.0,7.349262027882775e-14,1.0
30.27,0.0,0.0,0.0,0.0,1.2339251858259166e-17,-2.790412847519177e-17,3.9893445455759743e-16,0.0,7.978689091151948e-14,1.0
30.28,0.0,0.0,0.0,0.0,1.3655972634988075e-17,-2.6345833638075223e-17,4.2096830857139077e-16,0.0,8.419366171427815e-14,1.0
30.29,0.0,0.0,0.0,0.0,3.0652211018213455e-17,-7.95848156210265e-18,4.01319353387575e-16,0.0,8.026387067751501e-14,1.0
30.3,0.0,0.0,0.0,0.0,2.737222744384725e-17,-1.0550501714925574e-17,4.0443731394792595e-16,0.0,8.088746278958519e-14,1.0
30.310000000000002,0.0,0.0,0.0,0.0,3.690353801906376e-17,-1.848430654761768e-18,4.3168071967217496e-16,0.0,8.6336143934435e-14,1.0
30.32,0.0,0.0,0.0,0.0,-2.24873767673573e-18,-3.929110138973415e-17,3.9994223043437234e-16,0.0,7.998844608687447e-14,1.0
30.330000000000002,0.0,0.0,0.0,0.0,1.6833776435292036e-17,-1.7457009020018435e-17,3.483733307369727e-16,0.0,6.967466614739455e-14,1.0
30.34,0.0,0.0,0.0,0.0,9.146573507048093e-18,-2.617638907967415e-17,3.725242986023525e-16,0.0,7.45048597204705e-14,1.0
30.35,0.0,0.0,0.0,0.0,8.505894108943169e-18,-1.0767457964379294e-17,4.2466886665525004e-16,0.0,8.493377333105e-14,1.0
30.36,0.0,0.0,0.0,0.0,2.5721615343319163e-17,-1.1151623488091818e-17,3.776300870111168e-16,0.0,7.552601740222335e-14,1.0
30.37,0.0,0.0,0.0,0.0,1.7993626006405698e-17,-1.966674505870532e-17,3.8608512737671023e-16,0.0,7.721702547534204e-14,1.0
30.38,0.0,0.0,0.0,0.0,9.921188503702284e-18,-2.6738127476336523e-17,3.532786535311275e-16,0.0,7.06557307062255e-14,1.0
30.39,0.0,0.0,0.0,0.0,1.9322013808286717e-17,-1.7456455467265165e-17,3.5106222958069013e-16,0.0,7.021244591613803e-14,1.0
30.400000000000002,0.0,0.0,0.0,0.0,2.65209066107075e-17,-7.230079357463082e-18,2.788356776782738e-16,0.0,5.576713553565476e-14,1.0
30.41,0.0,0.0,0.0,0.0,1.891870104619223e-17,-1.801086299417554e-17,3.346803907532377e-16,0.0,6.693607815064753e-14,1.0
30.42,0.0,0.0,0.0,0.0,8.671786495733387e-18,-8.54685378825655e-18,2.968085883595748e-16,0.0,5.936171767191495e-14,1.0
30.43,0.0,0.0,0.0,0.0,1.734759762255088e-17,-2.0673263262944948e-17,3.3311548310513865e-16,0.0,6.662309662102773e-14,1.0
30.44,0.0,0.0,0.0,0.0,3.3356370077456374e-17,-2.1704894519626864e-18,3.1202028511803996e-16,0.0,6.2404057023608e-14,1.0
30.45,0.0,0.0,0.0,0.0,1.402931289364927e-17,-2.0700905638042742e-17,2.95601208200231e-16,0.0,5.91202416400462e-14,1.0
30.46,0.0,0.0,0.0,0.0,4.375808767870353e-18,-2.68323347040726e-17,2.0416153438670785e-16,0.0,4.0832306877341566e-14,1.0
30.47,0.0,0.0,0.0,0.0,4.593237763696141e-18,-2.4871177227630702e-17,1.6652405592149017e-16,0.0,3.330481118429803e-14,1.0
30.48,0.0,0.0,0.0,0.0,4.878579873612623e-18,-5.665947867437789e-18,1.7041170967189708e-16,0.0,3.408234193437941e-14,1.0
30.490000000000002,0.0,0.0,0.0,0.0,6.269904308837618e-18,-7.10932976274099e-18,1.826726091775744e-16,0.0,3.653452183551488e-14,1.0
30.5,0.0,0.0,0.0,0.0,8.029243139748491e-18,-8.26443497518185e-18,1.8273311779816284e-16,0.0,3.654662355963257e-14,1.0
30.51,0.0,0.0,0.0,0.0,9.434974056739884e-18,-8.582864728252002e-18,1.648455464674117e-16,0.0,3.296910929348234e-14,1.0
30.52,0.0,0.0,0.0,0.0,9.006119065759522e-18,-9.50173783019752e-18,1.9344565848266535e-16,0.0,3.868913169653307e-14,1.0
30.53,0.0,0.0,0.0,0.0,7.78959771261637e-18,-7.655460077234834e-18,1.7719460326873012e-16,0.0,3.5438920653746025e-14,1.0
30.54,0.0,0.0,0.0,0.0,8.458910688792163e-18,-2.6273756708071626e-17,1.5867682893081476e-16,0.0,3.173536578616295e-14,1.0
30.55,0.0,0.0,0.0,0.0,8.591661801015931e-19,2.204792042442314e-18,1.2127809162091825e-16,0.0,2.425561832418365e-14,1.0
30.560000000000002,0.0,0.0,0.0,0.0,1.0666987277108982e-17,-7.091606896619344e-18,1.1923346017110453e-16,0.0,2.3846692034220906e-14,1.0
30.57,0.0,0.0,0.0,0.0,9.908612150357815e-18,-5.7055099540498175e-18,1.4172614105294468e-16,0.0,2.8345228210588935e-14,1.0
30.580000000000002,0.0,0.0,0.0,0.0,1.0337878354482728e-17,-4.137796427103562e-18,1.5842777872098308e-16,0.0,3.168555574419662e-14,1.0
30.59,0.0,0.0,0.0,0.0,1.1492936295856603e-17,-3.435061848901866e-18,1.7928142626210903e-16,0.0,3.5856285252421806e-14,1.0
30.6,0.0,0.0,0.0,0.0,1.1982496846039448e-17,-7.715326635026102e-18,1.03481239839719e-16,0.0,2.06962479679438e-14,1.0
30.61,0.0,0.0,0.0,0.0,2.0612925674210053e-17,-2.856950405474061e-18,9.570280845073533e-17,0.0,1.9140561690147065e-14,1.0
30.62,0.0,0.0,0.0,0.0,9.717679435480284e-18,-1.4166219150724078e-17,1.169883276390591e-16,0.0,2.339766552781182e-14,1.0
30.63,0.0,0.0,0.0,0.0,1.005439375755826e-17,-1.5793794176828928e-17,1.2892807675054487e-16,0.0,2.5785615350108975e-14,1.0
30.64,0.0,0.0,0.0,0.0,9.842471332362026e-18,-1.331393411310202e-17,1.0621265521831046e-16,0.0,2.1242531043662093e-14,1.0
30.650000000000002,0.0,0.0,0.0,0.0,1.1142276069324575e-17,-3.1163215994188066e-17,7.30784611015971e-17,0.0,1.461569222031942e-14,1.0
30.66,0.0,0.0,0.0,0.0,1.041183911246206e-17,-1.0157714374697219e-17,8.157705882269714e-17,0.0,1.6315411764539427e-14,1.0
30.67,0.0,0.0,0.0,0.0,9.481003223438762e-18,-8.932802708514047e-18,9.339885670411225e-17,0.0,1.867977134082245e-14,1.0
30.68,0.0,0.0,0.0,0.0,8.546367912170675e-18,-8.058576598091303e-18,1.1385190463844547e-16,0.0,2.2770380927689092e-14,1.0
30.69,0.0,0.0,0.0,0.0,8.278367415062075e-18,-7.408352966659142e-18,1.2561379558877796e-16,0.0,2.5122759117755593e-14,1.0
30.7,0.0,0.0,0.0,0.0,8.477909383182877e-18,-7.148862765788581e-18,1.3197277188597848e-16,0.0,2.6394554377195693e-14,1.0
30.71,0.0,0.0,0.0,0.0,7.816364036728966e-18,-7.61929286328242e-18,1.6221496644070663e-16,0.0,3.2442993288141325e-14,1.0
30.72,0.0,0.0,0.0,0.0,7.078729849941057e-18,-8.841065200071587e-18,1.868327853744826e-16,0.0,3.7366557074896516e-14,1.0
30.73,0.0,0.0,0.0,0.0,7.44185190938615e-18,-1.0265591472821028e-17,1.8426600444053237e-16,0.0,3.6853200888106474e-14,1.0
30.740000000000002,0.0,0.0,0.0,0.0,7.623722006420318e-18,-1.0316437249177006e-17,2.0179036041809873e-16,0.0,4.0358072083619746e-14,1.0
30.75,0.0,0.0,0.0,0.0,1.1185848084407178e-17,-1.499083253500766e-17,2.6195498648762496e-16,0.0,5.239099729752499e-14,1.0
30.76,0.0,0.0,0.0,0.0,1.1370163337997461e-17,-1.4849451206277052e-17,2.7335106327605025e-16,0.0,5.467021265521005e-14,1.0
30.77,0.0,0.0,0.0,0.0,-6.586270296608891e-18,-1.622223902125501e-17,2.618838463219121e-16,0.0,5.2376769264382417e-14,1.0
30.78,0.0,0.0,0.0,0.0,2.3998882619953856e-18,-6.682481882022397e-18,3.1104686162795777e-16,0.0,6.220937232559155e-14,1.0
30.79,0.0,0.0,0.0,0.0,-9.211817112547151e-19,-1.0295154101782854e-17,2.815957460548697e-16,0.0,5.6319149210973934e-14,1.0
30.8,0.0,0.0,0.0,0.0,1.1412388330131715e-18,-7.756181152709725e-18,2.5186043957397896e-16,0.0,5.037208791479579e-14,1.0
30.810000000000002,0.0,0.0,0.0,0.0,2.5511117714138676e-18,-5.162167632236237e-18,2.5294084234376296e-16,0.0,5.058816846875259e-14,1.0
30.82,0.0,0.0,0.0,0.0,4.441144138365771e-18,-2.2828106010061326e-18,2.7674964416312254e-16,0.0,5.534992883262451e-14,1.0
30.830000000000002,0.0,0.0,0.0,0.0,1.1315234961167209e-18,-3.042448837921603e-18,3.3433171687889967e-16,0.0,6.686634337577993e-14,1.0
30.84,0.0,0.0,0.0,0.0,9.197739696208402e-18,4.041114609335138e-18,3.334173025773646e-16,0.0,6.668346051547292e-14,1.0
30.85,0.0,0.0,0.0,0.0,1.922758222500778e-18,1.49673924728435e-18,2.6269825651280657e-16,0.0,5.253965130256131e-14,1.0
30.86,0.0,0.0,0.0,0.0,2.360337042504194e-18,-1.763319437144309e-18,2.1782064602446231e-16,0.0,4.356412920489246e-14,1.0
30.87,0.0,0.0,0.0,0.0,9.427525742748018e-18,-6.505854168546803e-19,3.050227299255397e-16,0.0,6.100454598510794e-14,1.0
30.88,0.0,0.0,0.0,0.0,1.8381737655429977e-17,-1.9591159551610758e-17,3.0754648561025055e-16,0.0,6.150929712205011e-14,1.0
30.89,0.0,0.0,0.0,0.0,-5.278132067015989e-18,3.7509306959008264e-18,2.81301714473968e-16,0.0,5.62603428947936e-14,1.0
30.900000000000002,0.0,0.0,0.0,0.0,-9.139967560376081e-19,-1.6187666603968726e-18,2.8824488450207665e-16,0.0,5.764897690041532e-14,1.0
30.91,0.0,0.0,0.0,0.0,-1.308587997807217e-18,-9.719422750398723e-18,3.2450945433452825e-16,0.0,6.490189086690565e-14,1.0
30.92,0.0,0.0,0.0,0.0,-2.440960094958207e-18,-6.402274715802599e-18,4.138339558609444e-16,0.0,8.276679117218887e-14,1.0
30.93,0.0,0.0,0.0,0.0,-2.5147799300497164e-18,3.565428436842149e-18,4.3474458772212016e-16,0.0,8.694891754442403e-14,1.0
30.94,0.0,0.0,0.0,0.0,-5.021645534628302e-18,4.011661037479779e-18,5.236843813524843e-16,0.0,1.0473687627049687e-13,1.0
30.95,0.0,0.0,0.0,0.0,-5.183545813505111e-18,4.6766292812224985e-18,5.72342637948384e-16,0.0,1.144685275896768e-13,1.0
30.96,0.0,0.0,0.0,0.0,-1.450433901370832e-17,1.6867164846434838e-18,5.575277761365456e-16,0.0,1.1150555522730913e-13,1.0
30.970000000000002,0.0,0.0,0.0,0.0,-1.720811805369407e-17,1.2461845613027568e-17,5.014343593904119e-16,0.0,1.0028687187808238e-13,1.0
30.98,0.0,0.0,0.0,0.0,-8.082382608637369e-18,-4.635758257609487e-18,4.0994107809169943e-16,0.0,8.198821561833989e-14,1.0
30.990000000000002,0.0,0.0,0.0,0.0,-2.3798821178591568e-18,-6.648577906547106e-18,2.508498383225065e-16,0.0,5.01699676645013e-14,1.0
31.0,0.0,0.0,0.0,0.0,1.8491768621082183e-18,-7.473293350129815e-18,1.1978488367022026e-16,0.0,2.395697673404405e-14,1.0
31.01,0.0,0.0,0.0,0.0,1.2089033995481723e-17,-1.4407990340733743e-17,1.2448962921121556e-16,0.0,2.489792584224311e-14,1.0
31.02,0.0,0.0,0.0,0.0,2.21216328234444e-17,-1.638608112732729e-17,1.6174630878832127e-16,0.0,3.2349261757664255e-14,1.0
31.03,0.0,0.0,0.0,0.0,1.2893602552839215e-17,-1.8581423571312413e-18,1.4499223861135169e-16,0.0,2.899844772227034e-14,1.0
31.04,0.0,0.0,0.0,0.0,3.161440949524698e-18,-1.8548835294826148e-18,8.711458344914927e-17,0.0,1.7422916689829852e-14,1.0
31.05,0.0,0.0,0.0,0.0,3.745510479561799e-18,-3.2669061591565477e-18,3.209512591457758e-17,0.0,6.419025182915515e-15,1.0
31.060000000000002,0.0,0.0,0.0,0.0,4.00684925200781e-18,-4.227371581989613e-18,6.841364633401247e-17,0.0,1.3682729266802495e-14,1.0
31.07,0.0,0.0,0.0,0.0,1.405075165143854e-17,-1.7653506102742328e-17,3.753041335242366e-17,0.0,7.506082670484732e-15,1.0
31.080000000000002,0.0,0.0,0.0,0.0,7.884059264503272e-18,-1.2898804031064796e-17,6.545456458794717e-17,0.0,1.3090912917589434e-14,1.0
31.09,0.0,0.0,0.0,0.0,-3.0694407359518673e-18,-9.27987074551413e-18,5.94419931476422e-17,0.0,1.1888398629528441e-14,1.0
31.1,0.0,0.0,0.0,0.0,-1.3945260533457255e-18,-1.738888870928694e-17,2.8967004083565676e-17,0.0,5.793400816713135e-15,1.0
31.11,0.0,0.0,0.0,0.0,-7.499184120803899e-19,1.8663745188152818e-18,1.840192379449247e-17,0.0,3.680384758898494e-15,1.0
31.12,0.0,0.0,0.0,0.0,-4.7789135687308e-19,1.8366249857969727e-18,2.4439108506405006e-17,0.0,4.887821701281001e-15,1.0
31.13,0.0,0.0,0.0,0.0,2.725294524957611e-18,5.73675267546842e-20,8.970024216421733e-17,0.0,1.7940048432843465e-14,1.0
31.14,0.0,0.0,0.0,0.0,2.6915992216681137e-18,4.717371274933223e-19,8.639912291104934e-17,0.0,1.7279824582209868e-14,1.0
31.150000000000002,0.0,0.0,0.0,0.0,-2.40614177123471e-18,-2.0562811164355686e-17,1.337278817955031e-16,0.0,2.674557635910062e-14,1.0
31.16,0.0,0.0,0.0,0.0,2.5590891425086398e-18,3.391713677672051e-18,1.4977739924410324e-16,0.0,2.995547984882065e-14,1.0
31.17,0.0,0.0,0.0,0.0,3.78387065270812e-18,1.1712631739089808e-19,1.8350444105001648e-16,0.0,3.6700888210003294e-14,1.0
31.18,0.0,0.0,0.0,0.0,6.219952253034764e-18,2.9300067482756363e-18,1.3420211413511083e-16,0.0,2.6840422827022167e-14,1.0
31.19,0.0,0.0,0.0,0.0,1.0977110203245824e-17,-3.778816422768148e-18,1.709419280535818e-16,0.0,3.418838561071636e-14,1.0
31.2,0.0,0.0,0.0,0.0,-1.7454552375675386e-18,-9.677531329874144e-18,2.507389351660028e-16,0.0,5.014778703320056e-14,1.0
31.21,0.0,0.0,0.0,0.0,2.2000613440540634e-17,-2.284831696356141e-17,2.5464129250995976e-16,0.0,5.092825850199195e-14,1.0
31.220000000000002,0.0,0.0,0.0,0.0,1.3814019631623378e-17,-1.4332659461769263e-17,1.6816019733694617e-16,0.0,3.3632039467389235e-14,1.0
31.23,0.0,0.0,0.0,0.0,1.2519947948896116e-17,-1.2910131305375605e-17,1.5822575115504953e-16,0.0,3.1645150231009906e-14,1.0
31.240000000000002,0.0,0.0,0.0,0.0,1.8445606628667641e-19,7.0234442657882405e-19,2.3057373564643866e-16,0.0,4.611474712928773e-14,1.0
31.25,0.0,0.0,0.0,0.0,2.067691821634276e-18,-1.47646636007545e-18,2.892318954932942e-16,0.0,5.784637909865885e-14,1.0
31.26,0.0,0.0,0.0,0.0,2.150708502908354e-17,-2.123046952820344e-18,3.003657739040122e-16,0.0,6.007315478080244e-14,1.0
31.27,0.0,0.0,0.0,0.0,1.1414550593747945e-17,-1.2439211255854142e-17,3.1960133866315427e-16,0.0,6.392026773263085e-14,1.0
31.28,0.0,0.0,0.0,0.0,1.508545908660164e-17,-1.7751444785945583e-17,3.2273306199455435e-16,0.0,6.454661239891087e-14,1.0
31.29,0.0,0.0,0.0,0.0,1.2007075052086066e-17,-1.410389227096498e-17,4.1597039307213667e-16,0.0,8.319407861442733e-14,1.0
31.3,0.0,0.0,0.0,0.0,1.4200946235549674e-17,-1.5199528576342583e-17,5.019287867348315e-16,0.0,1.003857573469663e-13,1.0
31.310000000000002,0.0,0.0,0.0,0.0,1.6027216049122595e-17,-1.5787723326304777e-17,5.977655670200332e-16,0.0,1.1955311340400664e-13,1.0
31.32,0.0,0.0,0.0,0.0,2.685751722611199e-17,-2.825104833622431e-17,5.334888302194124e-16,0.0,1.0669776604388248e-13,1.0
31.330000000000002,0.0,0.0,0.0,0.0,1.477325968803043e-17,-2.9784779790852663e-17,4.97224002655898e-16,0.0,9.94448005311796e-14,1.0
31.34,0.0,0.0,0.0,0.0,5.0157661636025345e-18,-1.2352289612004647e-17,4.976408851456757e-16,0.0,9.952817702913513e-14,1.0
31.35,0.0,0.0,0.0,0.0,5.023981928100212e-18,-4.098456684227859e-18,5.402274860628273e-16,0.0,1.0804549721256546e-13,1.0
31.36,0.0,0.0,0.0,0.0,3.068567239320934e-17,-2.0308760895572303e-18,4.3406190539904233e-16,0.0,8.681238107980847e-14,1.0
31.37,0.0,0.0,0.0,0.0,2.3940418558612258e-17,-2.5670191817485097e-17,3.825724210066655e-16,0.0,7.65144842013331e-14,1.0
31.38,0.0,0.0,0.0,0.0,1.043795601500617e-17,-3.778493110333426e-18,4.261441217398053e-16,0.0,8.522882434796106e-14,1.0
31.39,0.0,0.0,0.0,0.0,7.609191580212677e-18,-1.0377505529051689e-17,4.60918277012132e-16,0.0,9.218365540242641e-14,1.0
31.400000000000002,0.0,0.0,0.0,0.0,8.930522184336034e-18,-8.747972993324347e-18,4.2645711209805467e-16,0.0,8.529142241961094e-14,1.0
31.41,0.0,0.0,0.0,0.0,1.1748511554978325e-17,-1.7481592424484813e-17,4.702085831202434e-16,0.0,9.404171662404868e-14,1.0
31.42,0.0,0.0,0.0,0.0,1.1182984380215325e-17,-1.0397215619082384e-17,4.875502212488165e-16,0.0,9.751004424976329e-14,1.0
31.43,0.0,0.0,0.0,0.0,2.969196785630973e-17,-1.2084157652704582e-17,5.031940741948097e-16,0.0,1.0063881483896194e-13,1.0
31.44,0.0,0.0,0.0,0.0,2.2500250878031616e-17,-2.856993946396937e-17,4.0702522397771777e-16,0.0,8.140504479554355e-14,1.0
31.45,0.0,0.0,0.0,0.0,1.3996524472516027e-17,-1.9726827601552838e-17,2.6983430520824937e-16,0.0,5.3966861041649874e-14,1.0
31.46,0.0,0.0,0.0,0.0,4.08820759165871e-18,-5.821894274053737e-18,2.738131298390174e-16,0.0,5.4762625967803474e-14,1.0
31.470000000000002,0.0,0.0,0.0,0.0,8.589757191364824e-18,-1.1811374601244117e-17,2.38925016296946e-16,0.0,4.778500325938919e-14,1.0
31.48,0.0,0.0,0.0,0.0,8.484552798059856e-18,-1.2993332929468448e-17,2.1458925827123976e-16,0.0,4.291785165424795e-14,1.0
31.490000000000002,0.0,0.0,0.0,0.0,9.07597009168455e-18,-1.3267582421529319e-17,1.856979993968423e-16,0.0,3.713959987936846e-14,1.0
31.5,0.0,0.0,0.0,0.0,6.185152291283455e-18,-9.863760953678238e-18,2.159794049956737e-16,0.0,4.319588099913474e-14,1.0
31.51,0.0,0.0,0.0,0.0,8.355683588909843e-18,-1.0876547405180478e-17,2.356975808911154e-16,0.0,4.713951617822307e-14,1.0
31.52,0.0,0.0,0.0,0.0,9.149937421347135e-18,-1.1641671781762876e-17,2.5019326965783635e-16,0.0,5.0038653931567266e-14,1.0
31.53,0.0,0.0,0.0,0.0,9.130286919355164e-18,-2.1818129116003647e-17,2.664648577514902e-16,0.0,5.329297155029804e-14,1.0
31.54,0.0,0.0,0.0,0.0,1.1205073471353113e-17,-2.1266222332950754e-17,2.770982840342057e-16,0.0,5.541965680684114e-14,1.0
31.55,0.0,0.0,0.0,0.0,1.107988950278183e-17,-2.9205630556969044e-17,2.402549303454206e-16,0.0,4.805098606908412e-14,1.0
31.560000000000002,0.0,0.0,0.0,0.0,8.386382922509251e-18,-2.679038891657045e-17,1.7846964186524081e-16,0.0,3.569392837304816e-14,1.0
31.57,0.0,0.0,0.0,0.0,6.1833399355064754e-18,-2.6498013827125362e-17,1.7030134585390673e-16,0.0,3.406026917078135e-14,1.0
31.580000000000002,0.0,0.0,0.0,0.0,1.2862144805201529e-17,-1.4103357667518462e-17,1.591929599690991e-16,0.0,3.183859199381982e-14,1.0
31.59,0.0,0.0,0.0,0.0,-4.651710447724421e-18,-2.412778652285753e-17,1.3232961974938317e-16,0.0,2.6465923949876635e-14,1.0
31.6,0.0,0.0,0.0,0.0,-2.4744162438052894e-19,-2.8077244866674792e-18,5.287583725459102e-17,0.0,1.0575167450918204e-14,1.0
31.61,0.0,0.0,0.0,0.0,5.254154165716547e-19,-1.3162475567696178e-17,8.333054027859977e-17,0.0,1.6666108055719953e-14,1.0
31.62,0.0,0.0,0.0,0.0,1.1639013456401229e-17,-3.9898473289935765e-18,9.392491929405896e-17,0.0,1.878498385881179e-14,1.0
31.63,0.0,0.0,0.0,0.0,1.299328226242105e-17,-5.92141158781676e-18,9.236344568109503e-17,0.0,1.8472689136219006e-14,1.0
31.64,0.0,0.0,0.0,0.0,1.868944204115234e-17,-1.0938034522207434e-17,1.460005799365976e-16,0.0,2.920011598731952e-14,1.0
31.650000000000002,0.0,0.0,0.0,0.0,7.508872064145377e-18,-1.4016356790774422e-17,8.803373753776277e-17,0.0,1.7606747507552553e-14,1.0
31.66,0.0,0.0,0.0,0.0,2.483927386940443e-17,2.1232565847522364e-18,3.157318216030162e-17,0.0,6.3146364320603235e-15,1.0
31.67,0.0,0.0,0.0,0.0,1.6277450486029215e-17,-1.0285171994163418e-17,5.415370864267574e-17,0.0,1.0830741728535147e-14,1.0
31.68,0.0,0.0,0.0,0.0,1.611507063107565e-17,-1.997161142416646e-17,6.001759066828932e-17,0.0,1.2003518133657865e-14,1.0
31.69,0.0,0.0,0.0,0.0,4.6884890000705485e-18,-3.663593424463155e-17,8.489351849935025e-19,0.0,1.697870369987005e-16,1.0
31.7,0.0,0.0,0.0,0.0,1.0345086622725264e-17,-2.9926172136806195e-17,4.3988645137134044e-17,0.0,8.797729027426808e-15,1.0
31.71,0.0,0.0,0.0,0.0,1.3284464587326354e-17,-1.3410733819401823e-17,5.3302201095523793e-17,0.0,1.0660440219104758e-14,1.0
31.720000000000002,0.0,0.0,0.0,0.0,4.579317015119545e-18,-5.271758249608293e-18,2.3159801545042775e-17,0.0,4.631960309008555e-15,1.0
31.73,0.0,0.0,0.0,0.0,7.490365801821737e-18,-1.2673142727913267e-17,8.776739083859693e-17,0.0,1.7553478167719386e-14,1.0
31.740000000000002,0.0,0.0,0.0,0.0,6.537822894366285e-18,-1.149206960794572e-17,8.211504496379446e-17,0.0,1.6423008992758893e-14,1.0
31.75,0.0,0.0,0.0,0.0,7.40266962618728e-18,-2.627494728063231e-17,9.330477551089214e-17,0.0,1.8660955102178428e-14,1.0
31.76,0.0,0.0,0.0,0.0,8.387617449652187e-18,-2.6358013402845388e-17,7.354422570844765e-17,0.0,1.470884514168953e-14,1.0
31.77,0.0,0.0,0.0,0.0,9.564050290059862e-18,-8.20382764709213e-18,5.100759594754826e-17,0.0,1.0201519189509651e-14,1.0
31.78,0.0,0.0,0.0,0.0,1.0949528951021786e-17,-8.896939621766438e-18,3.513641609906381e-17,0.0,7.027283219812762e-15,1.0
31.79,0.0,0.0,0.0,0.0,1.0972633679765005e-17,-9.033161360717984e-18,4.531738696201593e-17,0.0,9.063477392403186e-15,1.0
31.8,0.0,0.0,0.0,0.0,1.1125670297156934e-17,-9.191591153001832e-18,3.947212123541173e-17,0.0,7.894424247082346e-15,1.0
31.810000000000002,0.0,0.0,0.0,0.0,1.2879936753322709e-17,-1.1083669057162347e-17,5.892208382149687e-17,0.0,1.1784416764299374e-14,1.0
31.82,0.0,0.0,0.0,0.0,2.1861467455576386e-17,-9.614475868000182e-18,5.883712635228948e-17,0.0,1.1767425270457897e-14,1.0
31.830000000000002,0.0,0.0,0.0,0.0,2.3438981177501304e-17,-2.0279158363871643e-17,1.1981100330942073e-16,0.0,2.3962200661884145e-14,1.0
31.84,0.0,0.0,0.0,0.0,9.13993465456896e-18,-8.255667892876857e-18,1.5932658721942199e-16,0.0,3.18653174438844e-14,1.0
31.85,0.0,0.0,0.0,0.0,1.985250773092785e-17,-1.212166915271776e-17,7.72157709356056e-17,0.0,1.544315418712112e-14,1.0
31.86,0.0,0.0,0.0,0.0,1.6343220468235672e-17,-1.96104704728343e-17,6.280423661612009e-18,0.0,1.2560847323224018e-15,1.0
31.87,0.0,0.0,0.0,0.0,5.895495284960827e-18,-3.057471206579842e-17,6.840923648279476e-17,0.0,1.3681847296558953e-14,1.0
31.88,0.0,0.0,0.0,0.0,6.6443240560854766e-18,-1.0834903586834657e-17,5.65938292727458e-17,0.0,1.131876585454916e-14,1.0
31.89,0.0,0.0,0.0,0.0,6.8333555660851756e-18,-1.87624664859554e-17,3.215571090320058e-17,0.0,6.431142180640115e-15,1.0
31.900000000000002,0.0,0.0,0.0,0.0,9.057610118448893e-18,-2.5587968149992536e-17,4.4715453568703606e-17,0.0,8.943090713740721e-15,1.0
31.91,0.0,0.0,0.0,0.0,1.1029397085823923e-17,-2.442078428666808e-17,9.927810149165104e-17,0.0,1.9855620298330208e-14,1.0
31.92,0.0,0.0,0.0,0.0,1.8655682608955948e-17,-6.446429313299666e-18,6.786516063041591e-17,0.0,1.3573032126083183e-14,1.0
31.93,0.0,0.0,0.0,0.0,2.9646806136802275e-17,-7.375506865394496e-18,8.368469417745068e-17,0.0,1.6736938835490135e-14,1.0
31.94,0.0,0.0,0.0,0.0,1.0159602899501402e-17,-1.0810407667764498e-17,2.4057043725403948e-17,0.0,4.81140874508079e-15,1.0
31.95,0.0,0.0,0.0,0.0,2.7554419703203014e-17,-9.335638848176151e-18,6.793596873640142e-17,0.0,1.3587193747280283e-14,1.0
31.96,0.0,0.0,0.0,0.0,9.823665706275345e-18,-1.869484077993369e-17,7.236605844678788e-17,0.0,1.4473211689357575e-14,1.0
31.970000000000002,0.0,0.0,0.0,0.0,1.0645079567527261e-17,-1.0196219677652764e-17,5.360387365483137e-17,0.0,1.0720774730966273e-14,1.0
31.98,0.0,0.0,0.0,0.0,2.681389517497058e-17,-9.130078602866622e-18,9.48047567121586e-17,0.0,1.896095134243172e-14,1.0
31.990000000000002,0.0,0.0,0.0,0.0,1.615435373695597e-17,-1.761445632074915e-17,1.3305743815362109e-16,0.0,2.6611487630724217e-14,1.0
32.0,0.0,0.0,0.0,0.0,7.030634994277916e-18,-8.053442416457543e-18,1.3197638687967059e-16,0.0,2.6395277375934118e-14,1.0
32.01,0.0,0.0,0.0,0.0,8.660896784416915e-18,-2.2277832820286138e-17,1.3986435811653601e-16,0.0,2.7972871623307202e-14,1.0
32.02,0.0,0.0,0.0,0.0,6.4855248770953716e-18,-4.561025616391624e-18,9.295622713383734e-17,0.0,1.8591245426767467e-14,1.0
32.03,0.0,0.0,0.0,0.0,1.1463838546604811e-17,-1.1753593368751604e-17,5.2259965233556666e-17,0.0,1.0451993046711333e-14,1.0
32.04,0.0,0.0,0.0,0.0,2.9386157443884574e-17,-9.345487631943606e-18,1.253173507609322e-16,0.0,2.5063470152186436e-14,1.0
32.05,0.0,0.0,0.0,0.0,1.8656291917672934e-17,-1.8361068357533496e-17,1.3373277113990766e-16,0.0,2.6746554227981532e-14,1.0
32.06,0.0,0.0,0.0,0.0,8.448696695597063e-18,-1.1307465077081366e-17,2.8913190508421216e-16,0.0,5.782638101684243e-14,1.0
32.07,0.0,0.0,0.0,0.0,7.260695719763857e-18,-9.294940544369005e-18,3.5797982618524663e-16,0.0,7.159596523704933e-14,1.0
32.08,0.0,0.0,0.0,0.0,-5.62419161529819e-18,-1.450904557521131e-17,3.6444676180227913e-16,0.0,7.288935236045582e-14,1.0
32.09,0.0,0.0,0.0,0.0,-5.722729597633845e-19,1.4148007997678686e-18,2.593133935126843e-16,0.0,5.186267870253686e-14,1.0
32.1,0.0,0.0,0.0,0.0,6.472589025378678e-20,6.991219927540138e-19,3.017266547412989e-16,0.0,6.034533094825978e-14,1.0
32.11,0.0,0.0,0.0,0.0,1.2703878014271958e-17,-1.450826963050254e-17,3.466848599720873e-16,0.0,6.933697199441745e-14,1.0
32.12,0.0,0.0,0.0,0.0,9.53112971370665e-18,-9.546296456895334e-18,3.2593917243892666e-16,0.0,6.518783448778533e-14,1.0
32.13,0.0,0.0,0.0,0.0,2.5604318662736445e-18,-1.7296812145292416e-17,3.4536737003076376e-16,0.0,6.907347400615274e-14,1.0
32.14,0.0,0.0,0.0,0.0,2.6326155126473844e-17,-7.80683379719643e-18,3.513567273844192e-16,0.0,7.027134547688384e-14,1.0
32.15,0.0,0.0,0.0,0.0,9.212980965990238e-18,-9.080541354684179e-19,3.3796374392202097e-16,0.0,6.75927487844042e-14,1.0
32.160000000000004,0.0,0.0,0.0,0.0,2.332232993875701e-17,-7.869457174868033e-18,3.059217403446971e-16,0.0,6.118434806893942e-14,1.0
32.17,0.0,0.0,0.0,0.0,1.3589324533390995e-17,-1.6566562609333536e-17,3.335467743594078e-16,0.0,6.670935487188156e-14,1.0
32.18,0.0,0.0,0.0,0.0,9.679288618685429e-18,-1.1336872322919899e-17,3.1282294803309325e-16,0.0,6.256458960661865e-14,1.0
32.19,0.0,0.0,0.0,0.0,9.880038795138039e-18,-1.2967807980074097e-17,2.743201110143221e-16,0.0,5.486402220286442e-14,1.0
32.2,0.0,0.0,0.0,0.0,1.4306896110021683e-17,-1.759798488537408e-17,2.928820753149635e-16,0.0,5.85764150629927e-14,1.0
32.21,0.0,0.0,0.0,0.0,1.0228726222258817e-17,-1.419969694591576e-17,2.3307852593517967e-16,0.0,4.6615705187035934e-14,1.0
32.22,0.0,0.0,0.0,0.0,1.2931103361768889e-17,-1.8409631375579173e-17,2.969021830026289e-16,0.0,5.938043660052577e-14,1.0
32.230000000000004,0.0,0.0,0.0,0.0,3.0648078293703507e-18,-1.6259240224538493e-17,3.041929531329889e-16,0.0,6.083859062659778e-14,1.0
32.24,0.0,0.0,0.0,0.0,-5.901469429946729e-18,-2.433638807335187e-17,2.979875451165566e-16,0.0,5.959750902331131e-14,1.0
32.25,0.0,0.0,0.0,0.0,-9.544795076217406e-19,-1.7659839810190786e-17,3.2757752027961904e-16,0.0,6.551550405592381e-14,1.0
32.26,0.0,0.0,0.0,0.0,-9.660655281051052e-19,-6.470285411870683e-18,3.5424408145152307e-16,0.0,7.084881629030461e-14,1.0
32.27,0.0,0.0,0.0,0.0,5.401635608143982e-19,-5.386361910190392e-18,3.447979175860521e-16,0.0,6.895958351721041e-14,1.0
32.28,0.0,0.0,0.0,0.0,8.081398274434128e-19,-1.7987837431136142e-17,3.1109410575435267e-16,0.0,6.221882115087053e-14,1.0
32.29,0.0,0.0,0.0,0.0,3.894081403799198e-18,7.394181152870987e-18,3.8269962837042227e-16,0.0,7.653992567408445e-14,1.0
32.3,0.0,0.0,0.0,0.0,-3.2159130796818414e-18,-1.731961831342583e-17,4.3302921855374043e-16,0.0,8.660584371074808e-14,1.0
32.31,0.0,0.0,0.0,0.0,1.291076711525026e-18,5.111697751533746e-18,4.352148875198235e-16,0.0,8.70429775039647e-14,1.0
32.32,0.0,0.0,0.0,0.0,1.5422595494701373e-19,-2.872964474623102e-18,3.256929944282399e-16,0.0,6.513859888564798e-14,1.0
32.33,0.0,0.0,0.0,0.0,3.231561883899368e-18,-3.8732945799679574e-18,2.6252405916934247e-16,0.0,5.2504811833868495e-14,1.0
32.34,0.0,0.0,0.0,0.0,8.364224162043548e-18,-2.4758958937772774e-17,3.0131025666226873e-16,0.0,6.026205133245374e-14,1.0
32.35,0.0,0.0,0.0,0.0,2.463962125047229e-18,-1.9067996841748728e-17,3.059620094879477e-16,0.0,6.119240189758953e-14,1.0
32.36,0.0,0.0,0.0,0.0,-4.661223846048667e-19,1.0485023328816983e-18,1.7452631662369164e-16,0.0,3.490526332473833e-14,1.0
32.37,0.0,0.0,0.0,0.0,5.318718324400635e-18,-3.728995242429334e-18,1.3331429509553264e-16,0.0,2.6662859019106526e-14,1.0
32.38,0.0,0.0,0.0,0.0,2.599288573725272e-18,-2.941041604455321e-17,2.1018009215626022e-16,0.0,4.2036018431252044e-14,1.0
32.39,0.0,0.0,0.0,0.0,1.9524768308249466e-17,-1.2770894205951754e-20,2.2193393618277295e-16,0.0,4.438678723655459e-14,1.0
32.4,0.0,0.0,0.0,0.0,-6.731331695334464e-18,-2.173218271477341e-17,2.860853463355016e-16,0.0,5.721706926710032e-14,1.0
32.410000000000004,0.0,0.0,0.0,0.0,-1.7625935945616625e-18,-1.675708025221988e-17,2.740979427658543e-16,0.0,5.4819588553170855e-14,1.0
32.42,0.0,0.0,0.0,0.0,-1.172180437131812e-18,7.641048466312603e-19,2.4731224099109803e-16,0.0,4.9462448198219603e-14,1.0
32.43,0.0,0.0,0.0,0.0,5.3280116879806684e-20,-1.8299232881364574e-18,2.0094329059666914e-16,0.0,4.018865811933383e-14,1.0
32.44,0.0,0.0,0.0,0.0,1.5676229116518106e-18,-2.096536060802881e-18,1.6416130979149238e-16,0.0,3.283226195829848e-14,1.0
32.45,0.0,0.0,0.0,0.0,3.048410973988239e-18,-1.9767315790311015e-17,1.465214953047267e-16,0.0,2.930429906094534e-14,1.0
32.46,0.0,0.0,0.0,0.0,4.2743902804633775e-18,-9.085592555769905e-18,1.2622224752864095e-16,0.0,2.524444950572819e-14,1.0
32.47,0.0,0.0,0.0,0.0,7.60841037566544e-18,-4.228480884298534e-18,7.466058593585732e-17,0.0,1.4932117187171462e-14,1.0
32.480000000000004,0.0,0.0,0.0,0.0,8.615623097172457e-18,-5.987060599050217e-18,1.4931431480690568e-16,0.0,2.986286296138113e-14,1.0
32.49,0.0,0.0,0.0,0.0,1.6267783724009365e-17,-1.4582302179031787e-17,1.54754002439693e-16,0.0,3.09508004879386e-14,1.0
32.5,0.0,0.0,0.0,0.0,1.4704067555946005e-17,-1.4804387627399246e-17,1.9871829873424119e-16,0.0,3.974365974684824e-14,1.0
32.51,0.0,0.0,0.0,0.0,1.63150881936952e-17,-1.7723978227690073e-17,1.697183324650565e-16,0.0,3.3943666493011296e-14,1.0
32.52,0.0,0.0,0.0,0.0,1.4661325074122384e-17,-1.5025744255563183e-17,1.4872770576849138e-16,0.0,2.974554115369828e-14,1.0
32.53,0.0,0.0,0.0,0.0,8.074259429643031e-18,-8.415484893921721e-18,1.1788621367393194e-16,0.0,2.3577242734786387e-14,1.0
32.54,0.0,0.0,0.0,0.0,8.1053006675393e-18,-9.692567682348885e-18,1.6339539351555226e-16,0.0,3.267907870311045e-14,1.0
32.55,0.0,0.0,0.0,0.0,1.1980582748090264e-17,-1.431164526987036e-17,1.2895769360752995e-16,0.0,2.579153872150599e-14,1.0
32.56,0.0,0.0,0.0,0.0,8.127156813139832e-18,-1.0691085441630103e-17,1.8178260537293472e-16,0.0,3.635652107458694e-14,1.0
32.57,0.0,0.0,0.0,0.0,1.826848129071685e-19,-8.41642977038938e-18,1.5879836328506667e-16,0.0,3.1759672657013335e-14,1.0
32.58,0.0,0.0,0.0,0.0,1.2163867419601674e-17,-1.1576302602378136e-17,6.983368203061457e-17,0.0,1.3966736406122913e-14,1.0
32.59,0.0,0.0,0.0,0.0,1.2844862534752593e-17,-9.191217913873647e-18,8.04506561005664e-17,0.0,1.609013122011328e-14,1.0
32.6,0.0,0.0,0.0,0.0,1.6089361524157143e-18,-3.766538575866434e-18,1.6877928787949114e-16,0.0,3.3755857575898224e-14,1.0
32.61,0.0,0.0,0.0,0.0,3.76015288677597e-18,4.415957791348293e-18,2.1483780958687123e-16,0.0,4.2967561917374244e-14,1.0
32.62,0.0,0.0,0.0,0.0,2.1569860494746186e-17,1.9002045236739086e-18,1.799068134303567e-16,0.0,3.598136268607134e-14,1.0
32.63,0.0,0.0,0.0,0.0,1.9756256493648848e-17,-7.064328270772866e-20,1.5317582878208252e-16,0.0,3.0635165756416503e-14,1.0
32.64,0.0,0.0,0.0,0.0,-7.318199234668594e-19,6.770391547857172e-18,8.579952166264082e-17,0.0,1.7159904332528163e-14,1.0
32.65,0.0,0.0,0.0,0.0,8.069448265301744e-18,-1.132855859595957e-17,1.2269727182386695e-16,0.0,2.453945436477339e-14,1.0
32.660000000000004,0.0,0.0,0.0,0.0,-1.356154713203719e-17,1.0598611121410282e-17,7.636635677587699e-17,0.0,1.5273271355175398e-14,1.0
32.67,0.0,0.0,0.0,0.0,3.1544402528765453e-21,-3.3510639611036562e-18,9.534983526153359e-17,0.0,1.9069967052306717e-14,1.0
32.68,0.0,0.0,0.0,0.0,3.931498651572867e-18,-5.4454511887995096e-18,1.867401752850338e-16,0.0,3.734803505700676e-14,1.0
32.69,0.0,0.0,0.0,0.0,1.4128933649757992e-17,-1.339378685071929e-17,1.8380066615236762e-16,0.0,3.676013323047352e-14,1.0
32.7,0.0,0.0,0.0,0.0,1.6157165975922822e-17,-1.4834002609268778e-17,1.220145205285124e-16,0.0,2.4402904105702483e-14,1.0
32.71,0.0,0.0,0.0,0.0,6.148340497482331e-18,-1.7105970993354212e-17,6.295022786108477e-17,0.0,1.2590045572216954e-14,1.0
32.72,0.0,0.0,0.0,0.0,2.3134594507311154e-17,1.0752911862665227e-18,4.895553075657835e-17,0.0,9.79110615131567e-15,1.0
32.730000000000004,0.0,0.0,0.0,0.0,-5.140216776564885e-18,-1.7849489803733957e-19,4.526780555632316e-17,0.0,9.053561111264632e-15,1.0
32.74,0.0,0.0,0.0,0.0,-4.6919675225032594e-18,1.8892378190496925e-19,7.150362597965445e-17,0.0,1.430072519593089e-14,1.0
32.75,0.0,0.0,0.0,0.0,-7.900850463734327e-18,-2.463927121737638e-17,7.06729618171767e-17,0.0,1.413459236343534e-14,1.0
32.76,0.0,0.0,0.0,0.0,1.6163349822918451e-19,-9.25240597188389e-19,2.4194729283642752e-17,0.0,4.838945856728551e-15,1.0
32.77,0.0,0.0,0.0,0.0,3.4395295432114264e-18,-9.429821544134282e-19,4.990310273069064e-17,0.0,9.980620546138127e-15,1.0
32.78,0.0,0.0,0.0,0.0,5.293252797184928e-18,-9.680720847024026e-18,9.3136746847966e-17,0.0,1.8627349369593198e-14,1.0
32.79,0.0,0.0,0.0,0.0,2.7378378521570206e-18,-6.103412268466671e-19,4.9485945992779e-17,0.0,9.8971891985558e-15,1.0
32.8,0.0,0.0,0.0,0.0,2.2091105238165206e-17,-1.4024336275833884e-18,8.272395389375328e-17,0.0,1.6544790778750656e-14,1.0
32.81,0.0,0.0,0.0,0.0,-4.388257459721789e-18,-5.931604981540337e-18,6.185968319970551e-17,0.0,1.2371936639941102e-14,1.0
32.82,0.0,0.0,0.0,0.0,-5.301406573314916e-19,-9.018500900580741e-18,2.619088647632401e-17,0.0,5.238177295264802e-15,1.0
32.83,0.0,0.0,0.0,0.0,3.136852846826391e-19,-9.463561213240382e-18,5.287940519893771e-17,0.0,1.0575881039787542e-14,1.0
32.84,0.0,0.0,0.0,0.0,2.391656785669218e-18,-1.6381247688082176e-18,1.368332877862321e-16,0.0,2.736665755724642e-14,1.0
32.85,0.0,0.0,0.0,0.0,1.0917785538727941e-18,-2.7477884892417657e-19,8.13743355165721e-17,0.0,1.6274867103314422e-14,1.0
32.86,0.0,0.0,0.0,0.0,1.1136547321800106e-17,-1.012085261553117e-17,1.208536636655737e-16,0.0,2.417073273311474e-14,1.0
32.87,0.0,0.0,0.0,0.0,2.6514031064888067e-18,-1.48485382935858e-19,1.6350670344901357e-16,0.0,3.2701340689802714e-14,1.0
32.88,0.0,0.0,0.0,0.0,1.402752598184841e-18,-2.046876096071489e-17,1.539670372850275e-16,0.0,3.07934074570055e-14,1.0
32.89,0.0,0.0,0.0,0.0,2.188397285866865e-17,3.9689884865139094e-18,9.946422918440447e-17,0.0,1.9892845836880894e-14,1.0
32.9,0.0,0.0,0.0,0.0,7.610061382993225e-18,-1.0185506739763377e-17,1.0284889591192381e-16,0.0,2.056977918238476e-14,1.0
32.910000000000004,0.0,0.0,0.0,0.0,-2.1305255843830276e-18,-8.109941893089995e-18,5.9858512274271e-17,0.0,1.19717024548542e-14,1.0
32.92,0.0,0.0,0.0,0.0,1.6350084760998544e-19,-7.479248635160763e-18,1.0770939715127001e-16,0.0,2.1541879430254e-14,1.0
32.93,0.0,0.0,0.0,0.0,3.4680621997532292e-18,1.1014965129987945e-19,1.9684662840296167e-16,0.0,3.9369325680592335e-14,1.0
32.94,0.0,0.0,0.0,0.0,5.3502314168572695e-18,-8.502832706907526e-19,2.551095385703752e-16,0.0,5.102190771407504e-14,1.0
32.95,0.0,0.0,0.0,0.0,2.4183568631653316e-17,-1.0932037499376574e-18,2.609723570490179e-16,0.0,5.219447140980358e-14,1.0
32.96,0.0,0.0,0.0,0.0,1.3285760721586835e-17,-1.3611842378237481e-17,1.1111409220052813e-16,0.0,2.2222818440105625e-14,1.0
32.97,0.0,0.0,0.0,0.0,1.0713162066988876e-17,-1.2968200788593682e-17,8.034361253621564e-17,0.0,1.6068722507243126e-14,1.0
32.980000000000004,0.0,0.0,0.0,0.0,-1.3019985803833942e-18,2.266907209056302e-19,1.6182130102256425e-16,0.0,3.236426020451285e-14,1.0
32.99,0.0,0.0,0.0,0.0,-7.51059515465841e-19,-1.8119422084775826e-18,1.7331187121167152e-16,0.0,3.4662374242334305e-14,1.0
33.0,0.0,0.0,0.0,0.0,1.6635799602102805e-17,-3.514467687921878e-18,1.6368864749239977e-16,0.0,3.2737729498479956e-14,1.0
33.01,0.0,0.0,0.0,0.0,7.568265523987934e-18,-1.4537189653773828e-17,2.115564825178576e-16,0.0,4.2311296503571516e-14,1.0
33.02,0.0,0.0,0.0,0.0,-5.889853111443139e-18,-1.8491205388725285e-17,2.1914440931940384e-16,0.0,4.3828881863880764e-14,1.0
33.03,0.0,0.0,0.0,0.0,-1.2047138167457978e-18,-1.0883871343763348e-17,1.6988400299546367e-16,0.0,3.3976800599092734e-14,1.0
33.04,0.0,0.0,0.0,0.0,-1.3292930797509084e-18,-1.687187383116601e-17,1.0231685680161174e-16,0.0,2.0463371360322348e-14,1.0
33.05,0.0,0.0,0.0,0.0,-7.770395869906787e-19,-1.5657397904813728e-17,9.423159163690786e-17,0.0,1.8846318327381573e-14,1.0
33.06,0.0,0.0,0.0,0.0,7.263153753150868e-18,7.50664609381273e-18,1.748625735338884e-16,0.0,3.497251470677768e-14,1.0
33.07,0.0,0.0,0.0,0.0,6.153872890212122e-18,1.1529815229336488e-18,2.638142950491711e-16,0.0,5.2762859009834215e-14,1.0
33.08,0.0,0.0,0.0,0.0,2.2117053715750038e-17,6.2813523615731116e-18,3.1581721943708856e-16,0.0,6.316344388741771e-14,1.0
33.09,0.0,0.0,0.0,0.0,1.4705299284902503e-17,-1.775391852450344e-17,2.882188182590903e-16,0.0,5.764376365181806e-14,1.0
33.1,0.0,0.0,0.0,0.0,1.632160398075506e-17,5.087257889799519e-18,2.605547834240337e-16,0.0,5.2110956684806734e-14,1.0
33.11,0.0,0.0,0.0,0.0,7.37352684015346e-18,-1.326216969701306e-18,2.135718638748441e-16,0.0,4.2714372774968816e-14,1.0
33.12,0.0,0.0,0.0,0.0,1.4016967721004376e-17,-2.93537371014898e-18,1.9098608157362838e-16,0.0,3.8197216314725676e-14,1.0
33.13,0.0,0.0,0.0,0.0,8.634779429050021e-18,-1.56662433441181e-17,1.3836533011300743e-16,0.0,2.7673066022601484e-14,1.0
33.14,0.0,0.0,0.0,0.0,-4.027471137847678e-18,-1.830707810508161e-17,1.2091131600348692e-16,0.0,2.4182263200697382e-14,1.0
33.15,0.0,0.0,0.0,0.0,-2.1075264044741555e-18,-8.932732799998965e-18,1.4215344277289265e-16,0.0,2.843068855457853e-14,1.0
33.160000000000004,0.0,0.0,0.0,0.0,6.192771880927563e-19,1.2906986323106853e-18,1.7402187289888752e-16,0.0,3.48043745797775e-14,1.0
33.17,0.0,0.0,0.0,0.0,1.1710390195038968e-17,-1.0651033676986241e-17,2.2211617947594895e-16,0.0,4.442323589518979e-14,1.0
33.18,0.0,0.0,0.0,0.0,8.486317768031295e-18,-1.1118263408322763e-18,1.4626010284955757e-16,0.0,2.925202056991151e-14,1.0
33.19,0.0,0.0,0.0,0.0,1.0674489596960537e-17,-1.4297371994933584e-17,9.512778752570817e-17,0.0,1.9025557505141635e-14,1.0
33.2,0.0,0.0,0.0,0.0,-4.538040189341573e-18,-1.8280496048936462e-17,7.815308770586625e-17,0.0,1.5630617541173252e-14,1.0
33.21,0.0,0.0,0.0,0.0,-1.4686135984593135e-18,-9.965327796539681e-18,1.3019171252012827e-16,0.0,2.6038342504025652e-14,1.0
33.22,0.0,0.0,0.0,0.0,2.974328805695597e-19,-3.07776176466541e-19,1.3888159984926829e-16,0.0,2.7776319969853658e-14,1.0
33.230000000000004,0.0,0.0,0.0,0.0,1.0490941571685332e-17,-1.0316576348639802e-17,1.372176045987879e-16,0.0,2.744352091975758e-14,1.0
33.24,0.0,0.0,0.0,0.0,1.3908579704073552e-17,-1.3156515489535093e-17,6.461419552914192e-17,0.0,1.2922839105828385e-14,1.0
33.25,0.0,0.0,0.0,0.0,9.228589753402821e-18,-9.038878710088547e-18,9.589372670220009e-17,0.0,1.917874534044002e-14,1.0
33.26,0.0,0.0,0.0,0.0,7.686724271084557e-19,4.144201474521838e-19,1.0355904179855575e-16,0.0,2.071180835971115e-14,1.0
33.27,0.0,0.0,0.0,0.0,7.286220767135426e-18,-2.2662344304371873e-17,1.0925643079738238e-16,0.0,2.1851286159476476e-14,1.0
33.28,0.0,0.0,0.0,0.0,1.2157568996965632e-17,-1.3626572538781393e-17,8.104308911017889e-17,0.0,1.620861782203578e-14,1.0
33.29,0.0,0.0,0.0,0.0,1.2836645906197934e-17,-8.223686617617725e-19,1.7052836689849988e-16,0.0,3.410567337969997e-14,1.0
33.3,0.0,0.0,0.0,0.0,-6.547029512539524e-18,-1.201012692164353e-17,2.1562578466789825e-16,0.0,4.312515693357965e-14,1.0
33.31,0.0,0.0,0.0,0.0,-4.5031765291851826e-18,-1.2441911307032848e-17,2.1602557652125102e-16,0.0,4.3205115304250205e-14,1.0
33.32,0.0,0.0,0.0,0.0,-1.654680945065995e-18,-1.0492115039591085e-17,1.6512669907574038e-16,0.0,3.302533981514807e-14,1.0
33.33,0.0,0.0,0.0,0.0,3.1806181392022316e-18,-1.744425275137463e-17,5.951485617093694e-17,0.0,1.1902971234187387e-14,1.0
33.34,0.0,0.0,0.0,0.0,7.789546996714022e-18,-5.179625338104726e-18,9.502645794816021e-17,0.0,1.900529158963204e-14,1.0
33.35,0.0,0.0,0.0,0.0,6.522634767147483e-18,3.850196307534254e-18,7.858325469423797e-17,0.0,1.5716650938847596e-14,1.0
33.36,0.0,0.0,0.0,0.0,2.1230172428918476e-17,7.524896343978349e-19,6.076379663174588e-17,0.0,1.2152759326349176e-14,1.0
33.37,0.0,0.0,0.0,0.0,3.83805153659962e-18,-1.2255032897468396e-18,7.388295939772141e-17,0.0,1.4776591879544284e-14,1.0
33.38,0.0,0.0,0.0,0.0,-8.333966233519781e-19,-1.295755294375478e-17,1.4691569041979853e-16,0.0,2.93831380839597e-14,1.0
33.39,0.0,0.0,0.0,0.0,-3.641374556856309e-19,3.509886378770208e-18,8.186565050338621e-17,0.0,1.6373130100677242e-14,1.0
33.4,0.0,0.0,0.0,0.0,2.289748351593153e-18,-1.8836114137975376e-18,6.744997737669215e-17,0.0,1.348999547533843e-14,1.0
33.410000000000004,0.0,0.0,0.0,0.0,4.164307806474113e-18,-5.182587668241894e-18,1.3945687201908833e-16,0.0,2.7891374403817664e-14,1.0
33.42,0.0,0.0,0.0,0.0,1.2564451029796343e-17,-1.594651754822391e-17,1.5082164443398091e-16,0.0,3.016432888679618e-14,1.0
33.43,0.0,0.0,0.0,0.0,9.820168404535734e-18,-1.43446516124902e-17,1.1061411870316044e-16,0.0,2.212282374063209e-14,1.0
33.44,0.0,0.0,0.0,0.0,6.96326876059834e-18,-1.1128297022221965e-17,5.714870843667302e-17,0.0,1.1429741687334602e-14,1.0
33.45,0.0,0.0,0.0,0.0,6.796047506143238e-18,-8.655156745996921e-18,2.1271196134842004e-17,0.0,4.254239226968401e-15,1.0
33.46,0.0,0.0,0.0,0.0,-1.921563730815043e-18,-1.7362992956582893e-17,8.4319541553575e-18,0.0,1.6863908310715e-15,1.0
33.47,0.0,0.0,0.0,0.0,3.537400679410321e-19,-1.4309245586496476e-18,1.1712521508659547e-16,0.0,2.3425043017319094e-14,1.0
33.480000000000004,0.0,0.0,0.0,0.0,1.5806442320122348e-18,-2.220782579628702e-18,1.3131914123258872e-16,0.0,2.6263828246517744e-14,1.0
33.49,0.0,0.0,0.0,0.0,1.1445551063040817e-17,-1.1715269661581179e-17,1.4067036299585722e-16,0.0,2.8134072599171442e-14,1.0
33.5,0.0,0.0,0.0,0.0,1.194343761347211e-17,-1.097112256060956e-17,1.50905851264662e-16,0.0,3.01811702529324e-14,1.0
33.51,0.0,0.0,0.0,0.0,1.5165826113785164e-17,-1.531451650206567e-17,1.3191954950332905e-16,0.0,2.6383909900665808e-14,1.0
33.52,0.0,0.0,0.0,0.0,9.22610588447169e-18,-1.0612929809074421e-17,1.4284519627036888e-16,0.0,2.856903925407377e-14,1.0
33.53,0.0,0.0,0.0,0.0,9.996341837061896e-18,-1.1871467837269356e-17,1.993443271971871e-16,0.0,3.9868865439437417e-14,1.0
33.54,0.0,0.0,0.0,0.0,1.1482266164207299e-17,-1.3501581180173576e-17,2.691066168820257e-16,0.0,5.382132337640514e-14,1.0
33.55,0.0,0.0,0.0,0.0,1.3469359434942115e-17,-1.6345771006848226e-17,2.0166581322715019e-16,0.0,4.0333162645430034e-14,1.0
33.56,0.0,0.0,0.0,0.0,1.1558737917268756e-18,-3.4245772970959617e-17,1.8898290407549723e-16,0.0,3.7796580815099445e-14,1.0
33.57,0.0,0.0,0.0,0.0,5.642533609480957e-18,-9.296383360239757e-18,1.869027901178949e-16,0.0,3.738055802357898e-14,1.0
33.58,0.0,0.0,0.0,0.0,-5.280781940519162e-18,-1.8301838078222913e-17,1.9710900844229304e-16,0.0,3.942180168845861e-14,1.0
33.59,0.0,0.0,0.0,0.0,-5.8440887156158004e-18,-1.599929126179633e-17,1.8123843753886432e-16,0.0,3.624768750777286e-14,1.0
33.6,0.0,0.0,0.0,0.0,-4.492118265179463e-18,-1.455379813521261e-17,1.5409468762330248e-16,0.0,3.08189375246605e-14,1.0
33.61,0.0,0.0,0.0,0.0,-3.167528657109633e-18,-3.777995020062948e-18,1.4848996642436205e-16,0.0,2.969799328487241e-14,1.0
33.62,0.0,0.0,0.0,0.0,-7.046123523656814e-19,-6.0236095732120976e-18,1.2296976410541968e-16,0.0,2.4593952821083933e-14,1.0
33.63,0.0,0.0,0.0,0.0,5.1715954428880414e-18,3.3200621604015856e-18,2.4370898697019036e-17,0.0,4.874179739403807e-15,1.0
33.64,0.0,0.0,0.0,0.0,6.8911062592645734e-18,-1.8465692029217167e-17,5.817521607306522e-17,0.0,1.1635043214613043e-14,1.0
33.65,0.0,0.0,0.0,0.0,1.7823582623301854e-17,-1.4188119136327565e-17,3.454223026636098e-17,0.0,6.908446053272196e-15,1.0
33.660000000000004,0.0,0.0,0.0,0.0,1.136453530496192e-17,-1.085895919676446e-17,5.875407742811057e-17,0.0,1.1750815485622114e-14,1.0
33.67,0.0,0.0,0.0,0.0,1.1425967873339426e-17,-1.1841395653124466e-17,8.239693421349084e-17,0.0,1.647938684269817e-14,1.0
33.68,0.0,0.0,0.0,0.0,1.4533978085307515e-17,-1.5224538534880716e-17,4.672583872245737e-17,0.0,9.345167744491474e-15,1.0
33.69,0.0,0.0,0.0,0.0,1.1391383856951647e-17,-1.1632987941521634e-17,1.0433308510122329e-16,0.0,2.0866617020244658e-14,1.0
33.7,0.0,0.0,0.0,0.0,2.0000897479277324e-18,-9.769793352568817e-18,6.486529828980349e-17,0.0,1.2973059657960697e-14,1.0
33.71,0.0,0.0,0.0,0.0,1.2781459123767841e-17,-1.1824591374577305e-17,3.67734086273453e-17,0.0,7.35468172546906e-15,1.0
33.72,0.0,0.0,0.0,0.0,1.3074377418461515e-17,-8.832120166580239e-18,1.0987524345023275e-16,0.0,2.197504869004655e-14,1.0
33.730000000000004,0.0,0.0,0.0,0.0,-4.856438623101292e-18,-2.0018071930476768e-17,8.251611204197478e-17,0.0,1.6503222408394956e-14,1.0
33.74,0.0,0.0,0.0,0.0,2.2489555128769768e-17,4.933253388598632e-18,4.688250910079274e-17,0.0,9.376501820158547e-15,1.0
33.75,0.0,0.0,0.0,0.0,1.676691673739695e-17,-1.8150425981358848e-18,6.973917168944483e-17,0.0,1.3947834337888966e-14,1.0
33.76,0.0,0.0,0.0,0.0,-3.885808538635501e-18,-1.1470095198073024e-17,1.1684725508879768e-16,0.0,2.3369451017759534e-14,1.0
33.77,0.0,0.0,0.0,0.0,2.0944903630301865e-18,-2.458998336316121e-17,1.0891573267278242e-16,0.0,2.1783146534556485e-14,1.0
33.78,0.0,0.0,0.0,0.0,-5.115132640182015e-18,-5.49140963940705e-18,5.95475780564421e-17,0.0,1.190951561128842e-14,1.0
33.79,0.0,0.0,0.0,0.0,2.322397734536315e-18,-8.56776445964195e-18,5.964811886734686e-17,0.0,1.192962377346937e-14,1.0
33.8,0.0,0.0,0.0,0.0,3.713936645435926e-18,-6.275798156026992e-18,1.2416917016315838e-16,0.0,2.4833834032631677e-14,1.0
33.81,0.0,0.0,0.0,0.0,1.5812925167504766e-17,-1.0816421973965363e-17,1.4046212164166084e-16,0.0,2.809242432833217e-14,1.0
33.82,0.0,0.0,0.0,0.0,2.73213293508876e-17,9.790134394762084e-18,1.0742137264319809e-16,0.0,2.1484274528639618e-14,1.0
33.83,0.0,0.0,0.0,0.0,-4.018735708248865e-18,-4.742319086924677e-18,9.131652781640584e-17,0.0,1.8263305563281167e-14,1.0
33.84,0.0,0.0,0.0,0.0,6.44908023207522e-18,-2.5029008405647183e-17,6.940989197713082e-17,0.0,1.3881978395426164e-14,1.0
33.85,0.0,0.0,0.0,0.0,1.103560454314412e-17,-9.650601014863322e-18,1.007869690079301e-16,0.0,2.015739380158602e-14,1.0
33.86,0.0,0.0,0.0,0.0,9.636913978649231e-18,-8.945422106314808e-18,1.2314846734019186e-16,0.0,2.4629693468038373e-14,1.0
33.87,0.0,0.0,0.0,0.0,1.113471294226871e-17,-2.005831056094018e-17,8.255889365475766e-17,0.0,1.651177873095153e-14,1.0
33.88,0.0,0.0,0.0,0.0,1.683008862147038e-18,-2.772991085754749e-18,4.7847682282025636e-17,0.0,9.569536456405126e-15,1.0
33.89,0.0,0.0,0.0,0.0,9.304085615037407e-18,-1.366983566933815e-17,1.5941800210964064e-17,0.0,3.188360042192813e-15,1.0
33.9,0.0,0.0,0.0,0.0,1.355708252321647e-17,-1.9960245281195538e-17,7.523879742545465e-17,0.0,1.504775948509093e-14,1.0
33.910000000000004,0.0,0.0,0.0,0.0,2.3916963670749344e-18,-1.1645899109972112e-17,1.5153227801651038e-16,0.0,3.030645560330208e-14,1.0
33.92,0.0,0.0,0.0,0.0,1.1989978486366e-17,-1.8880617932125848e-17,1.2596880642468494e-16,0.0,2.5193761284936987e-14,1.0
33.93,0.0,0.0,0.0,0.0,1.774755387758492e-18,-3.096211071717964e-17,1.1622090036252227e-16,0.0,2.3244180072504454e-14,1.0
33.94,0.0,0.0,0.0,0.0,2.275231961684717e-18,-1.559025191960077e-17,1.283080846518494e-16,0.0,2.5661616930369883e-14,1.0
33.95,0.0,0.0,0.0,0.0,1.454037476414536e-17,-1.5320865217646838e-17,1.3569592573587717e-16,0.0,2.7139185147175435e-14,1.0
33.96,0.0,0.0,0.0,0.0,1.7982364152706846e-17,-1.144152048493225e-17,1.826600977553955e-16,0.0,3.65320195510791e-14,1.0
33.97,0.0,0.0,0.0,0.0,9.379616163819432e-18,-1.3975715580657305e-17,1.2228306449216064e-16,0.0,2.4456612898432128e-14,1.0
33.980000000000004,0.0,0.0,0.0,0.0,-4.911121385681165e-19,-2.951845925017535e-17,3.7987876065458486e-17,0.0,7.597575213091697e-15,1.0
33.99,0.0,0.0,0.0,0.0,1.2152559709197238e-17,-8.384009743588968e-18,7.386958633567529e-17,0.0,1.477391726713506e-14,1.0
34.0,0.0,0.0,0.0,0.0,2.001899726665744e-17,-5.126548638817421e-18,1.675942269515461e-17,0.0,3.3518845390309218e-15,1.0
34.01,0.0,0.0,0.0,0.0,8.566355870753631e-18,-1.2757689510023616e-17,9.711886087131719e-17,0.0,1.9423772174263438e-14,1.0
34.02,0.0,0.0,0.0,0.0,2.823756944114665e-18,-9.299468997109212e-18,7.24497871200661e-17,0.0,1.448995742401322e-14,1.0
34.03,0.0,0.0,0.0,0.0,1.9160038654891597e-17,-1.1011356608515055e-17,7.961195339967853e-17,0.0,1.5922390679935706e-14,1.0
34.04,0.0,0.0,0.0,0.0,1.0576557784683689e-17,-1.4819157416153374e-17,9.238561744629236e-17,0.0,1.8477123489258473e-14,1.0
34.05,0.0,0.0,0.0,0.0,1.2540796073477046e-17,-1.3028337343364273e-17,3.873236338932175e-17,0.0,7.746472677864351e-15,1.0
34.06,0.0,0.0,0.0,0.0,-4.3639510966379886e-18,-1.1021292299914532e-17,6.306682056777827e-17,0.0,1.2613364113555654e-14,1.0
34.07,0.0,0.0,0.0,0.0,1.586112776939728e-17,-9.298242778137145e-18,1.2346384275803982e-16,0.0,2.4692768551607962e-14,1.0
34.08,0.0,0.0,0.0,0.0,1.2598937794428674e-17,-7.847791280032413e-18,2.0006594835195235e-16,0.0,4.001318967039047e-14,1.0
34.09,0.0,0.0,0.0,0.0,1.2913007036104449e-17,-8.03692036034299e-18,2.272315524779495e-16,0.0,4.544631049558989e-14,1.0
34.1,0.0,0.0,0.0,0.0,1.3665692038729535e-18,5.7448144340464585e-18,2.574295015050667e-16,0.0,5.148590030101334e-14,1.0
34.11,0.0,0.0,0.0,0.0,-3.0551391025920813e-18,8.270480191956175e-18,2.4615118297460623e-16,0.0,4.923023659492125e-14,1.0
34.12,0.0,0.0,0.0,0.0,1.4906967116718924e-17,-3.312268119802539e-18,2.4559693876725135e-16,0.0,4.911938775345027e-14,1.0
34.13,0.0,0.0,0.0,0.0,1.4533485199827284e-17,3.5237059488924385e-19,2.4928537130528633e-16,0.0,4.9857074261057264e-14,1.0
34.14,0.0,0.0,0.0,0.0,1.4308127791005454e-17,4.689892722049279e-18,2.4982595170616503e-16,0.0,4.996519034123301e-14,1.0
34.15,0.0,0.0,0.0,0.0,1.6049937758222412e-17,-2.966856632082044e-18,1.9050009729050351e-16,0.0,3.8100019458100703e-14,1.0
34.160000000000004,0.0,0.0,0.0,0.0,1.7641513753239248e-17,-4.833161556242458e-18,1.6258930804188137e-16,0.0,3.2517861608376273e-14,1.0
34.17,0.0,0.0,0.0,0.0,1.3142406712158676e-17,-1.5728914317371545e-17,1.4187078257239602e-16,0.0,2.8374156514479204e-14,1.0
34.18,0.0,0.0,0.0,0.0,1.2255114873630448e-17,-1.640295867076677e-17,1.1273963763230223e-16,0.0,2.2547927526460446e-14,1.0
34.19,0.0,0.0,0.0,0.0,6.3685039481834735e-18,-1.2724167465834935e-17,1.143846254217196e-16,0.0,2.2876925084343917e-14,1.0
34.2,0.0,0.0,0.0,0.0,1.093961688419957e-17,-1.558900354244651e-17,1.2715279514881387e-16,0.0,2.5430559029762774e-14,1.0
34.21,0.0,0.0,0.0,0.0,9.395400878421381e-18,-2.522294530463435e-17,1.0141946354064618e-16,0.0,2.0283892708129236e-14,1.0
34.22,0.0,0.0,0.0,0.0,6.724392586330026e-18,-2.162400386323147e-17,9.123683574844496e-17,0.0,1.824736714968899e-14,1.0
34.230000000000004,0.0,0.0,0.0,0.0,8.24552346532411e-18,-1.0016462160648798e-17,1.427038650893791e-16,0.0,2.854077301787582e-14,1.0
34.24,0.0,0.0,0.0,0.0,7.786639817899102e-18,-1.0526386845057048e-17,1.5370485025919364e-16,0.0,3.0740970051838725e-14,1.0
34.25,0.0,0.0,0.0,0.0,-5.681159186874884e-18,-4.1529711448441834e-18,2.274130061679382e-16,0.0,4.548260123358764e-14,1.0
34.26,0.0,0.0,0.0,0.0,-9.755376725513084e-18,-1.651214498665069e-18,2.163439677184791e-16,0.0,4.326879354369582e-14,1.0
34.27,0.0,0.0,0.0,0.0,-3.2812204909346635e-18,6.425312203661662e-19,1.8959741681547772e-16,0.0,3.791948336309554e-14,1.0
34.28,0.0,0.0,0.0,0.0,1.0353836433746707e-17,-1.2072212476364726e-17,9.559070250432327e-17,0.0,1.9118140500864653e-14,1.0
34.29,0.0,0.0,0.0,0.0,8.527286859931812e-18,-1.1392378214890952e-17,9.833614439748902e-17,0.0,1.9667228879497805e-14,1.0
34.300000000000004,0.0,0.0,0.0,0.0,9.99744556605175e-18,-6.837459028594064e-18,7.326706020325465e-17,0.0,1.465341204065093e-14,1.0
34.31,0.0,0.0,0.0,0.0,1.4863102778770796e-17,-1.2271684078081179e-17,5.968414903356708e-17,0.0,1.1936829806713415e-14,1.0
34.32,0.0,0.0,0.0,0.0,1.8563878766388176e-17,-8.28512803471415e-18,5.0368705340629854e-17,0.0,1.0073741068125971e-14,1.0
34.33,0.0,0.0,0.0,0.0,1.4813174965491775e-17,-1.2562993835923078e-17,1.121277386705326e-16,0.0,2.2425547734106517e-14,1.0
34.34,0.0,0.0,0.0,0.0,9.409541972055448e-18,-8.22955680959967e-18,1.4476826448513662e-16,0.0,2.895365289702732e-14,1.0
34.35,0.0,0.0,0.0,0.0,7.293028746179011e-18,-1.8638846427709103e-17,1.5153791742719344e-16,0.0,3.030758348543869e-14,1.0
34.36,0.0,0.0,0.0,0.0,1.3275841742332453e-17,-1.2991462098419668e-17,2.1195145096377701e-16,0.0,4.23902901927554e-14,1.0
34.37,0.0,0.0,0.0,0.0,1.3759994389424265e-17,-2.7093530445378787e-17,2.6308596648164086e-16,0.0,5.261719329632817e-14,1.0
34.38,0.0,0.0,0.0,0.0,3.313617887643455e-17,-1.97917072862201e-17,2.778784450768594e-16,0.0,5.557568901537188e-14,1.0
34.39,0.0,0.0,0.0,0.0,2.028327393341283e-17,-2.02350185581406e-17,2.4251521759728013e-16,0.0,4.850304351945602e-14,1.0
34.4,0.0,0.0,0.0,0.0,1.7271074303358576e-17,-7.230593118836299e-18,1.6580205058087586e-16,0.0,3.316041011617517e-14,1.0
34.410000000000004,0.0,0.0,0.0,0.0,1.682074349613711e-17,-2.237568985561256e-17,1.799728163276933e-16,0.0,3.599456326553866e-14,1.0
34.42,0.0,0.0,0.0,0.0,6.764953680567222e-18,-6.521610631681187e-18,1.5048907512351365e-16,0.0,3.009781502470273e-14,1.0
34.43,0.0,0.0,0.0,0.0,2.2685458490539423e-17,-5.299395076190732e-18,1.8179935166153873e-16,0.0,3.6359870332307745e-14,1.0
34.44,0.0,0.0,0.0,0.0,1.9207600870558677e-18,5.898870520308591e-20,1.3273813964591185e-16,0.0,2.6547627929182368e-14,1.0
34.45,0.0,0.0,0.0,0.0,1.500142194067938e-17,-6.8791554537420105e-18,7.463520706495017e-17,0.0,1.4927041412990032e-14,1.0
34.46,0.0,0.0,0.0,0.0,3.14864403489087e-18,-1.6300400613888746e-17,7.698068421143427e-17,0.0,1.5396136842286855e-14,1.0
34.47,0.0,0.0,0.0,0.0,5.231195195800133e-18,-9.803016870990959e-18,2.0264256017872318e-16,0.0,4.0528512035744633e-14,1.0
34.480000000000004,0.0,0.0,0.0,0.0,6.322535267340608e-18,-9.349749220688936e-18,2.3253186407134374e-16,0.0,4.6506372814268744e-14,1.0
34.49,0.0,0.0,0.0,0.0,-8.939464737095662e-18,6.8920785503164954e-18,1.6609189366963093e-16,0.0,3.321837873392619e-14,1.0
34.5,0.0,0.0,0.0,0.0,-2.4010719088126464e-18,5.300444237190375e-19,1.8457507840572326e-16,0.0,3.691501568114465e-14,1.0
34.51,0.0,0.0,0.0,0.0,1.3477433658783643e-17,-1.389877150734925e-17,2.0674433306788895e-16,0.0,4.134886661357779e-14,1.0
34.52,0.0,0.0,0.0,0.0,1.0084257035138466e-17,-8.08959849187069e-18,2.368855283451916e-16,0.0,4.7377105669038317e-14,1.0
34.53,0.0,0.0,0.0,0.0,1.3508397998727081e-17,-1.319213485398256e-17,2.684328718183854e-16,0.0,5.368657436367708e-14,1.0
34.54,0.0,0.0,0.0,0.0,8.676921433682987e-18,-4.912225377235272e-19,2.4470520086546503e-16,0.0,4.894104017309301e-14,1.0
34.550000000000004,0.0,0.0,0.0,0.0,3.1023007555154816e-19,-3.5110232962874604e-18,1.789270869948355e-16,0.0,3.57854173989671e-14,1.0
34.56,0.0,0.0,0.0,0.0,-1.4954727184733672e-18,-1.1181376643085589e-17,2.6649781943601025e-16,0.0,5.329956388720205e-14,1.0
34.57,0.0,0.0,0.0,0.0,1.7667592217999022e-17,-1.712613837640653e-17,3.3624398971385494e-16,0.0,6.724879794277099e-14,1.0
34.58,0.0,0.0,0.0,0.0,7.760464748111218e-18,-4.093759361055258e-18,2.1466668426013345e-16,0.0,4.293333685202669e-14,1.0
34.59,0.0,0.0,0.0,0.0,6.475922360355812e-18,-4.395123821432287e-18,5.781054407445342e-17,0.0,1.1562108814890684e-14,1.0
34.6,0.0,0.0,0.0,0.0,1.6892900070022277e-17,-7.83591880442859e-18,3.5463078053311965e-17,0.0,7.092615610662393e-15,1.0
34.61,0.0,0.0,0.0,0.0,2.3829863877325112e-17,-2.5423505909247562e-17,2.771415668930416e-17,0.0,5.542831337860832e-15,1.0
34.62,0.0,0.0,0.0,0.0,3.065295860153899e-17,-3.270741233587221e-17,5.050674522285179e-17,0.0,1.0101349044570358e-14,1.0
34.63,0.0,0.0,0.0,0.0,8.725841441793578e-18,-2.0387805800192936e-17,9.161349638041249e-17,0.0,1.8322699276082496e-14,1.0
34.64,0.0,0.0,0.0,0.0,1.1684946066433477e-17,-1.2415491636293536e-17,1.4966886617030866e-16,0.0,2.9933773234061733e-14,1.0
34.65,0.0,0.0,0.0,0.0,1.0469308656059173e-17,-1.0335984797654444e-17,1.969780109570177e-16,0.0,3.939560219140354e-14,1.0
34.660000000000004,0.0,0.0,0.0,0.0,1.4165899537653242e-17,-1.2388382207628807e-17,9.801533071303795e-17,0.0,1.960306614260759e-14,1.0
34.67,0.0,0.0,0.0,0.0,1.0224587306761976e-19,1.3015263150744444e-18,1.183119464461437e-16,0.0,2.3662389289228738e-14,1.0
34.68,0.0,0.0,0.0,0.0,1.137010419769061e-17,-9.768508634197586e-18,7.450678450482651e-17,0.0,1.49013569009653e-14,1.0
34.69,0.0,0.0,0.0,0.0,1.1161062514551053e-17,-2.061170986927628e-17,5.1074892732910884e-17,0.0,1.0214978546582176e-14,1.0
34.7,0.0,0.0,0.0,0.0,1.6817834000198462e-17,-9.562125688474641e-18,1.7063312842415647e-16,0.0,3.412662568483129e-14,1.0
34.71,0.0,0.0,0.0,0.0,1.3950366653743352e-17,-1.4570136156101247e-17,9.599944624559056e-17,0.0,1.9199889249118112e-14,1.0
34.72,0.0,0.0,0.0,0.0,2.1081898123427106e-18,-1.0578666311425989e-17,3.857617028169931e-17,0.0,7.715234056339861e-15,1.0
34.730000000000004,0.0,0.0,0.0,0.0,1.3586583013258387e-17,-1.0662771738888297e-17,2.6901854385414633e-17,0.0,5.380370877082927e-15,1.0
34.74,0.0,0.0,0.0,0.0,1.519611846778798e-17,-2.032590827317117e-17,8.968532412030764e-17,0.0,1.7937064824061528e-14,1.0
34.75,0.0,0.0,0.0,0.0,1.9016188070627967e-17,-1.5022753258627564e-17,8.839243515683256e-17,0.0,1.7678487031366512e-14,1.0
34.76,0.0,0.0,0.0,0.0,2.696167052233494e-17,-6.47314609375234e-18,8.251828819443142e-17,0.0,1.6503657638886283e-14,1.0
34.77,0.0,0.0,0.0,0.0,1.7423180998797274e-17,-1.3103096206225945e-17,7.735498648257427e-17,0.0,1.5470997296514853e-14,1.0
34.78,0.0,0.0,0.0,0.0,1.651511696501313e-17,-1.8055289429985678e-17,8.863258585372737e-17,0.0,1.7726517170745475e-14,1.0
34.79,0.0,0.0,0.0,0.0,1.0778481005472356e-17,-1.8042469426518227e-17,1.2494131162348122e-16,0.0,2.4988262324696243e-14,1.0
34.800000000000004,0.0,0.0,0.0,0.0,8.815823722909094e-18,-1.4242586126576247e-17,1.268976984245856e-16,0.0,2.537953968491712e-14,1.0
34.81,0.0,0.0,0.0,0.0,5.8406646083955724e-18,-1.2544781308760691e-17,2.36028014723575e-16,0.0,4.7205602944715e-14,1.0
34.82,0.0,0.0,0.0,0.0,6.89983674322347e-18,-1.1357513483209042e-17,2.4417763010961926e-16,0.0,4.883552602192385e-14,1.0
34.83,0.0,0.0,0.0,0.0,-4.83435294381695e-18,-6.169483863533109e-18,2.3804962067699763e-16,0.0,4.7609924135399524e-14,1.0
34.84,0.0,0.0,0.0,0.0,-1.768306902183192e-18,-4.34865002081326e-18,2.329978032039673e-16,0.0,4.659956064079346e-14,1.0
34.85,0.0,0.0,0.0,0.0,-5.995853418170299e-19,-3.1588747352590838e-18,2.7609427912140383e-16,0.0,5.521885582428077e-14,1.0
34.86,0.0,0.0,0.0,0.0,1.8618496394127547e-18,6.445720683201163e-18,2.6420174005758686e-16,0.0,5.284034801151737e-14,1.0
34.87,0.0,0.0,0.0,0.0,2.839458405706206e-18,4.50746591032442e-18,2.4518156168841594e-16,0.0,4.903631233768319e-14,1.0
34.88,0.0,0.0,0.0,0.0,8.989009703254277e-18,3.957422544422652e-18,3.4577915356262485e-16,0.0,6.915583071252497e-14,1.0
34.89,0.0,0.0,0.0,0.0,7.767046586607087e-18,4.085608883770771e-18,3.878311705584925e-16,0.0,7.75662341116985e-14,1.0
34.9,0.0,0.0,0.0,0.0,-9.716160205819025e-19,3.1435491632480935e-18,3.7980157826702217e-16,0.0,7.596031565340444e-14,1.0
34.910000000000004,0.0,0.0,0.0,0.0,1.4386013854951757e-19,1.796491331188494e-18,3.710988340011216e-16,0.0,7.421976680022432e-14,1.0
34.92,0.0,0.0,0.0,0.0,1.86455281290052e-18,-9.519292743884458e-19,3.074026595850318e-16,0.0,6.148053191700635e-14,1.0
34.93,0.0,0.0,0.0,0.0,4.230545842412143e-18,-6.2173661372731075e-18,1.6919882154936597e-16,0.0,3.383976430987319e-14,1.0
34.94,0.0,0.0,0.0,0.0,-1.1523543271238513e-18,-3.1008748231383088e-18,1.5526267284162674e-16,0.0,3.1052534568325343e-14,1.0
34.95,0.0,0.0,0.0,0.0,1.3451667994502637e-17,-2.09248516910076e-17,2.534642145781616e-16,0.0,5.0692842915632326e-14,1.0
34.96,0.0,0.0,0.0,0.0,1.2250697399829132e-17,-1.8622558875414792e-17,2.5787699449298836e-16,0.0,5.157539889859767e-14,1.0
34.97,0.0,0.0,0.0,0.0,-2.7186445373788445e-18,-1.4473934370638118e-17,2.68285259017563e-16,0.0,5.3657051803512604e-14,1.0
34.980000000000004,0.0,0.0,0.0,0.0,-5.8671361334863396e-18,-2.5876265174112173e-18,2.366880913105193e-16,0.0,4.733761826210386e-14,1.0
34.99,0.0,0.0,0.0,0.0,-4.0328118514524665e-18,-1.771911772730968e-17,1.9783478096127953e-16,0.0,3.9566956192255905e-14,1.0
35.0,0.0,0.0,0.0,0.0,3.2072662338004044e-18,-3.7387130241970485e-18,1.5193004057967055e-16,0.0,3.038600811593411e-14,1.0
35.01,0.0,0.0,0.0,0.0,4.553714828425252e-18,-1.1921218768306675e-17,1.0965207061684122e-16,0.0,2.1930414123368243e-14,1.0
35.02,0.0,0.0,0.0,0.0,1.8226315214789405e-18,-1.130677779898167e-17,1.533148986245597e-16,0.0,3.066297972491194e-14,1.0
35.03,0.0,0.0,0.0,0.0,1.2235043812809404e-17,-1.4114320982148567e-17,1.9624812194064925e-16,0.0,3.924962438812985e-14,1.0
35.04,0.0,0.0,0.0,0.0,3.1606418220680023e-18,-1.4141725433932608e-17,2.0254307322025816e-16,0.0,4.050861464405163e-14,1.0
35.050000000000004,0.0,0.0,0.0,0.0,1.659763030841393e-17,-1.8476419484861988e-17,2.244250724055707e-16,0.0,4.488501448111414e-14,1.0
35.06,0.0,0.0,0.0,0.0,1.6660988179776994e-17,-1.4235082397820538e-17,1.3508935389296542e-16,0.0,2.7017870778593082e-14,1.0
35.07,0.0,0.0,0.0,0.0,-1.2642140940976228e-18,-1.0214189865696262e-17,5.423336048878313e-17,0.0,1.0846672097756625e-14,1.0
35.08,0.0,0.0,0.0,0.0,1.7543174720080592e-17,-9.930966149115319e-18,5.803341534885932e-17,0.0,1.1606683069771863e-14,1.0
35.09,0.0,0.0,0.0,0.0,1.1576467458632142e-17,4.037556715973503e-18,4.815141160142008e-17,0.0,9.630282320284016e-15,1.0
35.1,0.0,0.0,0.0,0.0,1.605654726317415e-17,-1.1686662594410109e-17,6.265259854215297e-17,0.0,1.2530519708430594e-14,1.0
35.11,0.0,0.0,0.0,0.0,9.100141951532775e-18,-6.4764064982683205e-18,1.0060795014748735e-17,0.0,2.012159002949747e-15,1.0
35.12,0.0,0.0,0.0,0.0,1.2960644252912994e-17,-1.301020486987405e-17,4.19095686776596e-17,0.0,8.38191373553192e-15,1.0
35.13,0.0,0.0,0.0,0.0,1.0342758555093078e-17,3.248013444809251e-18,6.069955670345925e-17,0.0,1.213991134069185e-14,1.0
35.14,0.0,0.0,0.0,0.0,-3.314121449313384e-19,-7.241345841137193e-18,2.6863970021851827e-17,0.0,5.3727940043703655e-15,1.0
35.15,0.0,0.0,0.0,0.0,1.4300152433795443e-17,-1.3842256982237588e-18,6.647747983354368e-17,0.0,1.3295495966708734e-14,1.0
35.160000000000004,0.0,0.0,0.0,0.0,1.8649966448729154e-18,2.8143198365722074e-18,7.497223177532181e-17,0.0,1.499444635506436e-14,1.0
35.17,0.0,0.0,0.0,0.0,9.784291907443716e-18,-1.4160401395659432e-17,1.0319124342781638e-16,0.0,2.0638248685563275e-14,1.0
35.18,0.0,0.0,0.0,0.0,-2.833825978333914e-18,-8.603263031617609e-18,6.525760834344623e-17,0.0,1.3051521668689247e-14,1.0
35.19,0.0,0.0,0.0,0.0,-1.4127765967338717e-18,-5.198740164065553e-19,6.430230015657983e-17,0.0,1.2860460031315966e-14,1.0
35.2,0.0,0.0,0.0,0.0,-5.2910818260056886e-20,4.821743567570364e-19,4.0786339666684443e-17,0.0,8.15726793333689e-15,1.0
35.21,0.0,0.0,0.0,0.0,2.5233294090980442e-18,-7.925214149095888e-18,4.793656391154848e-17,0.0,9.587312782309696e-15,1.0
35.22,0.0,0.0,0.0,0.0,3.69170491000845e-18,1.047268968685172e-17,5.3532850427008716e-17,0.0,1.0706570085401742e-14,1.0
35.230000000000004,0.0,0.0,0.0,0.0,1.5756761229681784e-17,-2.246837694454656e-18,1.5051420939419226e-16,0.0,3.010284187883845e-14,1.0
35.24,0.0,0.0,0.0,0.0,1.3363654559567054e-17,-1.3226060509353917e-17,1.315990753602725e-16,0.0,2.6319815072054502e-14,1.0
35.25,0.0,0.0,0.0,0.0,1.2529206710595441e-17,-1.3767031259487222e-17,1.6686106205956229e-16,0.0,3.3372212411912456e-14,1.0
35.26,0.0,0.0,0.0,0.0,1.412068536363272e-17,-1.6250872134204818e-17,2.9680886967326687e-16,0.0,5.936177393465337e-14,1.0
35.27,0.0,0.0,0.0,0.0,1.4870756753561505e-17,-2.044272057163066e-17,2.469501691106508e-16,0.0,4.939003382213016e-14,1.0
35.28,0.0,0.0,0.0,0.0,1.1086047480885686e-17,-1.741328651508466e-17,1.8981536514639828e-16,0.0,3.7963073029279657e-14,1.0
35.29,0.0,0.0,0.0,0.0,1.152360581224422e-17,-1.5138938434318812e-17,1.8370284022701449e-16,0.0,3.67405680454029e-14,1.0
35.300000000000004,0.0,0.0,0.0,0.0,-2.442135455367455e-18,-6.1492588005515324e-18,9.838629823229757e-17,0.0,1.9677259646459514e-14,1.0
35.31,0.0,0.0,0.0,0.0,-1.1770083031699052e-18,-5.152338312735262e-18,9.948481173272534e-17,0.0,1.9896962346545065e-14,1.0
35.32,0.0,0.0,0.0,0.0,-7.613798979904838e-19,2.4388968532109715e-18,1.2951274847467022e-16,0.0,2.5902549694934043e-14,1.0
35.33,0.0,0.0,0.0,0.0,6.95624754503629e-18,1.0153656104366436e-18,1.1799758551674229e-16,0.0,2.3599517103348456e-14,1.0
35.34,0.0,0.0,0.0,0.0,1.7705971142099726e-17,-1.6768835157435513e-17,6.354405343616774e-17,0.0,1.2708810687233548e-14,1.0
35.35,0.0,0.0,0.0,0.0,2.4593097426977245e-19,-6.11987701450475e-18,6.598366691017641e-17,0.0,1.3196733382035283e-14,1.0
35.36,0.0,0.0,0.0,0.0,3.546855043248075e-18,7.40305579535817e-19,1.5659908431701952e-16,0.0,3.131981686340391e-14,1.0
35.37,0.0,0.0,0.0,0.0,1.0643851167350487e-17,1.3088474324461757e-18,7.270183712158755e-17,0.0,1.454036742431751e-14,1.0
35.38,0.0,0.0,0.0,0.0,1.873710823500088e-17,-1.717752664298351e-17,4.9117082583391946e-17,0.0,9.823416516678389e-15,1.0
35.39,0.0,0.0,0.0,0.0,-4.894729663503183e-18,6.037455255668853e-18,7.617218562331799e-17,0.0,1.52344371246636e-14,1.0
35.4,0.0,0.0,0.0,0.0,1.410849359900418e-18,7.531480353757447e-20,1.1078373552811494e-16,0.0,2.2156747105622987e-14,1.0
35.410000000000004,0.0,0.0,0.0,0.0,9.738389508044945e-18,-6.497565220968506e-19,8.121998254861815e-17,0.0,1.6243996509723628e-14,1.0
35.42,0.0,0.0,0.0,0.0,8.794494110031131e-18,-7.6196293622973765e-19,6.722013427734489e-17,0.0,1.3444026855468977e-14,1.0
35.43,0.0,0.0,0.0,0.0,7.5875476353119e-19,-9.972609786495513e-18,1.1129720349081165e-16,0.0,2.225944069816233e-14,1.0
35.44,0.0,0.0,0.0,0.0,-9.913928051890963e-20,-9.80108037730026e-18,7.886805403689605e-17,0.0,1.577361080737921e-14,1.0
35.45,0.0,0.0,0.0,0.0,8.610338136417597e-18,-7.570885298176024e-20,5.905333283618896e-17,0.0,1.1810666567237791e-14,1.0
35.46,0.0,0.0,0.0,0.0,7.636688447215063e-19,-8.301072615449354e-19,1.200493436635061e-16,0.0,2.400986873270122e-14,1.0
35.47,0.0,0.0,0.0,0.0,1.5843819235464198e-18,1.6521576691325615e-18,1.2532422240617023e-16,0.0,2.5064844481234045e-14,1.0
35.480000000000004,0.0,0.0,0.0,0.0,2.0506359250829924e-17,-1.5549848017134917e-17,1.3773098676352298e-16,0.0,2.7546197352704595e-14,1.0
35.49,0.0,0.0,0.0,0.0,9.931977981165087e-18,1.2197222035151787e-17,1.116211097605359e-16,0.0,2.232422195210718e-14,1.0
35.5,0.0,0.0,0.0,0.0,8.311990651813872e-18,1.987245415800609e-18,8.989124617410901e-17,0.0,1.7978249234821803e-14,1.0
35.51,0.0,0.0,0.0,0.0,8.024641341478146e-18,2.0903043492161502e-18,1.0459296177255562e-16,0.0,2.0918592354511123e-14,1.0
35.52,0.0,0.0,0.0,0.0,-5.67082088712513e-19,8.924665100273845e-19,1.092157952044562e-16,0.0,2.184315904089124e-14,1.0
35.53,0.0,0.0,0.0,0.0,2.222977471649656e-19,-1.1510840034163061e-18,9.704288129702818e-17,0.0,1.9408576259405638e-14,1.0
35.54,0.0,0.0,0.0,0.0,9.294080049759344e-18,-3.2591537881146553e-18,6.980224964076439e-17,0.0,1.3960449928152878e-14,1.0
35.550000000000004,0.0,0.0,0.0,0.0,6.55891792666505e-18,-3.1573900013053442e-18,2.09434815461129e-17,0.0,4.18869630922258e-15,1.0
35.56,0.0,0.0,0.0,0.0,-4.02615761053264e-18,-1.2491828631993303e-17,4.833154346517853e-17,0.0,9.666308693035706e-15,1.0
35.57,0.0,0.0,0.0,0.0,-8.972912574519973e-19,-3.387604949763055e-18,7.741268498144419e-17,0.0,1.5482536996288837e-14,1.0
35.58,0.0,0.0,0.0,0.0,5.265071667393373e-19,-3.3852981290007023e-18,9.867653169865952e-17,0.0,1.9735306339731903e-14,1.0
35.59,0.0,0.0,0.0,0.0,1.34203181809205e-18,-1.1708257720618849e-17,9.358540887524351e-17,0.0,1.8717081775048702e-14,1.0
35.6,0.0,0.0,0.0,0.0,2.535588757198452e-18,-1.147943493116087e-17,1.3460902950087847e-16,0.0,2.6921805900175692e-14,1.0
35.61,0.0,0.0,0.0,0.0,1.3302256182633017e-17,-1.4514657021573604e-17,6.784515457305819e-17,0.0,1.3569030914611638e-14,1.0
35.62,0.0,0.0,0.0,0.0,1.2048833143632194e-17,-1.223881273231537e-17,3.622204013179392e-17,0.0,7.244408026358785e-15,1.0
35.63,0.0,0.0,0.0,0.0,-2.9690601028438503e-18,-7.071211040964507e-18,5.679112918488706e-17,0.0,1.1358225836977412e-14,1.0
35.64,0.0,0.0,0.0,0.0,-7.341289796781568e-18,7.065546269814321e-18,5.66421853305689e-17,0.0,1.132843706611378e-14,1.0
35.65,0.0,0.0,0.0,0.0,-1.296336983569239e-18,7.121597239584471e-19,6.238199075309669e-17,0.0,1.2476398150619337e-14,1.0
35.660000000000004,0.0,0.0,0.0,0.0,1.82147915258325e-19,-1.5717223198643852e-18,9.144061558370173e-17,0.0,1.8288123116740345e-14,1.0
35.67,0.0,0.0,0.0,0.0,-4.923460337711692e-19,-2.640442555463797e-18,1.2664581295143875e-16,0.0,2.532916259028775e-14,1.0
35.68,0.0,0.0,0.0,0.0,4.558998594263619e-19,-1.2292105738893466e-17,1.266098472946015e-16,0.0,2.53219694589203e-14,1.0
35.69,0.0,0.0,0.0,0.0,3.981802377305477e-19,-9.65144683537919e-18,7.741407322447808e-17,0.0,1.5482814644895616e-14,1.0
35.7,0.0,0.0,0.0,0.0,8.364980464768838e-18,-6.905699543741011e-18,1.4368340206032079e-16,0.0,2.8736680412064154e-14,1.0
35.71,0.0,0.0,0.0,0.0,8.732283916396126e-18,4.1360397931276855e-19,2.265223523591545e-16,0.0,4.53044704718309e-14,1.0
35.72,0.0,0.0,0.0,0.0,1.494030272003711e-17,-1.7766132977567496e-17,1.9877313841354621e-16,0.0,3.975462768270924e-14,1.0
35.730000000000004,0.0,0.0,0.0,0.0,1.465553889304133e-17,-1.6754938110881984e-17,2.064342829019361e-16,0.0,4.128685658038722e-14,1.0
35.74,0.0,0.0,0.0,0.0,-1.9499514502012427e-19,-1.0523299440502489e-17,1.9759706974426022e-16,0.0,3.951941394885204e-14,1.0
35.75,0.0,0.0,0.0,0.0,1.2241295100433358e-18,-9.3385892940009e-18,1.924231883470581e-16,0.0,3.848463766941162e-14,1.0
35.76,0.0,0.0,0.0,0.0,-1.9140463321933037e-19,-1.3559254885333669e-17,2.3712450672735563e-16,0.0,4.742490134547113e-14,1.0
35.77,0.0,0.0,0.0,0.0,5.433979411351538e-18,-8.570853347988178e-18,2.5175080900328973e-16,0.0,5.0350161800657945e-14,1.0
35.78,0.0,0.0,0.0,0.0,2.391664347210323e-17,-1.7729376577074564e-17,2.4730143493256446e-16,0.0,4.946028698651289e-14,1.0
35.79,0.0,0.0,0.0,0.0,9.119397307511852e-18,4.896203169421737e-18,2.344122903745999e-16,0.0,4.688245807491998e-14,1.0
35.800000000000004,0.0,0.0,0.0,0.0,1.42959620059153e-17,-1.61333009487912e-17,2.963222784621551e-16,0.0,5.926445569243102e-14,1.0
35.81,0.0,0.0,0.0,0.0,7.88438154308792e-18,5.913559538767529e-18,2.95984152786809e-16,0.0,5.91968305573618e-14,1.0
35.82,0.0,0.0,0.0,0.0,1.4335231575937763e-17,-1.4253751447387158e-17,2.578797945918621e-16,0.0,5.157595891837242e-14,1.0
35.83,0.0,0.0,0.0,0.0,1.24521170231885e-17,-1.3035925901851003e-17,2.1041355623561668e-16,0.0,4.208271124712333e-14,1.0
35.84,0.0,0.0,0.0,0.0,1.012066021018147e-17,-1.2194252885344977e-17,1.4310437845624553e-16,0.0,2.86208756912491e-14,1.0
35.85,0.0,0.0,0.0,0.0,7.408237473716926e-18,-1.0687695568078758e-17,4.609794237436869e-17,0.0,9.219588474873738e-15,1.0
35.86,0.0,0.0,0.0,0.0,9.253609606164522e-18,-1.1196654981645926e-17,6.31285907658986e-17,0.0,1.262571815317972e-14,1.0
35.87,0.0,0.0,0.0,0.0,-4.998701772890084e-18,6.3514714000465775e-18,1.6039707343751088e-16,0.0,3.2079414687502173e-14,1.0
35.88,0.0,0.0,0.0,0.0,1.953472426254114e-18,6.550044725650471e-19,1.8628926484398163e-16,0.0,3.725785296879633e-14,1.0
35.89,0.0,0.0,0.0,0.0,1.540659544588549e-17,-1.288520251149239e-17,1.510852645181725e-16,0.0,3.02170529036345e-14,1.0
35.9,0.0,0.0,0.0,0.0,1.2747554352473903e-17,-1.2456943214218904e-17,1.0327927708509447e-16,0.0,2.0655855417018893e-14,1.0
35.910000000000004,0.0,0.0,0.0,0.0,4.380282305966958e-18,1.2481934534981393e-18,5.675792510987938e-17,0.0,1.1351585021975875e-14,1.0
35.92,0.0,0.0,0.0,0.0,2.4367146148897255e-18,2.218659557483341e-18,1.2798303041031728e-16,0.0,2.5596606082063457e-14,1.0
35.93,0.0,0.0,0.0,0.0,-3.869309243168768e-18,4.1684066886677906e-19,6.163715116280087e-17,0.0,1.2327430232560172e-14,1.0
35.94,0.0,0.0,0.0,0.0,5.743754062982685e-21,-5.457482044052047e-19,6.687854498899066e-17,0.0,1.3375708997798131e-14,1.0
35.95,0.0,0.0,0.0,0.0,5.833616436909996e-19,-4.059058514187012e-18,3.209840117751012e-17,0.0,6.419680235502024e-15,1.0
35.96,0.0,0.0,0.0,0.0,1.6368624598606068e-17,-5.5770191286076356e-18,9.120875400341154e-17,0.0,1.8241750800682308e-14,1.0
35.97,0.0,0.0,0.0,0.0,4.229301873496354e-18,-1.437057410368205e-17,1.3929992809371585e-16,0.0,2.785998561874317e-14,1.0
35.980000000000004,0.0,0.0,0.0,0.0,1.8585151350680525e-17,-1.8206258657528344e-17,1.483462798464524e-16,0.0,2.966925596929048e-14,1.0
35.99,0.0,0.0,0.0,0.0,1.194083773155581e-17,-1.2086124231351102e-17,1.3100915674390311e-16,0.0,2.620183134878062e-14,1.0
36.0,0.0,0.0,0.0,0.0,2.0022016834080793e-17,-1.2919959024515981e-17,1.7408930665997857e-16,0.0,3.481786133199571e-14,1.0
36.01,0.0,0.0,0.0,0.0,1.1070893130872028e-17,-1.5476776614506896e-17,1.1605324953088162e-16,0.0,2.3210649906176323e-14,1.0
36.02,0.0,0.0,0.0,0.0,1.0855966817701519e-17,-1.3619648111515113e-17,8.465948883722577e-17,0.0,1.6931897767445152e-14,1.0
36.03,0.0,0.0,0.0,0.0,-1.2754170814328086e-17,-6.542099872482908e-18,3.9488272633332634e-17,0.0,7.897654526666527e-15,1.0
36.04,0.0,0.0,0.0,0.0,-3.248962599698158e-18,-5.457706812416791e-18,5.721435862014391e-17,0.0,1.144287172402878e-14,1.0
36.050000000000004,0.0,0.0,0.0,0.0,-3.2132226351285444e-18,-2.732961269057391e-18,1.304284948107808e-16,0.0,2.608569896215616e-14,1.0
36.06,0.0,0.0,0.0,0.0,-4.832833062760766e-20,-2.888862274099752e-19,2.023970162664772e-16,0.0,4.047940325329544e-14,1.0
36.07,0.0,0.0,0.0,0.0,4.626731019035882e-18,8.652196302274595e-18,2.4836080809054183e-16,0.0,4.9672161618108365e-14,1.0
36.08,0.0,0.0,0.0,0.0,5.94019556498133e-18,4.281162969633814e-18,2.230869690402011e-16,0.0,4.461739380804022e-14,1.0
36.09,0.0,0.0,0.0,0.0,1.4726793219058026e-17,2.0271054360007127e-19,1.8104257460201884e-16,0.0,3.620851492040377e-14,1.0
36.1,0.0,0.0,0.0,0.0,1.1122855798229769e-17,-2.1909160795807295e-18,1.227393330072281e-16,0.0,2.454786660144562e-14,1.0
36.11,0.0,0.0,0.0,0.0,7.88900420888098e-18,-4.896440170441081e-18,3.860733860073444e-17,0.0,7.721467720146888e-15,1.0
36.12,0.0,0.0,0.0,0.0,9.324425961625939e-18,-4.284258914423932e-18,8.97976032830995e-17,0.0,1.79595206566199e-14,1.0
36.13,0.0,0.0,0.0,0.0,-5.248643451552656e-18,-2.757595076673524e-17,7.43233543903626e-17,0.0,1.486467087807252e-14,1.0
36.14,0.0,0.0,0.0,0.0,7.580967612292003e-18,-2.019887776372783e-18,5.506065766763171e-17,0.0,1.1012131533526342e-14,1.0
36.15,0.0,0.0,0.0,0.0,1.0512762520921747e-17,-1.397549785114539e-17,1.1257241716664676e-16,0.0,2.2514483433329352e-14,1.0
36.160000000000004,0.0,0.0,0.0,0.0,-3.394654570663137e-18,-1.884338487764646e-17,9.329127671220634e-17,0.0,1.8658255342441267e-14,1.0
36.17,0.0,0.0,0.0,0.0,-1.0821054448510615e-18,-5.831967095280911e-19,5.267149205636471e-17,0.0,1.0534298411272942e-14,1.0
36.18,0.0,0.0,0.0,0.0,-3.344407677747081e-18,3.673925956727014e-18,5.4043032697250153e-17,0.0,1.080860653945003e-14,1.0
36.19,0.0,0.0,0.0,0.0,1.0765746028715653e-17,-1.1590847557104734e-17,2.068667956875772e-17,0.0,4.137335913751544e-15,1.0
36.2,0.0,0.0,0.0,0.0,1.0502898974739814e-17,-1.3279888877016388e-17,5.163979705936985e-17,0.0,1.032795941187397e-14,1.0
36.21,0.0,0.0,0.0,0.0,8.133363989505676e-18,-1.517778250236604e-17,1.2421303206580026e-16,0.0,2.484260641316005e-14,1.0
36.22,0.0,0.0,0.0,0.0,5.986199575116829e-18,-1.0336081036786273e-17,1.4968805650301762e-16,0.0,2.9937611300603523e-14,1.0
36.230000000000004,0.0,0.0,0.0,0.0,2.279811585649089e-18,-1.2363770042209571e-17,1.209137190196458e-16,0.0,2.4182743803929157e-14,1.0
36.24,0.0,0.0,0.0,0.0,1.2943238187900028e-17,-1.4580880767338305e-17,8.287160042698502e-17,0.0,1.6574320085397002e-14,1.0
36.25,0.0,0.0,0.0,0.0,1.1238815950102277e-17,-1.3356413787599377e-17,1.0127883048294368e-16,0.0,2.0255766096588737e-14,1.0
36.26,0.0,0.0,0.0,0.0,-7.320335265509996e-18,-3.516618026152716e-18,9.424108128131733e-17,0.0,1.8848216256263465e-14,1.0
36.27,0.0,0.0,0.0,0.0,-1.4529262281092141e-18,-6.994400501878263e-18,6.078617661211387e-17,0.0,1.2157235322422774e-14,1.0
36.28,0.0,0.0,0.0,0.0,7.69475301709099e-19,-6.770844740850407e-18,2.132023182157759e-17,0.0,4.264046364315518e-15,1.0
36.29,0.0,0.0,0.0,0.0,6.548818129131315e-20,-6.144385884100978e-18,4.410320267208592e-17,0.0,8.820640534417184e-15,1.0
36.300000000000004,0.0,0.0,0.0,0.0,9.043080253465183e-18,-7.820455739694041e-18,5.2159781206446153e-17,0.0,1.043195624128923e-14,1.0
36.31,0.0,0.0,0.0,0.0,8.854123763258113e-18,6.977731054261309e-19,6.990590443351135e-17,0.0,1.3981180886702269e-14,1.0
36.32,0.0,0.0,0.0,0.0,-3.7326379274531915e-18,-4.600584315655926e-18,2.1783795431289098e-17,0.0,4.356759086257819e-15,1.0
36.33,0.0,0.0,0.0,0.0,4.923085436188349e-19,-8.721509261602266e-18,4.7482610559101273e-17,0.0,9.496522111820254e-15,1.0
36.34,0.0,0.0,0.0,0.0,2.1724594471850685e-17,-1.5980678095385096e-17,8.692187289194143e-17,0.0,1.7384374578388287e-14,1.0
36.35,0.0,0.0,0.0,0.0,5.3104065965961586e-18,-2.388708767719852e-18,7.577436072249888e-17,0.0,1.5154872144499777e-14,1.0
36.36,0.0,0.0,0.0,0.0,2.4861618565224953e-17,-4.931436460859613e-18,1.998791428453882e-17,0.0,3.997582856907764e-15,1.0
36.37,0.0,0.0,0.0,0.0,1.193006943518521e-18,-2.823857417323451e-18,4.200133115961571e-17,0.0,8.400266231923142e-15,1.0
36.38,0.0,0.0,0.0,0.0,1.1606733839068803e-17,-1.428694203431225e-17,8.495441247303415e-17,0.0,1.699088249460683e-14,1.0
36.39,0.0,0.0,0.0,0.0,1.3260370817834598e-17,-1.768864984775075e-17,8.113189357743057e-17,0.0,1.6226378715486112e-14,1.0
36.4,0.0,0.0,0.0,0.0,7.604551843866159e-18,-1.0711885041555077e-17,6.629910633780673e-17,0.0,1.3259821267561345e-14,1.0
36.410000000000004,0.0,0.0,0.0,0.0,-2.0930367232680047e-18,-1.787329273859683e-17,6.696785295006668e-17,0.0,1.3393570590013336e-14,1.0
36.42,0.0,0.0,0.0,0.0,-3.799233932707202e-18,-1.5965189867470872e-17,1.384920976580837e-16,0.0,2.7698419531616742e-14,1.0
36.43,0.0,0.0,0.0,0.0,-5.438345525314617e-18,-1.4876353853579746e-17,2.0953008842744297e-16,0.0,4.190601768548859e-14,1.0
36.44,0.0,0.0,0.0,0.0,-1.2675480620925429e-17,1.270528561632025e-17,1.6598313545648227e-16,0.0,3.319662709129645e-14,1.0
36.45,0.0,0.0,0.0,0.0,1.781484435005974e-18,-2.550096980353803e-18,7.24751541397815e-17,0.0,1.44950308279563e-14,1.0
36.46,0.0,0.0,0.0,0.0,4.842643687636925e-18,-4.453287306787789e-18,7.895474894315055e-17,0.0,1.579094978863011e-14,1.0
36.47,0.0,0.0,0.0,0.0,2.109639748664291e-17,-1.8133615418531057e-17,9.650096372295123e-17,0.0,1.9300192744590246e-14,1.0
36.480000000000004,0.0,0.0,0.0,0.0,1.633570008062682e-17,-1.1234633008094658e-17,1.1051237350926814e-16,0.0,2.2102474701853625e-14,1.0
36.49,0.0,0.0,0.0,0.0,1.569382616796994e-17,-1.1089426379404731e-17,1.4884656886802224e-16,0.0,2.976931377360445e-14,1.0
36.5,0.0,0.0,0.0,0.0,1.4460355804960912e-17,-1.0621907647502724e-17,1.6413982774595117e-16,0.0,3.2827965549190237e-14,1.0
36.51,0.0,0.0,0.0,0.0,1.2886692612138686e-17,-1.004514398554419e-17,1.6688460851409104e-16,0.0,3.337692170281821e-14,1.0
36.52,0.0,0.0,0.0,0.0,1.0923623172020889e-17,-1.0155970316305375e-17,1.5570827139482762e-16,0.0,3.1141654278965525e-14,1.0
36.53,0.0,0.0,0.0,0.0,9.756914270668697e-18,-1.1138670700868637e-17,1.7340618994859372e-16,0.0,3.4681237989718746e-14,1.0
36.54,0.0,0.0,0.0,0.0,9.17470383604826e-18,-1.280373295635842e-17,2.1255162918133216e-16,0.0,4.2510325836266433e-14,1.0
36.550000000000004,0.0,0.0,0.0,0.0,9.432911713444261e-18,-1.2529529917115735e-17,2.280940469185936e-16,0.0,4.5618809383718724e-14,1.0
36.56,0.0,0.0,0.0,0.0,9.11127941621714e-18,-2.9519194278892454e-17,1.9150000341210623e-16,0.0,3.8300000682421246e-14,1.0
36.57,0.0,0.0,0.0,0.0,8.557344527853693e-18,-2.843174124231851e-17,1.8684498671911777e-16,0.0,3.7368997343823555e-14,1.0
36.58,0.0,0.0,0.0,0.0,8.218033250280778e-18,-9.990431164790596e-18,1.9882026940544093e-16,0.0,3.976405388108819e-14,1.0
36.59,0.0,0.0,0.0,0.0,6.944210558409804e-18,-7.297346040891834e-18,1.0742087247463426e-16,0.0,2.148417449492685e-14,1.0
36.6,0.0,0.0,0.0,0.0,7.596049814794169e-18,-2.571621502902058e-17,1.0743776286081484e-16,0.0,2.1487552572162967e-14,1.0
36.61,0.0,0.0,0.0,0.0,7.815249688266198e-18,-7.47868211990166e-18,1.0862125252197388e-16,0.0,2.1724250504394775e-14,1.0
36.62,0.0,0.0,0.0,0.0,7.16131413988747e-18,-8.564345290808511e-18,9.351129228680888e-17,0.0,1.8702258457361774e-14,1.0
36.63,0.0,0.0,0.0,0.0,7.353727129505867e-18,-8.913772618216349e-18,8.36496229589352e-17,0.0,1.672992459178704e-14,1.0
36.64,0.0,0.0,0.0,0.0,8.11968577122639e-18,-9.402838117264125e-18,8.943298207910918e-17,0.0,1.7886596415821837e-14,1.0
36.65,0.0,0.0,0.0,0.0,8.973949007447932e-18,-1.0388387762251472e-17,1.1239959222225732e-16,0.0,2.2479918444451465e-14,1.0
36.660000000000004,0.0,0.0,0.0,0.0,9.477720969224329e-18,-1.1464417651033527e-17,1.3828162593521933e-16,0.0,2.7656325187043866e-14,1.0
36.67,0.0,0.0,0.0,0.0,8.808318371353784e-18,-2.892108917451259e-17,8.155494101341319e-17,0.0,1.631098820268264e-14,1.0
36.68,0.0,0.0,0.0,0.0,1.0655584786305738e-17,-2.75701174483224e-17,8.87498484404262e-17,0.0,1.774996968808524e-14,1.0
36.69,0.0,0.0,0.0,0.0,1.111307920715371e-17,-7.346217544695888e-18,8.126272890885004e-17,0.0,1.6252545781770008e-14,1.0
36.7,0.0,0.0,0.0,0.0,1.122819264779227e-17,-7.066543897088536e-18,8.060812687829039e-17,0.0,1.6121625375658077e-14,1.0
36.71,0.0,0.0,0.0,0.0,1.0058515264785403e-17,-7.652048737649997e-18,5.481589064025608e-17,0.0,1.0963178128051216e-14,1.0
36.72,0.0,0.0,0.0,0.0,8.621773990917347e-18,-9.062331524504401e-18,3.987186184532685e-17,0.0,7.97437236906537e-15,1.0
36.730000000000004,0.0,0.0,0.0,0.0,8.498725246179133e-18,-9.361688296613905e-18,3.303420458696899e-17,0.0,6.606840917393797e-15,1.0
36.74,0.0,0.0,0.0,0.0,9.261733825612565e-18,-9.832973636235643e-18,4.9389737836888e-17,0.0,9.8779475673776e-15,1.0
36.75,0.0,0.0,0.0,0.0,1.0261084524500746e-17,-9.682848587813558e-18,6.296334933327782e-17,0.0,1.2592669866655563e-14,1.0
36.76,0.0,0.0,0.0,0.0,1.1599109053447689e-17,-9.28748343143623e-18,9.57838749504942e-17,0.0,1.915677499009884e-14,1.0
36.77,0.0,0.0,0.0,0.0,1.198393748237628e-17,-1.1159896846196412e-17,1.2520330817969536e-16,0.0,2.504066163593907e-14,1.0
36.78,0.0,0.0,0.0,0.0,2.822692905468391e-17,-8.188832259455651e-18,4.4063935978064024e-17,0.0,8.812787195612804e-15,1.0
36.79,0.0,0.0,0.0,0.0,1.910409493031832e-17,-1.815153720741378e-17,7.126129523086218e-17,0.0,1.4252259046172435e-14,1.0
36.800000000000004,0.0,0.0,0.0,0.0,9.542690844933555e-18,-1.0186042254211016e-17,7.363246797901339e-17,0.0,1.4726493595802677e-14,1.0
36.81,0.0,0.0,0.0,0.0,7.814710177100464e-18,-1.0054409775432566e-17,2.315825337675526e-17,0.0,4.631650675351052e-15,1.0
36.82,0.0,0.0,0.0,0.0,8.333711208669787e-18,-2.6743544378020383e-17,7.092486032919638e-17,0.0,1.4184972065839275e-14,1.0
36.83,0.0,0.0,0.0,0.0,1.0127459928384579e-17,-2.7016531306227797e-17,8.708274262493071e-17,0.0,1.741654852498614e-14,1.0
36.84,0.0,0.0,0.0,0.0,7.387821566547544e-18,-1.0873103516935391e-17,3.727148505123493e-17,0.0,7.454297010246986e-15,1.0
36.85,0.0,0.0,0.0,0.0,3.127767170817288e-17,-7.751741801317917e-18,6.359581548192161e-17,0.0,1.2719163096384322e-14,1.0
36.86,0.0,0.0,0.0,0.0,6.0459248045589886e-18,-2.9970314400617274e-17,7.493515392752411e-17,0.0,1.4987030785504822e-14,1.0
36.87,0.0,0.0,0.0,0.0,7.193827308972684e-18,-2.8089782029766954e-17,6.567709334844401e-17,0.0,1.3135418669688802e-14,1.0
36.88,0.0,0.0,0.0,0.0,7.78039420860229e-18,-2.6018989849735804e-17,1.055828843136725e-16,0.0,2.11165768627345e-14,1.0
36.89,0.0,0.0,0.0,0.0,8.130890225633114e-18,-6.5375176834388545e-18,1.2255262481577999e-16,0.0,2.4510524963155997e-14,1.0
36.9,0.0,0.0,0.0,0.0,9.538495034048381e-18,-6.057732903698562e-18,1.3874468164836872e-16,0.0,2.7748936329673745e-14,1.0
36.910000000000004,0.0,0.0,0.0,0.0,9.209618331863211e-18,-5.6419567503623865e-18,1.8444847316288083e-16,0.0,3.688969463257616e-14,1.0
36.92,0.0,0.0,0.0,0.0,7.262745617031571e-18,-5.744093379264565e-18,2.428352680995967e-16,0.0,4.856705361991934e-14,1.0
36.93,0.0,0.0,0.0,0.0,6.005586062494868e-18,-6.991521364733817e-18,2.6454604663923275e-16,0.0,5.290920932784655e-14,1.0
36.94,0.0,0.0,0.0,0.0,5.974961792857416e-18,-7.461459124803183e-18,2.950732161904443e-16,0.0,5.901464323808886e-14,1.0
36.95,0.0,0.0,0.0,0.0,-4.952829439953463e-18,-1.537677575729778e-17,4.0040145829726803e-16,0.0,8.00802916594536e-14,1.0
36.96,0.0,0.0,0.0,0.0,-8.053989032121004e-18,-2.00090356721375e-17,4.0373144067036497e-16,0.0,8.074628813407299e-14,1.0
36.97,0.0,0.0,0.0,0.0,1.5042981098159091e-18,2.2630608125391132e-18,3.340156962734078e-16,0.0,6.680313925468156e-14,1.0
36.980000000000004,0.0,0.0,0.0,0.0,6.772237732961715e-18,5.146905122203323e-19,2.785302632355503e-16,0.0,5.5706052647110055e-14,1.0
36.99,0.0,0.0,0.0,0.0,1.8443797121916167e-17,-1.0572340854383869e-17,2.6081245910150147e-16,0.0,5.2162491820300295e-14,1.0
37.0,0.0,0.0,0.0,0.0,1.8430694078514982e-17,-1.3095129307534877e-17,2.0482034254800318e-16,0.0,4.096406850960063e-14,1.0
37.01,0.0,0.0,0.0,0.0,3.155816773911715e-17,-1.4842871202885953e-17,1.6598985848732348e-16,0.0,3.31979716974647e-14,1.0
37.02,0.0,0.0,0.0,0.0,2.817580442508614e-17,-1.685436705817666e-17,1.1626069164129282e-16,0.0,2.3252138328258565e-14,1.0
37.03,0.0,0.0,0.0,0.0,-1.124073922098553e-18,-7.092937684528677e-18,8.534552106730547e-17,0.0,1.7069104213461095e-14,1.0
37.04,0.0,0.0,0.0,0.0,9.012583023126832e-18,-3.382299934823149e-17,7.778879516030361e-17,0.0,1.5557759032060722e-14,1.0
37.050000000000004,0.0,0.0,0.0,0.0,8.451266490151287e-18,-3.2290452958050533e-17,8.973696077554232e-17,0.0,1.7947392155108464e-14,1.0
37.06,0.0,0.0,0.0,0.0,9.133874207986405e-18,-3.0800179780914925e-17,7.226747292374104e-17,0.0,1.4453494584748207e-14,1.0
37.07,0.0,0.0,0.0,0.0,1.060708442124435e-17,-2.981496482593718e-17,4.2863572252827827e-17,0.0,8.572714450565565e-15,1.0
37.08,0.0,0.0,0.0,0.0,1.2678968815228917e-17,-2.994466089191235e-17,3.257249052628969e-17,0.0,6.514498105257937e-15,1.0
37.09,0.0,0.0,0.0,0.0,1.1172426463227865e-17,-9.999167991147195e-18,1.2402664049220893e-17,0.0,2.4805328098441787e-15,1.0
37.1,0.0,0.0,0.0,0.0,1.8813994967698623e-17,-1.788844725831595e-17,6.873738277835455e-17,0.0,1.374747655567091e-14,1.0
37.11,0.0,0.0,0.0,0.0,1.0945618990781858e-17,-2.8955531256312894e-17,2.871764899074557e-17,0.0,5.7435297981491135e-15,1.0
37.12,0.0,0.0,0.0,0.0,9.181396412859273e-18,-8.864713228951501e-18,4.5404646046825445e-17,0.0,9.08092920936509e-15,1.0
37.13,0.0,0.0,0.0,0.0,1.887404811201678e-17,-1.9806346628780472e-17,1.3916876179781702e-17,0.0,2.7833752359563404e-15,1.0
37.14,0.0,0.0,0.0,0.0,9.120400966605599e-18,-9.698203285352375e-18,2.0234701871862964e-17,0.0,4.046940374372593e-15,1.0
37.15,0.0,0.0,0.0,0.0,1.0108907846713562e-17,-2.6817469107321974e-17,6.944641708165656e-17,0.0,1.3889283416331312e-14,1.0
37.160000000000004,0.0,0.0,0.0,0.0,1.1209159246703007e-17,-2.8123432987827054e-17,4.621022334227082e-17,0.0,9.242044668454164e-15,1.0
37.17,0.0,0.0,0.0,0.0,6.6794314659409436e-18,-1.1037481862041102e-17,9.748525556109205e-17,0.0,1.9497051112218408e-14,1.0
37.18,0.0,0.0,0.0,0.0,2.4837381935017752e-17,-8.463394445861827e-18,1.1960642626374816e-16,0.0,2.392128525274963e-14,1.0
37.19,0.0,0.0,0.0,0.0,4.070144452981362e-18,-3.2097861446249953e-17,7.173310258495193e-17,0.0,1.4346620516990385e-14,1.0
37.2,0.0,0.0,0.0,0.0,1.0780065446515552e-17,-7.380952157920772e-18,8.187797198668824e-17,0.0,1.6375594397337648e-14,1.0
37.21,0.0,0.0,0.0,0.0,7.044248063719412e-18,-9.5925205058335e-19,1.4107511125393988e-16,0.0,2.8215022250787975e-14,1.0
37.22,0.0,0.0,0.0,0.0,1.1555229369834766e-17,-4.958649587490811e-18,1.7920717301574683e-16,0.0,3.584143460314937e-14,1.0
37.230000000000004,0.0,0.0,0.0,0.0,3.272125338114992e-17,-1.838309158936714e-18,1.6586995334195256e-16,0.0,3.317399066839051e-14,1.0
37.24,0.0,0.0,0.0,0.0,2.4753543254082633e-17,-8.512514196470546e-18,1.95897189643992e-16,0.0,3.91794379287984e-14,1.0
37.25,0.0,0.0,0.0,0.0,4.766699080252803e-19,-1.2844987281804565e-17,2.359149654552274e-16,0.0,4.718299309104548e-14,1.0
37.26,0.0,0.0,0.0,0.0,6.0498528065646996e-18,-6.594180090088506e-18,2.8801241236837657e-16,0.0,5.760248247367531e-14,1.0
37.27,0.0,0.0,0.0,0.0,4.389471224420512e-18,-5.637480144462415e-18,3.726266158332711e-16,0.0,7.452532316665421e-14,1.0
37.28,0.0,0.0,0.0,0.0,1.8983088757813717e-17,5.906196869787005e-18,3.4432081917748574e-16,0.0,6.886416383549715e-14,1.0
37.29,0.0,0.0,0.0,0.0,-1.6959478108269144e-18,-3.778960364603791e-19,2.964070023785912e-16,0.0,5.928140047571824e-14,1.0
37.300000000000004,0.0,0.0,0.0,0.0,-1.9580331924130193e-19,-2.0259495505320667e-17,2.9914609862574406e-16,0.0,5.98292197251488e-14,1.0
37.31,0.0,0.0,0.0,0.0,1.0377738603996019e-17,-1.086697085434121e-17,2.9207607899751603e-16,0.0,5.841521579950321e-14,1.0
37.32,0.0,0.0,0.0,0.0,1.3129090384840841e-17,-1.0432609493971061e-17,2.5778847819083776e-16,0.0,5.1557695638167553e-14,1.0
37.33,0.0,0.0,0.0,0.0,1.5844530886980756e-17,-9.660069686935343e-18,2.4852767450523e-16,0.0,4.9705534901045994e-14,1.0
37.34,0.0,0.0,0.0,0.0,1.5085060206063393e-17,-1.1384087335405704e-17,1.9483436865403766e-16,0.0,3.896687373080753e-14,1.0
37.35,0.0,0.0,0.0,0.0,2.7086490008625843e-17,2.0062436395629164e-18,1.7603437833228084e-16,0.0,3.520687566645617e-14,1.0
37.36,0.0,0.0,0.0,0.0,1.1868656272954539e-17,-1.2516482809466634e-17,1.5722191325541547e-16,0.0,3.1444382651083094e-14,1.0
37.37,0.0,0.0,0.0,0.0,1.155560751843494e-17,-1.1511266997731334e-17,1.6162023920625847e-16,0.0,3.2324047841251693e-14,1.0
37.38,0.0,0.0,0.0,0.0,1.165236749395058e-17,-1.0223950032843873e-17,1.7453296026136138e-16,0.0,3.490659205227228e-14,1.0
37.39,0.0,0.0,0.0,0.0,1.0391860362276593e-17,-9.093419475994698e-18,1.9319069003905127e-16,0.0,3.8638138007810254e-14,1.0
37.4,0.0,0.0,0.0,0.0,8.469568341503826e-18,-8.951493882529108e-18,1.9990188755929553e-16,0.0,3.9980377511859106e-14,1.0
37.410000000000004,0.0,0.0,0.0,0.0,7.89204080320267e-18,-9.602940030800216e-18,1.8515408102816782e-16,0.0,3.7030816205633564e-14,1.0
37.42,0.0,0.0,0.0,0.0,8.726297892326738e-18,-1.0318630332263239e-17,1.6202900729008236e-16,0.0,3.240580145801647e-14,1.0
37.43,0.0,0.0,0.0,0.0,9.920590087564913e-18,-1.056204273520539e-17,1.4936560024646936e-16,0.0,2.987312004929387e-14,1.0
37.44,0.0,0.0,0.0,0.0,1.107041814351353e-17,-1.052458807609091e-17,1.4193409793525048e-16,0.0,2.8386819587050095e-14,1.0
37.45,0.0,0.0,0.0,0.0,1.2067909458085193e-17,-1.032085131402607e-17,1.428336043878968e-16,0.0,2.856672087757936e-14,1.0
37.46,0.0,0.0,0.0,0.0,1.2933473237452797e-17,-1.0015315162668545e-17,1.5515347240932782e-16,0.0,3.1030694481865564e-14,1.0
37.47,0.0,0.0,0.0,0.0,1.1937386091717076e-17,-1.0108994004888032e-17,1.4293346333977984e-16,0.0,2.8586692667955965e-14,1.0
37.480000000000004,0.0,0.0,0.0,0.0,2.6253190202177827e-17,-8.592072338326601e-18,1.8846118918965318e-16,0.0,3.769223783793064e-14,1.0
37.49,0.0,0.0,0.0,0.0,2.184949041019052e-17,-7.80264203637983e-18,2.572630927272719e-16,0.0,5.145261854545438e-14,1.0
37.5,0.0,0.0,0.0,0.0,1.2407963878478184e-17,7.943339753213619e-20,2.297073453386761e-16,0.0,4.594146906773522e-14,1.0
37.51,0.0,0.0,0.0,0.0,-6.953689455910707e-18,3.2174904493022824e-18,1.401113239465367e-16,0.0,2.8022264789307337e-14,1.0
37.52,0.0,0.0,0.0,0.0,1.3554571603693762e-18,-3.1411596425799133e-18,7.719743970601429e-17,0.0,1.5439487941202857e-14,1.0
37.53,0.0,0.0,0.0,0.0,1.2817375605797405e-17,-1.2315270926245451e-17,7.185710495916097e-17,0.0,1.4371420991832193e-14,1.0
37.54,0.0,0.0,0.0,0.0,1.5351698988614075e-17,-1.0924382685918657e-17,1.098254936175173e-16,0.0,2.196509872350346e-14,1.0
37.550000000000004,0.0,0.0,0.0,0.0,1.4879304253011764e-17,-1.167881803926877e-17,8.183411172336146e-17,0.0,1.6366822344672292e-14,1.0
37.56,0.0,0.0,0.0,0.0,2.0597060652833633e-17,-3.2229046311105538e-18,7.786119782367363e-18,0.0,1.5572239564734726e-15,1.0
37.57,0.0,0.0,0.0,0.0,2.8493466062898347e-17,-1.2562430808787436e-17,1.6452406897843417e-17,0.0,3.2904813795686835e-15,1.0
37.58,0.0,0.0,0.0,0.0,9.294844137533516e-18,-1.168779702953797e-17,1.5882581189329616e-17,0.0,3.176516237865923e-15,1.0
37.59,0.0,0.0,0.0,0.0,9.200056215290286e-18,-1.066221454046003e-17,1.1394843167614174e-17,0.0,2.2789686335228346e-15,1.0
37.6,0.0,0.0,0.0,0.0,8.704533116475437e-18,-9.73944645815184e-18,1.2747802681677762e-17,0.0,2.5495605363355524e-15,1.0
37.61,0.0,0.0,0.0,0.0,7.881586026999783e-18,-9.295484964166348e-18,3.744967994493145e-17,0.0,7.48993598898629e-15,1.0
37.62,0.0,0.0,0.0,0.0,7.24440110401859e-18,-1.0091165298805338e-17,7.020618708177615e-17,0.0,1.404123741635523e-14,1.0
37.63,0.0,0.0,0.0,0.0,7.629834524717214e-18,-1.002424583552506e-17,6.903833553058008e-17,0.0,1.3807667106116015e-14,1.0
37.64,0.0,0.0,0.0,0.0,8.098233133718644e-18,-1.020063094903903e-17,8.072149162160707e-17,0.0,1.6144298324321412e-14,1.0
37.65,0.0,0.0,0.0,0.0,8.853789368589328e-18,-1.0277228243108335e-17,8.110529965764952e-17,0.0,1.6221059931529904e-14,1.0
37.660000000000004,0.0,0.0,0.0,0.0,9.624790448922238e-18,-1.0994657378288892e-17,9.740155037053496e-17,0.0,1.9480310074106992e-14,1.0
37.67,0.0,0.0,0.0,0.0,8.894776875920289e-18,-1.2309427833086384e-17,1.5819343884129934e-16,0.0,3.163868776825987e-14,1.0
37.68,0.0,0.0,0.0,0.0,7.116861551510196e-18,-1.2953513956499916e-17,2.1507948107374617e-16,0.0,4.3015896214749234e-14,1.0
37.69,0.0,0.0,0.0,0.0,5.961271560680721e-18,-1.3032412574519695e-17,2.596531457839778e-16,0.0,5.1930629156795565e-14,1.0
37.7,0.0,0.0,0.0,0.0,5.3461561904602335e-18,-1.0066883724584513e-17,2.5103249493082523e-16,0.0,5.0206498986165046e-14,1.0
37.71,0.0,0.0,0.0,0.0,-4.9745580139384475e-18,-1.7716357030257364e-17,2.851677761343782e-16,0.0,5.703355522687563e-14,1.0
37.72,0.0,0.0,0.0,0.0,-6.099544572241447e-18,-1.5667083729746063e-17,3.3352751338617796e-16,0.0,6.670550267723559e-14,1.0
37.730000000000004,0.0,0.0,0.0,0.0,-5.443411316610874e-18,-1.7947348735546744e-17,3.73185591992256e-16,0.0,7.46371183984512e-14,1.0
37.74,0.0,0.0,0.0,0.0,-8.42277289591505e-18,5.768311620636897e-18,3.655502763814518e-16,0.0,7.311005527629035e-14,1.0
37.75,0.0,0.0,0.0,0.0,-9.337609542587293e-19,-1.7273831419472432e-17,3.3008311965640514e-16,0.0,6.601662393128102e-14,1.0
37.76,0.0,0.0,0.0,0.0,9.541202707878809e-20,-1.460733313335081e-17,3.356383361939169e-16,0.0,6.712766723878337e-14,1.0
37.77,0.0,0.0,0.0,0.0,-1.3836249006798277e-18,-1.3190038249121388e-17,4.052208125876171e-16,0.0,8.104416251752342e-14,1.0
37.78,0.0,0.0,0.0,0.0,1.6475483328112654e-18,2.9996880162748356e-18,3.085520600610935e-16,0.0,6.17104120122187e-14,1.0
37.79,0.0,0.0,0.0,0.0,-1.596307679426721e-17,-1.2932082684306808e-18,2.798813769001807e-16,0.0,5.597627538003614e-14,1.0
37.800000000000004,0.0,0.0,0.0,0.0,4.0722577103945755e-18,-2.0109439271783084e-18,2.5443884445953996e-16,0.0,5.088776889190799e-14,1.0
37.81,0.0,0.0,0.0,0.0,3.619747144887565e-18,-2.7997196935948224e-17,2.5012042518928297e-16,0.0,5.002408503785659e-14,1.0
37.82,0.0,0.0,0.0,0.0,2.1818142100350337e-18,-1.757444322365684e-17,2.554798444589751e-16,0.0,5.109596889179502e-14,1.0
37.83,0.0,0.0,0.0,0.0,-3.4046978329757423e-18,5.495899913525876e-18,2.529904620874245e-16,0.0,5.05980924174849e-14,1.0
37.84,0.0,0.0,0.0,0.0,3.4115103059125076e-18,-2.285495440286253e-18,1.7957559655388527e-16,0.0,3.5915119310777056e-14,1.0
37.85,0.0,0.0,0.0,0.0,4.391584629570357e-18,-4.485982538376519e-18,1.656406386796726e-16,0.0,3.312812773593452e-14,1.0
37.86,0.0,0.0,0.0,0.0,1.2990041782558855e-17,-2.799132126892338e-17,9.019451954373544e-17,0.0,1.8038903908747088e-14,1.0
37.87,0.0,0.0,0.0,0.0,7.851365097839034e-18,-2.2014325212677178e-17,9.656656415258515e-17,0.0,1.931331283051703e-14,1.0
37.88,0.0,0.0,0.0,0.0,1.495147582417396e-17,-1.0140707666430756e-17,6.231640100278558e-17,0.0,1.2463280200557115e-14,1.0
37.89,0.0,0.0,0.0,0.0,1.3175447418244185e-17,-1.069189537796532e-17,1.0082370996507633e-16,0.0,2.0164741993015265e-14,1.0
37.9,0.0,0.0,0.0,0.0,2.1822729911761875e-17,-1.3241901755086563e-18,1.2089310537864994e-16,0.0,2.4178621075729987e-14,1.0
37.910000000000004,0.0,0.0,0.0,0.0,1.1220529069969624e-17,-9.747914346342223e-18,1.0259580668074025e-16,0.0,2.051916133614805e-14,1.0
37.92,0.0,0.0,0.0,0.0,1.3177438465748908e-17,-8.878332569754166e-18,1.6663418114606091e-16,0.0,3.3326836229212185e-14,1.0
37.93,0.0,0.0,0.0,0.0,1.2338814438613685e-17,-8.270330055022113e-18,1.5345647928959898e-16,0.0,3.0691295857919796e-14,1.0
37.94,0.0,0.0,0.0,0.0,2.0796511975782958e-17,9.22771321374335e-20,1.7149446441532693e-16,0.0,3.429889288306539e-14,1.0
37.95,0.0,0.0,0.0,0.0,1.9331016294856418e-17,-1.9339290495184702e-18,1.9567434516897323e-16,0.0,3.9134869033794644e-14,1.0
37.96,0.0,0.0,0.0,0.0,9.580162140180226e-18,-1.2011489543164143e-17,2.167890562386574e-16,0.0,4.335781124773148e-14,1.0
37.97,0.0,0.0,0.0,0.0,1.0980058457796227e-17,-1.2176536873781619e-17,2.6747959558208156e-16,0.0,5.3495919116416314e-14,1.0
37.980000000000004,0.0,0.0,0.0,0.0,1.2638853150688353e-17,-1.3188364533835367e-17,3.4078404994671673e-16,0.0,6.815680998934335e-14,1.0
37.99,0.0,0.0,0.0,0.0,1.3503871509523323e-17,-1.489701657317555e-17,4.190971419927554e-16,0.0,8.381942839855108e-14,1.0
38.0,0.0,0.0,0.0,0.0,1.3389610796895563e-17,-1.2976319690394134e-17,4.17367154267277e-16,0.0,8.34734308534554e-14,1.0
38.01,0.0,0.0,0.0,0.0,1.0714160981903969e-17,-3.087909141074066e-17,3.8828067261082263e-16,0.0,7.765613452216452e-14,1.0
38.02,0.0,0.0,0.0,0.0,3.7747544944548756e-17,-6.2051573230396586e-18,3.8510859060254356e-16,0.0,7.702171812050872e-14,1.0
38.03,0.0,0.0,0.0,0.0,8.133867925469441e-18,-1.6123338110340326e-18,4.0593538279033354e-16,0.0,8.118707655806671e-14,1.0
38.04,0.0,0.0,0.0,0.0,2.2716112022098914e-18,-1.429829286275161e-17,3.567663307270245e-16,0.0,7.13532661454049e-14,1.0
38.050000000000004,0.0,0.0,0.0,0.0,9.240378415366093e-18,-2.818635713768005e-17,3.9973693539908436e-16,0.0,7.994738707981687e-14,1.0
38.06,0.0,0.0,0.0,0.0,1.0693482136178943e-17,-9.283991308709488e-18,4.29450052429629e-16,0.0,8.589001048592581e-14,1.0
38.07,0.0,0.0,0.0,0.0,1.085777290213823e-17,-1.0476569461959172e-17,4.55078633704979e-16,0.0,9.101572674099579e-14,1.0
38.08,0.0,0.0,0.0,0.0,9.397801855849382e-18,-9.40567178876285e-18,4.133882484347052e-16,0.0,8.267764968694103e-14,1.0
38.09,0.0,0.0,0.0,0.0,7.115313533502053e-18,-2.6999677372047246e-17,3.4089767483660255e-16,0.0,6.81795349673205e-14,1.0
38.1,0.0,0.0,0.0,0.0,6.709166094622575e-18,-6.282796331734674e-18,3.062696060278629e-16,0.0,6.125392120557258e-14,1.0
38.11,0.0,0.0,0.0,0.0,6.875868459826518e-18,-6.6118535016988796e-18,2.9858871057148784e-16,0.0,5.971774211429756e-14,1.0
38.12,0.0,0.0,0.0,0.0,7.658172859712043e-18,-7.927614510925943e-18,3.1003462443191147e-16,0.0,6.200692488638229e-14,1.0
38.13,0.0,0.0,0.0,0.0,8.408702464949818e-18,-1.0654037707316946e-17,3.59655357595688e-16,0.0,7.19310715191376e-14,1.0
38.14,0.0,0.0,0.0,0.0,9.51193605550752e-18,-9.948016555681535e-18,3.4051243222837304e-16,0.0,6.810248644567461e-14,1.0
38.15,0.0,0.0,0.0,0.0,5.432769637085067e-18,-3.139837375701819e-17,2.90944697505385e-16,0.0,5.8188939501077e-14,1.0
38.160000000000004,0.0,0.0,0.0,0.0,1.2508162226299278e-17,-1.2049585915354131e-18,2.0752842173120476e-16,0.0,4.150568434624095e-14,1.0
38.17,0.0,0.0,0.0,0.0,5.832681143610753e-18,-6.9027141426278485e-18,1.8535374590124732e-16,0.0,3.7070749180249464e-14,1.0
38.18,0.0,0.0,0.0,0.0,6.173516807896581e-18,-9.178267011624541e-18,2.175173927170994e-16,0.0,4.350347854341988e-14,1.0
38.19,0.0,0.0,0.0,0.0,8.514524833614753e-18,-1.0053664831515093e-17,2.360312573883728e-16,0.0,4.720625147767456e-14,1.0
38.2,0.0,0.0,0.0,0.0,1.1027560624073155e-17,-1.0993350307569829e-17,2.7865078191470673e-16,0.0,5.5730156382941347e-14,1.0
38.21,0.0,0.0,0.0,0.0,1.2746892827232348e-17,-1.0674576397931187e-17,2.93814014306832e-16,0.0,5.87628028613664e-14,1.0
38.22,0.0,0.0,0.0,0.0,1.2187176859947078e-17,-2.7412574988484828e-17,2.419197140512975e-16,0.0,4.83839428102595e-14,1.0
38.230000000000004,0.0,0.0,0.0,0.0,1.1369821650352056e-17,-2.511310846893185e-17,2.126114705151067e-16,0.0,4.2522294103021336e-14,1.0
38.24,0.0,0.0,0.0,0.0,9.69992059198825e-18,-6.1401708178513924e-18,1.847477024216522e-16,0.0,3.694954048433044e-14,1.0
38.25,0.0,0.0,0.0,0.0,9.48801708934298e-18,-7.257275020615008e-18,1.9405386955893186e-16,0.0,3.881077391178637e-14,1.0
38.26,0.0,0.0,0.0,0.0,7.791401462305468e-18,-8.965791484341933e-18,1.6077999936025325e-16,0.0,3.215599987205065e-14,1.0
38.27,0.0,0.0,0.0,0.0,7.025721776827975e-18,-1.0398215906274014e-17,1.5691373907047374e-16,0.0,3.1382747814094747e-14,1.0
38.28,0.0,0.0,0.0,0.0,6.930793648229994e-18,-1.0612243807031977e-17,1.426241957840367e-16,0.0,2.852483915680734e-14,1.0
38.29,0.0,0.0,0.0,0.0,5.3696226729953654e-18,-1.0765526217892066e-17,1.1699719857261892e-16,0.0,2.3399439714523784e-14,1.0
38.300000000000004,0.0,0.0,0.0,0.0,3.514689420257965e-18,-9.79960359867495e-18,1.0498696513212261e-16,0.0,2.0997393026424522e-14,1.0
38.31,0.0,0.0,0.0,0.0,6.002295674988275e-18,-9.066934169623924e-18,7.806481208310214e-17,0.0,1.5612962416620428e-14,1.0
38.32,0.0,0.0,0.0,0.0,-2.1522972497325306e-18,-1.802650323447427e-17,5.760721760354385e-17,0.0,1.152144352070877e-14,1.0
38.33,0.0,0.0,0.0,0.0,9.106962339276399e-18,-8.058233730148369e-18,4.2367255718594815e-17,0.0,8.473451143718963e-15,1.0
38.34,0.0,0.0,0.0,0.0,1.0485658574061638e-17,-7.27096665022415e-18,1.3443523630369476e-17,0.0,2.6887047260738953e-15,1.0
38.35,0.0,0.0,0.0,0.0,1.1900516185106674e-17,-7.924960329847168e-18,4.9903808409283197e-17,0.0,9.980761681856638e-15,1.0
38.36,0.0,0.0,0.0,0.0,1.1224659621820613e-17,-9.458197177038401e-18,4.8405550955252754e-17,0.0,9.681110191050551e-15,1.0
38.37,0.0,0.0,0.0,0.0,1.0604584348037674e-17,-1.1258899384026246e-17,8.082441254289217e-17,0.0,1.6164882508578435e-14,1.0
38.38,0.0,0.0,0.0,0.0,9.902244828482513e-18,-9.904201534019742e-18,2.9866935739398836e-17,0.0,5.973387147879767e-15,1.0
38.39,0.0,0.0,0.0,0.0,4.884787069161919e-18,-3.210838387935511e-17,1.8134623137010766e-17,0.0,3.626924627402153e-15,1.0
38.4,0.0,0.0,0.0,0.0,1.4868453478757884e-17,-2.3283151063523365e-18,4.378596621662005e-17,0.0,8.75719324332401e-15,1.0
38.410000000000004,0.0,0.0,0.0,0.0,1.0308440428681018e-17,-6.976724525785298e-18,6.229930558589802e-17,0.0,1.2459861117179604e-14,1.0
38.42,0.0,0.0,0.0,0.0,1.0847945816107804e-17,-6.437742632587407e-18,1.0289946621948376e-16,0.0,2.057989324389675e-14,1.0
38.43,0.0,0.0,0.0,0.0,1.111144383975555e-17,-7.613928902347801e-18,9.80783897183647e-17,0.0,1.961567794367294e-14,1.0
38.44,0.0,0.0,0.0,0.0,1.1287170612302877e-17,-9.145770284459981e-18,9.338663875617633e-17,0.0,1.8677327751235264e-14,1.0
38.45,0.0,0.0,0.0,0.0,1.2456014151641054e-17,-1.1435065543397302e-17,1.1736121421991005e-16,0.0,2.347224284398201e-14,1.0
38.46,0.0,0.0,0.0,0.0,1.2183564415430148e-17,-1.3476472107555336e-17,1.2502188268253333e-16,0.0,2.5004376536506667e-14,1.0
38.47,0.0,0.0,0.0,0.0,1.0384743132319828e-17,-1.3663359272637953e-17,9.82550578716876e-17,0.0,1.965101157433752e-14,1.0
38.480000000000004,0.0,0.0,0.0,0.0,9.76731343641591e-18,-2.938455177863008e-17,9.676950139141269e-17,0.0,1.935390027828254e-14,1.0
38.49,0.0,0.0,0.0,0.0,1.0607678661221092e-17,-2.920244375410429e-17,1.2541543638311045e-16,0.0,2.508308727662209e-14,1.0
38.5,0.0,0.0,0.0,0.0,1.0850814093740462e-17,-9.613164962233377e-18,1.3470356143290351e-16,0.0,2.69407122865807e-14,1.0
38.51,0.0,0.0,0.0,0.0,1.0606996185475594e-17,-1.0145175862763964e-17,1.373708589500057e-16,0.0,2.747417179000114e-14,1.0
38.52,0.0,0.0,0.0,0.0,9.072572895485484e-18,-9.585700558591251e-18,1.0324368886200635e-16,0.0,2.0648737772401268e-14,1.0
38.53,0.0,0.0,0.0,0.0,7.358651352918222e-18,-8.783849572913573e-18,6.901211208241039e-17,0.0,1.3802422416482077e-14,1.0
38.54,0.0,0.0,0.0,0.0,6.1089574703152015e-18,-8.604112576360402e-18,4.1003122316890247e-17,0.0,8.20062446337805e-15,1.0
38.550000000000004,0.0,0.0,0.0,0.0,6.418858910228215e-18,-8.013101786539317e-18,5.99516004521254e-17,0.0,1.199032009042508e-14,1.0
38.56,0.0,0.0,0.0,0.0,6.938895559876448e-18,-7.84297687458671e-18,6.867153186395172e-17,0.0,1.3734306372790343e-14,1.0
38.57,0.0,0.0,0.0,0.0,8.271596146723064e-18,-1.0279120124489256e-17,2.3968665118844907e-17,0.0,4.793733023768981e-15,1.0
38.58,0.0,0.0,0.0,0.0,1.0797048333011262e-17,-1.0245308800559097e-17,7.318498276644645e-17,0.0,1.463699655328929e-14,1.0
38.59,0.0,0.0,0.0,0.0,1.2988056387812662e-17,-3.049125663172384e-17,1.241858228374503e-16,0.0,2.483716456749006e-14,1.0
38.6,0.0,0.0,0.0,0.0,7.834843332542536e-18,-8.721684628875042e-18,1.3804233815279536e-16,0.0,2.760846763055907e-14,1.0
38.61,0.0,0.0,0.0,0.0,2.7218804810442016e-17,-2.756759644481568e-17,1.6000417959053898e-16,0.0,3.20008359181078e-14,1.0
38.62,0.0,0.0,0.0,0.0,2.0893963864668458e-17,-1.918689967542037e-17,1.2286760580470764e-16,0.0,2.4573521160941528e-14,1.0
38.63,0.0,0.0,0.0,0.0,1.5620872234123262e-17,-1.789936413331595e-17,1.6693899533875622e-17,0.0,3.3387799067751242e-15,1.0
38.64,0.0,0.0,0.0,0.0,2.3166380888531854e-17,-7.410334153719034e-18,6.35350514037831e-17,0.0,1.270701028075662e-14,1.0
38.65,0.0,0.0,0.0,0.0,4.752584406877609e-18,-9.507793042821114e-18,5.1945864799448444e-17,0.0,1.0389172959889688e-14,1.0
38.660000000000004,0.0,0.0,0.0,0.0,7.023560003694486e-18,-8.245006476196823e-18,3.1980387159541564e-17,0.0,6.396077431908313e-15,1.0
38.67,0.0,0.0,0.0,0.0,9.301670138637779e-18,-2.802588197581438e-17,1.523797086239798e-17,0.0,3.047594172479596e-15,1.0
38.68,0.0,0.0,0.0,0.0,3.213275619879208e-18,1.2549096669063985e-18,7.383963951454492e-17,0.0,1.4767927902908985e-14,1.0
38.69,0.0,0.0,0.0,0.0,8.802953104730568e-18,-3.37546536088873e-17,8.994162927695816e-17,0.0,1.7988325855391632e-14,1.0
38.7,0.0,0.0,0.0,0.0,4.147668260449018e-17,-4.569770204438761e-18,1.3938232248220592e-16,0.0,2.7876464496441183e-14,1.0
38.71,0.0,0.0,0.0,0.0,2.340163107594705e-17,-2.704921529105077e-17,5.744858032219464e-17,0.0,1.1489716064438929e-14,1.0
38.72,0.0,0.0,0.0,0.0,1.5757161704763563e-17,-1.8533464449473e-17,5.371250523184126e-17,0.0,1.0742501046368251e-14,1.0
38.730000000000004,0.0,0.0,0.0,0.0,5.1308973339911634e-18,-2.4708232687216707e-17,1.2489371406364552e-16,0.0,2.4978742812729104e-14,1.0
38.74,0.0,0.0,0.0,0.0,5.0931183314047295e-18,-2.663960651890202e-17,1.169700755042306e-16,0.0,2.3394015100846118e-14,1.0
38.75,0.0,0.0,0.0,0.0,4.60043014201825e-18,-9.773926854289253e-18,1.638116026466622e-16,0.0,3.276232052933244e-14,1.0
38.76,0.0,0.0,0.0,0.0,1.9681712106223773e-18,-3.3666344357152767e-17,1.3918738382313113e-16,0.0,2.7837476764626225e-14,1.0
38.77,0.0,0.0,0.0,0.0,-3.487871635939358e-18,-1.831470448450386e-17,2.0793013541380659e-16,0.0,4.1586027082761314e-14,1.0
38.78,0.0,0.0,0.0,0.0,6.7664379228887876e-18,-2.6156105744338195e-17,2.3753552606005085e-16,0.0,4.750710521201017e-14,1.0
38.79,0.0,0.0,0.0,0.0,-1.2119576398442444e-17,-6.3095996322601145e-18,2.607143145124554e-16,0.0,5.2142862902491076e-14,1.0
38.800000000000004,0.0,0.0,0.0,0.0,-1.6555997537105823e-18,-1.6251043885606468e-17,2.7185734642314775e-16,0.0,5.437146928462955e-14,1.0
38.81,0.0,0.0,0.0,0.0,-1.5385318949765146e-18,-1.588744371036676e-17,3.1240788428649737e-16,0.0,6.248157685729947e-14,1.0
38.82,0.0,0.0,0.0,0.0,-7.6672403956224e-18,-1.9043213774338708e-17,3.954007988766371e-16,0.0,7.908015977532741e-14,1.0
38.83,0.0,0.0,0.0,0.0,-3.0291934731137296e-18,-1.2048186928644204e-17,4.834907234290244e-16,0.0,9.669814468580487e-14,1.0
38.84,0.0,0.0,0.0,0.0,-2.3612614345700768e-18,-1.2755000518485244e-17,5.023732028766824e-16,0.0,1.0047464057533648e-13,1.0
38.85,0.0,0.0,0.0,0.0,2.2006833363184112e-18,1.7057789671476517e-18,3.6831861918451735e-16,0.0,7.366372383690347e-14,1.0
38.86,0.0,0.0,0.0,0.0,2.2312655004527624e-18,-1.9616326971465772e-19,3.93235342384654e-16,0.0,7.86470684769308e-14,1.0
38.87,0.0,0.0,0.0,0.0,2.2927980241020954e-18,-1.8808763750437046e-17,4.2104627368631125e-16,0.0,8.420925473726226e-14,1.0
38.88,0.0,0.0,0.0,0.0,5.4141826359984675e-19,-1.7508774491155826e-17,4.81490655052146e-16,0.0,9.62981310104292e-14,1.0
38.89,0.0,0.0,0.0,0.0,1.8407212922634323e-18,4.618800336290497e-19,4.311592711172801e-16,0.0,8.623185422345602e-14,1.0
38.9,0.0,0.0,0.0,0.0,5.7913892695176484e-18,-2.9951663381668114e-18,2.9136559219577756e-16,0.0,5.827311843915552e-14,1.0
38.910000000000004,0.0,0.0,0.0,0.0,6.24331486139176e-18,-3.779542460295341e-18,2.7479944668915606e-16,0.0,5.495988933783121e-14,1.0
38.92,0.0,0.0,0.0,0.0,1.4995957625132575e-17,-1.3142692562196935e-17,2.623893342701401e-16,0.0,5.2477866854028017e-14,1.0
38.93,0.0,0.0,0.0,0.0,1.3025301118352016e-17,-1.2993555186687522e-17,2.4530034585061944e-16,0.0,4.906006917012389e-14,1.0
38.94,0.0,0.0,0.0,0.0,1.1871330361471115e-17,-1.2550821071414481e-17,2.289839941952748e-16,0.0,4.579679883905496e-14,1.0
38.95,0.0,0.0,0.0,0.0,9.239809576684258e-18,-1.1210247724336982e-17,2.664788352894938e-16,0.0,5.3295767057898764e-14,1.0
38.96,0.0,0.0,0.0,0.0,9.57352782267886e-18,-1.1303431302422402e-17,2.2436957171936565e-16,0.0,4.4873914343873125e-14,1.0
38.97,0.0,0.0,0.0,0.0,-7.939726808678287e-19,-2.1692623120892534e-17,2.0296588460942395e-16,0.0,4.059317692188479e-14,1.0
38.980000000000004,0.0,0.0,0.0,0.0,1.0224956554658877e-17,-1.2587778714664456e-17,1.5913258956074478e-16,0.0,3.182651791214896e-14,1.0
38.99,0.0,0.0,0.0,0.0,2.7515865028535504e-19,-2.2269831966276003e-17,1.4307352783547075e-16,0.0,2.8614705567094146e-14,1.0
39.0,0.0,0.0,0.0,0.0,9.34676479978623e-18,-1.1616765828580522e-17,1.5125728673305605e-16,0.0,3.025145734661121e-14,1.0
39.01,0.0,0.0,0.0,0.0,8.894581778112588e-18,-9.392827748748093e-18,1.886558128599674e-16,0.0,3.773116257199348e-14,1.0
39.02,0.0,0.0,0.0,0.0,1.0870681761132155e-17,-8.183299019290989e-18,1.7968611393931008e-16,0.0,3.5937222787862016e-14,1.0
39.03,0.0,0.0,0.0,0.0,2.1523278599303714e-18,-1.7752718940182013e-17,1.762173762122347e-16,0.0,3.524347524244694e-14,1.0
39.04,0.0,0.0,0.0,0.0,1.1763032185952408e-17,-8.179022747056965e-18,1.8210448463592762e-16,0.0,3.6420896927185526e-14,1.0
39.050000000000004,0.0,0.0,0.0,0.0,1.277316631955704e-17,-7.639825142783336e-18,2.124815262659227e-16,0.0,4.249630525318454e-14,1.0
39.06,0.0,0.0,0.0,0.0,1.388136841773337e-17,-6.4483603982080115e-18,2.690867043540579e-16,0.0,5.381734087081158e-14,1.0
39.07,0.0,0.0,0.0,0.0,1.2108037866935521e-17,-8.458539560415136e-18,2.1426355318607776e-16,0.0,4.285271063721555e-14,1.0
39.08,0.0,0.0,0.0,0.0,1.9471525414791555e-17,-1.4272167761461402e-18,1.5519394714797143e-16,0.0,3.1038789429594284e-14,1.0
39.09,0.0,0.0,0.0,0.0,1.788676398685572e-18,-1.6920782404525474e-17,1.4147837079727993e-16,0.0,2.8295674159455985e-14,1.0
39.1,0.0,0.0,0.0,0.0,5.3535349013511e-18,-1.1929443883106693e-17,1.4436400494254927e-16,0.0,2.887280098850985e-14,1.0
39.11,0.0,0.0,0.0,0.0,-3.906561621342108e-18,-2.1415769098444964e-17,1.346721127000419e-16,0.0,2.693442254000838e-14,1.0
39.12,0.0,0.0,0.0,0.0,-2.045994580461868e-18,-2.1412867655697632e-17,1.0668185488001698e-16,0.0,2.1336370976003395e-14,1.0
39.13,0.0,0.0,0.0,0.0,-1.3148009443031859e-18,-2.222186263819681e-17,7.91533573219728e-17,0.0,1.583067146439456e-14,1.0
39.14,0.0,0.0,0.0,0.0,9.97969700661703e-18,-1.1755017046472183e-17,6.744674570226085e-17,0.0,1.348934914045217e-14,1.0
39.15,0.0,0.0,0.0,0.0,1.1994116262137777e-18,-2.1699604431277414e-17,3.1392205254140755e-17,0.0,6.278441050828151e-15,1.0
39.160000000000004,0.0,0.0,0.0,0.0,1.2578178545056361e-17,-1.2308564254197982e-17,4.9282193224103926e-17,0.0,9.856438644820785e-15,1.0
39.17,0.0,0.0,0.0,0.0,1.4309246719006366e-17,-1.1838315795840217e-17,1.0694740919734012e-16,0.0,2.1389481839468023e-14,1.0
39.18,0.0,0.0,0.0,0.0,1.3869937760453754e-17,-1.1817219863991018e-17,1.1942209111406661e-16,0.0,2.3884418222813322e-14,1.0
39.19,0.0,0.0,0.0,0.0,1.2142535184748406e-17,-1.2439731505115822e-17,1.2018257260891627e-16,0.0,2.4036514521783252e-14,1.0
39.2,0.0,0.0,0.0,0.0,1.0032709773272466e-17,-1.1801855944106926e-17,1.006181823478955e-16,0.0,2.01236364695791e-14,1.0
39.21,0.0,0.0,0.0,0.0,7.077796004293354e-18,-9.386888779178921e-18,1.8672022310884486e-17,0.0,3.734404462176897e-15,1.0
39.22,0.0,0.0,0.0,0.0,6.424553748854865e-18,-8.465327255428026e-18,1.862098875180204e-17,0.0,3.724197750360408e-15,1.0
39.230000000000004,0.0,0.0,0.0,0.0,7.299569324753995e-18,-9.144166502532155e-18,4.4743724875464854e-17,0.0,8.94874497509297e-15,1.0
39.24,0.0,0.0,0.0,0.0,8.328191907120196e-18,-1.0455945304155148e-17,8.038811732535818e-17,0.0,1.6077623465071635e-14,1.0
39.25,0.0,0.0,0.0,0.0,8.302580747189426e-18,-1.0898778380164693e-17,8.948658057599253e-17,0.0,1.7897316115198505e-14,1.0
39.26,0.0,0.0,0.0,0.0,7.552521658346137e-18,-1.1109473510846985e-17,1.1140368003228677e-16,0.0,2.2280736006457354e-14,1.0
39.27,0.0,0.0,0.0,0.0,8.831165118168166e-18,-1.0759380916901078e-17,1.0724035001130985e-16,0.0,2.144807000226197e-14,1.0
39.28,0.0,0.0,0.0,0.0,-4.299521162505819e-18,-2.4605440639872483e-17,9.562843680508016e-17,0.0,1.912568736101603e-14,1.0
39.29,0.0,0.0,0.0,0.0,1.1484761560927176e-17,-8.956901938133942e-18,9.25585753030833e-17,0.0,1.851171506061666e-14,1.0
39.300000000000004,0.0,0.0,0.0,0.0,1.2350971665935442e-17,-9.293838684064859e-18,1.2165646545279005e-16,0.0,2.433129309055801e-14,1.0
39.31,0.0,0.0,0.0,0.0,1.0857762264764451e-17,-9.509316285553313e-18,1.0817972284522377e-16,0.0,2.1635944569044752e-14,1.0
39.32,0.0,0.0,0.0,0.0,9.584118388656062e-18,-8.90972722729765e-18,8.652960019156494e-17,0.0,1.730592003831299e-14,1.0
39.33,0.0,0.0,0.0,0.0,8.907663223874933e-18,-1.0427663778183416e-17,1.331470194306243e-16,0.0,2.662940388612486e-14,1.0
39.34,0.0,0.0,0.0,0.0,9.59805543200797e-18,-1.0002827995970653e-17,1.192294647880527e-16,0.0,2.3845892957610542e-14,1.0
39.35,0.0,0.0,0.0,0.0,1.2059288757888352e-17,-1.4769217182642993e-17,1.2720141807786274e-16,0.0,2.544028361557255e-14,1.0
39.36,0.0,0.0,0.0,0.0,7.76173974229828e-18,-9.962357583123192e-18,1.2737585330602972e-16,0.0,2.5475170661205942e-14,1.0
39.37,0.0,0.0,0.0,0.0,5.966850996930099e-19,-2.031411421015959e-17,1.5429437307250302e-16,0.0,3.08588746145006e-14,1.0
39.38,0.0,0.0,0.0,0.0,6.748366039743696e-19,-2.0673290892383906e-17,1.6421035375468995e-16,0.0,3.284207075093799e-14,1.0
39.39,0.0,0.0,0.0,0.0,1.3020178333390575e-17,-1.3854611200292172e-17,1.1980415255691805e-16,0.0,2.3960830511383608e-14,1.0
39.4,0.0,0.0,0.0,0.0,8.544746054737996e-18,-2.6768471609951647e-17,8.328852164489101e-17,0.0,1.66577043289782e-14,1.0
39.410000000000004,0.0,0.0,0.0,0.0,-4.431695508826942e-18,-9.84599923813693e-18,1.0992861065602032e-17,0.0,2.1985722131204065e-15,1.0
39.42,0.0,0.0,0.0,0.0,1.5370826743786837e-18,-1.6822983454958716e-17,6.824199590533739e-17,0.0,1.3648399181067477e-14,1.0
39.43,0.0,0.0,0.0,0.0,1.131506337070248e-17,-9.085220632424869e-18,8.48614314969192e-17,0.0,1.6972286299383838e-14,1.0
39.44,0.0,0.0,0.0,0.0,1.6365989163791524e-17,-1.3207256273672938e-17,6.145055869118743e-17,0.0,1.2290111738237485e-14,1.0
39.45,0.0,0.0,0.0,0.0,9.900069644907473e-18,-7.243767235469645e-18,1.618414411244828e-17,0.0,3.2368288224896557e-15,1.0
39.46,0.0,0.0,0.0,0.0,8.11196183041128e-18,-5.2830898535783036e-18,7.855139251799145e-17,0.0,1.571027850359829e-14,1.0
39.47,0.0,0.0,0.0,0.0,1.0191099256251455e-17,-4.8177117503810185e-18,1.142914551478733e-16,0.0,2.285829102957466e-14,1.0
39.480000000000004,0.0,0.0,0.0,0.0,1.3961698026288802e-18,7.532281868836324e-20,5.936966020834029e-17,0.0,1.1873932041668057e-14,1.0
39.49,0.0,0.0,0.0,0.0,1.9474042326960514e-17,-3.5148548348346755e-18,6.799716580209061e-17,0.0,1.3599433160418121e-14,1.0
39.5,0.0,0.0,0.0,0.0,5.163176411500311e-18,-1.9535267047705026e-17,1.0663475793244035e-16,0.0,2.132695158648807e-14,1.0
39.51,0.0,0.0,0.0,0.0,1.0646060759999545e-17,-1.5677461719861805e-17,1.6049845638934659e-16,0.0,3.2099691277869314e-14,1.0
39.52,0.0,0.0,0.0,0.0,1.1376551031010507e-17,-1.1999581986559973e-17,1.1421238936982608e-16,0.0,2.2842477873965216e-14,1.0
39.53,0.0,0.0,0.0,0.0,9.946378807899738e-18,-3.1121469895616644e-17,1.2777134197637472e-16,0.0,2.5554268395274945e-14,1.0
39.54,0.0,0.0,0.0,0.0,6.58561073317242e-18,-9.620114218083943e-18,7.541342211745116e-17,0.0,1.5082684423490233e-14,1.0
39.550000000000004,0.0,0.0,0.0,0.0,7.34858316934555e-18,-7.358277504966834e-18,2.5138765240124888e-17,0.0,5.027753048024978e-15,1.0
39.56,0.0,0.0,0.0,0.0,-1.633195709655636e-18,-1.4353500739185822e-17,4.797442250132868e-17,0.0,9.594884500265737e-15,1.0
39.57,0.0,0.0,0.0,0.0,-6.718440883629889e-19,-1.1637615878864818e-17,1.3649662536625946e-16,0.0,2.729932507325189e-14,1.0
39.58,0.0,0.0,0.0,0.0,-1.1909230837519359e-18,-1.2814306386618756e-17,1.4676718606303166e-16,0.0,2.9353437212606334e-14,1.0
39.59,0.0,0.0,0.0,0.0,1.530854048345446e-18,2.186583617013655e-18,9.103942545761085e-17,0.0,1.820788509152217e-14,1.0
39.6,0.0,0.0,0.0,0.0,3.6642330974837554e-18,2.250968307346093e-19,1.271641451443838e-16,0.0,2.543282902887676e-14,1.0
39.61,0.0,0.0,0.0,0.0,1.3619391233709411e-17,-1.098955669373234e-17,1.3187656262317066e-16,0.0,2.637531252463413e-14,1.0
39.62,0.0,0.0,0.0,0.0,1.3560855877366822e-17,-1.1910275180704493e-17,1.4993256501253945e-16,0.0,2.9986513002507887e-14,1.0
39.63,0.0,0.0,0.0,0.0,1.2611171445418602e-17,-1.3680613826360084e-17,1.5249976970002376e-16,0.0,3.0499953940004753e-14,1.0
39.64,0.0,0.0,0.0,0.0,1.0372348488057617e-17,-1.5618525936157734e-17,1.498079309034691e-16,0.0,2.996158618069382e-14,1.0
39.65,0.0,0.0,0.0,0.0,7.805601674172408e-18,-1.6944749197660598e-17,1.7458882472874057e-16,0.0,3.4917764945748113e-14,1.0
39.660000000000004,0.0,0.0,0.0,0.0,6.632538513085674e-18,-1.3247850695536902e-17,1.0334536438006074e-16,0.0,2.066907287601215e-14,1.0
39.67,0.0,0.0,0.0,0.0,6.947552709994034e-18,-3.092417058643208e-17,1.1651005565137577e-16,0.0,2.3302011130275153e-14,1.0
39.68,0.0,0.0,0.0,0.0,7.494655793463198e-18,-1.0607516465841248e-17,1.1695348382371143e-16,0.0,2.3390696764742284e-14,1.0
39.69,0.0,0.0,0.0,0.0,7.256685794032875e-18,-1.1212828966743298e-17,1.507528145022649e-16,0.0,3.015056290045298e-14,1.0
39.7,0.0,0.0,0.0,0.0,8.255773048189243e-18,-1.104385617490974e-17,1.5872598828506966e-16,0.0,3.1745197657013935e-14,1.0
39.71,0.0,0.0,0.0,0.0,1.1599474888853008e-18,-1.9850074582839836e-17,1.6904703445166086e-16,0.0,3.380940689033217e-14,1.0
39.72,0.0,0.0,0.0,0.0,1.3583444223665108e-17,-3.1420686578061884e-17,2.6729336633292026e-16,0.0,5.345867326658405e-14,1.0
39.730000000000004,0.0,0.0,0.0,0.0,1.9161911451353185e-17,-8.352282446286954e-18,3.1338242416020726e-16,0.0,6.267648483204145e-14,1.0
39.74,0.0,0.0,0.0,0.0,1.3800362227127298e-17,-3.200728233449232e-17,3.25646212841236e-16,0.0,6.51292425682472e-14,1.0
39.75,0.0,0.0,0.0,0.0,1.439190360236952e-17,-3.305832284740376e-17,4.0988496767953647e-16,0.0,8.197699353590729e-14,1.0
39.76,0.0,0.0,0.0,0.0,1.382317979250233e-17,-2.1239953627512264e-17,3.893785308412658e-16,0.0,7.787570616825316e-14,1.0
39.77,0.0,0.0,0.0,0.0,1.9467708565592308e-17,-1.8432261537681753e-17,3.032083442326971e-16,0.0,6.064166884653942e-14,1.0
39.78,0.0,0.0,0.0,0.0,1.74488446631923e-17,-1.619812948193883e-17,2.6019597263180535e-16,0.0,5.203919452636107e-14,1.0
39.79,0.0,0.0,0.0,0.0,6.80045343518767e-18,-2.389970298665781e-17,2.0418036008224364e-16,0.0,4.083607201644873e-14,1.0
39.800000000000004,0.0,0.0,0.0,0.0,7.408182065884409e-18,-2.1903625542099017e-17,1.6490972973966922e-16,0.0,3.298194594793384e-14,1.0
39.81,0.0,0.0,0.0,0.0,4.298976164818889e-18,3.2920802241265714e-18,1.8122827364015805e-16,0.0,3.624565472803161e-14,1.0
39.82,0.0,0.0,0.0,0.0,9.295114071553755e-18,-2.8634661290669092e-18,1.699971310977631e-16,0.0,3.399942621955262e-14,1.0
39.83,0.0,0.0,0.0,0.0,9.376709400030313e-18,-3.856192359411838e-18,1.7376497059448807e-16,0.0,3.4752994118897615e-14,1.0
39.84,0.0,0.0,0.0,0.0,1.1194214531471293e-17,-4.664930031520323e-18,2.3287695334337495e-16,0.0,4.6575390668674985e-14,1.0
39.85,0.0,0.0,0.0,0.0,8.914581002013788e-18,-5.984417799333606e-18,1.7095377707478778e-16,0.0,3.4190755414957554e-14,1.0
39.86,0.0,0.0,0.0,0.0,2.851315845332189e-17,-1.0779921432708795e-17,1.745746261507767e-16,0.0,3.491492523015534e-14,1.0
39.87,0.0,0.0,0.0,0.0,9.918166148872539e-18,-1.2938959324538953e-17,1.928948209654221e-16,0.0,3.8578964193084424e-14,1.0
39.88,0.0,0.0,0.0,0.0,8.638381404437739e-18,-1.421022114227981e-17,1.7155295667575295e-16,0.0,3.4310591335150587e-14,1.0
39.89,0.0,0.0,0.0,0.0,2.5495730100423176e-17,-1.1099628800075884e-17,8.017141962213789e-17,0.0,1.6034283924427577e-14,1.0
39.9,0.0,0.0,0.0,0.0,-3.4003852911376636e-18,-3.766267075990801e-17,8.937027968614719e-17,0.0,1.7874055937229438e-14,1.0
39.910000000000004,0.0,0.0,0.0,0.0,6.167579938717883e-18,-9.88858006168924e-18,4.815298774834271e-17,0.0,9.630597549668542e-15,1.0
39.92,0.0,0.0,0.0,0.0,5.31982517830041e-18,-9.183869972728915e-18,2.9508588023195096e-17,0.0,5.901717604639019e-15,1.0
39.93,0.0,0.0,0.0,0.0,4.696586824788201e-18,-9.53581242581412e-18,5.509896930630416e-17,0.0,1.1019793861260832e-14,1.0
39.94,0.0,0.0,0.0,0.0,4.578504686259181e-18,-1.0403034641623604e-17,9.150379646362439e-17,0.0,1.8300759292724876e-14,1.0
39.95,0.0,0.0,0.0,0.0,7.761345669266606e-18,-1.0319528271609641e-17,3.818128282084635e-17,0.0,7.63625656416927e-15,1.0
39.96,0.0,0.0,0.0,0.0,1.2268162576323406e-18,-2.0654941298447724e-17,1.6056543377509084e-17,0.0,3.211308675501817e-15,1.0
39.97,0.0,0.0,0.0,0.0,1.2928496851823745e-17,-1.2154753524343343e-17,7.279084324753443e-17,0.0,1.4558168649506886e-14,1.0
39.980000000000004,0.0,0.0,0.0,0.0,1.3439033907325742e-17,-1.06113555220543e-17,6.166494135121302e-17,0.0,1.2332988270242604e-14,1.0
39.99,0.0,0.0,0.0,0.0,1.3097053014044725e-17,-2.7416635660537336e-17,7.5841470634309e-17,0.0,1.51682941268618e-14,1.0
40.0,0.0,0.0,0.0,0.0,1.1412684876973925e-17,-6.3180436830586376e-18,8.692955858610071e-17,0.0,1.7385911717220142e-14,1.0
40.01,0.0,0.0,0.0,0.0,1.0296529115840716e-17,-5.9514389090813055e-18,1.0142074138998577e-16,0.0,2.0284148277997152e-14,1.0
40.02,0.0,0.0,0.0,0.0,8.678790025556855e-18,-5.4101215706362e-18,1.3562502722142482e-16,0.0,2.7125005444284963e-14,1.0
40.03,0.0,0.0,0.0,0.0,5.524716400240255e-18,-4.715675806192977e-18,2.0385192839148643e-16,0.0,4.0770385678297284e-14,1.0
40.04,0.0,0.0,0.0,0.0,2.911220762914635e-18,-7.921393631088928e-18,2.0548167495819225e-16,0.0,4.1096334991638447e-14,1.0
40.050000000000004,0.0,0.0,0.0,0.0,1.3765075098077489e-17,7.069292654154283e-19,2.0928135172750123e-16,0.0,4.1856270345500245e-14,1.0
40.06,0.0,0.0,0.0,0.0,-3.51471020056702e-18,-1.765385107459869e-17,2.4019769357648004e-16,0.0,4.803953871529601e-14,1.0
40.07,0.0,0.0,0.0,0.0,-2.17469368548995e-18,-1.8025199310842018e-17,2.456361853733288e-16,0.0,4.912723707466576e-14,1.0
40.08,0.0,0.0,0.0,0.0,1.8831681485956178e-17,1.8534868542856985e-18,2.6303949396034234e-16,0.0,5.2607898792068466e-14,1.0
40.09,0.0,0.0,0.0,0.0,-1.6837629089261136e-19,-1.7504113415715587e-17,2.8461468211548134e-16,0.0,5.692293642309627e-14,1.0
40.1,0.0,0.0,0.0,0.0,1.7913526665177218e-17,-1.5812608008177008e-19,2.8345957512882543e-16,0.0,5.6691915025765086e-14,1.0
40.11,0.0,0.0,0.0,0.0,1.930502393881654e-17,-5.811584407755602e-19,2.6498029791451876e-16,0.0,5.2996059582903754e-14,1.0
40.12,0.0,0.0,0.0,0.0,-6.451532419355292e-18,-3.086949955523917e-17,1.91275656722969e-16,0.0,3.82551313445938e-14,1.0
40.13,0.0,0.0,0.0,0.0,2.2873087315949736e-17,-3.508297691754253e-18,1.4987172505520211e-16,0.0,2.997434501104042e-14,1.0
40.14,0.0,0.0,0.0,0.0,1.2472404780920214e-17,-1.3293725762158694e-17,1.418242420421178e-16,0.0,2.8364848408423557e-14,1.0
40.15,0.0,0.0,0.0,0.0,1.1779315397850862e-17,-1.2288423879892791e-17,1.4149289454880322e-16,0.0,2.8298578909760642e-14,1.0
40.160000000000004,0.0,0.0,0.0,0.0,1.181229783749456e-17,-1.0638646043083608e-17,1.4375082586985315e-16,0.0,2.875016517397063e-14,1.0
40.17,0.0,0.0,0.0,0.0,1.1231269232393418e-17,-1.0194793963287568e-17,1.3661400846583343e-16,0.0,2.7322801693166686e-14,1.0
40.18,0.0,0.0,0.0,0.0,1.100068805017929e-17,-1.0230499494423648e-17,1.2128804747240858e-16,0.0,2.4257609494481716e-14,1.0
40.19,0.0,0.0,0.0,0.0,1.1776893150892688e-17,-9.60227189163467e-18,1.222799441544996e-16,0.0,2.445598883089992e-14,1.0
40.2,0.0,0.0,0.0,0.0,1.2342173402935455e-17,-7.966088955262985e-18,1.5929153150920576e-16,0.0,3.185830630184115e-14,1.0
40.21,0.0,0.0,0.0,0.0,1.2797737366965901e-17,-8.079318760674998e-18,1.6065217127579722e-16,0.0,3.213043425515944e-14,1.0
40.22,0.0,0.0,0.0,0.0,1.8597134358488067e-17,-5.701644724725969e-19,1.1314171858908627e-16,0.0,2.2628343717817252e-14,1.0
40.230000000000004,0.0,0.0,0.0,0.0,2.0704020141819373e-17,3.0835705182979084e-18,1.2526932802659126e-16,0.0,2.5053865605318254e-14,1.0
40.24,0.0,0.0,0.0,0.0,8.149531609128673e-18,-6.055503982101185e-18,2.0184492555093194e-16,0.0,4.036898511018639e-14,1.0
40.25,0.0,0.0,0.0,0.0,2.946396021331525e-18,-9.653357125217686e-18,2.4013636030359934e-16,0.0,4.8027272060719864e-14,1.0
40.26,0.0,0.0,0.0,0.0,-6.896553074498629e-18,-1.930870119560417e-17,2.819461639987312e-16,0.0,5.6389232799746245e-14,1.0
40.27,0.0,0.0,0.0,0.0,-2.3671049228789724e-18,-1.8693861003409976e-18,1.9113356747374909e-16,0.0,3.8226713494749815e-14,1.0
40.28,0.0,0.0,0.0,0.0,7.249794319135648e-19,-1.4836735377455343e-18,1.5746828405829723e-16,0.0,3.1493656811659444e-14,1.0
40.29,0.0,0.0,0.0,0.0,-2.4009308223009895e-18,-2.5768983341561635e-17,1.3088771568282923e-16,0.0,2.6177543136565845e-14,1.0
40.300000000000004,0.0,0.0,0.0,0.0,8.309253013403828e-18,-1.616312209551483e-17,1.0019659274526656e-16,0.0,2.003931854905331e-14,1.0
40.31,0.0,0.0,0.0,0.0,1.5183714007845533e-17,-1.2504065962434917e-17,3.559612309189121e-17,0.0,7.119224618378242e-15,1.0
40.32,0.0,0.0,0.0,0.0,1.7723265437204376e-17,-1.357255784698972e-17,1.0106363660777889e-16,0.0,2.0212727321555777e-14,1.0
40.33,0.0,0.0,0.0,0.0,1.5791150235524468e-17,-1.5562121575470732e-17,1.5849300589547848e-16,0.0,3.1698601179095697e-14,1.0
40.34,0.0,0.0,0.0,0.0,3.0329053261310816e-17,-1.4832906335882094e-17,1.6088016240853913e-16,0.0,3.2176032481707823e-14,1.0
40.35,0.0,0.0,0.0,0.0,7.564072072440958e-18,-3.0486720660969724e-17,1.2236896948546584e-16,0.0,2.4473793897093168e-14,1.0
40.36,0.0,0.0,0.0,0.0,2.604457667818727e-18,-2.419133656265589e-17,1.2069952316938327e-16,0.0,2.4139904633876653e-14,1.0
40.37,0.0,0.0,0.0,0.0,1.2525411686737037e-17,-4.7892764305875045e-18,1.393618988859543e-16,0.0,2.787237977719086e-14,1.0
40.38,0.0,0.0,0.0,0.0,2.091890600091877e-18,-1.5018721539836955e-17,1.774596568452623e-16,0.0,3.549193136905246e-14,1.0
40.39,0.0,0.0,0.0,0.0,7.239306249121382e-18,-9.599521807492935e-18,1.6722619752726888e-16,0.0,3.3445239505453775e-14,1.0
40.4,0.0,0.0,0.0,0.0,6.962596689210987e-18,-9.413796455724252e-18,1.8096903775448028e-16,0.0,3.6193807550896057e-14,1.0
40.410000000000004,0.0,0.0,0.0,0.0,8.74041021599378e-18,-8.351785451087458e-18,1.4335172310650966e-16,0.0,2.8670344621301933e-14,1.0
40.42,0.0,0.0,0.0,0.0,-2.6894371675113755e-19,-1.7898909147156042e-17,1.4250332841156e-16,0.0,2.8500665682312e-14,1.0
40.43,0.0,0.0,0.0,0.0,9.064302423053558e-18,-6.80752946777213e-18,1.2786437927451253e-16,0.0,2.5572875854902505e-14,1.0
40.44,0.0,0.0,0.0,0.0,1.054734761808342e-17,-5.366119415146517e-18,7.029102712879274e-17,0.0,1.4058205425758547e-14,1.0
40.45,0.0,0.0,0.0,0.0,3.0801884405073927e-19,-1.4837622493226613e-17,9.341248128310601e-17,0.0,1.8682496256621202e-14,1.0
40.46,0.0,0.0,0.0,0.0,9.813870765524917e-18,-5.296398291694976e-18,9.645199302004184e-17,0.0,1.9290398604008366e-14,1.0
40.47,0.0,0.0,0.0,0.0,7.548007770315338e-18,-9.034839298670364e-18,1.6383101780861876e-16,0.0,3.2766203561723753e-14,1.0
40.480000000000004,0.0,0.0,0.0,0.0,1.8228847209808978e-17,-1.3575571778752e-18,1.5178350986134553e-16,0.0,3.0356701972269106e-14,1.0
40.49,0.0,0.0,0.0,0.0,-1.0288706368711324e-18,-1.9397257105911166e-17,1.4670188434926549e-16,0.0,2.9340376869853096e-14,1.0
40.5,0.0,0.0,0.0,0.0,-9.5031529518895e-19,-1.7280071939584286e-17,1.572403335239913e-16,0.0,3.144806670479826e-14,1.0
40.51,0.0,0.0,0.0,0.0,-3.1736151586493353e-19,-1.606204814713862e-17,1.6104191909942167e-16,0.0,3.2208383819884334e-14,1.0
40.52,0.0,0.0,0.0,0.0,-3.750873995921194e-18,9.41963127806526e-18,1.705619771006478e-16,0.0,3.4112395420129557e-14,1.0
40.53,0.0,0.0,0.0,0.0,1.7846644359084975e-18,2.710014004134836e-18,1.3647644416365203e-16,0.0,2.7295288832730407e-14,1.0
40.54,0.0,0.0,0.0,0.0,-5.308074640235048e-19,5.0611589565527235e-20,1.6740741287361036e-16,0.0,3.3481482574722073e-14,1.0
40.550000000000004,0.0,0.0,0.0,0.0,2.2855116722590034e-17,-7.83508706819011e-18,1.6173193799449858e-16,0.0,3.234638759889972e-14,1.0
40.56,0.0,0.0,0.0,0.0,-5.200326789847366e-18,-8.883568996872449e-18,1.3814206902854485e-16,0.0,2.762841380570897e-14,1.0
40.57,0.0,0.0,0.0,0.0,-4.178923098788676e-18,-2.4488701021543057e-17,1.3558891261867734e-16,0.0,2.7117782523735468e-14,1.0
40.58,0.0,0.0,0.0,0.0,-5.426382956873117e-19,-1.8070918371752882e-17,1.8134768631299927e-16,0.0,3.6269537262599856e-14,1.0
40.59,0.0,0.0,0.0,0.0,-2.0454657033588828e-19,-7.953342766480632e-19,1.4781087469516124e-16,0.0,2.956217493903225e-14,1.0
40.6,0.0,0.0,0.0,0.0,5.0215395500914465e-20,-3.588671480117128e-20,1.4926225429753627e-16,0.0,2.9852450859507256e-14,1.0
40.61,0.0,0.0,0.0,0.0,-1.1486665802993702e-18,-1.8144046701749637e-17,1.962515985782105e-16,0.0,3.9250319715642095e-14,1.0
40.62,0.0,0.0,0.0,0.0,5.279970527390218e-18,2.2445608622615747e-18,1.4698398310053062e-16,0.0,2.939679662010612e-14,1.0
40.63,0.0,0.0,0.0,0.0,1.9905511666631003e-18,-3.934158792225858e-18,1.0721038103358433e-16,0.0,2.1442076206716866e-14,1.0
40.64,0.0,0.0,0.0,0.0,2.3938953140347113e-18,-2.1899660081176895e-17,8.696245091643596e-17,0.0,1.739249018328719e-14,1.0
40.65,0.0,0.0,0.0,0.0,2.7383404247593052e-18,-2.153736118948112e-17,7.765289421087782e-17,0.0,1.5530578842175563e-14,1.0
40.660000000000004,0.0,0.0,0.0,0.0,3.098117198891447e-18,-2.1660764734152083e-17,8.221887909885855e-17,0.0,1.644377581977171e-14,1.0
40.67,0.0,0.0,0.0,0.0,3.4561627409713142e-18,-2.1151378852897057e-17,8.24142629445682e-17,0.0,1.648285258891364e-14,1.0
40.68,0.0,0.0,0.0,0.0,9.370830622992747e-19,-2.1001073222493018e-17,1.0896743347616822e-16,0.0,2.1793486695233644e-14,1.0
40.69,0.0,0.0,0.0,0.0,9.5810262707686e-18,-1.0692299679790057e-17,1.0598243831717926e-16,0.0,2.1196487663435854e-14,1.0
40.7,0.0,0.0,0.0,0.0,2.88712339947665e-19,-1.884503021048941e-17,7.249438853097912e-17,0.0,1.4498877706195825e-14,1.0
40.71,0.0,0.0,0.0,0.0,2.6458972922398558e-18,-1.7870702234993945e-17,7.463731523769297e-17,0.0,1.4927463047538593e-14,1.0
40.72,0.0,0.0,0.0,0.0,3.60715382802803e-18,-1.742502706129895e-17,9.193120146853014e-17,0.0,1.838624029370603e-14,1.0
40.730000000000004,0.0,0.0,0.0,0.0,1.1460393510264826e-17,-7.677783842414256e-18,5.839458418012479e-17,0.0,1.1678916836024958e-14,1.0
40.74,0.0,0.0,0.0,0.0,7.871856487822267e-18,-7.455508220052418e-18,2.778369511899421e-17,0.0,5.556739023798842e-15,1.0
40.75,0.0,0.0,0.0,0.0,6.858952461231831e-18,-6.865559402203245e-18,3.790126168368857e-17,0.0,7.580252336737714e-15,1.0
40.76,0.0,0.0,0.0,0.0,-2.8232701689292082e-18,-1.7752439858030034e-17,4.236432724904706e-17,0.0,8.472865449809412e-15,1.0
40.77,0.0,0.0,0.0,0.0,-1.6304982610719852e-18,-6.789053735626627e-19,5.008722629933272e-17,0.0,1.0017445259866544e-14,1.0
40.78,0.0,0.0,0.0,0.0,-6.815080182452424e-21,-1.9888415004054314e-17,2.4894040528276475e-17,0.0,4.978808105655295e-15,1.0
40.79,0.0,0.0,0.0,0.0,1.7529452882756328e-18,-1.9230573244149812e-17,4.0112747702814837e-17,0.0,8.022549540562968e-15,1.0
40.800000000000004,0.0,0.0,0.0,0.0,4.618009396912946e-18,-1.8453846427903406e-17,1.2666496505379927e-16,0.0,2.5332993010759853e-14,1.0
40.81,0.0,0.0,0.0,0.0,4.287221012341633e-18,-1.8121145511173093e-17,1.2969206574773464e-16,0.0,2.5938413149546927e-14,1.0
40.82,0.0,0.0,0.0,0.0,3.1991408293258955e-17,8.47021316993766e-18,1.3364059353543408e-16,0.0,2.6728118707086815e-14,1.0
40.83,0.0,0.0,0.0,0.0,2.03534382863061e-17,-1.786574179517368e-18,1.1400295974540413e-16,0.0,2.2800591949080826e-14,1.0
40.84,0.0,0.0,0.0,0.0,9.11659165128932e-18,-1.0696191438671464e-17,9.222107001124386e-17,0.0,1.844421400224877e-14,1.0
40.85,0.0,0.0,0.0,0.0,1.3730923148435338e-17,-1.312185842625973e-17,9.206362596184491e-17,0.0,1.841272519236898e-14,1.0
40.86,0.0,0.0,0.0,0.0,-1.020368503658587e-17,-1.8008847046124502e-17,9.913877055273146e-17,0.0,1.982775411054629e-14,1.0
40.87,0.0,0.0,0.0,0.0,1.3634019668036995e-17,3.520325433958091e-18,1.0338395205754612e-16,0.0,2.0676790411509222e-14,1.0
40.88,0.0,0.0,0.0,0.0,9.237517728376833e-18,-1.2526242321593691e-18,1.054205824664035e-16,0.0,2.10841164932807e-14,1.0
40.89,0.0,0.0,0.0,0.0,-1.2080261803315057e-18,-1.9382718937434932e-17,6.918014913204193e-17,0.0,1.3836029826408385e-14,1.0
40.9,0.0,0.0,0.0,0.0,8.557025568058852e-18,-8.229982854339519e-18,7.399511444933645e-17,0.0,1.479902288986729e-14,1.0
40.910000000000004,0.0,0.0,0.0,0.0,-3.811664173751762e-18,-2.0827614355864856e-17,1.457344312909453e-16,0.0,2.914688625818906e-14,1.0
40.92,0.0,0.0,0.0,0.0,-4.309947499677339e-18,9.118096558193963e-18,1.5088838789678687e-16,0.0,3.017767757935737e-14,1.0
40.93,0.0,0.0,0.0,0.0,2.3118504208380493e-17,6.552476345066474e-18,8.520674313069277e-17,0.0,1.7041348626138552e-14,1.0
40.94,0.0,0.0,0.0,0.0,1.8760912927993555e-17,-9.023978228348345e-19,8.390333838294289e-17,0.0,1.678066767658858e-14,1.0
40.95,0.0,0.0,0.0,0.0,5.363037689791278e-19,6.747805140972859e-18,1.0467213554148573e-16,0.0,2.0934427108297145e-14,1.0
40.96,0.0,0.0,0.0,0.0,-3.450125750295475e-18,-8.054804353345947e-18,1.3218825461079102e-16,0.0,2.6437650922158203e-14,1.0
40.97,0.0,0.0,0.0,0.0,1.5677078669746005e-17,-1.7545730592738114e-17,1.3218240854481755e-16,0.0,2.643648170896351e-14,1.0
40.980000000000004,0.0,0.0,0.0,0.0,1.056088193833843e-17,-1.0681044571980024e-17,1.2852918411041126e-16,0.0,2.5705836822082252e-14,1.0
40.99,0.0,0.0,0.0,0.0,8.769596275642776e-18,-1.1882464935743543e-17,1.1326162070571503e-16,0.0,2.2652324141143007e-14,1.0
41.0,0.0,0.0,0.0,0.0,1.896454682222107e-17,-3.0929528341267928e-18,1.4614932022417651e-16,0.0,2.92298640448353e-14,1.0
41.01,0.0,0.0,0.0,0.0,-1.2893170632160615e-18,-1.1548572924698404e-17,1.1515018270537456e-16,0.0,2.3030036541074912e-14,1.0
41.02,0.0,0.0,0.0,0.0,8.37044980361048e-18,-1.0088925352494937e-17,1.0359361164040965e-16,0.0,2.071872232808193e-14,1.0
41.03,0.0,0.0,0.0,0.0,-4.0233971483984924e-18,-2.4665932757891675e-17,1.5761811996055859e-16,0.0,3.152362399211172e-14,1.0
41.04,0.0,0.0,0.0,0.0,-4.019325991487843e-18,-1.5618913170322814e-17,1.642753072155959e-16,0.0,3.285506144311918e-14,1.0
41.050000000000004,0.0,0.0,0.0,0.0,1.1025699736798445e-17,-1.1662176338703387e-17,2.0297512543868697e-16,0.0,4.059502508773739e-14,1.0
41.06,0.0,0.0,0.0,0.0,1.1920455418666897e-17,-1.0161857634326774e-17,2.066391616922267e-16,0.0,4.132783233844534e-14,1.0
41.07,0.0,0.0,0.0,0.0,1.207072099265617e-17,-1.1549852180896128e-17,2.5693260320073665e-16,0.0,5.138652064014733e-14,1.0
41.08,0.0,0.0,0.0,0.0,1.5218889404771716e-17,-1.6056886602444818e-17,2.2485214874640083e-16,0.0,4.4970429749280164e-14,1.0
41.09,0.0,0.0,0.0,0.0,5.0786779662543776e-18,-9.258679628506098e-18,3.083749660206676e-16,0.0,6.167499320413352e-14,1.0
41.1,0.0,0.0,0.0,0.0,1.5434731979158535e-17,-1.656653994944198e-17,2.8901469924594283e-16,0.0,5.780293984918857e-14,1.0
41.11,0.0,0.0,0.0,0.0,8.957748096330011e-18,-2.6630847238640693e-17,1.943018530683035e-16,0.0,3.88603706136607e-14,1.0
41.12,0.0,0.0,0.0,0.0,1.1070311813993617e-17,-9.870693807066345e-18,1.1901395413622542e-16,0.0,2.3802790827245084e-14,1.0
41.13,0.0,0.0,0.0,0.0,1.0700515528506466e-17,-8.46860870430615e-18,7.642457909037025e-17,0.0,1.528491581807405e-14,1.0
41.14,0.0,0.0,0.0,0.0,-1.2153425837156462e-17,-3.718101096859918e-18,8.040663382608417e-17,0.0,1.6081326765216832e-14,1.0
41.15,0.0,0.0,0.0,0.0,-4.00288329394419e-18,1.3523623867844881e-17,2.787300497834882e-17,0.0,5.5746009956697635e-15,1.0
41.160000000000004,0.0,0.0,0.0,0.0,1.5749287005294383e-17,3.797559950468363e-18,1.626565487619507e-17,0.0,3.2531309752390137e-15,1.0
41.17,0.0,0.0,0.0,0.0,-9.662411373697605e-18,-1.7308862987473252e-17,7.175696309696149e-17,0.0,1.4351392619392298e-14,1.0
41.18,0.0,0.0,0.0,0.0,3.023942607102564e-18,-1.1237577383516845e-18,1.4077642641919343e-16,0.0,2.8155285283838686e-14,1.0
41.19,0.0,0.0,0.0,0.0,1.8197473509684844e-17,-7.804921639852654e-18,1.5910697183929651e-16,0.0,3.18213943678593e-14,1.0
41.2,0.0,0.0,0.0,0.0,1.7100052998747813e-17,-1.4776412336536396e-17,1.2427478438027528e-16,0.0,2.4854956876055055e-14,1.0
41.21,0.0,0.0,0.0,0.0,9.522820786454481e-18,-7.807583783166006e-18,7.651710041822268e-17,0.0,1.5303420083644535e-14,1.0
41.22,0.0,0.0,0.0,0.0,7.3749436192149e-18,-1.0476560492088077e-17,6.148882370291567e-17,0.0,1.2297764740583134e-14,1.0
41.230000000000004,0.0,0.0,0.0,0.0,5.043691335020721e-18,-8.07612611314101e-19,4.570600287342567e-17,0.0,9.141200574685134e-15,1.0
41.24,0.0,0.0,0.0,0.0,-2.7169810211868463e-18,-8.897667466575427e-18,1.3638137313363536e-17,0.0,2.727627462672707e-15,1.0
41.25,0.0,0.0,0.0,0.0,1.5460003675263785e-18,-1.8895622300846853e-17,9.502344496601438e-17,0.0,1.9004688993202874e-14,1.0
41.26,0.0,0.0,0.0,0.0,1.25204779451359e-18,5.0457145058020234e-20,6.039094115168849e-17,0.0,1.2078188230337697e-14,1.0
41.27,0.0,0.0,0.0,0.0,1.2448660119303923e-17,-1.4535004785889793e-17,2.2611309413272604e-17,0.0,4.522261882654521e-15,1.0
41.28,0.0,0.0,0.0,0.0,1.7179803895658868e-17,-9.421997421094415e-18,2.3846703574106205e-17,0.0,4.769340714821241e-15,1.0
41.29,0.0,0.0,0.0,0.0,1.4490269793187465e-18,-2.7602659500303584e-17,7.621461198912127e-17,0.0,1.5242922397824253e-14,1.0
41.300000000000004,0.0,0.0,0.0,0.0,-3.4030521328941847e-18,-1.5184153559705104e-17,5.114413833550091e-17,0.0,1.0228827667100183e-14,1.0
41.31,0.0,0.0,0.0,0.0,2.370231482424938e-17,2.912621877612904e-18,5.233817324995722e-17,0.0,1.0467634649991444e-14,1.0
41.32,0.0,0.0,0.0,0.0,8.601437452767143e-18,-1.0448716608123096e-17,1.8590444557182213e-17,0.0,3.718088911436442e-15,1.0
41.33,0.0,0.0,0.0,0.0,-8.259411054932048e-19,-7.374779527403108e-18,6.296166644878469e-17,0.0,1.2592333289756937e-14,1.0
41.34,0.0,0.0,0.0,0.0,4.897463100865278e-19,-1.7409817539336285e-17,4.81971189242839e-17,0.0,9.63942378485678e-15,1.0
41.35,0.0,0.0,0.0,0.0,-1.561577929427764e-18,7.8508989180124e-19,5.300445970477496e-17,0.0,1.0600891940954992e-14,1.0
41.36,0.0,0.0,0.0,0.0,2.122093162622433e-17,-2.3184409080415656e-18,1.223485849486376e-16,0.0,2.446971698972752e-14,1.0
41.37,0.0,0.0,0.0,0.0,-7.274609855869669e-18,-2.324673089928938e-17,1.0111652695173156e-16,0.0,2.0223305390346314e-14,1.0
41.38,0.0,0.0,0.0,0.0,1.4604723798044988e-19,-2.4150021042262665e-18,3.516497266733363e-17,0.0,7.032994533466726e-15,1.0
41.39,0.0,0.0,0.0,0.0,6.054638249591295e-18,2.3726826536956674e-18,2.2832582467281085e-17,0.0,4.566516493456217e-15,1.0
41.4,0.0,0.0,0.0,0.0,-3.905463994266772e-18,-2.6402990882685888e-17,2.954020911419318e-17,0.0,5.9080418228386364e-15,1.0
41.410000000000004,0.0,0.0,0.0,0.0,1.3262352099463974e-17,-7.882168698441107e-18,9.58796134979656e-17,0.0,1.917592269959312e-14,1.0
41.42,0.0,0.0,0.0,0.0,3.5145416854375706e-18,-1.6720652762322823e-17,9.663483783230642e-17,0.0,1.9326967566461283e-14,1.0
41.43,0.0,0.0,0.0,0.0,-1.285171373521635e-18,-1.798247761030458e-17,8.816231240509798e-17,0.0,1.7632462481019595e-14,1.0
41.44,0.0,0.0,0.0,0.0,-4.917983132254888e-18,-2.1661819205910647e-17,7.233788920465508e-17,0.0,1.4467577840931015e-14,1.0
41.45,0.0,0.0,0.0,0.0,2.5833411063659873e-18,1.752406317194734e-18,1.6754516733809005e-17,0.0,3.3509033467618008e-15,1.0
41.46,0.0,0.0,0.0,0.0,-2.765638461508612e-18,7.216925187770497e-18,5.482901138444056e-17,0.0,1.0965802276888112e-14,1.0
41.47,0.0,0.0,0.0,0.0,2.703866780520813e-17,-3.806304394411668e-18,3.559933412960087e-17,0.0,7.119866825920173e-15,1.0
41.480000000000004,0.0,0.0,0.0,0.0,4.5748535458568155e-18,-1.7578961327524827e-18,9.929772346130062e-17,0.0,1.9859544692260123e-14,1.0
41.49,0.0,0.0,0.0,0.0,2.250928846945084e-17,-1.0872132160381612e-17,7.149601408480067e-17,0.0,1.4299202816960135e-14,1.0
41.5,0.0,0.0,0.0,0.0,8.879142544085756e-18,-1.5920547898427847e-17,1.2969155733250857e-16,0.0,2.5938311466501712e-14,1.0
41.51,0.0,0.0,0.0,0.0,1.3401589505416127e-17,-1.07940163909403e-17,1.5469752636304683e-16,0.0,3.0939505272609364e-14,1.0
41.52,0.0,0.0,0.0,0.0,1.2193909015095318e-17,-1.1606494386811027e-17,1.6260202925937698e-16,0.0,3.252040585187539e-14,1.0
41.53,0.0,0.0,0.0,0.0,1.3283070437129787e-17,-1.5430595026562453e-17,8.156792968052883e-17,0.0,1.6313585936105766e-14,1.0
41.54,0.0,0.0,0.0,0.0,5.723278565582204e-18,-9.781108019119978e-18,3.976302359012237e-17,0.0,7.952604718024474e-15,1.0
41.550000000000004,0.0,0.0,0.0,0.0,4.7439756374282086e-18,-8.061077096347426e-18,1.241376453891034e-17,0.0,2.4827529077820677e-15,1.0
41.56,0.0,0.0,0.0,0.0,-4.74275012084958e-18,-1.688069817520081e-17,4.3202150467421656e-17,0.0,8.64043009348433e-15,1.0
41.57,0.0,0.0,0.0,0.0,-3.3706452829413167e-18,-1.865283841208521e-17,3.0442955891855084e-17,0.0,6.088591178371017e-15,1.0
41.58,0.0,0.0,0.0,0.0,-1.2984633539866331e-18,-1.4978556450672853e-18,6.151689575356656e-17,0.0,1.2303379150713311e-14,1.0
41.59,0.0,0.0,0.0,0.0,-6.869615075544879e-19,-2.128778503424301e-17,6.717628565150863e-17,0.0,1.3435257130301725e-14,1.0
41.6,0.0,0.0,0.0,0.0,1.0295847765779853e-17,-1.1477071439256863e-17,6.764196068526799e-17,0.0,1.3528392137053598e-14,1.0
41.61,0.0,0.0,0.0,0.0,-3.614300117517055e-18,-8.826710848236377e-18,1.2742354893505556e-16,0.0,2.5484709787011112e-14,1.0
41.62,0.0,0.0,0.0,0.0,6.26420027666013e-18,-8.134117456822227e-18,1.0971257049489168e-16,0.0,2.1942514098978338e-14,1.0
41.63,0.0,0.0,0.0,0.0,-1.0564193534148281e-18,-4.363930966349013e-18,1.327695208049331e-16,0.0,2.655390416098662e-14,1.0
41.64,0.0,0.0,0.0,0.0,2.1659045518290993e-18,-1.3548723340183137e-17,1.3418163639447797e-16,0.0,2.6836327278895592e-14,1.0
41.65,0.0,0.0,0.0,0.0,2.5251035911398887e-18,1.0898616373224705e-17,4.30852183031454e-17,0.0,8.61704366062908e-15,1.0
41.660000000000004,0.0,0.0,0.0,0.0,1.0559105500351639e-17,-7.973119483074958e-19,5.649779939799877e-17,0.0,1.1299559879599753e-14,1.0
41.67,0.0,0.0,0.0,0.0,1.0879889600523271e-17,-1.0097533158196454e-17,6.141443801868084e-17,0.0,1.2282887603736167e-14,1.0
41.68,0.0,0.0,0.0,0.0,1.436665068661068e-18,-2.1610799003128192e-17,7.745528295192146e-18,0.0,1.5491056590384293e-15,1.0
41.69,0.0,0.0,0.0,0.0,8.599083119222593e-18,-3.0900750856845055e-18,6.09645505172649e-17,0.0,1.219291010345298e-14,1.0
41.7,0.0,0.0,0.0,0.0,1.303164319394314e-17,-1.804408245847319e-17,8.6520885613122e-17,0.0,1.73041771226244e-14,1.0
41.71,0.0,0.0,0.0,0.0,-4.498375730341244e-18,-6.709304003808304e-18,3.520002846812035e-17,0.0,7.04000569362407e-15,1.0
41.72,0.0,0.0,0.0,0.0,7.23795015010942e-18,-2.635872754767001e-17,7.002374891823532e-17,0.0,1.4004749783647064e-14,1.0
41.730000000000004,0.0,0.0,0.0,0.0,1.3426182398911056e-17,-1.1648642546598784e-17,1.0082737405069494e-16,0.0,2.0165474810138988e-14,1.0
41.74,0.0,0.0,0.0,0.0,1.2364878692470564e-17,-1.2071136907061301e-17,1.172200421404837e-16,0.0,2.344400842809674e-14,1.0
41.75,0.0,0.0,0.0,0.0,1.0645808857556802e-17,-1.2684720785288778e-17,1.4477338183879707e-16,0.0,2.8954676367759415e-14,1.0
41.76,0.0,0.0,0.0,0.0,8.207910013639546e-18,-1.0877496253134704e-17,1.1031179234079202e-16,0.0,2.2062358468158404e-14,1.0
41.77,0.0,0.0,0.0,0.0,1.629037427280491e-17,-8.535192127698803e-18,8.763140212541578e-17,0.0,1.7526280425083157e-14,1.0
41.78,0.0,0.0,0.0,0.0,-3.534619037242988e-18,-1.5312199307536262e-17,7.565491930407616e-17,0.0,1.513098386081523e-14,1.0
41.79,0.0,0.0,0.0,0.0,-4.217056835054905e-18,-1.1950407867966622e-17,1.429311058780025e-16,0.0,2.85862211756005e-14,1.0
41.800000000000004,0.0,0.0,0.0,0.0,-4.589348145277248e-18,-1.3062722884613396e-17,1.7676991157340827e-16,0.0,3.5353982314681656e-14,1.0
41.81,0.0,0.0,0.0,0.0,-7.731393162131077e-18,9.581848152308942e-18,1.6704626033515086e-16,0.0,3.340925206703017e-14,1.0
41.82,0.0,0.0,0.0,0.0,1.058051616906314e-18,4.586112375922511e-19,5.853011557026327e-17,0.0,1.1706023114052654e-14,1.0
41.83,0.0,0.0,0.0,0.0,4.110173941859016e-18,-1.307083982861909e-18,1.9943690248128526e-17,0.0,3.988738049625705e-15,1.0
41.84,0.0,0.0,0.0,0.0,5.0282695111400656e-18,-2.0651889699730745e-17,4.377008189020986e-17,0.0,8.754016378041972e-15,1.0
41.85,0.0,0.0,0.0,0.0,1.55514419922297e-17,-1.0683911858076524e-17,8.605101817233045e-17,0.0,1.7210203634466088e-14,1.0
41.86,0.0,0.0,0.0,0.0,1.4801666808382197e-17,-1.125673698195965e-17,9.560638037637975e-17,0.0,1.912127607527595e-14,1.0
41.87,0.0,0.0,0.0,0.0,2.017668969945082e-17,-1.5894946896456552e-17,1.5100078760332514e-16,0.0,3.0200157520665026e-14,1.0
41.88,0.0,0.0,0.0,0.0,1.639347444409183e-17,-1.109444438739413e-17,2.340705013667917e-16,0.0,4.681410027335833e-14,1.0
41.89,0.0,0.0,0.0,0.0,1.3623567015759544e-17,-1.1716564760502166e-17,1.9941595415549983e-16,0.0,3.9883190831099967e-14,1.0
41.9,0.0,0.0,0.0,0.0,2.002554064459614e-17,-1.0999824853040611e-17,1.6062900587838105e-16,0.0,3.212580117567621e-14,1.0
41.910000000000004,0.0,0.0,0.0,0.0,9.52007980182472e-18,-1.2553434295483964e-17,1.972672028642608e-16,0.0,3.945344057285216e-14,1.0
41.92,0.0,0.0,0.0,0.0,1.029616085689398e-17,-1.49739496621013e-17,2.7327400782993804e-16,0.0,5.4654801565987605e-14,1.0
41.93,0.0,0.0,0.0,0.0,1.2251601332133025e-17,-1.5929498817157675e-17,3.423655243135393e-16,0.0,6.847310486270786e-14,1.0
41.94,0.0,0.0,0.0,0.0,1.090417756065633e-17,-3.154279252512904e-17,2.8709809052432495e-16,0.0,5.741961810486499e-14,1.0
41.95,0.0,0.0,0.0,0.0,1.664611320690231e-17,-2.0235052404621885e-17,2.2138996164790597e-16,0.0,4.427799232958119e-14,1.0
41.96,0.0,0.0,0.0,0.0,3.110220035579732e-17,-6.770075717231269e-18,2.7545801494198067e-16,0.0,5.509160298839613e-14,1.0
41.97,0.0,0.0,0.0,0.0,1.1674325279870136e-17,-1.581742926561555e-17,2.564657244719599e-16,0.0,5.129314489439198e-14,1.0
41.980000000000004,0.0,0.0,0.0,0.0,7.361329093930052e-18,-2.875321297025821e-17,2.4307694820921845e-16,0.0,4.861538964184369e-14,1.0
41.99,0.0,0.0,0.0,0.0,7.235916346690464e-18,-2.5546058532662594e-17,1.6453916646425522e-16,0.0,3.2907833292851043e-14,1.0
42.0,0.0,0.0,0.0,0.0,8.071260180075457e-18,-2.6410565690185537e-17,1.9243117316605352e-16,0.0,3.84862346332107e-14,1.0
42.01,0.0,0.0,0.0,0.0,1.3898113012105604e-17,-3.625572056838792e-18,2.1422617132036512e-16,0.0,4.284523426407302e-14,1.0
42.02,0.0,0.0,0.0,0.0,9.730614961433319e-18,-8.689763239944194e-18,2.1116898499701894e-16,0.0,4.223379699940379e-14,1.0
42.03,0.0,0.0,0.0,0.0,9.913572926415087e-18,-2.587907947082364e-17,1.717095020487525e-16,0.0,3.43419004097505e-14,1.0
42.04,0.0,0.0,0.0,0.0,9.914205319416842e-18,-2.5466492022501737e-17,1.6570179383233352e-16,0.0,3.3140358766466706e-14,1.0
42.050000000000004,0.0,0.0,0.0,0.0,8.438867404354614e-18,-6.543862031356218e-18,1.214629445562431e-16,0.0,2.429258891124862e-14,1.0
42.06,0.0,0.0,0.0,0.0,6.667787592836422e-18,-7.913230458461902e-18,8.567518134731786e-17,0.0,1.713503626946357e-14,1.0
42.07,0.0,0.0,0.0,0.0,4.744724273595989e-18,-8.283555887195303e-18,3.9523040117847845e-17,0.0,7.904608023569569e-15,1.0
42.08,0.0,0.0,0.0,0.0,6.880546861956934e-18,-1.3326099218997616e-17,1.0700767233604928e-16,0.0,2.1401534467209855e-14,1.0
42.09,0.0,0.0,0.0,0.0,7.470882584738661e-18,-1.0869594872884409e-17,1.34798541701232e-16,0.0,2.6959708340246397e-14,1.0
42.1,0.0,0.0,0.0,0.0,-4.4381573193958254e-18,-1.3767877203415688e-17,1.6329041081453301e-16,0.0,3.26580821629066e-14,1.0
42.11,0.0,0.0,0.0,0.0,-2.671479211061502e-18,-1.519015298132475e-17,1.616831459969619e-16,0.0,3.233662919939238e-14,1.0
42.12,0.0,0.0,0.0,0.0,1.6702085027361458e-17,9.350015995230655e-19,1.7216902570197584e-16,0.0,3.4433805140395167e-14,1.0
42.13,0.0,0.0,0.0,0.0,6.8698923908473555e-18,-9.072115030071382e-18,2.1689240669338634e-16,0.0,4.337848133867727e-14,1.0
42.14,0.0,0.0,0.0,0.0,-4.524440830434235e-18,-1.743581402002704e-17,3.010256041716519e-16,0.0,6.020512083433038e-14,1.0
42.15,0.0,0.0,0.0,0.0,-5.228854736163977e-18,-1.6537205473994382e-17,3.7149996699462053e-16,0.0,7.42999933989241e-14,1.0
42.160000000000004,0.0,0.0,0.0,0.0,-5.4452528696121e-18,-7.681622900956415e-18,4.110805597341832e-16,0.0,8.221611194683664e-14,1.0
42.17,0.0,0.0,0.0,0.0,-2.565663364559663e-18,-1.2518852470608881e-18,3.482488178435473e-16,0.0,6.964976356870946e-14,1.0
42.18,0.0,0.0,0.0,0.0,-6.626075224748812e-18,-1.60299833246737e-17,3.850615543794e-16,0.0,7.701231087587999e-14,1.0
42.19,0.0,0.0,0.0,0.0,2.8355642411215137e-18,-2.560597563305219e-17,4.197974207469038e-16,0.0,8.395948414938077e-14,1.0
42.2,0.0,0.0,0.0,0.0,5.917030219208178e-18,-5.878269105879398e-18,3.5698219791681185e-16,0.0,7.139643958336237e-14,1.0
42.21,0.0,0.0,0.0,0.0,-1.1764924799646441e-17,-1.2807613268723407e-17,3.7028694365764993e-16,0.0,7.405738873152998e-14,1.0
42.22,0.0,0.0,0.0,0.0,3.1877778537185534e-18,-1.8608312250147747e-17,3.4224328454023995e-16,0.0,6.844865690804798e-14,1.0
42.230000000000004,0.0,0.0,0.0,0.0,-7.150272129174729e-19,6.769213183510025e-18,3.3853317026902876e-16,0.0,6.770663405380575e-14,1.0
42.24,0.0,0.0,0.0,0.0,-6.3844517929279495e-19,-2.302127229469188e-17,3.1289869239601473e-16,0.0,6.257973847920294e-14,1.0
42.25,0.0,0.0,0.0,0.0,5.578884301867409e-18,2.8234833663357684e-19,2.5648600219536207e-16,0.0,5.129720043907241e-14,1.0
42.26,0.0,0.0,0.0,0.0,8.27973200831702e-18,-6.057783269374108e-19,1.844599583367383e-16,0.0,3.689199166734766e-14,1.0
42.27,0.0,0.0,0.0,0.0,2.4137543307554685e-17,-1.5254160983693215e-17,1.7768251356177463e-16,0.0,3.5536502712354926e-14,1.0
42.28,0.0,0.0,0.0,0.0,2.0260190166727578e-17,-1.3372090206249221e-17,2.350327427603024e-16,0.0,4.700654855206048e-14,1.0
42.29,0.0,0.0,0.0,0.0,1.2510380107248908e-17,-8.930218800447587e-18,2.1704450951437875e-16,0.0,4.340890190287575e-14,1.0
42.300000000000004,0.0,0.0,0.0,0.0,8.743847977317874e-18,5.374846946102005e-19,2.3733699357299187e-16,0.0,4.746739871459837e-14,1.0
42.31,0.0,0.0,0.0,0.0,6.149461377193666e-18,3.10030116648509e-20,2.5501733849167274e-16,0.0,5.1003467698334545e-14,1.0
42.32,0.0,0.0,0.0,0.0,-2.217790086341166e-18,-1.268072324778941e-18,1.9960314979119244e-16,0.0,3.992062995823849e-14,1.0
42.33,0.0,0.0,0.0,0.0,-5.275293381366183e-19,-1.0707568677895931e-18,1.952020545964043e-16,0.0,3.904041091928086e-14,1.0
42.34,0.0,0.0,0.0,0.0,1.967897392284672e-18,-2.128320261306066e-17,1.5262486664001326e-16,0.0,3.052497332800265e-14,1.0
42.35,0.0,0.0,0.0,0.0,2.4974262370398863e-17,2.2935624419969278e-18,1.347373262056229e-16,0.0,2.694746524112458e-14,1.0
42.36,0.0,0.0,0.0,0.0,7.754704194399636e-18,-1.0957749209365699e-17,1.819219893738083e-16,0.0,3.6384397874761656e-14,1.0
42.37,0.0,0.0,0.0,0.0,1.3339415848124902e-17,-1.1057382428526313e-17,2.7750391677435723e-16,0.0,5.5500783354871446e-14,1.0
42.38,0.0,0.0,0.0,0.0,3.332075675693707e-18,-1.7092952429841967e-17,2.2328106260973514e-16,0.0,4.4656212521947025e-14,1.0
42.39,0.0,0.0,0.0,0.0,-2.9370172939237135e-18,-6.022716514875361e-18,1.390045820558224e-16,0.0,2.780091641116448e-14,1.0
42.4,0.0,0.0,0.0,0.0,1.9361824908394895e-17,-3.1942546812001403e-18,1.0600611704613344e-16,0.0,2.120122340922669e-14,1.0
42.410000000000004,0.0,0.0,0.0,0.0,1.7883870561373662e-17,-2.1262477046573266e-17,1.4174167830328752e-16,0.0,2.8348335660657503e-14,1.0
42.42,0.0,0.0,0.0,0.0,4.709268309348484e-18,-1.4881746757819724e-17,1.5403910837687273e-16,0.0,3.0807821675374547e-14,1.0
42.43,0.0,0.0,0.0,0.0,-8.869823059698203e-19,-1.407308904617429e-18,1.0855077388351044e-16,0.0,2.1710154776702085e-14,1.0
42.44,0.0,0.0,0.0,0.0,2.4806327124661067e-17,-5.507627779578117e-18,1.2145913354130272e-16,0.0,2.4291826708260544e-14,1.0
42.45,0.0,0.0,0.0,0.0,-2.692056682761958e-19,-2.1973638184955174e-17,5.658272924965571e-17,0.0,1.1316545849931142e-14,1.0
42.46,0.0,0.0,0.0,0.0,2.614872934281883e-17,1.4252982656577285e-18,5.587674995819246e-17,0.0,1.1175349991638491e-14,1.0
42.47,0.0,0.0,0.0,0.0,1.945442103442872e-18,-2.1115806435876046e-17,6.570354390052623e-17,0.0,1.3140708780105245e-14,1.0
42.480000000000004,0.0,0.0,0.0,0.0,1.3645037079640717e-17,-5.117166921674511e-18,6.767691054975985e-17,0.0,1.353538210995197e-14,1.0
42.49,0.0,0.0,0.0,0.0,7.128398330565535e-18,-8.474611554002961e-18,1.0362058768230907e-16,0.0,2.0724117536461813e-14,1.0
42.5,0.0,0.0,0.0,0.0,-1.6367732710991365e-18,-1.6808615162698758e-17,1.2277249211027268e-16,0.0,2.4554498422054536e-14,1.0
42.51,0.0,0.0,0.0,0.0,-1.1911123435458619e-18,8.790204853140197e-19,7.976155333636392e-17,0.0,1.5952310667272785e-14,1.0
42.52,0.0,0.0,0.0,0.0,-3.9010703966401645e-18,-3.983533419024943e-18,9.374157631757646e-17,0.0,1.874831526351529e-14,1.0
42.53,0.0,0.0,0.0,0.0,8.401428236623744e-19,-6.021384711407051e-19,5.5172560161049756e-17,0.0,1.1034512032209951e-14,1.0
42.54,0.0,0.0,0.0,0.0,1.8040085939060992e-17,-1.3660814576138682e-18,6.244207641353305e-17,0.0,1.248841528270661e-14,1.0
42.550000000000004,0.0,0.0,0.0,0.0,1.3117467175513028e-17,-1.3725500640453528e-17,1.0910551465494712e-16,0.0,2.1821102930989425e-14,1.0
42.56,0.0,0.0,0.0,0.0,1.3415202383397768e-20,-9.598230638252291e-18,7.999722606843413e-17,0.0,1.5999445213686825e-14,1.0
42.57,0.0,0.0,0.0,0.0,-2.8361089530419955e-18,2.6169505644621097e-18,3.6379501855047565e-17,0.0,7.275900371009513e-15,1.0
42.58,0.0,0.0,0.0,0.0,2.142183318850959e-17,-2.0798842678472993e-18,3.762269065516883e-17,0.0,7.524538131033765e-15,1.0
42.59,0.0,0.0,0.0,0.0,1.2167454055330162e-17,-1.0150257110096104e-17,7.389882885842214e-17,0.0,1.4779765771684427e-14,1.0
42.6,0.0,0.0,0.0,0.0,1.1559647285595219e-17,-1.1456200815070472e-17,6.119739599378602e-17,0.0,1.2239479198757202e-14,1.0
42.61,0.0,0.0,0.0,0.0,8.088365897831777e-18,-7.84854109783255e-21,4.183290488294126e-17,0.0,8.366580976588251e-15,1.0
42.62,0.0,0.0,0.0,0.0,1.0088291032150552e-17,-1.3834259578449406e-17,9.701604946377087e-17,0.0,1.9403209892754175e-14,1.0
42.63,0.0,0.0,0.0,0.0,-2.546352234517887e-18,-1.0836678119035584e-18,4.4814622204627274e-17,0.0,8.962924440925455e-15,1.0
42.64,0.0,0.0,0.0,0.0,2.0921431635081368e-19,4.834576983713602e-20,1.8677704016233052e-17,0.0,3.7355408032466105e-15,1.0
42.65,0.0,0.0,0.0,0.0,-4.226699076485462e-18,-2.419100411827053e-17,2.9220901149050664e-18,0.0,5.844180229810133e-16,1.0
42.660000000000004,0.0,0.0,0.0,0.0,2.2108797510488357e-17,3.806014144014754e-18,7.74659769214213e-17,0.0,1.549319538428426e-14,1.0
42.67,0.0,0.0,0.0,0.0,1.758517258246536e-17,-1.1087251038431335e-19,6.625913962843375e-17,0.0,1.3251827925686751e-14,1.0
42.68,0.0,0.0,0.0,0.0,1.489435855848712e-18,-1.863487660495906e-17,1.609897522055839e-17,0.0,3.219795044111678e-15,1.0
42.69,0.0,0.0,0.0,0.0,-3.723924937583007e-18,5.79899539876246e-18,2.241394179311868e-17,0.0,4.482788358623736e-15,1.0
42.7,0.0,0.0,0.0,0.0,2.0830192777050277e-17,1.6654158686408935e-19,3.2197222313930556e-18,0.0,6.439444462786112e-16,1.0
42.71,0.0,0.0,0.0,0.0,8.206446796424077e-18,3.696340496107606e-18,7.53694415351712e-17,0.0,1.507388830703424e-14,1.0
42.72,0.0,0.0,0.0,0.0,1.346808592265142e-17,-1.962346324867276e-18,1.0625342996724589e-16,0.0,2.1250685993449176e-14,1.0
42.730000000000004,0.0,0.0,0.0,0.0,1.0844302289159113e-17,-1.067466661224777e-17,6.188767085280577e-17,0.0,1.2377534170561154e-14,1.0
42.74,0.0,0.0,0.0,0.0,8.105305211543011e-18,-1.0686202699196488e-17,5.810793032622285e-17,0.0,1.162158606524457e-14,1.0
42.75,0.0,0.0,0.0,0.0,6.141619886664673e-18,-9.872518447739606e-18,6.991197056844691e-17,0.0,1.3982394113689381e-14,1.0
42.76,0.0,0.0,0.0,0.0,-4.00688255942109e-18,-1.8921690846543304e-17,8.218932561862683e-17,0.0,1.6437865123725364e-14,1.0
42.77,0.0,0.0,0.0,0.0,-6.5257682571901406e-18,5.2451477195983154e-18,5.203667847742345e-17,0.0,1.0407335695484691e-14,1.0
42.78,0.0,0.0,0.0,0.0,2.783334012123619e-18,-1.8085063816914377e-18,1.2167038638331583e-16,0.0,2.4334077276663166e-14,1.0
42.79,0.0,0.0,0.0,0.0,2.5752464082500518e-18,-1.598163566954028e-18,1.0951718490641859e-16,0.0,2.190343698128372e-14,1.0
42.800000000000004,0.0,0.0,0.0,0.0,1.5760260179486787e-17,-1.5014654232569558e-17,7.534725420215864e-17,0.0,1.5069450840431728e-14,1.0
42.81,0.0,0.0,0.0,0.0,5.095494949654881e-18,-1.493949470842668e-17,8.23118577198751e-17,0.0,1.646237154397502e-14,1.0
42.82,0.0,0.0,0.0,0.0,1.0838993264138848e-17,-1.0871325592085862e-17,1.142932953915444e-16,0.0,2.2858659078308883e-14,1.0
42.83,0.0,0.0,0.0,0.0,7.310670938306038e-19,-2.1613159044805227e-17,1.5527218623206816e-16,0.0,3.1054437246413635e-14,1.0
42.84,0.0,0.0,0.0,0.0,1.0073976903951172e-17,-1.3231699333544056e-17,1.9366943041752663e-16,0.0,3.873388608350532e-14,1.0
42.85,0.0,0.0,0.0,0.0,1.2357747930697027e-17,-1.7133143338220618e-17,1.9320343831936333e-16,0.0,3.864068766387266e-14,1.0
42.86,0.0,0.0,0.0,0.0,1.1355105867170635e-17,-1.450130271022882e-17,1.585148734831165e-16,0.0,3.17029746966233e-14,1.0
42.87,0.0,0.0,0.0,0.0,-3.578715347068861e-18,-6.287676440476547e-18,1.0121334087649582e-16,0.0,2.0242668175299162e-14,1.0
42.88,0.0,0.0,0.0,0.0,3.5862877669415546e-18,-2.0725435098009344e-17,7.987742745770633e-17,0.0,1.5975485491541266e-14,1.0
42.89,0.0,0.0,0.0,0.0,2.240590557647512e-18,2.6833166992918235e-18,8.66090717168128e-17,0.0,1.732181434336256e-14,1.0
42.9,0.0,0.0,0.0,0.0,2.875816978847416e-18,-6.031163761031025e-18,4.9102714811101565e-17,0.0,9.820542962220313e-15,1.0
42.910000000000004,0.0,0.0,0.0,0.0,1.6675001851857928e-17,-1.1029498023339569e-17,3.69404333200346e-17,0.0,7.388086664006919e-15,1.0
42.92,0.0,0.0,0.0,0.0,4.7756523802341544e-18,7.033170697085163e-18,1.7554586211982694e-17,0.0,3.510917242396539e-15,1.0
42.93,0.0,0.0,0.0,0.0,7.84165850025475e-18,2.9856371627329484e-18,5.683610516839024e-17,0.0,1.1367221033678047e-14,1.0
42.94,0.0,0.0,0.0,0.0,-6.556381216990536e-19,1.7873508862851107e-18,2.1086926422877564e-17,0.0,4.217385284575513e-15,1.0
42.95,0.0,0.0,0.0,0.0,2.2517840829708084e-18,-8.494258946036164e-19,7.750504885497417e-17,0.0,1.5501009770994832e-14,1.0
42.96,0.0,0.0,0.0,0.0,2.1943186824039543e-18,-4.1132912314737514e-18,1.226145987232355e-16,0.0,2.4522919744647098e-14,1.0
42.97,0.0,0.0,0.0,0.0,1.1062557241869058e-17,-3.914940875530674e-18,1.1138642453140057e-16,0.0,2.2277284906280113e-14,1.0
42.980000000000004,0.0,0.0,0.0,0.0,1.2853507180205741e-17,-1.605983289549304e-17,5.84702836936015e-17,0.0,1.16940567387203e-14,1.0
42.99,0.0,0.0,0.0,0.0,1.0837272275907232e-17,-1.2391976921295394e-17,6.938847432780537e-17,0.0,1.3877694865561073e-14,1.0
43.0,0.0,0.0,0.0,0.0,-2.3260500880240496e-18,-5.918020264234345e-18,6.402263654008863e-17,0.0,1.2804527308017725e-14,1.0
43.01,0.0,0.0,0.0,0.0,3.893614709272269e-19,3.4187383666220423e-18,6.100411957216219e-17,0.0,1.2200823914432438e-14,1.0
43.02,0.0,0.0,0.0,0.0,1.96270420523276e-18,8.481979647210169e-19,4.5865021011649557e-17,0.0,9.17300420232991e-15,1.0
43.03,0.0,0.0,0.0,0.0,2.1666313392135904e-18,-1.3606307058247738e-18,5.649844678965748e-17,0.0,1.1299689357931495e-14,1.0
43.04,0.0,0.0,0.0,0.0,9.897861203916864e-18,-1.373540402883119e-18,1.569594747909859e-17,0.0,3.1391894958197177e-15,1.0
43.050000000000004,0.0,0.0,0.0,0.0,1.077467085716012e-17,-1.1195487730199954e-18,5.61991897252196e-17,0.0,1.1239837945043919e-14,1.0
43.06,0.0,0.0,0.0,0.0,-6.357447774123375e-18,3.502168888743051e-18,3.47060120530222e-17,0.0,6.94120241060444e-15,1.0
43.07,0.0,0.0,0.0,0.0,1.1081530070658468e-17,-5.240933858084555e-18,5.78396880392027e-17,0.0,1.156793760784054e-14,1.0
43.08,0.0,0.0,0.0,0.0,-1.4371016682880489e-18,-1.7199485685930756e-19,1.7379510914540167e-17,0.0,3.475902182908033e-15,1.0
43.09,0.0,0.0,0.0,0.0,1.209161304166911e-18,-9.180605156910485e-19,5.819011651103201e-17,0.0,1.1638023302206402e-14,1.0
43.1,0.0,0.0,0.0,0.0,-7.509161011470221e-19,4.2709163109373986e-19,3.2216457096076943e-17,0.0,6.443291419215388e-15,1.0
43.11,0.0,0.0,0.0,0.0,1.7208010684385853e-17,1.1062269003418747e-18,6.315018882690667e-17,0.0,1.2630037765381333e-14,1.0
43.12,0.0,0.0,0.0,0.0,-5.882849075769003e-18,6.6135406077534575e-18,4.528047379481783e-17,0.0,9.056094758963567e-15,1.0
43.13,0.0,0.0,0.0,0.0,2.270709442780025e-18,2.4686070948109354e-19,4.839974534819928e-17,0.0,9.679949069639856e-15,1.0
43.14,0.0,0.0,0.0,0.0,-4.276553367244404e-18,-5.136963472256958e-18,2.2622806070468525e-17,0.0,4.524561214093705e-15,1.0
43.15,0.0,0.0,0.0,0.0,8.942171243392101e-18,-1.0969565237243472e-18,4.9221613486671575e-17,0.0,9.844322697334314e-15,1.0
43.160000000000004,0.0,0.0,0.0,0.0,-4.619398905307078e-19,-1.4357090497899329e-18,4.791119094821524e-17,0.0,9.582238189643048e-15,1.0
43.17,0.0,0.0,0.0,0.0,2.2215831498190645e-18,-1.8284513705569825e-18,7.586230868181696e-17,0.0,1.517246173636339e-14,1.0
43.18,0.0,0.0,0.0,0.0,1.7112399578307116e-18,-1.7868880179812367e-18,7.422644165590517e-17,0.0,1.4845288331181034e-14,1.0
43.19,0.0,0.0,0.0,0.0,1.7371750109266275e-17,-1.50816447276602e-17,8.94311436419825e-17,0.0,1.78862287283965e-14,1.0
43.2,0.0,0.0,0.0,0.0,7.841985409676832e-18,-1.5682158827367308e-17,1.1849010772244619e-16,0.0,2.3698021544489236e-14,1.0
43.21,0.0,0.0,0.0,0.0,1.0347596228176286e-17,-9.326780528362005e-18,5.658146929203175e-17,0.0,1.1316293858406349e-14,1.0
43.22,0.0,0.0,0.0,0.0,1.3222747028953961e-17,-1.425768916543831e-17,5.672397398308722e-17,0.0,1.1344794796617444e-14,1.0
43.230000000000004,0.0,0.0,0.0,0.0,-7.163363408958999e-18,3.892318524544279e-18,9.050413783665277e-17,0.0,1.8100827567330555e-14,1.0
43.24,0.0,0.0,0.0,0.0,-1.6863361789264875e-18,-9.50235959033207e-19,8.966722315494519e-17,0.0,1.7933444630989038e-14,1.0
43.25,0.0,0.0,0.0,0.0,-3.970625206307556e-19,-7.946448012967535e-18,3.195359418886888e-17,0.0,6.390718837773776e-15,1.0
43.26,0.0,0.0,0.0,0.0,-1.1104126148833443e-18,-4.7408476405460305e-18,6.579967080210445e-17,0.0,1.315993416042089e-14,1.0
43.27,0.0,0.0,0.0,0.0,-1.1441553039862965e-18,5.305806448121701e-18,8.258971708599314e-17,0.0,1.651794341719863e-14,1.0
43.28,0.0,0.0,0.0,0.0,-1.964664485401784e-18,4.132620144610869e-18,9.447534341126929e-17,0.0,1.8895068682253856e-14,1.0
43.29,0.0,0.0,0.0,0.0,-1.0310615982592937e-18,1.4428701488525355e-18,5.256723334689626e-17,0.0,1.0513446669379252e-14,1.0
43.300000000000004,0.0,0.0,0.0,0.0,1.6012535506462515e-18,-4.409818784471334e-19,4.358178835328082e-17,0.0,8.716357670656163e-15,1.0
43.31,0.0,0.0,0.0,0.0,3.0583980214795756e-19,-9.044668602476286e-19,3.566259603220636e-17,0.0,7.132519206441271e-15,1.0
43.32,0.0,0.0,0.0,0.0,7.632640136901513e-19,-2.2718058342685767e-18,1.4196611546077708e-17,0.0,2.8393223092155415e-15,1.0
43.33,0.0,0.0,0.0,0.0,5.711881524147403e-19,-1.014149522218131e-18,2.7377036033974365e-17,0.0,5.475407206794873e-15,1.0
43.34,0.0,0.0,0.0,0.0,7.112596768529441e-19,6.926702128047196e-19,6.298349516961376e-17,0.0,1.2596699033922752e-14,1.0
43.35,0.0,0.0,0.0,0.0,-4.142971672160532e-19,2.041518502528903e-18,9.347992380763728e-17,0.0,1.8695984761527454e-14,1.0
43.36,0.0,0.0,0.0,0.0,-2.9787273830552476e-18,5.962136713178151e-18,9.306861685481643e-17,0.0,1.8613723370963287e-14,1.0
43.37,0.0,0.0,0.0,0.0,5.944525438495621e-18,-2.2933403020165763e-18,1.8069871859150396e-16,0.0,3.6139743718300794e-14,1.0
43.38,0.0,0.0,0.0,0.0,4.822668211613674e-18,-3.8490224543912024e-18,1.6171550147280675e-16,0.0,3.234310029456135e-14,1.0
43.39,0.0,0.0,0.0,0.0,5.718393981576009e-18,-4.6006099273805124e-18,2.4364202522620516e-16,0.0,4.872840504524103e-14,1.0
43.4,0.0,0.0,0.0,0.0,1.9680362586459096e-17,1.5978465290835672e-18,2.628561024479531e-16,0.0,5.2571220489590616e-14,1.0
43.410000000000004,0.0,0.0,0.0,0.0,1.7623650893653924e-17,-1.5367911457316508e-17,2.3963605206121476e-16,0.0,4.792721041224295e-14,1.0
43.42,0.0,0.0,0.0,0.0,1.1266083407933752e-17,2.9932076066277406e-19,2.434639965297811e-16,0.0,4.869279930595622e-14,1.0
43.43,0.0,0.0,0.0,0.0,8.638303661525327e-18,2.2831104681437433e-18,1.955082078640431e-16,0.0,3.910164157280862e-14,1.0
43.44,0.0,0.0,0.0,0.0,6.997085188471964e-18,2.8983479653567646e-18,1.7135173779776977e-16,0.0,3.4270347559553955e-14,1.0
43.45,0.0,0.0,0.0,0.0,4.868665398100771e-18,1.972214519096887e-18,1.0647790912921627e-16,0.0,2.1295581825843255e-14,1.0
43.46,0.0,0.0,0.0,0.0,5.270572035926753e-18,2.2681554571837347e-20,1.0756197984345921e-16,0.0,2.1512395968691842e-14,1.0
43.47,0.0,0.0,0.0,0.0,-7.683575175313415e-18,3.993648941173838e-18,1.1984781452128458e-16,0.0,2.3969562904256915e-14,1.0
43.480000000000004,0.0,0.0,0.0,0.0,4.182104991991655e-18,2.543080487088147e-18,1.5960554458686123e-16,0.0,3.192110891737224e-14,1.0
43.49,0.0,0.0,0.0,0.0,1.0837931809926174e-17,-4.143360725150648e-18,2.1196337598815868e-16,0.0,4.239267519763173e-14,1.0
43.5,0.0,0.0,0.0,0.0,1.1107029514773799e-17,-9.283425636174518e-18,2.257699370474888e-16,0.0,4.515398740949776e-14,1.0
43.51,0.0,0.0,0.0,0.0,1.3470854996820066e-17,-1.8540325412437344e-17,1.964197113789421e-16,0.0,3.928394227578842e-14,1.0
43.52,0.0,0.0,0.0,0.0,8.789252495044483e-18,-1.7443765604420822e-17,1.6880484658170656e-16,0.0,3.376096931634131e-14,1.0
43.53,0.0,0.0,0.0,0.0,4.6753835133589906e-18,-2.273291061207573e-17,2.1924763426336637e-16,0.0,4.384952685267327e-14,1.0
43.54,0.0,0.0,0.0,0.0,-3.677659205032216e-18,-1.3871301630644983e-17,2.693661019177099e-16,0.0,5.387322038354198e-14,1.0
43.550000000000004,0.0,0.0,0.0,0.0,-3.1476321817328703e-18,-1.4331074567862992e-17,3.150942119809985e-16,0.0,6.30188423961997e-14,1.0
43.56,0.0,0.0,0.0,0.0,-3.9239376353481555e-18,-1.1265884162223552e-17,2.7183677107681474e-16,0.0,5.436735421536295e-14,1.0
43.57,0.0,0.0,0.0,0.0,-3.4488034607488755e-18,-1.9324719004440062e-17,2.7723046100623556e-16,0.0,5.544609220124711e-14,1.0
43.58,0.0,0.0,0.0,0.0,-3.592380835867409e-18,-9.808049708507792e-18,3.173493162704791e-16,0.0,6.346986325409582e-14,1.0
43.59,0.0,0.0,0.0,0.0,-3.496706754444166e-18,-9.525225657546108e-18,3.3134538909627285e-16,0.0,6.626907781925457e-14,1.0
43.6,0.0,0.0,0.0,0.0,-2.9956658887775047e-18,-9.726287190521486e-18,3.538097168719671e-16,0.0,7.076194337439341e-14,1.0
43.61,0.0,0.0,0.0,0.0,-4.733396093487522e-18,-1.370704568058637e-17,3.083757224178781e-16,0.0,6.167514448357561e-14,1.0
43.62,0.0,0.0,0.0,0.0,-1.629970033553307e-18,-7.43361541860137e-18,3.2422852421149636e-16,0.0,6.484570484229928e-14,1.0
43.63,0.0,0.0,0.0,0.0,-1.5292434030289395e-18,-9.94356005129724e-18,2.7938407657760217e-16,0.0,5.5876815315520434e-14,1.0
43.64,0.0,0.0,0.0,0.0,-1.452906612386251e-17,-9.55498742892818e-18,2.4732368630851116e-16,0.0,4.946473726170223e-14,1.0
43.65,0.0,0.0,0.0,0.0,1.2091373276623846e-18,-4.073553074377779e-18,2.02933862953465e-16,0.0,4.0586772590693e-14,1.0
43.660000000000004,0.0,0.0,0.0,0.0,2.2836718825794943e-18,-6.413246760653669e-18,2.0467651342104909e-16,0.0,4.0935302684209816e-14,1.0
43.67,0.0,0.0,0.0,0.0,1.513422461666986e-18,-6.791585061436415e-18,1.993588887167645e-16,0.0,3.98717777433529e-14,1.0
43.68,0.0,0.0,0.0,0.0,1.5849140418227546e-18,-7.1494673550249e-18,1.7639493125565e-16,0.0,3.527898625113e-14,1.0
43.69,0.0,0.0,0.0,0.0,-2.634404623411582e-18,-1.0574510113129331e-17,1.3137383147784095e-16,0.0,2.627476629556819e-14,1.0
43.7,0.0,0.0,0.0,0.0,3.823582496618304e-18,-2.7322011647725834e-18,8.283173215311294e-17,0.0,1.6566346430622587e-14,1.0
43.71,0.0,0.0,0.0,0.0,8.764060707822052e-18,3.471350213896271e-18,1.217879935714487e-16,0.0,2.435759871428974e-14,1.0
43.72,0.0,0.0,0.0,0.0,3.865421610612557e-18,-1.2491673087838386e-17,1.302141848780238e-16,0.0,2.604283697560476e-14,1.0
43.730000000000004,0.0,0.0,0.0,0.0,5.555269835794588e-18,-1.1145580646980448e-17,1.0562916531000121e-16,0.0,2.1125833062000242e-14,1.0
43.74,0.0,0.0,0.0,0.0,5.243786980473205e-18,-7.82820987199877e-18,7.72086407282916e-17,0.0,1.544172814565832e-14,1.0
43.75,0.0,0.0,0.0,0.0,2.0114030012452638e-17,-1.519324492388052e-17,4.762498599851493e-17,0.0,9.524997199702986e-15,1.0
43.76,0.0,0.0,0.0,0.0,1.467464826816725e-17,-1.0229557011527205e-17,6.734723021279841e-17,0.0,1.3469446042559682e-14,1.0
43.77,0.0,0.0,0.0,0.0,1.2331532990175017e-18,2.7346133847423392e-18,8.475738928826252e-17,0.0,1.6951477857652503e-14,1.0
43.78,0.0,0.0,0.0,0.0,1.8972103548305726e-18,2.1665215121907319e-19,9.377089641020048e-17,0.0,1.8754179282040096e-14,1.0
43.79,0.0,0.0,0.0,0.0,1.0856772429795221e-17,-6.704242720876616e-19,8.587989591679479e-17,0.0,1.7175979183358958e-14,1.0
43.800000000000004,0.0,0.0,0.0,0.0,1.7440955928578378e-17,-1.7169550844330342e-17,1.1093009133741941e-16,0.0,2.218601826748388e-14,1.0
43.81,0.0,0.0,0.0,0.0,7.515337002399691e-18,-7.977904119535538e-18,9.280306881507517e-17,0.0,1.8560613763015034e-14,1.0
43.82,0.0,0.0,0.0,0.0,7.170629960514381e-18,-5.9064897703393195e-18,1.5035642271183572e-16,0.0,3.007128454236714e-14,1.0
43.83,0.0,0.0,0.0,0.0,-6.062947919667533e-19,3.2733735007850372e-18,1.8714604108514995e-16,0.0,3.742920821702999e-14,1.0
43.84,0.0,0.0,0.0,0.0,1.667671439323675e-17,-1.5365886489751936e-17,1.5195364619265247e-16,0.0,3.0390729238530496e-14,1.0
43.85,0.0,0.0,0.0,0.0,1.4545359121179398e-17,-1.6474006836649606e-17,1.1973529605014747e-16,0.0,2.3947059210029493e-14,1.0
43.86,0.0,0.0,0.0,0.0,1.2531885655502609e-17,-1.69776260961546e-17,8.403147021387338e-17,0.0,1.6806294042774674e-14,1.0
43.87,0.0,0.0,0.0,0.0,8.60535823698055e-18,-1.4484890395598775e-17,1.5007996728706248e-16,0.0,3.001599345741249e-14,1.0
43.88,0.0,0.0,0.0,0.0,-5.1012938283317265e-18,-1.0260743409970931e-17,1.8422676510715133e-16,0.0,3.6845353021430264e-14,1.0
43.89,0.0,0.0,0.0,0.0,1.278182466951456e-17,-1.909828217957715e-17,1.5804486955438595e-16,0.0,3.160897391087719e-14,1.0
43.9,0.0,0.0,0.0,0.0,1.1452426522166717e-17,-1.793743189753546e-17,1.5332557878116863e-16,0.0,3.0665115756233725e-14,1.0
43.910000000000004,0.0,0.0,0.0,0.0,-3.3533625956509448e-18,-1.1020161471814971e-17,1.2765551505346508e-16,0.0,2.5531103010693016e-14,1.0
43.92,0.0,0.0,0.0,0.0,-6.104383717020343e-19,-2.758645105258911e-17,1.1307669787093387e-16,0.0,2.2615339574186772e-14,1.0
43.93,0.0,0.0,0.0,0.0,4.27614891567356e-18,-4.910964049930722e-18,5.387288398404042e-17,0.0,1.0774576796808083e-14,1.0
43.94,0.0,0.0,0.0,0.0,2.048687152828873e-17,-1.264944170949243e-17,1.0354967182037576e-16,0.0,2.070993436407515e-14,1.0
43.95,0.0,0.0,0.0,0.0,1.132922664713664e-18,-2.838829413968695e-18,1.2685526749840292e-16,0.0,2.5371053499680584e-14,1.0
43.96,0.0,0.0,0.0,0.0,9.10230738910011e-18,1.6363893034481323e-18,4.965878372552021e-17,0.0,9.931756745104041e-15,1.0
43.97,0.0,0.0,0.0,0.0,1.3909164529868668e-17,-2.2273738044093705e-18,8.554024928944993e-17,0.0,1.7108049857889986e-14,1.0
43.980000000000004,0.0,0.0,0.0,0.0,-5.969945631719905e-18,-1.5762569436526648e-17,3.592964383482754e-17,0.0,7.185928766965508e-15,1.0
43.99,0.0,0.0,0.0,0.0,-2.837663555175427e-18,-8.433369395483135e-18,6.10782663617053e-17,0.0,1.2215653272341059e-14,1.0
44.0,0.0,0.0,0.0,0.0,-3.083471289183901e-18,-6.652100821821144e-18,9.378803414007704e-17,0.0,1.8757606828015406e-14,1.0
44.01,0.0,0.0,0.0,0.0,-4.469527690748268e-19,-4.5545878111249895e-18,1.5809703356345142e-16,0.0,3.1619406712690284e-14,1.0
44.02,0.0,0.0,0.0,0.0,1.8813333619927466e-18,-5.601091022750942e-18,1.5876023707581852e-16,0.0,3.17520474151637e-14,1.0
44.03,0.0,0.0,0.0,0.0,2.6700264502931593e-18,1.4328061098489382e-18,1.3451082673399073e-16,0.0,2.6902165346798147e-14,1.0
44.04,0.0,0.0,0.0,0.0,1.1469420429424339e-17,-7.440761269196753e-19,1.0666505539371919e-16,0.0,2.1333011078743837e-14,1.0
44.050000000000004,0.0,0.0,0.0,0.0,1.2901703552610487e-17,-1.5196361181220257e-17,1.0708222359198199e-16,0.0,2.14164447183964e-14,1.0
44.06,0.0,0.0,0.0,0.0,1.255074225750832e-17,-1.3170477639575373e-17,1.6748483448515846e-16,0.0,3.349696689703169e-14,1.0
44.07,0.0,0.0,0.0,0.0,-2.802023811606936e-18,-6.738507764685022e-18,2.1663625153456113e-16,0.0,4.332725030691222e-14,1.0
44.08,0.0,0.0,0.0,0.0,-2.4377568590756253e-18,3.694813164390087e-18,2.5019918481481057e-16,0.0,5.0039836962962114e-14,1.0
44.09,0.0,0.0,0.0,0.0,2.1083308344439598e-20,3.4078702238282638e-18,2.5861186532179745e-16,0.0,5.172237306435949e-14,1.0
44.1,0.0,0.0,0.0,0.0,2.7185993723397446e-18,9.0562491419173e-19,2.2307970487639987e-16,0.0,4.461594097527997e-14,1.0
44.11,0.0,0.0,0.0,0.0,1.2877178151627058e-18,-2.1348640288829414e-18,1.5901447682371219e-16,0.0,3.180289536474244e-14,1.0
44.12,0.0,0.0,0.0,0.0,8.614971815650319e-18,-2.619121839032532e-18,1.6698171947286213e-16,0.0,3.339634389457242e-14,1.0
44.13,0.0,0.0,0.0,0.0,-1.4125951348564226e-18,-1.1224103612997602e-17,1.865894967830946e-16,0.0,3.731789935661892e-14,1.0
44.14,0.0,0.0,0.0,0.0,9.777579883328793e-19,-2.739955413312059e-18,1.3147006757450348e-16,0.0,2.6294013514900697e-14,1.0
44.15,0.0,0.0,0.0,0.0,8.563778107852043e-19,-3.117213181914148e-18,1.1019258090886654e-16,0.0,2.2038516181773308e-14,1.0
44.160000000000004,0.0,0.0,0.0,0.0,2.0823134185655487e-17,-2.1381053534734995e-17,1.2551548488554152e-16,0.0,2.5103096977108304e-14,1.0
44.17,0.0,0.0,0.0,0.0,-4.547302657343393e-18,-5.274287348702561e-18,1.4505539874187969e-16,0.0,2.9011079748375935e-14,1.0
44.18,0.0,0.0,0.0,0.0,1.2888029326469538e-17,-1.3320934531887721e-17,1.7877865401889605e-16,0.0,3.575573080377921e-14,1.0
44.19,0.0,0.0,0.0,0.0,-6.317557940974241e-19,-3.7003602296297357e-19,1.2329600745661266e-16,0.0,2.465920149132253e-14,1.0
44.2,0.0,0.0,0.0,0.0,1.9987069842588327e-18,-2.291427574985038e-18,9.480484530442126e-17,0.0,1.896096906088425e-14,1.0
44.21,0.0,0.0,0.0,0.0,4.424891834829262e-18,-1.1131098663369509e-17,1.569638662784183e-16,0.0,3.139277325568366e-14,1.0
44.22,0.0,0.0,0.0,0.0,1.5253867573418743e-17,-1.2585544064317204e-17,1.8184442335453365e-16,0.0,3.636888467090673e-14,1.0
44.230000000000004,0.0,0.0,0.0,0.0,1.2245829245707215e-17,-1.1612919789093697e-17,1.958130827502745e-16,0.0,3.91626165500549e-14,1.0
44.24,0.0,0.0,0.0,0.0,3.734397675875787e-19,1.799146051453192e-18,1.835511043629573e-16,0.0,3.671022087259146e-14,1.0
44.25,0.0,0.0,0.0,0.0,-1.1160919651248652e-19,1.758356751541797e-18,1.945374630841483e-16,0.0,3.890749261682966e-14,1.0
44.26,0.0,0.0,0.0,0.0,6.289367409195603e-18,1.2470603640382635e-18,2.0150390742350993e-16,0.0,4.0300781484701984e-14,1.0
44.27,0.0,0.0,0.0,0.0,6.708233572498238e-18,-1.302509568556375e-18,1.3736263247407103e-16,0.0,2.7472526494814203e-14,1.0
44.28,0.0,0.0,0.0,0.0,-4.441934905729588e-19,-3.0748301962449085e-18,9.198898314010389e-17,0.0,1.8397796628020776e-14,1.0
44.29,0.0,0.0,0.0,0.0,1.1257316739411953e-18,-5.247010529968927e-18,3.0082420963444824e-17,0.0,6.0164841926889645e-15,1.0
44.300000000000004,0.0,0.0,0.0,0.0,1.7981188509224876e-17,-2.2086056354817653e-17,9.666835801302742e-17,0.0,1.9333671602605484e-14,1.0
44.31,0.0,0.0,0.0,0.0,1.4425391842728935e-17,-1.4436517173207725e-17,1.1574784421792372e-16,0.0,2.3149568843584745e-14,1.0
44.32,0.0,0.0,0.0,0.0,1.8306130140501384e-18,-8.017217073324054e-18,1.385656752108646e-16,0.0,2.771313504217292e-14,1.0
44.33,0.0,0.0,0.0,0.0,6.826693709538157e-18,5.792463315424003e-18,1.12496621243952e-16,0.0,2.2499324248790398e-14,1.0
44.34,0.0,0.0,0.0,0.0,1.078475538671718e-17,-1.7024608366210806e-18,5.1110192895096543e-17,0.0,1.0222038579019309e-14,1.0
44.35,0.0,0.0,0.0,0.0,9.569671232841047e-18,-3.193086824514946e-18,2.723810728143368e-18,0.0,5.447621456286736e-16,1.0
44.36,0.0,0.0,0.0,0.0,9.728528733849016e-18,-1.8192581288234282e-17,1.1313607227922442e-16,0.0,2.2627214455844884e-14,1.0
44.37,0.0,0.0,0.0,0.0,9.157773476663275e-18,-1.5534791203687597e-17,1.4348030033581642e-16,0.0,2.8696060067163286e-14,1.0
44.38,0.0,0.0,0.0,0.0,-4.2589922235850555e-18,-8.38951069798279e-18,1.570024069050576e-16,0.0,3.140048138101152e-14,1.0
44.39,0.0,0.0,0.0,0.0,-2.5297424748072487e-18,-9.376049715116791e-18,1.3566338945783158e-16,0.0,2.7132677891566314e-14,1.0
44.4,0.0,0.0,0.0,0.0,-7.009335400479045e-18,3.5747818477588625e-18,1.620245565668273e-16,0.0,3.240491131336546e-14,1.0
44.410000000000004,0.0,0.0,0.0,0.0,9.259230330001577e-18,-1.0661062508540524e-17,1.3392680336683803e-16,0.0,2.6785360673367606e-14,1.0
44.42,0.0,0.0,0.0,0.0,7.219929264796689e-19,-8.692622821558952e-18,1.293339244880632e-16,0.0,2.5866784897612638e-14,1.0
44.43,0.0,0.0,0.0,0.0,2.23112596788938e-18,-9.747880903425531e-18,8.875562074090676e-17,0.0,1.7751124148181352e-14,1.0
44.44,0.0,0.0,0.0,0.0,4.515465645503862e-18,-4.829740827575753e-19,2.3616313553852214e-17,0.0,4.723262710770443e-15,1.0
44.45,0.0,0.0,0.0,0.0,5.026228199094846e-18,-1.0362079200936506e-17,2.085902453807549e-17,0.0,4.171804907615098e-15,1.0
44.46,0.0,0.0,0.0,0.0,1.0402825960280643e-17,-8.116202740869365e-18,9.597331603966348e-17,0.0,1.9194663207932695e-14,1.0
44.47,0.0,0.0,0.0,0.0,1.976077361012355e-17,-9.136646186195102e-18,5.028886609620142e-17,0.0,1.0057773219240285e-14,1.0
44.480000000000004,0.0,0.0,0.0,0.0,5.854671781302316e-20,1.811795094013952e-21,5.360909543178086e-17,0.0,1.0721819086356172e-14,1.0
44.49,0.0,0.0,0.0,0.0,1.1216701743624667e-18,-8.97766057514072e-18,2.558925055224639e-17,0.0,5.117850110449278e-15,1.0
44.5,0.0,0.0,0.0,0.0,4.584867224180831e-19,-9.609102100040671e-18,3.7120739047887155e-17,0.0,7.42414780957743e-15,1.0
44.51,0.0,0.0,0.0,0.0,-5.249910755950789e-18,5.5911003875503015e-18,5.689430801888931e-17,0.0,1.1378861603777862e-14,1.0
44.52,0.0,0.0,0.0,0.0,-2.903637864465105e-19,-1.0691463412272531e-17,5.045754198728655e-17,0.0,1.009150839745731e-14,1.0
44.53,0.0,0.0,0.0,0.0,4.0258118374012946e-18,4.401799485313808e-18,5.67526621513632e-17,0.0,1.135053243027264e-14,1.0
44.54,0.0,0.0,0.0,0.0,-7.704731773064056e-19,-1.957274062881713e-17,5.794712428389637e-17,0.0,1.1589424856779275e-14,1.0
44.550000000000004,0.0,0.0,0.0,0.0,-1.1680353872288716e-18,-6.4794254963261394e-18,1.189539215662111e-16,0.0,2.379078431324222e-14,1.0
44.56,0.0,0.0,0.0,0.0,3.762418388822116e-19,-8.11756782392845e-18,4.82156642493004e-17,0.0,9.643132849860081e-15,1.0
44.57,0.0,0.0,0.0,0.0,4.890443942475548e-18,-1.1073292830520931e-18,7.604431664959122e-17,0.0,1.5208863329918243e-14,1.0
44.58,0.0,0.0,0.0,0.0,7.599958960908079e-18,-9.300679356934582e-19,1.6413389728672976e-16,0.0,3.282677945734595e-14,1.0
44.59,0.0,0.0,0.0,0.0,1.932563464242793e-17,-1.2965316698578731e-17,1.3322781005146587e-16,0.0,2.6645562010293173e-14,1.0
44.6,0.0,0.0,0.0,0.0,1.6460087232712302e-17,-1.3318537279609011e-17,1.0387696401710861e-16,0.0,2.0775392803421722e-14,1.0
44.61,0.0,0.0,0.0,0.0,8.647709042590022e-18,8.246489550136492e-20,5.541011241843244e-17,0.0,1.1082022483686488e-14,1.0
44.62,0.0,0.0,0.0,0.0,4.371182920093203e-18,7.0608429496492535e-19,8.221456993248831e-17,0.0,1.644291398649766e-14,1.0
44.63,0.0,0.0,0.0,0.0,2.6771262558932956e-18,-5.2988006014666606e-20,1.0991272762343845e-16,0.0,2.198254552468769e-14,1.0
44.64,0.0,0.0,0.0,0.0,-1.1406825539522023e-17,4.4720941242019796e-18,1.2952088402307758e-16,0.0,2.5904176804615516e-14,1.0
44.65,0.0,0.0,0.0,0.0,-3.672897786456054e-18,-1.7191977055618024e-18,8.894558410097065e-17,0.0,1.778911682019413e-14,1.0
44.660000000000004,0.0,0.0,0.0,0.0,-1.9962658099979044e-18,-1.031900675362405e-18,9.579446131119695e-17,0.0,1.915889226223939e-14,1.0
44.67,0.0,0.0,0.0,0.0,4.43389586082235e-18,-1.4393116898251682e-17,8.961798432529206e-17,0.0,1.792359686505841e-14,1.0
44.68,0.0,0.0,0.0,0.0,2.3113992816135382e-18,-2.400684786979387e-19,2.871458010919933e-17,0.0,5.742916021839866e-15,1.0
44.69,0.0,0.0,0.0,0.0,4.301298529086145e-18,-3.2046737497884557e-19,3.429408187136656e-17,0.0,6.858816374273312e-15,1.0
44.7,0.0,0.0,0.0,0.0,4.700479192567122e-18,-2.8891717421478872e-18,8.030228900230099e-17,0.0,1.60604578004602e-14,1.0
44.71,0.0,0.0,0.0,0.0,1.2890382451274922e-17,-3.2918683505023175e-18,8.063873427334413e-17,0.0,1.6127746854668826e-14,1.0
44.72,0.0,0.0,0.0,0.0,1.2168467466614862e-17,-1.4990838244877803e-17,9.422765997404002e-17,0.0,1.8845531994808004e-14,1.0
44.730000000000004,0.0,0.0,0.0,0.0,1.1873627829352398e-17,-1.3341163207219116e-17,7.213952375457283e-17,0.0,1.4427904750914566e-14,1.0
44.74,0.0,0.0,0.0,0.0,-6.824800872152141e-18,5.422092282093715e-18,7.240490620616033e-17,0.0,1.4480981241232067e-14,1.0
44.75,0.0,0.0,0.0,0.0,-2.5922296586618137e-18,-1.6159104947714805e-18,1.308588491890229e-16,0.0,2.617176983780458e-14,1.0
44.76,0.0,0.0,0.0,0.0,2.0514914239565606e-18,-1.531740463918278e-17,1.3316931660378523e-16,0.0,2.6633863320757046e-14,1.0
44.77,0.0,0.0,0.0,0.0,-2.2280837274638062e-18,-8.055205606898143e-18,1.2863344374933194e-16,0.0,2.5726688749866385e-14,1.0
44.78,0.0,0.0,0.0,0.0,2.3618838651761813e-19,-8.427248041787312e-18,7.861958320644329e-17,0.0,1.5723916641288658e-14,1.0
44.79,0.0,0.0,0.0,0.0,2.3642193971639262e-18,-1.2581733559892744e-18,8.310606221634104e-17,0.0,1.662121244326821e-14,1.0
44.800000000000004,0.0,0.0,0.0,0.0,2.8743027588573233e-18,1.4442004699190247e-18,3.0145384007633873e-17,0.0,6.029076801526774e-15,1.0
44.81,0.0,0.0,0.0,0.0,3.461579943695993e-18,-1.3305280825693376e-17,9.05255719714393e-18,0.0,1.810511439428786e-15,1.0
44.82,0.0,0.0,0.0,0.0,-3.1043887266520583e-18,6.1004066685603695e-18,2.294163294740824e-17,0.0,4.588326589481647e-15,1.0
44.83,0.0,0.0,0.0,0.0,-3.907069741804888e-18,-5.353377266871834e-18,3.742875540123801e-17,0.0,7.485751080247601e-15,1.0
44.84,0.0,0.0,0.0,0.0,2.199819041309006e-18,-4.0622239929738977e-19,4.448377925531709e-17,0.0,8.896755851063417e-15,1.0
44.85,0.0,0.0,0.0,0.0,5.7668329620254e-18,-1.5310211260435063e-17,3.4430609188563554e-17,0.0,6.886121837712711e-15,1.0
44.86,0.0,0.0,0.0,0.0,8.415443523398365e-18,-7.235215409624917e-18,8.817403834713829e-17,0.0,1.7634807669427656e-14,1.0
44.87,0.0,0.0,0.0,0.0,-5.727734407756921e-18,-2.5469863764886817e-17,5.478312938706529e-17,0.0,1.0956625877413058e-14,1.0
44.88,0.0,0.0,0.0,0.0,1.2439212129907696e-19,-1.8617527384561974e-17,2.112530025632614e-17,0.0,4.225060051265228e-15,1.0
44.89,0.0,0.0,0.0,0.0,4.959547037097467e-18,-2.3175850206047122e-17,2.1954745106707412e-17,0.0,4.390949021341483e-15,1.0
44.9,0.0,0.0,0.0,0.0,-2.1954583582556555e-18,3.589314557299205e-18,1.185489724034679e-16,0.0,2.370979448069358e-14,1.0
44.910000000000004,0.0,0.0,0.0,0.0,3.8161719923710174e-18,-1.3652133453876443e-18,1.4013875535989565e-16,0.0,2.802775107197913e-14,1.0
44.92,0.0,0.0,0.0,0.0,1.5045447750188986e-17,-1.3108875955893861e-17,3.5406333667741726e-17,0.0,7.081266733548345e-15,1.0
44.93,0.0,0.0,0.0,0.0,7.986995456043084e-18,-6.3608524656690375e-18,3.720622459142915e-17,0.0,7.44124491828583e-15,1.0
44.94,0.0,0.0,0.0,0.0,-4.7163278136498816e-18,8.042190611496232e-18,7.962202278991434e-17,0.0,1.5924404557982866e-14,1.0
44.95,0.0,0.0,0.0,0.0,6.748974126050662e-18,-5.6700388074541016e-18,1.2555089737077694e-16,0.0,2.511017947415539e-14,1.0
44.96,0.0,0.0,0.0,0.0,1.9440393331288392e-17,-3.148990284420862e-18,1.1233255364630485e-16,0.0,2.246651072926097e-14,1.0
44.97,0.0,0.0,0.0,0.0,9.99666454671227e-18,-1.2406412969987764e-17,1.1924769116257504e-16,0.0,2.384953823251501e-14,1.0
44.980000000000004,0.0,0.0,0.0,0.0,1.206325700333408e-19,-1.950153033601459e-17,8.329815416980305e-17,0.0,1.665963083396061e-14,1.0
44.99,0.0,0.0,0.0,0.0,7.429141857835846e-18,-9.312706873571485e-18,4.352569414950432e-17,0.0,8.705138829900863e-15,1.0
45.0,0.0,0.0,0.0,0.0,2.057769657832973e-17,4.984280150284365e-18,5.694387532581476e-17,0.0,1.1388775065162953e-14,1.0
45.01,0.0,0.0,0.0,0.0,-8.077603662773055e-18,-2.1911106970471915e-17,3.0204781766434625e-17,0.0,6.040956353286925e-15,1.0
45.02,0.0,0.0,0.0,0.0,-3.532365696132472e-18,-1.7524393359249824e-17,6.231116408008469e-17,0.0,1.2462232816016939e-14,1.0
45.03,0.0,0.0,0.0,0.0,-2.2814942783558035e-18,-1.433676958996799e-19,6.50258188669161e-17,0.0,1.3005163773383219e-14,1.0
45.04,0.0,0.0,0.0,0.0,5.954486724384148e-20,-4.314000724496467e-18,1.5311111175387545e-16,0.0,3.062222235077509e-14,1.0
45.050000000000004,0.0,0.0,0.0,0.0,-4.028843269400455e-18,-2.937612830138059e-17,1.7390378167570754e-16,0.0,3.478075633514151e-14,1.0
45.06,0.0,0.0,0.0,0.0,2.182773379451012e-18,-2.4204525940668425e-17,1.9723332514023124e-16,0.0,3.9446665028046245e-14,1.0
45.07,0.0,0.0,0.0,0.0,3.617671323509576e-18,-2.338401432488582e-17,2.2420175937925537e-16,0.0,4.484035187585107e-14,1.0
45.08,0.0,0.0,0.0,0.0,1.7231049129372635e-18,-2.223029926154218e-17,2.2065980237171584e-16,0.0,4.4131960474343164e-14,1.0
45.09,0.0,0.0,0.0,0.0,1.5092262838465666e-17,-7.239856285740848e-18,2.430397708412668e-16,0.0,4.860795416825336e-14,1.0
45.1,0.0,0.0,0.0,0.0,-2.843151055111769e-19,-1.9405105201185906e-17,2.0281122431615836e-16,0.0,4.056224486323167e-14,1.0
45.11,0.0,0.0,0.0,0.0,3.528277267402518e-19,-1.8058275070321822e-17,1.938222288503856e-16,0.0,3.876444577007712e-14,1.0
45.12,0.0,0.0,0.0,0.0,-3.237536944821244e-19,-1.720775295860964e-17,1.727629610607754e-16,0.0,3.455259221215508e-14,1.0
45.13,0.0,0.0,0.0,0.0,9.843554179213205e-19,-1.5465863499438244e-17,1.3019691837997623e-16,0.0,2.6039383675995246e-14,1.0
45.14,0.0,0.0,0.0,0.0,3.704154007577403e-18,-1.4621331921254925e-17,1.5959158442315849e-16,0.0,3.19183168846317e-14,1.0
45.15,0.0,0.0,0.0,0.0,1.468570419405982e-17,-4.996783337255888e-18,1.897335537964647e-16,0.0,3.794671075929294e-14,1.0
45.160000000000004,0.0,0.0,0.0,0.0,1.6334831994403698e-17,-4.825806921874733e-18,2.594712763568543e-16,0.0,5.1894255271370857e-14,1.0
45.17,0.0,0.0,0.0,0.0,1.6068750165636023e-17,-7.684190700605886e-18,2.966142214958051e-16,0.0,5.932284429916102e-14,1.0
45.18,0.0,0.0,0.0,0.0,2.197235862055414e-17,8.202661015632805e-19,2.379710054308547e-16,0.0,4.759420108617094e-14,1.0
45.19,0.0,0.0,0.0,0.0,2.8409575020286204e-17,-7.506444554744051e-18,1.9495896223146152e-16,0.0,3.8991792446292307e-14,1.0
45.2,0.0,0.0,0.0,0.0,5.809624690686846e-18,-7.537800316024517e-18,1.2890444222846153e-16,0.0,2.5780888445692306e-14,1.0
45.21,0.0,0.0,0.0,0.0,1.6972581823120925e-17,4.996634788071792e-18,4.2584191851785774e-17,0.0,8.516838370357154e-15,1.0
45.22,0.0,0.0,0.0,0.0,1.2678418791140677e-17,-6.0474735481218135e-19,3.9334545981218564e-17,0.0,7.866909196243713e-15,1.0
45.230000000000004,0.0,0.0,0.0,0.0,-1.0819730402085376e-17,-2.193458861451227e-17,6.804137560753915e-17,0.0,1.3608275121507828e-14,1.0
45.24,0.0,0.0,0.0,0.0,-6.555750158793983e-18,-1.7674804759029414e-17,8.464712161067463e-17,0.0,1.6929424322134926e-14,1.0
45.25,0.0,0.0,0.0,0.0,-2.2381886908449607e-18,1.1795541782287336e-19,2.4201812078038426e-17,0.0,4.840362415607685e-15,1.0
45.26,0.0,0.0,0.0,0.0,2.1020460152859954e-18,-1.557205573844917e-18,8.297406340179819e-17,0.0,1.6594812680359638e-14,1.0
45.27,0.0,0.0,0.0,0.0,3.005845728313465e-18,-2.3144612461623273e-17,1.0790882990937718e-16,0.0,2.1581765981875434e-14,1.0
45.28,0.0,0.0,0.0,0.0,1.3549556007075676e-17,-1.2864234017586811e-17,1.3099984323629682e-16,0.0,2.6199968647259364e-14,1.0
45.29,0.0,0.0,0.0,0.0,1.446796676554204e-17,-1.1934606520947339e-17,1.7398013591543306e-16,0.0,3.479602718308661e-14,1.0
45.300000000000004,0.0,0.0,0.0,0.0,1.5443846370467977e-17,-1.1902932775111448e-17,2.35251659028164e-16,0.0,4.7050331805632804e-14,1.0
45.31,0.0,0.0,0.0,0.0,1.26796842827325e-17,-1.295243246309317e-17,2.1679097205148568e-16,0.0,4.3358194410297135e-14,1.0
45.32,0.0,0.0,0.0,0.0,3.012047111204243e-17,-1.2945768066571417e-17,2.2309036222182543e-16,0.0,4.4618072444365086e-14,1.0
45.33,0.0,0.0,0.0,0.0,4.341170302220083e-18,-1.635677108427491e-17,1.9771905229057433e-16,0.0,3.954381045811486e-14,1.0
45.34,0.0,0.0,0.0,0.0,7.723416063839364e-18,-1.077226240923375e-17,1.8357442335771923e-16,0.0,3.6714884671543846e-14,1.0
45.35,0.0,0.0,0.0,0.0,9.207199968813073e-18,-9.860265631405309e-18,2.125090562906084e-16,0.0,4.250181125812168e-14,1.0
45.36,0.0,0.0,0.0,0.0,8.917642819081956e-18,-1.168004140112424e-17,2.4724288069271515e-16,0.0,4.944857613854303e-14,1.0
45.37,0.0,0.0,0.0,0.0,8.585313782438483e-18,-1.097675850331166e-17,2.260306322392743e-16,0.0,4.520612644785486e-14,1.0
45.38,0.0,0.0,0.0,0.0,1.0014272620966821e-17,-3.0443252011676353e-17,2.7862553694591566e-16,0.0,5.572510738918313e-14,1.0
45.39,0.0,0.0,0.0,0.0,1.2569337079476727e-17,-3.0707430252198226e-17,3.346029678130585e-16,0.0,6.692059356261169e-14,1.0
45.4,0.0,0.0,0.0,0.0,1.264669968201588e-17,-2.980125333376177e-17,3.2627558199029656e-16,0.0,6.525511639805931e-14,1.0
45.410000000000004,0.0,0.0,0.0,0.0,2.1084877089983975e-17,-1.7860316209575538e-17,2.8394481208235737e-16,0.0,5.6788962416471473e-14,1.0
45.42,0.0,0.0,0.0,0.0,1.8857116153595276e-17,-1.585276151845246e-17,2.2343919965234553e-16,0.0,4.4687839930469106e-14,1.0
45.43,0.0,0.0,0.0,0.0,1.9194717858692886e-17,-1.450424915192618e-17,2.305406844569169e-16,0.0,4.610813689138338e-14,1.0
45.44,0.0,0.0,0.0,0.0,8.552430053647091e-18,-6.044360400113235e-18,2.073712556800355e-16,0.0,4.1474251136007096e-14,1.0
45.45,0.0,0.0,0.0,0.0,2.7374306896463114e-17,-2.788079866427207e-18,1.0451977546983149e-16,0.0,2.09039550939663e-14,1.0
45.46,0.0,0.0,0.0,0.0,2.3872935816984085e-17,-8.273268387932988e-18,1.113057823282365e-16,0.0,2.2261156465647302e-14,1.0
45.47,0.0,0.0,0.0,0.0,5.286534188971839e-18,-9.091796159438824e-18,1.037483256201698e-16,0.0,2.0749665124033957e-14,1.0
45.480000000000004,0.0,0.0,0.0,0.0,5.7885568447656965e-18,-9.148682231991356e-18,8.302940156041647e-17,0.0,1.6605880312083293e-14,1.0
45.49,0.0,0.0,0.0,0.0,3.360255054653887e-18,-3.387646035112021e-17,1.0345164124026518e-16,0.0,2.0690328248053035e-14,1.0
45.5,0.0,0.0,0.0,0.0,7.732394433330483e-18,-1.049135319606719e-17,1.0779694238342643e-16,0.0,2.1559388476685287e-14,1.0
45.51,0.0,0.0,0.0,0.0,8.122047488315332e-18,-3.0236389247289535e-17,1.1983272812386618e-16,0.0,2.3966545624773235e-14,1.0
45.52,0.0,0.0,0.0,0.0,9.873490212202665e-18,-3.0771156476645994e-17,1.428734580053618e-16,0.0,2.8574691601072364e-14,1.0
45.53,0.0,0.0,0.0,0.0,1.167946483885895e-17,-3.184838375460555e-17,1.9090986297153584e-16,0.0,3.818197259430717e-14,1.0
45.54,0.0,0.0,0.0,0.0,1.2983668482458008e-17,-3.376470703001044e-17,2.6156760661749077e-16,0.0,5.2313521323498153e-14,1.0
45.550000000000004,0.0,0.0,0.0,0.0,1.3573596336767098e-17,-3.303100110991401e-17,2.7720689827840686e-16,0.0,5.5441379655681374e-14,1.0
45.56,0.0,0.0,0.0,0.0,1.4434891019050076e-17,-3.089300738777134e-17,2.8128147970755283e-16,0.0,5.625629594151057e-14,1.0
45.57,0.0,0.0,0.0,0.0,2.398892495471531e-17,-1.8697970285166206e-17,2.704931027434794e-16,0.0,5.409862054869588e-14,1.0
45.58,0.0,0.0,0.0,0.0,2.4358220825442376e-17,-1.601155179351953e-17,2.7694225910911114e-16,0.0,5.5388451821822227e-14,1.0
45.59,0.0,0.0,0.0,0.0,2.3769423675702363e-17,-1.3692952003132023e-17,2.7309831066777795e-16,0.0,5.461966213355559e-14,1.0
45.6,0.0,0.0,0.0,0.0,1.8639067355328988e-17,-1.1304235824466019e-17,1.567467206528594e-16,0.0,3.1349344130571877e-14,1.0
45.61,0.0,0.0,0.0,0.0,2.4235344179528212e-17,-8.44489277652579e-19,1.216771207333301e-16,0.0,2.4335424146666017e-14,1.0
45.62,0.0,0.0,0.0,0.0,1.7444033254672432e-17,-1.4510825204250556e-18,1.7730784429318483e-16,0.0,3.546156885863697e-14,1.0
45.63,0.0,0.0,0.0,0.0,1.5196260329305034e-17,-3.0073594830186354e-18,2.581637186145634e-16,0.0,5.163274372291268e-14,1.0
45.64,0.0,0.0,0.0,0.0,2.2269962080577137e-19,-4.421538693124466e-18,2.4459954712231865e-16,0.0,4.891990942446373e-14,1.0
45.65,0.0,0.0,0.0,0.0,-1.2576054840056437e-17,-2.16803841048587e-17,2.7860092293113177e-16,0.0,5.5720184586226356e-14,1.0
45.660000000000004,0.0,0.0,0.0,0.0,-1.9040759018633036e-18,-1.1096286276694971e-17,3.714116367108711e-16,0.0,7.428232734217421e-14,1.0
45.67,0.0,0.0,0.0,0.0,-3.839664005814924e-18,-1.4271436257024017e-17,4.1633569212821933e-16,0.0,8.326713842564387e-14,1.0
45.68,0.0,0.0,0.0,0.0,-2.439022521235163e-18,-1.5502098726604253e-17,4.3030010967078053e-16,0.0,8.60600219341561e-14,1.0
45.69,0.0,0.0,0.0,0.0,2.0656019167757086e-17,6.041566540456382e-18,4.655248613699608e-16,0.0,9.310497227399216e-14,1.0
45.7,0.0,0.0,0.0,0.0,3.586424830745515e-18,4.138041446802386e-18,4.261163258004311e-16,0.0,8.522326516008622e-14,1.0
45.71,0.0,0.0,0.0,0.0,-4.51483839526032e-19,-1.888369827642769e-17,4.773784907395023e-16,0.0,9.547569814790047e-14,1.0
45.72,0.0,0.0,0.0,0.0,4.468598257547527e-19,-1.8065097100096115e-17,4.928167867889062e-16,0.0,9.856335735778123e-14,1.0
45.730000000000004,0.0,0.0,0.0,0.0,4.0846602962842833e-19,-1.880125447146817e-17,4.942177450545696e-16,0.0,9.884354901091392e-14,1.0
45.74,0.0,0.0,0.0,0.0,3.666502875658807e-18,-3.958651392075092e-18,3.4581810082238164e-16,0.0,6.916362016447632e-14,1.0
45.75,0.0,0.0,0.0,0.0,6.475297173372267e-18,-4.7655350209187065e-18,2.8808139128836816e-16,0.0,5.761627825767363e-14,1.0
45.76,0.0,0.0,0.0,0.0,1.8101414825660142e-17,-1.4800138155925623e-17,2.1751183829541424e-16,0.0,4.350236765908285e-14,1.0
45.77,0.0,0.0,0.0,0.0,1.5139334548475007e-17,-1.4638954318458157e-17,2.226309875515425e-16,0.0,4.45261975103085e-14,1.0
45.78,0.0,0.0,0.0,0.0,3.4222813917990885e-17,-1.555347732701299e-17,1.3398589959486326e-16,0.0,2.679717991897265e-14,1.0
45.79,0.0,0.0,0.0,0.0,1.2627350817663771e-17,-1.4561731883508933e-17,1.476008495742602e-16,0.0,2.9520169914852037e-14,1.0
45.800000000000004,0.0,0.0,0.0,0.0,1.1991555418412942e-17,-3.032598451883806e-17,1.723086615592285e-16,0.0,3.44617323118457e-14,1.0
45.81,0.0,0.0,0.0,0.0,1.1978407058345692e-17,-2.942230629031846e-17,1.423863999036914e-16,0.0,2.8477279980738276e-14,1.0
45.82,0.0,0.0,0.0,0.0,1.10269373454867e-17,-9.208516341540418e-18,1.5380598473790016e-16,0.0,3.0761196947580034e-14,1.0
45.83,0.0,0.0,0.0,0.0,1.1991730590036812e-17,-8.511324491820027e-18,1.512946154962804e-16,0.0,3.025892309925608e-14,1.0
45.84,0.0,0.0,0.0,0.0,1.1122967203455408e-17,-9.123104027352757e-18,1.316636430230971e-16,0.0,2.6332728604619422e-14,1.0
45.85,0.0,0.0,0.0,0.0,2.6055462775935917e-17,-9.618642982085543e-18,1.7511666597912484e-16,0.0,3.502333319582497e-14,1.0
45.86,0.0,0.0,0.0,0.0,2.6549064950540452e-17,-1.1382550509272616e-17,1.2534304277079554e-16,0.0,2.506860855415911e-14,1.0
45.87,0.0,0.0,0.0,0.0,7.711884744225069e-18,-1.0466870512517801e-17,1.3568353097715655e-16,0.0,2.713670619543131e-14,1.0
45.88,0.0,0.0,0.0,0.0,-3.7528365693565655e-19,-3.8625219665720034e-17,1.2403315481649317e-16,0.0,2.4806630963298632e-14,1.0
45.89,0.0,0.0,0.0,0.0,1.052742821833132e-17,-9.81651666192746e-18,1.0155152826825831e-16,0.0,2.0310305653651663e-14,1.0
45.9,0.0,0.0,0.0,0.0,1.0335294560059273e-17,-1.1235302316930353e-17,6.855419463781542e-17,0.0,1.3710838927563084e-14,1.0
45.910000000000004,0.0,0.0,0.0,0.0,9.97653083780308e-18,-9.947851588514396e-18,1.0014306860316932e-16,0.0,2.0028613720633864e-14,1.0
45.92,0.0,0.0,0.0,0.0,1.0969848884276234e-17,-2.6695248832656784e-17,1.476589844578687e-16,0.0,2.953179689157374e-14,1.0
45.93,0.0,0.0,0.0,0.0,1.8065288346725888e-17,3.4007414644910377e-18,1.917741829091474e-16,0.0,3.835483658182948e-14,1.0
45.94,0.0,0.0,0.0,0.0,2.8486827143445286e-17,-5.5560751970880586e-18,2.0995528174916424e-16,0.0,4.1991056349832844e-14,1.0
45.95,0.0,0.0,0.0,0.0,9.460561941335185e-18,-4.486821511826267e-18,2.618261438926968e-16,0.0,5.2365228778539363e-14,1.0
45.96,0.0,0.0,0.0,0.0,8.650318606894463e-18,-6.4810026292624975e-18,2.450984590947617e-16,0.0,4.901969181895234e-14,1.0
45.97,0.0,0.0,0.0,0.0,1.68409617909045e-17,2.0593314501751992e-20,2.1706255497990663e-16,0.0,4.3412510995981325e-14,1.0
45.980000000000004,0.0,0.0,0.0,0.0,7.580946979769069e-18,-1.0205589010896603e-17,2.2649182283638057e-16,0.0,4.529836456727611e-14,1.0
45.99,0.0,0.0,0.0,0.0,9.685225037805204e-18,-9.06762392279349e-18,2.461457413565965e-16,0.0,4.9229148271319296e-14,1.0
46.0,0.0,0.0,0.0,0.0,1.3012689035210448e-17,-7.560429252885923e-18,2.795898631367465e-16,0.0,5.59179726273493e-14,1.0
46.01,0.0,0.0,0.0,0.0,1.3283273171156347e-17,-8.979458897300708e-18,2.4136697419124266e-16,0.0,4.827339483824853e-14,1.0
46.02,0.0,0.0,0.0,0.0,2.1693610940169614e-17,1.4621298271334852e-18,2.8618007668214095e-16,0.0,5.723601533642818e-14,1.0
46.03,0.0,0.0,0.0,0.0,2.893759512972626e-17,-8.118573021536345e-18,2.9916198073535533e-16,0.0,5.983239614707107e-14,1.0
46.04,0.0,0.0,0.0,0.0,1.6581928221816046e-17,-1.332083899767724e-18,2.453279608691671e-16,0.0,4.906559217383342e-14,1.0
46.050000000000004,0.0,0.0,0.0,0.0,1.4012197728642838e-17,-1.6250143539876004e-18,2.8940544718728975e-16,0.0,5.788108943745794e-14,1.0
46.06,0.0,0.0,0.0,0.0,4.094412603820817e-18,-1.2114495931209533e-17,2.8164294406211547e-16,0.0,5.6328588812423095e-14,1.0
46.07,0.0,0.0,0.0,0.0,5.819815996384488e-18,-1.1814982106351391e-17,2.7387726283022716e-16,0.0,5.477545256604543e-14,1.0
46.08,0.0,0.0,0.0,0.0,6.585491249576916e-18,-1.139268081903983e-17,2.8679811153980195e-16,0.0,5.735962230796039e-14,1.0
46.09,0.0,0.0,0.0,0.0,7.240754160491377e-18,-9.951139267131616e-18,3.1336693434629055e-16,0.0,6.267338686925811e-14,1.0
46.1,0.0,0.0,0.0,0.0,7.87655068937957e-18,-1.0169887185110811e-17,3.06924858419499e-16,0.0,6.13849716838998e-14,1.0
46.11,0.0,0.0,0.0,0.0,1.9053044760327623e-17,-2.015763916282701e-18,2.5926812426012155e-16,0.0,5.185362485202431e-14,1.0
46.12,0.0,0.0,0.0,0.0,1.1766826455428551e-17,-1.1899162237060892e-17,2.146006216620834e-16,0.0,4.292012433241668e-14,1.0
46.13,0.0,0.0,0.0,0.0,1.289472748350803e-17,-1.1219354054826566e-17,2.0331912956141752e-16,0.0,4.06638259122835e-14,1.0
46.14,0.0,0.0,0.0,0.0,1.2693396653682629e-17,-1.0247018720410112e-17,2.058004399059305e-16,0.0,4.11600879811861e-14,1.0
46.15,0.0,0.0,0.0,0.0,1.2973151259237057e-17,-8.606374773119697e-18,2.161031313493306e-16,0.0,4.322062626986612e-14,1.0
46.160000000000004,0.0,0.0,0.0,0.0,1.198123346073359e-17,-8.433516970710103e-18,2.1647470192764938e-16,0.0,4.329494038552987e-14,1.0
46.17,0.0,0.0,0.0,0.0,1.9651010296997915e-17,-1.1392279642070531e-18,1.8585317349282365e-16,0.0,3.717063469856473e-14,1.0
46.18,0.0,0.0,0.0,0.0,1.750392260832378e-17,-9.634958531545164e-19,2.2927247430014457e-16,0.0,4.5854494860028913e-14,1.0
46.19,0.0,0.0,0.0,0.0,6.138176794474966e-18,-1.1595405534973261e-17,2.47040272764951e-16,0.0,4.940805455299019e-14,1.0
46.2,0.0,0.0,0.0,0.0,1.7035149868651578e-17,-1.912461487715862e-18,2.216191549507867e-16,0.0,4.4323830990157343e-14,1.0
46.21,0.0,0.0,0.0,0.0,-1.0544090885638185e-17,-2.96433385181879e-17,2.2098090918027277e-16,0.0,4.419618183605455e-14,1.0
46.22,0.0,0.0,0.0,0.0,8.234411955522283e-18,-1.0971089095877638e-17,2.3420098084507736e-16,0.0,4.684019616901547e-14,1.0
46.230000000000004,0.0,0.0,0.0,0.0,1.85045953163903e-17,-1.2396179874215222e-18,2.266422245559481e-16,0.0,4.532844491118962e-14,1.0
46.24,0.0,0.0,0.0,0.0,-2.380360563767882e-19,-1.824605374288687e-17,2.480213115209504e-16,0.0,4.960426230419008e-14,1.0
46.25,0.0,0.0,0.0,0.0,1.5043732351628584e-18,-1.602129638785184e-17,2.4427723537755036e-16,0.0,4.8855447075510074e-14,1.0
46.26,0.0,0.0,0.0,0.0,2.2708431447533623e-18,1.1609952612528087e-18,1.8898411533375614e-16,0.0,3.779682306675123e-14,1.0
46.27,0.0,0.0,0.0,0.0,3.1398230529849706e-17,6.868257748585061e-18,1.3948648964440097e-16,0.0,2.7897297928880195e-14,1.0
46.28,0.0,0.0,0.0,0.0,2.2782869276693724e-17,-3.676933407751088e-18,8.971833314852609e-17,0.0,1.7943666629705217e-14,1.0
46.29,0.0,0.0,0.0,0.0,1.2777419314282996e-17,-1.3823454428534823e-17,8.525520209050321e-17,0.0,1.705104041810064e-14,1.0
46.300000000000004,0.0,0.0,0.0,0.0,1.0475964661486109e-17,-1.3573960907693534e-17,1.310233836848554e-16,0.0,2.6204676736971082e-14,1.0
46.31,0.0,0.0,0.0,0.0,1.0421035535814246e-17,-1.3994688613405487e-17,1.3256549055145576e-16,0.0,2.651309811029115e-14,1.0
46.32,0.0,0.0,0.0,0.0,1.1385529937860323e-17,-1.44467453123416e-17,1.5118932026825252e-16,0.0,3.0237864053650505e-14,1.0
46.33,0.0,0.0,0.0,0.0,1.2774141945241035e-17,-1.506410723934167e-17,1.9827433687244594e-16,0.0,3.9654867374489186e-14,1.0
46.34,0.0,0.0,0.0,0.0,1.4665234768409165e-17,-1.5911435634426398e-17,2.7374048422088103e-16,0.0,5.4748096844176206e-14,1.0
46.35,0.0,0.0,0.0,0.0,1.5609999831861955e-17,-1.3319920369769079e-17,2.636214054414619e-16,0.0,5.272428108829238e-14,1.0
46.36,0.0,0.0,0.0,0.0,2.332935558868482e-17,-2.208036284813934e-17,2.8694081543749613e-16,0.0,5.738816308749922e-14,1.0
46.37,0.0,0.0,0.0,0.0,2.7587763295408643e-17,-1.0110426991821138e-17,2.3458784855248296e-16,0.0,4.691756971049659e-14,1.0
46.38,0.0,0.0,0.0,0.0,1.7927677948739423e-17,-1.947914219220444e-17,2.626127615555967e-16,0.0,5.252255231111934e-14,1.0
46.39,0.0,0.0,0.0,0.0,7.716524459638106e-18,-9.19183509582633e-18,2.5344424354590453e-16,0.0,5.068884870918091e-14,1.0
46.4,0.0,0.0,0.0,0.0,6.4991255141691454e-18,-7.589340563529703e-18,2.1560983031235125e-16,0.0,4.312196606247025e-14,1.0
46.410000000000004,0.0,0.0,0.0,0.0,6.0726459400508085e-18,-5.679443915755479e-18,1.680947772304059e-16,0.0,3.361895544608118e-14,1.0
46.42,0.0,0.0,0.0,0.0,6.82086838247163e-18,-4.543239288646861e-18,1.2828555468054703e-16,0.0,2.5657110936109405e-14,1.0
46.43,0.0,0.0,0.0,0.0,8.102555593319948e-18,-5.429947716828634e-18,1.2590750639404343e-16,0.0,2.5181501278808685e-14,1.0
46.44,0.0,0.0,0.0,0.0,8.30709291889417e-18,-7.903013806869404e-18,1.6927875465727466e-16,0.0,3.385575093145493e-14,1.0
46.45,0.0,0.0,0.0,0.0,7.216455031584535e-18,-1.023764753187779e-17,2.1765173568291161e-16,0.0,4.353034713658232e-14,1.0
46.46,0.0,0.0,0.0,0.0,6.846913649540051e-18,-9.915620175840286e-18,2.0360524550723131e-16,0.0,4.072104910144626e-14,1.0
46.47,0.0,0.0,0.0,0.0,-1.4312965072357543e-18,-1.8497035297564976e-17,1.674979078278249e-16,0.0,3.349958156556498e-14,1.0
46.480000000000004,0.0,0.0,0.0,0.0,-1.8016166052416966e-18,-1.7155122353046896e-17,1.649798861504257e-16,0.0,3.299597723008514e-14,1.0
46.49,0.0,0.0,0.0,0.0,-3.693740138320498e-18,-1.611370819920545e-17,2.1045300805424327e-16,0.0,4.2090601610848654e-14,1.0
46.5,0.0,0.0,0.0,0.0,-7.009570288504944e-18,-1.575096714482877e-17,3.155815296017729e-16,0.0,6.311630592035458e-14,1.0
46.51,0.0,0.0,0.0,0.0,-4.887511076661507e-18,-1.6063753500856234e-17,2.757452569650447e-16,0.0,5.5149051393008936e-14,1.0
46.52,0.0,0.0,0.0,0.0,-1.1381295998998817e-17,-7.654576709037912e-18,2.4151493155729663e-16,0.0,4.8302986311459324e-14,1.0
46.53,0.0,0.0,0.0,0.0,-2.830341597905254e-19,-1.702549718244689e-17,2.4611157052918287e-16,0.0,4.9222314105836574e-14,1.0
46.54,0.0,0.0,0.0,0.0,4.782060860366151e-19,-1.7750981141256835e-17,2.452119898068856e-16,0.0,4.904239796137712e-14,1.0
46.550000000000004,0.0,0.0,0.0,0.0,4.8247398357526714e-18,-1.419321907254138e-18,1.4051712344634785e-16,0.0,2.810342468926957e-14,1.0
46.56,0.0,0.0,0.0,0.0,8.735916313328852e-18,-2.8881388413040015e-18,8.648679574166631e-17,0.0,1.7297359148333263e-14,1.0
46.57,0.0,0.0,0.0,0.0,9.369053889937723e-18,-2.2967068097032972e-17,1.1308512957289034e-16,0.0,2.2617025914578066e-14,1.0
46.58,0.0,0.0,0.0,0.0,1.693312800288931e-17,-1.3125656625608675e-17,1.2537163725710244e-16,0.0,2.5074327451420485e-14,1.0
46.59,0.0,0.0,0.0,0.0,1.3135911654864548e-17,-1.3026663465513306e-17,1.4593884203783622e-16,0.0,2.9187768407567244e-14,1.0
46.6,0.0,0.0,0.0,0.0,9.720166973234422e-18,-1.2119177208687897e-17,1.490876082097748e-16,0.0,2.981752164195496e-14,1.0
46.61,0.0,0.0,0.0,0.0,9.496341197161939e-18,-1.0525342872984072e-17,1.2173815533232952e-16,0.0,2.4347631066465904e-14,1.0
46.62,0.0,0.0,0.0,0.0,9.60760112991761e-19,-1.853914404363357e-17,9.79326849606758e-17,0.0,1.9586536992135158e-14,1.0
46.63,0.0,0.0,0.0,0.0,1.2037001849607833e-18,-1.9727515420442644e-17,1.449550024446156e-16,0.0,2.899100048892312e-14,1.0
46.64,0.0,0.0,0.0,0.0,9.257180114596436e-18,-1.0443028200771161e-17,1.4740340030198504e-16,0.0,2.948068006039701e-14,1.0
46.65,0.0,0.0,0.0,0.0,8.581309437837613e-18,-9.479105145680379e-18,1.2308454640266568e-16,0.0,2.4616909280533135e-14,1.0
46.660000000000004,0.0,0.0,0.0,0.0,-1.6752847964261537e-18,-1.828414071801939e-17,1.0983616750312374e-16,0.0,2.196723350062475e-14,1.0
46.67,0.0,0.0,0.0,0.0,2.9202128738318725e-19,-1.785250701431783e-17,1.0096116239549813e-16,0.0,2.0192232479099628e-14,1.0
46.68,0.0,0.0,0.0,0.0,2.314690539930814e-18,-1.9166576892910698e-17,1.5373214819150213e-16,0.0,3.074642963830042e-14,1.0
46.69,0.0,0.0,0.0,0.0,3.89837087581941e-18,-1.1629870821591954e-17,2.259431843076673e-16,0.0,4.518863686153346e-14,1.0
46.7,0.0,0.0,0.0,0.0,1.693933265884232e-17,-1.7077286612541367e-17,2.246757532079028e-16,0.0,4.4935150641580553e-14,1.0
46.71,0.0,0.0,0.0,0.0,4.9114547369565776e-18,-3.271521173643802e-18,1.1353409655883216e-16,0.0,2.2706819311766432e-14,1.0
46.72,0.0,0.0,0.0,0.0,9.993555617941643e-18,-2.4794913915675265e-17,1.1203310318475143e-16,0.0,2.2406620636950285e-14,1.0
46.730000000000004,0.0,0.0,0.0,0.0,-1.954302360773781e-20,-1.4464007050858236e-17,9.948827433357643e-17,0.0,1.9897654866715284e-14,1.0
46.74,0.0,0.0,0.0,0.0,1.0328373865043818e-17,-5.111452792066144e-18,1.257168448025475e-16,0.0,2.51433689605095e-14,1.0
46.75,0.0,0.0,0.0,0.0,1.0572842943653889e-17,-5.9096482485609356e-18,1.3597137764454246e-16,0.0,2.7194275528908492e-14,1.0
46.76,0.0,0.0,0.0,0.0,1.0732652834036118e-17,-6.6810475947771704e-18,1.5185126115940387e-16,0.0,3.037025223188077e-14,1.0
46.77,0.0,0.0,0.0,0.0,1.0116161980765767e-17,-7.676667983808351e-18,1.4518945122823981e-16,0.0,2.903789024564796e-14,1.0
46.78,0.0,0.0,0.0,0.0,2.434401879970966e-17,6.164475030174252e-18,1.5103927863969574e-16,0.0,3.0207855727939146e-14,1.0
46.79,0.0,0.0,0.0,0.0,9.094260092205531e-18,-1.0176177758290854e-17,1.2754151425837544e-16,0.0,2.5508302851675087e-14,1.0
46.800000000000004,0.0,0.0,0.0,0.0,1.760858919192508e-17,-1.6856488235211203e-18,9.863263705090044e-17,0.0,1.9726527410180088e-14,1.0
46.81,0.0,0.0,0.0,0.0,2.1821886497115807e-18,-1.4568920283187712e-17,8.469187886600812e-17,0.0,1.6938375773201622e-14,1.0
46.82,0.0,0.0,0.0,0.0,-2.752880399666978e-18,-2.1027959285259532e-17,5.666200274238455e-17,0.0,1.133240054847691e-14,1.0
46.83,0.0,0.0,0.0,0.0,-1.0116929247326578e-18,-1.91726232886582e-18,9.013924970707536e-17,0.0,1.802784994141507e-14,1.0
46.84,0.0,0.0,0.0,0.0,1.2838889950642474e-19,-2.982834763356877e-17,9.937358816959417e-17,0.0,1.9874717633918833e-14,1.0
46.85,0.0,0.0,0.0,0.0,7.430839698653366e-19,-1.687274677927171e-17,1.4363984722708677e-16,0.0,2.8727969445417355e-14,1.0
46.86,0.0,0.0,0.0,0.0,-1.3520049199588724e-18,-1.5355481680558364e-17,1.3740168170315145e-16,0.0,2.748033634063029e-14,1.0
46.87,0.0,0.0,0.0,0.0,1.3800940024791438e-18,2.2468328627169163e-18,1.6372902954258884e-16,0.0,3.274580590851777e-14,1.0
46.88,0.0,0.0,0.0,0.0,-4.3068953758227215e-19,1.4516398330172365e-19,9.233437412958928e-17,0.0,1.8466874825917855e-14,1.0
46.89,0.0,0.0,0.0,0.0,1.7649950312645934e-17,-2.8442786407593977e-18,3.921079082591593e-17,0.0,7.842158165183186e-15,1.0
46.9,0.0,0.0,0.0,0.0,-5.937345410357902e-18,-7.645317862978918e-18,5.602048146680942e-17,0.0,1.1204096293361884e-14,1.0
46.910000000000004,0.0,0.0,0.0,0.0,-1.4716786773064599e-18,-2.0029596870293558e-17,5.997651623769838e-17,0.0,1.1995303247539676e-14,1.0
46.92,0.0,0.0,0.0,0.0,-3.3877346720526093e-18,-1.7698687201388188e-17,1.0679862303998789e-16,0.0,2.1359724607997578e-14,1.0
46.93,0.0,0.0,0.0,0.0,-3.548770404967644e-18,-1.571989132746583e-19,6.397704382438642e-17,0.0,1.2795408764877285e-14,1.0
46.94,0.0,0.0,0.0,0.0,-4.594664720596765e-18,-6.632591369823582e-20,1.225984117142155e-16,0.0,2.4519682342843102e-14,1.0
46.95,0.0,0.0,0.0,0.0,-1.5006237290210083e-18,-2.0620139749226932e-17,5.1361908152399857e-17,0.0,1.0272381630479972e-14,1.0
46.96,0.0,0.0,0.0,0.0,-2.6103373748103965e-17,8.62515270347082e-18,4.7796469297272724e-17,0.0,9.559293859454544e-15,1.0
46.97,0.0,0.0,0.0,0.0,5.0536897742587766e-18,-2.0607917859768354e-17,8.112324630115364e-17,0.0,1.6224649260230728e-14,1.0
46.980000000000004,0.0,0.0,0.0,0.0,6.948013725995498e-18,-2.0787378592569896e-17,1.5288515293158804e-16,0.0,3.0577030586317604e-14,1.0
46.99,0.0,0.0,0.0,0.0,5.5474872871014954e-18,-2.0243238227813714e-17,1.4294558401694392e-16,0.0,2.8589116803388785e-14,1.0
47.0,0.0,0.0,0.0,0.0,1.1155816162979397e-17,-9.643336912756946e-18,7.73372996491275e-17,0.0,1.5467459929825498e-14,1.0
47.01,0.0,0.0,0.0,0.0,8.936850997702666e-18,-6.592389618206776e-18,1.158334469728032e-16,0.0,2.3166689394560637e-14,1.0
47.02,0.0,0.0,0.0,0.0,-4.645480080511221e-18,-1.528240869051468e-17,1.2835957072072786e-16,0.0,2.567191414414557e-14,1.0
47.03,0.0,0.0,0.0,0.0,-5.405668830068817e-18,1.6206771963935137e-18,8.942991598216298e-17,0.0,1.7885983196432595e-14,1.0
47.04,0.0,0.0,0.0,0.0,-5.45356824413987e-18,1.0424204136382964e-19,1.0787947419420968e-16,0.0,2.1575894838841935e-14,1.0
47.050000000000004,0.0,0.0,0.0,0.0,-3.760763368782154e-18,-1.1302062678615698e-18,8.821370088163253e-17,0.0,1.7642740176326505e-14,1.0
47.06,0.0,0.0,0.0,0.0,-2.03845632902586e-17,-2.6191538804167595e-18,4.308763148308377e-17,0.0,8.617526296616755e-15,1.0
47.07,0.0,0.0,0.0,0.0,-1.975512718903257e-17,-3.519660381703834e-18,6.841313780785992e-17,0.0,1.3682627561571984e-14,1.0
47.08,0.0,0.0,0.0,0.0,-1.2993105639124676e-18,-2.389148497413754e-17,1.3037914638920885e-16,0.0,2.607582927784177e-14,1.0
47.09,0.0,0.0,0.0,0.0,-3.4092737097394333e-19,-2.3673273847455735e-17,1.2896999993947623e-16,0.0,2.5793999987895244e-14,1.0
47.1,0.0,0.0,0.0,0.0,-5.785796280718184e-18,-1.4318244564679623e-17,1.5335995212190484e-16,0.0,3.067199042438097e-14,1.0
47.11,0.0,0.0,0.0,0.0,-3.1790270308371395e-18,-1.4519625587986233e-17,2.1692644016564835e-16,0.0,4.3385288033129667e-14,1.0
47.12,0.0,0.0,0.0,0.0,3.258097988478993e-18,-2.2509253252997165e-17,1.826476612226989e-16,0.0,3.652953224453978e-14,1.0
47.13,0.0,0.0,0.0,0.0,2.3795791027479857e-19,-1.934463547974064e-17,1.3136986990302198e-16,0.0,2.6273973980604396e-14,1.0
47.14,0.0,0.0,0.0,0.0,-2.7076384922794262e-18,-1.51861386673487e-17,8.173009416246758e-17,0.0,1.6346018832493517e-14,1.0
47.15,0.0,0.0,0.0,0.0,2.404805594911709e-19,-1.441447636288234e-17,4.225415690104935e-17,0.0,8.45083138020987e-15,1.0
47.160000000000004,0.0,0.0,0.0,0.0,-1.7432341238120076e-17,2.275389053250383e-18,1.0191258156048393e-16,0.0,2.0382516312096786e-14,1.0
47.17,0.0,0.0,0.0,0.0,1.8679018446539503e-18,1.260695662099872e-18,9.68064508957994e-17,0.0,1.936129017915988e-14,1.0
47.18,0.0,0.0,0.0,0.0,1.3274892508337535e-18,-1.7509750953847585e-17,6.880844275843177e-17,0.0,1.3761688551686354e-14,1.0
47.19,0.0,0.0,0.0,0.0,2.1210379659656767e-18,-1.6232259231801372e-17,8.482090844450119e-17,0.0,1.6964181688900237e-14,1.0
47.2,0.0,0.0,0.0,0.0,-6.995977560917285e-20,-1.4982970025087592e-17,6.064427260676397e-17,0.0,1.2128854521352795e-14,1.0
47.21,0.0,0.0,0.0,0.0,1.6234057499798835e-19,3.4370572446202175e-18,7.865283623640053e-17,0.0,1.5730567247280105e-14,1.0
47.22,0.0,0.0,0.0,0.0,-8.723789366561373e-19,1.5215110326029286e-18,4.233261531785014e-17,0.0,8.466523063570028e-15,1.0
47.230000000000004,0.0,0.0,0.0,0.0,-1.5815877027266252e-18,-5.977098169314223e-19,2.0800029263306692e-17,0.0,4.1600058526613385e-15,1.0
47.24,0.0,0.0,0.0,0.0,-2.7602517536809447e-18,2.1034380612903098e-19,3.810164884486803e-17,0.0,7.620329768973606e-15,1.0
47.25,0.0,0.0,0.0,0.0,3.333974821125811e-19,-1.9525107624319967e-17,6.342782139955096e-17,0.0,1.268556427991019e-14,1.0
47.26,0.0,0.0,0.0,0.0,-2.011286083790672e-17,1.5546878106583663e-18,1.6011421140710688e-16,0.0,3.2022842281421374e-14,1.0
47.27,0.0,0.0,0.0,0.0,9.585516432775333e-18,-7.84677255153674e-18,1.72303130457358e-16,0.0,3.4460626091471596e-14,1.0
47.28,0.0,0.0,0.0,0.0,-2.526452215347383e-18,-2.5645305430454525e-17,1.2371826959311667e-16,0.0,2.4743653918623333e-14,1.0
47.29,0.0,0.0,0.0,0.0,1.5020147834463555e-18,-1.9169499212051828e-17,1.3764748381230925e-16,0.0,2.7529496762461848e-14,1.0
47.300000000000004,0.0,0.0,0.0,0.0,2.6539791370033224e-18,-2.0712643299229188e-17,2.0559439167301143e-16,0.0,4.111887833460228e-14,1.0
47.31,0.0,0.0,0.0,0.0,2.7668673974482895e-18,-2.6205410502584893e-18,2.36638605583184e-16,0.0,4.73277211166368e-14,1.0
47.32,0.0,0.0,0.0,0.0,3.707854949064773e-18,-2.1847938797308745e-17,2.8278897020192437e-16,0.0,5.6557794040384876e-14,1.0
47.33,0.0,0.0,0.0,0.0,2.6996016786974283e-18,-2.269416501313972e-17,3.0275527613977925e-16,0.0,6.055105522795585e-14,1.0
47.34,0.0,0.0,0.0,0.0,1.2260184302739261e-17,-1.3679460458982381e-17,3.5069764890227253e-16,0.0,7.013952978045451e-14,1.0
47.35,0.0,0.0,0.0,0.0,1.2556453413310854e-18,-2.4169836614295623e-17,3.7134603132483453e-16,0.0,7.42692062649669e-14,1.0
47.36,0.0,0.0,0.0,0.0,1.0275218935186993e-17,-1.2551235939524394e-17,3.6180109259523556e-16,0.0,7.23602185190471e-14,1.0
47.37,0.0,0.0,0.0,0.0,9.57901315535302e-18,-2.919152996324088e-17,3.372331328172963e-16,0.0,6.744662656345926e-14,1.0
47.38,0.0,0.0,0.0,0.0,8.037254636898496e-18,-7.760582953102904e-18,2.9197537845812675e-16,0.0,5.839507569162535e-14,1.0
47.39,0.0,0.0,0.0,0.0,8.085146485560739e-18,-5.8000322860868296e-18,2.765246548741035e-16,0.0,5.5304930974820706e-14,1.0
47.4,0.0,0.0,0.0,0.0,-8.374687968389379e-19,-1.2633495552380991e-17,2.6813407954089808e-16,0.0,5.3626815908179613e-14,1.0
47.410000000000004,0.0,0.0,0.0,0.0,-1.535453421251078e-18,-1.3404861180910015e-17,2.397832025975242e-16,0.0,4.795664051950484e-14,1.0
47.42,0.0,0.0,0.0,0.0,1.76785580591904e-17,2.9882823711117597e-18,2.385384797276453e-16,0.0,4.770769594552906e-14,1.0
47.43,0.0,0.0,0.0,0.0,3.879525704939889e-19,2.6604303552783816e-18,2.846377665293919e-16,0.0,5.692755330587838e-14,1.0
47.44,0.0,0.0,0.0,0.0,-4.457762292582779e-19,-1.6153461270134353e-17,2.4588126490605917e-16,0.0,4.9176252981211836e-14,1.0
47.45,0.0,0.0,0.0,0.0,1.180720029222971e-17,-6.778537554279138e-18,3.2915352648683413e-16,0.0,6.583070529736682e-14,1.0
47.46,0.0,0.0,0.0,0.0,-1.6557307455113506e-18,5.773904264252388e-18,3.493794971797166e-16,0.0,6.987589943594332e-14,1.0
47.47,0.0,0.0,0.0,0.0,2.9004542800618835e-17,2.1766210860345306e-18,4.1908991722292443e-16,0.0,8.381798344458488e-14,1.0
47.480000000000004,0.0,0.0,0.0,0.0,1.1481725889823923e-17,-7.622409347541855e-18,4.945918016562299e-16,0.0,9.891836033124598e-14,1.0
47.49,0.0,0.0,0.0,0.0,1.9627758092809238e-17,-1.6614745162700632e-17,4.856131874767548e-16,0.0,9.712263749535095e-14,1.0
47.5,0.0,0.0,0.0,0.0,3.083282142834361e-17,-1.0371649408740878e-17,4.468582708794552e-16,0.0,8.937165417589104e-14,1.0
47.51,0.0,0.0,0.0,0.0,2.7907550808905606e-17,-9.231450614731093e-18,4.046690757159428e-16,0.0,8.093381514318856e-14,1.0
47.52,0.0,0.0,0.0,0.0,3.518625531350651e-18,-1.455345015842939e-17,4.232758622545562e-16,0.0,8.465517245091124e-14,1.0
47.53,0.0,0.0,0.0,0.0,8.012617280229419e-18,-9.30904679493362e-18,4.1115978642633556e-16,0.0,8.223195728526711e-14,1.0
47.54,0.0,0.0,0.0,0.0,6.636825060174373e-18,-8.617330682439006e-18,3.6490609096229904e-16,0.0,7.298121819245981e-14,1.0
47.550000000000004,0.0,0.0,0.0,0.0,6.522933287547382e-18,-8.171173900188063e-18,3.5600906090489023e-16,0.0,7.120181218097805e-14,1.0
47.56,0.0,0.0,0.0,0.0,6.391411408917206e-18,-8.755782707788336e-18,3.2559988574794957e-16,0.0,6.511997714958992e-14,1.0
47.57,0.0,0.0,0.0,0.0,8.336066310048819e-18,-8.691449301460786e-18,3.6089064253434667e-16,0.0,7.217812850686933e-14,1.0
47.58,0.0,0.0,0.0,0.0,1.0070848591133115e-17,-1.0383615737882544e-17,3.866143707021436e-16,0.0,7.732287414042872e-14,1.0
47.59,0.0,0.0,0.0,0.0,3.1109766461693074e-17,-4.172134419075576e-18,2.813187125180771e-16,0.0,5.6263742503615416e-14,1.0
47.6,0.0,0.0,0.0,0.0,2.6745971146493898e-17,-1.1187936016137826e-17,3.000752988292139e-16,0.0,6.001505976584278e-14,1.0
47.61,0.0,0.0,0.0,0.0,1.5404577382987216e-18,-1.70835055066108e-17,2.5517498347259667e-16,0.0,5.103499669451933e-14,1.0
47.62,0.0,0.0,0.0,0.0,6.755188660283992e-18,-1.2746999121229705e-17,2.5140605464515113e-16,0.0,5.028121092903023e-14,1.0
47.63,0.0,0.0,0.0,0.0,8.466076717312267e-18,-1.1584111058047223e-17,2.7093113560777344e-16,0.0,5.4186227121554685e-14,1.0
47.64,0.0,0.0,0.0,0.0,8.381958678375253e-18,-1.1852472974168602e-17,2.534471391031885e-16,0.0,5.06894278206377e-14,1.0
47.65,0.0,0.0,0.0,0.0,6.866163958191799e-18,-1.3221423771534078e-17,2.346997344689763e-16,0.0,4.693994689379526e-14,1.0
47.660000000000004,0.0,0.0,0.0,0.0,5.543787921096851e-18,-1.714273215565948e-17,3.267232515984811e-16,0.0,6.534465031969622e-14,1.0
47.67,0.0,0.0,0.0,0.0,4.779624813053245e-18,-1.6254260446327315e-17,3.078666925575875e-16,0.0,6.15733385115175e-14,1.0
47.68,0.0,0.0,0.0,0.0,3.643166962803797e-18,-3.24622316394466e-17,2.660785178219828e-16,0.0,5.321570356439656e-14,1.0
47.69,0.0,0.0,0.0,0.0,3.674343657608045e-18,-2.6473205136066344e-17,1.5997142263204534e-16,0.0,3.199428452640907e-14,1.0
47.7,0.0,0.0,0.0,0.0,5.976601647390695e-18,-2.6407005872420347e-17,1.866759465423829e-16,0.0,3.733518930847658e-14,1.0
47.71,0.0,0.0,0.0,0.0,7.216718045712884e-18,-8.482446005176764e-18,2.178598944383197e-16,0.0,4.3571978887663936e-14,1.0
47.72,0.0,0.0,0.0,0.0,8.612072868500586e-18,-1.0882370621807226e-17,2.7267890541981523e-16,0.0,5.4535781083963044e-14,1.0
47.730000000000004,0.0,0.0,0.0,0.0,9.31440873524396e-18,-3.010195078053601e-17,2.6172984022098843e-16,0.0,5.2345968044197686e-14,1.0
47.74,0.0,0.0,0.0,0.0,1.1989884089538612e-17,-2.718204819526314e-17,1.8471566272050126e-16,0.0,3.694313254410025e-14,1.0
47.75,0.0,0.0,0.0,0.0,1.513866303132743e-17,-2.4324452241835124e-17,1.5576380209902015e-16,0.0,3.115276041980403e-14,1.0
47.76,0.0,0.0,0.0,0.0,1.7499550957054862e-17,-2.5581628540095866e-17,2.2448120290247405e-16,0.0,4.489624058049481e-14,1.0
47.77,0.0,0.0,0.0,0.0,3.5102597998385446e-17,-7.457562922457722e-18,2.1810178213171778e-16,0.0,4.3620356426343556e-14,1.0
47.78,0.0,0.0,0.0,0.0,3.0630160172562097e-17,-5.506367898368098e-18,1.0647546524708701e-16,0.0,2.12950930494174e-14,1.0
47.79,0.0,0.0,0.0,0.0,1.8643129316213737e-17,-1.329995631070267e-17,7.803291500115679e-17,0.0,1.560658300023136e-14,1.0
47.800000000000004,0.0,0.0,0.0,0.0,2.6770255600216846e-17,-2.2461569293734702e-18,1.0264650541828415e-16,0.0,2.052930108365683e-14,1.0
47.81,0.0,0.0,0.0,0.0,2.53159651882126e-17,-3.1050310995330675e-18,1.1027072133946567e-16,0.0,2.2054144267893134e-14,1.0
47.82,0.0,0.0,0.0,0.0,5.298526123018272e-18,-4.393813756654614e-18,1.3719310301310748e-16,0.0,2.7438620602621495e-14,1.0
47.83,0.0,0.0,0.0,0.0,2.7594625994940136e-18,-7.101799991191562e-18,1.7304181364078437e-16,0.0,3.4608362728156874e-14,1.0
47.84,0.0,0.0,0.0,0.0,1.3509720029527308e-18,-9.558066765477681e-18,2.228803319777808e-16,0.0,4.457606639555616e-14,1.0
47.85,0.0,0.0,0.0,0.0,1.2643872373659901e-18,-9.52446630755531e-18,2.865454645520491e-16,0.0,5.730909291040981e-14,1.0
47.86,0.0,0.0,0.0,0.0,-6.576751719530989e-18,-1.800920916564083e-17,3.2147549351119644e-16,0.0,6.429509870223928e-14,1.0
47.870000000000005,0.0,0.0,0.0,0.0,-5.312590041467123e-18,-1.6152303637859163e-17,3.854468863104084e-16,0.0,7.708937726208168e-14,1.0
47.88,0.0,0.0,0.0,0.0,-3.1843459621768124e-18,-1.7579671706254873e-17,3.649384946496026e-16,0.0,7.298769892992053e-14,1.0
47.89,0.0,0.0,0.0,0.0,4.402652971824071e-20,-3.516354849865195e-18,2.765224141045043e-16,0.0,5.530448282090086e-14,1.0
47.9,0.0,0.0,0.0,0.0,3.3307750643570845e-18,-6.7056475347845334e-18,2.0221959936608985e-16,0.0,4.044391987321797e-14,1.0
47.910000000000004,0.0,0.0,0.0,0.0,1.5159290297325066e-17,-1.490210755691692e-17,1.554691432175336e-16,0.0,3.109382864350672e-14,1.0
47.92,0.0,0.0,0.0,0.0,1.4992509054699817e-17,-3.245372550790922e-17,1.4817482775329546e-16,0.0,2.963496555065909e-14,1.0
47.93,0.0,0.0,0.0,0.0,1.449861616605535e-17,-1.2309959052772188e-17,1.2376794800196623e-16,0.0,2.4753589600393246e-14,1.0
47.94,0.0,0.0,0.0,0.0,1.409423792756686e-17,-1.1976139958529235e-17,9.581367319522455e-17,0.0,1.9162734639044908e-14,1.0
47.95,0.0,0.0,0.0,0.0,1.326507310711381e-17,-1.1059860775913405e-17,8.525872168246252e-17,0.0,1.7051744336492502e-14,1.0
47.96,0.0,0.0,0.0,0.0,1.1512039832857243e-17,-1.2166475987528183e-17,1.1248503253662283e-16,0.0,2.2497006507324565e-14,1.0
47.97,0.0,0.0,0.0,0.0,1.088841698970794e-17,-1.2063546531887123e-17,1.0349950787781048e-16,0.0,2.0699901575562094e-14,1.0
47.980000000000004,0.0,0.0,0.0,0.0,1.1487458984082278e-17,-3.140347316681689e-17,9.501192592195018e-17,0.0,1.9002385184390037e-14,1.0
47.99,0.0,0.0,0.0,0.0,1.0839033464448727e-17,-3.0230438039972635e-17,8.8948478729461e-17,0.0,1.7789695745892198e-14,1.0
48.0,0.0,0.0,0.0,0.0,2.862638626274394e-17,-8.578109017083896e-18,8.842765398291116e-17,0.0,1.7685530796582233e-14,1.0
48.01,0.0,0.0,0.0,0.0,-2.244310151731837e-19,-3.797174820339596e-17,8.588222871995089e-17,0.0,1.7176445743990177e-14,1.0
48.02,0.0,0.0,0.0,0.0,1.3570199219188863e-17,4.125502825111385e-18,1.2489408546881735e-16,0.0,2.497881709376347e-14,1.0
48.03,0.0,0.0,0.0,0.0,-5.841732444733297e-20,-3.8490543214658546e-17,8.550267538790546e-17,0.0,1.7100535077581093e-14,1.0
48.04,0.0,0.0,0.0,0.0,8.461979410400436e-18,-2.8759034849934977e-17,1.1898219681740377e-16,0.0,2.3796439363480755e-14,1.0
48.050000000000004,0.0,0.0,0.0,0.0,1.6653670401648926e-17,-1.916794712980452e-17,1.5473993882246593e-16,0.0,3.094798776449319e-14,1.0
48.06,0.0,0.0,0.0,0.0,7.27835835764641e-18,-2.857689202184534e-17,1.4882938323696836e-16,0.0,2.976587664739367e-14,1.0
48.07,0.0,0.0,0.0,0.0,8.456855983218355e-18,-2.7393358954267457e-17,1.3007084925186878e-16,0.0,2.6014169850373756e-14,1.0
48.08,0.0,0.0,0.0,0.0,9.069808760759862e-18,-2.532393548257916e-17,1.2709909226367332e-16,0.0,2.5419818452734665e-14,1.0
48.09,0.0,0.0,0.0,0.0,9.910486975992533e-18,-2.6875194267566985e-17,1.106180098855207e-16,0.0,2.212360197710414e-14,1.0
48.1,0.0,0.0,0.0,0.0,9.152696085335573e-18,-7.423851349364971e-18,1.4444566770986518e-16,0.0,2.8889133541973034e-14,1.0
48.11,0.0,0.0,0.0,0.0,6.697303063545985e-18,-2.6661641429956292e-17,2.186529017163974e-16,0.0,4.373058034327948e-14,1.0
48.120000000000005,0.0,0.0,0.0,0.0,5.086481771484918e-18,-7.895948873492636e-18,2.665402415274891e-16,0.0,5.330804830549782e-14,1.0
48.13,0.0,0.0,0.0,0.0,3.1809628412688197e-18,-8.35654631618741e-18,3.4495659539539987e-16,0.0,6.899131907907997e-14,1.0
48.14,0.0,0.0,0.0,0.0,4.52409162285381e-18,-8.731960813898674e-18,3.3972258960411026e-16,0.0,6.794451792082205e-14,1.0
48.15,0.0,0.0,0.0,0.0,-3.965366759876675e-18,-1.747061812309561e-17,3.696742082809353e-16,0.0,7.393484165618706e-14,1.0
48.160000000000004,0.0,0.0,0.0,0.0,-4.086620880172385e-18,-1.56668689688418e-17,4.380505819499746e-16,0.0,8.761011638999492e-14,1.0
48.17,0.0,0.0,0.0,0.0,-3.0734578701950103e-18,-1.2946645101923662e-17,4.880608130840077e-16,0.0,9.761216261680153e-14,1.0
48.18,0.0,0.0,0.0,0.0,-2.8528651314570613e-19,-1.2594613851757753e-17,4.734770111919556e-16,0.0,9.469540223839113e-14,1.0
48.19,0.0,0.0,0.0,0.0,3.792706870960448e-18,4.625864072037682e-18,4.0035755256013443e-16,0.0,8.007151051202688e-14,1.0
48.2,0.0,0.0,0.0,0.0,5.09023185499191e-18,2.4515190723670647e-19,3.331061304906546e-16,0.0,6.662122609813092e-14,1.0
48.21,0.0,0.0,0.0,0.0,2.2727495894758634e-17,-2.9846900905510194e-18,3.299138577495849e-16,0.0,6.598277154991698e-14,1.0
48.22,0.0,0.0,0.0,0.0,1.2412583958335556e-17,-1.3938399461748898e-17,3.037622201906933e-16,0.0,6.075244403813866e-14,1.0
48.230000000000004,0.0,0.0,0.0,0.0,1.0368317848021405e-17,-1.1837191237213519e-17,3.539388108951236e-16,0.0,7.078776217902472e-14,1.0
48.24,0.0,0.0,0.0,0.0,9.45379678689173e-18,-8.050000065888282e-18,4.139887575083862e-16,0.0,8.279775150167723e-14,1.0
48.25,0.0,0.0,0.0,0.0,9.95730427486471e-18,-6.768980612209093e-18,4.100294928287933e-16,0.0,8.200589856575866e-14,1.0
48.26,0.0,0.0,0.0,0.0,1.0439418872064443e-18,-2.996542809393799e-18,2.9439847826235625e-16,0.0,5.887969565247126e-14,1.0
48.27,0.0,0.0,0.0,0.0,2.2987366756715183e-17,-1.0160379974688163e-18,3.380569749308641e-16,0.0,6.761139498617282e-14,1.0
48.28,0.0,0.0,0.0,0.0,1.0745068185362651e-17,-1.6177940888438487e-17,2.6989940150693122e-16,0.0,5.3979880301386243e-14,1.0
48.29,0.0,0.0,0.0,0.0,2.2597071997893735e-18,-2.3550149302407312e-17,2.4147735255388276e-16,0.0,4.829547051077655e-14,1.0
48.300000000000004,0.0,0.0,0.0,0.0,1.3084055572048351e-17,-3.447020738718322e-17,1.907103707138109e-16,0.0,3.814207414276218e-14,1.0
48.31,0.0,0.0,0.0,0.0,1.1788198589459968e-17,-1.5235231717226452e-17,2.187283729577393e-16,0.0,4.374567459154786e-14,1.0
48.32,0.0,0.0,0.0,0.0,1.1350298164965267e-17,-3.407964559268851e-17,2.1490360811927626e-16,0.0,4.2980721623855254e-14,1.0
48.33,0.0,0.0,0.0,0.0,1.2194459087286945e-17,-3.364320954848336e-17,1.9737555857724548e-16,0.0,3.9475111715449095e-14,1.0
48.34,0.0,0.0,0.0,0.0,1.3897516738923813e-17,-3.17644250428678e-17,1.4497693981100576e-16,0.0,2.899538796220115e-14,1.0
48.35,0.0,0.0,0.0,0.0,1.6656875775341978e-17,-2.877373095815083e-17,7.877734848632044e-17,0.0,1.5755469697264087e-14,1.0
48.36,0.0,0.0,0.0,0.0,1.7700387456333493e-17,-2.454031192930428e-17,8.688957393739445e-17,0.0,1.7377914787478888e-14,1.0
48.370000000000005,0.0,0.0,0.0,0.0,2.588217970626747e-17,-1.6554535172448056e-17,1.0785049975691956e-16,0.0,2.1570099951383914e-14,1.0
48.38,0.0,0.0,0.0,0.0,3.3612902695685367e-17,-7.053816445337789e-18,1.116338623203608e-16,0.0,2.232677246407216e-14,1.0
48.39,0.0,0.0,0.0,0.0,2.1167873310450162e-17,-1.5012985871640392e-17,9.977510622987021e-17,0.0,1.9955021245974042e-14,1.0
48.4,0.0,0.0,0.0,0.0,1.878854435013589e-17,-1.4355161530875648e-17,1.0436123627280075e-16,0.0,2.087224725456015e-14,1.0
48.410000000000004,0.0,0.0,0.0,0.0,1.5608068130796204e-17,-6.446842641637247e-18,5.814160700137162e-17,0.0,1.1628321400274324e-14,1.0
48.42,0.0,0.0,0.0,0.0,2.39877145339414e-17,-7.370843651296806e-18,7.687701962800958e-17,0.0,1.5375403925601916e-14,1.0
48.43,0.0,0.0,0.0,0.0,5.4469394594527866e-18,-8.75656902743066e-18,6.271541359479754e-17,0.0,1.2543082718959508e-14,1.0
48.44,0.0,0.0,0.0,0.0,7.204424621262904e-18,-1.0273999584662365e-17,3.3371031598544515e-17,0.0,6.674206319708903e-15,1.0
48.45,0.0,0.0,0.0,0.0,8.31840484647268e-18,-9.850088205876595e-18,5.863663931059744e-17,0.0,1.1727327862119487e-14,1.0
48.46,0.0,0.0,0.0,0.0,8.363799167216084e-18,-3.0826852212780853e-17,2.4602858508969656e-17,0.0,4.920571701793931e-15,1.0
48.47,0.0,0.0,0.0,0.0,1.1043973749389581e-17,-7.901769774640409e-18,1.0143431049432353e-16,0.0,2.0286862098864704e-14,1.0
48.480000000000004,0.0,0.0,0.0,0.0,6.749222333651639e-18,-2.882917885569751e-17,1.0407393255253646e-16,0.0,2.081478651050729e-14,1.0
48.49,0.0,0.0,0.0,0.0,8.832297507010047e-18,-3.05433865316151e-17,5.594991342039013e-17,0.0,1.1189982684078025e-14,1.0
48.5,0.0,0.0,0.0,0.0,9.458447748240572e-18,-1.2258236859991717e-17,7.786563425003567e-17,0.0,1.5573126850007135e-14,1.0
48.51,0.0,0.0,0.0,0.0,1.1485524836997766e-17,-3.191723349622608e-17,7.169910831933587e-17,0.0,1.4339821663867175e-14,1.0
48.52,0.0,0.0,0.0,0.0,1.540792525244289e-17,-3.105520529632158e-17,1.1381921852324853e-16,0.0,2.2763843704649705e-14,1.0
48.53,0.0,0.0,0.0,0.0,1.4742624718794327e-17,-3.057191725342082e-17,1.1876973514789072e-16,0.0,2.3753947029578143e-14,1.0
48.54,0.0,0.0,0.0,0.0,1.910169817360081e-17,-1.8260803603766306e-17,2.8591455382394416e-17,0.0,5.718291076478883e-15,1.0
48.550000000000004,0.0,0.0,0.0,0.0,1.7355722644036596e-17,-1.5758481595716016e-17,5.821227740402602e-17,0.0,1.1642455480805204e-14,1.0
48.56,0.0,0.0,0.0,0.0,6.0589148607928674e-18,-3.024654162704064e-17,8.611495427534217e-17,0.0,1.7222990855068432e-14,1.0
48.57,0.0,0.0,0.0,0.0,1.7559771920568356e-17,-7.384726986462767e-18,4.078519494040141e-17,0.0,8.157038988080282e-15,1.0
48.58,0.0,0.0,0.0,0.0,5.032723909114191e-18,-4.248540932337494e-18,5.519907518267473e-18,0.0,1.1039815036534945e-15,1.0
48.59,0.0,0.0,0.0,0.0,1.1718414137330869e-17,-2.7973288343820494e-17,5.408930743760359e-17,0.0,1.0817861487520717e-14,1.0
48.6,0.0,0.0,0.0,0.0,1.3067606867335679e-17,-2.7072085456338286e-17,1.0697415040596213e-16,0.0,2.1394830081192425e-14,1.0
48.61,0.0,0.0,0.0,0.0,1.061289588564978e-17,-2.7171969018372467e-17,7.745223369685305e-17,0.0,1.549044673937061e-14,1.0
48.620000000000005,0.0,0.0,0.0,0.0,1.7518437496703415e-17,-9.342379063446935e-18,6.108823180732777e-17,0.0,1.2217646361465554e-14,1.0
48.63,0.0,0.0,0.0,0.0,5.292032736590254e-18,-1.071153406242107e-17,1.0387399487921228e-16,0.0,2.0774798975842454e-14,1.0
48.64,0.0,0.0,0.0,0.0,6.379444782360442e-18,-3.0190837471781916e-17,7.910400161639341e-17,0.0,1.5820800323278683e-14,1.0
48.65,0.0,0.0,0.0,0.0,1.0142101312920932e-17,-3.0349508707534254e-17,1.716489532591838e-17,0.0,3.432979065183676e-15,1.0
48.660000000000004,0.0,0.0,0.0,0.0,1.3487104935496651e-17,-3.021080572950932e-17,7.582505437922171e-17,0.0,1.516501087584434e-14,1.0
48.67,0.0,0.0,0.0,0.0,1.2264793310101022e-17,-2.9655080830926367e-17,4.18061563499092e-17,0.0,8.36123126998184e-15,1.0
48.68,0.0,0.0,0.0,0.0,2.2240453073633048e-17,-1.796408662020378e-17,9.602001549232928e-17,0.0,1.9204003098465856e-14,1.0
48.69,0.0,0.0,0.0,0.0,8.976773251494743e-18,-2.728143158922486e-17,7.143483634745633e-17,0.0,1.4286967269491267e-14,1.0
48.7,0.0,0.0,0.0,0.0,1.7313688485510536e-17,1.690431925030242e-18,8.376544105048278e-17,0.0,1.6753088210096556e-14,1.0
48.71,0.0,0.0,0.0,0.0,-2.6782227263035835e-18,-7.92132512393375e-18,1.0604383736986453e-16,0.0,2.1208767473972907e-14,1.0
48.72,0.0,0.0,0.0,0.0,6.473236539789468e-18,-9.03930115055079e-18,1.0518328624137907e-16,0.0,2.1036657248275814e-14,1.0
48.730000000000004,0.0,0.0,0.0,0.0,1.1735629943714436e-17,-1.3002128180901259e-17,1.4337914365532782e-16,0.0,2.8675828731065564e-14,1.0
48.74,0.0,0.0,0.0,0.0,7.182825159920681e-18,-9.525773288027558e-18,1.3206463101056804e-16,0.0,2.641292620211361e-14,1.0
48.75,0.0,0.0,0.0,0.0,7.96539829634102e-18,-1.1298234032205486e-17,1.0846489995053757e-16,0.0,2.1692979990107514e-14,1.0
48.76,0.0,0.0,0.0,0.0,8.051192160297655e-18,-1.16774245424806e-17,1.255313060327868e-16,0.0,2.510626120655736e-14,1.0
48.77,0.0,0.0,0.0,0.0,2.1269696494583272e-18,-3.178723068720264e-17,2.231652511583142e-16,0.0,4.463305023166284e-14,1.0
48.78,0.0,0.0,0.0,0.0,8.97629044663491e-18,-2.3151223188444557e-17,2.7279484819388714e-16,0.0,5.455896963877743e-14,1.0
48.79,0.0,0.0,0.0,0.0,1.1664887557940199e-18,-3.3766794349009223e-18,2.8223057835828865e-16,0.0,5.644611567165773e-14,1.0
48.800000000000004,0.0,0.0,0.0,0.0,1.2180439024862255e-17,-4.917910141156372e-18,2.720869898843211e-16,0.0,5.4417397976864216e-14,1.0
48.81,0.0,0.0,0.0,0.0,1.435364103524812e-17,-7.282122182352518e-18,2.4637840533374276e-16,0.0,4.927568106674855e-14,1.0
48.82,0.0,0.0,0.0,0.0,1.5964638752248347e-17,-9.481757074493441e-18,2.3423954580514405e-16,0.0,4.684790916102881e-14,1.0
48.83,0.0,0.0,0.0,0.0,1.5111741027907445e-17,-1.0894701819451738e-17,2.2092398053059674e-16,0.0,4.4184796106119344e-14,1.0
48.84,0.0,0.0,0.0,0.0,3.031063648316651e-17,-1.1721993393504442e-17,1.962892718367695e-16,0.0,3.9257854367353897e-14,1.0
48.85,0.0,0.0,0.0,0.0,2.606590457724263e-17,-1.2564189130960305e-17,1.825713583770476e-16,0.0,3.651427167540952e-14,1.0
48.86,0.0,0.0,0.0,0.0,8.198150505458727e-18,-1.327734974548858e-17,3.0149879531692146e-16,0.0,6.029975906338428e-14,1.0
48.870000000000005,0.0,0.0,0.0,0.0,3.4468819825030613e-18,-2.1495377876538814e-17,3.3818271397095314e-16,0.0,6.763654279419063e-14,1.0
48.88,0.0,0.0,0.0,0.0,-2.266206855939535e-18,-5.020713453869243e-19,2.2740109987630627e-16,0.0,4.5480219975261256e-14,1.0
48.89,0.0,0.0,0.0,0.0,-1.5927672169078185e-19,-2.130561978651619e-18,2.0430996625774205e-16,0.0,4.086199325154841e-14,1.0
48.9,0.0,0.0,0.0,0.0,1.1362254798610272e-17,-1.3386449881480566e-17,1.482452939026757e-16,0.0,2.964905878053514e-14,1.0
48.910000000000004,0.0,0.0,0.0,0.0,1.550120373737327e-17,-1.7045857882583045e-17,1.8125605988275972e-16,0.0,3.625121197655194e-14,1.0
48.92,0.0,0.0,0.0,0.0,1.1723080567929238e-17,-1.1943019565510619e-17,1.4483625785946753e-16,0.0,2.896725157189351e-14,1.0
48.93,0.0,0.0,0.0,0.0,1.4334254035815672e-17,-1.338108036179704e-17,8.8888915356177e-17,0.0,1.7777783071235398e-14,1.0
48.94,0.0,0.0,0.0,0.0,1.7249488636376462e-17,-1.5270113114077547e-17,1.3541910323544475e-16,0.0,2.708382064708895e-14,1.0
48.95,0.0,0.0,0.0,0.0,1.5403846664034536e-17,-1.3529486649729242e-17,1.2361270568721256e-16,0.0,2.472254113744251e-14,1.0
48.96,0.0,0.0,0.0,0.0,2.234740415484684e-17,-2.1688339221672247e-17,1.0730176332230424e-16,0.0,2.1460352664460848e-14,1.0
48.97,0.0,0.0,0.0,0.0,3.04913298614844e-17,-1.0859549927078508e-17,1.1330205263207278e-16,0.0,2.2660410526414556e-14,1.0
48.980000000000004,0.0,0.0,0.0,0.0,1.0499035078527805e-17,-9.738028143547723e-18,1.2563572440651537e-16,0.0,2.5127144881303074e-14,1.0
48.99,0.0,0.0,0.0,0.0,2.7460283776883635e-17,4.383813699264546e-19,7.593957364796695e-17,0.0,1.518791472959339e-14,1.0
49.0,0.0,0.0,0.0,0.0,1.1101073123958544e-17,-9.165912832734811e-18,3.8875874508084643e-17,0.0,7.775174901616929e-15,1.0
49.01,0.0,0.0,0.0,0.0,6.9359516119117374e-18,-8.525814038251912e-18,6.34341359132173e-17,0.0,1.2686827182643461e-14,1.0
49.02,0.0,0.0,0.0,0.0,1.033789860701637e-17,-7.629925962581445e-18,1.4291672867206055e-16,0.0,2.858334573441211e-14,1.0
49.03,0.0,0.0,0.0,0.0,1.2014759088429886e-17,-8.998145367667686e-18,1.5351298122584026e-16,0.0,3.070259624516805e-14,1.0
49.04,0.0,0.0,0.0,0.0,2.914468599976868e-17,-1.0207101928774255e-17,9.068365674223297e-17,0.0,1.8136731348446593e-14,1.0
49.050000000000004,0.0,0.0,0.0,0.0,2.6549376930203426e-17,-1.168492862221104e-17,4.319053888424541e-17,0.0,8.638107776849081e-15,1.0
49.06,0.0,0.0,0.0,0.0,8.722050584709675e-18,-1.1816356980573612e-17,9.225253946116838e-17,0.0,1.8450507892233677e-14,1.0
49.07,0.0,0.0,0.0,0.0,9.601711565637078e-18,-1.0646814251021617e-17,9.397642559898992e-17,0.0,1.8795285119797982e-14,1.0
49.08,0.0,0.0,0.0,0.0,8.600765808131833e-18,-9.068293047149116e-18,5.560555449706918e-17,0.0,1.1121110899413835e-14,1.0
49.09,0.0,0.0,0.0,0.0,7.680730047767036e-18,-7.167667488567482e-18,6.08676875952547e-17,0.0,1.217353751905094e-14,1.0
49.1,0.0,0.0,0.0,0.0,7.078702790934454e-18,-6.5485201836539644e-18,7.526176385275086e-17,0.0,1.505235277055017e-14,1.0
49.11,0.0,0.0,0.0,0.0,7.456282961302912e-18,-6.828216428943113e-18,8.252728889675893e-17,0.0,1.6505457779351788e-14,1.0
49.120000000000005,0.0,0.0,0.0,0.0,1.0353986730398315e-17,-1.128770027258378e-17,1.3939528534907543e-16,0.0,2.7879057069815086e-14,1.0
49.13,0.0,0.0,0.0,0.0,1.0011023785467395e-17,-1.1005601800602624e-17,1.8453417751994576e-16,0.0,3.690683550398915e-14,1.0
49.14,0.0,0.0,0.0,0.0,4.4119374522357315e-18,-8.572182775802026e-18,1.9051842935836162e-16,0.0,3.810368587167232e-14,1.0
49.15,0.0,0.0,0.0,0.0,6.950674411757812e-18,1.1722364738351785e-18,1.8293532323956605e-16,0.0,3.6587064647913206e-14,1.0
49.160000000000004,0.0,0.0,0.0,0.0,-2.963228462851007e-18,-2.0240125519509504e-17,1.966096932879346e-16,0.0,3.9321938657586917e-14,1.0
49.17,0.0,0.0,0.0,0.0,2.1646753936146263e-17,2.4138450490914707e-18,2.1257521863912406e-16,0.0,4.251504372782481e-14,1.0
49.18,0.0,0.0,0.0,0.0,-6.440796953350936e-18,-1.3901629405693885e-17,2.4459904185510946e-16,0.0,4.891980837102189e-14,1.0
49.19,0.0,0.0,0.0,0.0,-3.0881067659592635e-18,-1.45536751627155e-17,1.6281592492465135e-16,0.0,3.2563184984930273e-14,1.0
49.2,0.0,0.0,0.0,0.0,6.8804062913209e-18,6.472067950458978e-18,1.9817335505081816e-16,0.0,3.963467101016363e-14,1.0
49.21,0.0,0.0,0.0,0.0,9.536399694919421e-18,-7.08871471399731e-18,2.706716025893171e-16,0.0,5.4134320517863415e-14,1.0
49.22,0.0,0.0,0.0,0.0,7.568494716673755e-18,3.596007554768722e-18,3.3300977757307603e-16,0.0,6.66019555146152e-14,1.0
49.230000000000004,0.0,0.0,0.0,0.0,1.5957061241402358e-18,1.1540370512986775e-18,2.1234626015305785e-16,0.0,4.246925203061157e-14,1.0
49.24,0.0,0.0,0.0,0.0,5.1207081796669954e-18,-1.5625744077194864e-18,1.3619628608868556e-16,0.0,2.7239257217737112e-14,1.0
49.25,0.0,0.0,0.0,0.0,2.779563464105652e-17,8.559499018350715e-19,1.1083174224782209e-16,0.0,2.2166348449564417e-14,1.0
49.26,0.0,0.0,0.0,0.0,2.1769047238392295e-17,-4.91358005970229e-18,9.538975157115864e-17,0.0,1.9077950314231728e-14,1.0
49.27,0.0,0.0,0.0,0.0,1.2949507045349299e-17,-2.720912766389946e-17,7.039673783534024e-17,0.0,1.4079347567068048e-14,1.0
49.28,0.0,0.0,0.0,0.0,7.772869327254019e-18,-1.567029027690478e-17,8.427458671268854e-17,0.0,1.685491734253771e-14,1.0
49.29,0.0,0.0,0.0,0.0,9.654593991519389e-18,-1.2621572124899939e-18,9.570676989415341e-17,0.0,1.914135397883068e-14,1.0
49.300000000000004,0.0,0.0,0.0,0.0,1.8640664591564807e-17,-1.322785500247488e-18,8.742986886589127e-17,0.0,1.7485973773178255e-14,1.0
49.31,0.0,0.0,0.0,0.0,-4.3983711897835626e-18,-5.364134037852425e-18,6.422238913462178e-17,0.0,1.2844477826924356e-14,1.0
49.32,0.0,0.0,0.0,0.0,1.2870591377482337e-18,-1.7442442351929813e-18,1.2154386154516801e-17,0.0,2.4308772309033604e-15,1.0
49.33,0.0,0.0,0.0,0.0,1.04293881478439e-17,-5.112832644282932e-19,3.733890825955356e-17,0.0,7.467781651910712e-15,1.0
49.34,0.0,0.0,0.0,0.0,1.1948594538075692e-17,-1.561798543158511e-17,1.0511179129544146e-16,0.0,2.102235825908829e-14,1.0
49.35,0.0,0.0,0.0,0.0,1.7053654853178203e-17,3.9823198603698826e-19,8.990666742548521e-17,0.0,1.798133348509704e-14,1.0
49.36,0.0,0.0,0.0,0.0,-1.0751506251154275e-17,-2.8092253388939016e-17,7.364008805520474e-17,0.0,1.472801761104095e-14,1.0
49.370000000000005,0.0,0.0,0.0,0.0,-1.0438049395282723e-18,1.3926518122614158e-18,1.1610730746976737e-16,0.0,2.3221461493953472e-14,1.0
49.38,0.0,0.0,0.0,0.0,7.163694785264086e-18,-5.710196337224974e-18,2.1509808044268624e-16,0.0,4.301961608853725e-14,1.0
49.39,0.0,0.0,0.0,0.0,1.931798919362164e-17,-1.62569806077917e-17,1.1722788133103812e-16,0.0,2.3445576266207624e-14,1.0
49.4,0.0,0.0,0.0,0.0,1.1528254788608351e-17,-6.932610234239878e-18,7.631544430883514e-17,0.0,1.5263088861767028e-14,1.0
49.410000000000004,0.0,0.0,0.0,0.0,8.929085307204733e-18,-7.768008765437466e-18,4.921002926397503e-17,0.0,9.842005852795006e-15,1.0
49.42,0.0,0.0,0.0,0.0,1.6773878415286617e-17,-6.081413396785692e-19,7.94478601895836e-17,0.0,1.588957203791672e-14,1.0
49.43,0.0,0.0,0.0,0.0,1.4859979686534863e-17,-7.158848597847769e-19,8.833421034018208e-17,0.0,1.7666842068036416e-14,1.0
49.44,0.0,0.0,0.0,0.0,-4.588495976569773e-18,-9.042253564355768e-18,7.434671709066381e-17,0.0,1.4869343418132762e-14,1.0
49.45,0.0,0.0,0.0,0.0,-1.4777380987325237e-18,-8.396936803855511e-18,2.77889373639049e-17,0.0,5.5577874727809804e-15,1.0
49.46,0.0,0.0,0.0,0.0,-2.33566948378273e-19,1.074834364486379e-19,6.138898442323328e-17,0.0,1.2277796884646656e-14,1.0
49.47,0.0,0.0,0.0,0.0,1.6926966632094787e-17,-1.6118133919649337e-18,1.3318727281701593e-16,0.0,2.6637454563403185e-14,1.0
49.480000000000004,0.0,0.0,0.0,0.0,1.4832047449999571e-19,-3.7873297453210073e-19,7.582318229186138e-17,0.0,1.5164636458372274e-14,1.0
49.49,0.0,0.0,0.0,0.0,4.471138217092557e-19,-2.7246282080772432e-17,2.7562234509532955e-17,0.0,5.5124469019065905e-15,1.0
49.5,0.0,0.0,0.0,0.0,-9.855014167148982e-19,3.4317223974009045e-18,1.1953271951250624e-16,0.0,2.3906543902501247e-14,1.0
49.51,0.0,0.0,0.0,0.0,5.481067165375867e-18,-2.3912240280993336e-18,1.831260360697168e-16,0.0,3.662520721394336e-14,1.0
49.52,0.0,0.0,0.0,0.0,1.6083176148338206e-17,-1.644182751147836e-17,1.3038109675698141e-16,0.0,2.6076219351396282e-14,1.0
49.53,0.0,0.0,0.0,0.0,1.2878436640696073e-17,-1.618038579134073e-17,1.3983932755679302e-16,0.0,2.7967865511358605e-14,1.0
49.54,0.0,0.0,0.0,0.0,7.259325974645578e-18,-1.1103387237898927e-17,1.4768883193831928e-16,0.0,2.9537766387663854e-14,1.0
49.550000000000004,0.0,0.0,0.0,0.0,1.8916242013505687e-19,-2.110939311445664e-17,1.8065792628269857e-16,0.0,3.613158525653971e-14,1.0
49.56,0.0,0.0,0.0,0.0,-1.4744521176560299e-18,-1.0206661155098644e-17,1.5005391056616047e-16,0.0,3.001078211323209e-14,1.0
49.57,0.0,0.0,0.0,0.0,8.611636105592755e-18,-8.587165223377734e-18,1.1841104698082803e-16,0.0,2.3682209396165606e-14,1.0
49.58,0.0,0.0,0.0,0.0,2.231546881190736e-18,-1.9377807320211537e-17,1.8204891562472724e-16,0.0,3.6409783124945446e-14,1.0
49.59,0.0,0.0,0.0,0.0,3.2146649460157277e-18,-1.2971930701057856e-18,2.1696110734845943e-16,0.0,4.339222146969189e-14,1.0
49.6,0.0,0.0,0.0,0.0,1.3825727999483206e-17,-9.857168603872573e-18,2.1562450172608423e-16,0.0,4.3124900345216846e-14,1.0
49.61,0.0,0.0,0.0,0.0,1.4062435624297014e-17,-8.611262989227056e-18,2.2274343264934534e-16,0.0,4.4548686529869066e-14,1.0
49.620000000000005,0.0,0.0,0.0,0.0,1.1022349886684047e-17,-1.0170644605420551e-17,2.228557952065573e-16,0.0,4.4571159041311465e-14,1.0
49.63,0.0,0.0,0.0,0.0,1.7801874198302953e-17,-1.1775219003543984e-18,2.1416453111976617e-16,0.0,4.283290622395324e-14,1.0
49.64,0.0,0.0,0.0,0.0,9.393496740132809e-18,-1.1066034882203707e-17,2.49933073833487e-16,0.0,4.9986614766697404e-14,1.0
49.65,0.0,0.0,0.0,0.0,5.334028279611099e-19,-2.167715284978078e-17,2.8499923859476823e-16,0.0,5.699984771895365e-14,1.0
49.660000000000004,0.0,0.0,0.0,0.0,2.2922602134854364e-17,-6.983434884690757e-18,2.698181386212862e-16,0.0,5.396362772425724e-14,1.0
49.67,0.0,0.0,0.0,0.0,9.486320459249325e-18,-2.24373306397559e-17,3.308495369744837e-16,0.0,6.616990739489675e-14,1.0
49.68,0.0,0.0,0.0,0.0,1.0898618354716848e-17,-1.2237854198337237e-17,3.457653343929714e-16,0.0,6.915306687859428e-14,1.0
49.69,0.0,0.0,0.0,0.0,1.4190244872219218e-17,-1.3112461222849056e-17,4.382305247456681e-16,0.0,8.764610494913362e-14,1.0
49.7,0.0,0.0,0.0,0.0,1.5004240836240068e-17,-1.1895088171944909e-17,4.557128245226006e-16,0.0,9.114256490452012e-14,1.0
49.71,0.0,0.0,0.0,0.0,1.3105024960070313e-17,-3.0987419734831335e-17,4.623846983807793e-16,0.0,9.247693967615587e-14,1.0
49.72,0.0,0.0,0.0,0.0,2.7994596009855054e-17,-7.028045059747418e-18,5.120104453334917e-16,0.0,1.0240208906669834e-13,1.0
49.730000000000004,0.0,0.0,0.0,0.0,5.68552719663762e-18,-3.583738256431922e-17,4.977490106130845e-16,0.0,9.954980212261689e-14,1.0
49.74,0.0,0.0,0.0,0.0,2.932868335398164e-17,-1.43959553381523e-17,4.79625832648193e-16,0.0,9.592516652963859e-14,1.0
49.75,0.0,0.0,0.0,0.0,9.163448779419123e-18,-2.8737745041633125e-17,4.882923043736365e-16,0.0,9.76584608747273e-14,1.0
49.76,0.0,0.0,0.0,0.0,8.267871629131401e-18,-1.7679426730879504e-17,4.504637415737738e-16,0.0,9.009274831475476e-14,1.0
49.77,0.0,0.0,0.0,0.0,3.0463414498973946e-18,-3.025276280826684e-17,4.010620100478382e-16,0.0,8.021240200956764e-14,1.0
49.78,0.0,0.0,0.0,0.0,1.4107079414059103e-17,-2.0764119060087357e-18,4.3626998256685294e-16,0.0,8.725399651337059e-14,1.0
49.79,0.0,0.0,0.0,0.0,1.0537852784137162e-17,-7.462359197292969e-18,4.532177199771017e-16,0.0,9.064354399542035e-14,1.0
49.800000000000004,0.0,0.0,0.0,0.0,2.7837113405212726e-17,-7.492971823905125e-18,3.926430839704204e-16,0.0,7.852861679408408e-14,1.0
49.81,0.0,0.0,0.0,0.0,9.655773566771411e-18,-2.193085587834969e-18,3.089433932511715e-16,0.0,6.17886786502343e-14,1.0
49.82,0.0,0.0,0.0,0.0,4.572893546254126e-18,-7.549462843137601e-18,3.040584517396663e-16,0.0,6.081169034793326e-14,1.0
49.83,0.0,0.0,0.0,0.0,4.407831169461384e-18,-1.6545913691994735e-17,2.4748594230339367e-16,0.0,4.949718846067873e-14,1.0
49.84,0.0,0.0,0.0,0.0,5.491854724001092e-18,-7.214108439720404e-18,2.3690215930612704e-16,0.0,4.738043186122541e-14,1.0
49.85,0.0,0.0,0.0,0.0,6.856707677116922e-18,-6.135371836619362e-18,1.8569243416040473e-16,0.0,3.713848683208095e-14,1.0
49.86,0.0,0.0,0.0,0.0,8.752980625488909e-18,-4.844510704373337e-18,1.539685996506892e-16,0.0,3.079371993013784e-14,1.0
49.870000000000005,0.0,0.0,0.0,0.0,1.0299072556461141e-17,-4.469196509160045e-18,1.4922774651771442e-16,0.0,2.9845549303542885e-14,1.0
49.88,0.0,0.0,0.0,0.0,1.162216065446331e-17,-4.247594306926722e-18,1.6623632526944122e-16,0.0,3.324726505388824e-14,1.0
49.89,0.0,0.0,0.0,0.0,1.1576362716110909e-17,-5.978049925793201e-18,1.643986828200986e-16,0.0,3.287973656401972e-14,1.0
49.9,0.0,0.0,0.0,0.0,2.4526593394187464e-17,6.283128090688013e-18,1.3194557339184392e-16,0.0,2.6389114678368784e-14,1.0
49.910000000000004,0.0,0.0,0.0,0.0,-1.6010795320959908e-18,-1.7768198984349233e-17,9.268954945897137e-17,0.0,1.8537909891794275e-14,1.0
49.92,0.0,0.0,0.0,0.0,8.276556481207386e-18,-9.203890356512216e-18,8.980084017623309e-17,0.0,1.7960168035246616e-14,1.0
49.93,0.0,0.0,0.0,0.0,1.031540352746793e-17,-1.2649137078435582e-17,5.4834759017971466e-17,0.0,1.0966951803594293e-14,1.0
49.94,0.0,0.0,0.0,0.0,1.5496828563573722e-17,-8.48909707366054e-18,4.6480960309345344e-17,0.0,9.296192061869068e-15,1.0
49.95,0.0,0.0,0.0,0.0,1.7091106147689916e-17,3.1940939222382213e-19,4.098147176196218e-17,0.0,8.196294352392436e-15,1.0
49.96,0.0,0.0,0.0,0.0,8.98875213552173e-18,-1.0734492419521679e-17,2.5697073919912227e-17,0.0,5.1394147839824455e-15,1.0
49.97,0.0,0.0,0.0,0.0,1.418025421084258e-17,-1.5643541761695292e-17,2.4388527574352058e-17,0.0,4.8777055148704116e-15,1.0
49.980000000000004,0.0,0.0,0.0,0.0,1.0627622660054236e-17,-1.0698422594453443e-17,4.234822605665827e-17,0.0,8.469645211331654e-15,1.0
49.99,0.0,0.0,0.0,0.0,1.4444221389399264e-17,-1.1848067451061042e-17,1.2315640228793217e-16,0.0,2.4631280457586434e-14,1.0
50.0,0.0,0.0,0.0,0.0,1.881779622065565e-17,-1.5795260785347928e-17,1.2696763251977968e-16,0.0,2.5393526503955934e-14,1.0
