time_s,ardg_active,ardg_blend,ardg_correction_x_nm,ardg_correction_y_nm,ardg_residual_tau_x_nm,ardg_residual_tau_y_nm,ardg_translation_residual_n,ardg_torque_mode,ardg_translation_score,ardg_safety_valid
0.0,0.0,0.0,0.0,0.0,0.0,0.0,0.0,0.0,0.0,1.0
0.01,0.0,0.0,0.0,0.0,2.3070164901529093e-15,-6.829606773695403e-15,8.753251823109681e-14,0.0,1.750650364621936e-11,1.0
0.02,0.0,0.0,0.0,0.0,1.807439418582966e-15,-3.618475624610415e-15,9.469841793217097e-14,0.0,1.8939683586434196e-11,1.0
0.03,0.0,0.0,0.0,0.0,-1.2462448650813409e-15,-4.840005627937227e-15,1.363319593094209e-13,0.0,2.726639186188418e-11,1.0
0.04,0.0,0.0,0.0,0.0,1.3139148652079272e-15,-9.373886451778498e-15,2.012468832472472e-13,0.0,4.024937664944944e-11,1.0
0.05,0.0,0.0,0.0,0.0,-4.946510050575635e-15,-1.1486416170055353e-14,1.4075261672055352e-13,0.0,2.8150523344110704e-11,1.0
0.06,0.0,0.0,0.0,0.0,-4.744998252401415e-15,2.1031385864801168e-15,1.6514920523823178e-14,0.0,3.3029841047646355e-12,1.0
0.07,0.0,0.0,0.0,0.0,-4.530957605163418e-15,-2.8474831172040155e-15,2.1170533352287924e-13,0.0,4.2341066704575845e-11,1.0
0.08,0.0,0.0,0.0,0.0,-1.9688303630869214e-14,1.4650074652199117e-14,4.2015214985070694e-13,0.0,8.403042997014139e-11,1.0
0.09,0.0,0.0,0.0,0.0,-2.4670712856521052e-14,-3.516686136775918e-14,9.869340480701574e-13,0.0,1.9738680961403146e-10,1.0
0.1,0.0,0.0,0.0,0.0,-5.5618068275564666e-14,-1.679875131409532e-14,1.034680515092881e-12,0.0,2.0693610301857617e-10,1.0
0.11,0.0,0.0,0.0,0.0,-3.1167977602102825e-14,-6.091338004772868e-14,5.28792658291124e-13,0.0,1.057585316582248e-10,1.0
0.12,0.0,0.0,0.0,0.0,-1.7539471499332508e-14,-7.781828192174451e-15,7.299152854007047e-14,0.0,1.4598305708014095e-11,1.0
0.13,0.0,0.0,0.0,0.0,3.3927581061797186e-14,6.909532280187223e-15,1.6037630625386972e-13,0.0,3.207526125077394e-11,1.0
0.14,0.0,0.0,0.0,0.0,5.454307171537943e-14,3.3992663848914055e-14,3.5323582676025986e-13,0.0,7.064716535205197e-11,1.0
0.15,0.0,0.0,0.0,0.0,5.1828210182963443e-14,3.4855044701452976e-14,7.095114756136402e-13,0.0,1.4190229512272805e-10,1.0
0.16,0.0,0.0,0.0,0.0,4.2789191047889966e-14,3.462685761140469e-14,6.655821536107769e-13,0.0,1.3311643072215537e-10,1.0
0.17,0.0,0.0,0.0,0.0,4.93954132171502e-14,5.736806636418032e-14,1.0119952822134108e-12,0.0,2.0239905644268216e-10,1.0
0.18,0.0,0.0,0.0,0.0,4.454118963273704e-14,2.6561460199040693e-14,1.139631187418543e-12,0.0,2.279262374837086e-10,1.0
0.19,0.0,0.0,0.0,0.0,3.043063650697747e-14,5.224334200474321e-14,1.132552015273389e-12,0.0,2.2651040305467778e-10,1.0
0.2,0.0,0.0,0.0,0.0,3.756389762063181e-14,1.7208157396812163e-14,7.986280409840856e-13,0.0,1.5972560819681713e-10,1.0
0.21,0.0,0.0,0.0,0.0,-7.945402771588784e-16,3.1333899195337506e-14,6.068267741922387e-13,0.0,1.2136535483844773e-10,1.0
0.22,0.0,0.0,0.0,0.0,-1.8496847207182297e-14,1.1529190669373311e-15,3.929354909435058e-13,0.0,7.858709818870116e-11,1.0
0.23,0.0,0.0,0.0,0.0,-2.028448162315545e-14,3.2320815926526757e-15,4.581272229308021e-13,0.0,9.162544458616043e-11,1.0
0.24,0.0,0.0,0.0,0.0,-2.0365039283452276e-14,-3.745595757180399e-15,4.0292578748778326e-13,0.0,8.058515749755665e-11,1.0
0.25,0.0,0.0,0.0,0.0,4.6149325528854565e-15,1.2707969268513507e-14,6.95724920690965e-13,0.0,1.3914498413819299e-10,1.0
0.26,0.0,0.0,0.0,0.0,2.262033367743653e-14,-7.729770006248218e-15,7.593481299475702e-13,0.0,1.5186962598951403e-10,1.0
0.27,0.0,0.0,0.0,0.0,2.307160455883242e-14,-9.346875632383618e-15,8.073073622774924e-13,0.0,1.6146147245549848e-10,1.0
0.28,0.0,0.0,0.0,0.0,6.689104195924442e-14,-5.548245461623478e-14,8.351781223847287e-13,0.0,1.6703562447694573e-10,1.0
0.29,0.0,0.0,0.0,0.0,5.413842631125478e-14,-7.100525162266929e-14,1.3029966650502357e-12,0.0,2.6059933301004715e-10,1.0
0.3,0.0,0.0,0.0,0.0,3.0631232776027284e-14,-1.823543307130381e-14,4.859159624310871e-13,0.0,9.718319248621742e-11,1.0
0.31,0.0,0.0,0.0,0.0,-9.485739903797771e-15,-7.260882443664773e-15,1.156646855647672e-12,0.0,2.313293711295344e-10,1.0
0.32,0.0,0.0,0.0,0.0,-7.619662384335678e-14,1.746238930508189e-14,1.2007185449699251e-12,0.0,2.40143708993985e-10,1.0
0.33,0.0,0.0,0.0,0.0,-1.721732457197251e-13,9.784288359704522e-15,1.1801184566647212e-12,0.0,2.3602369133294425e-10,1.0
0.34,0.0,0.0,0.0,0.0,-1.2443792949366131e-13,-1.5271455934953926e-14,1.4932489741063611e-12,0.0,2.9864979482127224e-10,1.0
0.35000000000000003,0.0,0.0,0.0,0.0,-8.438249741570834e-14,-1.3738370613839432e-15,1.5078303592477739e-12,0.0,3.0156607184955475e-10,1.0
0.36,0.0,0.0,0.0,0.0,-9.325756446584464e-14,-3.5231968490627134e-14,1.9136111205529815e-12,0.0,3.827222241105963e-10,1.0
0.37,0.0,0.0,0.0,0.0,-5.988019905609874e-14,-2.295434401147188e-14,1.7059708169210036e-12,0.0,3.4119416338420073e-10,1.0
0.38,0.0,0.0,0.0,0.0,-5.882254223261762e-14,-6.971959268910036e-14,1.732662279903826e-12,0.0,3.465324559807652e-10,1.0
0.39,0.0,0.0,0.0,0.0,-1.7964586990782735e-14,-7.531457085088335e-14,1.6964670129529808e-12,0.0,3.3929340259059616e-10,1.0
0.4,0.0,0.0,0.0,0.0,-1.4102612177182886e-14,-6.995380388812798e-14,1.6251463331242833e-12,0.0,3.2502926662485667e-10,1.0
0.41000000000000003,0.0,0.0,0.0,0.0,-3.218610265446439e-14,-1.9945968963406184e-14,1.264924031464735e-12,0.0,2.5298480629294703e-10,1.0
0.42,0.0,0.0,0.0,0.0,-2.3006008390143818e-14,-1.1859540223270406e-15,9.037223453612402e-13,0.0,1.8074446907224805e-10,1.0
0.43,0.0,0.0,0.0,0.0,7.605769028328333e-15,2.959601819655881e-14,3.3062819054779325e-13,0.0,6.612563810955865e-11,1.0
0.44,0.0,0.0,0.0,0.0,1.3613311393587736e-14,2.7133978935763956e-14,4.939969842599211e-13,0.0,9.879939685198422e-11,1.0
0.45,0.0,0.0,0.0,0.0,4.647566302393996e-14,2.196573524022741e-14,1.9873870444777908e-13,0.0,3.9747740889555814e-11,1.0
0.46,0.0,0.0,0.0,0.0,-2.5654519598145423e-14,3.502386734063341e-14,9.272928448411787e-13,0.0,1.8545856896823574e-10,1.0
0.47000000000000003,0.0,0.0,0.0,0.0,-3.507453684003499e-16,-2.9659580130600263e-15,6.401965096436675e-13,0.0,1.280393019287335e-10,1.0
0.48,0.0,0.0,0.0,0.0,-2.167813796359127e-14,9.701662578064982e-15,6.485204886182891e-13,0.0,1.2970409772365783e-10,1.0
0.49,0.0,0.0,0.0,0.0,2.2547031648589257e-14,2.866244426948857e-14,1.4370181428377717e-12,0.0,2.874036285675543e-10,1.0
0.5,0.0,0.0,0.0,0.0,1.5671566004737665e-13,1.9144093342762388e-14,2.811654191476222e-12,0.0,5.623308382952444e-10,1.0
0.51,0.0,0.0,0.0,0.0,1.6187687424566043e-13,8.876116189842398e-14,3.0490614052560594e-12,0.0,6.098122810512118e-10,1.0
0.52,0.0,0.0,0.0,0.0,1.826172678374853e-13,1.1233199022205066e-13,2.356000982793213e-12,0.0,4.712001965586426e-10,1.0
0.53,0.0,0.0,0.0,0.0,1.9872110948937024e-13,4.1652045875981715e-14,3.690203988989188e-12,0.0,7.380407977978375e-10,1.0
0.54,0.0,0.0,0.0,0.0,3.1724952012818454e-14,1.6747969323028052e-13,3.58857149390329e-12,0.0,7.177142987806579e-10,1.0
0.55,0.0,0.0,0.0,0.0,1.4996513511881489e-13,1.2273058112030946e-13,3.285292701514112e-12,0.0,6.570585403028224e-10,1.0
0.56,0.0,0.0,0.0,0.0,7.137131971351969e-14,1.287623865605414e-13,3.3532577259986906e-12,0.0,6.706515451997381e-10,1.0
0.5700000000000001,0.0,0.0,0.0,0.0,8.144830325779836e-14,1.4287065692464822e-14,2.913977620668791e-12,0.0,5.827955241337582e-10,1.0
0.58,0.0,0.0,0.0,0.0,6.293954093879384e-14,4.846918006857462e-14,2.7212566610457532e-12,0.0,5.442513322091506e-10,1.0
0.59,0.0,0.0,0.0,0.0,6.693558973902718e-15,3.987490880003786e-14,2.275193948426496e-12,0.0,4.550387896852992e-10,1.0
0.6,0.0,0.0,0.0,0.0,5.150251328235248e-15,2.1082511432759884e-14,1.7680022597061202e-12,0.0,3.5360045194122404e-10,1.0
0.61,0.0,0.0,0.0,0.0,1.3287173252980167e-14,-7.89883818096272e-15,1.81093946654148e-12,0.0,3.6218789330829596e-10,1.0
0.62,0.0,0.0,0.0,0.0,-5.857793472431315e-16,-3.318139288880787e-16,1.6523974957155872e-12,0.0,3.3047949914311743e-10,1.0
0.63,0.0,0.0,0.0,0.0,-8.231408070088744e-15,3.146777889429362e-14,1.5452572065190345e-12,0.0,3.090514413038069e-10,1.0
0.64,0.0,0.0,0.0,0.0,-5.129622528364719e-15,2.902053730801344e-14,8.436581576375687e-13,0.0,1.6873163152751374e-10,1.0
0.65,0.0,0.0,0.0,0.0,-5.126439630872068e-14,6.586751796979777e-14,9.007099582710364e-13,0.0,1.8014199165420728e-10,1.0
0.66,0.0,0.0,0.0,0.0,-2.1706350942498288e-14,2.7252967422966413e-14,1.1676037159580218e-12,0.0,2.3352074319160435e-10,1.0
0.67,0.0,0.0,0.0,0.0,2.7016722784120405e-14,5.612682222617252e-14,1.5387173787838131e-12,0.0,3.077434757567626e-10,1.0
0.68,0.0,0.0,0.0,0.0,-2.312184876640339e-16,1.0284488863760383e-13,1.5651279998766631e-12,0.0,3.130255999753326e-10,1.0
0.6900000000000001,0.0,0.0,0.0,0.0,4.0591695020124916e-15,1.2529442659618622e-13,1.699090195899381e-12,0.0,3.398180391798762e-10,1.0
0.7000000000000001,0.0,0.0,0.0,0.0,4.421380494160728e-15,1.2362490850619796e-13,2.271190010318054e-12,0.0,4.542380020636108e-10,1.0
0.71,0.0,0.0,0.0,0.0,-5.377083931131832e-14,9.700748672035689e-14,1.6004697060058347e-12,0.0,3.200939412011669e-10,1.0
0.72,0.0,0.0,0.0,0.0,-7.844217655869215e-14,9.033684212520771e-14,1.1885361330039845e-12,0.0,2.377072266007969e-10,1.0
0.73,0.0,0.0,0.0,0.0,-1.0814447729082194e-13,-5.15106659929431e-15,2.4722215436691936e-12,0.0,4.944443087338387e-10,1.0
0.74,0.0,0.0,0.0,0.0,-6.991387846597122e-14,-2.65557954187394e-14,2.4118683191860877e-12,0.0,4.823736638372175e-10,1.0
0.75,0.0,0.0,0.0,0.0,-1.3321672630110314e-13,-1.3634545501086399e-14,1.8399701455669408e-12,0.0,3.6799402911338817e-10,1.0
0.76,0.0,0.0,0.0,0.0,-7.083242927503201e-14,3.65468481266635e-14,2.1646443251399066e-12,0.0,4.3292886502798133e-10,1.0
0.77,0.0,0.0,0.0,0.0,1.469802096361461e-14,8.326546315812189e-14,1.3609673882602211e-12,0.0,2.721934776520442e-10,1.0
0.78,0.0,0.0,0.0,0.0,3.9360946134396865e-14,1.1322728229555815e-13,4.1974440352891027e-13,0.0,8.394888070578205e-11,1.0
0.79,0.0,0.0,0.0,0.0,1.1387375223431873e-13,4.858583555814067e-14,6.598294706842673e-13,0.0,1.3196589413685344e-10,1.0
0.8,0.0,0.0,0.0,0.0,1.1307896010954329e-13,-3.779131797231458e-14,6.855923019951312e-13,0.0,1.3711846039902624e-10,1.0
0.81,0.0,0.0,0.0,0.0,9.624928666888993e-14,-1.0709980149985742e-14,1.5005138512492714e-12,0.0,3.0010277024985426e-10,1.0
0.8200000000000001,0.0,0.0,0.0,0.0,-3.977678056396424e-15,-3.397905530814978e-14,1.3093397845212516e-12,0.0,2.618679569042503e-10,1.0
0.8300000000000001,0.0,0.0,0.0,0.0,-1.1575766752800849e-13,-2.8747164551699937e-14,2.043964080663098e-12,0.0,4.0879281613261956e-10,1.0
0.84,0.0,0.0,0.0,0.0,-1.1190272714055149e-13,4.915169375792668e-14,2.6005290109031422e-12,0.0,5.201058021806284e-10,1.0
0.85,0.0,0.0,0.0,0.0,-1.6173797688781146e-13,-1.1227581747757585e-14,3.409087174146683e-12,0.0,6.818174348293366e-10,1.0
0.86,0.0,0.0,0.0,0.0,-1.7969647428247672e-13,4.032492695482008e-14,3.373526125218698e-12,0.0,6.747052250437395e-10,1.0
0.87,0.0,0.0,0.0,0.0,-1.617988879195492e-13,-1.7361310638651615e-14,2.6761055004553466e-12,0.0,5.352211000910694e-10,1.0
0.88,0.0,0.0,0.0,0.0,-1.0876095711063439e-13,1.5274843311864553e-14,2.308648672458828e-12,0.0,4.617297344917656e-10,1.0
0.89,0.0,0.0,0.0,0.0,-3.6419785300687327e-14,3.481992385491902e-14,2.3138887479082073e-12,0.0,4.6277774958164145e-10,1.0
0.9,0.0,0.0,0.0,0.0,-1.8537978768175934e-14,-1.7890326615561355e-14,2.836255270847195e-12,0.0,5.67251054169439e-10,1.0
0.91,0.0,0.0,0.0,0.0,-4.19107663648932e-14,-6.338253803385944e-14,3.920231944805582e-12,0.0,7.840463889611164e-10,1.0
0.92,0.0,0.0,0.0,0.0,-5.4814379146814394e-14,-1.22241967208592e-13,3.595329190892115e-12,0.0,7.19065838178423e-10,1.0
0.93,0.0,0.0,0.0,0.0,-4.6345959307079545e-15,-1.2946654510986405e-13,1.7323760430727631e-12,0.0,3.464752086145526e-10,1.0
0.9400000000000001,0.0,0.0,0.0,0.0,-3.196912118291737e-14,-3.558252602094555e-14,2.001206613514085e-12,0.0,4.0024132270281693e-10,1.0
0.9500000000000001,0.0,0.0,0.0,0.0,-7.711230750641281e-16,2.287964185509472e-13,3.2095795626258404e-12,0.0,6.41915912525168e-10,1.0
0.96,0.0,0.0,0.0,0.0,-3.453902656971579e-14,1.5818787054972818e-13,2.313071465213285e-12,0.0,4.6261429304265696e-10,1.0
0.97,0.0,0.0,0.0,0.0,-1.8690603132764397e-13,4.0029779507936756e-13,3.4822665118417846e-12,0.0,6.964533023683569e-10,1.0
0.98,0.0,0.0,0.0,0.0,-7.496428482308162e-14,1.7602690410627227e-13,2.307179681491253e-12,0.0,4.614359362982506e-10,1.0
0.99,0.0,0.0,0.0,0.0,-1.2614722230230107e-13,1.3318244655240985e-13,1.4989074817746489e-12,0.0,2.9978149635492977e-10,1.0
1.0,0.0,0.0,0.0,0.0,-2.4557740235743825e-16,-3.5717240183674526e-14,7.303904349298536e-13,0.0,1.4607808698597072e-10,1.0
1.01,0.0,0.0,0.0,0.0,-3.306770660338365e-14,-4.780461797885918e-14,2.6694687077034765e-12,0.0,5.338937415406953e-10,1.0
1.02,0.0,0.0,0.0,0.0,3.9496040629006764e-14,-1.5581313999367187e-14,1.8899862585722136e-12,0.0,3.779972517144427e-10,1.0
1.03,0.0,0.0,0.0,0.0,-1.0725241861975758e-13,-1.0475738410075464e-14,8.680634427567053e-13,0.0,1.7361268855134106e-10,1.0
1.04,0.0,0.0,0.0,0.0,-7.449619122706804e-14,1.6404457713247615e-13,1.2177202989504156e-12,0.0,2.4354405979008313e-10,1.0
1.05,0.0,0.0,0.0,0.0,-3.3225410862115558e-15,3.996784851836867e-14,2.5330778857176527e-12,0.0,5.066155771435305e-10,1.0
1.06,0.0,0.0,0.0,0.0,-9.828705397731753e-14,-1.896567932348613e-14,2.2917992670498637e-12,0.0,4.5835985340997273e-10,1.0
1.07,0.0,0.0,0.0,0.0,-1.3556483222340013e-13,-1.4536642025978932e-13,1.8621899779883904e-12,0.0,3.724379955976781e-10,1.0
1.08,0.0,0.0,0.0,0.0,-4.430617622212116e-14,-1.0149267381240211e-13,1.824565602330086e-12,0.0,3.6491312046601714e-10,1.0
1.09,0.0,0.0,0.0,0.0,-9.989528329943101e-14,-1.6402466170265225e-14,2.8919797183695244e-12,0.0,5.783959436739049e-10,1.0
1.1,0.0,0.0,0.0,0.0,-7.01726539275834e-14,-2.094104988410233e-14,2.5815696640334108e-12,0.0,5.163139328066821e-10,1.0
1.11,0.0,0.0,0.0,0.0,-2.1327186193048097e-13,6.321980459138175e-14,1.3860159428214888e-12,0.0,2.7720318856429774e-10,1.0
1.12,0.0,0.0,0.0,0.0,4.0542640816032e-14,-5.501984533857793e-15,3.3114766801257604e-12,0.0,6.622953360251521e-10,1.0
1.1300000000000001,0.0,0.0,0.0,0.0,1.3478671637093374e-13,5.759044808018876e-14,4.335858057433727e-12,0.0,8.671716114867454e-10,1.0
1.1400000000000001,0.0,0.0,0.0,0.0,4.0633533384182645e-13,-2.6664682671608015e-14,4.574232107755229e-12,0.0,9.148464215510458e-10,1.0
1.1500000000000001,0.0,0.0,0.0,0.0,2.7166980793462974e-13,-1.6516948793623488e-14,2.9962018637056593e-12,0.0,5.992403727411319e-10,1.0
1.16,0.0,0.0,0.0,0.0,2.0479312815861435e-13,2.645236841843267e-14,3.640530869278933e-12,0.0,7.281061738557866e-10,1.0
1.17,0.0,0.0,0.0,0.0,-2.1807349529029985e-14,1.0430138863738112e-13,1.7534481771434864e-12,0.0,3.506896354286973e-10,1.0
1.18,0.0,0.0,0.0,0.0,6.406929875475065e-14,1.636402758877198e-14,3.507851757253172e-12,0.0,7.015703514506344e-10,1.0
1.19,0.0,0.0,0.0,0.0,-9.755656106258329e-14,2.65688130145045e-13,3.653947281412686e-12,0.0,7.307894562825372e-10,1.0
1.2,0.0,0.0,0.0,0.0,6.70946099836209e-14,1.5785712156546666e-13,3.225135722233282e-12,0.0,6.450271444466564e-10,1.0
1.21,0.0,0.0,0.0,0.0,-2.8183244484628458e-14,3.806482914101806e-13,3.929301099137791e-12,0.0,7.858602198275582e-10,1.0
1.22,0.0,0.0,0.0,0.0,2.8047343647341262e-14,1.7034557659449307e-13,3.590432222797176e-12,0.0,7.180864445594353e-10,1.0
1.23,0.0,0.0,0.0,0.0,6.308101766290908e-14,1.3285353770971208e-13,2.9208265824392632e-12,0.0,5.841653164878526e-10,1.0
1.24,0.0,0.0,0.0,0.0,3.925871181044856e-14,-6.228247166055128e-15,1.706473802744867e-12,0.0,3.412947605489734e-10,1.0
1.25,0.0,0.0,0.0,0.0,7.692708608356045e-15,-5.688465521681799e-14,2.5529634226183956e-12,0.0,5.105926845236791e-10,1.0
1.26,0.0,0.0,0.0,0.0,-1.2687229488574216e-13,1.0757117699151584e-14,9.030579275486942e-13,0.0,1.8061158550973885e-10,1.0
1.27,0.0,0.0,0.0,0.0,-8.888946348612667e-14,-1.5133615709231108e-13,1.9725312121259934e-12,0.0,3.9450624242519865e-10,1.0
1.28,0.0,0.0,0.0,0.0,-2.029697604809136e-13,7.004549549905743e-14,1.457316800583308e-12,0.0,2.914633601166616e-10,1.0
1.29,0.0,0.0,0.0,0.0,-2.5608760559629215e-13,-1.2379401332978945e-13,1.7736450471523498e-12,0.0,3.547290094304699e-10,1.0
1.3,0.0,0.0,0.0,0.0,-1.2405294711420542e-13,1.7664904138223143e-13,9.507402609372494e-13,0.0,1.9014805218744988e-10,1.0
1.31,0.0,0.0,0.0,0.0,6.2097279205890626e-15,6.81592157662756e-14,3.724888952468853e-12,0.0,7.449777904937706e-10,1.0
1.32,0.0,0.0,0.0,0.0,1.7470712265848128e-13,2.1374609444041646e-13,3.902267721132778e-12,0.0,7.804535442265556e-10,1.0
1.33,0.0,0.0,0.0,0.0,3.044012981433965e-13,2.560631421797186e-13,4.99107434041829e-12,0.0,9.982148680836578e-10,1.0
1.34,0.0,0.0,0.0,0.0,2.310685250057466e-13,1.4653431763696197e-13,4.044448463384773e-12,0.0,8.088896926769546e-10,1.0
1.35,0.0,0.0,0.0,0.0,3.7697682720008865e-13,-9.488873360094607e-14,5.391990067670701e-12,0.0,1.0783980135341403e-09,1.0
1.36,0.0,0.0,0.0,0.0,2.2255355330251458e-13,2.3538032427829713e-14,6.450190478596174e-12,0.0,1.2900380957192347e-09,1.0
1.37,0.0,0.0,0.0,0.0,2.2336015204116207e-13,1.1348208774847303e-13,4.591827920618782e-12,0.0,9.183655841237564e-10,1.0
1.3800000000000001,0.0,0.0,0.0,0.0,1.2008953865617856e-13,2.309761108392801e-13,3.1959458471884817e-12,0.0,6.391891694376963e-10,1.0
1.3900000000000001,0.0,0.0,0.0,0.0,1.375124677804573e-14,2.6187242028580874e-13,4.521151164196437e-12,0.0,9.042302328392874e-10,1.0
1.4000000000000001,0.0,0.0,0.0,0.0,-2.8453534816369136e-13,3.4684714846569205e-13,3.6026218454817e-12,0.0,7.2052436909634e-10,1.0
1.41,0.0,0.0,0.0,0.0,-3.5822916816933355e-13,4.1972607494025965e-13,1.1411352841902785e-11,0.0,2.282270568380557e-09,1.0
1.42,0.0,0.0,0.0,0.0,-6.180940194974908e-13,2.8788196050671616e-13,1.0051886228762198e-11,0.0,2.0103772457524393e-09,1.0
1.43,0.0,0.0,0.0,0.0,-1.018034593440923e-12,3.250257906807575e-13,7.619982108091737e-12,0.0,1.5239964216183473e-09,1.0
1.44,0.0,0.0,0.0,0.0,-6.486815080720162e-13,-2.1075173508120712e-13,7.372145598352287e-12,0.0,1.4744291196704575e-09,1.0
1.45,0.0,0.0,0.0,0.0,-3.458370670593979e-13,-4.063381895364284e-13,8.071981122031089e-12,0.0,1.6143962244062177e-09,1.0
1.46,0.0,0.0,0.0,0.0,-1.4788189682318303e-13,-4.145981637745294e-13,6.437745803367805e-12,0.0,1.2875491606735611e-09,1.0
1.47,0.0,0.0,0.0,0.0,-1.7774990462530244e-13,-2.3341711960151603e-13,6.169424744232486e-12,0.0,1.2338849488464973e-09,1.0
1.48,0.0,0.0,0.0,0.0,1.471390543497123e-14,-1.850959131667315e-13,6.606012029726811e-12,0.0,1.3212024059453622e-09,1.0
1.49,0.0,0.0,0.0,0.0,3.220731990469275e-14,-2.682958805703709e-13,8.51761600887956e-12,0.0,1.7035232017759118e-09,1.0
1.5,0.0,0.0,0.0,0.0,4.9743236462128264e-14,-2.993735870582653e-13,7.929462147474996e-12,0.0,1.585892429494999e-09,1.0
1.51,0.0,0.0,0.0,0.0,-3.8472279128924206e-14,-4.750331183130087e-13,1.0823458279908131e-11,0.0,2.1646916559816263e-09,1.0
1.52,0.0,0.0,0.0,0.0,-1.0152868089954706e-14,-3.032265424453691e-13,1.0783626670959605e-11,0.0,2.156725334191921e-09,1.0
1.53,0.0,0.0,0.0,0.0,1.2042773918359548e-13,-5.074499723828733e-13,1.1310084671351082e-11,0.0,2.2620169342702163e-09,1.0
1.54,0.0,0.0,0.0,0.0,4.0036571426194104e-13,-4.1224654555820926e-13,1.1491319507357077e-11,0.0,2.2982639014714152e-09,1.0
1.55,0.0,0.0,0.0,0.0,3.9269349760939897e-13,-3.9141566962535044e-13,1.2982990754446491e-11,0.0,2.5965981508892983e-09,1.0
1.56,0.0,0.0,0.0,0.0,2.7382292529311417e-13,-2.330099771300854e-13,9.590133938901339e-12,0.0,1.9180267877802677e-09,1.0
1.57,0.0,0.0,0.0,0.0,1.5120892263798927e-13,-3.210990053273035e-13,9.33233919352894e-12,0.0,1.866467838705788e-09,1.0
1.58,0.0,0.0,0.0,0.0,5.3240999024575446e-14,-1.1918186801980437e-13,1.0561403661052567e-11,0.0,2.1122807322105134e-09,1.0
1.59,0.0,0.0,0.0,0.0,6.924209817751297e-14,-2.1371090045513416e-13,1.1824759512539907e-11,0.0,2.3649519025079814e-09,1.0
1.6,0.0,0.0,0.0,0.0,6.557907658244921e-14,-2.934958136595625e-13,9.473521149991065e-12,0.0,1.894704229998213e-09,1.0
1.61,0.0,0.0,0.0,0.0,-4.9324033249605724e-14,-1.778363179256211e-13,4.260782018759461e-12,0.0,8.521564037518922e-10,1.0
1.62,0.0,0.0,0.0,0.0,-5.793172880622795e-14,-8.636099839108486e-14,6.192200235767774e-12,0.0,1.2384400471535548e-09,1.0
1.6300000000000001,0.0,0.0,0.0,0.0,-1.0500368441441615e-13,4.880628461188847e-13,8.26235481803185e-12,0.0,1.65247096360637e-09,1.0
1.6400000000000001,0.0,0.0,0.0,0.0,4.548085626506513e-13,3.271456259319929e-13,8.776725682332449e-12,0.0,1.7553451364664898e-09,1.0
1.6500000000000001,0.0,0.0,0.0,0.0,4.638728855989048e-13,7.470580019179436e-13,8.715784234402792e-12,0.0,1.7431568468805582e-09,1.0
1.6600000000000001,0.0,0.0,0.0,0.0,2.4731170636300866e-13,4.85690691586067e-13,7.010070052146264e-12,0.0,1.4020140104292528e-09,1.0
1.67,0.0,0.0,0.0,0.0,-4.701261555684339e-14,2.5289210402332016e-13,8.912296213653667e-13,0.0,1.7824592427307334e-10,1.0
1.68,0.0,0.0,0.0,0.0,-2.145440951224935e-13,-6.430938895800484e-14,4.852628837301321e-12,0.0,9.705257674602643e-10,1.0
1.69,0.0,0.0,0.0,0.0,-1.9490500830654621e-13,-4.723834258328598e-13,6.146468171492718e-12,0.0,1.2292936342985436e-09,1.0
1.7,0.0,0.0,0.0,0.0,-1.4751021482274022e-13,-6.256784770663231e-13,1.8385563413232337e-12,0.0,3.677112682646467e-10,1.0
1.71,0.0,0.0,0.0,0.0,1.674395414370439e-13,-4.057811261095539e-13,5.038478438764297e-12,0.0,1.0076956877528594e-09,1.0
1.72,0.0,0.0,0.0,0.0,-4.0566326021488536e-14,-5.358699445683468e-13,1.3506659733571268e-11,0.0,2.7013319467142538e-09,1.0
1.73,0.0,0.0,0.0,0.0,9.326623202937365e-14,-6.312514132991884e-13,1.1557578380711067e-11,0.0,2.3115156761422133e-09,1.0
1.74,0.0,0.0,0.0,0.0,2.3838044218086917e-13,-8.134058745027316e-13,4.8417553912783966e-12,0.0,9.683510782556793e-10,1.0
1.75,0.0,0.0,0.0,0.0,-1.6178016206991052e-13,-4.621845785115384e-13,7.254278595125377e-12,0.0,1.4508557190250753e-09,1.0
1.76,0.0,0.0,0.0,0.0,-6.470261519541958e-13,1.0995989313025178e-13,7.43683765456071e-12,0.0,1.487367530912142e-09,1.0
1.77,0.0,0.0,0.0,0.0,-4.592864867504088e-13,-1.1115929605170796e-13,4.602755727653134e-12,0.0,9.205511455306268e-10,1.0
1.78,0.0,0.0,0.0,0.0,-7.367825585635013e-14,5.277929280170991e-13,1.4706603038355277e-11,0.0,2.941320607671055e-09,1.0
1.79,0.0,0.0,0.0,0.0,4.154638705817869e-13,2.88153521971325e-13,1.0722111987170431e-11,0.0,2.144422397434086e-09,1.0
1.8,0.0,0.0,0.0,0.0,6.013726840543529e-13,1.2537763867895444e-12,1.2992956042799182e-11,0.0,2.5985912085598364e-09,1.0
1.81,0.0,0.0,0.0,0.0,2.988069827310721e-13,7.067858677701542e-13,1.8777708776598864e-11,0.0,3.755541755319772e-09,1.0
1.82,0.0,0.0,0.0,0.0,4.544315826189798e-13,2.340098041475203e-13,1.8165796239334564e-11,0.0,3.633159247866913e-09,1.0
1.83,0.0,0.0,0.0,0.0,7.664230445723765e-13,1.7788635252544786e-12,5.528985567799881e-11,0.0,1.1057971135599762e-08,1.0
1.84,0.0,0.0,0.0,0.0,6.705525312211554e-13,3.686551019815209e-13,3.315870979684969e-11,0.0,6.631741959369939e-09,1.0
1.85,0.0,0.0,0.0,0.0,-1.215593451467956e-12,3.746543320379777e-12,2.0852590427160418e-11,0.0,4.170518085432084e-09,1.0
1.86,0.0,0.0,0.0,0.0,2.6115586990759903e-12,1.639272250093623e-12,8.948617654091108e-11,0.0,1.7897235308182214e-08,1.0
1.87,0.0,0.0,0.0,0.0,2.993758392371474e-12,-5.566395720025801e-14,8.054427741367956e-11,0.0,1.610885548273591e-08,1.0
1.8800000000000001,0.0,0.0,0.0,0.0,7.57340555394803e-12,1.8555365479756136e-12,6.53808054843736e-11,0.0,1.307616109687472e-08,1.0
1.8900000000000001,0.0,0.0,0.0,0.0,4.757888805663886e-12,1.0046280916216686e-13,6.13190590084955e-11,0.0,1.22638118016991e-08,1.0
1.9000000000000001,0.0,0.0,0.0,0.0,2.5148809116719813e-12,-1.956123119900033e-13,6.120015907928202e-11,0.0,1.2240031815856403e-08,1.0
1.9100000000000001,0.0,0.0,0.0,0.0,1.5474311205068135e-12,-1.007600311651026e-13,4.70239848708531e-11,0.0,9.40479697417062e-09,1.0
1.92,0.0,0.0,0.0,0.0,1.2822452801973618e-12,-3.0944523970673333e-13,3.6627532605686386e-11,0.0,7.3255065211372775e-09,1.0
1.93,0.0,0.0,0.0,0.0,1.1132043980616826e-13,-3.9485342435017964e-13,3.098543336745507e-11,0.0,6.197086673491014e-09,1.0
1.94,0.0,0.0,0.0,0.0,-4.5205494842273066e-13,2.8385667764127753e-13,2.361223267191841e-11,0.0,4.722446534383682e-09,1.0
1.95,0.0,0.0,0.0,0.0,-6.216457527325994e-13,3.7901484809475515e-13,1.3248554089201868e-11,0.0,2.6497108178403736e-09,1.0
1.96,0.0,0.0,0.0,0.0,-6.011064244603077e-13,8.55729636083837e-14,4.680724684149138e-12,0.0,9.361449368298275e-10,1.0
1.97,0.0,0.0,0.0,0.0,-1.1260057889379595e-12,1.8231915863231037e-13,9.733193954387382e-12,0.0,1.9466387908774765e-09,1.0
1.98,0.0,0.0,0.0,0.0,-9.599933522762982e-13,-1.4653283061026243e-13,2.0735583721359623e-11,0.0,4.147116744271925e-09,1.0
1.99,0.0,0.0,0.0,0.0,-1.2109959498005813e-12,6.632136972498978e-13,2.616139010465815e-11,0.0,5.2322780209316295e-09,1.0
2.0,0.0,0.0,0.0,0.0,-1.5123765738169432e-12,9.103884936495758e-13,3.0608731837040705e-11,0.0,6.1217463674081404e-09,1.0
2.0100000000000002,0.0,0.0,0.0,0.0,-1.095501255317278e-12,1.0052013162107754e-12,3.144484058062462e-11,0.0,6.288968116124924e-09,1.0
2.02,0.0,0.0,0.0,0.0,-1.1526645331407182e-12,4.819137256043849e-13,3.357508677626299e-11,0.0,6.7150173552525975e-09,1.0
2.0300000000000002,0.0,0.0,0.0,0.0,-1.0237021250373606e-12,4.337645695230488e-13,3.9423826907515834e-11,0.0,7.884765381503167e-09,1.0
2.04,0.0,0.0,0.0,0.0,-9.193868301742708e-13,1.584611669850754e-13,3.910425768102078e-11,0.0,7.820851536204155e-09,1.0
2.05,0.0,0.0,0.0,0.0,-1.2366582014964053e-12,7.35566309013223e-13,4.590885640684502e-11,0.0,9.181771281369005e-09,1.0
2.06,0.0,0.0,0.0,0.0,-7.956502263932514e-13,5.829080986324977e-13,4.372310603201068e-11,0.0,8.744621206402136e-09,1.0
2.07,0.0,0.0,0.0,0.0,-1.0945440999584185e-12,1.3240069024736935e-13,4.102092945838576e-11,0.0,8.204185891677152e-09,1.0
2.08,0.0,0.0,0.0,0.0,-4.490494364990605e-13,-1.7843032796954247e-13,3.5495691882567425e-11,0.0,7.099138376513485e-09,1.0
2.09,0.0,0.0,0.0,0.0,-1.5472090485517143e-13,-4.091321911576945e-13,3.5050135184265104e-11,0.0,7.01002703685302e-09,1.0
2.1,0.0,0.0,0.0,0.0,2.313632971110667e-13,-3.681955259332528e-13,3.2508559328273296e-11,0.0,6.5017118656546595e-09,1.0
2.11,0.0,0.0,0.0,0.0,3.733094125922832e-13,-3.9177095208776857e-13,2.5544264954259306e-11,0.0,5.108852990851861e-09,1.0
2.12,0.0,0.0,0.0,0.0,4.747088396114991e-13,-3.0451806470386915e-13,2.5009470179280015e-11,0.0,5.001894035856003e-09,1.0
2.13,0.0,0.0,0.0,0.0,7.817030154484186e-13,-4.728755449553051e-13,2.7724522525894403e-11,0.0,5.5449045051788806e-09,1.0
2.14,0.0,0.0,0.0,0.0,6.436654787318971e-13,-4.147517768637792e-13,2.4483704253757907e-11,0.0,4.896740850751581e-09,1.0
2.15,0.0,0.0,0.0,0.0,3.017532608416211e-13,-6.138419088204493e-13,2.572953102742552e-11,0.0,5.145906205485104e-09,1.0
2.16,0.0,0.0,0.0,0.0,5.185893806482819e-13,-4.815100259871494e-13,2.4358606329439423e-11,0.0,4.871721265887885e-09,1.0
2.17,0.0,0.0,0.0,0.0,3.052891274202911e-13,-3.4551177220241723e-13,2.115198405817673e-11,0.0,4.230396811635346e-09,1.0
2.18,0.0,0.0,0.0,0.0,2.32494421727092e-13,-2.3037410161526457e-13,2.2806774824193484e-11,0.0,4.561354964838697e-09,1.0
2.19,0.0,0.0,0.0,0.0,-1.1753597486074522e-13,1.881086752652496e-13,2.4571386701059936e-11,0.0,4.914277340211987e-09,1.0
2.2,0.0,0.0,0.0,0.0,-3.3905845533501575e-13,3.65142495120572e-13,1.9983888911364193e-11,0.0,3.996777782272838e-09,1.0
2.21,0.0,0.0,0.0,0.0,-4.950291535689851e-13,2.975854647042204e-13,1.9669892752068323e-11,0.0,3.933978550413664e-09,1.0
2.22,0.0,0.0,0.0,0.0,-2.456449418113131e-13,6.475175108234723e-13,1.8637825600793726e-11,0.0,3.7275651201587454e-09,1.0
2.23,0.0,0.0,0.0,0.0,6.4773464588980584e-15,1.4109639048870214e-13,1.611521140114763e-11,0.0,3.2230422802295255e-09,1.0
2.24,0.0,0.0,0.0,0.0,-6.341424696736386e-14,3.2596752983216817e-13,1.4994283146428894e-11,0.0,2.9988566292857786e-09,1.0
2.25,0.0,0.0,0.0,0.0,3.0746588659555454e-13,-9.482804433295242e-14,1.5666277383808097e-11,0.0,3.1332554767616195e-09,1.0
2.2600000000000002,0.0,0.0,0.0,0.0,4.636235844974625e-13,-2.7633318038045204e-13,1.9445750881472183e-11,0.0,3.889150176294436e-09,1.0
2.27,0.0,0.0,0.0,0.0,6.072560018495667e-13,-4.051233453049606e-13,1.3531449625670488e-11,0.0,2.7062899251340977e-09,1.0
2.2800000000000002,0.0,0.0,0.0,0.0,7.04063880467843e-13,-5.57190625374541e-13,1.128641038315446e-11,0.0,2.2572820766308918e-09,1.0
2.29,0.0,0.0,0.0,0.0,3.902380647073216e-13,1.2810978728337218e-13,9.273058731379999e-12,0.0,1.8546117462759996e-09,1.0
2.3000000000000003,0.0,0.0,0.0,0.0,6.290214414622821e-14,2.2583059005590935e-13,1.0367219971961102e-11,0.0,2.0734439943922203e-09,1.0
2.31,0.0,0.0,0.0,0.0,-1.7382061066252264e-13,4.1953155092628105e-13,1.0685232290065963e-11,0.0,2.1370464580131925e-09,1.0
2.32,0.0,0.0,0.0,0.0,-6.000095127520553e-13,3.5278503268089166e-13,1.568323827795491e-11,0.0,3.1366476555909816e-09,1.0
2.33,0.0,0.0,0.0,0.0,-5.969634760326327e-13,5.222930650033503e-13,1.2492950126497588e-11,0.0,2.4985900252995173e-09,1.0
2.34,0.0,0.0,0.0,0.0,-7.086312852126687e-13,4.2274641994182544e-13,9.925123164652056e-12,0.0,1.985024632930411e-09,1.0
2.35,0.0,0.0,0.0,0.0,-4.3541787573320995e-13,1.8134873978996002e-13,1.5771898358774686e-11,0.0,3.1543796717549373e-09,1.0
2.36,0.0,0.0,0.0,0.0,-1.106514948856213e-13,-1.9305692534816486e-13,2.1810750928110554e-11,0.0,4.362150185622111e-09,1.0
2.37,0.0,0.0,0.0,0.0,1.2486643815877713e-13,-7.61127928346321e-13,1.57697590375653e-11,0.0,3.15395180751306e-09,1.0
2.38,0.0,0.0,0.0,0.0,7.321347850815339e-13,-1.5665475481718592e-12,3.022417726084705e-11,0.0,6.04483545216941e-09,1.0
2.39,0.0,0.0,0.0,0.0,1.8985801723027077e-12,-1.2153739803661339e-12,4.352341198024107e-11,0.0,8.704682396048215e-09,1.0
2.4,0.0,0.0,0.0,0.0,2.3354562021261483e-12,-2.0053369265836335e-12,5.3871032630183587e-11,0.0,1.0774206526036717e-08,1.0
2.41,0.0,0.0,0.0,0.0,2.1744242973437534e-12,-1.532150934827566e-12,3.455118072958773e-11,0.0,6.910236145917546e-09,1.0
2.42,0.0,0.0,0.0,0.0,1.8759601271066187e-12,-1.2391709359502581e-12,2.8390759596171935e-11,0.0,5.678151919234387e-09,1.0
2.43,0.0,0.0,0.0,0.0,4.1951382117550316e-13,7.460295058131273e-14,2.423188225460865e-11,0.0,4.84637645092173e-09,1.0
2.44,0.0,0.0,0.0,0.0,2.0426595052234e-13,1.0115774066066794e-12,8.349734043291577e-12,0.0,1.6699468086583154e-09,1.0
2.45,0.0,0.0,0.0,0.0,-7.564416710046194e-13,4.578150199590403e-13,8.209459073419741e-12,0.0,1.6418918146839483e-09,1.0
2.46,0.0,0.0,0.0,0.0,-7.460363692886304e-13,1.5173834414530017e-12,7.615626925860688e-12,0.0,1.5231253851721376e-09,1.0
2.47,0.0,0.0,0.0,0.0,-9.652081072816215e-13,7.493411969422281e-13,1.1443034851270981e-11,0.0,2.2886069702541963e-09,1.0
2.48,0.0,0.0,0.0,0.0,4.493828804460949e-13,3.0967776993588914e-13,2.4842979191305552e-11,0.0,4.96859583826111e-09,1.0
2.49,0.0,0.0,0.0,0.0,1.327300864480225e-12,-6.89819406510233e-13,2.789832931710897e-11,0.0,5.579665863421794e-09,1.0
2.5,0.0,0.0,0.0,0.0,1.488319149463602e-12,-1.6639646013551544e-12,2.729599247235372e-11,0.0,5.459198494470744e-09,1.0
2.5100000000000002,0.0,0.0,0.0,0.0,6.452472625959893e-13,-1.12326408560515e-12,9.877027345800855e-12,0.0,1.975405469160171e-09,1.0
2.52,0.0,0.0,0.0,0.0,2.490352293173376e-13,-1.2173476950846633e-12,1.6879821909502058e-11,0.0,3.3759643819004115e-09,1.0
2.5300000000000002,0.0,0.0,0.0,0.0,-4.916354892515523e-13,-1.4003466238788843e-13,1.3961951065211161e-11,0.0,2.792390213042232e-09,1.0
2.54,0.0,0.0,0.0,0.0,-3.66714091517626e-14,-4.894047943758751e-13,6.7673736805428304e-12,0.0,1.3534747361085661e-09,1.0
2.5500000000000003,0.0,0.0,0.0,0.0,4.147938641709238e-14,-1.6008637191296e-13,6.845300913969814e-12,0.0,1.3690601827939628e-09,1.0
2.56,0.0,0.0,0.0,0.0,1.6986385546669735e-13,-1.8025744800694216e-13,1.5067818902161414e-11,0.0,3.0135637804322825e-09,1.0
2.57,0.0,0.0,0.0,0.0,-5.819591247586533e-13,-5.216864890693058e-13,2.2162407230164157e-11,0.0,4.432481446032831e-09,1.0
2.58,0.0,0.0,0.0,0.0,-3.342980713290609e-13,-8.290512861201484e-13,2.110766667705138e-11,0.0,4.221533335410276e-09,1.0
2.59,0.0,0.0,0.0,0.0,-9.712578736202177e-13,-6.429830664766414e-13,2.027224561754455e-11,0.0,4.05444912350891e-09,1.0
2.6,0.0,0.0,0.0,0.0,-1.2186877173883713e-12,6.038909707664167e-13,1.655654479679898e-11,0.0,3.311308959359796e-09,1.0
2.61,0.0,0.0,0.0,0.0,-3.2405972230458424e-13,1.2107235601143087e-12,1.9663562897796935e-11,0.0,3.932712579559387e-09,1.0
2.62,0.0,0.0,0.0,0.0,3.6739429658611173e-13,1.0345561210086938e-12,2.008720262278009e-11,0.0,4.017440524556018e-09,1.0
2.63,0.0,0.0,0.0,0.0,9.383381311236091e-13,1.3940329821146879e-12,2.0400906864758198e-11,0.0,4.08018137295164e-09,1.0
2.64,0.0,0.0,0.0,0.0,1.2250701533449001e-12,4.695798172953364e-13,1.1184400736247177e-11,0.0,2.2368801472494353e-09,1.0
2.65,0.0,0.0,0.0,0.0,5.514312813247303e-13,5.082686738963545e-14,4.526960840738086e-12,0.0,9.053921681476172e-10,1.0
2.66,0.0,0.0,0.0,0.0,8.02991157448402e-13,-8.554482438227502e-13,7.041882536902788e-12,0.0,1.4083765073805577e-09,1.0
2.67,0.0,0.0,0.0,0.0,9.666269507826749e-14,-6.61741793960132e-13,9.539003448056087e-12,0.0,1.907800689611217e-09,1.0
2.68,0.0,0.0,0.0,0.0,-3.662037468460757e-13,-4.670873596087191e-13,6.2795828997982065e-12,0.0,1.2559165799596412e-09,1.0
2.69,0.0,0.0,0.0,0.0,1.0352877221042097e-13,-3.5592210320541854e-13,1.0403513712315803e-12,0.0,2.0807027424631606e-10,1.0
2.7,0.0,0.0,0.0,0.0,2.328833295741532e-13,-5.292416502439014e-13,3.850864509390497e-12,0.0,7.701729018780993e-10,1.0
2.71,0.0,0.0,0.0,0.0,4.586067779730424e-13,-6.716508398154934e-13,4.303560921862595e-12,0.0,8.607121843725189e-10,1.0
2.72,0.0,0.0,0.0,0.0,3.754818447388399e-13,-2.621425156020372e-13,6.402922407238773e-12,0.0,1.2805844814477545e-09,1.0
2.73,0.0,0.0,0.0,0.0,6.476887172831197e-14,1.8598367457594723e-14,1.127123909929465e-11,0.0,2.25424781985893e-09,1.0
2.74,0.0,0.0,0.0,0.0,1.0062739366491184e-13,3.6783233106910835e-15,7.058469638564053e-12,0.0,1.4116939277128107e-09,1.0
2.75,0.0,0.0,0.0,0.0,1.829440979068482e-13,1.7824730727225795e-13,5.14823353317658e-12,0.0,1.029646706635316e-09,1.0
2.7600000000000002,0.0,0.0,0.0,0.0,4.188797134811869e-13,-2.796902972905837e-13,7.185714586603259e-12,0.0,1.4371429173206518e-09,1.0
2.77,0.0,0.0,0.0,0.0,5.034273829049707e-13,-3.823678703615825e-13,7.070182206943544e-12,0.0,1.4140364413887087e-09,1.0
2.7800000000000002,0.0,0.0,0.0,0.0,4.579933524653873e-13,-2.96546344383968e-13,6.318015871152809e-12,0.0,1.2636031742305616e-09,1.0
2.79,0.0,0.0,0.0,0.0,7.221554965419198e-14,7.359931275995718e-14,1.5802056624196178e-11,0.0,3.1604113248392356e-09,1.0
2.8000000000000003,0.0,0.0,0.0,0.0,-2.342097967944816e-13,8.598107281939236e-14,1.2817595626097815e-11,0.0,2.563519125219563e-09,1.0
2.81,0.0,0.0,0.0,0.0,-4.505197753086674e-13,4.087195384971969e-13,8.940089608203839e-12,0.0,1.7880179216407678e-09,1.0
2.82,0.0,0.0,0.0,0.0,-1.4862961556191708e-13,2.2371110910071745e-13,1.552514099170618e-11,0.0,3.105028198341236e-09,1.0
2.83,0.0,0.0,0.0,0.0,7.25254976843047e-14,6.7797862889911506e-15,1.7457246642288136e-11,0.0,3.491449328457627e-09,1.0
2.84,0.0,0.0,0.0,0.0,-5.6197994914846104e-14,4.259030529187957e-13,1.6909685703643633e-11,0.0,3.3819371407287264e-09,1.0
2.85,0.0,0.0,0.0,0.0,9.398662122353119e-15,5.947261325468968e-13,2.2066200730131384e-11,0.0,4.4132401460262764e-09,1.0
2.86,0.0,0.0,0.0,0.0,3.535805256016184e-13,3.329118188322183e-13,1.7420395725064192e-11,0.0,3.4840791450128383e-09,1.0
2.87,0.0,0.0,0.0,0.0,2.6128298345990217e-14,7.220398095910193e-13,2.2292273583477664e-11,0.0,4.4584547166955325e-09,1.0
2.88,0.0,0.0,0.0,0.0,2.020801205724187e-13,1.0689398288895644e-13,1.626148633831935e-11,0.0,3.25229726766387e-09,1.0
2.89,0.0,0.0,0.0,0.0,2.778371614803816e-13,3.8888780078415047e-13,1.4084469631550203e-11,0.0,2.8168939263100405e-09,1.0
2.9,0.0,0.0,0.0,0.0,3.4791230872682684e-13,-2.916897979737339e-14,1.5084961189248196e-11,0.0,3.016992237849639e-09,1.0
2.91,0.0,0.0,0.0,0.0,2.056998994533806e-13,-1.8912016543695278e-13,1.1473532653099404e-11,0.0,2.2947065306198808e-09,1.0
2.92,0.0,0.0,0.0,0.0,1.2649446008737441e-13,3.108819585304326e-14,1.258892779562935e-11,0.0,2.51778555912587e-09,1.0
2.93,0.0,0.0,0.0,0.0,4.369363292991874e-13,-3.076105101936033e-13,8.991213655362149e-12,0.0,1.7982427310724297e-09,1.0
2.94,0.0,0.0,0.0,0.0,4.438411617324681e-13,1.0658683829901028e-13,1.5722963655319552e-11,0.0,3.1445927310639104e-09,1.0
2.95,0.0,0.0,0.0,0.0,7.268640884818064e-13,-2.2697539292075126e-13,1.411225518943774e-11,0.0,2.8224510378875482e-09,1.0
2.96,0.0,0.0,0.0,0.0,7.400209926813769e-13,3.865057775609731e-13,1.5866385439330535e-11,0.0,3.173277087866107e-09,1.0
2.97,0.0,0.0,0.0,0.0,7.137576462900814e-13,8.66144684032916e-14,1.5661897559362973e-11,0.0,3.1323795118725946e-09,1.0
2.98,0.0,0.0,0.0,0.0,3.609944947877225e-13,2.9742719933652453e-13,1.4663819879117388e-11,0.0,2.9327639758234775e-09,1.0
2.99,0.0,0.0,0.0,0.0,4.146602361055179e-13,5.606192937750151e-15,9.813263380825149e-12,0.0,1.9626526761650298e-09,1.0
3.0,0.0,0.0,0.0,0.0,-3.699708859233999e-14,-2.323982462366585e-14,5.7705786623457905e-12,0.0,1.154115732469158e-09,1.0
3.0100000000000002,0.0,0.0,0.0,0.0,-3.5683327655159754e-14,-3.394767148725849e-13,9.29791040462385e-12,0.0,1.8595820809247698e-09,1.0
3.02,0.0,0.0,0.0,0.0,-3.766691333242569e-13,-1.845335775446339e-13,9.246965399096056e-12,0.0,1.8493930798192112e-09,1.0
3.0300000000000002,0.0,0.0,0.0,0.0,-6.71504710994856e-13,9.984399038980197e-14,9.825359064376594e-12,0.0,1.965071812875319e-09,1.0
3.04,0.0,0.0,0.0,0.0,-4.462778989672063e-13,2.6072810217898165e-13,1.2787503329422627e-11,0.0,2.557500665884525e-09,1.0
3.0500000000000003,0.0,0.0,0.0,0.0,-4.873299049297449e-13,1.60953875988996e-13,1.3539597384503094e-11,0.0,2.707919476900619e-09,1.0
3.06,0.0,0.0,0.0,0.0,-3.1526104524587234e-13,-3.0105765333394286e-14,8.503402270762615e-12,0.0,1.700680454152523e-09,1.0
3.0700000000000003,0.0,0.0,0.0,0.0,-3.48697024157903e-13,4.562660246588114e-14,8.474575099150969e-12,0.0,1.6949150198301938e-09,1.0
3.08,0.0,0.0,0.0,0.0,1.2224244683227927e-14,-3.606785628522574e-13,1.3818158194874951e-11,0.0,2.7636316389749902e-09,1.0
3.09,0.0,0.0,0.0,0.0,-2.3025230084609375e-15,6.57656133956154e-13,1.831244131291964e-11,0.0,3.662488262583928e-09,1.0
3.1,0.0,0.0,0.0,0.0,-2.7754876826653334e-13,8.267924740968849e-13,1.801333073364524e-11,0.0,3.602666146729048e-09,1.0
3.11,0.0,0.0,0.0,0.0,-7.25485656387526e-13,5.440072007447412e-13,1.7461947043902514e-11,0.0,3.4923894087805028e-09,1.0
3.12,0.0,0.0,0.0,0.0,-7.407868929271139e-13,3.21982153890575e-13,1.8422864951895588e-11,0.0,3.6845729903791177e-09,1.0
3.13,0.0,0.0,0.0,0.0,-6.914590640705829e-13,1.6475207985138518e-13,1.9696357412340492e-11,0.0,3.939271482468098e-09,1.0
3.14,0.0,0.0,0.0,0.0,-1.510424730151202e-13,5.105738684067777e-15,4.704670380525967e-12,0.0,9.409340761051934e-10,1.0
3.15,0.0,0.0,0.0,0.0,-5.795448828703197e-13,3.2454300104256424e-14,1.269929790520842e-11,0.0,2.539859581041684e-09,1.0
3.16,0.0,0.0,0.0,0.0,3.2607102214813876e-13,-2.9858777928918545e-13,1.7514137893667432e-11,0.0,3.5028275787334864e-09,1.0
3.17,0.0,0.0,0.0,0.0,-8.429128262387412e-13,-3.509242562796899e-14,2.0118813874594034e-11,0.0,4.023762774918807e-09,1.0
3.18,0.0,0.0,0.0,0.0,-8.255789239530982e-13,-4.4223195691868434e-13,1.4288673620219309e-11,0.0,2.8577347240438616e-09,1.0
3.19,0.0,0.0,0.0,0.0,-5.174789590656226e-13,-5.387504967534073e-13,1.5426445239014282e-11,0.0,3.0852890478028564e-09,1.0
3.2,0.0,0.0,0.0,0.0,2.4175102970657993e-13,-1.17354477388684e-12,1.1520696629416821e-11,0.0,2.3041393258833644e-09,1.0
3.21,0.0,0.0,0.0,0.0,4.1869338374043326e-13,-1.0549858594828044e-12,1.0922960129863747e-11,0.0,2.1845920259727495e-09,1.0
3.22,0.0,0.0,0.0,0.0,-1.4887882066107153e-14,-4.937174511846462e-13,1.631465429492794e-11,0.0,3.262930858985588e-09,1.0
3.23,0.0,0.0,0.0,0.0,-3.539656723658948e-13,-2.0927769584363348e-13,1.2966948714373818e-11,0.0,2.5933897428747636e-09,1.0
3.24,0.0,0.0,0.0,0.0,-3.272846416942666e-13,-5.584083536551188e-13,1.6704429655838335e-11,0.0,3.340885931167667e-09,1.0
3.25,0.0,0.0,0.0,0.0,-3.79677362645179e-14,-4.080856647052279e-13,1.8417785106356305e-11,0.0,3.683557021271261e-09,1.0
3.2600000000000002,0.0,0.0,0.0,0.0,6.472219473885008e-13,-2.5911559891454334e-13,1.8880211031815976e-12,0.0,3.7760422063631954e-10,1.0
3.27,0.0,0.0,0.0,0.0,1.1246783962873614e-13,-1.1473815133199617e-13,2.939784343367498e-12,0.0,5.879568686734996e-10,1.0
3.2800000000000002,0.0,0.0,0.0,0.0,-3.7428500681054447e-13,1.3514360896581664e-12,8.109378432147539e-12,0.0,1.6218756864295078e-09,1.0
3.29,0.0,0.0,0.0,0.0,-4.072933274005404e-13,1.0028784366904214e-12,6.164067391642015e-12,0.0,1.232813478328403e-09,1.0
3.3000000000000003,0.0,0.0,0.0,0.0,-2.17375834715478e-13,9.924859295601435e-13,5.6130408889119094e-12,0.0,1.1226081777823818e-09,1.0
3.31,0.0,0.0,0.0,0.0,-1.7262810365432896e-13,5.531364752380739e-13,7.749217351887314e-12,0.0,1.5498434703774628e-09,1.0
3.3200000000000003,0.0,0.0,0.0,0.0,1.73970510299812e-13,1.0387957459331809e-13,7.460553269840932e-12,0.0,1.4921106539681863e-09,1.0
3.33,0.0,0.0,0.0,0.0,-2.396649122235561e-13,-4.6407946582107964e-14,7.748678577416962e-12,0.0,1.5497357154833923e-09,1.0
3.34,0.0,0.0,0.0,0.0,-2.62784321236378e-15,-6.780386473272158e-13,9.726468240483261e-12,0.0,1.9452936480966524e-09,1.0
3.35,0.0,0.0,0.0,0.0,-1.4234508651694894e-12,-3.624301672290346e-13,1.861237757061431e-11,0.0,3.7224755141228615e-09,1.0
3.36,0.0,0.0,0.0,0.0,-8.919472580814026e-13,-8.373126233631591e-13,1.6819981566423403e-11,0.0,3.3639963132846807e-09,1.0
3.37,0.0,0.0,0.0,0.0,-1.5797026266685444e-12,4.3597138636003374e-13,8.669383855269333e-12,0.0,1.7338767710538667e-09,1.0
3.38,0.0,0.0,0.0,0.0,-7.710530464628123e-13,-5.262290753480056e-13,1.0759775838046746e-11,0.0,2.151955167609349e-09,1.0
3.39,0.0,0.0,0.0,0.0,-7.708996155024431e-13,3.6374197320674074e-13,1.8806814644880216e-11,0.0,3.761362928976043e-09,1.0
3.4,0.0,0.0,0.0,0.0,-8.580323474605918e-13,1.1595527435545227e-12,1.825617481671358e-11,0.0,3.651234963342716e-09,1.0
3.41,0.0,0.0,0.0,0.0,-1.1587303453706623e-12,1.1099490533608142e-12,1.522736561683849e-11,0.0,3.0454731233676976e-09,1.0
3.42,0.0,0.0,0.0,0.0,-5.412801648147431e-13,1.3880653597900165e-12,1.8452063242624957e-11,0.0,3.6904126485249913e-09,1.0
3.43,0.0,0.0,0.0,0.0,-2.0630724000259907e-13,9.629938311614484e-13,1.4675081671545684e-11,0.0,2.9350163343091367e-09,1.0
3.44,0.0,0.0,0.0,0.0,6.968576626866633e-14,8.711658365776161e-13,1.1099874502388624e-11,0.0,2.2199749004777246e-09,1.0
3.45,0.0,0.0,0.0,0.0,1.945614169645512e-13,7.01779875141187e-13,1.5661790130492895e-11,0.0,3.132358026098579e-09,1.0
3.46,0.0,0.0,0.0,0.0,7.133853435851535e-13,3.0775119920279526e-14,1.355505830604996e-11,0.0,2.711011661209992e-09,1.0
3.47,0.0,0.0,0.0,0.0,3.2289088006538765e-13,4.999947563666568e-13,1.5470008401746502e-11,0.0,3.0940016803493005e-09,1.0
3.48,0.0,0.0,0.0,0.0,2.656357239847572e-13,6.587979352434665e-14,1.3400475395877871e-11,0.0,2.680095079175574e-09,1.0
3.49,0.0,0.0,0.0,0.0,-1.1355269097803663e-13,9.632959287365697e-14,8.501687878227542e-12,0.0,1.7003375756455082e-09,1.0
3.5,0.0,0.0,0.0,0.0,-5.027781973235527e-13,3.5471925193263414e-13,9.872913606419268e-12,0.0,1.9745827212838535e-09,1.0
3.5100000000000002,0.0,0.0,0.0,0.0,-9.186497104465e-13,1.2879169637756518e-13,9.420421500174273e-12,0.0,1.8840843000348546e-09,1.0
3.52,0.0,0.0,0.0,0.0,-2.313009617480597e-13,-1.655125967778537e-13,2.0144726946975903e-11,0.0,4.028945389395181e-09,1.0
3.5300000000000002,0.0,0.0,0.0,0.0,5.351481964288606e-13,-1.088933025594875e-12,2.856364260119257e-11,0.0,5.712728520238514e-09,1.0
3.54,0.0,0.0,0.0,0.0,8.872960744100617e-13,-1.6633200800645794e-12,3.705338432550886e-11,0.0,7.410676865101772e-09,1.0
3.5500000000000003,0.0,0.0,0.0,0.0,1.2478889259757048e-12,-1.3341054923286907e-12,3.906808728286398e-11,0.0,7.813617456572796e-09,1.0
3.56,0.0,0.0,0.0,0.0,8.359910886783495e-13,-1.2827056440424322e-12,3.2801889248768686e-11,0.0,6.560377849753737e-09,1.0
3.5700000000000003,0.0,0.0,0.0,0.0,1.6387970723290433e-12,4.932200766771917e-13,3.939383388361519e-11,0.0,7.878766776723039e-09,1.0
3.58,0.0,0.0,0.0,0.0,8.840288373124963e-13,6.15568226607367e-13,3.8065769090175706e-11,0.0,7.61315381803514e-09,1.0
3.59,0.0,0.0,0.0,0.0,1.4496917157167073e-12,1.1787434067898755e-12,4.243938099224664e-11,0.0,8.487876198449327e-09,1.0
3.6,0.0,0.0,0.0,0.0,1.0146516088642424e-12,3.1852059240370017e-13,4.370949992107454e-11,0.0,8.741899984214908e-09,1.0
3.61,0.0,0.0,0.0,0.0,1.0475156605715282e-12,1.1487314340891224e-13,4.10570980385144e-11,0.0,8.21141960770288e-09,1.0
3.62,0.0,0.0,0.0,0.0,5.389373870649e-13,4.2397408736889515e-13,2.7789979925815486e-11,0.0,5.557995985163097e-09,1.0
3.63,0.0,0.0,0.0,0.0,3.078166910478849e-13,1.0073117463316752e-12,2.8280393034167815e-11,0.0,5.656078606833563e-09,1.0
3.64,0.0,0.0,0.0,0.0,-5.01669851752574e-13,1.0397602379526172e-12,2.6674145983944685e-11,0.0,5.334829196788937e-09,1.0
3.65,0.0,0.0,0.0,0.0,3.9501811890271024e-14,8.493362720294316e-13,2.970563106140273e-11,0.0,5.9411262122805465e-09,1.0
3.66,0.0,0.0,0.0,0.0,-2.193322025547348e-13,4.764767478550696e-13,1.4474274592287205e-11,0.0,2.894854918457441e-09,1.0
3.67,0.0,0.0,0.0,0.0,-4.0876431680802835e-13,3.147307368903766e-13,1.308210812753884e-11,0.0,2.6164216255077678e-09,1.0
3.68,0.0,0.0,0.0,0.0,-1.428874859792389e-12,3.6999200902156736e-13,1.0462182727029918e-11,0.0,2.0924365454059836e-09,1.0
3.69,0.0,0.0,0.0,0.0,-1.5849742419169287e-12,9.608701896862721e-13,1.0447029578694249e-11,0.0,2.0894059157388495e-09,1.0
3.7,0.0,0.0,0.0,0.0,-1.0579772489534171e-12,1.267218233977151e-13,3.038559999826735e-12,0.0,6.07711999965347e-10,1.0
3.71,0.0,0.0,0.0,0.0,-1.8031675126460515e-13,6.195614906950897e-14,5.759030265498521e-12,0.0,1.1518060530997042e-09,1.0
3.72,0.0,0.0,0.0,0.0,-5.202338844775656e-13,-2.532442860183621e-13,5.517161172310506e-12,0.0,1.1034322344621011e-09,1.0
3.73,0.0,0.0,0.0,0.0,-5.889189471352538e-13,-9.917103177401676e-14,6.017848906806159e-12,0.0,1.2035697813612316e-09,1.0
3.74,0.0,0.0,0.0,0.0,-2.9155384841297635e-13,3.517637056345986e-13,5.432069175761807e-12,0.0,1.0864138351523615e-09,1.0
3.75,0.0,0.0,0.0,0.0,1.2739897864209083e-13,-3.7571920685452533e-13,8.591099342730041e-12,0.0,1.7182198685460083e-09,1.0
3.7600000000000002,0.0,0.0,0.0,0.0,-2.055875426800594e-13,-2.0641823727513545e-13,9.207589571555982e-12,0.0,1.8415179143111963e-09,1.0
3.77,0.0,0.0,0.0,0.0,-3.405564558558035e-13,-2.046991645568935e-13,8.556199853639504e-12,0.0,1.7112399707279006e-09,1.0
3.7800000000000002,0.0,0.0,0.0,0.0,-3.6197198649174964e-13,1.505067294923581e-13,7.369406879257409e-12,0.0,1.4738813758514816e-09,1.0
3.79,0.0,0.0,0.0,0.0,-3.1055316990207956e-13,3.1229918850134457e-13,6.737783733316397e-12,0.0,1.3475567466632794e-09,1.0
3.8000000000000003,0.0,0.0,0.0,0.0,-6.590626262621704e-13,4.805334544263113e-13,1.1033593380316424e-11,0.0,2.206718676063285e-09,1.0
3.81,0.0,0.0,0.0,0.0,-1.9322135782655625e-13,7.677911047380543e-13,2.217904678264327e-12,0.0,4.435809356528654e-10,1.0
3.8200000000000003,0.0,0.0,0.0,0.0,2.1004492374549765e-13,2.0078042735567876e-13,9.893772339940599e-12,0.0,1.9787544679881196e-09,1.0
3.83,0.0,0.0,0.0,0.0,6.192167413938057e-13,1.506586729759071e-12,1.7283541736287696e-11,0.0,3.456708347257539e-09,1.0
3.84,0.0,0.0,0.0,0.0,4.550411420930565e-13,2.1459381133999945e-12,3.6702368026933204e-11,0.0,7.340473605386641e-09,1.0
3.85,0.0,0.0,0.0,0.0,6.729054070958337e-13,2.5695955183021357e-12,3.699980518913276e-11,0.0,7.399961037826552e-09,1.0
3.86,0.0,0.0,0.0,0.0,-3.9485052996207967e-13,2.8561806372069947e-12,2.1661408643873965e-11,0.0,4.332281728774793e-09,1.0
3.87,0.0,0.0,0.0,0.0,7.626203602131817e-13,1.7274074776301807e-12,1.5064734762435868e-11,0.0,3.0129469524871736e-09,1.0
3.88,0.0,0.0,0.0,0.0,4.0215158021699653e-13,-1.3960032208051643e-14,1.0802416256805929e-11,0.0,2.160483251361186e-09,1.0
3.89,0.0,0.0,0.0,0.0,-6.90190724306467e-14,2.2415034310576485e-13,1.624148082317222e-11,0.0,3.248296164634444e-09,1.0
3.9,0.0,0.0,0.0,0.0,4.625002421461859e-13,-5.757918579304274e-13,1.1365266093030979e-11,0.0,2.2730532186061957e-09,1.0
3.91,0.0,0.0,0.0,0.0,2.62244074034188e-13,5.214465699595675e-13,9.737515323690106e-12,0.0,1.947503064738021e-09,1.0
3.92,0.0,0.0,0.0,0.0,4.305168660717941e-13,-3.364769682650444e-13,1.1231782633640039e-11,0.0,2.246356526728008e-09,1.0
3.93,0.0,0.0,0.0,0.0,1.0511598177364985e-13,-6.701341529134439e-15,5.123308872907665e-12,0.0,1.024661774581533e-09,1.0
3.94,0.0,0.0,0.0,0.0,8.463063370451466e-13,-5.326689005592458e-13,2.8069792404297532e-11,0.0,5.613958480859506e-09,1.0
3.95,0.0,0.0,0.0,0.0,7.664810260063081e-14,-6.675719349933841e-13,3.382272514549532e-11,0.0,6.7645450290990636e-09,1.0
3.96,0.0,0.0,0.0,0.0,1.0260670616980638e-12,-4.343221568392774e-13,7.1581054371695e-12,0.0,1.4316210874339e-09,1.0
3.97,0.0,0.0,0.0,0.0,-4.586469530316875e-13,-1.3809857273530083e-13,1.5749645619363406e-11,0.0,3.1499291238726813e-09,1.0
3.98,0.0,0.0,0.0,0.0,-7.114922742233151e-13,1.680163146412735e-12,4.791055897477544e-12,0.0,9.582111794955088e-10,1.0
3.99,0.0,0.0,0.0,0.0,-1.2888678449711865e-12,1.95422982642371e-12,1.9572784250426852e-12,0.0,3.9145568500853704e-10,1.0
4.0,0.0,0.0,0.0,0.0,-3.6431864698091227e-13,2.4033206558052554e-13,4.790257849076088e-12,0.0,9.580515698152175e-10,1.0
4.01,0.0,0.0,0.0,0.0,-1.8209706215157447e-13,-5.6658228195523024e-14,1.734671070450958e-11,0.0,3.469342140901916e-09,1.0
4.0200000000000005,0.0,0.0,0.0,0.0,-3.119957034872072e-13,-1.1427156404509106e-14,1.7081059730417792e-11,0.0,3.4162119460835582e-09,1.0
4.03,0.0,0.0,0.0,0.0,-8.501331610809897e-13,-4.4429374862374964e-13,2.0310929838982236e-11,0.0,4.0621859677964476e-09,1.0
4.04,0.0,0.0,0.0,0.0,-7.35400687272068e-13,-1.2594346906155106e-14,2.0659026773572937e-11,0.0,4.131805354714587e-09,1.0
4.05,0.0,0.0,0.0,0.0,-9.323019033283945e-13,4.1913059248121873e-13,2.3594914320358145e-11,0.0,4.718982864071629e-09,1.0
4.0600000000000005,0.0,0.0,0.0,0.0,-8.317912435089816e-13,1.8298253154901523e-13,2.979279875343669e-11,0.0,5.958559750687338e-09,1.0
4.07,0.0,0.0,0.0,0.0,-1.038484297145956e-12,4.2884921525601236e-13,3.2939519848327296e-11,0.0,6.587903969665459e-09,1.0
4.08,0.0,0.0,0.0,0.0,-1.70767322567632e-12,4.676643628112002e-13,4.452545447387965e-11,0.0,8.90509089477593e-09,1.0
4.09,0.0,0.0,0.0,0.0,-2.260082900107051e-12,1.2001839487507435e-12,5.27532190707902e-11,0.0,1.055064381415804e-08,1.0
4.1,0.0,0.0,0.0,0.0,-2.3239564056887477e-12,3.8852925471282027e-13,4.4314402124577835e-11,0.0,8.862880424915566e-09,1.0
4.11,0.0,0.0,0.0,0.0,-1.8907033734060334e-12,-1.4483430873027871e-12,5.523758889109889e-11,0.0,1.1047517778219778e-08,1.0
4.12,0.0,0.0,0.0,0.0,-3.028633006285102e-13,-1.7896927401290593e-12,5.2495473933819926e-11,0.0,1.0499094786763984e-08,1.0
4.13,0.0,0.0,0.0,0.0,6.071868549394183e-13,-4.119990023998461e-12,7.646455105281261e-11,0.0,1.5292910210562522e-08,1.0
4.14,0.0,0.0,0.0,0.0,1.6148713428435644e-13,-2.1986216181433096e-12,5.836109442579795e-11,0.0,1.167221888515959e-08,1.0
4.15,0.0,0.0,0.0,0.0,5.308834457121192e-13,-2.92423095749252e-12,4.202437510665258e-11,0.0,8.404875021330514e-09,1.0
4.16,0.0,0.0,0.0,0.0,-3.8501325744457195e-13,-6.716430819346645e-13,4.853153181497508e-11,0.0,9.706306362995016e-09,1.0
4.17,0.0,0.0,0.0,0.0,4.0991366420644595e-13,1.5823697554236074e-13,4.9157841877539254e-11,0.0,9.83156837550785e-09,1.0
4.18,0.0,0.0,0.0,0.0,1.4478249939917912e-12,-1.4372388202434614e-12,6.747858769356798e-11,0.0,1.3495717538713596e-08,1.0
4.19,0.0,0.0,0.0,0.0,1.1237452084832077e-12,-9.101970706371631e-13,4.451812074150517e-11,0.0,8.903624148301034e-09,1.0
4.2,0.0,0.0,0.0,0.0,2.8174565604265656e-12,-2.1292578548973524e-12,5.959274311665648e-11,0.0,1.1918548623331295e-08,1.0
4.21,0.0,0.0,0.0,0.0,7.044723493981085e-13,-2.936116038897464e-13,4.900992633066389e-11,0.0,9.801985266132778e-09,1.0
4.22,0.0,0.0,0.0,0.0,1.8061577709358609e-12,-1.110688502467672e-14,1.9431722361827373e-11,0.0,3.886344472365475e-09,1.0
4.23,0.0,0.0,0.0,0.0,-3.752341282171543e-14,-2.2666372925196623e-13,3.423732635848416e-11,0.0,6.847465271696831e-09,1.0
4.24,0.0,0.0,0.0,0.0,-5.865984105420811e-13,3.001350661393404e-12,7.658712869030415e-12,0.0,1.531742573806083e-09,1.0
4.25,0.0,0.0,0.0,0.0,-5.24475301447843e-13,6.252009077790776e-13,9.640818894505016e-12,0.0,1.9281637789010033e-09,1.0
4.26,0.0,0.0,0.0,0.0,-1.629390143746085e-12,2.572436900623094e-12,1.730566488252092e-11,0.0,3.461132976504184e-09,1.0
4.2700000000000005,0.0,0.0,0.0,0.0,-1.418962724076989e-12,1.4452556704936363e-12,1.775730672075057e-11,0.0,3.551461344150114e-09,1.0
4.28,0.0,0.0,0.0,0.0,-2.5700073896781184e-12,1.7970971338911908e-13,1.8655346520618303e-11,0.0,3.73106930412366e-09,1.0
4.29,0.0,0.0,0.0,0.0,-1.6580008153052468e-12,7.516168495744483e-14,1.6757600497616576e-11,0.0,3.3515200995233153e-09,1.0
4.3,0.0,0.0,0.0,0.0,-1.1546348659420303e-12,-5.915481124412132e-13,1.3424336171647045e-11,0.0,2.684867234329409e-09,1.0
4.3100000000000005,0.0,0.0,0.0,0.0,-3.705992043050974e-13,-6.048553185542571e-13,1.2283087096804721e-11,0.0,2.456617419360944e-09,1.0
4.32,0.0,0.0,0.0,0.0,4.752826718468097e-13,-1.5138812796780912e-12,6.159428303485378e-12,0.0,1.2318856606970755e-09,1.0
4.33,0.0,0.0,0.0,0.0,1.857164668389332e-13,-8.963701378685965e-13,5.5675962365987395e-12,0.0,1.113519247319748e-09,1.0
4.34,0.0,0.0,0.0,0.0,-2.6736191831700097e-14,-2.510636768161585e-13,1.9242011130321244e-12,0.0,3.8484022260642485e-10,1.0
4.3500000000000005,0.0,0.0,0.0,0.0,8.574739209518005e-14,-3.304569493297896e-13,2.5471275193126773e-12,0.0,5.094255038625355e-10,1.0
4.36,0.0,0.0,0.0,0.0,-2.3728431281621906e-13,6.648393323045527e-14,2.770658452394714e-12,0.0,5.541316904789428e-10,1.0
4.37,0.0,0.0,0.0,0.0,8.5171271712572e-13,3.2655606658400346e-13,2.7929230992736207e-11,0.0,5.585846198547241e-09,1.0
4.38,0.0,0.0,0.0,0.0,8.616343327564454e-13,5.021791220997865e-13,3.106621481260924e-11,0.0,6.213242962521847e-09,1.0
4.39,0.0,0.0,0.0,0.0,3.964052762881618e-12,7.351932448515879e-13,7.589930814650562e-11,0.0,1.5179861629301123e-08,1.0
4.4,0.0,0.0,0.0,0.0,2.7625450088108517e-12,-2.391847006052334e-12,9.30405414339302e-11,0.0,1.860810828678604e-08,1.0
4.41,0.0,0.0,0.0,0.0,5.264342133059615e-12,-3.584332277190493e-12,9.240868584729196e-11,0.0,1.8481737169458393e-08,1.0
4.42,0.0,0.0,0.0,0.0,-8.944985556196727e-13,-8.523229930884068e-12,8.454120759579236e-11,0.0,1.6908241519158473e-08,1.0
4.43,0.0,0.0,0.0,0.0,-5.458867350345784e-13,-5.465418706451925e-12,7.062296080205178e-11,0.0,1.4124592160410356e-08,1.0
4.44,0.0,0.0,0.0,0.0,-4.940432962856699e-12,-4.093352283103163e-12,6.0231072400058e-11,0.0,1.20462144800116e-08,1.0
4.45,0.0,0.0,0.0,0.0,-9.179630595652226e-13,-2.6981348598221033e-12,6.525841825527638e-11,0.0,1.3051683651055277e-08,1.0
4.46,0.0,0.0,0.0,0.0,2.7877666395279815e-12,-7.497494246911314e-13,5.311081709076088e-11,0.0,1.0622163418152176e-08,1.0
4.47,0.0,0.0,0.0,0.0,2.5229538163538838e-12,-1.0659525615798841e-12,4.0207646107046193e-11,0.0,8.041529221409238e-09,1.0
4.48,0.0,0.0,0.0,0.0,1.823023027148119e-12,1.8030671551083438e-12,4.587734158265104e-12,0.0,9.175468316530208e-10,1.0
4.49,0.0,0.0,0.0,0.0,-8.885005582526545e-13,-7.402196941790649e-13,3.7291454120517185e-11,0.0,7.458290824103437e-09,1.0
4.5,0.0,0.0,0.0,0.0,-2.2349576960700293e-12,1.5601188813840624e-12,2.2956218839397445e-12,0.0,4.591243767879489e-10,1.0
4.51,0.0,0.0,0.0,0.0,-1.4030954272865123e-12,-2.3077521593196656e-12,2.3678932259435745e-11,0.0,4.735786451887149e-09,1.0
4.5200000000000005,0.0,0.0,0.0,0.0,-3.06803610215681e-13,1.1503204664130518e-12,9.654188648731546e-12,0.0,1.930837729746309e-09,1.0
4.53,0.0,0.0,0.0,0.0,6.373085029263794e-13,6.916615293635544e-13,4.606486309263281e-11,0.0,9.212972618526562e-09,1.0
4.54,0.0,0.0,0.0,0.0,-1.4892692774693698e-12,4.584525879618064e-12,1.2809175798886508e-10,0.0,2.5618351597773016e-08,1.0
4.55,0.0,0.0,0.0,0.0,-2.4344537562283232e-12,8.41014484367364e-12,1.738227772921169e-10,0.0,3.476455545842338e-08,1.0
4.5600000000000005,0.0,0.0,0.0,0.0,-2.183079665419346e-12,9.554931056156394e-12,9.746923974452916e-11,0.0,1.949384794890583e-08,1.0
4.57,0.0,0.0,0.0,0.0,1.0754747109541939e-12,1.2886775194108958e-11,2.0668585799978781e-10,0.0,4.133717159995756e-08,1.0
4.58,0.0,0.0,0.0,0.0,2.16570639256089e-12,4.126362554496053e-12,2.4150716152934393e-10,0.0,4.830143230586879e-08,1.0
4.59,0.0,0.0,0.0,0.0,1.380865968113487e-11,6.179168995533992e-12,2.6647266412815985e-10,0.0,5.329453282563197e-08,1.0
4.6000000000000005,0.0,0.0,0.0,0.0,7.526076207763249e-12,8.57827604220664e-12,1.6580745430286984e-10,0.0,3.3161490860573966e-08,1.0
4.61,0.0,0.0,0.0,0.0,2.4029787082129218e-11,-2.4691731087874085e-12,3.807954682417399e-10,0.0,7.615909364834797e-08,1.0
4.62,0.0,0.0,0.0,0.0,1.2264610878299916e-13,7.440154818343935e-12,2.6412338388975104e-10,0.0,5.2824676777950205e-08,1.0
4.63,0.0,0.0,0.0,0.0,2.732768429763316e-11,7.46137658900112e-12,4.5546879485343134e-10,0.0,9.109375897068626e-08,1.0
4.64,0.0,0.0,0.0,0.0,2.8150048633507565e-11,-1.9537661247690864e-11,7.495933243529307e-10,0.0,1.4991866487058613e-07,1.0
4.65,0.0,0.0,0.0,0.0,3.7870215474092056e-11,-2.7585380662360585e-11,5.829972210065687e-10,0.0,1.1659944420131373e-07,1.0
4.66,0.0,0.0,0.0,0.0,4.1389087066515953e-11,-3.227112937816199e-11,4.6350012191695723e-10,0.0,9.270002438339145e-08,1.0
4.67,0.0,0.0,0.0,0.0,1.40529730490958e-11,-4.471536648427647e-12,3.7319123753604627e-10,0.0,7.463824750720925e-08,1.0
4.68,0.0,0.0,0.0,0.0,5.096056132659118e-12,8.15354287623e-12,2.8980550419478505e-10,0.0,5.796110083895701e-08,1.0
4.69,0.0,0.0,0.0,0.0,-1.1326016246015271e-13,1.5225558000300538e-11,2.1029830871144387e-10,0.0,4.2059661742288775e-08,1.0
4.7,0.0,0.0,0.0,0.0,-2.3596955278414946e-12,5.4000013856524065e-12,1.9551664619296384e-10,0.0,3.910332923859277e-08,1.0
4.71,0.0,0.0,0.0,0.0,-3.765201913996226e-12,2.499493202000467e-12,1.7357054658184974e-10,0.0,3.471410931636995e-08,1.0
4.72,0.0,0.0,0.0,0.0,9.953340913674433e-13,-2.424558080207981e-12,1.3343224553344515e-10,0.0,2.668644910668903e-08,1.0
4.73,0.0,0.0,0.0,0.0,9.545931648877438e-13,-5.8326552183961095e-12,8.631254386118749e-11,0.0,1.72625087722375e-08,1.0
4.74,0.0,0.0,0.0,0.0,6.08499243123623e-13,-2.953597451688972e-12,6.295845502886916e-11,0.0,1.2591691005773832e-08,1.0
4.75,0.0,0.0,0.0,0.0,-6.30898207264655e-13,-1.9783448486486593e-12,3.417527374264505e-11,0.0,6.83505474852901e-09,1.0
4.76,0.0,0.0,0.0,0.0,-5.685034603876726e-14,-1.8644116109183445e-12,3.656162520404228e-11,0.0,7.312325040808456e-09,1.0
4.7700000000000005,0.0,0.0,0.0,0.0,-1.0943329804449248e-12,4.27874624909169e-13,7.966051632763124e-11,0.0,1.5932103265526247e-08,1.0
4.78,0.0,0.0,0.0,0.0,-1.603741870654246e-12,2.584412098882323e-12,1.273544297469409e-10,0.0,2.547088594938818e-08,1.0
4.79,0.0,0.0,0.0,0.0,-2.316164796999277e-12,4.608087348300593e-12,1.4031781480257468e-10,0.0,2.8063562960514936e-08,1.0
4.8,0.0,0.0,0.0,0.0,-1.8985202869872014e-12,5.6273568307640814e-12,1.5488278028339447e-10,0.0,3.0976556056678896e-08,1.0
4.8100000000000005,0.0,0.0,0.0,0.0,-7.947490732885757e-13,3.465402426391657e-12,1.630891447429095e-10,0.0,3.26178289485819e-08,1.0
4.82,0.0,0.0,0.0,0.0,-6.290403791816877e-13,1.877417406037992e-12,1.748644043388959e-10,0.0,3.497288086777918e-08,1.0
4.83,0.0,0.0,0.0,0.0,9.453862748701742e-13,-1.37386484854557e-12,1.5110575542271441e-10,0.0,3.022115108454288e-08,1.0
4.84,0.0,0.0,0.0,0.0,1.71284315722992e-12,-2.2993353067463246e-12,1.5056540510193267e-10,0.0,3.011308102038654e-08,1.0
4.8500000000000005,0.0,0.0,0.0,0.0,3.4549484849526867e-12,-8.488742628575958e-12,1.7931883968546324e-10,0.0,3.5863767937092645e-08,1.0
4.86,0.0,0.0,0.0,0.0,5.614435968523964e-12,-4.594625395817236e-12,1.0366182690409154e-10,0.0,2.0732365380818308e-08,1.0
4.87,0.0,0.0,0.0,0.0,2.4536139065237957e-12,-5.2996260218626795e-12,1.746907173405827e-10,0.0,3.4938143468116544e-08,1.0
4.88,0.0,0.0,0.0,0.0,6.392494352067107e-12,9.885366943710167e-12,2.4256203422544416e-10,0.0,4.851240684508883e-08,1.0
4.89,0.0,0.0,0.0,0.0,1.26571013100587e-12,1.0863987424350664e-11,2.7657494555260376e-10,0.0,5.531498911052075e-08,1.0
4.9,0.0,0.0,0.0,0.0,1.7354307090683315e-11,2.1663896054766258e-11,2.697476808068528e-10,0.0,5.394953616137056e-08,1.0
4.91,0.0,0.0,0.0,0.0,1.7159197447580945e-11,7.16605189564709e-12,1.5418792641088087e-10,0.0,3.083758528217617e-08,1.0
4.92,0.0,0.0,0.0,0.0,4.0706614292677954e-11,-1.262706779260918e-11,3.9115727161314096e-10,0.0,7.823145432262819e-08,1.0
4.93,0.0,0.0,0.0,0.0,2.308750098420125e-11,-2.6621148741166706e-11,2.967826031261838e-10,0.0,5.9356520625236754e-08,1.0
4.94,0.0,0.0,0.0,0.0,1.4424545569962265e-11,-2.8934378521738615e-11,1.338644218441576e-10,0.0,2.6772884368831517e-08,1.0
4.95,0.0,0.0,0.0,0.0,7.115495966548087e-12,-7.079251591110003e-12,1.9859735409030473e-10,0.0,3.9719470818060944e-08,1.0
4.96,0.0,0.0,0.0,0.0,-1.6019748419485742e-11,2.888693321969704e-12,5.2018427849559365e-11,0.0,1.0403685569911873e-08,1.0
4.97,0.0,0.0,0.0,0.0,-5.1524578254866795e-12,-1.381038878734679e-11,3.334924094723993e-10,0.0,6.669848189447986e-08,1.0
4.98,0.0,0.0,0.0,0.0,1.6097068840682406e-11,-2.05915351846377e-11,7.798630618366197e-10,0.0,1.5597261236732395e-07,1.0
4.99,0.0,0.0,0.0,0.0,1.3218319320349043e-11,-4.621598374013036e-11,7.496834404368076e-10,0.0,1.499366880873615e-07,1.0
5.0,0.0,0.0,0.0,0.0,1.9025950176729716e-11,-6.151413914218942e-11,6.952171559712188e-10,0.0,1.3904343119424375e-07,1.0
5.01,0.0,0.0,0.0,0.0,-1.5970195710454423e-12,-3.7969192720311396e-11,6.148885313726138e-10,0.0,1.2297770627452277e-07,1.0
5.0200000000000005,0.0,0.0,0.0,0.0,-1.1503555824571925e-11,-2.2769803522450476e-11,4.839985897790697e-10,0.0,9.679971795581393e-08,1.0
5.03,0.0,0.0,0.0,0.0,-8.001798358038418e-12,-1.0866471201002585e-11,4.277512214892712e-10,0.0,8.555024429785423e-08,1.0
5.04,0.0,0.0,0.0,0.0,-5.439039763598973e-12,-3.665639558987799e-12,3.7910237483183185e-10,0.0,7.582047496636636e-08,1.0
5.05,0.0,0.0,0.0,0.0,-3.870562325305794e-12,4.5162722824607703e-13,3.393391704565983e-10,0.0,6.786783409131966e-08,1.0
5.0600000000000005,0.0,0.0,0.0,0.0,-2.801096136622545e-12,2.707896619455718e-12,3.109420807926929e-10,0.0,6.218841615853858e-08,1.0
5.07,0.0,0.0,0.0,0.0,-1.95469525875176e-12,3.71786395369881e-12,2.9421253596578975e-10,0.0,5.884250719315795e-08,1.0
5.08,0.0,0.0,0.0,0.0,-1.361070644866028e-12,4.045671494257448e-12,2.865356764171416e-10,0.0,5.730713528342831e-08,1.0
5.09,0.0,0.0,0.0,0.0,-9.828027746964893e-13,3.915732396900612e-12,2.8614659084126615e-10,0.0,5.7229318168253226e-08,1.0
5.1000000000000005,0.0,0.0,0.0,0.0,-7.154303796217725e-13,3.627094509435266e-12,2.9150175911110945e-10,0.0,5.830035182222189e-08,1.0
5.11,0.0,0.0,0.0,0.0,-5.430690500574336e-13,3.1836354677115486e-12,2.9946381507917794e-10,0.0,5.989276301583559e-08,1.0
5.12,0.0,0.0,0.0,0.0,-4.710855120957664e-13,2.8169096604556104e-12,3.082362462623714e-10,0.0,6.164724925247428e-08,1.0
5.13,0.0,0.0,0.0,0.0,-4.0361372459597393e-13,2.3976666634546047e-12,3.168472752454321e-10,0.0,6.336945504908642e-08,1.0
5.14,0.0,0.0,0.0,0.0,-2.9373459966527764e-13,2.0136811084691055e-12,3.2385111640371643e-10,0.0,6.477022328074328e-08,1.0
5.15,0.0,0.0,0.0,0.0,-2.0678130250058577e-13,1.6723393160098709e-12,3.3008940871188876e-10,0.0,6.601788174237775e-08,1.0
5.16,0.0,0.0,0.0,0.0,-9.037111271046333e-14,1.3296092238463797e-12,3.347076547595295e-10,0.0,6.69415309519059e-08,1.0
5.17,0.0,0.0,0.0,0.0,-3.7362490330079494e-14,1.0988617159623155e-12,3.3844685314458824e-10,0.0,6.768937062891765e-08,1.0
5.18,0.0,0.0,0.0,0.0,-4.51398589348482e-15,8.738659473393206e-13,3.407589864766504e-10,0.0,6.815179729533009e-08,1.0
5.19,0.0,0.0,0.0,0.0,-4.261961263061401e-15,6.760059005102964e-13,3.405520783869657e-10,0.0,6.811041567739313e-08,1.0
5.2,0.0,0.0,0.0,0.0,-1.0888686355150545e-14,5.673590681195027e-13,3.4040398070674496e-10,0.0,6.8080796141349e-08,1.0
5.21,0.0,0.0,0.0,0.0,-1.6600517312842193e-15,3.6789268839177976e-13,3.385496533434074e-10,0.0,6.770993066868148e-08,1.0
5.22,0.0,0.0,0.0,0.0,-1.475036717733167e-14,3.6426591709179276e-13,3.3604883436766175e-10,0.0,6.720976687353235e-08,1.0
5.23,0.0,0.0,0.0,0.0,-2.5485577818700328e-15,3.151701053692496e-13,3.3231818662655976e-10,0.0,6.646363732531195e-08,1.0
5.24,0.0,0.0,0.0,0.0,1.8045094650181022e-14,2.953542689231993e-13,3.2673276657376186e-10,0.0,6.534655331475238e-08,1.0
5.25,0.0,0.0,0.0,0.0,3.082311552294916e-14,2.405403632114447e-13,3.203779123687543e-10,0.0,6.407558247375085e-08,1.0
5.26,0.0,0.0,0.0,0.0,4.673053150558553e-14,1.1857963777893907e-13,3.1324274131732023e-10,0.0,6.264854826346405e-08,1.0
5.2700000000000005,0.0,0.0,0.0,0.0,9.717195152705134e-14,5.677814917111063e-14,3.052339530478748e-10,0.0,6.104679060957496e-08,1.0
5.28,0.0,0.0,0.0,0.0,5.783736211557243e-14,-2.6979210684121867e-14,2.97248486857313e-10,0.0,5.94496973714626e-08,1.0
5.29,0.0,0.0,0.0,0.0,1.1607128001873607e-13,-1.588967149457412e-14,2.8947353785037734e-10,0.0,5.789470757007547e-08,1.0
5.3,0.0,0.0,0.0,0.0,7.072128680863318e-14,-7.17127798986691e-14,2.8013986974546e-10,0.0,5.6027973949092e-08,1.0
5.3100000000000005,0.0,0.0,0.0,0.0,7.929939441330891e-14,2.766817608079768e-14,2.7176191757251697e-10,0.0,5.435238351450339e-08,1.0
5.32,0.0,0.0,0.0,0.0,1.16698156848329e-13,-3.30350553256292e-14,2.6223824927767345e-10,0.0,5.244764985553469e-08,1.0
5.33,0.0,0.0,0.0,0.0,4.066674572488453e-14,4.73599248115285e-15,2.529810291280455e-10,0.0,5.05962058256091e-08,1.0
5.34,0.0,0.0,0.0,0.0,8.45194547531135e-14,-1.5229635882807598e-14,2.4326578530033317e-10,0.0,4.865315706006663e-08,1.0
5.3500000000000005,0.0,0.0,0.0,0.0,3.8207361136078516e-14,8.570407202355158e-15,2.3438959290098557e-10,0.0,4.687791858019711e-08,1.0
5.36,0.0,0.0,0.0,0.0,5.952572251633922e-14,1.3311352577681937e-14,2.247449648850398e-10,0.0,4.4948992977007954e-08,1.0
5.37,0.0,0.0,0.0,0.0,6.735134170584413e-14,2.852189406809522e-14,2.1400034197575421e-10,0.0,4.2800068395150844e-08,1.0
5.38,0.0,0.0,0.0,0.0,4.53557588017504e-14,1.4703459802257674e-14,2.048174849004038e-10,0.0,4.096349698008076e-08,1.0
5.39,0.0,0.0,0.0,0.0,1.213752647613761e-13,-3.739500341164329e-14,1.9544686642343204e-10,0.0,3.908937328468641e-08,1.0
5.4,0.0,0.0,0.0,0.0,4.515241600370801e-14,1.2920276040914376e-15,1.8612148572996148e-10,0.0,3.72242971459923e-08,1.0
5.41,0.0,0.0,0.0,0.0,5.5863660367374516e-14,3.538904992198357e-14,1.7717641555049176e-10,0.0,3.543528311009835e-08,1.0
5.42,0.0,0.0,0.0,0.0,4.6822381519703145e-14,4.1693163606428896e-14,1.6811623688901713e-10,0.0,3.362324737780343e-08,1.0
5.43,0.0,0.0,0.0,0.0,3.5797473568405386e-14,4.9976918846537686e-14,1.5894857870858638e-10,0.0,3.178971574171728e-08,1.0
5.44,0.0,0.0,0.0,0.0,8.69056875291549e-15,4.659587124379522e-14,1.5057710956304382e-10,0.0,3.011542191260876e-08,1.0
5.45,0.0,0.0,0.0,0.0,1.0665435346301066e-14,2.6757999894577624e-14,1.422627040125288e-10,0.0,2.845254080250576e-08,1.0
5.46,0.0,0.0,0.0,0.0,1.3403719738380009e-14,2.883678155682036e-14,1.336291543807432e-10,0.0,2.672583087614864e-08,1.0
5.47,0.0,0.0,0.0,0.0,1.2049208733863618e-14,3.198373881051639e-14,1.2607053977769946e-10,0.0,2.521410795553989e-08,1.0
5.48,0.0,0.0,0.0,0.0,4.2158204018825467e-14,-1.046405166439458e-14,1.1846055632503696e-10,0.0,2.369211126500739e-08,1.0
5.49,0.0,0.0,0.0,0.0,-2.0254972012606404e-14,2.631130728407327e-14,1.1173460866519529e-10,0.0,2.2346921733039057e-08,1.0
5.5,0.0,0.0,0.0,0.0,-5.937401835076103e-14,3.0953273377646844e-14,1.0545819311161818e-10,0.0,2.1091638622323635e-08,1.0
5.51,0.0,0.0,0.0,0.0,-1.5392947072688036e-13,7.561976781767577e-14,9.959632096324401e-11,0.0,1.9919264192648802e-08,1.0
5.5200000000000005,0.0,0.0,0.0,0.0,-1.827679204134175e-13,1.0234629311055268e-13,9.381415646885095e-11,0.0,1.876283129377019e-08,1.0
5.53,0.0,0.0,0.0,0.0,-2.0452152805208537e-13,1.1873135782192288e-13,8.876215957039292e-11,0.0,1.7752431914078584e-08,1.0
5.54,0.0,0.0,0.0,0.0,-2.6318302621460267e-13,8.383485411555124e-14,8.352929861309381e-11,0.0,1.670585972261876e-08,1.0
5.55,0.0,0.0,0.0,0.0,-2.146886230265339e-13,3.7597060966469023e-14,7.901340395002252e-11,0.0,1.5802680790004502e-08,1.0
5.5600000000000005,0.0,0.0,0.0,0.0,-1.3028599752745078e-13,-4.045630331915894e-14,7.635195606913396e-11,0.0,1.5270391213826793e-08,1.0
5.57,0.0,0.0,0.0,0.0,-5.871244065657953e-14,-9.669400993800693e-14,7.455390851915233e-11,0.0,1.4910781703830467e-08,1.0
5.58,0.0,0.0,0.0,0.0,6.299891940212843e-14,-7.254716959663138e-14,7.466736208306742e-11,0.0,1.4933472416613483e-08,1.0
5.59,0.0,0.0,0.0,0.0,1.2297971028478688e-13,-9.277518042434256e-14,7.433586056507647e-11,0.0,1.4867172113015294e-08,1.0
5.6000000000000005,0.0,0.0,0.0,0.0,2.3469723504256183e-13,-9.032963144204269e-14,7.498251574803556e-11,0.0,1.4996503149607114e-08,1.0
5.61,0.0,0.0,0.0,0.0,1.7233143675746904e-13,-9.654748711008349e-14,7.608882309614887e-11,0.0,1.5217764619229774e-08,1.0
5.62,0.0,0.0,0.0,0.0,1.5777228912082038e-13,-9.758451613320914e-14,7.796390978753304e-11,0.0,1.5592781957506606e-08,1.0
5.63,0.0,0.0,0.0,0.0,1.1788098945888359e-13,-7.558468691944315e-14,7.986095285895057e-11,0.0,1.5972190571790114e-08,1.0
5.64,0.0,0.0,0.0,0.0,1.229735021308323e-13,-1.0072928106659482e-13,8.215373093878005e-11,0.0,1.6430746187756008e-08,1.0
5.65,0.0,0.0,0.0,0.0,9.638231073022334e-14,-6.762160772683742e-14,8.494920440054312e-11,0.0,1.698984088010862e-08,1.0
5.66,0.0,0.0,0.0,0.0,7.484845155169043e-14,-6.754166548703268e-14,8.732090739391626e-11,0.0,1.746418147878325e-08,1.0
5.67,0.0,0.0,0.0,0.0,1.0429864201979102e-13,-5.555994709545523e-14,9.065091732712497e-11,0.0,1.8130183465424993e-08,1.0
5.68,0.0,0.0,0.0,0.0,5.342256997359075e-14,-4.14491566915689e-14,9.277689039649943e-11,0.0,1.8555378079299884e-08,1.0
5.69,0.0,0.0,0.0,0.0,4.5311315358341185e-14,-2.6281167158141987e-14,9.435962896343339e-11,0.0,1.887192579268668e-08,1.0
5.7,0.0,0.0,0.0,0.0,7.661817182776582e-15,-7.717645238459151e-15,9.772803993648397e-11,0.0,1.9545607987296795e-08,1.0
5.71,0.0,0.0,0.0,0.0,-2.1032904744719424e-14,5.008515944170383e-14,1.0147034442051989e-10,0.0,2.0294068884103978e-08,1.0
5.72,0.0,0.0,0.0,0.0,5.394191508263256e-14,-2.9217321559672954e-14,1.0411096727217946e-10,0.0,2.082219345443589e-08,1.0
5.73,0.0,0.0,0.0,0.0,1.2855303977292602e-13,5.576601965941006e-15,1.0633821752707712e-10,0.0,2.1267643505415425e-08,1.0
5.74,0.0,0.0,0.0,0.0,7.783883903649624e-14,-3.781953194585702e-14,1.0843662396487254e-10,0.0,2.168732479297451e-08,1.0
5.75,0.0,0.0,0.0,0.0,9.793431916593183e-14,6.660259167601841e-14,1.1143734179832353e-10,0.0,2.2287468359664705e-08,1.0
5.76,0.0,0.0,0.0,0.0,8.338915885081877e-14,-9.207912666866851e-15,1.142093321134462e-10,0.0,2.2841866422689237e-08,1.0
5.7700000000000005,0.0,0.0,0.0,0.0,1.2218577263397763e-13,-5.549417801969915e-15,1.154000449039625e-10,0.0,2.30800089807925e-08,1.0
5.78,0.0,0.0,0.0,0.0,6.971861457185415e-14,-9.631557662754506e-15,1.1552534180210611e-10,0.0,2.310506836042122e-08,1.0
5.79,0.0,0.0,0.0,0.0,2.4554271956849158e-14,2.0629810634740537e-14,1.1775987589023856e-10,0.0,2.3551975178047712e-08,1.0
5.8,0.0,0.0,0.0,0.0,4.261172365760683e-15,1.5980316301305657e-13,1.2018111055648837e-10,0.0,2.4036222111297673e-08,1.0
5.8100000000000005,0.0,0.0,0.0,0.0,8.329425948221431e-14,1.1239796512397043e-13,1.212645599153939e-10,0.0,2.425291198307878e-08,1.0
5.82,0.0,0.0,0.0,0.0,1.3177770320238062e-13,1.2489800190342353e-13,1.216244466601817e-10,0.0,2.432488933203634e-08,1.0
5.83,0.0,0.0,0.0,0.0,5.959994316842696e-14,-6.078969179472155e-15,1.237752459317601e-10,0.0,2.475504918635202e-08,1.0
5.84,0.0,0.0,0.0,0.0,3.665105474007623e-14,-3.746294046533077e-14,1.260228263661059e-10,0.0,2.520456527322118e-08,1.0
5.8500000000000005,0.0,0.0,0.0,0.0,1.3336676586937645e-15,-2.0809851917331467e-13,1.2553012501241437e-10,0.0,2.5106025002482873e-08,1.0
5.86,0.0,0.0,0.0,0.0,6.238369063219758e-14,-1.6831421401439206e-13,1.2532268575625978e-10,0.0,2.5064537151251955e-08,1.0
5.87,0.0,0.0,0.0,0.0,-2.7799239344172525e-14,7.032200074557248e-14,1.2438191390379465e-10,0.0,2.487638278075893e-08,1.0
5.88,0.0,0.0,0.0,0.0,-3.5114385021247774e-14,1.265800419781769e-13,1.248644691227165e-10,0.0,2.49728938245433e-08,1.0
5.89,0.0,0.0,0.0,0.0,-1.0049252627081024e-13,1.636113217462519e-13,1.2490748707249655e-10,0.0,2.4981497414499312e-08,1.0
5.9,0.0,0.0,0.0,0.0,-4.4754902952306056e-14,8.596113000907664e-14,1.2537694656770046e-10,0.0,2.507538931354009e-08,1.0
5.91,0.0,0.0,0.0,0.0,-3.539370716778006e-14,3.4819091704795725e-14,1.2579492524997864e-10,0.0,2.5158985049995728e-08,1.0
5.92,0.0,0.0,0.0,0.0,-9.237216513325337e-15,-9.044006388634032e-15,1.25497712337721e-10,0.0,2.5099542467544197e-08,1.0
5.93,0.0,0.0,0.0,0.0,2.602401593152529e-14,-3.968445280456125e-14,1.255268988159387e-10,0.0,2.5105379763187737e-08,1.0
5.94,0.0,0.0,0.0,0.0,-1.5310004328987346e-14,-3.226476138072573e-14,1.2477009417840685e-10,0.0,2.4954018835681368e-08,1.0
5.95,0.0,0.0,0.0,0.0,-1.4082191256117228e-14,-7.92362885776013e-14,1.247188250322085e-10,0.0,2.4943765006441698e-08,1.0
5.96,0.0,0.0,0.0,0.0,-6.669550546300247e-14,-9.885428227380979e-15,1.2298411972429615e-10,0.0,2.459682394485923e-08,1.0
5.97,0.0,0.0,0.0,0.0,-3.200425446150874e-14,2.488326273103221e-14,1.2170250865877613e-10,0.0,2.4340501731755227e-08,1.0
5.98,0.0,0.0,0.0,0.0,1.919994801789353e-14,2.196779315296206e-13,1.2101209211146918e-10,0.0,2.4202418422293836e-08,1.0
5.99,0.0,0.0,0.0,0.0,3.6390213097116896e-14,1.8709902092611592e-13,1.210570995598415e-10,0.0,2.42114199119683e-08,1.0
6.0,0.0,0.0,0.0,0.0,5.0008333730254987e-14,1.122156112497895e-13,1.2036517759926112e-10,0.0,2.4073035519852225e-08,1.0
6.01,0.0,0.0,0.0,0.0,1.2128895035217955e-13,5.192355710677871e-14,1.1956232444139895e-10,0.0,2.391246488827979e-08,1.0
6.0200000000000005,0.0,0.0,0.0,0.0,1.4277936762177895e-13,-1.3746576007759036e-15,1.1976994770543412e-10,0.0,2.3953989541086824e-08,1.0
6.03,0.0,0.0,0.0,0.0,2.3910385140061874e-13,-1.2893191412792407e-13,1.2224568102824612e-10,0.0,2.4449136205649223e-08,1.0
6.04,0.0,0.0,0.0,0.0,2.547444913552318e-13,-1.643518305591908e-13,1.1977246837041967e-10,0.0,2.3954493674083933e-08,1.0
6.05,0.0,0.0,0.0,0.0,4.2428721337301604e-13,-1.8172777719014122e-13,1.1662660048241157e-10,0.0,2.3325320096482312e-08,1.0
6.0600000000000005,0.0,0.0,0.0,0.0,1.9782031356987667e-13,3.4395020578006524e-14,1.1277657568586817e-10,0.0,2.2555315137173634e-08,1.0
6.07,0.0,0.0,0.0,0.0,1.5893230693380294e-14,1.193554524848082e-13,1.1041483387038263e-10,0.0,2.2082966774076526e-08,1.0
6.08,0.0,0.0,0.0,0.0,-1.1177554253798391e-13,1.9047714077753988e-13,1.0840007224113537e-10,0.0,2.1680014448227076e-08,1.0
6.09,0.0,0.0,0.0,0.0,-1.1827085705412172e-13,8.183933475164827e-14,1.073399565095935e-10,0.0,2.1467991301918698e-08,1.0
6.1000000000000005,0.0,0.0,0.0,0.0,-6.663246741946658e-14,-1.0186239408183853e-13,1.0834473274134002e-10,0.0,2.1668946548268005e-08,1.0
6.11,0.0,0.0,0.0,0.0,-4.444848679652958e-14,-1.251273483033608e-13,1.0473748809365876e-10,0.0,2.0947497618731752e-08,1.0
6.12,0.0,0.0,0.0,0.0,1.4811551987776637e-13,-2.739982088192761e-13,1.040214969191556e-10,0.0,2.080429938383112e-08,1.0
6.13,0.0,0.0,0.0,0.0,8.916391021745602e-15,-7.980848298786181e-14,1.0078621727861002e-10,0.0,2.0157243455722004e-08,1.0
6.140000000000001,0.0,0.0,0.0,0.0,-2.0429158089131142e-14,-1.2453391956713945e-13,9.714964507636691e-11,0.0,1.942992901527338e-08,1.0
6.15,0.0,0.0,0.0,0.0,-1.0465860553512391e-13,-1.6305755880509903e-15,9.405934073569921e-11,0.0,1.881186814713984e-08,1.0
6.16,0.0,0.0,0.0,0.0,-8.721399856034199e-14,6.180564452049441e-14,9.317197195504602e-11,0.0,1.8634394391009202e-08,1.0
6.17,0.0,0.0,0.0,0.0,-1.8868174898472573e-14,1.582151450263096e-13,9.01351558134774e-11,0.0,1.8027031162695478e-08,1.0
6.18,0.0,0.0,0.0,0.0,1.5137196604813036e-13,-1.3211590612567285e-14,9.034024867058714e-11,0.0,1.8068049734117426e-08,1.0
6.19,0.0,0.0,0.0,0.0,7.21381093796048e-14,5.535486098663925e-15,8.824785251281138e-11,0.0,1.7649570502562274e-08,1.0
6.2,0.0,0.0,0.0,0.0,1.4871619682355266e-13,-2.333442010919806e-13,8.71970506632027e-11,0.0,1.743941013264054e-08,1.0
6.21,0.0,0.0,0.0,0.0,3.40632396142423e-14,-1.7105094745994655e-13,8.329068470890429e-11,0.0,1.6658136941780858e-08,1.0
6.22,0.0,0.0,0.0,0.0,4.990305559907037e-14,-2.2637883387793672e-13,8.125759043921748e-11,0.0,1.6251518087843495e-08,1.0
6.23,0.0,0.0,0.0,0.0,1.3362975435599052e-14,-1.8217412147903754e-14,7.83374931057587e-11,0.0,1.566749862115174e-08,1.0
6.24,0.0,0.0,0.0,0.0,5.081451728782139e-14,-2.0741235084389696e-14,7.570358241756286e-11,0.0,1.5140716483512574e-08,1.0
6.25,0.0,0.0,0.0,0.0,5.4091680846523e-14,2.0172232061000613e-14,7.342375840274019e-11,0.0,1.4684751680548038e-08,1.0
6.26,0.0,0.0,0.0,0.0,1.0883399101511641e-13,5.573561793993097e-14,7.138097049735175e-11,0.0,1.4276194099470349e-08,1.0
6.2700000000000005,0.0,0.0,0.0,0.0,2.578938719002507e-13,-1.0313826009178354e-13,7.358517447237843e-11,0.0,1.4717034894475686e-08,1.0
6.28,0.0,0.0,0.0,0.0,3.1441638519729146e-13,-1.2028152659464967e-13,7.161676009676444e-11,0.0,1.4323352019352888e-08,1.0
6.29,0.0,0.0,0.0,0.0,5.45701742269429e-13,-3.4810780399233044e-13,6.941173293161624e-11,0.0,1.3882346586323246e-08,1.0
6.3,0.0,0.0,0.0,0.0,3.901599622537432e-13,-3.634529044929948e-13,6.813717156086671e-11,0.0,1.3627434312173342e-08,1.0
6.3100000000000005,0.0,0.0,0.0,0.0,3.3985791292782104e-13,-1.448180557508093e-13,6.258497264652021e-11,0.0,1.2516994529304042e-08,1.0
6.32,0.0,0.0,0.0,0.0,1.366701585927165e-13,-1.9767098574590567e-13,5.816169630754914e-11,0.0,1.1632339261509827e-08,1.0
6.33,0.0,0.0,0.0,0.0,1.4513689606620018e-14,2.3680941766050286e-14,5.653071142767925e-11,0.0,1.130614228553585e-08,1.0
6.34,0.0,0.0,0.0,0.0,9.913906544821709e-14,8.449016775459898e-14,5.554601276262318e-11,0.0,1.1109202552524636e-08,1.0
6.3500000000000005,0.0,0.0,0.0,0.0,2.794165296953992e-13,1.1051946456924169e-14,5.30244378448575e-11,0.0,1.06048875689715e-08,1.0
6.36,0.0,0.0,0.0,0.0,4.4466400383813554e-13,1.1037064965135214e-13,4.691402874598422e-11,0.0,9.382805749196845e-09,1.0
6.37,0.0,0.0,0.0,0.0,2.710295930648127e-13,3.1755509725117635e-13,3.9008361822448144e-11,0.0,7.801672364489628e-09,1.0
6.38,0.0,0.0,0.0,0.0,1.8833458883689244e-13,4.763877015836201e-13,3.7853963665867905e-11,0.0,7.570792733173581e-09,1.0
6.390000000000001,0.0,0.0,0.0,0.0,-5.0992832549817535e-14,6.585374730807722e-13,3.5074206565630503e-11,0.0,7.014841313126101e-09,1.0
6.4,0.0,0.0,0.0,0.0,3.697295101543161e-13,4.581684998521992e-13,3.4248554751702666e-11,0.0,6.8497109503405335e-09,1.0
6.41,0.0,0.0,0.0,0.0,3.509729710709534e-13,3.016949346532143e-13,3.345329239401467e-11,0.0,6.690658478802934e-09,1.0
6.42,0.0,0.0,0.0,0.0,3.11840913917124e-13,8.334510061967164e-14,3.2115831478052005e-11,0.0,6.4231662956104006e-09,1.0
6.43,0.0,0.0,0.0,0.0,6.206372663669228e-14,-9.072551438390246e-14,2.975602239304223e-11,0.0,5.951204478608446e-09,1.0
6.44,0.0,0.0,0.0,0.0,-5.974269675710798e-14,-1.3705370078492457e-13,2.839900572395302e-11,0.0,5.679801144790604e-09,1.0
6.45,0.0,0.0,0.0,0.0,-1.5990342046621916e-13,5.6633437692254134e-14,2.4216330574106794e-11,0.0,4.843266114821359e-09,1.0
6.46,0.0,0.0,0.0,0.0,-1.643217366875498e-13,-2.0022855332002193e-14,2.4262968035721245e-11,0.0,4.852593607144249e-09,1.0
6.47,0.0,0.0,0.0,0.0,-2.425974279959431e-13,2.788634113154553e-13,1.9565394361354048e-11,0.0,3.913078872270809e-09,1.0
6.48,0.0,0.0,0.0,0.0,-1.7473413728079567e-13,1.2657551836278803e-13,1.927509489956951e-11,0.0,3.855018979913902e-09,1.0
6.49,0.0,0.0,0.0,0.0,1.4470747086579167e-13,3.1077580531026554e-13,1.8632729036269104e-11,0.0,3.726545807253821e-09,1.0
6.5,0.0,0.0,0.0,0.0,9.250612253675799e-14,1.556376674227105e-13,1.8744174796156293e-11,0.0,3.748834959231258e-09,1.0
6.51,0.0,0.0,0.0,0.0,3.1650934320896517e-13,6.190709015461771e-14,1.751210084286953e-11,0.0,3.502420168573906e-09,1.0
6.5200000000000005,0.0,0.0,0.0,0.0,2.128883390390316e-13,2.438267599880014e-15,1.745837377480517e-11,0.0,3.491674754961034e-09,1.0
6.53,0.0,0.0,0.0,0.0,1.6932400694444329e-13,1.821937057500997e-14,1.8628520317908438e-11,0.0,3.7257040635816875e-09,1.0
6.54,0.0,0.0,0.0,0.0,5.908569371926105e-14,1.7970586807354462e-14,1.9288640648602822e-11,0.0,3.8577281297205646e-09,1.0
6.55,0.0,0.0,0.0,0.0,7.291700783149021e-14,-8.989716838116222e-14,1.8381066039383462e-11,0.0,3.6762132078766924e-09,1.0
6.5600000000000005,0.0,0.0,0.0,0.0,-1.4292770979143419e-13,1.697942812917681e-14,2.0444573257065784e-11,0.0,4.0889146514131565e-09,1.0
6.57,0.0,0.0,0.0,0.0,1.06768320167586e-13,-8.49292484165616e-15,1.9488549004123913e-11,0.0,3.897709800824782e-09,1.0
6.58,0.0,0.0,0.0,0.0,-7.772010463854565e-14,-1.0826517093878492e-14,2.046353342542025e-11,0.0,4.09270668508405e-09,1.0
6.59,0.0,0.0,0.0,0.0,-9.180739030658522e-14,1.9467460645192388e-13,2.3152292309834742e-11,0.0,4.630458461966948e-09,1.0
6.6000000000000005,0.0,0.0,0.0,0.0,-2.0429331653364304e-13,7.650229800935824e-14,2.593447917847631e-11,0.0,5.1868958356952615e-09,1.0
6.61,0.0,0.0,0.0,0.0,-3.5745889488917537e-13,1.0216540189315565e-13,2.6582119114213912e-11,0.0,5.3164238228427826e-09,1.0
6.62,0.0,0.0,0.0,0.0,-3.5709343729772754e-13,7.949429871220922e-14,2.5378842408171146e-11,0.0,5.075768481634229e-09,1.0
6.63,0.0,0.0,0.0,0.0,-8.460854735393668e-14,-2.126602768288115e-14,2.338978066061567e-11,0.0,4.6779561321231346e-09,1.0
6.640000000000001,0.0,0.0,0.0,0.0,-1.521423873641582e-13,4.4771848381860024e-13,2.7767400896209232e-11,0.0,5.5534801792418465e-09,1.0
6.65,0.0,0.0,0.0,0.0,-5.4087903441095354e-15,4.0584577080434e-13,2.971604729389012e-11,0.0,5.943209458778024e-09,1.0
6.66,0.0,0.0,0.0,0.0,-7.73601566262274e-13,3.2880633344697857e-13,4.438967626548007e-11,0.0,8.877935253096015e-09,1.0
6.67,0.0,0.0,0.0,0.0,-8.18793403631463e-13,1.893620127808445e-15,4.626412849955171e-11,0.0,9.252825699910343e-09,1.0
6.68,0.0,0.0,0.0,0.0,-1.5514895157119187e-12,3.4290864181384446e-13,4.788866347350149e-11,0.0,9.577732694700297e-09,1.0
6.69,0.0,0.0,0.0,0.0,-1.3296781144487076e-12,-6.53838704095329e-14,5.173723168070721e-11,0.0,1.0347446336141442e-08,1.0
6.7,0.0,0.0,0.0,0.0,-1.066308657620576e-12,4.3952775753568284e-13,5.1247184151752875e-11,0.0,1.0249436830350575e-08,1.0
6.71,0.0,0.0,0.0,0.0,-9.590508373472597e-13,1.4835600786034557e-13,4.529040969235601e-11,0.0,9.058081938471201e-09,1.0
6.72,0.0,0.0,0.0,0.0,-6.550678804109118e-13,1.5082022254478106e-13,4.468453449008713e-11,0.0,8.936906898017426e-09,1.0
6.73,0.0,0.0,0.0,0.0,-1.865215517081596e-13,4.572051380543203e-14,4.299423277544958e-11,0.0,8.598846555089917e-09,1.0
6.74,0.0,0.0,0.0,0.0,-5.6501658453012807e-14,2.355112453911512e-13,3.832388688263e-11,0.0,7.664777376525999e-09,1.0
6.75,0.0,0.0,0.0,0.0,-1.1919552949224128e-13,-1.6741511230175932e-13,3.789455952063022e-11,0.0,7.578911904126043e-09,1.0
6.76,0.0,0.0,0.0,0.0,-1.5488345847039376e-13,-3.0691054317871507e-13,4.201862297767415e-11,0.0,8.40372459553483e-09,1.0
6.7700000000000005,0.0,0.0,0.0,0.0,-6.972870030577083e-13,-1.0640114976657531e-12,5.048177466161251e-11,0.0,1.0096354932322502e-08,1.0
6.78,0.0,0.0,0.0,0.0,-7.641355613045845e-13,-6.830831274241154e-13,4.1022880808536536e-11,0.0,8.204576161707307e-09,1.0
6.79,0.0,0.0,0.0,0.0,-9.954176931126374e-13,-1.1371286365651935e-12,3.705209189913238e-11,0.0,7.410418379826475e-09,1.0
6.8,0.0,0.0,0.0,0.0,1.3817802009686197e-13,-1.1943349395771404e-12,2.940708105540614e-11,0.0,5.881416211081228e-09,1.0
6.8100000000000005,0.0,0.0,0.0,0.0,8.098447380085128e-13,-1.0998549051478301e-12,1.437072026921788e-11,0.0,2.8741440538435756e-09,1.0
6.82,0.0,0.0,0.0,0.0,1.4258700092895041e-12,-1.2781939262234248e-12,1.548408360520423e-11,0.0,3.096816721040846e-09,1.0
6.83,0.0,0.0,0.0,0.0,2.450042863521362e-12,-1.366957741041609e-12,2.9114867151103566e-11,0.0,5.822973430220713e-09,1.0
6.84,0.0,0.0,0.0,0.0,1.3689814574255286e-12,-7.227376561139907e-13,9.486695824371098e-12,0.0,1.8973391648742196e-09,1.0
6.8500000000000005,0.0,0.0,0.0,0.0,2.0688007930948286e-12,-2.4361441549522533e-12,3.66241536622689e-11,0.0,7.32483073245378e-09,1.0
6.86,0.0,0.0,0.0,0.0,-4.214755334524574e-12,1.5599557182509689e-12,1.0950421653324134e-10,0.0,2.1900843306648266e-08,1.0
6.87,0.0,0.0,0.0,0.0,-3.9494547099951644e-12,-1.1190963369690695e-13,1.3807226036184544e-10,0.0,2.7614452072369086e-08,1.0
6.88,0.0,0.0,0.0,0.0,-1.1113966923022887e-11,4.571657349502954e-12,1.40100156703447e-10,0.0,2.8020031340689402e-08,1.0
6.890000000000001,0.0,0.0,0.0,0.0,-8.42946330212947e-12,4.804392538496859e-12,1.1406538598766301e-10,0.0,2.28130771975326e-08,1.0
6.9,0.0,0.0,0.0,0.0,-5.588203626581021e-12,3.031129095793188e-12,1.0001063011191481e-10,0.0,2.000212602238296e-08,1.0
6.91,0.0,0.0,0.0,0.0,-2.2111521018141056e-12,1.056488010721345e-12,8.640796538548373e-11,0.0,1.7281593077096745e-08,1.0
6.92,0.0,0.0,0.0,0.0,-1.1278931960582899e-12,2.805612352643077e-13,7.952936460132894e-11,0.0,1.5905872920265787e-08,1.0
6.93,0.0,0.0,0.0,0.0,-6.881537720041651e-13,-5.858404121151873e-13,7.725802603135874e-11,0.0,1.5451605206271748e-08,1.0
6.94,0.0,0.0,0.0,0.0,-4.0087875817058605e-13,-5.24375271482317e-13,6.746134171456425e-11,0.0,1.3492268342912849e-08,1.0
6.95,0.0,0.0,0.0,0.0,-2.925104905458832e-13,-3.097388403912095e-13,5.398970817791949e-11,0.0,1.0797941635583899e-08,1.0
6.96,0.0,0.0,0.0,0.0,6.619643161864924e-13,-3.5655019099120346e-13,3.5607636965887705e-11,0.0,7.121527393177541e-09,1.0
6.97,0.0,0.0,0.0,0.0,1.2315074836107388e-12,-9.068419589303325e-13,1.928197462761312e-11,0.0,3.856394925522624e-09,1.0
6.98,0.0,0.0,0.0,0.0,2.355611031173247e-12,-3.9629719801672587e-13,1.6918978843430133e-11,0.0,3.3837957686860263e-09,1.0
6.99,0.0,0.0,0.0,0.0,1.9055815129472625e-12,-7.444064114272938e-13,2.2924011173767772e-11,0.0,4.584802234753554e-09,1.0
7.0,0.0,0.0,0.0,0.0,1.1566708452164198e-12,-5.937524030590968e-13,1.6692823874240298e-11,0.0,3.3385647748480593e-09,1.0
7.01,0.0,0.0,0.0,0.0,-2.1856681279398963e-14,-1.436722665375493e-13,1.7817853093047128e-11,0.0,3.5635706186094256e-09,1.0
7.0200000000000005,0.0,0.0,0.0,0.0,-7.855793574522068e-13,-6.800885102219532e-13,1.2692779322787183e-11,0.0,2.5385558645574365e-09,1.0
7.03,0.0,0.0,0.0,0.0,-7.546734548913957e-13,-1.7076810347744902e-13,2.4536968761400762e-11,0.0,4.907393752280153e-09,1.0
7.04,0.0,0.0,0.0,0.0,1.824307688092084e-13,5.0750236615617e-13,3.086198107044546e-11,0.0,6.1723962140890914e-09,1.0
7.05,0.0,0.0,0.0,0.0,4.226804796318526e-13,1.1769747442495923e-12,3.023628128022175e-11,0.0,6.0472562560443495e-09,1.0
7.0600000000000005,0.0,0.0,0.0,0.0,-1.888069966367571e-13,1.3004436367752647e-12,3.209448292270922e-11,0.0,6.4188965845418435e-09,1.0
7.07,0.0,0.0,0.0,0.0,2.720442903049179e-13,4.724439025281742e-13,2.8220476839893578e-11,0.0,5.644095367978716e-09,1.0
7.08,0.0,0.0,0.0,0.0,1.4341028961426674e-13,-3.427008183120741e-13,1.98156994827969e-11,0.0,3.96313989655938e-09,1.0
7.09,0.0,0.0,0.0,0.0,3.676055555723382e-13,-9.491530092799036e-13,2.0328454654756548e-11,0.0,4.065690930951309e-09,1.0
7.1000000000000005,0.0,0.0,0.0,0.0,5.838053094308362e-13,-2.241792896137885e-12,1.9903033039954274e-11,0.0,3.980606607990855e-09,1.0
7.11,0.0,0.0,0.0,0.0,-8.788915822450028e-15,-1.1791539730865371e-12,1.602635006400455e-11,0.0,3.2052700128009095e-09,1.0
7.12,0.0,0.0,0.0,0.0,-1.9445657465119085e-13,-4.884591422569843e-13,1.9642852523876786e-11,0.0,3.928570504775357e-09,1.0
7.13,0.0,0.0,0.0,0.0,-7.65955919561199e-13,1.55694953967123e-13,1.797129828255458e-11,0.0,3.594259656510916e-09,1.0
7.140000000000001,0.0,0.0,0.0,0.0,-4.93034789269193e-13,3.5832269049400857e-13,1.9799799632482752e-11,0.0,3.9599599264965505e-09,1.0
7.15,0.0,0.0,0.0,0.0,-3.914250153723657e-13,3.467255571737258e-14,1.9305388919407728e-11,0.0,3.861077783881545e-09,1.0
7.16,0.0,0.0,0.0,0.0,-1.5677868147510333e-13,5.851504864513105e-14,2.0650904448940903e-11,0.0,4.130180889788181e-09,1.0
7.17,0.0,0.0,0.0,0.0,-1.6473000178109874e-14,-2.168501517215638e-13,1.983258364933316e-11,0.0,3.966516729866632e-09,1.0
7.18,0.0,0.0,0.0,0.0,-2.1691237202036844e-14,-1.7684723851315672e-13,1.880295047602487e-11,0.0,3.760590095204974e-09,1.0
7.19,0.0,0.0,0.0,0.0,1.1312645522182798e-14,-2.1655630131348031e-13,2.175346461141385e-11,0.0,4.35069292228277e-09,1.0
7.2,0.0,0.0,0.0,0.0,2.5750798678845138e-14,-1.6304683984698836e-13,2.3967365512747933e-11,0.0,4.793473102549586e-09,1.0
7.21,0.0,0.0,0.0,0.0,3.465626766401382e-13,-2.768481269872366e-13,2.4705877364168532e-11,0.0,4.941175472833706e-09,1.0
7.22,0.0,0.0,0.0,0.0,5.42234505714655e-13,-2.605675276909157e-13,2.659704045797136e-11,0.0,5.3194080915942714e-09,1.0
7.23,0.0,0.0,0.0,0.0,5.841998770331233e-13,-5.612147315331495e-13,2.6783417181022533e-11,0.0,5.356683436204506e-09,1.0
7.24,0.0,0.0,0.0,0.0,4.460106846217358e-13,-2.1223202366938878e-13,2.5153628712844877e-11,0.0,5.030725742568975e-09,1.0
7.25,0.0,0.0,0.0,0.0,5.558959849180424e-13,-5.566752700116494e-13,2.7624343507438338e-11,0.0,5.524868701487667e-09,1.0
7.26,0.0,0.0,0.0,0.0,3.867314253277589e-13,-2.8940258944097253e-13,2.8388280448481473e-11,0.0,5.677656089696294e-09,1.0
7.2700000000000005,0.0,0.0,0.0,0.0,6.431476866378472e-13,-4.529811636608294e-13,2.91091823733018e-11,0.0,5.82183647466036e-09,1.0
7.28,0.0,0.0,0.0,0.0,6.201695915520094e-13,-3.5384516401017597e-13,2.9515619822939984e-11,0.0,5.903123964587997e-09,1.0
7.29,0.0,0.0,0.0,0.0,3.684585834778586e-13,-3.1665417772499734e-13,2.463624088306276e-11,0.0,4.9272481766125515e-09,1.0
7.3,0.0,0.0,0.0,0.0,2.8686494503457865e-13,-2.435471873061988e-13,2.276180632591897e-11,0.0,4.552361265183794e-09,1.0
7.3100000000000005,0.0,0.0,0.0,0.0,-1.8731191551212721e-13,-1.7632423104949897e-13,1.959167995453154e-11,0.0,3.9183359909063075e-09,1.0
7.32,0.0,0.0,0.0,0.0,-1.511962163586325e-13,-1.9942994199914708e-13,1.887087616148269e-11,0.0,3.774175232296538e-09,1.0
7.33,0.0,0.0,0.0,0.0,-2.9902695931705535e-13,-3.4555163290125173e-13,1.5725553506868338e-11,0.0,3.1451107013736677e-09,1.0
7.34,0.0,0.0,0.0,0.0,-6.067478516017989e-13,2.91837737874036e-13,1.8454783029541166e-11,0.0,3.690956605908233e-09,1.0
7.3500000000000005,0.0,0.0,0.0,0.0,-5.752304756494033e-13,-5.74045100846473e-14,1.03563637335175e-11,0.0,2.0712727467035e-09,1.0
7.36,0.0,0.0,0.0,0.0,-7.716042114810473e-13,3.112439697711412e-13,1.4063532284729052e-11,0.0,2.8127064569458104e-09,1.0
7.37,0.0,0.0,0.0,0.0,8.478123807467358e-14,-2.520786561248557e-13,2.1765248169962613e-11,0.0,4.353049633992523e-09,1.0
7.38,0.0,0.0,0.0,0.0,4.941013782994934e-13,4.686327273652523e-13,3.644622438374366e-11,0.0,7.289244876748732e-09,1.0
7.390000000000001,0.0,0.0,0.0,0.0,8.342551889542713e-13,3.345106789982272e-13,2.2844616427044103e-11,0.0,4.568923285408821e-09,1.0
7.4,0.0,0.0,0.0,0.0,8.99573111395861e-13,8.334471086428499e-13,1.8007521272981924e-11,0.0,3.6015042545963847e-09,1.0
7.41,0.0,0.0,0.0,0.0,-7.160326192572e-14,-3.835275498865879e-13,1.3824119158903071e-11,0.0,2.764823831780614e-09,1.0
7.42,0.0,0.0,0.0,0.0,7.083265501377476e-14,-1.0083634010480676e-12,1.0832907231123617e-11,0.0,2.166581446224723e-09,1.0
7.43,0.0,0.0,0.0,0.0,-6.859676375504085e-13,-5.547717897270405e-13,1.131632794661824e-11,0.0,2.2632655893236477e-09,1.0
7.44,0.0,0.0,0.0,0.0,1.712384239211684e-13,-1.6051512665403086e-12,6.8603515572385425e-12,0.0,1.3720703114477085e-09,1.0
7.45,0.0,0.0,0.0,0.0,-6.836273769147097e-13,-4.142177092215954e-13,9.587900084188325e-12,0.0,1.917580016837665e-09,1.0
7.46,0.0,0.0,0.0,0.0,-8.195995949166076e-13,-9.09062128395646e-13,1.0197872140468093e-11,0.0,2.0395744280936187e-09,1.0
7.47,0.0,0.0,0.0,0.0,-5.028853062513336e-13,-6.587094372493396e-13,1.1392710662159301e-11,0.0,2.27854213243186e-09,1.0
7.48,0.0,0.0,0.0,0.0,-3.459287646179768e-14,-9.634038385312417e-13,6.91110402041045e-12,0.0,1.38222080408209e-09,1.0
7.49,0.0,0.0,0.0,0.0,1.0095669923039277e-12,-4.4208725266084607e-13,2.1065506685497936e-11,0.0,4.213101337099587e-09,1.0
7.5,0.0,0.0,0.0,0.0,1.2996401069873222e-12,-1.368946039296732e-12,1.7575696258457306e-11,0.0,3.515139251691461e-09,1.0
7.51,0.0,0.0,0.0,0.0,1.839936282822799e-12,-1.8091787110739182e-12,2.5424806568453203e-11,0.0,5.0849613136906405e-09,1.0
7.5200000000000005,0.0,0.0,0.0,0.0,1.4126240779456306e-12,-1.0766956022169484e-12,2.7038323542050857e-11,0.0,5.407664708410171e-09,1.0
7.53,0.0,0.0,0.0,0.0,1.5673926507231032e-12,-1.3842859303582171e-12,2.764449332038528e-11,0.0,5.528898664077056e-09,1.0
7.54,0.0,0.0,0.0,0.0,1.3641924748010718e-12,-1.3919971191428145e-12,2.978442088646206e-11,0.0,5.956884177292412e-09,1.0
7.55,0.0,0.0,0.0,0.0,1.6159070016222082e-12,-9.800131174273913e-13,3.661866396245152e-11,0.0,7.323732792490304e-09,1.0
7.5600000000000005,0.0,0.0,0.0,0.0,1.473716680629592e-12,-2.2685116855376458e-13,2.5223210429638117e-11,0.0,5.044642085927624e-09,1.0
7.57,0.0,0.0,0.0,0.0,1.4844526754661425e-12,-2.1666250338433217e-13,1.9872442535908902e-11,0.0,3.9744885071817805e-09,1.0
7.58,0.0,0.0,0.0,0.0,2.67936939224702e-13,5.546781921414267e-13,1.2450532925398012e-11,0.0,2.4901065850796023e-09,1.0
7.59,0.0,0.0,0.0,0.0,7.712373650563108e-14,-8.683756070217821e-14,8.562030560705199e-12,0.0,1.7124061121410397e-09,1.0
7.6000000000000005,0.0,0.0,0.0,0.0,-4.3569319184084413e-13,4.2877745958035684e-14,5.39310614370502e-12,0.0,1.0786212287410039e-09,1.0
7.61,0.0,0.0,0.0,0.0,-2.792869693916684e-13,-5.570549723882679e-13,1.6838100958636057e-11,0.0,3.3676201917272112e-09,1.0
7.62,0.0,0.0,0.0,0.0,-4.515011274802789e-13,-2.017792888202202e-13,1.5360042752153406e-11,0.0,3.072008550430681e-09,1.0
7.63,0.0,0.0,0.0,0.0,-9.347179434539573e-13,2.8162109549158656e-13,1.8384197066957018e-11,0.0,3.6768394133914037e-09,1.0
7.640000000000001,0.0,0.0,0.0,0.0,-7.080211592513385e-13,-2.3110947524997577e-13,1.9360817174911924e-11,0.0,3.8721634349823845e-09,1.0
7.65,0.0,0.0,0.0,0.0,-4.1654692167785325e-13,-7.659577091278217e-13,9.140526143807668e-12,0.0,1.8281052287615337e-09,1.0
7.66,0.0,0.0,0.0,0.0,3.635942843767629e-13,-6.643227461849066e-14,1.6072074355801447e-11,0.0,3.2144148711602894e-09,1.0
7.67,0.0,0.0,0.0,0.0,1.046901528936709e-12,-7.399525908930273e-13,1.4507702936613745e-11,0.0,2.9015405873227487e-09,1.0
7.68,0.0,0.0,0.0,0.0,1.279498033403225e-12,1.2172793971771787e-13,1.4364885304305432e-11,0.0,2.872977060861086e-09,1.0
7.69,0.0,0.0,0.0,0.0,1.0666409362846202e-12,-2.4958169738157634e-13,1.4278578543398784e-11,0.0,2.8557157086797567e-09,1.0
7.7,0.0,0.0,0.0,0.0,6.506345763390734e-13,-2.728764434437398e-13,1.5721661766248622e-11,0.0,3.144332353249724e-09,1.0
7.71,0.0,0.0,0.0,0.0,3.4347703292566014e-13,-1.8243379620730493e-13,2.0010272927937647e-11,0.0,4.002054585587529e-09,1.0
7.72,0.0,0.0,0.0,0.0,4.196413215299496e-13,1.3275876302032586e-13,2.5158449205246655e-11,0.0,5.0316898410493304e-09,1.0
7.73,0.0,0.0,0.0,0.0,2.6976211784754324e-13,5.384854466946053e-13,3.0755553856184225e-11,0.0,6.1511107712368445e-09,1.0
7.74,0.0,0.0,0.0,0.0,1.509447746936175e-13,7.07269342831849e-13,3.1035839073093594e-11,0.0,6.207167814618719e-09,1.0
7.75,0.0,0.0,0.0,0.0,1.6701766782890957e-13,6.765674814885517e-13,2.524363206976732e-11,0.0,5.048726413953464e-09,1.0
7.76,0.0,0.0,0.0,0.0,-1.7233603151230603e-13,4.807899524974393e-13,3.345161492533528e-11,0.0,6.690322985067056e-09,1.0
7.7700000000000005,0.0,0.0,0.0,0.0,-1.2868790990176202e-13,2.520456295628181e-14,3.6717614113708974e-11,0.0,7.343522822741794e-09,1.0
7.78,0.0,0.0,0.0,0.0,-4.721603581133098e-13,3.902675786348007e-13,3.4491569622678284e-11,0.0,6.898313924535657e-09,1.0
7.79,0.0,0.0,0.0,0.0,-4.041560133736904e-13,3.2154278027161164e-13,3.340974262083495e-11,0.0,6.68194852416699e-09,1.0
7.8,0.0,0.0,0.0,0.0,-5.215326170782102e-14,-9.378412666741258e-14,2.9565497496438674e-11,0.0,5.913099499287735e-09,1.0
7.8100000000000005,0.0,0.0,0.0,0.0,-9.578206888266695e-14,-9.075888264265499e-14,3.405017528113357e-11,0.0,6.810035056226714e-09,1.0
7.82,0.0,0.0,0.0,0.0,-2.8282126652545847e-13,-4.4337893715963574e-13,3.8254437902043766e-11,0.0,7.650887580408752e-09,1.0
7.83,0.0,0.0,0.0,0.0,-4.2797900472209935e-13,-9.997345427520907e-14,3.7037684734247856e-11,0.0,7.407536946849571e-09,1.0
7.84,0.0,0.0,0.0,0.0,-6.399139706028086e-13,-1.5566508704274777e-13,3.552679693064136e-11,0.0,7.105359386128272e-09,1.0
7.8500000000000005,0.0,0.0,0.0,0.0,-2.937826601946179e-13,-1.0061807486643558e-13,3.417331162787321e-11,0.0,6.8346623255746415e-09,1.0
7.86,0.0,0.0,0.0,0.0,-1.643732165143503e-13,-3.159358196067999e-13,3.1454982028051244e-11,0.0,6.290996405610249e-09,1.0
7.87,0.0,0.0,0.0,0.0,-3.213240054397415e-14,-2.3222057800788526e-13,3.0707434076829946e-11,0.0,6.141486815365989e-09,1.0
7.88,0.0,0.0,0.0,0.0,5.15616535818512e-14,-1.594662993011014e-13,3.1346838313543746e-11,0.0,6.269367662708749e-09,1.0
7.890000000000001,0.0,0.0,0.0,0.0,-7.334289001614676e-14,-1.5007403831696338e-13,3.236648740913471e-11,0.0,6.473297481826942e-09,1.0
7.9,0.0,0.0,0.0,0.0,-2.662923065551823e-13,-2.562643272357317e-13,3.1861728651794014e-11,0.0,6.3723457303588024e-09,1.0
7.91,0.0,0.0,0.0,0.0,-9.234823203972085e-14,3.628485224457559e-14,2.8134650757291528e-11,0.0,5.626930151458305e-09,1.0
7.92,0.0,0.0,0.0,0.0,-2.472291039198e-13,-2.0695095127959912e-13,2.950081921000691e-11,0.0,5.900163842001382e-09,1.0
7.930000000000001,0.0,0.0,0.0,0.0,3.4404876039636717e-14,-7.632566703558168e-14,2.8986592093677948e-11,0.0,5.797318418735589e-09,1.0
7.94,0.0,0.0,0.0,0.0,-1.1381179352511764e-13,-4.0203347202002165e-14,2.679249755498619e-11,0.0,5.358499510997238e-09,1.0
7.95,0.0,0.0,0.0,0.0,1.1069508835958981e-13,6.777641493057434e-14,2.1761913386659393e-11,0.0,4.352382677331878e-09,1.0
7.96,0.0,0.0,0.0,0.0,1.2566539158169592e-13,5.413947307556126e-14,2.1921452971904645e-11,0.0,4.384290594380929e-09,1.0
7.97,0.0,0.0,0.0,0.0,4.5138026968712853e-13,4.504491952057931e-14,1.75927526098288e-11,0.0,3.51855052196576e-09,1.0
7.98,0.0,0.0,0.0,0.0,2.8723957192486747e-13,3.0273087613238185e-13,1.7152508771844524e-11,0.0,3.4305017543689048e-09,1.0
7.99,0.0,0.0,0.0,0.0,3.0620860548025984e-13,7.497364757878068e-14,1.6511387256771818e-11,0.0,3.3022774513543634e-09,1.0
8.0,0.0,0.0,0.0,0.0,8.6003170994945e-14,-3.8383875169606015e-14,1.5648027460589278e-11,0.0,3.1296054921178556e-09,1.0
8.01,0.0,0.0,0.0,0.0,4.5917242929340365e-14,-9.602159298765127e-05,0.0027623174974969323,0.0,0.5524634994993864,1.0
8.02,0.0,0.0,0.0,0.0,-9.323307337162092e-14,-0.00018860079502652023,0.005353292115812997,0.0,1.0706584231625995,1.0
8.03,0.0,0.0,0.0,0.0,-7.46182742253567e-14,-0.000436705770014763,0.007612474363570455,0.0,1.522494872714091,1.0
8.040000000000001,0.0,0.0,0.0,0.0,-3.979328780795908e-14,-0.0005829277517227895,0.009559825955213567,0.0,1.9119651910427133,1.0
8.05,1.0,0.0,0.0,0.0,-7.999375219784601e-15,-0.0006585862516598822,0.011221038863174724,1.0,2.2442077726349448,1.0
8.06,1.0,0.1,1.018205352344747e-15,4.195751e-05,-1.1326684416288938e-14,-0.000695300432515417,0.012613272424890859,1.0,2.5226544849781716,1.0
8.07,1.0,0.2,-4.684290875599175e-15,8.391502e-05,2.605441247182193e-14,-0.00070285055430071,0.013581247794837822,1.0,2.716249558967564,1.0
8.08,1.0,0.30000000000000004,-6.583878888811716e-15,0.00012587253000000001,2.441338519022964e-14,-0.0007426452710498518,0.014120053464100035,1.0,2.824010692820007,1.0
8.09,1.0,0.4,-1.3389969328550714e-14,0.00016783004,3.723805727867835e-14,-0.0007507210685731301,0.014275062699795844,1.0,2.855012539959169,1.0
8.1,1.0,0.5,-2.902506560206739e-14,0.00020978755,6.457592419439357e-14,-0.000740661808119893,0.014091342232170855,1.0,2.818268446434171,1.0
8.11,1.0,0.6,-8.205076333328367e-15,0.00025174506,1.5212437259529838e-14,-0.0007233304411050181,0.01360929235023836,1.0,2.721858470047672,1.0
8.120000000000001,1.0,0.7,-1.826953028598976e-14,0.00029370256999999996,2.903332438318465e-14,-0.0007037373222112508,0.012866336144516382,1.0,2.5732672289032763,1.0
8.13,1.0,0.7999999999999999,-2.2942341237838703e-14,0.0003295328,3.190179888239116e-14,-0.0006842991930936657,0.01189775878904787,1.0,2.379551757809574,1.0
8.14,1.0,0.8999999999999999,-8.494696219919543e-14,0.0003295328,1.0499600331515872e-13,-0.0006671889914635198,0.010761593010062537,1.0,2.1523186020125076,1.0
8.15,1.0,0.9999999999999999,-1.1309052106400152e-13,0.0003295328,1.2580376243513575e-13,-0.0006506747907517888,0.009637436132994118,1.0,1.9274872265988237,1.0
8.16,1.0,1.0,-2.4126887257793666e-13,0.0003295328,2.683914765200375e-13,-0.000600577839842714,0.008568106388272715,1.0,1.713621277654543,1.0
8.17,1.0,1.0,-7.914708128337346e-14,0.0003295328,8.804451971330921e-14,-0.0005752332312490388,0.007552370541593689,1.0,1.5104741083187379,1.0
8.18,1.0,1.0,-9.141295561121653e-14,0.0003295328,1.0168928079037519e-13,-0.0005650349474557672,0.006588042103127249,1.0,1.3176084206254497,1.0
8.19,1.0,1.0,2.357401784417215e-13,0.0003295328,-2.622412658998626e-13,-0.0005620906647617672,0.005674968810936997,1.0,1.1349937621873993,1.0
8.2,1.0,1.0,5.092913309431188e-14,0.0003295328,-5.665440834955788e-14,-0.0005628768714986754,0.004813144288434743,1.0,0.9626288576869486,1.0
8.21,1.0,1.0,2.3675617572903057e-13,0.0003295328,-2.633714780534969e-13,-0.000565618861864583,0.0040018494386036205,1.0,0.800369887720724,1.0
8.22,1.0,1.0,-8.685474956827134e-14,0.0003295328,9.661865714515786e-14,-0.0005692468490872996,0.0032396858226119325,1.0,0.6479371645223865,1.0
8.23,1.0,1.0,3.060365279775887e-14,0.0003295328,-3.4044008551678385e-14,-0.0005731004131279242,0.002524796759944801,1.0,0.5049593519889601,1.0
8.24,1.0,1.0,-9.440265799286286e-14,0.0003295328,1.0501507507121981e-13,-0.0005768124027988976,0.0018550766195958059,1.0,0.37101532391916114,1.0
8.25,1.0,1.0,6.748554883263331e-14,0.0003295328,-7.507203851630169e-14,-0.0005801882865386505,0.001228259042792286,1.0,0.2456518085584572,1.0
8.26,1.0,1.0,-1.5982111225909022e-13,0.0003295328,1.7778764346998686e-13,-0.00048712889015846883,0.002119586617780233,1.0,0.42391732355604655,1.0
8.27,1.0,1.0,-9.584891145180704e-15,0.0003295328,1.0662391129248921e-14,-0.00039708684984853974,0.005257465223549123,1.0,1.0514930447098245,1.0
8.28,1.0,1.0,-2.39786958798591e-13,0.00028757529,2.667429711697027e-13,-0.0001511167741884221,0.00802724625726229,1.0,1.6054492514524579,1.0
8.290000000000001,1.0,1.0,4.2600131687301537e-14,0.00024561778000000003,-4.738908969622491e-14,-1.2878918639548404e-05,0.010280578662401153,1.0,2.056115732480231,1.0
8.3,1.0,1.0,-2.057075459305173e-13,0.00020366027000000004,2.288324697408719e-13,0.00010112892163648975,0.01202385554215158,1.0,2.404771108430316,1.0
8.31,1.0,1.0,2.414184310399764e-13,0.00016170276000000006,-2.685578478219963e-13,0.0001524610009896367,0.01330351706916428,1.0,2.660703413832856,1.0
8.32,1.0,1.0,-1.180486031656724e-13,0.00011974525000000006,1.3131921480889837e-13,0.0001666515029715984,0.014162997596275062,1.0,2.8325995192550124,1.0
8.33,1.0,1.0,4.900575360630128e-13,7.778774000000006e-05,-5.451480925755829e-13,0.0001612280277771358,0.01464236317829476,1.0,2.928472635658952,1.0
8.34,1.0,1.0,-1.7849886715723844e-13,3.583023000000006e-05,1.9856508633541095e-13,0.00014575939700045746,0.014780435090621505,1.0,2.956087018124301,1.0
8.35,1.0,1.0,5.982598637103049e-13,-6.1272799999999425e-06,-6.655141479637711e-13,0.00012585190174300664,0.01461517003766866,1.0,2.9230340075337318,1.0
8.36,1.0,1.0,-5.521360691109239e-13,-4.808478999999994e-05,6.142052774784748e-13,0.00010489035552788156,0.014183143505024262,1.0,2.8366287010048525,1.0
8.370000000000001,1.0,1.0,6.695742718239284e-13,-7.624331650216391e-05,-7.448454727478462e-13,8.481432383777633e-05,0.013519062446702068,1.0,2.7038124893404136,1.0
8.38,1.0,1.0,-9.933074753312916e-13,-6.172643475360134e-05,1.1049716322458392e-12,6.866550494815804e-05,0.012711535396034118,1.0,2.5423070792068234,1.0
8.39,1.0,1.0,1.0429907840680876e-12,-4.133863101864332e-05,-1.1602401650150723e-12,4.598577552861373e-05,0.011971355590765606,1.0,2.3942711181531213,1.0
8.4,1.0,1.0,-1.2315379453494463e-12,6.188789813566805e-07,1.3699831396029726e-12,-1.2394231712440498e-05,0.011363188554968087,1.0,2.2726377109936173,1.0
8.41,1.0,1.0,1.699183248308191e-12,3.836104589042014e-05,-1.890199494111007e-12,-4.2673460680498485e-05,0.010966753164389987,1.0,2.1933506328779973,1.0
8.42,1.0,1.0,-1.555850583314259e-12,6.766394791686518e-05,1.7307538715562507e-12,-7.52704926024638e-05,0.010761346993452992,1.0,2.1522693986905983,1.0
8.43,1.0,1.0,2.333259968725961e-12,7.324627757407972e-05,-2.5955569047108147e-12,-8.148036826156869e-05,0.010685240608590933,1.0,2.1370481217181867,1.0
8.44,1.0,1.0,-2.3723933769433127e-12,6.459505080672425e-05,2.639089553993302e-12,-7.185660079836158e-05,0.010617087603142065,1.0,2.1234175206284127,1.0
8.45,0.0,1.0,2.963230389999613e-12,3.516544073795518e-05,-3.2963464003593604e-12,-3.911861675852485e-05,0.010474094678289182,0.0,2.094818935657836,1.0
8.46,0.0,0.9,0.0,0.0,4.10463977036732e-12,-8.80830232205128e-06,0.010167757076233339,0.0,2.033551415246668,1.0
8.47,0.0,0.8,0.0,0.0,-3.979896822797158e-12,2.6055947071544242e-05,0.009675808847787654,0.0,1.9351617695575307,1.0
8.48,0.0,0.7000000000000001,0.0,0.0,1.1614799596882822e-12,5.104624875576659e-05,0.009160912729301973,0.0,1.8321825458603946,1.0
8.49,0.0,0.6000000000000001,0.0,0.0,8.901004825174216e-13,2.2356154092230628e-05,0.008664997939768292,0.0,1.7329995879536584,1.0
8.5,0.0,0.5000000000000001,0.0,0.0,4.245930091456863e-13,6.310328229621433e-06,0.00818594642503487,0.0,1.6371892850069738,1.0
8.51,0.0,0.40000000000000013,0.0,0.0,3.5127922594308637e-13,-1.0416479595083946e-06,0.007720343486343401,0.0,1.5440686972686801,1.0
8.52,0.0,0.30000000000000016,0.0,0.0,4.864513361674242e-14,-4.677281133491916e-06,0.00726745921990179,0.0,1.453491843980358,1.0
8.53,0.0,0.20000000000000015,0.0,0.0,-2.5815797632676057e-13,-6.438882536593869e-06,0.006827554428776143,0.0,1.3655108857552285,1.0
8.540000000000001,0.0,0.10000000000000014,0.0,0.0,-4.39483782596485e-13,-7.075601428756822e-06,0.006400855455012556,0.0,1.2801710910025113,1.0
8.55,0.0,1.3877787807814457e-16,0.0,0.0,-3.810044856804312e-13,-7.036962609769793e-06,0.005987385578418634,0.0,1.1974771156837267,1.0
8.56,0.0,0.0,0.0,0.0,-2.554710058574935e-13,-6.628585166748822e-06,0.00558698847060244,0.0,1.117397694120488,1.0
8.57,0.0,0.0,0.0,0.0,4.060863461102869e-13,-6.049901984058782e-06,0.005199410922610503,0.0,1.0398821845221007,1.0
8.58,0.0,0.0,0.0,0.0,1.8531940788395247e-13,-5.4234441571251606e-06,0.004824332026633696,0.0,0.9648664053267392,1.0
8.59,0.0,0.0,0.0,0.0,2.2315088315317655e-13,-4.815595427346924e-06,0.004461400431760023,0.0,0.8922800863520045,1.0
8.6,0.0,0.0,0.0,0.0,3.446348605548853e-13,-4.261492843800705e-06,0.004110247360783897,0.0,0.8220494721567794,1.0
8.61,0.0,0.0,0.0,0.0,1.1162375847098765e-14,-3.7758441814360996e-06,0.0037705020606487154,0.0,0.7541004121297431,1.0
8.620000000000001,0.0,0.0,0.0,0.0,5.83380926841749e-14,-3.3612689035717395e-06,0.003441803891736355,0.0,0.688360778347271,1.0
8.63,0.0,0.0,0.0,0.0,-2.2962875923594156e-13,-3.0136829826810813e-06,0.0031237988295542314,0.0,0.6247597659108463,1.0
8.64,0.0,0.0,0.0,0.0,-4.87428216178858e-13,-2.7268881294835378e-06,0.002816161523458309,0.0,0.5632323046916617,1.0
8.65,0.0,0.0,0.0,0.0,-2.0575880866961976e-13,-2.491716115937105e-06,0.002518580979123629,0.0,0.5037161958247257,1.0
8.66,0.0,0.0,0.0,0.0,-7.05358867146234e-13,-2.300639239237503e-06,0.0022307682968333575,0.0,0.4461536593666715,1.0
8.67,0.0,0.0,0.0,0.0,2.0620814380512154e-13,-2.146409820318692e-06,0.0019524546702526686,0.0,0.3904909340505337,1.0
8.68,0.0,0.0,0.0,0.0,-1.6605233542504712e-13,-2.021895448499329e-06,0.001683393553266313,0.0,0.3366787106532626,1.0
8.69,0.0,0.0,0.0,0.0,-1.7213996717360804e-13,-1.9214255293538367e-06,0.0014233568010018315,0.0,0.28467136020036626,1.0
8.700000000000001,0.0,0.0,0.0,0.0,3.004346209780733e-14,-1.840266704168654e-06,0.0011721339108227181,0.0,0.23442678216454363,1.0
8.71,0.0,0.0,0.0,0.0,-2.3798946941549167e-13,-1.7744587841258125e-06,0.0009295306055851285,0.0,0.1859061211170257,1.0
8.72,0.0,0.0,0.0,0.0,-6.131698605464342e-13,-1.7207343163434328e-06,0.00069536725265772,0.0,0.139073450531544,1.0
8.73,0.0,0.0,0.0,0.0,-5.611255379289435e-13,-1.6764389868461846e-06,0.00046947715372400167,0.0,0.09389543074480033,1.0
8.74,0.0,0.0,0.0,0.0,-9.700007472667963e-13,-1.6394275463122194e-06,0.00025170500295758694,0.0,0.05034100059151739,1.0
8.75,0.0,0.0,0.0,0.0,-1.0303104419631648e-12,-1.6079811648128488e-06,4.190541640995348e-05,0.0,0.008381083281990696,1.0
8.76,0.0,0.0,0.0,0.0,-8.282174221013972e-13,-1.5807173308311095e-06,0.00016005819958503074,0.0,0.032011639917006146,1.0
8.77,0.0,0.0,0.0,0.0,-6.569152994766014e-14,-1.556047075656319e-06,0.0003543162248141058,0.0,0.07086324496282115,1.0
8.78,0.0,0.0,0.0,0.0,2.2092601610176344e-13,-1.533636355307616e-06,0.0005409912190879226,0.0,0.10819824381758451,1.0
8.790000000000001,0.0,0.0,0.0,0.0,2.8113668481995133e-13,-1.5136266751900925e-06,0.000720203613478642,0.0,0.1440407226957284,1.0
8.8,0.0,0.0,0.0,0.0,-6.305113006751432e-13,-1.4938919528200336e-06,0.0008920655294718216,0.0,0.17841310589436432,1.0
8.81,0.0,0.0,0.0,0.0,-3.168567076981784e-13,-1.4752843393083515e-06,0.0010566844831378724,0.0,0.21133689662757446,1.0
8.82,0.0,0.0,0.0,0.0,4.028120769918765e-13,-1.455598724363528e-06,0.0012141822910271308,0.0,0.24283645820542615,1.0
8.83,0.0,0.0,0.0,0.0,2.6824590954225856e-13,-1.4387784589875795e-06,0.001364659516955774,0.0,0.2729319033911548,1.0
8.84,0.0,0.0,0.0,0.0,-1.9741976978142723e-13,-1.4215391969768257e-06,0.001508216673274894,0.0,0.3016433346549788,1.0
8.85,0.0,0.0,0.0,0.0,-3.5127719243948125e-13,-1.4021359850004727e-06,0.0016449630671119195,0.0,0.3289926134223839,1.0
8.86,0.0,0.0,0.0,0.0,-7.195065488498369e-13,-1.3825877440729504e-06,0.0017749945242857938,0.0,0.35499890485715874,1.0
8.870000000000001,0.0,0.0,0.0,0.0,-1.387453356694943e-13,-1.362499656269767e-06,0.001898435000448763,0.0,0.3796870000897526,1.0
8.88,0.0,0.0,0.0,0.0,-3.322268251217742e-13,-1.342640349401593e-06,0.002015381038519188,0.0,0.40307620770383756,1.0
8.89,0.0,0.0,0.0,0.0,-5.291981992753107e-14,-1.3217900732167385e-06,0.002125937568045671,0.0,0.42518751360913415,1.0
8.9,0.0,0.0,0.0,0.0,9.984698625707662e-14,-1.3005032554543927e-06,0.0022302112250177347,0.0,0.44604224500354694,1.0
8.91,0.0,0.0,0.0,0.0,1.1780141570273185e-13,-1.2786736025025674e-06,0.0023283097493740617,0.0,0.46566194987481235,1.0
8.92,0.0,0.0,0.0,0.0,5.777076406294126e-14,-1.256301852345872e-06,0.002420342015275651,0.0,0.4840684030551302,1.0
8.93,0.0,0.0,0.0,0.0,-6.099155451382054e-13,-1.2334054413843137e-06,0.0025064180491383703,0.0,0.5012836098276741,1.0
8.94,0.0,0.0,0.0,0.0,-1.0585562421284113e-12,-1.2100075284083e-06,0.002586649109866333,0.0,0.5173298219732666,1.0
8.950000000000001,0.0,0.0,0.0,0.0,-3.779480918634659e-13,-1.186135141346853e-06,0.0026611476831042806,0.0,0.5322295366208561,1.0
8.96,0.0,0.0,0.0,0.0,-1.2086237579711303e-13,-1.1618142743629404e-06,0.002730027477924198,0.0,0.5460054955848396,1.0
8.97,0.0,0.0,0.0,0.0,1.4481121224057024e-13,-1.1370721534723494e-06,0.0027934032012606157,0.0,0.5586806402521232,1.0
8.98,0.0,0.0,0.0,0.0,3.8803982140835546e-13,-1.1111007756523748e-06,0.0028513648021200287,0.0,0.5702729604240058,1.0
8.99,0.0,0.0,0.0,0.0,6.541532275735899e-13,-1.087815453483099e-06,0.0029040906539612534,0.0,0.5808181307922506,1.0
9.0,0.0,0.0,0.0,0.0,5.452711568443887e-13,-1.0620834123143377e-06,0.0029516585649612425,0.0,0.5903317129922485,1.0
9.01,0.0,0.0,0.0,0.0,1.2584355007556106e-12,-1.0341595731708243e-06,0.0029941931398668187,0.0,0.5988386279733637,1.0
9.02,0.0,0.0,0.0,0.0,7.836526306896763e-13,-1.0086492138213959e-06,0.0030318161293546764,0.0,0.6063632258709353,1.0
9.03,0.0,0.0,0.0,0.0,5.481155559846174e-13,-9.80997736434291e-07,0.0030646458932102835,0.0,0.6129291786420566,1.0
9.040000000000001,0.0,0.0,0.0,0.0,1.1142975860982014e-13,-9.54813399428143e-07,0.0030928119137135605,0.0,0.6185623827427121,1.0
9.05,0.0,0.0,0.0,0.0,1.4577214731937327e-13,-9.278903775996049e-07,0.003116426593714909,0.0,0.6232853187429818,1.0
9.06,0.0,0.0,0.0,0.0,-4.5269390664392033e-13,-9.107329289461823e-07,0.003135625940973285,0.0,0.627125188194657,1.0
9.07,0.0,0.0,0.0,0.0,-1.6897530094181552e-13,-8.754019972173426e-07,0.0031505177029917675,0.0,0.6301035405983535,1.0
9.08,0.0,0.0,0.0,0.0,4.113482841642811e-14,-8.464692684294907e-07,0.0031612349761699025,0.0,0.6322469952339805,1.0
9.09,0.0,0.0,0.0,0.0,-2.1746833310833249e-13,-8.182853162914354e-07,0.0031678802180595345,0.0,0.6335760436119069,1.0
9.1,0.0,0.0,0.0,0.0,1.9606911973677955e-12,-7.946519839855624e-07,0.0031706281074540695,0.0,0.6341256214908139,1.0
9.11,0.0,0.0,0.0,0.0,1.6337981000321646e-12,-7.75459389055023e-07,0.0031695745233222103,0.0,0.633914904664442,1.0
9.120000000000001,0.0,0.0,0.0,0.0,3.5265812868178466e-12,-7.383724175483215e-07,0.00316483341960667,0.0,0.6329666839213339,1.0
9.13,0.0,0.0,0.0,0.0,1.3456412364137445e-12,-7.120882811802845e-07,0.0031565448956863977,0.0,0.6313089791372796,1.0
9.14,0.0,0.0,0.0,0.0,4.031375476493747e-13,-6.858381685053854e-07,0.0031448284349326686,0.0,0.6289656869865337,1.0
9.15,0.0,0.0,0.0,0.0,-5.353062647579019e-13,-6.593000567465956e-07,0.0031298074021653246,0.0,0.6259614804330649,1.0
9.16,0.0,0.0,0.0,0.0,-6.524770575963816e-13,-6.328508361854802e-07,0.0031116032903936944,0.0,0.6223206580787389,1.0
9.17,0.0,0.0,0.0,0.0,-7.917589349349321e-13,-6.062273762646343e-07,0.003090339791996635,0.0,0.618067958399327,1.0
9.18,0.0,0.0,0.0,0.0,-8.775894668599127e-13,-5.798754242866647e-07,0.003066139103809963,0.0,0.6132278207619926,1.0
9.19,0.0,0.0,0.0,0.0,-1.0355115718611218e-12,-5.538177736167866e-07,0.0030391234194749556,0.0,0.6078246838949911,1.0
9.200000000000001,0.0,0.0,0.0,0.0,-8.454293476379981e-13,-5.298637957789055e-07,0.003009411128507981,0.0,0.6018822257015962,1.0
9.21,0.0,0.0,0.0,0.0,-1.203976187395939e-12,-5.042914993982916e-07,0.002977121862768635,0.0,0.5954243725537269,1.0
9.22,0.0,0.0,0.0,0.0,-1.016963912600071e-12,-4.787924657500304e-07,0.0029423744055383644,0.0,0.5884748811076729,1.0
9.23,0.0,0.0,0.0,0.0,-3.4584933311000416e-13,-4.5350088088144175e-07,0.0029052843463928195,0.0,0.5810568692785639,1.0
9.24,0.0,0.0,0.0,0.0,2.4239639065961213e-13,-4.2718268918189366e-07,0.002865973316329257,0.0,0.5731946632658514,1.0
9.25,0.0,0.0,0.0,0.0,1.7756299876182672e-12,-4.0620798062427785e-07,0.002824551260716714,0.0,0.5649102521433428,1.0
9.26,0.0,0.0,0.0,0.0,2.1078117424210375e-12,-3.8196042993853393e-07,0.0027811293815366706,0.0,0.5562258763073341,1.0
9.27,0.0,0.0,0.0,0.0,1.4337024146306705e-12,-3.5847531276684037e-07,0.002735822208009349,0.0,0.5471644416018698,1.0
9.28,0.0,0.0,0.0,0.0,-7.835786254829965e-14,-3.348389080002209e-07,0.002688739469370532,0.0,0.5377478938741064,1.0
9.290000000000001,0.0,0.0,0.0,0.0,-8.625779722436478e-13,-3.115074974908182e-07,0.002639989812670503,0.0,0.5279979625341006,1.0
9.3,0.0,0.0,0.0,0.0,-1.3579439812738112e-12,-2.8850798303431047e-07,0.002589671074022942,0.0,0.5179342148045883,1.0
9.31,0.0,0.0,0.0,0.0,-1.561795924938301e-12,-2.644424654477202e-07,0.00253790835713839,0.0,0.507581671427678,1.0
9.32,0.0,0.0,0.0,0.0,-1.2132180332052282e-12,-2.438130628844441e-07,0.002484793990578285,0.0,0.496958798115657,1.0
9.33,0.0,0.0,0.0,0.0,-1.6399171777716273e-12,-2.2217959652931625e-07,0.002430429539469579,0.0,0.48608590789391576,1.0
9.34,0.0,0.0,0.0,0.0,-2.5923477997574474e-12,-2.008333680937392e-07,0.0023749153240975995,0.0,0.4749830648195199,1.0
9.35,0.0,0.0,0.0,0.0,3.6351529238865676e-13,-1.7990311526604557e-07,0.0023183496486645656,0.0,0.4636699297329131,1.0
9.36,0.0,0.0,0.0,0.0,1.041720718043698e-12,-1.5962805862890931e-07,0.002260818601062332,0.0,0.45216372021246637,1.0
9.370000000000001,0.0,0.0,0.0,0.0,2.7969729274957923e-13,-1.386556340446698e-07,0.002202436158346531,0.0,0.4404872316693062,1.0
9.38,0.0,0.0,0.0,0.0,-1.0560742346322533e-12,-1.1978559672773254e-07,0.002143283308068092,0.0,0.4286566616136184,1.0
9.39,0.0,0.0,0.0,0.0,-9.399762836604054e-13,-1.0090799027866763e-07,0.0020834498183519056,0.0,0.4166899636703811,1.0
9.4,0.0,0.0,0.0,0.0,-1.577509574961885e-13,-8.219159727986873e-08,0.002023016077803657,0.0,0.4046032155607314,1.0
9.41,0.0,0.0,0.0,0.0,-7.418361364449213e-14,-6.390939765099779e-08,0.001962084825117421,0.0,0.39241696502348417,1.0
9.42,0.0,0.0,0.0,0.0,8.71728605607209e-14,-4.654514720514193e-08,0.0019007296917188925,0.0,0.3801459383437785,1.0
9.43,0.0,0.0,0.0,0.0,1.2696895303058483e-13,-2.9436535462979906e-08,0.0018390325688911995,0.0,0.3678065137782399,1.0
9.44,0.0,0.0,0.0,0.0,1.2555214633708424e-13,-1.2836926240128355e-08,0.0017770725147978797,0.0,0.35541450295957594,1.0
9.450000000000001,0.0,0.0,0.0,0.0,4.4404492009474915e-13,3.2369845669781653e-09,0.0017149264430127678,0.0,0.34298528860255356,1.0
9.46,0.0,0.0,0.0,0.0,6.310290865278952e-13,1.8806547595292918e-08,0.0016526690385643083,0.0,0.33053380771286167,1.0
9.47,0.0,0.0,0.0,0.0,4.92927758102253e-13,3.3872765842741875e-08,0.0015903727652157888,0.0,0.31807455304315774,1.0
9.48,0.0,0.0,0.0,0.0,4.490362764958549e-13,4.8433016965297116e-08,0.001528107845819643,0.0,0.3056215691639286,1.0
9.49,0.0,0.0,0.0,0.0,1.8337126454638034e-13,6.248746904808522e-08,0.0014659422656776839,0.0,0.29318845313553676,1.0
9.5,0.0,0.0,0.0,0.0,4.3223614670705314e-13,7.602452556485972e-08,0.0014039419580033582,0.0,0.28078839160067165,1.0
9.51,0.0,0.0,0.0,0.0,4.951085173523222e-13,8.912278440234762e-08,0.0013421696318962734,0.0,0.2684339263792547,1.0
9.52,0.0,0.0,0.0,0.0,1.0632942281718305e-12,1.0163157385339679e-07,0.0012806883434272678,0.0,0.25613766868545357,1.0
9.53,0.0,0.0,0.0,0.0,5.789725249386581e-13,1.1181485666853519e-07,0.0012195543939060856,0.0,0.24391087878121712,1.0
9.540000000000001,0.0,0.0,0.0,0.0,8.357750952373678e-13,1.2337640398143803e-07,0.0011588254415219675,0.0,0.2317650883043935,1.0
9.55,0.0,0.0,0.0,0.0,3.5617023988152995e-13,1.3450374316660362e-07,0.0010985569749802698,0.0,0.21971139499605397,1.0
9.56,0.0,0.0,0.0,0.0,-2.7858605024665373e-13,1.4504578836240978e-07,0.0010388014257645961,0.0,0.20776028515291922,1.0
9.57,0.0,0.0,0.0,0.0,-2.223794621127797e-14,1.5506415617461203e-07,0.0009796089534262744,0.0,0.1959217906852549,1.0
9.58,0.0,0.0,0.0,0.0,-6.101772178140158e-13,1.6459143578006698e-07,0.0009210275613557124,0.0,0.18420551227114249,1.0
9.59,0.0,0.0,0.0,0.0,-1.139657596672882e-13,1.736373668351073e-07,0.0008631031298850511,0.0,0.17262062597701022,1.0
9.6,0.0,0.0,0.0,0.0,-2.1910730853013005e-13,1.8220923360069847e-07,0.0008058793876438569,0.0,0.16117587752877138,1.0
9.61,0.0,0.0,0.0,0.0,-4.939348957117441e-13,1.903122849535378e-07,0.0007493979278582908,0.0,0.14987958557165815,1.0
9.620000000000001,0.0,0.0,0.0,0.0,-5.4418628373964533e-14,1.9795310077157604e-07,0.0006936982519579723,0.0,0.13873965039159444,1.0
9.63,0.0,0.0,0.0,0.0,-1.711582566318145e-13,2.0513933943609283e-07,0.0006388177739358398,0.0,0.12776355478716794,1.0
9.64,0.0,0.0,0.0,0.0,1.6563657413486887e-13,2.118780095783886e-07,0.0005847918546432723,0.0,0.11695837092865445,1.0
9.65,0.0,0.0,0.0,0.0,1.6468958223186696e-13,2.1817621136771742e-07,0.000531653831080588,0.0,0.1063307662161176,1.0
9.66,0.0,0.0,0.0,0.0,-1.5072821872293655e-13,2.240425039579803e-07,0.0004794350211350081,0.0,0.09588700422700161,1.0
9.67,0.0,0.0,0.0,0.0,4.3631933292869714e-13,2.294838268945757e-07,0.00042816478578423193,0.0,0.08563295715684638,1.0
9.68,0.0,0.0,0.0,0.0,4.974018745849034e-13,2.3450966147509934e-07,0.00037787053908687213,0.0,0.07557410781737442,1.0
9.69,0.0,0.0,0.0,0.0,2.273404541797262e-13,2.3912729415849435e-07,0.00032857779073354465,0.0,0.06571555814670893,1.0
9.700000000000001,0.0,0.0,0.0,0.0,6.280303795570736e-13,2.4334576853082355e-07,0.00028031016284409826,0.0,0.05606203256881965,1.0
9.71,0.0,0.0,0.0,0.0,3.6798526627414495e-13,2.471726339625802e-07,0.00023308943970655992,0.0,0.04661788794131198,1.0
9.72,0.0,0.0,0.0,0.0,2.82574744178948e-13,2.506165823518727e-07,0.00018693560711488015,0.0,0.03738712142297603,1.0
9.73,0.0,0.0,0.0,0.0,5.6736836906555275e-14,2.5368601612125223e-07,0.00014186686464944846,0.0,0.02837337292988969,1.0
9.74,0.0,0.0,0.0,0.0,-3.1907814323106324e-13,2.563883232105693e-07,9.789968887410821e-05,0.0,0.01957993777482164,1.0
9.75,0.0,0.0,0.0,0.0,1.711087528578619e-13,2.5873271284863366e-07,5.5048834667031975e-05,0.0,0.011009766933406395,1.0
9.76,0.0,0.0,0.0,0.0,6.099691861167037e-13,2.6072633523375253e-07,1.3327418837733233e-05,0.0,0.0026654837675466466,1.0
9.77,0.0,0.0,0.0,0.0,3.9851729173900125e-13,2.6237901885522813e-07,2.72530788122698e-05,0.0,0.005450615762453959,1.0
9.78,0.0,0.0,0.0,0.0,2.269004967723533e-13,2.6370236750783344e-07,6.668279491601602e-05,0.0,0.013336558983203205,1.0
9.790000000000001,0.0,0.0,0.0,0.0,2.3575800184934997e-13,2.6470839158075314e-07,0.00010495339282655141,0.0,0.02099067856531028,1.0
9.8,0.0,0.0,0.0,0.0,5.770150633962499e-13,2.6540102776950577e-07,0.00014205805115849286,0.0,0.02841161023169857,1.0
9.81,0.0,0.0,0.0,0.0,9.208863593757754e-13,2.657868425411181e-07,0.00017799142768137183,0.0,0.035598285536274366,1.0
9.82,0.0,0.0,0.0,0.0,5.966984509347175e-13,2.6587486843968015e-07,0.00021274960090457082,0.0,0.042549920180914164,1.0
9.83,0.0,0.0,0.0,0.0,1.5202935790808608e-13,2.6567499581010007e-07,0.0002463300574381735,0.0,0.049266011487634695,1.0
9.84,0.0,0.0,0.0,0.0,2.3502903944384835e-14,2.6519576560599427e-07,0.0002787316279510895,0.0,0.0557463255902179,1.0
9.85,0.0,0.0,0.0,0.0,9.721558542658593e-13,2.64492423022888e-07,0.0003099545366728414,0.0,0.06199090733456828,1.0
9.86,0.0,0.0,0.0,0.0,9.183075934661042e-13,2.655173580263045e-07,0.00033999885885294747,0.0,0.0679997717705895,1.0
9.870000000000001,0.0,0.0,0.0,0.0,2.747813941940537e-12,2.6217302854205344e-07,0.0003688690997940009,0.0,0.07377381995880017,1.0
9.88,0.0,0.0,0.0,0.0,1.7789687562347647e-12,2.609599190900181e-07,0.0003965693614415504,0.0,0.07931387228831008,1.0
9.89,0.0,0.0,0.0,0.0,1.015169405999586e-12,2.593863932270265e-07,0.0004231037166431388,0.0,0.08462074332862776,1.0
9.9,0.0,0.0,0.0,0.0,5.731938122665344e-13,2.574732270385123e-07,0.00044847818644814044,0.0,0.08969563728962808,1.0
9.91,0.0,0.0,0.0,0.0,2.0347461634946712e-13,2.553145722302475e-07,0.0004726999813527066,0.0,0.09453999627054131,1.0
9.92,0.0,0.0,0.0,0.0,-5.232071959047097e-13,2.5294648479488515e-07,0.0004957772821724748,0.0,0.09915545643449496,1.0
9.93,0.0,0.0,0.0,0.0,-9.826219480535083e-13,2.503813482988134e-07,0.0005177192502751849,0.0,0.10354385005503698,1.0
9.94,0.0,0.0,0.0,0.0,3.4835519541514567e-13,2.476288263910958e-07,0.000538536028954732,0.0,0.10770720579094639,1.0
9.950000000000001,0.0,0.0,0.0,0.0,1.7015151608143843e-12,2.4537118223700287e-07,0.0005581332886499181,0.0,0.11162665772998362,1.0
9.96,0.0,0.0,0.0,0.0,2.6129718575032255e-12,2.42462766550354e-07,0.0005767366884024179,0.0,0.11534733768048357,1.0
9.97,0.0,0.0,0.0,0.0,3.63542886089743e-12,2.3938398948927104e-07,0.0005942521571577731,0.0,0.11885043143155462,1.0
9.98,0.0,0.0,0.0,0.0,-2.3114400799070694e-13,2.3498469099192643e-07,0.0006106942080985789,0.0,0.12213884161971578,1.0
9.99,0.0,0.0,0.0,0.0,-4.979734378070241e-12,2.3082459868110772e-07,0.0006260749025395173,0.0,0.12521498050790345,1.0
10.0,0.0,0.0,0.0,0.0,-4.402538223811522e-12,2.2723902501779068e-07,0.0006404077474664309,0.0,0.12808154949328618,1.0
10.01,0.0,0.0,0.0,0.0,-3.308547055026607e-12,2.235257277391344e-07,0.0006537081438394514,0.0,0.13074162876789028,1.0
10.02,0.0,0.0,0.0,0.0,-1.8834707611526766e-12,2.196129109235535e-07,0.0006659924631621449,0.0,0.13319849263242897,1.0
10.03,0.0,0.0,0.0,0.0,-6.925049470721946e-13,2.1565933038474965e-07,0.0006772801731235605,0.0,0.1354560346247121,1.0
10.040000000000001,0.0,0.0,0.0,0.0,-2.1444766066027243e-12,2.135849010551731e-07,0.0006874403539622949,0.0,0.13748807079245898,1.0
10.05,0.0,0.0,0.0,0.0,-1.9299788761363753e-12,2.0643441033939074e-07,0.0006967865450865737,0.0,0.13935730901731472,1.0
10.06,0.0,0.0,0.0,0.0,-4.729981339363596e-12,2.0325333441412605e-07,0.0007051925427610101,0.0,0.141038508552202,1.0
10.07,0.0,0.0,0.0,0.0,-1.0514410720886969e-12,1.979998847323442e-07,0.000712674309316483,0.0,0.14253486186329659,1.0
10.08,0.0,0.0,0.0,0.0,2.0177797167493005e-13,1.9396256307358615e-07,0.0007192480226562118,0.0,0.14384960453124235,1.0
10.09,0.0,0.0,0.0,0.0,3.462045460984696e-12,1.8954119309504247e-07,0.000724932994609023,0.0,0.1449865989218046,1.0
10.1,0.0,0.0,0.0,0.0,2.1989515397290204e-12,1.8488281815742772e-07,0.0007297497069862788,0.0,0.14594994139725576,1.0
10.11,0.0,0.0,0.0,0.0,5.341980965808619e-12,1.8012809797285436e-07,0.0007337186286851607,0.0,0.14674372573703215,1.0
10.120000000000001,0.0,0.0,0.0,0.0,6.443380206612534e-12,1.7532430568154628e-07,0.0007368605754418179,0.0,0.14737211508836356,1.0
10.13,0.0,0.0,0.0,0.0,3.858773782687226e-12,1.7046784958003307e-07,0.0007391966099296013,0.0,0.14783932198592026,1.0
10.14,0.0,0.0,0.0,0.0,2.3125926561946315e-12,1.655674705008428e-07,0.0007407479453824956,0.0,0.1481495890764991,1.0
10.15,0.0,0.0,0.0,0.0,-3.720286153902803e-12,1.606356455350063e-07,0.0007415360129723745,0.0,0.14830720259447489,1.0
10.16,0.0,0.0,0.0,0.0,-5.730173899665525e-12,1.5567560032316292e-07,0.0007415823077986765,0.0,0.1483164615597353,1.0
10.17,0.0,0.0,0.0,0.0,-7.28598442244584e-12,1.505323501756241e-07,0.0007409084493343334,0.0,0.14818168986686667,1.0
10.18,0.0,0.0,0.0,0.0,1.3318630743217815e-12,1.4549774345665795e-07,0.0007395364582774501,0.0,0.14790729165549002,1.0
10.19,0.0,0.0,0.0,0.0,3.4278380104782685e-12,1.4050252187221953e-07,0.0007374881111601786,0.0,0.14749762223203572,1.0
10.200000000000001,0.0,0.0,0.0,0.0,1.1549144539892355e-12,1.355134453684393e-07,0.0007347853849353492,0.0,0.14695707698706983,1.0
10.21,0.0,0.0,0.0,0.0,1.2524349110725883e-12,1.3052122142110837e-07,0.0007314502246156111,0.0,0.14629004492312223,1.0
10.22,0.0,0.0,0.0,0.0,-4.604868365263415e-13,1.255389550460777e-07,0.000727504619079459,0.0,0.1455009238158918,1.0
10.23,0.0,0.0,0.0,0.0,2.1548885425556417e-14,1.2057029625357127e-07,0.0007229705264067709,0.0,0.1445941052813542,1.0
10.24,0.0,0.0,0.0,0.0,-3.460821855360889e-13,1.1562235290757927e-07,0.0007178698836999256,0.0,0.14357397673998512,1.0
10.25,0.0,0.0,0.0,0.0,5.095981787147945e-13,1.1069945388846438e-07,0.0007122245494911976,0.0,0.14244490989823952,1.0
10.26,0.0,0.0,0.0,0.0,-8.53851304234186e-13,1.0580791534931197e-07,0.0007060563113740286,0.0,0.1412112622748057,1.0
10.27,0.0,0.0,0.0,0.0,-2.2380251069560667e-13,1.0095135114833198e-07,0.0006993868509153027,0.0,0.13987737018306054,1.0
10.28,0.0,0.0,0.0,0.0,-6.627851566614447e-13,9.613841485860027e-08,0.0006922377335499269,0.0,0.13844754670998538,1.0
10.290000000000001,0.0,0.0,0.0,0.0,-1.3928441691375334e-12,9.136639836368552e-08,0.0006846303674768524,0.0,0.13692607349537048,1.0
10.3,0.0,0.0,0.0,0.0,-3.480429302248645e-13,8.664497783137802e-08,0.0006765862029853816,0.0,0.1353172405970763,1.0
10.31,0.0,0.0,0.0,0.0,-7.304748120547883e-13,8.242843406500233e-08,0.0006681259682024419,0.0,0.1336251936404884,1.0
10.32,0.0,0.0,0.0,0.0,1.0342441200701464e-13,7.779917763913284e-08,0.0006592706146907422,0.0,0.13185412293814844,1.0
10.33,0.0,0.0,0.0,0.0,-7.784370844501528e-13,7.313273111027366e-08,0.0006500410237472774,0.0,0.13000820474945549,1.0
10.34,0.0,0.0,0.0,0.0,-1.5250898492984584e-12,6.862879485070115e-08,0.000640457568566956,0.0,0.1280915137133912,1.0
10.35,0.0,0.0,0.0,0.0,-4.218868276414989e-12,6.419227782679224e-08,0.0006305403974411143,0.0,0.12610807948822286,1.0
10.36,0.0,0.0,0.0,0.0,-2.2316159372682677e-12,5.981351901098439e-08,0.0006203095203401296,0.0,0.12406190406802592,1.0
10.370000000000001,0.0,0.0,0.0,0.0,-7.32717779138076e-12,5.5495245562847197e-08,0.0006097845299900842,0.0,0.12195690599801684,1.0
10.38,0.0,0.0,0.0,0.0,-5.612315205665699e-12,5.12474609215001e-08,0.0005989848622541817,0.0,0.11979697245083633,1.0
10.39,0.0,0.0,0.0,0.0,-4.392309840137921e-12,4.7237045681347975e-08,0.0005879295723734919,0.0,0.11758591447469838,1.0
10.4,0.0,0.0,0.0,0.0,-1.017980218215007e-12,4.296092199197221e-08,0.0005766374499129391,0.0,0.11532748998258782,1.0
10.41,0.0,0.0,0.0,0.0,-6.993091773526747e-12,3.904108711925952e-08,0.0005651270751612665,0.0,0.1130254150322533,1.0
10.42,0.0,0.0,0.0,0.0,-3.671019219412769e-12,3.5078156915502275e-08,0.0005534165600277225,0.0,0.11068331200554449,1.0
10.43,0.0,0.0,0.0,0.0,-1.2534752371564928e-11,3.118052713201855e-08,0.0005415236494320945,0.0,0.1083047298864189,1.0
10.44,0.0,0.0,0.0,0.0,-1.5910983400011993e-11,2.7367852848017626e-08,0.0005294657351982713,0.0,0.10589314703965426,1.0
10.450000000000001,0.0,0.0,0.0,0.0,-1.2504003874994073e-11,2.3636956692653663e-08,0.0005172601073254618,0.0,0.10345202146509237,1.0
10.46,0.0,0.0,0.0,0.0,-5.5013625410735904e-12,1.998452740789264e-08,0.0005049235609101458,0.0,0.10098471218202916,1.0
10.47,0.0,0.0,0.0,0.0,2.3294434228649626e-12,1.6430332035983107e-08,0.0004924725608384393,0.0,0.09849451216768786,1.0
10.48,0.0,0.0,0.0,0.0,2.205312206351234e-12,1.2968053609470667e-08,0.0004799229723484694,0.0,0.09598459446969387,1.0
10.49,0.0,0.0,0.0,0.0,5.648588248342634e-12,9.600172388493853e-09,0.0004672904873399921,0.0,0.09345809746799842,1.0
10.5,0.0,0.0,0.0,0.0,7.451623491419913e-13,6.31753717861514e-09,0.00045459049281343497,0.0,0.090918098562687,1.0
10.51,0.0,0.0,0.0,0.0,5.619694024461826e-12,3.1237295788466643e-09,0.0004418377704215925,0.0,0.0883675540843185,1.0
10.52,0.0,0.0,0.0,0.0,5.142911731192729e-13,3.2263822031113154e-11,0.00042904692687205983,0.0,0.08580938537441196,1.0
10.53,0.0,0.0,0.0,0.0,1.5399650543497786e-12,-2.9680974200870606e-09,0.00041623205857249326,0.0,0.08324641171449865,1.0
10.540000000000001,0.0,0.0,0.0,0.0,-5.28843705758458e-12,-5.869506895393811e-09,0.00040340680589831963,0.0,0.08068136117966393,1.0
10.55,0.0,0.0,0.0,0.0,-1.483280920657552e-12,-8.675096341016623e-09,0.00039058446344785206,0.0,0.07811689268957041,1.0
10.56,0.0,0.0,0.0,0.0,-3.3763203519952688e-12,-1.1391122449930341e-08,0.00037777792149792987,0.0,0.07555558429958598,1.0
10.57,0.0,0.0,0.0,0.0,1.124223597411074e-12,-1.4012324704884954e-08,0.0003649997821810956,0.0,0.07299995643621911,1.0
10.58,0.0,0.0,0.0,0.0,-5.825695878220317e-13,-1.654725868681421e-08,0.00035226189955954977,0.0,0.07045237991190995,1.0
10.59,0.0,0.0,0.0,0.0,1.0753801757085055e-12,-1.8978319521512646e-08,0.00033957624369807866,0.0,0.06791524873961573,1.0
10.6,0.0,0.0,0.0,0.0,4.70560902692158e-12,-2.1333729987403215e-08,0.0003269538583336231,0.0,0.06539077166672462,1.0
10.61,0.0,0.0,0.0,0.0,6.088654648012289e-12,-2.3580965302394954e-08,0.00031440580010532826,0.0,0.06288116002106565,1.0
10.620000000000001,0.0,0.0,0.0,0.0,4.663450641278574e-12,-2.5744883129672375e-08,0.0003019424934595541,0.0,0.060388498691910826,1.0
10.63,0.0,0.0,0.0,0.0,3.807389055724914e-12,-2.780864246410246e-08,0.0002895740280107159,0.0,0.057914805602143175,1.0
10.64,0.0,0.0,0.0,0.0,1.2872315237123878e-12,-2.978683859907699e-08,0.00027730988543201877,0.0,0.055461977086403755,1.0
10.65,0.0,0.0,0.0,0.0,2.645858977119883e-12,-3.1670134290648266e-08,0.00026515956455399904,0.0,0.053031912910799804,1.0
10.66,0.0,0.0,0.0,0.0,2.9261262071203453e-12,-3.347985206704324e-08,0.0002531317721586029,0.0,0.05062635443172058,1.0
10.67,0.0,0.0,0.0,0.0,1.066941162264382e-11,-3.518790904768835e-08,0.00024123515492509488,0.0,0.04824703098501897,1.0
10.68,0.0,0.0,0.0,0.0,1.2159239169483112e-11,-3.681530877788759e-08,0.00022947771648509376,0.0,0.045895543297018754,1.0
10.69,0.0,0.0,0.0,0.0,9.176128660466359e-12,-3.834883236840959e-08,0.00021786713015993413,0.0,0.04357342603198683,1.0
10.700000000000001,0.0,0.0,0.0,0.0,3.717353285943982e-12,-3.979620593701148e-08,0.00020641080743131197,0.0,0.04128216148626239,1.0
10.71,0.0,0.0,0.0,0.0,-6.4160864083140795e-12,-4.116522790061338e-08,0.00019511553664366935,0.0,0.03902310732873387,1.0
10.72,0.0,0.0,0.0,0.0,-1.1544663993789246e-11,-4.2442787698420064e-08,0.00018398804652402452,0.0,0.036797609304804905,1.0
10.73,0.0,0.0,0.0,0.0,-1.1388913527674622e-11,-4.3647362568643456e-08,0.0001730343973499871,0.0,0.03460687946999742,1.0
10.74,0.0,0.0,0.0,0.0,-9.810508359991126e-12,-4.4761619923257e-08,0.00016226051020400758,0.0,0.03245210204080151,1.0
10.75,0.0,0.0,0.0,0.0,-2.530318121622397e-12,-4.5797851552961306e-08,0.00015167186317449478,0.0,0.030334372634898955,1.0
10.76,0.0,0.0,0.0,0.0,-1.0276376215772894e-11,-4.675207669292169e-08,0.00014127349297273517,0.0,0.028254698594547035,1.0
10.77,0.0,0.0,0.0,0.0,-1.6921311278855263e-11,-4.762208007131205e-08,0.0001310702328781091,0.0,0.026214046575621822,1.0
10.78,0.0,0.0,0.0,0.0,-1.0329618428876357e-11,-4.842756829935212e-08,0.00012106620718937043,0.0,0.024213241437874088,1.0
10.790000000000001,0.0,0.0,0.0,0.0,-1.1026627821801435e-11,-4.914855626868906e-08,0.00011126585909933869,0.0,0.02225317181986774,1.0
10.8,0.0,0.0,0.0,0.0,-4.439422865613206e-12,-4.9815800201636157e-08,0.00010167271287190628,0.0,0.020334542574381255,1.0
10.81,0.0,0.0,0.0,0.0,-5.9699114661016114e-12,-5.0394225907281756e-08,9.229021388163583e-05,0.0,0.018458042776327167,1.0
10.82,0.0,0.0,0.0,0.0,-7.764853765337757e-12,-5.090761113330741e-08,8.312144132021748e-05,0.0,0.016624288264043496,1.0
10.83,0.0,0.0,0.0,0.0,-5.43692217962975e-12,-5.101983806771201e-08,7.416924021052751e-05,0.0,0.014833848042105502,1.0
10.84,0.0,0.0,0.0,0.0,-9.914432923534532e-12,-5.1356381161135954e-08,6.543580705363508e-05,0.0,0.013087161410727015,1.0
10.85,0.0,0.0,0.0,0.0,-4.91801245542606e-12,-5.1693774700494805e-08,5.6923510895738194e-05,0.0,0.01138470217914764,1.0
10.86,0.0,0.0,0.0,0.0,-5.241927583244916e-12,-5.1967649629851e-08,4.863408834797222e-05,0.0,0.009726817669594443,1.0
10.870000000000001,0.0,0.0,0.0,0.0,7.685719525580057e-12,-5.216992091555055e-08,4.056923859827437e-05,0.0,0.008113847719654874,1.0
10.88,0.0,0.0,0.0,0.0,1.071847092121419e-11,-5.231359641161332e-08,3.273041105287826e-05,0.0,0.0065460822105756515,1.0
10.89,0.0,0.0,0.0,0.0,1.0362787488179874e-11,-5.2394456126643415e-08,2.5118490344525274e-05,0.0,0.0050236980689050545,1.0
10.9,0.0,0.0,0.0,0.0,5.497100954725075e-12,-5.240793626718469e-08,1.773418324628981e-05,0.0,0.003546836649257962,1.0
10.91,0.0,0.0,0.0,0.0,1.194755550247292e-11,-5.237313551900046e-08,1.0577944548746335e-05,0.0,0.002115588909749267,1.0
10.92,0.0,0.0,0.0,0.0,5.3315698560353884e-12,-5.228588718081248e-08,3.6502357631607944e-06,0.0,0.0007300471526321589,1.0
10.93,0.0,0.0,0.0,0.0,-5.650692241441232e-12,-5.2142954924387554e-08,3.0487903846960876e-06,0.0,0.0006097580769392175,1.0
10.94,0.0,0.0,0.0,0.0,-9.823203111638096e-12,-5.193956885286344e-08,9.519668465536125e-06,0.0,0.001903933693107225,1.0
10.950000000000001,0.0,0.0,0.0,0.0,-2.1189484927591152e-11,-5.1679375301001846e-08,1.576301886397733e-05,0.0,0.003152603772795466,1.0
10.96,0.0,0.0,0.0,0.0,-1.8059575997090816e-11,-5.138954361693345e-08,2.177943559396508e-05,0.0,0.0043558871187930155,1.0
10.97,0.0,0.0,0.0,0.0,-3.1715996215934506e-12,-5.107312175060247e-08,2.7569733914089793e-05,0.0,0.0055139467828179585,1.0
10.98,0.0,0.0,0.0,0.0,5.085579838324995e-12,-5.0711789393793386e-08,3.3134906591077585e-05,0.0,0.006626981318215517,1.0
10.99,0.0,0.0,0.0,0.0,7.632024010771794e-14,-5.03069091892704e-08,3.847641695164308e-05,0.0,0.0076952833903286165,1.0
11.0,0.0,0.0,0.0,0.0,1.013245393085551e-11,-4.9857280358675073e-08,4.3595808002088724e-05,0.0,0.008719161600417745,1.0
11.01,0.0,0.0,0.0,0.0,3.657210115111906e-12,-4.9366857479177714e-08,4.8494414947619945e-05,0.0,0.00969888298952399,1.0
11.02,0.0,0.0,0.0,0.0,3.965203763622907e-12,-4.8852867589316385e-08,5.317454832329394e-05,0.0,0.010634909664658788,1.0
11.03,0.0,0.0,0.0,0.0,5.583532845273297e-12,-4.828215485872945e-08,5.7637955321253145e-05,0.0,0.01152759106425063,1.0
11.040000000000001,0.0,0.0,0.0,0.0,1.430435910332617e-11,-4.7696891886459084e-08,6.188686140627316e-05,0.0,0.012377372281254632,1.0
11.05,0.0,0.0,0.0,0.0,4.2385719639268644e-12,-4.707213923643997e-08,6.592364430139952e-05,0.0,0.013184728860279903,1.0
11.06,0.0,0.0,0.0,0.0,-8.451705044132659e-12,-4.641857750932185e-08,6.975091162002737e-05,0.0,0.013950182324005472,1.0
11.07,0.0,0.0,0.0,0.0,-5.81852587706285e-12,-4.57329570753771e-08,7.337104725158268e-05,0.0,0.014674209450316535,1.0
11.08,0.0,0.0,0.0,0.0,1.5271227120380622e-11,-4.503202151091246e-08,7.678704073673063e-05,0.0,0.015357408147346126,1.0
11.09,0.0,0.0,0.0,0.0,1.3599758027144817e-11,-4.4295838177678855e-08,8.000180200216793e-05,0.0,0.016000360400433587,1.0
11.1,0.0,0.0,0.0,0.0,1.7932836408279072e-11,-4.3546594601168316e-08,8.301829439608646e-05,0.0,0.01660365887921729,1.0
11.11,0.0,0.0,0.0,0.0,2.3394155387008447e-11,-4.276933860284284e-08,8.583929826545346e-05,0.0,0.017167859653090693,1.0
11.120000000000001,0.0,0.0,0.0,0.0,2.0595660674858745e-11,-4.1976501992415216e-08,8.846854821584027e-05,0.0,0.017693709643168055,1.0
11.13,0.0,0.0,0.0,0.0,5.538642491364947e-12,-4.113614985737878e-08,9.090909685133752e-05,0.0,0.018181819370267503,1.0
11.14,0.0,0.0,0.0,0.0,-5.414480349046836e-13,-4.02987273349483e-08,9.316441194861349e-05,0.0,0.0186328823897227,1.0
11.15,0.0,0.0,0.0,0.0,-1.556542700524788e-11,-3.94354754586132e-08,9.523803237724212e-05,0.0,0.019047606475448425,1.0
11.16,0.0,0.0,0.0,0.0,-1.298181092386974e-11,-3.8567219372307036e-08,9.713381319454724e-05,0.0,0.01942676263890945,1.0
11.17,0.0,0.0,0.0,0.0,-2.0073142851017553e-11,-3.768272172526307e-08,9.885513134158412e-05,0.0,0.019771026268316824,1.0
11.18,0.0,0.0,0.0,0.0,-6.1337175649365324e-12,-3.680523579764706e-08,0.00010040583663976747,0.0,0.020081167327953495,1.0
11.19,0.0,0.0,0.0,0.0,-2.1982488421474733e-11,-3.5899843344636276e-08,0.00010178961441941614,0.0,0.020357922883883228,1.0
11.200000000000001,0.0,0.0,0.0,0.0,-1.2235476260019082e-11,-3.498931985577876e-08,0.00010301049164233302,0.0,0.020602098328466604,1.0
11.21,0.0,0.0,0.0,0.0,-8.543418062294835e-12,-3.4063443363622335e-08,0.00010407232545969126,0.0,0.020814465091938253,1.0
11.22,0.0,0.0,0.0,0.0,-6.771345152551389e-12,-3.312933543592492e-08,0.00010497883511239238,0.0,0.020995767022478476,1.0
11.23,0.0,0.0,0.0,0.0,6.386527803733295e-12,-3.2199406445044325e-08,0.00010573451396437436,0.0,0.021146902792874872,1.0
11.24,0.0,0.0,0.0,0.0,-1.684039185046783e-11,-3.124529615863695e-08,0.00010634306406121725,0.0,0.02126861281224345,1.0
11.25,0.0,0.0,0.0,0.0,4.454766175082419e-12,-3.035603390666805e-08,0.00010676549526140284,0.0,0.021353099052280566,1.0
11.26,0.0,0.0,0.0,0.0,-1.0102234878728405e-12,-2.8967633444594558e-08,0.00010705201721829476,0.0,0.02141040344365895,1.0
11.27,0.0,0.0,0.0,0.0,2.086176541559381e-11,-2.8095058976656652e-08,0.00010720845927722214,0.0,0.021441691855444426,1.0
11.28,0.0,0.0,0.0,0.0,3.3868098965764922e-12,-2.719766184444644e-08,0.00010723839212120835,0.0,0.02144767842424167,1.0
11.290000000000001,0.0,0.0,0.0,0.0,1.2011480870821092e-11,-2.6269353164027247e-08,0.0001071463831589838,0.0,0.021429276631796758,1.0
11.3,0.0,0.0,0.0,0.0,5.346640258548962e-12,-2.5350222075784762e-08,0.00010693551063125404,0.0,0.021387102126250807,1.0
11.31,0.0,0.0,0.0,0.0,1.5396375095815666e-11,-2.4419250777242795e-08,0.00010660932948769502,0.0,0.021321865897539004,1.0
11.32,0.0,0.0,0.0,0.0,2.0689748933675685e-11,-2.3480177552011493e-08,0.00010617186745377496,0.0,0.021234373490754993,1.0
11.33,0.0,0.0,0.0,0.0,1.5610035943007798e-11,-2.251876802524907e-08,0.00010562707360938909,0.0,0.021125414721877817,1.0
11.34,0.0,0.0,0.0,0.0,7.635450747200602e-12,-2.1570932352730916e-08,0.00010497924337947235,0.0,0.02099584867589447,1.0
11.35,0.0,0.0,0.0,0.0,-2.6678566855678673e-12,-2.064195131837978e-08,0.0001042322587956769,0.0,0.02084645175913538,1.0
11.36,0.0,0.0,0.0,0.0,-2.8167690576018634e-11,-1.9728533487697633e-08,0.00010338923392846993,0.0,0.020677846785693985,1.0
11.370000000000001,0.0,0.0,0.0,0.0,-3.238759177238903e-11,-1.8856505244238125e-08,0.00010245528056727135,0.0,0.02049105611345427,1.0
11.38,0.0,0.0,0.0,0.0,-6.238945723117182e-11,-1.7923080094631163e-08,0.0001014530451286504,0.0,0.02029060902573008,1.0
11.39,0.0,0.0,0.0,0.0,-5.906383743730609e-11,-1.7181652251914278e-08,0.00010036602538268167,0.0,0.020073205076536333,1.0
11.4,0.0,0.0,0.0,0.0,-4.0591286244118465e-11,-1.631723761940257e-08,9.919695509877976e-05,0.0,0.01983939101975595,1.0
11.41,0.0,0.0,0.0,0.0,-2.4075298035834048e-11,-1.5481810771473563e-08,9.795034896276486e-05,0.0,0.019590069792552973,1.0
11.42,0.0,0.0,0.0,0.0,-1.7806975896866443e-11,-1.4626683381975626e-08,9.663013844490248e-05,0.0,0.019326027688980493,1.0
11.43,0.0,0.0,0.0,0.0,-1.9092354579889744e-11,-1.3780389292003825e-08,9.523802666868928e-05,0.0,0.019047605333737855,1.0
11.44,0.0,0.0,0.0,0.0,-2.3483569817485492e-11,-1.2959293382609555e-08,9.378011412147652e-05,0.0,0.018756022824295303,1.0
11.450000000000001,0.0,0.0,0.0,0.0,-3.544479098138783e-11,-1.2142189220151832e-08,9.225716979296609e-05,0.0,0.01845143395859322,1.0
11.46,0.0,0.0,0.0,0.0,4.0527117121534815e-11,-1.1379594685035828e-08,9.067360473999954e-05,0.0,0.018134720947999908,1.0
11.47,0.0,0.0,0.0,0.0,7.9394274725607e-11,-1.0583471875824574e-08,8.903309739831279e-05,0.0,0.01780661947966256,1.0
11.48,0.0,0.0,0.0,0.0,1.2329025371410162e-10,-9.805668255405674e-09,8.733909492828227e-05,0.0,0.017467818985656455,1.0
11.49,0.0,0.0,0.0,0.0,1.0282609955852469e-10,-9.042647753774567e-09,8.559573821272223e-05,0.0,0.017119147642544446,1.0
11.5,0.0,0.0,0.0,0.0,7.595891496828003e-11,-8.257637024843768e-09,8.380624157136512e-05,0.0,0.016761248314273024,1.0
11.51,0.0,0.0,0.0,0.0,7.238508315307561e-11,-7.506995872433663e-09,8.197434452942708e-05,0.0,0.016394868905885415,1.0
11.52,0.0,0.0,0.0,0.0,5.141614731286226e-11,-6.76532414671805e-09,8.010390013579772e-05,0.0,0.016020780027159544,1.0
11.53,0.0,0.0,0.0,0.0,5.6315445521063835e-11,-6.050634370821444e-09,7.819803096574149e-05,0.0,0.015639606193148296,1.0
11.540000000000001,0.0,0.0,0.0,0.0,5.236863298123639e-11,-5.369005355226525e-09,7.625905849906429e-05,0.0,0.015251811699812858,1.0
11.55,0.0,0.0,0.0,0.0,5.488908826920794e-11,-4.708552021447915e-09,7.42917426396196e-05,0.0,0.014858348527923919,1.0
11.56,0.0,0.0,0.0,0.0,3.384241033336965e-11,-4.013155584550146e-09,7.229790846212693e-05,0.0,0.014459581692425385,1.0
11.57,0.0,0.0,0.0,0.0,3.9763974960218197e-11,-3.3621537575520423e-09,7.028188920123342e-05,0.0,0.014056377840246685,1.0
11.58,0.0,0.0,0.0,0.0,2.3719410871450345e-11,-2.709422350726747e-09,6.824537840063782e-05,0.0,0.013649075680127564,1.0
11.59,0.0,0.0,0.0,0.0,1.3013440091803206e-11,-2.0858351812104634e-09,6.619243514383659e-05,0.0,0.013238487028767319,1.0
11.6,0.0,0.0,0.0,0.0,4.132120310531388e-12,-1.4683316914943584e-09,6.412509298146401e-05,0.0,0.012825018596292802,1.0
11.61,0.0,0.0,0.0,0.0,-3.054371559610934e-12,-8.799287036969686e-10,6.204693331045164e-05,0.0,0.012409386662090327,1.0
11.620000000000001,0.0,0.0,0.0,0.0,-1.518135942730336e-12,-3.102965148265418e-10,5.995950895531782e-05,0.0,0.011991901791063563,1.0
11.63,0.0,0.0,0.0,0.0,3.704275891235518e-12,2.3256885058484172e-10,5.7866460096049494e-05,0.0,0.011573292019209898,1.0
11.64,0.0,0.0,0.0,0.0,1.0162093059534525e-12,7.864273447504084e-10,5.57699330559614e-05,0.0,0.01115398661119228,1.0
11.65,0.0,0.0,0.0,0.0,2.1243157143202008e-13,1.3035895321502897e-09,5.367235314893806e-05,0.0,0.010734470629787612,1.0
11.66,0.0,0.0,0.0,0.0,6.030990057903291e-12,1.7984344049642419e-09,5.157598892033608e-05,0.0,0.010315197784067216,1.0
11.67,0.0,0.0,0.0,0.0,2.3679893509978237e-12,2.2771900143509505e-09,4.948310897871464e-05,0.0,0.009896621795742928,1.0
11.68,0.0,0.0,0.0,0.0,-2.6303983383755004e-12,2.7464694841766563e-09,4.7395961620832594e-05,0.0,0.00947919232416652,1.0
11.69,0.0,0.0,0.0,0.0,4.308700796455409e-12,3.198195327345166e-09,4.53168207393507e-05,0.0,0.00906336414787014,1.0
11.700000000000001,0.0,0.0,0.0,0.0,-2.5951271211601355e-12,3.6371419417674712e-09,4.3247492555472904e-05,0.0,0.00864949851109458,1.0
11.71,0.0,0.0,0.0,0.0,4.969349993058626e-12,4.046156497109573e-09,4.119016225263533e-05,0.0,0.008238032450527066,1.0
11.72,0.0,0.0,0.0,0.0,1.587369745227893e-12,4.451899659696546e-09,3.914670232722228e-05,0.0,0.007829340465444456,1.0
11.73,0.0,0.0,0.0,0.0,-1.036807919488882e-13,4.830675241573675e-09,3.711893226795726e-05,0.0,0.0074237864535914525,1.0
11.74,0.0,0.0,0.0,0.0,-4.22118723083105e-12,5.191648658379127e-09,3.510857732487996e-05,0.0,0.007021715464975992,1.0
11.75,0.0,0.0,0.0,0.0,-7.972259248105756e-12,5.5370473646084195e-09,3.3117331729825136e-05,0.0,0.006623466345965027,1.0
11.76,0.0,0.0,0.0,0.0,-1.0036343604067477e-11,5.865166033810935e-09,3.1146891309484894e-05,0.0,0.006229378261896979,1.0
11.77,0.0,0.0,0.0,0.0,-7.085771786234481e-12,6.177420160348106e-09,2.9198677104525325e-05,0.0,0.005839735420905065,1.0
11.78,0.0,0.0,0.0,0.0,-1.9651184692086116e-12,6.4693997852541705e-09,2.7274128101699485e-05,0.0,0.005454825620339897,1.0
11.790000000000001,0.0,0.0,0.0,0.0,2.9519586429695245e-12,6.748360345013815e-09,2.5374763619905587e-05,0.0,0.005074952723981117,1.0
11.8,0.0,0.0,0.0,0.0,-1.3755514176722002e-12,7.016223334933321e-09,2.3501815450542476e-05,0.0,0.004700363090108495,1.0
11.81,0.0,0.0,0.0,0.0,-2.2129892909573244e-12,7.2605440678547124e-09,2.1656553989636934e-05,0.0,0.004331310797927387,1.0
11.82,0.0,0.0,0.0,0.0,-1.3625500271961703e-12,7.491231981341497e-09,1.9840200035684235e-05,0.0,0.003968040007136847,1.0
11.83,0.0,0.0,0.0,0.0,-1.980127026136963e-12,7.708098727579719e-09,1.8053773791062063e-05,0.0,0.0036107547582124124,1.0
11.84,0.0,0.0,0.0,0.0,-2.4101698216183014e-12,7.90368413177025e-09,1.629845859496404e-05,0.0,0.0032596917189928083,1.0
11.85,0.0,0.0,0.0,0.0,-2.7902536782414585e-12,8.09211319600213e-09,1.4575085710996486e-05,0.0,0.0029150171421992973,1.0
11.86,0.0,0.0,0.0,0.0,-1.3385473641741177e-12,8.257578040896628e-09,1.2884653680926117e-05,0.0,0.0025769307361852233,1.0
11.870000000000001,0.0,0.0,0.0,0.0,6.45725847718631e-13,8.417461171916368e-09,1.122794783575786e-05,0.0,0.002245589567151572,1.0
11.88,0.0,0.0,0.0,0.0,4.2649428671920486e-12,8.558200785438776e-09,9.605870545824943e-06,0.0,0.0019211741091649886,1.0
11.89,0.0,0.0,0.0,0.0,2.1801711785106315e-12,8.689386154195575e-09,8.019042843203476e-06,0.0,0.0016038085686406953,1.0
11.9,0.0,0.0,0.0,0.0,3.9701415987156216e-12,8.79907605496726e-09,6.468192159884861e-06,0.0,0.0012936384319769722,1.0
11.91,0.0,0.0,0.0,0.0,-3.862173781969893e-14,8.90249334517278e-09,4.9538272306091435e-06,0.0,0.0009907654461218287,1.0
11.92,0.0,0.0,0.0,0.0,9.77526141258162e-13,8.986469666266275e-09,3.476664860192285e-06,0.0,0.000695332972038457,1.0
11.93,0.0,0.0,0.0,0.0,-1.1348889850675446e-12,9.067974485007701e-09,2.0369589472477283e-06,0.0,0.00040739178944954567,1.0
11.94,0.0,0.0,0.0,0.0,1.701401865664116e-12,9.103319067693673e-09,6.35442160498188e-07,0.0,0.0001270884320996376,1.0
11.950000000000001,0.0,0.0,0.0,0.0,1.891276751626349e-12,9.157862420981394e-09,7.278417458131691e-07,0.0,0.0001455683491626338,1.0
11.96,0.0,0.0,0.0,0.0,1.6408603676012442e-12,9.21017342931732e-09,2.052264884402973e-06,0.0,0.00041045297688059454,1.0
11.97,0.0,0.0,0.0,0.0,2.627249692168049e-12,9.222999056902812e-09,3.3376823615089255e-06,0.0,0.0006675364723017851,1.0
11.98,0.0,0.0,0.0,0.0,-8.561043154213107e-13,9.235333556832835e-09,4.583987773737509e-06,0.0,0.0009167975547475019,1.0
11.99,0.0,0.0,0.0,0.0,-3.0904885465159646e-12,9.281346072240184e-09,5.790768427840236e-06,0.0,0.001158153685568047,1.0
12.0,0.0,0.0,0.0,0.0,-4.620249994996639e-12,9.25259521303716e-09,6.9579729401014955e-06,0.0,0.001391594588020299,1.0
12.01,0.0,0.0,0.0,0.0,-4.955006550535946e-12,9.236294214223247e-09,8.085767970541506e-06,0.0,0.001617153594108301,1.0
12.02,0.0,0.0,0.0,0.0,-2.1701877521862666e-12,9.244209150188051e-09,9.173763587980887e-06,0.0,0.0018347527175961774,1.0
12.030000000000001,0.0,0.0,0.0,0.0,-1.9771701218183586e-12,9.194622041282708e-09,1.0222125693826092e-05,0.0,0.0020444251387652184,1.0
12.040000000000001,0.0,0.0,0.0,0.0,2.6851672627024436e-13,9.257200620136603e-09,1.123096654075182e-05,0.0,0.0022461933081503642,1.0
12.05,0.0,0.0,0.0,0.0,2.8434137767632894e-12,9.21610278984898e-09,1.2200310159939453e-05,0.0,0.0024400620319878904,1.0
12.06,0.0,0.0,0.0,0.0,3.974317469487411e-12,9.147106165324549e-09,1.313033324449873e-05,0.0,0.0026260666488997463,1.0
12.07,0.0,0.0,0.0,0.0,3.820650371071963e-12,9.080016822377795e-09,1.4021170272127905e-05,0.0,0.002804234054425581,1.0
12.08,0.0,0.0,0.0,0.0,2.7277252789383158e-12,9.009336546701798e-09,1.4873041101914827e-05,0.0,0.0029746082203829655,1.0
12.09,0.0,0.0,0.0,0.0,2.8097230247997936e-12,8.927898877287865e-09,1.5686204689426563e-05,0.0,0.0031372409378853127,1.0
12.1,0.0,0.0,0.0,0.0,3.659338150113777e-12,8.838244744848852e-09,1.64608952958411e-05,0.0,0.00329217905916822,1.0
12.11,0.0,0.0,0.0,0.0,1.070539768981222e-12,8.743491451403758e-09,1.7197475952375583e-05,0.0,0.0034394951904751165,1.0
12.120000000000001,0.0,0.0,0.0,0.0,-3.7213596974948325e-13,8.638722166029316e-09,1.7896256474345853e-05,0.0,0.0035792512948691706,1.0
12.13,0.0,0.0,0.0,0.0,-3.245490867972993e-13,8.530342659673019e-09,1.8557625960324202e-05,0.0,0.0037115251920648404,1.0
12.14,0.0,0.0,0.0,0.0,-1.0364037598371453e-12,8.414225477608084e-09,1.9181976183547603e-05,0.0,0.0038363952367095203,1.0
12.15,0.0,0.0,0.0,0.0,-1.1576034731050882e-12,8.293360299663338e-09,1.9769753661741657e-05,0.0,0.003953950732348332,1.0
12.16,0.0,0.0,0.0,0.0,-8.60966105491219e-13,8.165272848040408e-09,2.0321368204812794e-05,0.0,0.004064273640962558,1.0
12.17,0.0,0.0,0.0,0.0,-1.3482533132025239e-12,8.04680277469408e-09,2.082841754661377e-05,0.0,0.004165683509322754,1.0
12.18,0.0,0.0,0.0,0.0,-1.7410248324185309e-12,7.774234631505651e-09,2.128099910809952e-05,0.0,0.004256199821619904,1.0
12.19,0.0,0.0,0.0,0.0,-2.7501619690094845e-12,7.180125661168669e-09,2.1704073422058537e-05,0.0,0.004340814684411707,1.0
12.200000000000001,0.0,0.0,0.0,0.0,-3.453196497741328e-12,7.223222693347487e-09,2.2092889872861326e-05,0.0,0.004418577974572265,1.0
12.21,0.0,0.0,0.0,0.0,-2.9361206013440988e-12,7.035904512170532e-09,2.2450679406518014e-05,0.0,0.004490135881303603,1.0
12.22,0.0,0.0,0.0,0.0,-2.80685438450438e-12,6.906652056662896e-09,2.2777659578763242e-05,0.0,0.004555531915752648,1.0
12.23,0.0,0.0,0.0,0.0,-4.019991552141108e-13,6.7547067485377845e-09,2.3074447563164962e-05,0.0,0.004614889512632992,1.0
12.24,0.0,0.0,0.0,0.0,1.509397779776161e-12,6.598090532236884e-09,2.3341517185255958e-05,0.0,0.004668303437051192,1.0
12.25,0.0,0.0,0.0,0.0,1.41524755892467e-12,6.440318638369424e-09,2.357939113586453e-05,0.0,0.004715878227172906,1.0
12.26,0.0,0.0,0.0,0.0,2.6766679805966267e-13,6.2810456341045555e-09,2.378870970294986e-05,0.0,0.0047577419405899725,1.0
12.27,0.0,0.0,0.0,0.0,6.986126993017933e-14,6.11730434694462e-09,2.397003674085458e-05,0.0,0.004794007348170916,1.0
12.280000000000001,0.0,0.0,0.0,0.0,-5.374953057941641e-14,5.9540080187629965e-09,2.4124028993806072e-05,0.0,0.004824805798761214,1.0
12.290000000000001,0.0,0.0,0.0,0.0,3.1756745350820664e-13,5.788641740856182e-09,2.425134002928406e-05,0.0,0.004850268005856812,1.0
12.3,0.0,0.0,0.0,0.0,6.382615817261284e-13,5.625057187617375e-09,2.4352672280086397e-05,0.0,0.00487053445601728,1.0
12.31,0.0,0.0,0.0,0.0,5.429976469033404e-13,5.461054569930032e-09,2.442861672055093e-05,0.0,0.004885723344110186,1.0
12.32,0.0,0.0,0.0,0.0,-9.987439138124352e-13,5.30419632428666e-09,2.4464976319216612e-05,0.0,0.004892995263843322,1.0
12.33,0.0,0.0,0.0,0.0,-2.06977200075196e-12,5.08333564664268e-09,2.4476686007025282e-05,0.0,0.004895337201405056,1.0
12.34,0.0,0.0,0.0,0.0,-1.2541128434029101e-12,4.957773086545504e-09,2.4464730040073246e-05,0.0,0.004892946008014649,1.0
12.35,0.0,0.0,0.0,0.0,-1.7722356156738694e-12,4.804877598326274e-09,2.443633953210766e-05,0.0,0.004887267906421532,1.0
12.36,0.0,0.0,0.0,0.0,-4.5235011188624254e-13,4.6841950936399325e-09,2.4386132391808887e-05,0.0,0.004877226478361777,1.0
12.370000000000001,0.0,0.0,0.0,0.0,-1.3837930055076684e-12,4.507379354638395e-09,2.4315175523867867e-05,0.0,0.004863035104773573,1.0
12.38,0.0,0.0,0.0,0.0,1.0366406241078496e-12,4.3417218459426675e-09,2.4224094338625803e-05,0.0,0.004844818867725161,1.0
12.39,0.0,0.0,0.0,0.0,4.932699959088069e-13,4.177723544678426e-09,2.41135809056362e-05,0.0,0.00482271618112724,1.0
12.4,0.0,0.0,0.0,0.0,9.935455520354207e-13,4.016720953563909e-09,2.398441896286738e-05,0.0,0.004796883792573476,1.0
12.41,0.0,0.0,0.0,0.0,1.9579147252203305e-12,3.8551835829805565e-09,2.383656006627305e-05,0.0,0.004767312013254609,1.0
12.42,0.0,0.0,0.0,0.0,1.9858583209231653e-12,3.6936977924882665e-09,2.3668819804232537e-05,0.0,0.004733763960846508,1.0
12.43,0.0,0.0,0.0,0.0,1.2665002826823253e-12,3.5328778259273874e-09,2.3482033298872472e-05,0.0,0.004696406659774494,1.0
12.44,0.0,0.0,0.0,0.0,7.346107330671475e-13,3.3741707375132967e-09,2.3277007241431814e-05,0.0,0.004655401448286363,1.0
12.450000000000001,0.0,0.0,0.0,0.0,4.489204164339344e-14,3.2197650017940352e-09,2.3054647957405765e-05,0.0,0.004610929591481153,1.0
12.46,0.0,0.0,0.0,0.0,2.919263458792316e-13,3.062930489696885e-09,2.2815692637879798e-05,0.0,0.00456313852757596,1.0
12.47,0.0,0.0,0.0,0.0,-5.360863716028164e-13,2.911357608599532e-09,2.2560959132400348e-05,0.0,0.00451219182648007,1.0
12.48,0.0,0.0,0.0,0.0,-1.6774470663063287e-13,2.757555496764853e-09,2.229125452365756e-05,0.0,0.0044582509047315115,1.0
12.49,0.0,0.0,0.0,0.0,1.978902912153983e-12,2.6060034193085442e-09,2.2007332805584314e-05,0.0,0.004401466561116863,1.0
12.5,0.0,0.0,0.0,0.0,-6.135812340476305e-13,2.458937974130061e-09,2.169045616209475e-05,0.0,0.004338091232418949,1.0
12.51,0.0,0.0,0.0,0.0,-5.864429296445961e-13,2.2408862074063173e-09,2.1372121450220596e-05,0.0,0.004274424290044119,1.0
12.52,0.0,0.0,0.0,0.0,-2.92430372997072e-12,2.1717898773156557e-09,2.1043024940986317e-05,0.0,0.004208604988197263,1.0
12.530000000000001,0.0,0.0,0.0,0.0,-1.802840495119143e-12,2.0231200912375744e-09,2.070385009595521e-05,0.0,0.004140770019191041,1.0
12.540000000000001,0.0,0.0,0.0,0.0,-1.0426164648745884e-12,1.8829847391568023e-09,2.0355320847658714e-05,0.0,0.004071064169531743,1.0
12.55,0.0,0.0,0.0,0.0,-5.227681247230394e-13,1.7447645835729552e-09,1.9998131890801897e-05,0.0,0.003999626378160379,1.0
12.56,0.0,0.0,0.0,0.0,-3.6898549188952277e-13,1.6098012243762338e-09,1.9632973642568426e-05,0.0,0.003926594728513685,1.0
12.57,0.0,0.0,0.0,0.0,-1.4658609178373024e-13,1.4775750258792473e-09,1.9260534181690454e-05,0.0,0.0038521068363380905,1.0
12.58,0.0,0.0,0.0,0.0,3.0890646142011003e-13,1.3478272454488674e-09,1.8881526167779124e-05,0.0,0.0037763052335558246,1.0
12.59,0.0,0.0,0.0,0.0,9.516111576938758e-13,1.2197694175261403e-09,1.8496654937828285e-05,0.0,0.003699330987565657,1.0
12.6,0.0,0.0,0.0,0.0,1.0565390263993538e-12,1.0944800800036819e-09,1.8106646159199805e-05,0.0,0.003621329231839961,1.0
12.61,0.0,0.0,0.0,0.0,1.6166836409773595e-12,9.714393834196613e-10,1.7712213409954485e-05,0.0,0.003542442681990897,1.0
12.620000000000001,0.0,0.0,0.0,0.0,1.4131475085262763e-12,8.511212189800142e-10,1.7314089122789505e-05,0.0,0.003462817824557901,1.0
12.63,0.0,0.0,0.0,0.0,1.3767465233461036e-12,7.333059749558122e-10,1.691303481464958e-05,0.0,0.0033826069629299157,1.0
12.64,0.0,0.0,0.0,0.0,1.6964252151787783e-12,6.183168280955942e-10,1.650979930426185e-05,0.0,0.00330195986085237,1.0
12.65,0.0,0.0,0.0,0.0,7.455250755800516e-13,5.068556390971014e-10,1.6105096376407013e-05,0.0,0.0032210192752814026,1.0
12.66,0.0,0.0,0.0,0.0,-3.1499804556807963e-13,3.995305821497099e-10,1.5699635362771564e-05,0.0,0.0031399270725543126,1.0
12.67,0.0,0.0,0.0,0.0,-1.0300094664568831e-12,2.9406856886200466e-10,1.5291499003329685e-05,0.0,0.0030582998006659368,1.0
12.68,0.0,0.0,0.0,0.0,-8.152827916120739e-13,1.9252383855155734e-10,1.4879310670226972e-05,0.0,0.0029758621340453943,1.0
12.69,0.0,0.0,0.0,0.0,-4.136474342702061e-13,9.290209825784163e-11,1.44638341266143e-05,0.0,0.00289276682532286,1.0
12.700000000000001,0.0,0.0,0.0,0.0,-6.134192356155359e-13,-2.9462582646993196e-12,1.404588000558955e-05,0.0,0.0028091760011179096,1.0
12.71,0.0,0.0,0.0,0.0,-4.0282974585780227e-13,-9.685738242049459e-11,1.3626228879554144e-05,0.0,0.0027252457759108285,1.0
12.72,0.0,0.0,0.0,0.0,-4.935994837648488e-13,-1.8787094025138447e-10,1.320564589669183e-05,0.0,0.002641129179338366,1.0
12.73,0.0,0.0,0.0,0.0,-6.74309297421823e-13,-2.758703259047014e-10,1.2784859608938635e-05,0.0,0.0025569719217877268,1.0
12.74,0.0,0.0,0.0,0.0,-3.360766017295039e-13,-3.613415105472745e-10,1.2364506907945333e-05,0.0,0.0024729013815890663,1.0
12.75,0.0,0.0,0.0,0.0,-3.4701270446302795e-13,-4.4384567854382097e-10,1.1945170794573302e-05,0.0,0.0023890341589146605,1.0
12.76,0.0,0.0,0.0,0.0,1.3277850392322372e-13,-5.241367913184508e-10,1.1527329048129334e-05,0.0,0.002305465809625867,1.0
12.77,0.0,0.0,0.0,0.0,-3.0991409673117473e-14,-6.016187025208398e-10,1.1111388524172476e-05,0.0,0.002222277704834495,1.0
12.780000000000001,0.0,0.0,0.0,0.0,7.078450535300161e-13,-6.756997952391777e-10,1.0697713528244164e-05,0.0,0.0021395427056488327,1.0
12.790000000000001,0.0,0.0,0.0,0.0,6.042835800795346e-13,-7.46679931882587e-10,1.0286611627192074e-05,0.0,0.002057322325438415,1.0
12.8,0.0,0.0,0.0,0.0,5.491555140246827e-13,-8.140008923675434e-10,9.878396364469647e-06,0.0,0.0019756792728939294,1.0
12.81,0.0,0.0,0.0,0.0,4.4682741146986807e-13,-8.782983557540748e-10,9.473359353079781e-06,0.0,0.0018946718706159562,1.0
12.82,0.0,0.0,0.0,0.0,5.4346487330684457e-14,-9.40093952711478e-10,9.070887804881807e-06,0.0,0.0018141775609763614,1.0
12.83,0.0,0.0,0.0,0.0,-4.662818369896061e-13,-9.978641780750284e-10,8.670835803398456e-06,0.0,0.0017341671606796911,1.0
12.84,0.0,0.0,0.0,0.0,3.7006901020161055e-13,-1.0540972334096879e-09,8.273963614330426e-06,0.0,0.0016547927228660851,1.0
12.85,0.0,0.0,0.0,0.0,5.607184556472063e-13,-1.1093418307064332e-09,7.880887204467369e-06,0.0,0.0015761774408934739,1.0
12.86,0.0,0.0,0.0,0.0,1.0947425614165696e-12,-1.1615324511260126e-09,7.492111050224199e-06,0.0,0.00149842221004484,1.0
12.870000000000001,0.0,0.0,0.0,0.0,1.2953252037897091e-12,-1.2115009423212593e-09,7.108102045799074e-06,0.0,0.0014216204091598147,1.0
12.88,0.0,0.0,0.0,0.0,1.3711922689125158e-12,-1.2578256324096455e-09,6.729235591303923e-06,0.0,0.0013458471182607845,1.0
12.89,0.0,0.0,0.0,0.0,2.987608140185296e-13,-1.3009462771653556e-09,6.355812294764337e-06,0.0,0.0012711624589528674,1.0
12.9,0.0,0.0,0.0,0.0,-2.14689653491017e-13,-1.3404772978861092e-09,5.988117678643388e-06,0.0,0.0011976235357286777,1.0
12.91,0.0,0.0,0.0,0.0,-5.616908044579533e-13,-1.3781382297681542e-09,5.62640173561685e-06,0.0,0.00112528034712337,1.0
12.92,0.0,0.0,0.0,0.0,-2.399489871965475e-13,-1.4122082539544402e-09,5.270875034090597e-06,0.0,0.0010541750068181193,1.0
12.93,0.0,0.0,0.0,0.0,6.292274937901406e-13,-1.4441995252168775e-09,4.921715790627905e-06,0.0,0.000984343158125581,1.0
12.94,0.0,0.0,0.0,0.0,5.974913988530228e-13,-1.4729900725228545e-09,4.579114842679808e-06,0.0,0.0009158229685359616,1.0
12.950000000000001,0.0,0.0,0.0,0.0,9.422900263362267e-13,-1.5003937723509123e-09,4.243206773273017e-06,0.0,0.0008486413546546033,1.0
12.96,0.0,0.0,0.0,0.0,2.885750039840492e-13,-1.5237650389462991e-09,3.914137809382091e-06,0.0,0.0007828275618764183,1.0
12.97,0.0,0.0,0.0,0.0,-2.860337191556222e-13,-1.5459761564172549e-09,3.5920113975776547e-06,0.0,0.0007184022795155309,1.0
12.98,0.0,0.0,0.0,0.0,-5.854444883409755e-13,-1.5652230718824545e-09,3.276936219265703e-06,0.0,0.0006553872438531406,1.0
12.99,0.0,0.0,0.0,0.0,-1.952843719804673e-13,-1.583027827818045e-09,2.9690164703716528e-06,0.0,0.0005938032940743305,1.0
13.0,0.0,0.0,0.0,0.0,1.2232491487786394e-13,-1.5985597972436674e-09,2.668332162241474e-06,0.0,0.0005336664324482949,1.0
13.01,0.0,0.0,0.0,0.0,7.414597154613777e-13,-1.6114950259043315e-09,2.374953256595131e-06,0.0,0.00047499065131902617,1.0
13.02,0.0,0.0,0.0,0.0,6.19269032867259e-13,-1.622331730290379e-09,2.0889425201905376e-06,0.0,0.0004177885040381075,1.0
13.030000000000001,0.0,0.0,0.0,0.0,5.383483089520959e-13,-1.6310412373535836e-09,1.8103561254596698e-06,0.0,0.00036207122509193397,1.0
13.040000000000001,0.0,0.0,0.0,0.0,-6.433486865033672e-14,-1.6380059476849719e-09,1.5392300753847975e-06,0.0,0.0003078460150769595,1.0
13.05,0.0,0.0,0.0,0.0,-7.551276795255095e-13,-1.643167018542336e-09,1.2755976043560085e-06,0.0,0.0002551195208712017,1.0
13.06,0.0,0.0,0.0,0.0,-4.233336049481339e-13,-1.6466043124985495e-09,1.019498664101315e-06,0.0,0.000203899732820263,1.0
13.07,0.0,0.0,0.0,0.0,-5.890343349559536e-13,-1.6486208439139222e-09,7.709458533335679e-07,0.0,0.0001541891706667136,1.0
13.08,0.0,0.0,0.0,0.0,-4.999272941491262e-14,-1.6483468826936898e-09,5.299472865103499e-07,0.0,0.00010598945730206997,1.0
13.09,0.0,0.0,0.0,0.0,-2.1776299413520644e-13,-1.6465712253707845e-09,2.9650864177196507e-07,0.0,5.930172835439301e-05,1.0
13.1,0.0,0.0,0.0,0.0,1.3471892091004842e-13,-1.6431148519543478e-09,7.063388926860021e-08,0.0,1.4126777853720042e-05,1.0
13.11,0.0,0.0,0.0,0.0,1.465969416450739e-14,-1.6380948072720045e-09,1.4769585298241551e-07,0.0,2.9539170596483103e-05,1.0
13.120000000000001,0.0,0.0,0.0,0.0,1.453915361318181e-13,-1.6312747258079223e-09,3.5850233866356084e-07,0.0,7.170046773271216e-05,1.0
13.13,0.0,0.0,0.0,0.0,-2.2018756050199536e-14,-1.6230358860145403e-09,5.617982644099051e-07,0.0,0.00011235965288198102,1.0
13.14,0.0,0.0,0.0,0.0,4.4748575849740203e-13,-1.6138953908896678e-09,7.57624239896052e-07,0.0,0.0001515248479792104,1.0
13.15,0.0,0.0,0.0,0.0,4.744583740395944e-13,-1.6028418435002079e-09,9.460151540839626e-07,0.0,0.00018920303081679252,1.0
13.16,0.0,0.0,0.0,0.0,5.907336367895963e-13,-1.5909938998236671e-09,1.1270165916513604e-06,0.0,0.00022540331833027208,1.0
13.17,0.0,0.0,0.0,0.0,4.803967772035904e-13,-1.5775987070830587e-09,1.3006690467944147e-06,0.0,0.00026013380935888293,1.0
13.18,0.0,0.0,0.0,0.0,6.49148294692687e-14,-1.5633998035448483e-09,1.4670387960984346e-06,0.0,0.0002934077592196869,1.0
13.19,0.0,0.0,0.0,0.0,8.796396266620532e-14,-1.5473753357859702e-09,1.6261780638358264e-06,0.0,0.0003252356127671653,1.0
13.200000000000001,0.0,0.0,0.0,0.0,2.0913366163943225e-13,-1.5308848633780693e-09,1.7781597401689793e-06,0.0,0.00035563194803379586,1.0
13.21,0.0,0.0,0.0,0.0,4.10222335815891e-13,-1.5129984487357458e-09,1.923052111095887e-06,0.0,0.0003846104222191774,1.0
13.22,0.0,0.0,0.0,0.0,4.562966145086462e-13,-1.494670492600825e-09,2.0609355514451234e-06,0.0,0.00041218711028902466,1.0
13.23,0.0,0.0,0.0,0.0,4.016535626736028e-13,-1.4752253997963075e-09,2.191884187176748e-06,0.0,0.00043837683743534956,1.0
13.24,0.0,0.0,0.0,0.0,5.788909785232495e-13,-1.4547755485599588e-09,2.3159751612332254e-06,0.0,0.0004631950322466451,1.0
13.25,0.0,0.0,0.0,0.0,1.2433340192836705e-13,-1.4330686742034336e-09,2.4333074782048565e-06,0.0,0.0004866614956409713,1.0
13.26,0.0,0.0,0.0,0.0,1.931213236891746e-13,-1.4101162287201076e-09,2.5439806088910766e-06,0.0,0.0005087961217782153,1.0
13.27,0.0,0.0,0.0,0.0,2.411649118885682e-13,-1.3864680677780075e-09,2.648082221229041e-06,0.0,0.0005296164442458082,1.0
13.280000000000001,0.0,0.0,0.0,0.0,2.35881454464802e-13,-1.3627934619241244e-09,2.745723110348874e-06,0.0,0.0005491446220697747,1.0
13.290000000000001,0.0,0.0,0.0,0.0,2.6361824618129777e-13,-1.3378994260293327e-09,2.8369985444615816e-06,0.0,0.0005673997088923163,1.0
13.3,0.0,0.0,0.0,0.0,3.9460549743783597e-13,-1.3128171044698776e-09,2.9220209862592614e-06,0.0,0.0005844041972518523,1.0
13.31,0.0,0.0,0.0,0.0,6.50105933559884e-14,-1.286703295308626e-09,3.0009000391369375e-06,0.0,0.0006001800078273875,1.0
13.32,0.0,0.0,0.0,0.0,-1.730443859989755e-14,-1.2601493224664544e-09,3.0737508261794272e-06,0.0,0.0006147501652358855,1.0
13.33,0.0,0.0,0.0,0.0,1.3388526991084342e-13,-1.2332730994509758e-09,3.140695615230395e-06,0.0,0.000628139123046079,1.0
13.34,0.0,0.0,0.0,0.0,-1.6720673811006619e-13,-1.2062697011764764e-09,3.2018556418805256e-06,0.0,0.0006403711283761051,1.0
13.35,0.0,0.0,0.0,0.0,-3.5402400637874264e-13,-1.1789383739047169e-09,3.257336789812828e-06,0.0,0.0006514673579625656,1.0
13.36,0.0,0.0,0.0,0.0,-2.5641151762856824e-14,-1.1515657973177844e-09,3.3072697085903353e-06,0.0,0.000661453941718067,1.0
13.370000000000001,0.0,0.0,0.0,0.0,-3.2087845219852677e-13,-1.1229364578963e-09,3.3517804885256964e-06,0.0,0.0006703560977051392,1.0
13.38,0.0,0.0,0.0,0.0,-8.316176149233071e-13,-1.0939419203011077e-09,3.390992536578945e-06,0.0,0.0006781985073157891,1.0
13.39,0.0,0.0,0.0,0.0,-5.932608854885424e-13,-1.0648772780515645e-09,3.4250426514488936e-06,0.0,0.0006850085302897787,1.0
13.4,0.0,0.0,0.0,0.0,-5.961753305182631e-13,-1.0356426337173289e-09,3.4540615977117334e-06,0.0,0.0006908123195423466,1.0
13.41,0.0,0.0,0.0,0.0,-3.227660838953725e-13,-1.0063678474358402e-09,3.478167775054325e-06,0.0,0.0006956335550108649,1.0
13.42,0.0,0.0,0.0,0.0,7.488825520046838e-14,-9.774390823489294e-10,3.4975059214210306e-06,0.0,0.0006995011842842061,1.0
13.43,0.0,0.0,0.0,0.0,1.06398618199854e-13,-9.473947093589785e-10,3.512196454350952e-06,0.0,0.0007024392908701904,1.0
13.44,0.0,0.0,0.0,0.0,2.725984930902407e-13,-9.181488819798743e-10,3.5223896834514164e-06,0.0,0.0007044779366902833,1.0
13.450000000000001,0.0,0.0,0.0,0.0,-3.2897107879150767e-13,-8.883030982926995e-10,3.528212668367159e-06,0.0,0.0007056425336734318,1.0
13.46,0.0,0.0,0.0,0.0,-7.81793365062941e-14,-8.595830417721339e-10,3.5298029471164233e-06,0.0,0.0007059605894232846,1.0
13.47,0.0,0.0,0.0,0.0,-1.0765605215290315e-13,-8.304789944327152e-10,3.527281650042145e-06,0.0,0.000705456330008429,1.0
13.48,0.0,0.0,0.0,0.0,3.112436353108167e-13,-8.015810488575157e-10,3.520790375868733e-06,0.0,0.0007041580751737465,1.0
13.49,0.0,0.0,0.0,0.0,3.9005335227626085e-13,-7.718357488522126e-10,3.5104619005922784e-06,0.0,0.0007020923801184557,1.0
13.5,0.0,0.0,0.0,0.0,-2.669498626372658e-13,-7.422537849828209e-10,3.496435413651244e-06,0.0,0.0006992870827302488,1.0
13.51,0.0,0.0,0.0,0.0,-3.193713297775837e-14,-7.127104326454421e-10,3.478844339898202e-06,0.0,0.0006957688679796403,1.0
13.52,0.0,0.0,0.0,0.0,-5.678922326871392e-13,-6.837242376717956e-10,3.4578228891998516e-06,0.0,0.0006915645778399703,1.0
13.530000000000001,0.0,0.0,0.0,0.0,-2.1389276201730145e-13,-6.551538351391731e-10,3.433504372839686e-06,0.0,0.0006867008745679371,1.0
13.540000000000001,0.0,0.0,0.0,0.0,-9.093714297296782e-13,-6.260902056305956e-10,3.405999261494077e-06,0.0,0.0006811998522988155,1.0
13.55,0.0,0.0,0.0,0.0,-1.3000967361624774e-12,-5.975612280117879e-10,3.3754641679435704e-06,0.0,0.0006750928335887141,1.0
13.56,0.0,0.0,0.0,0.0,-1.3427322841107995e-12,-5.685616411627953e-10,3.3420412021935895e-06,0.0,0.0006684082404387179,1.0
13.57,0.0,0.0,0.0,0.0,-1.3184038993653285e-12,-5.406494128988274e-10,3.305836569242501e-06,0.0,0.0006611673138485002,1.0
13.58,0.0,0.0,0.0,0.0,-4.3457007691466263e-13,-5.143613641060523e-10,3.266986063098512e-06,0.0,0.0006533972126197023,1.0
13.59,0.0,0.0,0.0,0.0,-5.955848267572907e-14,-4.872514851606631e-10,3.2256077181841207e-06,0.0,0.0006451215436368242,1.0
13.6,0.0,0.0,0.0,0.0,4.330258476308549e-14,-4.6067010451551595e-10,3.181836864454728e-06,0.0,0.0006363673728909455,1.0
13.61,0.0,0.0,0.0,0.0,3.0421493807462536e-14,-4.3395865847729434e-10,3.1357976974267285e-06,0.0,0.0006271595394853457,1.0
13.620000000000001,0.0,0.0,0.0,0.0,-1.180452075967711e-13,-4.0779858815004024e-10,3.087605954633433e-06,0.0,0.0006175211909266866,1.0
13.63,0.0,0.0,0.0,0.0,9.328021282407285e-13,-3.8238547926437555e-10,3.037391917927174e-06,0.0,0.0006074783835854347,1.0
13.64,0.0,0.0,0.0,0.0,7.332207645427205e-13,-3.5648558205242497e-10,2.9852560682255567e-06,0.0,0.0005970512136451113,1.0
13.65,0.0,0.0,0.0,0.0,1.5699979435523533e-12,-3.3194374708572147e-10,2.931341888962609e-06,0.0,0.0005862683777925218,1.0
13.66,0.0,0.0,0.0,0.0,1.5144774807019611e-12,-3.0683748905202076e-10,2.8757559968274556e-06,0.0,0.0005751511993654911,1.0
13.67,0.0,0.0,0.0,0.0,1.3748611004935811e-12,-2.8334530126353494e-10,2.8186053436392863e-06,0.0,0.0005637210687278573,1.0
13.68,0.0,0.0,0.0,0.0,1.0013838370386694e-12,-2.6010397586685466e-10,2.7600024054170214e-06,0.0,0.0005520004810834043,1.0
13.69,0.0,0.0,0.0,0.0,3.356384334325151e-14,-2.3692477083719735e-10,2.7000601818865336e-06,0.0,0.0005400120363773067,1.0
13.700000000000001,0.0,0.0,0.0,0.0,6.006039542861831e-13,-2.1453702474778668e-10,2.638899703760191e-06,0.0,0.0005277799407520381,1.0
13.71,0.0,0.0,0.0,0.0,3.523431446071979e-13,-1.927733895479991e-10,2.576615040782093e-06,0.0,0.0005153230081564186,1.0
13.72,0.0,0.0,0.0,0.0,1.3891974806438557e-12,-1.7153396002584524e-10,2.5132859423962236e-06,0.0,0.0005026571884792447,1.0
13.73,0.0,0.0,0.0,0.0,1.5180469382509183e-12,-1.5061077736839552e-10,2.4490417463750393e-06,0.0,0.0004898083492750079,1.0
13.74,0.0,0.0,0.0,0.0,1.7761028064496866e-12,-1.2832774756053003e-10,2.383973258498942e-06,0.0,0.0004767946516997884,1.0
13.75,0.0,0.0,0.0,0.0,1.4796166676040067e-12,-1.0777271094365282e-10,2.3181859643672337e-06,0.0,0.00046363719287344674,1.0
13.76,0.0,0.0,0.0,0.0,1.9794476468061453e-12,-8.784163144771993e-11,2.2517750629108816e-06,0.0,0.0004503550125821763,1.0
13.77,0.0,0.0,0.0,0.0,9.56081259791453e-13,-6.890744164766033e-11,2.1848252938853167e-06,0.0,0.00043696505877706334,1.0
13.780000000000001,0.0,0.0,0.0,0.0,4.320403288634447e-13,-5.057034992159679e-11,2.1174224963179687e-06,0.0,0.00042348449926359375,1.0
13.790000000000001,0.0,0.0,0.0,0.0,-1.1100108192446634e-12,-3.225907633974904e-11,2.049655847029723e-06,0.0,0.00040993116940594456,1.0
13.8,0.0,0.0,0.0,0.0,-6.955085709393139e-13,-1.4014268867044043e-11,1.9816168257012816e-06,0.0,0.0003963233651402563,1.0
13.81,0.0,0.0,0.0,0.0,-1.7167865035373381e-12,3.876079159399315e-12,1.913384423407268e-06,0.0,0.00038267688468145356,1.0
13.82,0.0,0.0,0.0,0.0,-1.4311050120250389e-12,2.0781625171045343e-11,1.8450461136769149e-06,0.0,0.000369009222735383,1.0
13.83,0.0,0.0,0.0,0.0,-1.5089060986912079e-12,3.702240861470918e-11,1.7766797265689203e-06,0.0,0.00035533594531378404,1.0
13.84,0.0,0.0,0.0,0.0,-7.46904295156111e-13,5.217895948108317e-11,1.7083597399659557e-06,0.0,0.00034167194799319115,1.0
13.85,0.0,0.0,0.0,0.0,-5.441390448997051e-13,6.675583859055699e-11,1.6401513844043164e-06,0.0,0.0003280302768808633,1.0
13.86,0.0,0.0,0.0,0.0,-1.293898750082297e-13,8.091191062816831e-11,1.5721290471844823e-06,0.0,0.00031442580943689643,1.0
13.870000000000001,0.0,0.0,0.0,0.0,-5.696707619474374e-13,9.485572137282387e-11,1.5043672536341626e-06,0.0,0.00030087345072683254,1.0
13.88,0.0,0.0,0.0,0.0,-3.644507897705788e-13,1.0848451544985843e-10,1.4369231433883542e-06,0.0,0.0002873846286776708,1.0
13.89,0.0,0.0,0.0,0.0,3.0755358648129485e-14,1.2058885659264638e-10,1.3698785108982666e-06,0.0,0.0002739757021796533,1.0
13.9,0.0,0.0,0.0,0.0,7.759087193883635e-13,1.3291247480325186e-10,1.3032734740470474e-06,0.0,0.00026065469480940947,1.0
13.91,0.0,0.0,0.0,0.0,1.3319118429714338e-12,1.4334605918728528e-10,1.237180958891497e-06,0.0,0.0002474361917782994,1.0
13.92,0.0,0.0,0.0,0.0,1.224553177568729e-12,1.5495035437636723e-10,1.1716321807855961e-06,0.0,0.00023432643615711922,1.0
13.93,0.0,0.0,0.0,0.0,1.3165535263072282e-12,1.6547535004097884e-10,1.1066961034941498e-06,0.0,0.00022133922069882996,1.0
13.94,0.0,0.0,0.0,0.0,1.1834248683282942e-12,1.7657189388295607e-10,1.042439517089062e-06,0.0,0.00020848790341781239,1.0
13.950000000000001,0.0,0.0,0.0,0.0,1.8176011153074713e-12,1.8657234986899572e-10,9.789026422961601e-07,0.0,0.00019578052845923202,1.0
13.96,0.0,0.0,0.0,0.0,1.4753072655964922e-12,1.9545786703381913e-10,9.16116862466023e-07,0.0,0.0001832233724932046,1.0
13.97,0.0,0.0,0.0,0.0,1.5337732322847836e-12,2.0377326735710903e-10,8.541437246902502e-07,0.0,0.00017082874493805003,1.0
13.98,0.0,0.0,0.0,0.0,3.6078527912117155e-13,2.1278015398883967e-10,7.93014677469954e-07,0.0,0.0001586029354939908,1.0
13.99,0.0,0.0,0.0,0.0,-5.513651992349832e-13,2.2062465770737886e-10,7.32775925699925e-07,0.0,0.000146555185139985,1.0
14.0,0.0,0.0,0.0,0.0,-1.3615797413362732e-12,2.2759225126686054e-10,6.7348758925238e-07,0.0,0.000134697517850476,1.0
14.01,0.0,0.0,0.0,0.0,-2.5311787141726285e-12,2.3448071279977214e-10,6.151459810743242e-07,0.0,0.00012302919621486484,1.0
14.02,0.0,0.0,0.0,0.0,-1.436192194223331e-12,2.394156750464473e-10,5.577987954129492e-07,0.0,0.00011155975908258983,1.0
14.030000000000001,0.0,0.0,0.0,0.0,-6.1771323209645e-13,2.4585572164197024e-10,5.014821837205562e-07,0.0,0.00010029643674411123,1.0
14.040000000000001,0.0,0.0,0.0,0.0,5.521316199026155e-13,2.5155690333004856e-10,4.4622283058922654e-07,0.0,8.924456611784531e-05,1.0
14.05,0.0,0.0,0.0,0.0,1.917783284275498e-12,2.5677342806109724e-10,3.9204473734655706e-07,0.0,7.840894746931141e-05,1.0
14.06,0.0,0.0,0.0,0.0,1.7344908154000204e-12,2.6135953941417625e-10,3.389830175438695e-07,0.0,6.779660350877389e-05,1.0
14.07,0.0,0.0,0.0,0.0,1.6610231828640286e-12,2.6564014531494907e-10,2.8705620963802e-07,0.0,5.7411241927604e-05,1.0
14.08,0.0,0.0,0.0,0.0,4.878465001182934e-13,2.6930896759399003e-10,2.362741551002141e-07,0.0,4.725483102004282e-05,1.0
14.09,0.0,0.0,0.0,0.0,8.917437154737461e-13,2.723083269738963e-10,1.8667619068282984e-07,0.0,3.733523813656597e-05,1.0
14.1,0.0,0.0,0.0,0.0,1.7390940399568073e-12,2.7530813353291166e-10,1.382782338283201e-07,0.0,2.765564676566402e-05,1.0
14.11,0.0,0.0,0.0,0.0,2.492441693542529e-12,2.7747375153625496e-10,9.107266086541619e-08,0.0,1.821453217308324e-05,1.0
14.120000000000001,0.0,0.0,0.0,0.0,1.6597646044563926e-12,2.7874310184750993e-10,4.509368642189538e-08,0.0,9.018737284379076e-06,1.0
14.13,0.0,0.0,0.0,0.0,2.0735421370104002e-13,2.8169786400295565e-10,3.328259065743649e-10,0.0,6.656518131487298e-08,1.0
14.14,0.0,0.0,0.0,0.0,-1.0298327804313235e-14,2.832336716912366e-10,4.317983457800216e-08,0.0,8.635966915600432e-06,1.0
14.15,0.0,0.0,0.0,0.0,-6.503419407244106e-13,2.852094236177505e-10,8.542836793634017e-08,0.0,1.708567358726803e-05,1.0
14.16,0.0,0.0,0.0,0.0,4.582954493696415e-13,2.8556096176302353e-10,1.2641078555433094e-07,0.0,2.5282157110866186e-05,1.0
14.17,0.0,0.0,0.0,0.0,8.563254017711651e-13,2.845600189088828e-10,1.6612022028595725e-07,0.0,3.322404405719145e-05,1.0
14.18,0.0,0.0,0.0,0.0,1.118351674934203e-12,2.841992086208342e-10,2.0459110877243373e-07,0.0,4.0918221754486746e-05,1.0
14.19,0.0,0.0,0.0,0.0,1.2599115843632444e-12,2.8264442703008065e-10,2.4176887674147986e-07,0.0,4.835377534829597e-05,1.0
14.200000000000001,0.0,0.0,0.0,0.0,-3.298043095744088e-13,2.839179952662912e-10,2.7768874942864685e-07,0.0,5.553774988572937e-05,1.0
14.21,0.0,0.0,0.0,0.0,-2.288806304160867e-13,2.8260819542448515e-10,3.123268261094935e-07,0.0,6.24653652218987e-05,1.0
14.22,0.0,0.0,0.0,0.0,-2.7849863735566263e-13,2.827596730277833e-10,3.4568618686909154e-07,0.0,6.91372373738183e-05,1.0
14.23,0.0,0.0,0.0,0.0,-2.4611620563060206e-14,2.817545451545505e-10,3.7775391628856615e-07,0.0,7.555078325771323e-05,1.0
14.24,0.0,0.0,0.0,0.0,-9.69197740749125e-14,2.8070141947248024e-10,4.085462247490874e-07,0.0,8.170924494981748e-05,1.0
14.25,0.0,0.0,0.0,0.0,-1.050356279109787e-14,2.783145266060893e-10,4.38061675898487e-07,0.0,8.761233517969739e-05,1.0
14.26,0.0,0.0,0.0,0.0,-2.554962085075462e-13,2.7592675160147594e-10,4.6630252415297705e-07,0.0,9.32605048305954e-05,1.0
14.27,0.0,0.0,0.0,0.0,-2.347770279298372e-13,2.7339068316639254e-10,4.932885687155297e-07,0.0,9.865771374310595e-05,1.0
14.280000000000001,0.0,0.0,0.0,0.0,-2.774504397563394e-13,2.705091163146977e-10,5.190262258895357e-07,0.0,0.00010380524517790712,1.0
14.290000000000001,0.0,0.0,0.0,0.0,4.1087095635891833e-13,2.67713937396957e-10,5.435068856701177e-07,0.0,0.00010870137713402353,1.0
14.3,0.0,0.0,0.0,0.0,6.931017615883168e-13,2.6530204408829643e-10,5.667639493740157e-07,0.0,0.00011335278987480313,1.0
14.31,0.0,0.0,0.0,0.0,1.3992127295865067e-12,2.6134717748983976e-10,5.887907990022012e-07,0.0,0.00011775815980044023,1.0
14.32,0.0,0.0,0.0,0.0,1.3348505176051683e-12,2.5809977622885073e-10,6.096013685363089e-07,0.0,0.00012192027370726178,1.0
14.33,0.0,0.0,0.0,0.0,6.459453016276077e-13,2.5414739667464894e-10,6.292228420098182e-07,0.0,0.00012584456840196364,1.0
14.34,0.0,0.0,0.0,0.0,1.4153355474133204e-12,2.500847830640021e-10,6.476687985759405e-07,0.0,0.0001295337597151881,1.0
14.35,0.0,0.0,0.0,0.0,1.0855396183240517e-12,2.467537044844275e-10,6.649500872878118e-07,0.0,0.00013299001745756237,1.0
14.36,0.0,0.0,0.0,0.0,7.183345950808135e-13,2.436547006139187e-10,6.810810315746925e-07,0.0,0.0001362162063149385,1.0
14.370000000000001,0.0,0.0,0.0,0.0,-7.51626156697556e-14,2.4002577834566955e-10,6.960725926655897e-07,0.0,0.00013921451853311795,1.0
14.38,0.0,0.0,0.0,0.0,-3.174919372562806e-13,2.36112009468325e-10,7.099466254143768e-07,0.0,0.00014198932508287536,1.0
14.39,0.0,0.0,0.0,0.0,-4.655976115388541e-13,2.3157758419275572e-10,7.227211674617117e-07,0.0,0.00014454423349234235,1.0
14.4,0.0,0.0,0.0,0.0,-4.3929964358829654e-13,2.2649146427290527e-10,7.344046257184619e-07,0.0,0.00014688092514369237,1.0
14.41,0.0,0.0,0.0,0.0,-7.427150096294672e-13,2.2156862312848253e-10,7.450364978124575e-07,0.0,0.0001490072995624915,1.0
14.42,0.0,0.0,0.0,0.0,-3.187443817893799e-13,2.16194558855336e-10,7.546379689428687e-07,0.0,0.00015092759378857373,1.0
14.43,0.0,0.0,0.0,0.0,-7.622404166906837e-13,2.1157314030758561e-10,7.632137383502804e-07,0.0,0.00015264274767005608,1.0
14.44,0.0,0.0,0.0,0.0,-4.740942369824712e-13,2.0768633675929094e-10,7.707999233576649e-07,0.0,0.00015415998467153296,1.0
14.450000000000001,0.0,0.0,0.0,0.0,-6.886379647707283e-13,2.026297836539567e-10,7.774012924072892e-07,0.0,0.00015548025848145783,1.0
14.46,0.0,0.0,0.0,0.0,-5.887613336335088e-13,1.9817682800270572e-10,7.83046352398399e-07,0.0,0.0001566092704796798,1.0
14.47,0.0,0.0,0.0,0.0,-7.001650434526212e-13,1.9275903469572338e-10,7.877602235356001e-07,0.0,0.00015755204470712002,1.0
14.48,0.0,0.0,0.0,0.0,-3.663490217236076e-13,1.874080624941359e-10,7.915638100259054e-07,0.0,0.0001583127620051811,1.0
14.49,0.0,0.0,0.0,0.0,3.654059267190157e-14,1.8221402759954988e-10,7.94481263454168e-07,0.0,0.0001588962526908336,1.0
14.5,0.0,0.0,0.0,0.0,-1.552307774545695e-13,1.768352736008071e-10,7.965322273750083e-07,0.0,0.00015930644547500165,1.0
14.51,0.0,0.0,0.0,0.0,-1.8734612104793004e-14,1.7166085738841695e-10,7.977473813004483e-07,0.0,0.00015954947626008967,1.0
14.52,0.0,0.0,0.0,0.0,-7.397233443273256e-14,1.6639260775699244e-10,7.981480269623071e-07,0.0,0.00015962960539246142,1.0
14.530000000000001,0.0,0.0,0.0,0.0,-7.899976742023291e-14,1.6121882712121524e-10,7.977481640928971e-07,0.0,0.00015954963281857943,1.0
14.540000000000001,0.0,0.0,0.0,0.0,-1.4114122431633406e-13,1.5606619829857911e-10,7.965798729122876e-07,0.0,0.0001593159745824575,1.0
14.55,0.0,0.0,0.0,0.0,3.2700139448637423e-13,1.5024507659861148e-10,7.946643675036652e-07,0.0,0.00015893287350073304,1.0
14.56,0.0,0.0,0.0,0.0,5.386906820119423e-13,1.4483309428051695e-10,7.920329801973104e-07,0.0,0.00015840659603946208,1.0
14.57,0.0,0.0,0.0,0.0,4.0007239197786803e-13,1.3944656280259922e-10,7.887071413748482e-07,0.0,0.00015774142827496964,1.0
14.58,0.0,0.0,0.0,0.0,3.899964492491873e-13,1.3440655008882616e-10,7.847056630397397e-07,0.0,0.00015694113260794794,1.0
14.59,0.0,0.0,0.0,0.0,2.01840502401075e-13,1.293715156366176e-10,7.800544485697938e-07,0.0,0.00015601088971395875,1.0
14.6,0.0,0.0,0.0,0.0,4.0974665048242283e-13,1.240733988623813e-10,7.74779183413898e-07,0.0,0.00015495583668277961,1.0
14.61,0.0,0.0,0.0,0.0,5.254267591303566e-13,1.1873278099507288e-10,7.689020057228235e-07,0.0,0.0001537804011445647,1.0
14.620000000000001,0.0,0.0,0.0,0.0,5.169374345823944e-13,1.1341523584508357e-10,7.624464937787304e-07,0.0,0.0001524892987557461,1.0
14.63,0.0,0.0,0.0,0.0,2.647025685547924e-13,1.0822054657448764e-10,7.55467381552588e-07,0.0,0.0001510934763105176,1.0
14.64,0.0,0.0,0.0,0.0,1.5647764448324147e-13,1.0326078303223389e-10,7.479567468933067e-07,0.0,0.00014959134937866134,1.0
14.65,0.0,0.0,0.0,0.0,-1.5660082543566085e-13,9.846067740174145e-11,7.399408198101554e-07,0.0,0.00014798816396203107,1.0
14.66,0.0,0.0,0.0,0.0,-1.729387597374232e-14,9.35619805581893e-11,7.314377096972159e-07,0.0,0.00014628754193944318,1.0
14.67,0.0,0.0,0.0,0.0,-1.4715097733070367e-13,8.88394422760812e-11,7.224700979234206e-07,0.0,0.0001444940195846841,1.0
14.68,0.0,0.0,0.0,0.0,3.765314846575326e-14,8.388484207582358e-11,7.130651188755359e-07,0.0,0.0001426130237751072,1.0
14.69,0.0,0.0,0.0,0.0,1.9834963568446768e-13,7.879952309683301e-11,7.032440252687888e-07,0.0,0.00014064880505375776,1.0
14.700000000000001,0.0,0.0,0.0,0.0,3.334352481411506e-13,7.395271879411755e-11,6.930300460222909e-07,0.0,0.00013860600920445818,1.0
14.71,0.0,0.0,0.0,0.0,2.0732231077620452e-13,6.91549153006394e-11,6.824464426167755e-07,0.0,0.0001364892885233551,1.0
14.72,0.0,0.0,0.0,0.0,2.8428795242114884e-13,6.438178161415322e-11,6.715119466266901e-07,0.0,0.00013430238932533802,1.0
14.73,0.0,0.0,0.0,0.0,3.1928559096802865e-13,5.978558496514172e-11,6.602515328365392e-07,0.0,0.00013205030656730782,1.0
14.74,0.0,0.0,0.0,0.0,3.3659733904242293e-13,5.5144798880628546e-11,6.486875136368689e-07,0.0,0.00012973750272737378,1.0
14.75,0.0,0.0,0.0,0.0,3.2635814067602693e-13,5.075452979074313e-11,6.36839914925271e-07,0.0,0.0001273679829850542,1.0
14.76,0.0,0.0,0.0,0.0,2.419859974494398e-13,4.659996488171356e-11,6.247297958672475e-07,0.0,0.0001249459591734495,1.0
14.77,0.0,0.0,0.0,0.0,3.2296767942974237e-13,4.249097051754551e-11,6.123756385385706e-07,0.0,0.00012247512770771412,1.0
14.780000000000001,0.0,0.0,0.0,0.0,3.19655793168247e-13,3.841387656076333e-11,5.997961756909434e-07,0.0,0.00011995923513818867,1.0
14.790000000000001,0.0,0.0,0.0,0.0,2.145800864040853e-13,3.4377399146229085e-11,5.870149543043111e-07,0.0,0.00011740299086086222,1.0
14.8,0.0,0.0,0.0,0.0,9.363766072814695e-14,3.025485638606539e-11,5.740489880839612e-07,0.0,0.00011480979761679223,1.0
14.81,0.0,0.0,0.0,0.0,-1.0169443656517997e-13,2.6389866513946765e-11,5.609165944683253e-07,0.0,0.00011218331889366506,1.0
14.82,0.0,0.0,0.0,0.0,-2.739979078867535e-13,2.2576087149397566e-11,5.476378519691017e-07,0.0,0.00010952757039382033,1.0
14.83,0.0,0.0,0.0,0.0,-1.672762013805605e-13,1.8826128476515863e-11,5.342303417353513e-07,0.0,0.00010684606834707026,1.0
14.84,0.0,0.0,0.0,0.0,-2.0173051846405583e-13,1.53079595347006e-11,5.207128489939009e-07,0.0,0.00010414256979878017,1.0
14.85,0.0,0.0,0.0,0.0,-1.9056393386707243e-13,1.188033654210114e-11,5.071006170347505e-07,0.0,0.00010142012340695009,1.0
14.86,0.0,0.0,0.0,0.0,-4.075643607242399e-14,8.589764816338768e-12,4.926837732670753e-07,0.0,9.853675465341506e-05,1.0
14.870000000000001,0.0,0.0,0.0,0.0,-7.266213456333424e-15,5.399832665867735e-12,4.783117948948037e-07,0.0,9.566235897896075e-05,1.0
14.88,0.0,0.0,0.0,0.0,-3.2436739773998563e-15,2.0873620933254684e-12,4.639877454239087e-07,0.0,9.279754908478174e-05,1.0
14.89,0.0,0.0,0.0,0.0,-7.91945695965441e-15,-1.0523265300035414e-12,4.49720274508529e-07,0.0,8.99440549017058e-05,1.0
14.9,0.0,0.0,0.0,0.0,-1.0007479451553662e-14,-4.136008754331715e-12,4.355126270464794e-07,0.0,8.710252540929588e-05,1.0
14.91,0.0,0.0,0.0,0.0,6.172663318884584e-14,-7.050035949510639e-12,4.2136969944427263e-07,0.0,8.427393988885453e-05,1.0
14.92,0.0,0.0,0.0,0.0,1.0558740122842207e-13,-9.862925422885032e-12,4.0730081709528575e-07,0.0,8.146016341905715e-05,1.0
14.93,0.0,0.0,0.0,0.0,1.772614046864566e-13,-1.2697842766033302e-11,3.9331064032078716e-07,0.0,7.866212806415744e-05,1.0
14.94,0.0,0.0,0.0,0.0,1.800985121028566e-13,-1.526225948198532e-11,3.794090113756088e-07,0.0,7.588180227512176e-05,1.0
14.950000000000001,0.0,0.0,0.0,0.0,2.3185180786248394e-13,-1.780205967668814e-11,3.6560167789306457e-07,0.0,7.312033557861292e-05,1.0
14.96,0.0,0.0,0.0,0.0,1.6983215334387018e-13,-2.0098464237869543e-11,3.5189712284544376e-07,0.0,7.037942456908875e-05,1.0
14.97,0.0,0.0,0.0,0.0,9.962130911917312e-14,-2.2398263297654307e-11,3.3830125709430337e-07,0.0,6.766025141886068e-05,1.0
14.98,0.0,0.0,0.0,0.0,-7.194422636518125e-14,-2.4466634119215625e-11,3.2482526174873847e-07,0.0,6.496505234974769e-05,1.0
14.99,0.0,0.0,0.0,0.0,-1.5613962918085202e-13,-2.656837246312489e-11,3.1147403091198023e-07,0.0,6.229480618239605e-05,1.0
15.0,0.0,0.0,0.0,0.0,-1.5351849528745504e-13,-2.845303004153201e-11,2.9825453822758284e-07,0.0,5.9650907645516566e-05,1.0
15.01,0.0,0.0,0.0,0.0,-2.4667756413919543e-13,-3.034456255865344e-11,2.851749762172097e-07,0.0,5.7034995243441936e-05,1.0
15.02,0.0,0.0,0.0,0.0,-2.4941640756387624e-13,-3.2237347109811984e-11,2.722425497603782e-07,0.0,5.4448509952075634e-05,1.0
15.030000000000001,0.0,0.0,0.0,0.0,-2.317973552538835e-13,-3.394909283032539e-11,2.5946694314238863e-07,0.0,5.1893388628477726e-05,1.0
15.040000000000001,0.0,0.0,0.0,0.0,-2.5287391197455573e-13,-3.5568231457688164e-11,2.46852274787217e-07,0.0,4.9370454957443406e-05,1.0
15.05,0.0,0.0,0.0,0.0,-2.3340378109833055e-13,-3.697331933410868e-11,2.3440515160981373e-07,0.0,4.688103032196274e-05,1.0
15.06,0.0,0.0,0.0,0.0,-7.366016590032234e-14,-3.841883675427538e-11,2.221310290982641e-07,0.0,4.4426205819652816e-05,1.0
15.07,0.0,0.0,0.0,0.0,-1.342961225779295e-13,-3.979132020483578e-11,2.100383342803958e-07,0.0,4.200766685607916e-05,1.0
15.08,0.0,0.0,0.0,0.0,3.871551480488232e-14,-4.1148554569218484e-11,1.981323132825197e-07,0.0,3.962646265650394e-05,1.0
15.09,0.0,0.0,0.0,0.0,-4.96834535101598e-14,-4.23746392634297e-11,1.8641709198734227e-07,0.0,3.7283418397468454e-05,1.0
15.1,0.0,0.0,0.0,0.0,-3.548609204676575e-15,-4.352752193963314e-11,1.7489838711565227e-07,0.0,3.4979677423130454e-05,1.0
15.11,0.0,0.0,0.0,0.0,6.611543871467851e-14,-4.469020482165031e-11,1.6358132350885403e-07,0.0,3.271626470177081e-05,1.0
15.120000000000001,0.0,0.0,0.0,0.0,1.931463168091647e-13,-4.5797593564575415e-11,1.524711153620849e-07,0.0,3.0494223072416977e-05,1.0
15.13,0.0,0.0,0.0,0.0,1.6151026507993146e-13,-4.668199520779251e-11,1.4157546922037156e-07,0.0,2.8315093844074312e-05,1.0
15.14,0.0,0.0,0.0,0.0,6.459457547722098e-14,-4.748990425576461e-11,1.3089403953915015e-07,0.0,2.6178807907830028e-05,1.0
15.15,0.0,0.0,0.0,0.0,-3.273421726755638e-14,-4.8076565594882555e-11,1.2042959273525017e-07,0.0,2.4085918547050034e-05,1.0
15.16,0.0,0.0,0.0,0.0,-1.7308424637595633e-13,-4.873189504294935e-11,1.1018725954417628e-07,0.0,2.2037451908835256e-05,1.0
15.17,0.0,0.0,0.0,0.0,-1.0932675516407177e-13,-4.94132964943015e-11,1.0017164720861079e-07,0.0,2.0034329441722158e-05,1.0
15.18,0.0,0.0,0.0,0.0,-1.1764273218882912e-13,-4.9965937231154857e-11,9.038511331137549e-08,0.0,1.80770226622751e-05,1.0
15.19,0.0,0.0,0.0,0.0,-9.95895612845796e-14,-5.041851029455374e-11,8.082784815877968e-08,0.0,1.6165569631755934e-05,1.0
15.200000000000001,0.0,0.0,0.0,0.0,-5.439306014692877e-14,-5.071348624336489e-11,7.150505787328154e-08,0.0,1.4301011574656309e-05,1.0
15.21,0.0,0.0,0.0,0.0,3.5014085652849317e-14,-5.114422522808636e-11,6.24153977804631e-08,0.0,1.2483079556092619e-05,1.0
15.22,0.0,0.0,0.0,0.0,9.409087386899653e-14,-5.140343278345803e-11,5.3562341234490013e-08,0.0,1.0712468246898002e-05,1.0
15.23,0.0,0.0,0.0,0.0,1.0836717482493615e-13,-5.1677871389915197e-11,4.4948895490405955e-08,0.0,8.989779098081192e-06,1.0
15.24,0.0,0.0,0.0,0.0,1.3608028292420086e-13,-5.204501327701987e-11,3.658832044215702e-08,0.0,7.3176640884314045e-06,1.0
15.25,0.0,0.0,0.0,0.0,-7.554655027771153e-14,-5.2240104174207055e-11,2.8470609794482946e-08,0.0,5.694121958896589e-06,1.0
15.26,0.0,0.0,0.0,0.0,5.10891546586266e-14,-5.2182341865517276e-11,2.0584361453394386e-08,0.0,4.116872290678877e-06,1.0
15.27,0.0,0.0,0.0,0.0,-3.704419343110363e-13,-5.161011815178725e-11,1.293128354446491e-08,0.0,2.5862567088929817e-06,1.0
15.280000000000001,0.0,0.0,0.0,0.0,-3.8346908128682105e-13,-5.13955994862895e-11,5.513595297867539e-09,0.0,1.1027190595735078e-06,1.0
15.290000000000001,0.0,0.0,0.0,0.0,-5.822948901239742e-13,-5.130035631367257e-11,1.6636031675883348e-09,0.0,3.3272063351766694e-07,1.0
15.3,0.0,0.0,0.0,0.0,-7.883325845926029e-13,-5.1325090082090556e-11,8.604649176444408e-09,0.0,1.7209298352888817e-06,1.0
15.31,0.0,0.0,0.0,0.0,-7.301529844455366e-13,-5.1081023237984226e-11,1.5303923988188094e-08,0.0,3.0607847976376187e-06,1.0
15.32,0.0,0.0,0.0,0.0,-5.570737009247324e-13,-5.1028942870595704e-11,2.1766890666373082e-08,0.0,4.3533781332746164e-06,1.0
15.33,0.0,0.0,0.0,0.0,-4.5199107479832837e-13,-5.062327993230396e-11,2.7986723933876547e-08,0.0,5.597344786775309e-06,1.0
15.34,0.0,0.0,0.0,0.0,-2.7112652140708077e-13,-5.036706795889015e-11,3.3968603242480877e-08,0.0,6.793720648496175e-06,1.0
15.35,0.0,0.0,0.0,0.0,-3.772176704276348e-13,-4.9907032903521555e-11,3.971705498549747e-08,0.0,7.943410997099494e-06,1.0
15.36,0.0,0.0,0.0,0.0,-2.501686922564418e-13,-4.930467307087359e-11,4.522329614188897e-08,0.0,9.044659228377795e-06,1.0
15.370000000000001,0.0,0.0,0.0,0.0,-1.06518049878794e-13,-4.909961521749035e-11,5.050155289436341e-08,0.0,1.0100310578872682e-05,1.0
15.38,0.0,0.0,0.0,0.0,6.214925547964243e-14,-4.8316275595353006e-11,5.554283499076094e-08,0.0,1.1108566998152188e-05,1.0
15.39,0.0,0.0,0.0,0.0,1.7628904458275174e-13,-4.7952223314605606e-11,6.035248336373151e-08,0.0,1.2070496672746303e-05,1.0
15.4,0.0,0.0,0.0,0.0,7.283189109934202e-14,-4.729980850943234e-11,6.493498407943134e-08,0.0,1.2986996815886267e-05,1.0
15.41,0.0,0.0,0.0,0.0,1.7126286018228908e-13,-4.654711442481772e-11,6.92879065718885e-08,0.0,1.38575813143777e-05,1.0
15.42,0.0,0.0,0.0,0.0,-2.1721319630628255e-13,-4.595734855402108e-11,7.341857291657736e-08,0.0,1.4683714583315471e-05,1.0
15.43,0.0,0.0,0.0,0.0,-2.433005104607344e-13,-4.520106225342179e-11,7.732919579290328e-08,0.0,1.5465839158580655e-05,1.0
15.44,0.0,0.0,0.0,0.0,-4.104421276523339e-13,-4.446353452251128e-11,8.118167630540625e-08,0.0,1.6236335261081248e-05,1.0
15.450000000000001,0.0,0.0,0.0,0.0,-2.7150477007354596e-13,-4.8966825074332475e-11,8.474340489686595e-08,0.0,1.694868097937319e-05,1.0
15.46,0.0,0.0,0.0,0.0,-3.5423009430210353e-13,-4.332851029959934e-11,8.800513705975422e-08,0.0,1.7601027411950845e-05,1.0
15.47,0.0,0.0,0.0,0.0,-2.9328546698583965e-13,-4.267392963788938e-11,9.105888010059941e-08,0.0,1.8211776020119884e-05,1.0
15.48,0.0,0.0,0.0,0.0,-2.609628009719211e-13,-4.223293079334773e-11,9.39078445583711e-08,0.0,1.878156891167422e-05,1.0
15.49,0.0,0.0,0.0,0.0,-1.6232954182666913e-13,-4.162198736548926e-11,9.655819820639373e-08,0.0,1.9311639641278744e-05,1.0
15.5,0.0,0.0,0.0,0.0,-6.944568698119285e-14,-4.087215537033982e-11,9.901084622309995e-08,0.0,1.980216924461999e-05,1.0
15.51,0.0,0.0,0.0,0.0,-1.0017769045248199e-13,-4.0153176828282633e-11,1.012682084115547e-07,0.0,2.0253641682310942e-05,1.0
15.52,0.0,0.0,0.0,0.0,2.0357719278480066e-13,-3.931526810255911e-11,1.0333515564089246e-07,0.0,2.066703112817849e-05,1.0
15.530000000000001,0.0,0.0,0.0,0.0,-6.455348640927677e-14,-3.8363342963132684e-11,1.0521594788517679e-07,0.0,2.1043189577035356e-05,1.0
15.540000000000001,0.0,0.0,0.0,0.0,2.0171247008429427e-14,-3.7383907233892354e-11,1.0691361705990326e-07,0.0,2.138272341198065e-05,1.0
15.55,0.0,0.0,0.0,0.0,-6.763524245815538e-14,-3.654516861351055e-11,1.0843682926201927e-07,0.0,2.1687365852403854e-05,1.0
15.56,0.0,0.0,0.0,0.0,-1.4859229372502172e-13,-3.5657163427668726e-11,1.0978592923023664e-07,0.0,2.195718584604733e-05,1.0
15.57,0.0,0.0,0.0,0.0,-1.2049989873319082e-14,-3.487362296588886e-11,1.1096082313960055e-07,0.0,2.219216462792011e-05,1.0
15.58,0.0,0.0,0.0,0.0,-1.2102710628890852e-13,-3.405054984751673e-11,1.1197170769975075e-07,0.0,2.239434153995015e-05,1.0
15.59,0.0,0.0,0.0,0.0,-2.545157529038015e-13,-3.2956765216094384e-11,1.128208366995706e-07,0.0,2.256416733991412e-05,1.0
15.6,0.0,0.0,0.0,0.0,-1.977779485834898e-13,-3.217169947764056e-11,1.1351578380013447e-07,0.0,2.2703156760026895e-05,1.0
15.610000000000001,0.0,0.0,0.0,0.0,-1.1788844949632862e-13,-3.111868446538777e-11,1.1405203123941822e-07,0.0,2.2810406247883644e-05,1.0
15.620000000000001,0.0,0.0,0.0,0.0,7.291204870873864e-14,-3.032527654737897e-11,1.146908446291743e-07,0.0,2.2938168925834858e-05,1.0
15.63,0.0,0.0,0.0,0.0,1.6080399930348476e-13,-3.172686584370751e-11,1.1490498672848027e-07,0.0,2.2980997345696054e-05,1.0
15.64,0.0,0.0,0.0,0.0,7.078153979103705e-14,-2.7562542997729054e-11,1.1524434176034868e-07,0.0,2.3048868352069737e-05,1.0
15.65,0.0,0.0,0.0,0.0,-5.412233104978686e-14,-2.968953463234526e-11,1.1516587405507111e-07,0.0,2.303317481101422e-05,1.0
15.66,0.0,0.0,0.0,0.0,1.1828119384354377e-13,-2.6031000042192656e-11,1.1522323747483073e-07,0.0,2.3044647494966147e-05,1.0
15.67,0.0,0.0,0.0,0.0,-8.461020259826914e-14,-2.8061485072356153e-11,1.1486822977561313e-07,0.0,2.2973645955122625e-05,1.0
15.68,0.0,0.0,0.0,0.0,1.1725675882314504e-13,-2.4417366458271807e-11,1.146604545725447e-07,0.0,2.293209091450894e-05,1.0
15.69,0.0,0.0,0.0,0.0,-7.511842159855402e-14,-2.5968130493018782e-11,1.1405088270035572e-07,0.0,2.2810176540071143e-05,1.0
15.700000000000001,0.0,0.0,0.0,0.0,-2.2503525118855143e-13,-2.241176016577586e-11,1.1359945501960466e-07,0.0,2.2719891003920934e-05,1.0
15.71,0.0,0.0,0.0,0.0,-2.2116608929278844e-13,-2.379803311875582e-11,1.1275988579745229e-07,0.0,2.2551977159490457e-05,1.0
15.72,0.0,0.0,0.0,0.0,-3.012714262519951e-13,-2.0469698680277538e-11,1.1208346704297005e-07,0.0,2.241669340859401e-05,1.0
15.73,0.0,0.0,0.0,0.0,-3.0255195046645214e-13,-2.176140371248543e-11,1.1102911974309513e-07,0.0,2.2205823948619025e-05,1.0
15.74,0.0,0.0,0.0,0.0,-2.918510125465589e-13,-1.8504063446511772e-11,1.1014549312748931e-07,0.0,2.2029098625497863e-05,1.0
15.75,0.0,0.0,0.0,0.0,-2.041276164468372e-13,-1.9515110369119043e-11,1.0890080305685548e-07,0.0,2.1780160611371094e-05,1.0
15.76,0.0,0.0,0.0,0.0,-3.048605812357426e-13,-1.66025767958341e-11,1.0783099855694306e-07,0.0,2.156619971138861e-05,1.0
15.77,0.0,0.0,0.0,0.0,-3.013929545130959e-13,-1.7639245374259807e-11,1.0641213430973696e-07,0.0,2.128242686194739e-05,1.0
15.780000000000001,0.0,0.0,0.0,0.0,-4.989249393191035e-13,-1.50727941969294e-11,1.0517299606424044e-07,0.0,2.1034599212848088e-05,1.0
15.790000000000001,0.0,0.0,0.0,0.0,-2.6730557423005446e-13,-1.5858196143846737e-11,1.0359891742350479e-07,0.0,2.0719783484700958e-05,1.0
15.8,0.0,0.0,0.0,0.0,-1.9514925563376595e-13,-1.353054021225835e-11,1.022023107749273e-07,0.0,2.044046215498546e-05,1.0
15.81,0.0,0.0,0.0,0.0,3.160544156997349e-14,-1.4063820293035875e-11,1.0048770878844511e-07,0.0,2.009754175768902e-05,1.0
15.82,0.0,0.0,0.0,0.0,-3.2369377931839985e-15,-1.1813015314755844e-11,9.895410463140056e-08,0.0,1.979082092628011e-05,1.0
15.83,0.0,0.0,0.0,0.0,-7.970438314753608e-15,-1.2189528804547579e-11,9.71187933340628e-08,0.0,1.942375866681256e-05,1.0
15.84,0.0,0.0,0.0,0.0,1.5462118167006452e-13,-1.0230724179265992e-11,9.545901991307107e-08,0.0,1.9091803982614215e-05,1.0
15.85,0.0,0.0,0.0,0.0,2.3333300879830557e-13,-1.0482865334794624e-11,9.351561541799567e-08,0.0,1.8703123083599133e-05,1.0
15.860000000000001,0.0,0.0,0.0,0.0,2.183023306635265e-13,-8.593944200192489e-12,9.174941087578426e-08,0.0,1.834988217515685e-05,1.0
15.870000000000001,0.0,0.0,0.0,0.0,3.1924002685734814e-14,-8.70320971790901e-12,8.971550729362661e-08,0.0,1.7943101458725323e-05,1.0
15.88,0.0,0.0,0.0,0.0,1.761897760455611e-13,-7.279107621674887e-12,8.785719069055351e-08,0.0,1.7571438138110704e-05,1.0
15.89,0.0,0.0,0.0,0.0,1.921536007129593e-15,-7.315222831768804e-12,8.574720446152932e-08,0.0,1.7149440892305864e-05,1.0
15.9,0.0,0.0,0.0,0.0,3.9061364758190517e-13,-6.170665290246981e-12,8.380869559354048e-08,0.0,1.6761739118708096e-05,1.0
15.91,0.0,0.0,0.0,0.0,2.2810414942930943e-13,-5.932150866502646e-12,8.163183433025713e-08,0.0,1.6326366866051426e-05,1.0
15.92,0.0,0.0,0.0,0.0,4.112933604712897e-13,-4.790448918734013e-12,7.962283412724896e-08,0.0,1.5924566825449793e-05,1.0
15.93,0.0,0.0,0.0,0.0,5.4003520517216294e-14,-4.210653985895492e-12,7.739853044195991e-08,0.0,1.547970608839198e-05,1.0
15.94,0.0,0.0,0.0,0.0,1.2141169343169357e-13,-3.259185223319002e-12,7.533749563242887e-08,0.0,1.5067499126485773e-05,1.0
15.950000000000001,0.0,0.0,0.0,0.0,7.656396804041767e-14,-2.845180437428519e-12,7.307504015089211e-08,0.0,1.4615008030178422e-05,1.0
15.96,0.0,0.0,0.0,0.0,-4.851607294052226e-14,-2.114881089528265e-12,7.097099318936846e-08,0.0,1.4194198637873692e-05,1.0
15.97,0.0,0.0,0.0,0.0,-1.7669155751663108e-13,-1.4498881878382597e-12,6.868198328027307e-08,0.0,1.3736396656054614e-05,1.0
15.98,0.0,0.0,0.0,0.0,-2.527430359281516e-13,-7.928152074238437e-13,6.65460395191402e-08,0.0,1.3309207903828038e-05,1.0
15.99,0.0,0.0,0.0,0.0,-2.268681085477273e-13,5.246615838903906e-14,6.424263429534887e-08,0.0,1.2848526859069774e-05,1.0
16.0,0.0,0.0,0.0,0.0,-1.2131683316118313e-13,5.645428108390592e-13,6.208801839054994e-08,0.0,1.241760367810999e-05,1.0
16.01,0.0,0.0,0.0,0.0,-1.7110137643001083e-13,1.2707884563684445e-12,5.978705875312773e-08,0.0,1.1957411750625545e-05,1.0
16.02,0.0,0.0,0.0,0.0,3.132142828746867e-14,1.3672595800733472e-12,5.7628573241938245e-08,0.0,1.1525714648387648e-05,1.0
16.03,0.0,0.0,0.0,0.0,-1.9712050273118414e-13,1.9032484127038292e-12,5.5329780795010284e-08,0.0,1.1065956159002057e-05,1.0
16.04,0.0,0.0,0.0,0.0,-2.0949116074267454e-13,1.855057556898795e-12,5.317088227345241e-08,0.0,1.0634176454690483e-05,1.0
16.05,0.0,0.0,0.0,0.0,-4.303729404505924e-13,2.9922363416298637e-12,5.0888615868791364e-08,0.0,1.0177723173758272e-05,1.0
16.06,0.0,0.0,0.0,0.0,-3.337610937981203e-13,2.952134922854989e-12,4.8735814340363845e-08,0.0,9.74716286807277e-06,1.0
16.07,0.0,0.0,0.0,0.0,-3.3193255956911905e-13,4.082183523377259e-12,4.648023791739761e-08,0.0,9.296047583479522e-06,1.0
16.080000000000002,0.0,0.0,0.0,0.0,-4.4968383199660583e-13,4.095717304347581e-12,4.434778832778476e-08,0.0,8.869557665556951e-06,1.0
16.09,0.0,0.0,0.0,0.0,-1.8839686245508632e-13,5.054762705540596e-12,4.212517253995536e-08,0.0,8.42503450799107e-06,1.0
16.1,0.0,0.0,0.0,0.0,-6.260798774684647e-13,4.8709084712572664e-12,4.0020096099890583e-08,0.0,8.004019219978116e-06,1.0
16.11,0.0,0.0,0.0,0.0,-4.672839517506866e-13,5.893941358047647e-12,3.783865397324836e-08,0.0,7.567730794649672e-06,1.0
16.12,0.0,0.0,0.0,0.0,-7.77476566932157e-13,5.562853704498164e-12,3.5768285698254285e-08,0.0,7.153657139650857e-06,1.0
16.13,0.0,0.0,0.0,0.0,-5.625955369175618e-13,6.504795994835116e-12,3.3637823202150573e-08,0.0,6.727564640430114e-06,1.0
16.14,0.0,0.0,0.0,0.0,-3.861429544876999e-13,5.977958501883861e-12,3.16114014701406e-08,0.0,6.322280294028119e-06,1.0
16.15,0.0,0.0,0.0,0.0,-1.1033118634378909e-13,6.86701578466667e-12,2.9531367362692562e-08,0.0,5.906273472538512e-06,1.0
16.16,0.0,0.0,0.0,0.0,-1.023712093768569e-14,6.310618718168842e-12,2.7550411962286633e-08,0.0,5.510082392457326e-06,1.0
16.17,0.0,0.0,0.0,0.0,-3.586133915714203e-16,7.551220193516263e-12,2.553145125426528e-08,0.0,5.106290250853056e-06,1.0
16.18,0.0,0.0,0.0,0.0,1.1360920219641474e-13,6.832481415044485e-12,2.360679154784419e-08,0.0,4.721358309568837e-06,1.0
16.19,0.0,0.0,0.0,0.0,4.057059969365765e-13,7.924271417699507e-12,2.16531190830978e-08,0.0,4.33062381661956e-06,1.0
16.2,0.0,0.0,0.0,0.0,1.5847087536583626e-13,7.041205953031645e-12,1.978481728562101e-08,0.0,3.9569634571242024e-06,1.0
16.21,0.0,0.0,0.0,0.0,1.3337869071513208e-13,8.233439731881685e-12,1.7899022172357656e-08,0.0,3.579804434471531e-06,1.0
16.22,0.0,0.0,0.0,0.0,-5.0537488781982647e-14,7.196172014780088e-12,1.6100573011112433e-08,0.0,3.2201146022224865e-06,1.0
16.23,0.0,0.0,0.0,0.0,-1.232085295661854e-14,8.401080596004202e-12,1.4289835154026274e-08,0.0,2.8579670308052548e-06,1.0
16.240000000000002,0.0,0.0,0.0,0.0,4.921713378191724e-13,7.154607073939193e-12,1.2548800537332019e-08,0.0,2.5097601074664038e-06,1.0
16.25,0.0,0.0,0.0,0.0,5.179432091308796e-13,8.613765202165118e-12,1.08089706156029e-08,0.0,2.16179412312058e-06,1.0
16.26,0.0,0.0,0.0,0.0,2.8601170044694913e-13,7.930817164996882e-12,9.139764525823309e-09,0.0,1.8279529051646618e-06,1.0
16.27,0.0,0.0,0.0,0.0,4.0884554982553923e-14,9.482361996242463e-12,7.482237350504114e-09,0.0,1.4964474701008228e-06,1.0
16.28,0.0,0.0,0.0,0.0,7.289787103227353e-15,8.30759368684329e-12,5.887854754403315e-09,0.0,1.177570950880663e-06,1.0
16.29,0.0,0.0,0.0,0.0,-5.6341501120244986e-14,9.515153840179856e-12,4.313348003647359e-09,0.0,8.626696007294718e-07,1.0
16.3,0.0,0.0,0.0,0.0,3.367638978139739e-13,8.399643136138004e-12,2.790357948572198e-09,0.0,5.580715897144396e-07,1.0
16.31,0.0,0.0,0.0,0.0,9.588897726174873e-14,9.651541159375077e-12,1.2965869495592145e-09,0.0,2.593173899118429e-07,1.0
16.32,0.0,0.0,0.0,0.0,1.1096673745040592e-13,8.824715196404669e-12,1.4928032550712334e-10,0.0,2.985606510142467e-08,1.0
16.330000000000002,0.0,0.0,0.0,0.0,9.01666066011572e-14,1.0111033423099574e-11,1.5561170196772105e-09,0.0,3.112234039354421e-07,1.0
16.34,0.0,0.0,0.0,0.0,1.8799517334770438e-13,9.108602440335888e-12,2.9221548984194975e-09,0.0,5.844309796838995e-07,1.0
16.35,0.0,0.0,0.0,0.0,9.122273149712523e-14,1.0169935956681835e-11,4.24302926296547e-09,0.0,8.48605852593094e-07,1.0
16.36,0.0,0.0,0.0,0.0,-2.2883977174876845e-13,9.21818480728328e-12,5.531122845584855e-09,0.0,1.106224569116971e-06,1.0
16.37,0.0,0.0,0.0,0.0,-5.225438092988655e-13,1.013159815852499e-11,6.761299019451724e-09,0.0,1.3522598038903449e-06,1.0
16.38,0.0,0.0,0.0,0.0,-6.575555691835915e-13,8.958962548548128e-12,7.959030434435623e-09,0.0,1.5918060868871247e-06,1.0
16.39,0.0,0.0,0.0,0.0,-3.3088657673082076e-13,9.593743728263019e-12,9.105732694678016e-09,0.0,1.821146538935603e-06,1.0
16.4,0.0,0.0,0.0,0.0,2.6577745624126386e-13,8.241495452120333e-12,1.0228434455642873e-08,0.0,2.0456868911285747e-06,1.0
16.41,0.0,0.0,0.0,0.0,4.1992952993158466e-13,9.407837877866836e-12,1.1289678545824194e-08,0.0,2.257935709164839e-06,1.0
16.42,0.0,0.0,0.0,0.0,2.157812652928395e-13,8.370518354160347e-12,1.2330161702332304e-08,0.0,2.466032340466461e-06,1.0
16.43,0.0,0.0,0.0,0.0,1.511225332051263e-13,9.547733396061818e-12,1.3308115444326565e-08,0.0,2.661623088865313e-06,1.0
16.44,0.0,0.0,0.0,0.0,-1.893090449884606e-13,8.336347116534211e-12,1.4266995225172267e-08,0.0,2.8533990450344534e-06,1.0
16.45,0.0,0.0,0.0,0.0,-4.960753176758163e-14,9.559425128461073e-12,1.5158006734211895e-08,0.0,3.031601346842379e-06,1.0
16.46,0.0,0.0,0.0,0.0,1.324802526159428e-13,8.33225568355855e-12,1.6041367825663976e-08,0.0,3.2082735651327953e-06,1.0
16.47,0.0,0.0,0.0,0.0,2.6107728065392976e-13,9.426025266730941e-12,1.6850701527243666e-08,0.0,3.370140305448733e-06,1.0
16.48,0.0,0.0,0.0,0.0,7.145669237729713e-14,8.424153747987505e-12,1.765217248850359e-08,0.0,3.530434497700718e-06,1.0
16.490000000000002,0.0,0.0,0.0,0.0,-4.126852293930319e-14,9.590515045349857e-12,1.8382129855694134e-08,0.0,3.6764259711388265e-06,1.0
16.5,0.0,0.0,0.0,0.0,7.484512166138484e-14,8.342760684311939e-12,1.9106561861023638e-08,0.0,3.821312372204728e-06,1.0
16.51,0.0,0.0,0.0,0.0,-9.572379462111312e-14,9.441313166806532e-12,1.9749200338316488e-08,0.0,3.9498400676632976e-06,1.0
16.52,0.0,0.0,0.0,0.0,1.4036756622873229e-13,8.010974196662268e-12,2.039412006521824e-08,0.0,4.078824013043648e-06,1.0
16.53,0.0,0.0,0.0,0.0,9.293692604657869e-14,8.50828156762801e-12,2.09575054695155e-08,0.0,4.1915010939031e-06,1.0
16.54,0.0,0.0,0.0,0.0,1.1930086530131083e-13,7.35399673549632e-12,2.1533614601993637e-08,0.0,4.306722920398727e-06,1.0
16.55,0.0,0.0,0.0,0.0,1.3332097242504e-13,8.016594112133011e-12,2.2023724665491364e-08,0.0,4.4047449330982725e-06,1.0
16.56,0.0,0.0,0.0,0.0,-5.74830935819378e-14,7.335943192377771e-12,2.2527768590626502e-08,0.0,4.5055537181253005e-06,1.0
16.57,0.0,0.0,0.0,0.0,1.2477162260457475e-13,8.054766517966068e-12,2.294364195646688e-08,0.0,4.588728391293376e-06,1.0
16.580000000000002,0.0,0.0,0.0,0.0,5.4012988975992937e-14,7.1238907489101175e-12,2.3373025718674976e-08,0.0,4.674605143734995e-06,1.0
16.59,0.0,0.0,0.0,0.0,2.338010929799084e-13,7.666475805505952e-12,2.3717019848607538e-08,0.0,4.743403969721507e-06,1.0
16.6,0.0,0.0,0.0,0.0,2.3562698358353255e-13,6.739487320187141e-12,2.4085787493383304e-08,0.0,4.817157498676661e-06,1.0
16.61,0.0,0.0,0.0,0.0,1.3857965214432627e-13,7.360055971291607e-12,2.4363072484953214e-08,0.0,4.872614496990643e-06,1.0
16.62,0.0,0.0,0.0,0.0,-9.805219167746911e-15,6.770797851402761e-12,2.4661528062887933e-08,0.0,4.9323056125775865e-06,1.0
16.63,0.0,0.0,0.0,0.0,-1.3353026061999587e-13,7.324455182611137e-12,2.4874282072887588e-08,0.0,4.974856414577517e-06,1.0
16.64,0.0,0.0,0.0,0.0,-4.0696407842807697e-13,6.3093432762333595e-12,2.5108148104322566e-08,0.0,5.021629620864513e-06,1.0
16.65,0.0,0.0,0.0,0.0,-3.087497937188824e-13,6.894288754882965e-12,2.5256333588957048e-08,0.0,5.05126671779141e-06,1.0
16.66,0.0,0.0,0.0,0.0,2.7440099489018935e-14,5.645546849409232e-12,2.5426454590984696e-08,0.0,5.085290918196939e-06,1.0
16.67,0.0,0.0,0.0,0.0,2.385715011926168e-13,6.0907858616428205e-12,2.5514552759195197e-08,0.0,5.102910551839039e-06,1.0
16.68,0.0,0.0,0.0,0.0,5.634523786494528e-13,5.099856037640753e-12,2.5636781504139332e-08,0.0,5.127356300827866e-06,1.0
16.69,0.0,0.0,0.0,0.0,5.344458029324002e-13,5.731376810117256e-12,2.567128420501325e-08,0.0,5.13425684100265e-06,1.0
16.7,0.0,0.0,0.0,0.0,2.5213353674595543e-13,5.271887830582659e-12,2.5735524346815255e-08,0.0,5.147104869363051e-06,1.0
16.71,0.0,0.0,0.0,0.0,5.790499414952984e-14,5.781866267454675e-12,2.5714728683557893e-08,0.0,5.142945736711578e-06,1.0
16.72,0.0,0.0,0.0,0.0,-1.1042493390541765e-13,5.039193153805931e-12,2.5729669945788975e-08,0.0,5.145933989157795e-06,1.0
16.73,0.0,0.0,0.0,0.0,5.068214504862986e-14,5.373885049000057e-12,2.5658640709343006e-08,0.0,5.131728141868601e-06,1.0
16.740000000000002,0.0,0.0,0.0,0.0,-3.9080077090243235e-13,4.972013155930373e-12,2.5628723422850287e-08,0.0,5.125744684570057e-06,1.0
16.75,0.0,0.0,0.0,0.0,-2.4815154431599555e-13,5.274399757491949e-12,2.551241148672949e-08,0.0,5.102482297345898e-06,1.0
16.76,0.0,0.0,0.0,0.0,-6.052034926901295e-13,4.918381092902083e-12,2.5431220514057654e-08,0.0,5.086244102811531e-06,1.0
16.77,0.0,0.0,0.0,0.0,-4.902464523112258e-13,5.0232052825984444e-12,2.5266869325287054e-08,0.0,5.05337386505741e-06,1.0
16.78,0.0,0.0,0.0,0.0,-3.171565738724359e-13,4.159198353923579e-12,2.5140206327407362e-08,0.0,5.028041265481472e-06,1.0
16.79,0.0,0.0,0.0,0.0,1.6946794716339814e-14,4.157570383396377e-12,2.4938849491310798e-08,0.0,4.98776989826216e-06,1.0
16.8,0.0,0.0,0.0,0.0,2.963670441805763e-14,3.620697013710785e-12,2.4779652173152727e-08,0.0,4.955930434630545e-06,1.0
16.81,0.0,0.0,0.0,0.0,2.4255523166121166e-13,4.0547906114797655e-12,2.4542090104150206e-08,0.0,4.9084180208300415e-06,1.0
16.82,0.0,0.0,0.0,0.0,1.0994547532144324e-13,3.759979024654563e-12,2.4342272874944603e-08,0.0,4.868454574988921e-06,1.0
16.830000000000002,0.0,0.0,0.0,0.0,6.501799724292266e-14,4.019737505496185e-12,2.406940834412406e-08,0.0,4.813881668824812e-06,1.0
16.84,0.0,0.0,0.0,0.0,-1.9576934750644346e-13,3.3760878185516085e-12,2.383494460660423e-08,0.0,4.766988921320846e-06,1.0
16.85,0.0,0.0,0.0,0.0,-3.5981830604458386e-13,3.45155816958263e-12,2.3527584508974753e-08,0.0,4.705516901794951e-06,1.0
16.86,0.0,0.0,0.0,0.0,-9.759550058154392e-14,2.5840204846837073e-12,2.3255484464407397e-08,0.0,4.65109689288148e-06,1.0
16.87,0.0,0.0,0.0,0.0,8.144639329196384e-15,2.50483447600519e-12,2.2922163183425214e-08,0.0,4.584432636685043e-06,1.0
16.88,0.0,0.0,0.0,0.0,3.310573862819134e-14,1.6117480639571679e-12,2.2626854651435108e-08,0.0,4.5253709302870215e-06,1.0
16.89,0.0,0.0,0.0,0.0,2.335798035472464e-14,1.8801596902234257e-12,2.2267454244122002e-08,0.0,4.4534908488244e-06,1.0
16.9,0.0,0.0,0.0,0.0,-4.574003683526426e-14,1.4922510610283387e-12,2.195212097884093e-08,0.0,4.390424195768186e-06,1.0
16.91,0.0,0.0,0.0,0.0,8.270071955305705e-15,1.6999608435633842e-12,2.1573303026748458e-08,0.0,4.314660605349691e-06,1.0
16.92,0.0,0.0,0.0,0.0,2.860864491766851e-14,1.5718060945800797e-12,2.123343160378715e-08,0.0,4.24668632075743e-06,1.0
16.93,0.0,0.0,0.0,0.0,8.069750028900477e-14,1.7580742954590358e-12,2.083481422360284e-08,0.0,4.166962844720568e-06,1.0
16.94,0.0,0.0,0.0,0.0,2.3551946942350343e-13,1.4660558324382047e-12,2.0478410489842278e-08,0.0,4.095682097968455e-06,1.0
16.95,0.0,0.0,0.0,0.0,1.5752685594445192e-13,1.589019231734526e-12,2.0063760705124518e-08,0.0,4.0127521410249035e-06,1.0
16.96,0.0,0.0,0.0,0.0,4.373614484626846e-14,1.43279407120211e-12,1.9688694571377844e-08,0.0,3.9377389142755685e-06,1.0
16.97,0.0,0.0,0.0,0.0,-6.375135514298836e-14,1.4357403734134849e-12,1.9259139540910153e-08,0.0,3.851827908182031e-06,1.0
16.98,0.0,0.0,0.0,0.0,-2.689177015230514e-13,1.1769061999193502e-12,1.887018277092157e-08,0.0,3.7740365541843136e-06,1.0
16.990000000000002,0.0,0.0,0.0,0.0,-1.3759615842006774e-13,1.1216333578168045e-12,1.842973919791307e-08,0.0,3.685947839582614e-06,1.0
17.0,0.0,0.0,0.0,0.0,-3.476645471919995e-13,1.0330184016866143e-12,1.8030662163286326e-08,0.0,3.606132432657265e-06,1.0
17.01,0.0,0.0,0.0,0.0,-3.0583199268665726e-13,9.979906735019313e-13,1.7581354179074687e-08,0.0,3.5162708358149375e-06,1.0
17.02,0.0,0.0,0.0,0.0,3.580561482308891e-15,9.039928598982444e-13,1.7168646158597826e-08,0.0,3.433729231719565e-06,1.0
17.03,0.0,0.0,0.0,0.0,2.227914091805074e-13,7.658863848412024e-13,1.6712043561480778e-08,0.0,3.3424087122961556e-06,1.0
17.04,0.0,0.0,0.0,0.0,3.8311470689672166e-13,4.078366599233547e-13,1.629056087645663e-08,0.0,3.258112175291326e-06,1.0
17.05,0.0,0.0,0.0,0.0,2.798358071755781e-13,3.1859794729385793e-13,1.5830108319782296e-08,0.0,3.166021663956459e-06,1.0
17.06,0.0,0.0,0.0,0.0,2.471242402357202e-13,1.3437670766919232e-14,1.540422065615901e-08,0.0,3.080844131231802e-06,1.0
17.07,0.0,0.0,0.0,0.0,2.1196022950778418e-13,9.427502068640642e-15,1.4940853902091284e-08,0.0,2.9881707804182567e-06,1.0
17.080000000000002,0.0,0.0,0.0,0.0,2.644743360065523e-13,-2.4407976965277916e-13,1.4510396462975887e-08,0.0,2.9020792925951774e-06,1.0
17.09,0.0,0.0,0.0,0.0,5.6110671057781233e-14,-3.3628329719459004e-13,1.4046027552640847e-08,0.0,2.8092055105281695e-06,1.0
17.1,0.0,0.0,0.0,0.0,-6.680213873240609e-14,-3.920047617755819e-13,1.3620239998897887e-08,0.0,2.724047999779577e-06,1.0
17.11,0.0,0.0,0.0,0.0,-1.0143533217135203e-13,-4.692450876021974e-13,1.315828517337687e-08,0.0,2.631657034675374e-06,1.0
17.12,0.0,0.0,0.0,0.0,-2.4027839120991602e-14,-1.6948917996223493e-13,1.2731045296607285e-08,0.0,2.546209059321457e-06,1.0
17.13,0.0,0.0,0.0,0.0,-3.3771723028301814e-14,-3.296648705521998e-13,1.2273333091764058e-08,0.0,2.4546666183528115e-06,1.0
17.14,0.0,0.0,0.0,0.0,-2.0053820081489635e-14,-3.789801615404658e-13,1.1843011219799573e-08,0.0,2.3686022439599148e-06,1.0
17.150000000000002,0.0,0.0,0.0,0.0,4.212579531274505e-15,-5.633716551161012e-13,1.138855893787411e-08,0.0,2.2777117875748223e-06,1.0
17.16,0.0,0.0,0.0,0.0,1.824145410476656e-13,-9.260718393356153e-13,1.0962376334169888e-08,0.0,2.1924752668339777e-06,1.0
17.17,0.0,0.0,0.0,0.0,6.033393789848558e-14,-1.090487906745671e-12,1.0514725697011498e-08,0.0,2.1029451394022993e-06,1.0
17.18,0.0,0.0,0.0,0.0,9.421623054325598e-14,-1.1672416807633154e-12,1.0097046495643472e-08,0.0,2.0194092991286944e-06,1.0
17.19,0.0,0.0,0.0,0.0,1.436757780621252e-13,-1.2382228085907832e-12,9.65793420733418e-09,0.0,1.931586841466836e-06,1.0
17.2,0.0,0.0,0.0,0.0,-3.574046175167135e-14,-1.002557633777138e-12,9.249016251304082e-09,0.0,1.8498032502608163e-06,1.0
17.21,0.0,0.0,0.0,0.0,-9.047728543640011e-15,-1.1040699246998151e-12,8.819262351573138e-09,0.0,1.7638524703146276e-06,1.0
17.22,0.0,0.0,0.0,0.0,-1.6086592701303812e-13,-8.162575623759304e-13,8.416962156845726e-09,0.0,1.683392431369145e-06,1.0
17.23,0.0,0.0,0.0,0.0,-2.9478879990763563e-13,-1.0007993021447718e-12,7.998084607973611e-09,0.0,1.5996169215947221e-06,1.0
17.240000000000002,0.0,0.0,0.0,0.0,-2.9487546742681784e-13,-1.048657424607718e-12,7.59809833242796e-09,0.0,1.519619666485592e-06,1.0
17.25,0.0,0.0,0.0,0.0,-2.2137400758251156e-13,-1.2693426178121917e-12,7.189219043256727e-09,0.0,1.4378438086513454e-06,1.0
17.26,0.0,0.0,0.0,0.0,-1.407946353052211e-13,-1.6697046261972332e-12,6.8006131003196705e-09,0.0,1.360122620063934e-06,1.0
17.27,0.0,0.0,0.0,0.0,9.101025307527008e-14,-1.7651881902501177e-12,6.405031796088128e-09,0.0,1.2810063592176256e-06,1.0
17.28,0.0,0.0,0.0,0.0,2.3493016320814757e-13,-1.7724952254917323e-12,6.031893912274237e-09,0.0,1.2063787824548473e-06,1.0
17.29,0.0,0.0,0.0,0.0,9.288134444398902e-14,-1.7629655054720113e-12,5.6493149042585244e-09,0.0,1.129862980851705e-06,1.0
17.3,0.0,0.0,0.0,0.0,1.2677490889641157e-13,-1.5963082229891274e-12,5.285288655319634e-09,0.0,1.0570577310639267e-06,1.0
17.31,0.0,0.0,0.0,0.0,-1.4426843219700902e-13,-1.6675685156160337e-12,4.918710687297054e-09,0.0,9.837421374594108e-07,1.0
17.32,0.0,0.0,0.0,0.0,-1.9386574055783474e-13,-1.5208968574574184e-12,4.57183744745346e-09,0.0,9.143674894906919e-07,1.0
17.330000000000002,0.0,0.0,0.0,0.0,-2.1047264699215405e-13,-1.4151521672085375e-12,4.219550130716141e-09,0.0,8.439100261432281e-07,1.0
17.34,0.0,0.0,0.0,0.0,3.6978293797850987e-14,-1.174272240121541e-12,3.882866086935646e-09,0.0,7.765732173871293e-07,1.0
17.35,0.0,0.0,0.0,0.0,-5.303020449165981e-14,-1.3263013390490198e-12,3.5434266663406004e-09,0.0,7.086853332681201e-07,1.0
17.36,0.0,0.0,0.0,0.0,1.84196538769134e-14,-1.4334625411434116e-12,3.2166168160514214e-09,0.0,6.433233632102843e-07,1.0
17.37,0.0,0.0,0.0,0.0,-7.748856394944305e-14,-1.715354089972065e-12,2.892598315466428e-09,0.0,5.785196630932856e-07,1.0
17.38,0.0,0.0,0.0,0.0,1.5660352656966417e-13,-1.7055417582311965e-12,2.5864704025929202e-09,0.0,5.172940805185841e-07,1.0
17.39,0.0,0.0,0.0,0.0,6.643311371533184e-14,-1.8324877990073606e-12,2.2782244842531105e-09,0.0,4.556448968506221e-07,1.0
17.400000000000002,0.0,0.0,0.0,0.0,2.4520472335508525e-14,-1.4249388211396647e-12,1.984753285779619e-09,0.0,3.9695065715592375e-07,1.0
17.41,0.0,0.0,0.0,0.0,-1.7652067515970182e-14,-1.6669604817669221e-12,1.6935876667234384e-09,0.0,3.3871753334468767e-07,1.0
17.42,0.0,0.0,0.0,0.0,-1.0138803386562739e-13,-1.4851437845743555e-12,1.4125052701009263e-09,0.0,2.825010540201853e-07,1.0
17.43,0.0,0.0,0.0,0.0,-3.326693205393824e-13,-1.7675536649185373e-12,1.134253054614875e-09,0.0,2.26850610922975e-07,1.0
17.44,0.0,0.0,0.0,0.0,-2.7110698249982953e-13,-1.6420540322537723e-12,8.716194418716071e-10,0.0,1.7432388837432142e-07,1.0
17.45,0.0,0.0,0.0,0.0,-2.0237603517372818e-13,-2.009829711628447e-12,6.125622536421623e-10,0.0,1.2251245072843245e-07,1.0
17.46,0.0,0.0,0.0,0.0,-1.8762822368391227e-13,-1.4074650656219523e-12,3.6666755560854184e-10,0.0,7.333351112170836e-08,1.0
17.47,0.0,0.0,0.0,0.0,-1.0662485096774591e-13,-1.667954464237836e-12,1.2491630768573504e-10,0.0,2.498326153714701e-08,1.0
17.48,0.0,0.0,0.0,0.0,-3.91967785759207e-14,-1.227865408006159e-12,1.1049638962301025e-10,0.0,2.209927792460205e-08,1.0
17.490000000000002,0.0,0.0,0.0,0.0,-1.3307137188823647e-13,-1.5540716938716727e-12,3.3780373779322944e-10,0.0,6.756074755864589e-08,1.0
17.5,0.0,0.0,0.0,0.0,4.0104053365136586e-14,-1.4590175236515063e-12,5.583937977162893e-10,0.0,1.1167875954325786e-07,1.0
17.51,0.0,0.0,0.0,0.0,-1.8479595924718883e-13,-1.8610905004205405e-12,7.697641088217035e-10,0.0,1.539528217643407e-07,1.0
17.52,0.0,0.0,0.0,0.0,1.0911759888332794e-13,-1.70386725265817e-12,9.756251919694107e-10,0.0,1.9512503839388213e-07,1.0
17.53,0.0,0.0,0.0,0.0,3.978170817991431e-14,-2.03130750456838e-12,1.170454060244374e-09,0.0,2.3409081204887481e-07,1.0
17.54,0.0,0.0,0.0,0.0,3.3507515776649954e-13,-1.783880980860516e-12,1.359054786350633e-09,0.0,2.718109572701266e-07,1.0
17.55,0.0,0.0,0.0,0.0,3.5585115118769747e-13,-2.055750364010428e-12,1.539017488140643e-09,0.0,3.078034976281286e-07,1.0
17.56,0.0,0.0,0.0,0.0,3.277433369743372e-13,-1.660149533674532e-12,1.7113655249867511e-09,0.0,3.422731049973502e-07,1.0
17.57,0.0,0.0,0.0,0.0,2.6671846097463757e-13,-1.933153395219689e-12,1.8727419232903807e-09,0.0,3.7454838465807614e-07,1.0
17.580000000000002,0.0,0.0,0.0,0.0,1.8746954605579458e-13,-1.4830561723939919e-12,2.0310052777577392e-09,0.0,4.062010555515478e-07,1.0
17.59,0.0,0.0,0.0,0.0,3.3634286204722256e-14,-1.6076289295674105e-12,2.178006443568372e-09,0.0,4.3560128871367436e-07,1.0
17.6,0.0,0.0,0.0,0.0,9.280438495230929e-14,-1.3783834159713551e-12,2.3229584666566745e-09,0.0,4.645916933313349e-07,1.0
17.61,0.0,0.0,0.0,0.0,-7.769504554590303e-15,-1.6736174643127126e-12,2.4568698751043927e-09,0.0,4.913739750208785e-07,1.0
17.62,0.0,0.0,0.0,0.0,1.0007755891423457e-14,-1.4349899854938807e-12,2.5858503549871834e-09,0.0,5.171700709974366e-07,1.0
17.63,0.0,0.0,0.0,0.0,3.262585329001063e-14,-1.7968497598486065e-12,2.7042836951831172e-09,0.0,5.408567390366234e-07,1.0
17.64,0.0,0.0,0.0,0.0,-1.877792074534558e-14,-1.4641197692070667e-12,2.8215349273465007e-09,0.0,5.643069854693002e-07,1.0
17.650000000000002,0.0,0.0,0.0,0.0,8.419261800492359e-14,-1.766403893465438e-12,2.9261178843225397e-09,0.0,5.85223576864508e-07,1.0
17.66,0.0,0.0,0.0,0.0,1.562562854880107e-13,-1.633630706706907e-12,3.0313068103180774e-09,0.0,6.062613620636155e-07,1.0
17.67,0.0,0.0,0.0,0.0,1.3711446361400868e-13,-1.8609648544888008e-12,3.1204026520396637e-09,0.0,6.240805304079327e-07,1.0
17.68,0.0,0.0,0.0,0.0,1.14425457585048e-13,-1.6005185880950544e-12,3.2076182657255075e-09,0.0,6.415236531451015e-07,1.0
17.69,0.0,0.0,0.0,0.0,7.670266003284488e-14,-1.6548524956410605e-12,3.283978261892214e-09,0.0,6.567956523784428e-07,1.0
17.7,0.0,0.0,0.0,0.0,-1.10212524033847e-13,-1.2650379322304544e-12,3.360556958741186e-09,0.0,6.721113917482372e-07,1.0
17.71,0.0,0.0,0.0,0.0,-1.296826577792559e-13,-1.4225057046286241e-12,3.42310075843895e-09,0.0,6.8462015168779e-07,1.0
17.72,0.0,0.0,0.0,0.0,-1.3477449583600202e-13,-1.2367851305603263e-12,3.4889456180037e-09,0.0,6.9778912360074e-07,1.0
17.73,0.0,0.0,0.0,0.0,-1.1522616972277169e-13,-1.3272238725828966e-12,3.539616632589632e-09,0.0,7.079233265179264e-07,1.0
17.740000000000002,0.0,0.0,0.0,0.0,4.718259234273985e-14,-1.215553387113778e-12,3.5891685481881435e-09,0.0,7.178337096376286e-07,1.0
17.75,0.0,0.0,0.0,0.0,9.804407703044194e-14,-1.2346093060713144e-12,3.6325621775887233e-09,0.0,7.265124355177446e-07,1.0
17.76,0.0,0.0,0.0,0.0,1.1684448554729764e-13,-1.2002991447611683e-12,3.6704355940472016e-09,0.0,7.340871188094403e-07,1.0
17.77,0.0,0.0,0.0,0.0,8.32886192831877e-14,-1.1478470838588735e-12,3.7027951948491407e-09,0.0,7.405590389698282e-07,1.0
17.78,0.0,0.0,0.0,0.0,7.341426362291871e-14,-1.117438151828605e-12,3.730177232634871e-09,0.0,7.460354465269742e-07,1.0
17.79,0.0,0.0,0.0,0.0,2.3156361717590782e-14,-1.0658405350346305e-12,3.751896192073218e-09,0.0,7.503792384146435e-07,1.0
17.8,0.0,0.0,0.0,0.0,7.698266664862098e-15,-1.0270509499417018e-12,3.768265010032813e-09,0.0,7.536530020065626e-07,1.0
17.81,0.0,0.0,0.0,0.0,4.1052346906194063e-16,-9.656114508379564e-13,3.780255899202182e-09,0.0,7.560511798404365e-07,1.0
17.82,0.0,0.0,0.0,0.0,-3.823361515512129e-14,-9.026447807943994e-13,3.787672914254988e-09,0.0,7.575345828509975e-07,1.0
17.830000000000002,0.0,0.0,0.0,0.0,-1.2095861876205228e-14,-8.824691616581684e-13,3.7906189183704886e-09,0.0,7.581237836740977e-07,1.0
17.84,0.0,0.0,0.0,0.0,-3.23076522915478e-15,-8.612662580993138e-13,3.788986847407286e-09,0.0,7.577973694814572e-07,1.0
17.85,0.0,0.0,0.0,0.0,1.6339670175836546e-14,-8.431948621574438e-13,3.783221726840982e-09,0.0,7.566443453681965e-07,1.0
17.86,0.0,0.0,0.0,0.0,-7.883431933954472e-15,-8.076020656490749e-13,3.773185461044059e-09,0.0,7.546370922088118e-07,1.0
17.87,0.0,0.0,0.0,0.0,-1.3154401411700154e-14,-7.763478372553177e-13,3.759036915460448e-09,0.0,7.518073830920897e-07,1.0
17.88,0.0,0.0,0.0,0.0,-1.1304342447324039e-14,-7.371877925776962e-13,3.7411399976274245e-09,0.0,7.482279995254849e-07,1.0
17.89,0.0,0.0,0.0,0.0,-2.3862157220872573e-14,-6.961584541382405e-13,3.7196365137991415e-09,0.0,7.439273027598283e-07,1.0
17.900000000000002,0.0,0.0,0.0,0.0,-1.323280034904503e-14,-6.669752117139362e-13,3.694621332530553e-09,0.0,7.389242665061105e-07,1.0
17.91,0.0,0.0,0.0,0.0,-1.992996438665714e-14,-6.456924304646702e-13,3.6663073909882472e-09,0.0,7.332614781976495e-07,1.0
17.92,0.0,0.0,0.0,0.0,-1.9617308268813398e-14,-6.285986352341806e-13,3.6347908394876675e-09,0.0,7.269581678975335e-07,1.0
17.93,0.0,0.0,0.0,0.0,8.064499675543063e-16,-6.098679310977264e-13,3.599950534735735e-09,0.0,7.199901069471469e-07,1.0
17.94,0.0,0.0,0.0,0.0,-6.2655362124749504e-15,-5.975106871229522e-13,3.562332359985564e-09,0.0,7.124664719971128e-07,1.0
17.95,0.0,0.0,0.0,0.0,-5.27472761483745e-15,-5.650950054212351e-13,3.521646996842595e-09,0.0,7.043293993685189e-07,1.0
17.96,0.0,0.0,0.0,0.0,1.5771602265618418e-15,-5.433020912773113e-13,3.478114574477236e-09,0.0,6.956229148954472e-07,1.0
17.97,0.0,0.0,0.0,0.0,-4.916392452338738e-15,-5.098188932957663e-13,3.4321139926423774e-09,0.0,6.864227985284755e-07,1.0
17.98,0.0,0.0,0.0,0.0,-8.363444079260342e-15,-4.804501071579825e-13,3.383883944942175e-09,0.0,6.767767889884349e-07,1.0
17.990000000000002,0.0,0.0,0.0,0.0,-3.9160336279879645e-15,-4.556785142923052e-13,3.3330629958166426e-09,0.0,6.666125991633285e-07,1.0
18.0,0.0,0.0,0.0,0.0,8.435533471284572e-16,-4.4317895960701007e-13,3.2800637485678794e-09,0.0,6.560127497135758e-07,1.0
18.01,0.0,0.0,0.0,0.0,-7.013873092533831e-15,-4.0312085189997095e-13,3.224759170515535e-09,0.0,6.44951834103107e-07,1.0
18.02,0.0,0.0,0.0,0.0,3.956643966783976e-16,-3.7295461490883575e-13,3.167630145211548e-09,0.0,6.335260290423095e-07,1.0
18.03,0.0,0.0,0.0,0.0,3.410323417561637e-15,-3.2814193915390175e-13,3.108585845438568e-09,0.0,6.217171690877136e-07,1.0
18.04,0.0,0.0,0.0,0.0,8.194176746901077e-15,-2.995654373127808e-13,3.047894105195613e-09,0.0,6.095788210391225e-07,1.0
18.05,0.0,0.0,0.0,0.0,1.0174268782154291e-14,-2.650567636669073e-13,2.985581782693489e-09,0.0,5.971163565386978e-07,1.0
18.06,0.0,0.0,0.0,0.0,-2.6115730781692386e-15,-2.359783043953831e-13,2.9217685270807285e-09,0.0,5.843537054161457e-07,1.0
18.07,0.0,0.0,0.0,0.0,-2.600898392571541e-15,-2.098242913025461e-13,2.8567499296299235e-09,0.0,5.713499859259847e-07,1.0
18.080000000000002,0.0,0.0,0.0,0.0,-1.0757084490207212e-14,-1.8470409931293538e-13,2.79052773972496e-09,0.0,5.58105547944992e-07,1.0
18.09,0.0,0.0,0.0,0.0,8.336539032825316e-16,-1.683817020560066e-13,2.723149429236721e-09,0.0,5.446298858473442e-07,1.0
18.1,0.0,0.0,0.0,0.0,2.994964102217205e-16,-1.557167462119064e-13,2.654894809023208e-09,0.0,5.309789618046416e-07,1.0
18.11,0.0,0.0,0.0,0.0,4.619287153283369e-15,-1.322601944522416e-13,2.5855137249482843e-09,0.0,5.171027449896569e-07,1.0
18.12,0.0,0.0,0.0,0.0,5.912657109787025e-15,-1.198875893466561e-13,2.515433357494617e-09,0.0,5.030866714989234e-07,1.0
18.13,0.0,0.0,0.0,0.0,4.229315218606674e-15,-1.0204406659268061e-13,2.4449805916950915e-09,0.0,4.889961183390183e-07,1.0
18.14,0.0,0.0,0.0,0.0,5.351387098595881e-15,-8.581843367960822e-14,2.373638163674123e-09,0.0,4.747276327348246e-07,1.0
18.150000000000002,0.0,0.0,0.0,0.0,9.172195880386814e-15,-8.520592775814557e-14,2.3017421082924875e-09,0.0,4.603484216584975e-07,1.0
18.16,0.0,0.0,0.0,0.0,3.423977870026761e-15,-5.952586703768816e-14,2.2294428605597776e-09,0.0,4.458885721119555e-07,1.0
18.17,0.0,0.0,0.0,0.0,1.4177659874467188e-15,-3.5867314242978594e-14,2.156838375651916e-09,0.0,4.313676751303832e-07,1.0
18.18,0.0,0.0,0.0,0.0,3.565961573244478e-15,-1.057041887914283e-14,2.0838643754454777e-09,0.0,4.167728750890955e-07,1.0
18.19,0.0,0.0,0.0,0.0,1.0682704611652444e-15,1.0432910579796388e-14,2.0108083626416478e-09,0.0,4.021616725283295e-07,1.0
18.2,0.0,0.0,0.0,0.0,-4.200559853051358e-15,3.6584004955704197e-14,1.937756373206035e-09,0.0,3.87551274641207e-07,1.0
18.21,0.0,0.0,0.0,0.0,-7.817956070985445e-15,5.238017878492557e-14,1.8647844185133034e-09,0.0,3.729568837026607e-07,1.0
18.22,0.0,0.0,0.0,0.0,-4.466301643917779e-15,6.749107783773797e-14,1.7918012339692794e-09,0.0,3.583602467938559e-07,1.0
18.23,0.0,0.0,0.0,0.0,-1.0697385445154855e-15,7.941682700113233e-14,1.7190219441882626e-09,0.0,3.438043888376525e-07,1.0
18.240000000000002,0.0,0.0,0.0,0.0,2.7024634906982597e-17,9.732191238617838e-14,1.6465587781498475e-09,0.0,3.2931175562996947e-07,1.0
18.25,0.0,0.0,0.0,0.0,-6.357815965496745e-15,1.1301885300400939e-13,1.5743639857624029e-09,0.0,3.148727971524806e-07,1.0
18.26,0.0,0.0,0.0,0.0,-4.7708741759532534e-15,1.2203093344141426e-13,1.5026450079605017e-09,0.0,3.005290015921003e-07,1.0
18.27,0.0,0.0,0.0,0.0,-2.799767556303983e-15,1.3699169925114707e-13,1.431328776925381e-09,0.0,2.862657553850762e-07,1.0
18.28,0.0,0.0,0.0,0.0,-4.235814747743642e-15,1.4470183512953243e-13,1.3605766559006197e-09,0.0,2.721153311801239e-07,1.0
18.29,0.0,0.0,0.0,0.0,-8.851351707502646e-15,1.5986053719577847e-13,1.2903299584141614e-09,0.0,2.5806599168283227e-07,1.0
18.3,0.0,0.0,0.0,0.0,-9.207327071993954e-15,1.710337802799529e-13,1.2207423707725944e-09,0.0,2.4414847415451887e-07,1.0
18.31,0.0,0.0,0.0,0.0,-6.980924287433336e-15,1.8603503014387862e-13,1.151889835455049e-09,0.0,2.303779670910098e-07,1.0
18.32,0.0,0.0,0.0,0.0,-2.3176125465258066e-15,1.976582680559985e-13,1.0837973413906882e-09,0.0,2.1675946827813763e-07,1.0
18.330000000000002,0.0,0.0,0.0,0.0,-3.539131792306899e-16,2.0406630705885546e-13,1.016579671462253e-09,0.0,2.033159342924506e-07,1.0
18.34,0.0,0.0,0.0,0.0,1.8623050116053018e-15,2.1227655323510742e-13,9.501501107311724e-10,0.0,1.9003002214623448e-07,1.0
18.35,0.0,0.0,0.0,0.0,3.3433834626385256e-15,2.1413084434110728e-13,8.846960698965948e-10,0.0,1.7693921397931895e-07,1.0
18.36,0.0,0.0,0.0,0.0,-1.9942688412466406e-15,2.2401226170393324e-13,8.200986799274287e-10,0.0,1.6401973598548572e-07,1.0
18.37,0.0,0.0,0.0,0.0,-1.416415513768431e-15,2.303179871643289e-13,7.564318805175659e-10,0.0,1.5128637610351318e-07,1.0
18.38,0.0,0.0,0.0,0.0,-4.825201108070584e-15,2.404820741377597e-13,6.93866669489891e-10,0.0,1.387733338979782e-07,1.0
18.39,0.0,0.0,0.0,0.0,-4.430983029248358e-15,2.516980232176571e-13,6.323601347274083e-10,0.0,1.2647202694548164e-07,1.0
18.400000000000002,0.0,0.0,0.0,0.0,-1.9580156300849412e-15,2.5583280970933146e-13,5.719541317282485e-10,0.0,1.143908263456497e-07,1.0
18.41,0.0,0.0,0.0,0.0,3.586470904935281e-16,2.603984030455028e-13,5.126803892892099e-10,0.0,1.0253607785784197e-07,1.0
18.42,0.0,0.0,0.0,0.0,1.9951074841802195e-15,2.6570566769728727e-13,4.545234009066341e-10,0.0,9.090468018132681e-08,1.0
18.43,0.0,0.0,0.0,0.0,1.985177073550584e-15,2.700331122120034e-13,3.975706145782331e-10,0.0,7.951412291564663e-08,1.0
18.44,0.0,0.0,0.0,0.0,2.5217558611805537e-15,2.7632901300402333e-13,3.4183336324687863e-10,0.0,6.836667264937573e-08,1.0
18.45,0.0,0.0,0.0,0.0,1.9841496927221805e-15,2.8056516857099105e-13,2.873189307853456e-10,0.0,5.7463786157069113e-08,1.0
18.46,0.0,0.0,0.0,0.0,8.741866659289762e-16,2.838195672176215e-13,2.3407131111684954e-10,0.0,4.681426222336991e-08,1.0
18.47,0.0,0.0,0.0,0.0,4.7714366474383934e-18,2.8740730113077603e-13,1.8209878793230723e-10,0.0,3.641975758646144e-08,1.0
18.48,0.0,0.0,0.0,0.0,1.4346202958854843e-15,2.900793118789739e-13,1.3140486922623265e-10,0.0,2.628097384524653e-08,1.0
18.490000000000002,0.0,0.0,0.0,0.0,1.8520469563563978e-15,2.9281514608273393e-13,8.201158193348752e-11,0.0,1.6402316386697505e-08,1.0
18.5,0.0,0.0,0.0,0.0,1.9968237385794833e-15,2.9592599159233476e-13,3.394321519453445e-11,0.0,6.78864303890689e-09,1.0
18.51,0.0,0.0,0.0,0.0,8.949706784234357e-16,2.9815787797855824e-13,1.2776358243666827e-11,0.0,2.5552716487333653e-09,1.0
18.52,0.0,0.0,0.0,0.0,-3.973094470154674e-16,2.994778493297711e-13,5.815279922974199e-11,0.0,1.1630559845948398e-08,1.0
18.53,0.0,0.0,0.0,0.0,-3.1972002643973805e-16,3.0049748614755803e-13,1.0221145352315086e-10,0.0,2.0442290704630174e-08,1.0
18.54,0.0,0.0,0.0,0.0,-1.778317541279341e-15,3.00917165398364e-13,1.4489202010965745e-10,0.0,2.897840402193149e-08,1.0
18.55,0.0,0.0,0.0,0.0,9.384624935120105e-17,3.017834980575864e-13,1.8617330103006016e-10,0.0,3.723466020601203e-08,1.0
18.56,0.0,0.0,0.0,0.0,-5.735370623058806e-17,3.014648301691039e-13,2.2612530747886378e-10,0.0,4.522506149577276e-08,1.0
18.57,0.0,0.0,0.0,0.0,1.3905284398490625e-17,2.9794723357092196e-13,2.6468086142357987e-10,0.0,5.293617228471597e-08,1.0
18.580000000000002,0.0,0.0,0.0,0.0,1.1512264652367293e-15,2.973686207674024e-13,3.018771209265984e-10,0.0,6.037542418531968e-08,1.0
18.59,0.0,0.0,0.0,0.0,7.250374105722594e-16,2.951455690874405e-13,3.377335106926058e-10,0.0,6.754670213852115e-08,1.0
18.6,0.0,0.0,0.0,0.0,2.4563209849431818e-15,2.933297069041419e-13,3.722147737626208e-10,0.0,7.444295475252415e-08,1.0
18.61,0.0,0.0,0.0,0.0,4.784349110996305e-15,2.9282783659868215e-13,4.0534150406638787e-10,0.0,8.106830081327757e-08,1.0
18.62,0.0,0.0,0.0,0.0,4.234562758295448e-15,2.909824356235285e-13,4.371270627121752e-10,0.0,8.742541254243504e-08,1.0
18.63,0.0,0.0,0.0,0.0,5.051985392329285e-15,2.886858465722258e-13,4.675511626303581e-10,0.0,9.351023252607163e-08,1.0
18.64,0.0,0.0,0.0,0.0,2.5251391178255708e-15,2.875239049143412e-13,4.966672970926264e-10,0.0,9.933345941852527e-08,1.0
18.650000000000002,0.0,0.0,0.0,0.0,1.9327098573514845e-15,2.8368963022851955e-13,5.244181889988329e-10,0.0,1.0488363779976658e-07,1.0
18.66,0.0,0.0,0.0,0.0,6.263627391230562e-16,2.8232931410534924e-13,5.508783067036715e-10,0.0,1.101756613407343e-07,1.0
18.67,0.0,0.0,0.0,0.0,-1.0893294066635223e-17,2.7734810394526655e-13,5.760146287959644e-10,0.0,1.1520292575919287e-07,1.0
18.68,0.0,0.0,0.0,0.0,-1.243562473184322e-15,2.7458449773095513e-13,5.998662995166247e-10,0.0,1.1997325990332493e-07,1.0
18.69,0.0,0.0,0.0,0.0,3.838158222232555e-17,2.713306497012212e-13,6.224723398295935e-10,0.0,1.2449446796591868e-07,1.0
18.7,0.0,0.0,0.0,0.0,1.1930407162038917e-16,2.6760138985665896e-13,6.43777448556419e-10,0.0,1.287554897112838e-07,1.0
18.71,0.0,0.0,0.0,0.0,3.0152843765298525e-16,2.647454472569399e-13,6.638086121987441e-10,0.0,1.327617224397488e-07,1.0
18.72,0.0,0.0,0.0,0.0,-2.6653107535454803e-15,2.605921825639316e-13,6.826641413243889e-10,0.0,1.3653282826487777e-07,1.0
18.73,0.0,0.0,0.0,0.0,8.337222389526062e-16,2.5511074328979954e-13,7.002883775486022e-10,0.0,1.4005767550972043e-07,1.0
18.740000000000002,0.0,0.0,0.0,0.0,-2.6924073514272304e-15,2.525679579976715e-13,7.166823722867215e-10,0.0,1.433364744573443e-07,1.0
18.75,0.0,0.0,0.0,0.0,-2.1443454173439797e-15,2.4879665322740247e-13,7.319261419891532e-10,0.0,1.4638522839783065e-07,1.0
18.76,0.0,0.0,0.0,0.0,-1.4302911368234512e-15,2.424051044471862e-13,7.459851206307677e-10,0.0,1.4919702412615353e-07,1.0
18.77,0.0,0.0,0.0,0.0,-1.7814281047859278e-15,2.374387363482964e-13,7.588755035372812e-10,0.0,1.5177510070745625e-07,1.0
18.78,0.0,0.0,0.0,0.0,1.0698744783263785e-15,2.3177597404255697e-13,7.706847606677698e-10,0.0,1.5413695213355394e-07,1.0
18.79,0.0,0.0,0.0,0.0,1.0184046052836885e-15,2.2659365289552588e-13,7.814406628427096e-10,0.0,1.562881325685419e-07,1.0
18.8,0.0,0.0,0.0,0.0,4.0023256706884015e-15,2.2254484055234194e-13,7.910553086026012e-10,0.0,1.5821106172052023e-07,1.0
18.81,0.0,0.0,0.0,0.0,-1.394175768936218e-17,2.2031508890267573e-13,7.996128463264975e-10,0.0,1.599225692652995e-07,1.0
18.82,0.0,0.0,0.0,0.0,-2.243439899525542e-16,2.137167852943294e-13,8.07156738599083e-10,0.0,1.614313477198166e-07,1.0
18.830000000000002,0.0,0.0,0.0,0.0,-1.3268541987998727e-15,2.1001754517742068e-13,8.137497150493016e-10,0.0,1.6274994300986031e-07,1.0
18.84,0.0,0.0,0.0,0.0,7.380084698250223e-16,2.0527783659486042e-13,8.192763269237057e-10,0.0,1.6385526538474112e-07,1.0
18.85,0.0,0.0,0.0,0.0,1.5583293526118084e-15,2.0265738622124867e-13,8.23813043223141e-10,0.0,1.647626086446282e-07,1.0
18.86,0.0,0.0,0.0,0.0,-9.256862741051248e-16,1.951469426069785e-13,8.274514518610038e-10,0.0,1.6549029037220076e-07,1.0
18.87,0.0,0.0,0.0,0.0,3.4499165566573644e-16,1.8778007048689165e-13,8.301794193159511e-10,0.0,1.6603588386319022e-07,1.0
18.88,0.0,0.0,0.0,0.0,7.41933705440605e-16,1.8314437313039422e-13,8.319911294298765e-10,0.0,1.663982258859753e-07,1.0
18.89,0.0,0.0,0.0,0.0,-1.1934833370085408e-15,1.7749269353177828e-13,8.329110752526778e-10,0.0,1.6658221505053556e-07,1.0
18.900000000000002,0.0,0.0,0.0,0.0,-5.103204022448893e-15,1.712038214993373e-13,8.330191779719374e-10,0.0,1.666038355943875e-07,1.0
18.91,0.0,0.0,0.0,0.0,-4.0308584091748685e-15,1.6349153569359362e-13,8.322905079147031e-10,0.0,1.664581015829406e-07,1.0
18.92,0.0,0.0,0.0,0.0,-1.0094775710928848e-15,1.5667420799074478e-13,8.307171703830106e-10,0.0,1.661434340766021e-07,1.0
18.93,0.0,0.0,0.0,0.0,2.1341882307267724e-15,1.5189123292134244e-13,8.284850745340394e-10,0.0,1.6569701490680788e-07,1.0
18.94,0.0,0.0,0.0,0.0,5.3179138184114856e-15,1.4365836088861832e-13,8.25475480075565e-10,0.0,1.65095096015113e-07,1.0
18.95,0.0,0.0,0.0,0.0,5.568074984917104e-15,1.43909590041798e-13,8.217724892829199e-10,0.0,1.6435449785658398e-07,1.0
18.96,0.0,0.0,0.0,0.0,1.9793203550191156e-15,1.4063571356090068e-13,8.173967195276858e-10,0.0,1.6347934390553717e-07,1.0
18.97,0.0,0.0,0.0,0.0,3.135532401631696e-15,1.3714966003046953e-13,8.122993163468733e-10,0.0,1.6245986326937465e-07,1.0
18.98,0.0,0.0,0.0,0.0,8.353807887034747e-16,1.3408938714260854e-13,8.065676877147274e-10,0.0,1.6131353754294547e-07,1.0
18.990000000000002,0.0,0.0,0.0,0.0,-1.445132039689498e-15,1.2679256315947628e-13,8.00210087728713e-10,0.0,1.600420175457426e-07,1.0
19.0,0.0,0.0,0.0,0.0,-9.051096174926288e-16,1.208646759459074e-13,7.932570545738051e-10,0.0,1.5865141091476103e-07,1.0
19.01,0.0,0.0,0.0,0.0,-2.5412761224709652e-15,1.1439235963385324e-13,7.857267942168952e-10,0.0,1.5714535884337903e-07,1.0
19.02,0.0,0.0,0.0,0.0,-3.808359027977334e-15,1.0598805615441634e-13,7.775856767312473e-10,0.0,1.5551713534624946e-07,1.0
19.03,0.0,0.0,0.0,0.0,-4.7213216280848694e-15,1.0013987440008014e-13,7.690127830102283e-10,0.0,1.5380255660204566e-07,1.0
19.04,0.0,0.0,0.0,0.0,-2.6281543957575415e-15,9.040780923181643e-14,7.599220850415148e-10,0.0,1.5198441700830296e-07,1.0
19.05,0.0,0.0,0.0,0.0,-3.059488652282696e-15,8.808193087117437e-14,7.503719930016215e-10,0.0,1.500743986003243e-07,1.0
19.06,0.0,0.0,0.0,0.0,1.6322836236491888e-15,8.323911041630947e-14,7.403770430282744e-10,0.0,1.4807540860565487e-07,1.0
19.07,0.0,0.0,0.0,0.0,2.378972724634174e-15,8.108375762558666e-14,7.300142836422392e-10,0.0,1.4600285672844783e-07,1.0
19.080000000000002,0.0,0.0,0.0,0.0,4.608962944589903e-15,7.506483778480605e-14,7.191360822140696e-10,0.0,1.4382721644281392e-07,1.0
19.09,0.0,0.0,0.0,0.0,2.8476267369219514e-15,7.328992731955352e-14,7.079238399507514e-10,0.0,1.415847679901503e-07,1.0
19.1,0.0,0.0,0.0,0.0,4.859391475082352e-15,6.453241787646548e-14,6.963914528291956e-10,0.0,1.392782905658391e-07,1.0
19.11,0.0,0.0,0.0,0.0,5.209709253021293e-15,5.881722462295363e-14,6.844680196751358e-10,0.0,1.3689360393502715e-07,1.0
19.12,0.0,0.0,0.0,0.0,8.092552041536498e-16,5.677196350178791e-14,6.722959042342913e-10,0.0,1.3445918084685826e-07,1.0
19.13,0.0,0.0,0.0,0.0,5.948077925100879e-15,4.880796757837753e-14,6.597759046901396e-10,0.0,1.3195518093802793e-07,1.0
19.14,0.0,0.0,0.0,0.0,2.882553722179582e-15,4.768108402655438e-14,6.470548625897255e-10,0.0,1.2941097251794508e-07,1.0
19.150000000000002,0.0,0.0,0.0,0.0,1.775120933354069e-15,3.9350554943242996e-14,6.340019057365528e-10,0.0,1.2680038114731057e-07,1.0
19.16,0.0,0.0,0.0,0.0,-1.134144737138584e-15,3.729963109131768e-14,6.207656261737591e-10,0.0,1.241531252347518e-07,1.0
19.17,0.0,0.0,0.0,0.0,-1.317457548029318e-15,3.08224239756857e-14,6.073755952957977e-10,0.0,1.2147511905915954e-07,1.0
19.18,0.0,0.0,0.0,0.0,-5.410041818547779e-15,2.7392538129809783e-14,5.937593625834601e-10,0.0,1.18751872516692e-07,1.0
19.19,0.0,0.0,0.0,0.0,7.993763091226706e-17,2.613967950329903e-14,5.799658343521176e-10,0.0,1.1599316687042352e-07,1.0
19.2,0.0,0.0,0.0,0.0,-2.4777271424788738e-15,2.2683237376825932e-14,5.660731349904697e-10,0.0,1.1321462699809395e-07,1.0
19.21,0.0,0.0,0.0,0.0,2.3832220802896142e-15,1.8412679779685504e-14,5.52027020448122e-10,0.0,1.104054040896244e-07,1.0
19.22,0.0,0.0,0.0,0.0,-1.62606839176614e-15,1.622071363762246e-14,5.378389928789598e-10,0.0,1.0756779857579195e-07,1.0
19.23,0.0,0.0,0.0,0.0,-2.331829760250831e-15,1.0380421948626287e-14,5.235239315423402e-10,0.0,1.0470478630846804e-07,1.0
19.240000000000002,0.0,0.0,0.0,0.0,1.0483740650856931e-15,4.5400986183979024e-15,5.091812794155315e-10,0.0,1.0183625588310629e-07,1.0
19.25,0.0,0.0,0.0,0.0,4.481154980757507e-16,-1.943645835255452e-15,4.947862433368609e-10,0.0,9.895724866737217e-08,1.0
19.26,0.0,0.0,0.0,0.0,-3.2752663860728647e-16,-2.9643404004047128e-15,4.80390677232699e-10,0.0,9.607813544653979e-08,1.0
19.27,0.0,0.0,0.0,0.0,4.820446735149119e-16,-3.919037062260803e-15,4.659716809961665e-10,0.0,9.31943361992333e-08,1.0
19.28,0.0,0.0,0.0,0.0,-4.41450378967362e-16,-3.805757651355367e-15,4.515109347060301e-10,0.0,9.030218694120601e-08,1.0
19.29,0.0,0.0,0.0,0.0,1.8299050197046657e-16,-3.854448457857228e-15,4.3708152282131527e-10,0.0,8.741630456426305e-08,1.0
19.3,0.0,0.0,0.0,0.0,2.9398737615650546e-15,-9.344424824509441e-15,4.2258008578508215e-10,0.0,8.451601715701643e-08,1.0
19.31,0.0,0.0,0.0,0.0,2.5043668161886985e-15,-1.2577885174360428e-14,4.081216894157036e-10,0.0,8.162433788314073e-08,1.0
19.32,0.0,0.0,0.0,0.0,6.123394524113303e-15,-2.0632184295833436e-14,3.9373617422073413e-10,0.0,7.874723484414683e-08,1.0
19.330000000000002,0.0,0.0,0.0,0.0,6.5741660812240644e-15,-2.7169220044372998e-14,3.793666892353099e-10,0.0,7.587333784706197e-08,1.0
19.34,0.0,0.0,0.0,0.0,4.381656535997568e-15,-2.879831142129092e-14,3.6515007456605965e-10,0.0,7.303001491321193e-08,1.0
19.35,0.0,0.0,0.0,0.0,2.473193937022808e-15,-3.2740963121146876e-14,3.510235929191431e-10,0.0,7.020471858382861e-08,1.0
19.36,0.0,0.0,0.0,0.0,1.7658338758183357e-15,-3.0672603455146743e-14,3.36998584455761e-10,0.0,6.739971689115219e-08,1.0
19.37,0.0,0.0,0.0,0.0,-1.2361418978565411e-15,-3.0790957198692414e-14,3.2305318032556525e-10,0.0,6.461063606511305e-08,1.0
19.38,0.0,0.0,0.0,0.0,-1.8726902935582593e-15,-3.281241564772063e-14,3.091838199458327e-10,0.0,6.183676398916655e-08,1.0
19.39,0.0,0.0,0.0,0.0,-2.3573604814230286e-15,-3.570856565954886e-14,2.9548509330568093e-10,0.0,5.9097018661136184e-08,1.0
19.400000000000002,0.0,0.0,0.0,0.0,2.272658870455127e-15,-4.0313976191305e-14,2.8193530066228263e-10,0.0,5.6387060132456524e-08,1.0
19.41,0.0,0.0,0.0,0.0,3.027531704720053e-15,-4.064700320885929e-14,2.6855003025336397e-10,0.0,5.371000605067279e-08,1.0
19.42,0.0,0.0,0.0,0.0,6.323876672471734e-15,-4.1063917330671836e-14,2.55314419901394e-10,0.0,5.10628839802788e-08,1.0
19.43,0.0,0.0,0.0,0.0,2.9623028425052703e-15,-4.177598342006406e-14,2.4221895394251345e-10,0.0,4.844379078850269e-08,1.0
19.44,0.0,0.0,0.0,0.0,-1.5212109602150353e-15,-4.22046117422137e-14,2.2933909722699e-10,0.0,4.5867819445398e-08,1.0
19.45,0.0,0.0,0.0,0.0,-2.487045756931761e-15,-4.4131551016920235e-14,2.1664060765462702e-10,0.0,4.3328121530925404e-08,1.0
19.46,0.0,0.0,0.0,0.0,-6.1543869256471586e-15,-4.374575361534035e-14,2.0410998163719459e-10,0.0,4.0821996327438915e-08,1.0
19.47,0.0,0.0,0.0,0.0,-7.75481694892501e-15,-4.415851612132648e-14,1.91779826453568e-10,0.0,3.83559652907136e-08,1.0
19.48,0.0,0.0,0.0,0.0,-7.710689006621662e-15,-4.565305151736878e-14,1.7966157639294192e-10,0.0,3.593231527858839e-08,1.0
19.490000000000002,0.0,0.0,0.0,0.0,-6.598416270511856e-15,-4.785131254338295e-14,1.6771188108832198e-10,0.0,3.3542376217664397e-08,1.0
19.5,0.0,0.0,0.0,0.0,-6.677753444668594e-15,-4.7206169672887154e-14,1.5604448698631217e-10,0.0,3.120889739726243e-08,1.0
19.51,0.0,0.0,0.0,0.0,1.2622099575916819e-15,-5.138410790853376e-14,1.4452214010038806e-10,0.0,2.8904428020077612e-08,1.0
19.52,0.0,0.0,0.0,0.0,-2.893548172439174e-15,-4.894568023532852e-14,1.3327795708772714e-10,0.0,2.6655591417545427e-08,1.0
19.53,0.0,0.0,0.0,0.0,3.193732769774725e-15,-5.483434825821629e-14,1.2217857255465799e-10,0.0,2.4435714510931597e-08,1.0
19.54,0.0,0.0,0.0,0.0,3.666272861990397e-15,-5.521032785508407e-14,1.1134176525444298e-10,0.0,2.2268353050888596e-08,1.0
19.55,0.0,0.0,0.0,0.0,7.602242431135006e-15,-6.093438955973499e-14,1.0075346783650858e-10,0.0,2.0150693567301714e-08,1.0
19.56,0.0,0.0,0.0,0.0,4.724714680673956e-15,-6.100805180062098e-14,9.046131397648669e-11,0.0,1.8092262795297338e-08,1.0
19.57,0.0,0.0,0.0,0.0,6.523892869801638e-15,-5.937308291446222e-14,8.04397822156031e-11,0.0,1.608795644312062e-08,1.0
19.580000000000002,0.0,0.0,0.0,0.0,-8.247830415059961e-16,-5.644855180080844e-14,7.060807888259193e-11,0.0,1.4121615776518386e-08,1.0
19.59,0.0,0.0,0.0,0.0,-2.1194640541417556e-15,-5.353690926677053e-14,6.102939543933628e-11,0.0,1.2205879087867255e-08,1.0
19.6,0.0,0.0,0.0,0.0,-2.069931014045733e-15,-5.5436416279113835e-14,5.1693786740064296e-11,0.0,1.033875734801286e-08,1.0
19.61,0.0,0.0,0.0,0.0,-2.764469348617573e-15,-5.74366299558225e-14,4.2581435437651386e-11,0.0,8.516287087530278e-09,1.0
19.62,0.0,0.0,0.0,0.0,-4.527178944252679e-16,-5.942871870966762e-14,3.37342658780284e-11,0.0,6.7468531756056806e-09,1.0
19.63,0.0,0.0,0.0,0.0,2.0048328228775687e-15,-6.065833665929098e-14,2.5205217649343325e-11,0.0,5.041043529868665e-09,1.0
19.64,0.0,0.0,0.0,0.0,2.8523094366322716e-15,-6.09772597535931e-14,1.6905480795294646e-11,0.0,3.381096159058929e-09,1.0
19.650000000000002,0.0,0.0,0.0,0.0,2.8282251167702834e-15,-5.669754590549681e-14,8.889593396099834e-12,0.0,1.777918679219967e-09,1.0
19.66,0.0,0.0,0.0,0.0,2.760790818602496e-15,-5.524957974479034e-14,1.1363703318667834e-12,0.0,2.2727406637335667e-10,1.0
19.67,0.0,0.0,0.0,0.0,-7.178909439008127e-16,-5.226127649361369e-14,6.364633292303193e-12,0.0,1.2729266584606387e-09,1.0
19.68,0.0,0.0,0.0,0.0,-1.8151347900837264e-15,-5.039287242944627e-14,1.3624343445480817e-11,0.0,2.7248686890961634e-09,1.0
19.69,0.0,0.0,0.0,0.0,-1.9967127381505964e-16,-5.0703395173053795e-14,2.067341179084495e-11,0.0,4.13468235816899e-09,1.0
19.7,0.0,0.0,0.0,0.0,1.8372184612511708e-16,-5.0623817405818806e-14,2.7417329913303656e-11,0.0,5.483465982660731e-09,1.0
19.71,0.0,0.0,0.0,0.0,4.1195017558783805e-15,-5.380998489363158e-14,3.394106013184551e-11,0.0,6.7882120263691025e-09,1.0
19.72,0.0,0.0,0.0,0.0,1.672230526945072e-15,-5.2233190801414436e-14,4.0193720535054646e-11,0.0,8.03874410701093e-09,1.0
19.73,0.0,0.0,0.0,0.0,2.934074729200931e-15,-5.293199803977158e-14,4.618744937659215e-11,0.0,9.23748987531843e-09,1.0
19.740000000000002,0.0,0.0,0.0,0.0,2.2059694519478273e-15,-5.394017724140013e-14,5.199612389765463e-11,0.0,1.0399224779530926e-08,1.0
19.75,0.0,0.0,0.0,0.0,-1.7101327959779196e-15,-5.196905114803984e-14,5.7470224957139905e-11,0.0,1.1494044991427982e-08,1.0
19.76,0.0,0.0,0.0,0.0,1.5997084242547966e-15,-5.4665811591032727e-14,6.27273224862644e-11,0.0,1.2545464497252879e-08,1.0
19.77,0.0,0.0,0.0,0.0,-1.3997368930135004e-15,-5.087590078835668e-14,6.774458787174327e-11,0.0,1.3548917574348654e-08,1.0
19.78,0.0,0.0,0.0,0.0,2.346267717683163e-15,-5.14996464401076e-14,7.25532799565316e-11,0.0,1.451065599130632e-08,1.0
19.79,0.0,0.0,0.0,0.0,1.9966496909928334e-15,-5.065263326976649e-14,7.707914916008579e-11,0.0,1.5415829832017156e-08,1.0
19.8,0.0,0.0,0.0,0.0,4.001137843674873e-15,-5.121016038010384e-14,8.135952641536448e-11,0.0,1.6271905283072897e-08,1.0
19.81,0.0,0.0,0.0,0.0,1.754398304917974e-15,-4.886180222836882e-14,8.542256963082982e-11,0.0,1.7084513926165962e-08,1.0
19.82,0.0,0.0,0.0,0.0,-1.43854919225307e-15,-4.67014348685432e-14,8.925551636346136e-11,0.0,1.785110327269227e-08,1.0
19.830000000000002,0.0,0.0,0.0,0.0,2.1186143491010367e-16,-4.5931506990046645e-14,9.286196770008215e-11,0.0,1.8572393540016428e-08,1.0
19.84,0.0,0.0,0.0,0.0,-5.080946410656394e-16,-4.475222373051011e-14,9.623674750550863e-11,0.0,1.9247349501101726e-08,1.0
19.85,0.0,0.0,0.0,0.0,9.522611326216258e-16,-4.4271198937588824e-14,9.941348012087178e-11,0.0,1.9882696024174356e-08,1.0
19.86,0.0,0.0,0.0,0.0,-9.450602349623756e-16,-4.243909007075342e-14,1.023486281617617e-10,0.0,2.046972563235234e-08,1.0
19.87,0.0,0.0,0.0,0.0,-3.5244721769265383e-16,-4.260163566838332e-14,1.0508935974636886e-10,0.0,2.1017871949273773e-08,1.0
19.88,0.0,0.0,0.0,0.0,2.1413783105086632e-16,-4.1011948811327484e-14,1.0762833087115218e-10,0.0,2.1525666174230435e-08,1.0
19.89,0.0,0.0,0.0,0.0,1.4265537474610263e-17,-4.078909971913763e-14,1.099576202309202e-10,0.0,2.1991524046184038e-08,1.0
19.900000000000002,0.0,0.0,0.0,0.0,-2.377629541572206e-15,-4.0621984388476134e-14,1.1208743771833266e-10,0.0,2.2417487543666533e-08,1.0
19.91,0.0,0.0,0.0,0.0,-2.897346711537175e-15,-4.0292560649369273e-14,1.1403381174891523e-10,0.0,2.2806762349783044e-08,1.0
19.92,0.0,0.0,0.0,0.0,-3.0119582858512492e-15,-3.8923861806115255e-14,1.1575615546843182e-10,0.0,2.3151231093686365e-08,1.0
19.93,0.0,0.0,0.0,0.0,2.8616845813512883e-16,-3.929813494597927e-14,1.1732492311276596e-10,0.0,2.3464984622553192e-08,1.0
19.94,0.0,0.0,0.0,0.0,6.029697951541348e-16,-3.575460546935912e-14,1.186570160683719e-10,0.0,2.373140321367438e-08,1.0
19.95,0.0,0.0,0.0,0.0,2.0768373633662345e-15,-3.600351939114221e-14,1.198481274521217e-10,0.0,2.3969625490424336e-08,1.0
19.96,0.0,0.0,0.0,0.0,-2.3192780755115255e-15,-3.248725669136248e-14,1.2085993522312515e-10,0.0,2.417198704462503e-08,1.0
19.97,0.0,0.0,0.0,0.0,-8.519930317983057e-16,-3.226975082140867e-14,1.216994638024896e-10,0.0,2.4339892760497918e-08,1.0
19.98,0.0,0.0,0.0,0.0,-2.7434724244157522e-15,-3.183948994485981e-14,1.2239236109188877e-10,0.0,2.4478472218377754e-08,1.0
19.990000000000002,0.0,0.0,0.0,0.0,-1.096706992731857e-15,-3.168732837652146e-14,1.2293436159774543e-10,0.0,2.4586872319549088e-08,1.0
20.0,0.0,0.0,0.0,0.0,-4.311237082935362e-16,-3.194903303490059e-14,1.2330064650631113e-10,0.0,2.4660129301262225e-08,1.0
20.01,0.0,0.0,0.0,0.0,9.677153665031834e-16,-3.2813711578255284e-14,1.2353299034010957e-10,0.0,2.4706598068021912e-08,1.0
20.02,0.0,0.0,0.0,0.0,7.189686670291229e-16,-3.175183791158545e-14,1.236068024368455e-10,0.0,2.4721360487369102e-08,1.0
20.03,0.0,0.0,0.0,0.0,1.3067894030983295e-15,-3.134333535333611e-14,1.2352137382552694e-10,0.0,2.4704274765105388e-08,1.0
20.04,0.0,0.0,0.0,0.0,9.088659414773091e-16,-3.009267844421319e-14,1.2330482968499108e-10,0.0,2.4660965936998216e-08,1.0
20.05,0.0,0.0,0.0,0.0,9.730782439170146e-16,-2.853185157051287e-14,1.229704627227164e-10,0.0,2.459409254454328e-08,1.0
20.06,0.0,0.0,0.0,0.0,8.589716294008528e-16,-2.6997281288398752e-14,1.2248038529294222e-10,0.0,2.4496077058588443e-08,1.0
20.07,0.0,0.0,0.0,0.0,1.2267868402943127e-15,-2.622248915993582e-14,1.2186092950953681e-10,0.0,2.4372185901907362e-08,1.0
20.080000000000002,0.0,0.0,0.0,0.0,1.3732908539325266e-15,-2.4437144866661603e-14,1.2114976088314856e-10,0.0,2.4229952176629713e-08,1.0
20.09,0.0,0.0,0.0,0.0,6.07217619457477e-16,-2.2839804869038788e-14,1.2031878935401756e-10,0.0,2.4063757870803512e-08,1.0
20.1,0.0,0.0,0.0,0.0,-1.666451416667174e-16,-2.3055940419066393e-14,1.1937128186708311e-10,0.0,2.3874256373416624e-08,1.0
20.11,0.0,0.0,0.0,0.0,5.979085286273036e-16,-2.116359246409176e-14,1.1828037863437159e-10,0.0,2.3656075726874317e-08,1.0
20.12,0.0,0.0,0.0,0.0,-1.1108615102995196e-15,-1.9770300604762476e-14,1.171168040326304e-10,0.0,2.342336080652608e-08,1.0
20.13,0.0,0.0,0.0,0.0,-5.993170271544251e-16,-1.6635066778590855e-14,1.1586474832930723e-10,0.0,2.3172949665861446e-08,1.0
20.14,0.0,0.0,0.0,0.0,1.3142077485030687e-16,-1.630703968706601e-14,1.1452307458997997e-10,0.0,2.2904614917995993e-08,1.0
20.150000000000002,0.0,0.0,0.0,0.0,-7.989543964221264e-16,-1.624932572817455e-14,1.1309689379991255e-10,0.0,2.261937875998251e-08,1.0
20.16,0.0,0.0,0.0,0.0,-2.5525245880120988e-15,-1.5697978557034296e-14,1.1157355902940665e-10,0.0,2.231471180588133e-08,1.0
20.17,0.0,0.0,0.0,0.0,-3.2803459537927254e-15,-1.5576995473699046e-14,1.0998660995597995e-10,0.0,2.199732199119599e-08,1.0
20.18,0.0,0.0,0.0,0.0,-3.327049743295549e-15,-1.4798655178851472e-14,1.0833297299021469e-10,0.0,2.1666594598042938e-08,1.0
20.19,0.0,0.0,0.0,0.0,-1.9782666745853884e-15,-1.407894057608239e-14,1.0657648493453787e-10,0.0,2.1315296986907575e-08,1.0
20.2,0.0,0.0,0.0,0.0,-4.035896326867446e-16,-1.3169632572546182e-14,1.0474413262227915e-10,0.0,2.094882652445583e-08,1.0
20.21,0.0,0.0,0.0,0.0,-1.147852759427146e-15,-1.0787643779555753e-14,1.0287142561097767e-10,0.0,2.057428512219553e-08,1.0
20.22,0.0,0.0,0.0,0.0,-6.702074782617193e-16,-8.104543021170989e-15,1.0092467425911369e-10,0.0,2.0184934851822737e-08,1.0
20.23,0.0,0.0,0.0,0.0,-3.345934556184458e-16,-7.739026572890844e-15,9.8938788232665e-11,0.0,1.9787757646533e-08,1.0
20.240000000000002,0.0,0.0,0.0,0.0,-3.227744346042263e-16,-6.0852146889149984e-15,9.689876109206939e-11,0.0,1.9379752218413877e-08,1.0
20.25,0.0,0.0,0.0,0.0,-8.152311169530457e-16,-4.974343399031705e-15,9.479059177790429e-11,0.0,1.8958118355580856e-08,1.0
20.26,0.0,0.0,0.0,0.0,-6.981003031866757e-16,-4.28780039930664e-15,9.266897958810519e-11,0.0,1.8533795917621037e-08,1.0
20.27,0.0,0.0,0.0,0.0,-2.2895368155256073e-15,-2.7292172969022413e-15,9.051634351742514e-11,0.0,1.810326870348503e-08,1.0
20.28,0.0,0.0,0.0,0.0,-7.4497661921470765e-16,-3.4991710402293458e-15,8.83302344602454e-11,0.0,1.7666046892049078e-08,1.0
20.29,0.0,0.0,0.0,0.0,-9.410219062726536e-16,-4.141476229243567e-15,8.611039229048001e-11,0.0,1.7222078458096003e-08,1.0
20.3,0.0,0.0,0.0,0.0,-9.302815066287417e-16,-4.455127933971819e-15,8.386036569993602e-11,0.0,1.6772073139987203e-08,1.0
20.31,0.0,0.0,0.0,0.0,-1.0498986845047513e-15,-4.638882354245808e-15,8.159502725502701e-11,0.0,1.63190054510054e-08,1.0
20.32,0.0,0.0,0.0,0.0,-1.7348769517633937e-15,-4.259786423992112e-15,7.929587197706652e-11,0.0,1.5859174395413303e-08,1.0
20.330000000000002,0.0,0.0,0.0,0.0,-1.0326978843106397e-15,-4.04887605619799e-15,7.696758198214429e-11,0.0,1.539351639642886e-08,1.0
20.34,0.0,0.0,0.0,0.0,4.3392101669861275e-16,-2.8895280987799104e-15,7.462396143251134e-11,0.0,1.4924792286502267e-08,1.0
20.35,0.0,0.0,0.0,0.0,1.2095383431945027e-15,-1.72059619131794e-15,7.22800111715101e-11,0.0,1.445600223430202e-08,1.0
20.36,0.0,0.0,0.0,0.0,2.30925140431963e-15,-1.1058140271653567e-15,6.993074194176667e-11,0.0,1.3986148388353333e-08,1.0
20.37,0.0,0.0,0.0,0.0,2.557917319516002e-15,-1.702924444662678e-15,6.758333389466757e-11,0.0,1.3516666778933514e-08,1.0
20.38,0.0,0.0,0.0,0.0,2.134537615828087e-15,-1.5780165195795452e-15,6.520871217347002e-11,0.0,1.3041742434694004e-08,1.0
20.39,0.0,0.0,0.0,0.0,1.4395100208305542e-15,-1.8589172958498662e-15,6.283593699070816e-11,0.0,1.2567187398141632e-08,1.0
20.400000000000002,0.0,0.0,0.0,0.0,9.483600707442592e-16,-2.335982198247735e-16,6.045707526331705e-11,0.0,1.209141505266341e-08,1.0
20.41,0.0,0.0,0.0,0.0,1.2522337259774542e-15,2.999509206598272e-17,5.8103823866633246e-11,0.0,1.162076477332665e-08,1.0
20.42,0.0,0.0,0.0,0.0,2.2337535558418185e-15,8.523612233694001e-16,5.574729393810064e-11,0.0,1.1149458787620127e-08,1.0
20.43,0.0,0.0,0.0,0.0,1.7182987067760584e-15,1.1282395308397113e-15,5.3369989533487524e-11,0.0,1.0673997906697504e-08,1.0
20.44,0.0,0.0,0.0,0.0,7.078993638577067e-16,2.246264697359156e-15,5.1008983989694e-11,0.0,1.0201796797938799e-08,1.0
20.45,0.0,0.0,0.0,0.0,-3.0473582872439107e-16,4.2131125458549e-15,4.8682320803937634e-11,0.0,9.736464160787527e-09,1.0
20.46,0.0,0.0,0.0,0.0,-6.385036091111125e-17,4.895772436745773e-15,4.6375341799741744e-11,0.0,9.275068359948349e-09,1.0
20.47,0.0,0.0,0.0,0.0,4.563464879680136e-16,4.240232024231155e-15,4.408136339268938e-11,0.0,8.816272678537876e-09,1.0
20.48,0.0,0.0,0.0,0.0,4.4396218159050315e-16,4.081011883337659e-15,4.179579002614424e-11,0.0,8.359158005228848e-09,1.0
20.490000000000002,0.0,0.0,0.0,0.0,3.8163591703553736e-16,4.846942821070318e-15,3.951987568430718e-11,0.0,7.903975136861436e-09,1.0
20.5,0.0,0.0,0.0,0.0,-7.821085721267752e-17,5.770144129451326e-15,3.728244897002389e-11,0.0,7.456489794004778e-09,1.0
20.51,0.0,0.0,0.0,0.0,-8.926481965000604e-16,6.892167682234228e-15,3.507500246552097e-11,0.0,7.0150004931041935e-09,1.0
20.52,0.0,0.0,0.0,0.0,-2.180526492065838e-15,7.458423092762634e-15,3.2870801887954066e-11,0.0,6.574160377590813e-09,1.0
20.53,0.0,0.0,0.0,0.0,-1.5397952046438111e-15,6.976764381198429e-15,3.0723948381189205e-11,0.0,6.144789676237841e-09,1.0
20.54,0.0,0.0,0.0,0.0,-2.0158598719723353e-15,8.284522133920079e-15,2.859679373650278e-11,0.0,5.719358747300556e-09,1.0
20.55,0.0,0.0,0.0,0.0,-7.77724332690895e-16,7.605652852145503e-15,2.64938589114561e-11,0.0,5.29877178229122e-09,1.0
20.56,0.0,0.0,0.0,0.0,-3.0030661804296937e-16,7.780776071969085e-15,2.443266197749936e-11,0.0,4.886532395499872e-09,1.0
20.57,0.0,0.0,0.0,0.0,1.1174612287385025e-17,8.386007411987488e-15,2.2400276235454353e-11,0.0,4.480055247090871e-09,1.0
20.580000000000002,0.0,0.0,0.0,0.0,5.240082978335891e-16,8.283767761076897e-15,2.0403853078120297e-11,0.0,4.0807706156240595e-09,1.0
20.59,0.0,0.0,0.0,0.0,6.73277027949254e-16,8.395412449770484e-15,1.8448983713421134e-11,0.0,3.689796742684227e-09,1.0
20.6,0.0,0.0,0.0,0.0,-1.3855735514542016e-17,8.275764430998784e-15,1.6534084788070572e-11,0.0,3.3068169576141142e-09,1.0
20.61,0.0,0.0,0.0,0.0,1.1468778570797145e-16,8.239452250373618e-15,1.4644080354299467e-11,0.0,2.9288160708598934e-09,1.0
20.62,0.0,0.0,0.0,0.0,-8.867014081138641e-16,8.060294390100783e-15,1.2797280772690796e-11,0.0,2.559456154538159e-09,1.0
20.63,0.0,0.0,0.0,0.0,-5.659743643693609e-16,8.886876529769204e-15,1.098629263773443e-11,0.0,2.197258527546886e-09,1.0
20.64,0.0,0.0,0.0,0.0,-1.2995946030991827e-15,8.925510230311267e-15,9.223126323049334e-12,0.0,1.8446252646098668e-09,1.0
20.650000000000002,0.0,0.0,0.0,0.0,-6.967329882729274e-17,9.35294570263866e-15,7.495295010757417e-12,0.0,1.4990590021514834e-09,1.0
20.66,0.0,0.0,0.0,0.0,6.915028304166407e-17,9.220627781551716e-15,5.808683654299474e-12,0.0,1.1617367308598949e-09,1.0
20.67,0.0,0.0,0.0,0.0,4.423329913131346e-16,9.570795780373916e-15,4.164223407688918e-12,0.0,8.328446815377835e-10,1.0
20.68,0.0,0.0,0.0,0.0,2.4567694881628693e-16,9.539080733633995e-15,2.5704748315333734e-12,0.0,5.140949663066747e-10,1.0
20.69,0.0,0.0,0.0,0.0,2.510391951002088e-16,9.776914396683285e-15,1.0098913328968003e-12,0.0,2.0197826657936005e-10,1.0
20.7,0.0,0.0,0.0,0.0,2.816675981440983e-16,9.377610750474777e-15,5.030777720437948e-13,0.0,1.0061555440875895e-10,1.0
20.71,0.0,0.0,0.0,0.0,-4.266717273657508e-16,9.884797311541965e-15,1.9771072554862236e-12,0.0,3.954214510972447e-10,1.0
20.72,0.0,0.0,0.0,0.0,-1.3674769344733643e-16,9.792396435821441e-15,3.4015152116108005e-12,0.0,6.803030423221601e-10,1.0
20.73,0.0,0.0,0.0,0.0,-2.574255179853095e-16,1.0098947282118063e-14,4.78513651191885e-12,0.0,9.5702730238377e-10,1.0
20.740000000000002,0.0,0.0,0.0,0.0,-4.0475685932207874e-16,9.887961968181602e-15,6.1209582208326055e-12,0.0,1.2241916441665211e-09,1.0
20.75,0.0,0.0,0.0,0.0,-4.1918678564252445e-16,9.985407429049371e-15,7.41473269702261e-12,0.0,1.482946539404522e-09,1.0
20.76,0.0,0.0,0.0,0.0,-4.632531011830137e-16,9.849638069602932e-15,8.6641590387781e-12,0.0,1.73283180775562e-09,1.0
20.77,0.0,0.0,0.0,0.0,5.592900133468171e-17,9.879013266461574e-15,9.868521953676733e-12,0.0,1.9737043907353464e-09,1.0
20.78,0.0,0.0,0.0,0.0,-6.608345026469789e-16,1.0162271302573967e-14,1.1036552463962794e-11,0.0,2.2073104927925587e-09,1.0
20.79,0.0,0.0,0.0,0.0,3.868973054283432e-16,9.751592908745422e-15,1.2141045811463892e-11,0.0,2.428209162292778e-09,1.0
20.8,0.0,0.0,0.0,0.0,-4.438375749731137e-16,1.0155410425632057e-14,1.3213196975281098e-11,0.0,2.6426393950562195e-09,1.0
20.81,0.0,0.0,0.0,0.0,1.5096878816748525e-17,9.1481222321926e-15,1.4237491539984446e-11,0.0,2.847498307996889e-09,1.0
20.82,0.0,0.0,0.0,0.0,1.6003058750216843e-19,9.275518679330268e-15,1.5220534021617e-11,0.0,3.0441068043234e-09,1.0
20.830000000000002,0.0,0.0,0.0,0.0,4.452706419106805e-16,9.097836720782618e-15,1.6161452099534414e-11,0.0,3.2322904199068826e-09,1.0
20.84,0.0,0.0,0.0,0.0,4.471626556856933e-16,9.20684070054777e-15,1.7061513487539372e-11,0.0,3.4123026975078743e-09,1.0
20.85,0.0,0.0,0.0,0.0,6.027641781222487e-16,9.154053522545149e-15,1.7912751633821497e-11,0.0,3.5825503267642992e-09,1.0
20.86,0.0,0.0,0.0,0.0,1.9381611178796865e-16,9.006666935082053e-15,1.8717024883724665e-11,0.0,3.743404976744933e-09,1.0
20.87,0.0,0.0,0.0,0.0,6.026705409899801e-17,8.708301148857256e-15,1.9488054198658584e-11,0.0,3.897610839731717e-09,1.0
20.88,0.0,0.0,0.0,0.0,1.3100852081432322e-16,8.295654310011923e-15,2.021854281104681e-11,0.0,4.043708562209362e-09,1.0
20.89,0.0,0.0,0.0,0.0,2.1436104258678412e-17,8.462101571208839e-15,2.0904811824305402e-11,0.0,4.1809623648610805e-09,1.0
20.900000000000002,0.0,0.0,0.0,0.0,6.22433346229338e-17,8.492134498921331e-15,2.1550214167352794e-11,0.0,4.310042833470559e-09,1.0
20.91,0.0,0.0,0.0,0.0,-4.027192225341859e-16,8.502950499485168e-15,2.2161707578804593e-11,0.0,4.432341515760918e-09,1.0
20.92,0.0,0.0,0.0,0.0,-2.8441373071869473e-16,8.328797604070752e-15,2.2728914493898524e-11,0.0,4.545782898779704e-09,1.0
20.93,0.0,0.0,0.0,0.0,-5.0299258606968695e-16,8.560998032942756e-15,2.325837403908085e-11,0.0,4.65167480781617e-09,1.0
20.94,0.0,0.0,0.0,0.0,-4.0383812826635945e-16,8.276562477232327e-15,2.3746904921230433e-11,0.0,4.749380984246086e-09,1.0
20.95,0.0,0.0,0.0,0.0,-4.770778004285147e-16,8.254099181506617e-15,2.4202625894793724e-11,0.0,4.840525178958745e-09,1.0
20.96,0.0,0.0,0.0,0.0,-8.247070940900457e-16,7.9245606966944e-15,2.461595210637423e-11,0.0,4.9231904212748454e-09,1.0
20.97,0.0,0.0,0.0,0.0,-5.31622818799163e-16,7.922212508787341e-15,2.4993874619343447e-11,0.0,4.9987749238686895e-09,1.0
20.98,0.0,0.0,0.0,0.0,-5.065227016964726e-16,7.470347268084123e-15,2.533358841189305e-11,0.0,5.06671768237861e-09,1.0
20.990000000000002,0.0,0.0,0.0,0.0,-4.3419408373148506e-16,7.256042698994194e-15,2.564173180084579e-11,0.0,5.1283463601691575e-09,1.0
21.0,0.0,0.0,0.0,0.0,-5.047565629404388e-16,6.87236507850388e-15,2.5913622918339704e-11,0.0,5.182724583667941e-09,1.0
21.01,0.0,0.0,0.0,0.0,-3.8431023085261426e-16,6.8123354834005165e-15,2.615480275662757e-11,0.0,5.230960551325514e-09,1.0
21.02,0.0,0.0,0.0,0.0,-3.332614002991228e-16,6.566508004603482e-15,2.6360857285545048e-11,0.0,5.2721714571090094e-09,1.0
21.03,0.0,0.0,0.0,0.0,-3.133258614112322e-16,6.463281584823254e-15,2.6535416418344323e-11,0.0,5.307083283668865e-09,1.0
21.04,0.0,0.0,0.0,0.0,-4.607210626914792e-16,6.229202413848929e-15,2.667877866675145e-11,0.0,5.33575573335029e-09,1.0
21.05,0.0,0.0,0.0,0.0,-2.5125557857584113e-16,6.083885566850786e-15,2.6793398494700544e-11,0.0,5.3586796989401085e-09,1.0
21.06,0.0,0.0,0.0,0.0,3.093636696378672e-18,5.928271826539786e-15,2.687739238085565e-11,0.0,5.37547847617113e-09,1.0
21.07,0.0,0.0,0.0,0.0,3.579504362998901e-16,5.81565526962993e-15,2.693168353325049e-11,0.0,5.386336706650098e-09,1.0
21.080000000000002,0.0,0.0,0.0,0.0,2.882609999417031e-16,5.7690036741006976e-15,2.696224343732533e-11,0.0,5.392448687465066e-09,1.0
21.09,0.0,0.0,0.0,0.0,1.7031075065451712e-16,5.4834986186400885e-15,2.6960099450329522e-11,0.0,5.392019890065904e-09,1.0
21.1,0.0,0.0,0.0,0.0,7.001364191457158e-17,5.481976505968528e-15,2.693260240462702e-11,0.0,5.3865204809254035e-09,1.0
21.11,0.0,0.0,0.0,0.0,-1.8671249584283926e-16,5.075624883044706e-15,2.687878655794873e-11,0.0,5.375757311589746e-09,1.0
21.12,0.0,0.0,0.0,0.0,4.392091239066599e-18,4.798091168078853e-15,2.6799730089725047e-11,0.0,5.359946017945009e-09,1.0
21.13,0.0,0.0,0.0,0.0,1.8453752994221812e-17,4.539385601464775e-15,2.669816754457166e-11,0.0,5.339633508914332e-09,1.0
21.14,0.0,0.0,0.0,0.0,-2.8349176464341657e-17,4.3586703922333325e-15,2.65756845145249e-11,0.0,5.31513690290498e-09,1.0
21.150000000000002,0.0,0.0,0.0,0.0,-9.274372448602145e-17,4.323392141431715e-15,2.643143818947329e-11,0.0,5.286287637894658e-09,1.0
21.16,0.0,0.0,0.0,0.0,-1.208989567030574e-16,4.335630554415305e-15,2.6263905062039315e-11,0.0,5.252781012407863e-09,1.0
21.17,0.0,0.0,0.0,0.0,-1.0139345720632037e-16,4.304891503033537e-15,2.6075728116325193e-11,0.0,5.215145623265039e-09,1.0
21.18,0.0,0.0,0.0,0.0,1.70558616578466e-16,4.120114970802592e-15,2.586678456915304e-11,0.0,5.173356913830608e-09,1.0
21.19,0.0,0.0,0.0,0.0,9.636822891821236e-17,3.970401282344553e-15,2.564016466535192e-11,0.0,5.128032933070384e-09,1.0
21.2,0.0,0.0,0.0,0.0,1.8448445152034752e-16,3.762401448808662e-15,2.5393995134407474e-11,0.0,5.078799026881495e-09,1.0
21.21,0.0,0.0,0.0,0.0,1.298267741009412e-16,3.593700439673617e-15,2.512863035149432e-11,0.0,5.0257260702988635e-09,1.0
21.22,0.0,0.0,0.0,0.0,1.3460480100978654e-16,3.3468711586123066e-15,2.4847267110657116e-11,0.0,4.9694534221314236e-09,1.0
21.23,0.0,0.0,0.0,0.0,1.1205938775509888e-16,3.1251644820117796e-15,2.4552076330338838e-11,0.0,4.910415266067767e-09,1.0
21.240000000000002,0.0,0.0,0.0,0.0,7.813560809320979e-17,2.894190579073739e-15,2.4239672806790697e-11,0.0,4.847934561358139e-09,1.0
21.25,0.0,0.0,0.0,0.0,1.199395536887343e-16,2.867157143615282e-15,2.3913701883492618e-11,0.0,4.782740376698524e-09,1.0
21.26,0.0,0.0,0.0,0.0,1.1546013801294165e-16,2.6630610040091893e-15,2.3574338977075742e-11,0.0,4.714867795415148e-09,1.0
21.27,0.0,0.0,0.0,0.0,7.309372254589437e-17,2.5169901884197908e-15,2.3221708506257065e-11,0.0,4.644341701251413e-09,1.0
21.28,0.0,0.0,0.0,0.0,6.133232735241452e-17,2.36092173646277e-15,2.2856035430758057e-11,0.0,4.571207086151611e-09,1.0
21.29,0.0,0.0,0.0,0.0,-9.390994038137051e-18,2.193727450234832e-15,2.2479427053128594e-11,0.0,4.495885410625719e-09,1.0
21.3,0.0,0.0,0.0,0.0,-3.9411965488494874e-17,1.986122209166763e-15,2.209228599259663e-11,0.0,4.418457198519326e-09,1.0
21.31,0.0,0.0,0.0,0.0,1.6259218073918382e-17,1.7832436615951015e-15,2.1694186478624636e-11,0.0,4.338837295724927e-09,1.0
21.32,0.0,0.0,0.0,0.0,-1.1099856745753164e-17,1.632330339700058e-15,2.128718479308744e-11,0.0,4.257436958617488e-09,1.0
21.330000000000002,0.0,0.0,0.0,0.0,-1.6552223007588568e-17,1.429641413072714e-15,2.0872223360412773e-11,0.0,4.174444672082554e-09,1.0
21.34,0.0,0.0,0.0,0.0,-6.711219143637963e-17,1.2933529796867077e-15,2.0450023355565226e-11,0.0,4.090004671113045e-09,1.0
21.35,0.0,0.0,0.0,0.0,-7.614591200758781e-17,1.1857877525891128e-15,2.0020660174067757e-11,0.0,4.004132034813552e-09,1.0
21.36,0.0,0.0,0.0,0.0,-7.439392670399109e-17,1.0948313896830556e-15,1.958384729115734e-11,0.0,3.9167694582314676e-09,1.0
21.37,0.0,0.0,0.0,0.0,-4.7893134927957885e-17,1.0037148059107287e-15,1.914131262761976e-11,0.0,3.828262525523952e-09,1.0
21.38,0.0,0.0,0.0,0.0,2.849628233912832e-17,8.23332739352149e-16,1.8693323918410182e-11,0.0,3.738664783682036e-09,1.0
21.39,0.0,0.0,0.0,0.0,3.3733255944726226e-17,6.788131713657398e-16,1.8240789966145362e-11,0.0,3.6481579932290723e-09,1.0
21.400000000000002,0.0,0.0,0.0,0.0,4.6746974471103126e-17,5.502783725987857e-16,1.7784388219552393e-11,0.0,3.5568776439104786e-09,1.0
21.41,0.0,0.0,0.0,0.0,4.113951769282023e-17,4.2175383998228485e-16,1.732460524778053e-11,0.0,3.4649210495561063e-09,1.0
21.42,0.0,0.0,0.0,0.0,2.1152503192338472e-17,3.3458148807551124e-16,1.6861919046025783e-11,0.0,3.3723838092051565e-09,1.0
21.43,0.0,0.0,0.0,0.0,2.4363161016938627e-17,2.30982490017097e-16,1.6397611971329543e-11,0.0,3.2795223942659085e-09,1.0
21.44,0.0,0.0,0.0,0.0,1.756002164755259e-18,1.0851331257138053e-16,1.593056017438411e-11,0.0,3.186112034876822e-09,1.0
21.45,0.0,0.0,0.0,0.0,1.1311423107679291e-17,2.7123241741395996e-17,1.5461225524837003e-11,0.0,3.0922451049674008e-09,1.0
21.46,0.0,0.0,0.0,0.0,1.4339787674884125e-17,-9.841959821802771e-17,1.499133327866475e-11,0.0,2.9982666557329498e-09,1.0
21.47,0.0,0.0,0.0,0.0,-5.75728448480443e-18,-1.9913649415812149e-16,1.4521207296385672e-11,0.0,2.9042414592771345e-09,1.0
21.48,0.0,0.0,0.0,0.0,1.1073305209038048e-18,-2.959288913189962e-16,1.4052299277939202e-11,0.0,2.81045985558784e-09,1.0
21.490000000000002,0.0,0.0,0.0,0.0,-7.576906307586323e-18,-4.058693909717967e-16,1.3584408878679294e-11,0.0,2.7168817757358586e-09,1.0
21.5,0.0,0.0,0.0,0.0,3.3882472024247547e-18,-5.152278894496526e-16,1.311803676390044e-11,0.0,2.623607352780088e-09,1.0
21.51,0.0,0.0,0.0,0.0,-3.1557122110529346e-17,-5.759010743306479e-16,1.2652976361201853e-11,0.0,2.5305952722403705e-09,1.0
21.52,0.0,0.0,0.0,0.0,-4.5877106022944393e-17,-6.561498712993117e-16,1.2189807185723475e-11,0.0,2.437961437144695e-09,1.0
21.53,0.0,0.0,0.0,0.0,-1.2115389739903808e-17,-7.077890790033576e-16,1.1729081785156474e-11,0.0,2.3458163570312947e-09,1.0
21.54,0.0,0.0,0.0,0.0,-2.280526119966431e-17,-7.784127154839917e-16,1.1270797334701434e-11,0.0,2.2541594669402865e-09,1.0
21.55,0.0,0.0,0.0,0.0,-3.121164608358837e-18,-8.544907129132429e-16,1.0815761651345373e-11,0.0,2.1631523302690746e-09,1.0
21.56,0.0,0.0,0.0,0.0,2.695304436032735e-17,-9.47818095265342e-16,1.036466552322134e-11,0.0,2.072933104644268e-09,1.0
21.57,0.0,0.0,0.0,0.0,-2.36015963022071e-18,-1.0106659466633158e-15,9.917688468058225e-12,0.0,1.983537693611645e-09,1.0
21.580000000000002,0.0,0.0,0.0,0.0,-6.870988153166829e-17,-1.0570967579045673e-15,9.474610607952706e-12,0.0,1.894922121590541e-09,1.0
21.59,0.0,0.0,0.0,0.0,-1.597659449585658e-17,-1.099355063664034e-15,9.035684905060992e-12,0.0,1.8071369810121984e-09,1.0
21.6,0.0,0.0,0.0,0.0,-8.356564103215737e-17,-1.1746843799867617e-15,8.601808002640679e-12,0.0,1.7203616005281357e-09,1.0
21.61,0.0,0.0,0.0,0.0,-1.0589345858261272e-17,-1.257921431104591e-15,8.173433740252876e-12,0.0,1.6346867480505752e-09,1.0
21.62,0.0,0.0,0.0,0.0,-3.494787382742686e-18,-1.3020860370320794e-15,7.750280581323988e-12,0.0,1.5500561162647977e-09,1.0
21.63,0.0,0.0,0.0,0.0,-8.02834240964285e-17,-1.3685687138016393e-15,7.331965883448938e-12,0.0,1.4663931766897876e-09,1.0
21.64,0.0,0.0,0.0,0.0,-4.391406455944762e-17,-1.40861132929561e-15,6.920839371293877e-12,0.0,1.3841678742587754e-09,1.0
21.650000000000002,0.0,0.0,0.0,0.0,-8.382395776791357e-17,-1.5395142633815387e-15,6.514767905934467e-12,0.0,1.3029535811868935e-09,1.0
21.66,0.0,0.0,0.0,0.0,-7.761132829643671e-17,-1.500654314725659e-15,6.117028458620546e-12,0.0,1.2234056917241091e-09,1.0
21.67,0.0,0.0,0.0,0.0,-4.762744010230396e-17,-1.5490322416372976e-15,5.7257352491551565e-12,0.0,1.1451470498310312e-09,1.0
21.68,0.0,0.0,0.0,0.0,-4.123950731345408e-17,-1.487430004215872e-15,5.340046038373087e-12,0.0,1.0680092076746174e-09,1.0
21.69,0.0,0.0,0.0,0.0,3.659023751195925e-17,-1.5087631177484268e-15,4.96117077032234e-12,0.0,9.92234154064468e-10,1.0
21.7,0.0,0.0,0.0,0.0,6.991563741901756e-17,-1.6024993166612366e-15,4.589796700784235e-12,0.0,9.17959340156847e-10,1.0
21.71,0.0,0.0,0.0,0.0,7.861149232736904e-17,-1.699142783029732e-15,4.224786085295317e-12,0.0,8.449572170590634e-10,1.0
21.72,0.0,0.0,0.0,0.0,1.0088359626237515e-16,-1.7328414242634766e-15,3.868314030271885e-12,0.0,7.73662806054377e-10,1.0
21.73,0.0,0.0,0.0,0.0,4.243966694231342e-17,-1.8506345856292126e-15,3.518392972694153e-12,0.0,7.036785945388305e-10,1.0
21.740000000000002,0.0,0.0,0.0,0.0,9.455892326337591e-18,-1.8737467523974665e-15,3.1770230118269697e-12,0.0,6.354046023653939e-10,1.0
21.75,0.0,0.0,0.0,0.0,-4.426053500843596e-17,-1.914178893230204e-15,2.844072674743358e-12,0.0,5.688145349486715e-10,1.0
21.76,0.0,0.0,0.0,0.0,-1.0209941906689712e-17,-1.9123096016663067e-15,2.5189052223919846e-12,0.0,5.03781044478397e-10,1.0
21.77,0.0,0.0,0.0,0.0,3.469826146893647e-17,-1.853480375868156e-15,2.2022223619743607e-12,0.0,4.404444723948721e-10,1.0
21.78,0.0,0.0,0.0,0.0,6.808708505500907e-17,-1.8592394412560676e-15,1.8926161261958974e-12,0.0,3.785232252391795e-10,1.0
21.79,0.0,0.0,0.0,0.0,8.595021208387842e-17,-1.820987221705373e-15,1.5919962699362628e-12,0.0,3.1839925398725253e-10,1.0
21.8,0.0,0.0,0.0,0.0,8.609107830580247e-17,-1.87615538795792e-15,1.29999611378001e-12,0.0,2.59999222756002e-10,1.0
21.81,0.0,0.0,0.0,0.0,1.147624557459301e-16,-1.884667099906911e-15,1.0141738981517909e-12,0.0,2.0283477963035817e-10,1.0
21.82,0.0,0.0,0.0,0.0,6.648986285611216e-17,-1.844973345595115e-15,7.388203062025547e-13,0.0,1.4776406124051093e-10,1.0
21.830000000000002,0.0,0.0,0.0,0.0,1.0081822982474594e-16,-1.9171926421114748e-15,4.717882870957948e-13,0.0,9.435765741915896e-11,1.0
21.84,0.0,0.0,0.0,0.0,6.413625165517659e-17,-1.868182362482307e-15,2.117819442460855e-13,0.0,4.2356388849217103e-11,1.0
21.85,0.0,0.0,0.0,0.0,4.422037447347944e-18,-1.8553427681442e-15,4.0127945570107125e-14,0.0,8.025589114021424e-12,1.0
21.86,0.0,0.0,0.0,0.0,-9.940438997695547e-18,-1.8916944884954164e-15,2.8188247018009604e-13,0.0,5.637649403601921e-11,1.0
21.87,0.0,0.0,0.0,0.0,-4.345986774712243e-17,-1.89724434538539e-15,5.162271794584084e-13,0.0,1.0324543589168168e-10,1.0
21.88,0.0,0.0,0.0,0.0,-5.0528720390947177e-17,-1.873316636510002e-15,7.431447495975832e-13,0.0,1.4862894991951663e-10,1.0
21.89,0.0,0.0,0.0,0.0,-8.394099275082679e-17,-1.9253595422727432e-15,9.620863841384278e-13,0.0,1.9241727682768555e-10,1.0
21.900000000000002,0.0,0.0,0.0,0.0,-1.6660647315403614e-17,-1.9500556705384244e-15,1.1711415702636287e-12,0.0,2.3422831405272576e-10,1.0
21.91,0.0,0.0,0.0,0.0,-1.0057440880516334e-16,-1.972990329602846e-15,1.3713056877877578e-12,0.0,2.7426113755755155e-10,1.0
21.92,0.0,0.0,0.0,0.0,-6.766573212216708e-17,-1.8735909261200677e-15,1.5642915534347745e-12,0.0,3.128583106869549e-10,1.0
21.93,0.0,0.0,0.0,0.0,-1.0601417531511468e-16,-1.801642906289746e-15,1.7493478150578617e-12,0.0,3.4986956301157235e-10,1.0
21.94,0.0,0.0,0.0,0.0,-8.854662614520393e-17,-1.830834314113228e-15,1.926959885416881e-12,0.0,3.853919770833762e-10,1.0
21.95,0.0,0.0,0.0,0.0,-2.6554312670292903e-17,-1.799536532391663e-15,2.0957701372999505e-12,0.0,4.191540274599901e-10,1.0
21.96,0.0,0.0,0.0,0.0,5.868542388376158e-18,-1.8633734799808034e-15,2.2572133789939735e-12,0.0,4.514426757987947e-10,1.0
21.97,0.0,0.0,0.0,0.0,3.7419726278504915e-17,-1.8150829850559442e-15,2.409962401789796e-12,0.0,4.819924803579592e-10,1.0
21.98,0.0,0.0,0.0,0.0,8.972767870779392e-17,-1.8024427191244035e-15,2.5550351615787583e-12,0.0,5.110070323157517e-10,1.0
21.990000000000002,0.0,0.0,0.0,0.0,-1.1018532937673899e-17,-1.6819348542023039e-15,2.691560844078591e-12,0.0,5.383121688157182e-10,1.0
22.0,0.0,0.0,0.0,0.0,2.7340295112147428e-17,-1.5984465818961404e-15,2.819908779697441e-12,0.0,5.639817559394882e-10,1.0
22.01,0.0,0.0,0.0,0.0,-1.0018592568756059e-16,-1.5581568786539389e-15,2.943919057258943e-12,0.0,5.887838114517885e-10,1.0
22.02,0.0,0.0,0.0,0.0,-7.914155119276836e-17,-1.391814384609711e-15,3.057352453206363e-12,0.0,6.114704906412727e-10,1.0
22.03,0.0,0.0,0.0,0.0,-1.199798023551906e-16,-1.5129221692629899e-15,3.165795296724611e-12,0.0,6.331590593449221e-10,1.0
22.04,0.0,0.0,0.0,0.0,-1.3276179117074547e-16,-1.3728642134093922e-15,3.2667286558158118e-12,0.0,6.533457311631624e-10,1.0
22.05,0.0,0.0,0.0,0.0,-1.0143240710535028e-16,-1.4323849930012336e-15,3.3616886580886426e-12,0.0,6.723377316177285e-10,1.0
22.06,0.0,0.0,0.0,0.0,-6.557278810119636e-17,-1.4283136580368824e-15,3.448647817937575e-12,0.0,6.89729563587515e-10,1.0
22.07,0.0,0.0,0.0,0.0,5.746745491159965e-17,-1.4751483580637305e-15,3.5296185657098445e-12,0.0,7.059237131419689e-10,1.0
22.080000000000002,0.0,0.0,0.0,0.0,7.244327073840348e-17,-1.4042350780817784e-15,3.6028513923139e-12,0.0,7.2057027846278e-10,1.0
22.09,0.0,0.0,0.0,0.0,1.3482688782943116e-16,-1.3973272424698082e-15,3.670504067182199e-12,0.0,7.341008134364398e-10,1.0
22.1,0.0,0.0,0.0,0.0,2.781869462788301e-17,-1.3030315712033437e-15,3.73106045426772e-12,0.0,7.46212090853544e-10,1.0
22.11,0.0,0.0,0.0,0.0,3.330489704111675e-17,-1.3317845570271005e-15,3.7866377979651495e-12,0.0,7.573275595930299e-10,1.0
22.12,0.0,0.0,0.0,0.0,-8.74900736796681e-17,-1.2377449326943723e-15,3.835609218661559e-12,0.0,7.671218437323118e-10,1.0
22.13,0.0,0.0,0.0,0.0,-9.735841796836551e-18,-1.3171431832144096e-15,3.879368581888761e-12,0.0,7.758737163777523e-10,1.0
22.14,0.0,0.0,0.0,0.0,3.241778629046461e-19,-1.2803574336841043e-15,3.916854152227881e-12,0.0,7.833708304455762e-10,1.0
22.150000000000002,0.0,0.0,0.0,0.0,8.055757555829493e-19,-1.2917406337828794e-15,3.949117732696795e-12,0.0,7.89823546539359e-10,1.0
22.16,0.0,0.0,0.0,0.0,-2.886032101650063e-17,-1.2953910855257799e-15,3.976245799402329e-12,0.0,7.952491598804657e-10,1.0
22.17,0.0,0.0,0.0,0.0,-7.831080856183842e-17,-1.2613329177996017e-15,3.996833606013727e-12,0.0,7.993667212027453e-10,1.0
22.18,0.0,0.0,0.0,0.0,-5.749033256589637e-17,-1.2547478598100846e-15,4.012029838119444e-12,0.0,8.024059676238887e-10,1.0
22.19,0.0,0.0,0.0,0.0,-1.0980308677046473e-16,-1.1369560083781534e-15,4.02160289816038e-12,0.0,8.04320579632076e-10,1.0
22.2,0.0,0.0,0.0,0.0,-8.728417812015364e-17,-1.0422538453406455e-15,4.026397300096218e-12,0.0,8.052794600192435e-10,1.0
22.21,0.0,0.0,0.0,0.0,-3.3262438568365265e-17,-9.459725797393556e-16,4.027044457006908e-12,0.0,8.054088914013816e-10,1.0
22.22,0.0,0.0,0.0,0.0,-5.202800441915181e-17,-9.229102150847172e-16,4.024194534641969e-12,0.0,8.048389069283938e-10,1.0
22.23,0.0,0.0,0.0,0.0,-3.7586107000330926e-17,-8.779361421525487e-16,4.0150787506877696e-12,0.0,8.030157501375539e-10,1.0
22.240000000000002,0.0,0.0,0.0,0.0,4.941035208717752e-17,-9.648706601577727e-16,4.003713741716574e-12,0.0,8.007427483433147e-10,1.0
22.25,0.0,0.0,0.0,0.0,8.00540052594783e-17,-8.567291395010752e-16,3.986965081731533e-12,0.0,7.973930163463065e-10,1.0
22.26,0.0,0.0,0.0,0.0,1.259513090162885e-16,-8.826583272014993e-16,3.9657104947834436e-12,0.0,7.931420989566887e-10,1.0
22.27,0.0,0.0,0.0,0.0,9.140061995768549e-17,-7.972407307132819e-16,3.940413233846463e-12,0.0,7.880826467692926e-10,1.0
22.28,0.0,0.0,0.0,0.0,5.0110170700824875e-17,-7.4851470514716e-16,3.912681781225976e-12,0.0,7.825363562451952e-10,1.0
22.29,0.0,0.0,0.0,0.0,-6.339272363078539e-17,-6.766783196361964e-16,3.880985603266847e-12,0.0,7.761971206533695e-10,1.0
22.3,0.0,0.0,0.0,0.0,-2.6806587784242863e-17,-6.868352000202185e-16,3.845581390208432e-12,0.0,7.691162780416864e-10,1.0
22.31,0.0,0.0,0.0,0.0,-7.740921827616802e-19,-6.376400732003927e-16,3.8070343387766946e-12,0.0,7.614068677553389e-10,1.0
22.32,0.0,0.0,0.0,0.0,-1.2676157567249941e-17,-5.973457419092368e-16,3.7657846441829024e-12,0.0,7.531569288365805e-10,1.0
22.330000000000002,0.0,0.0,0.0,0.0,-5.31177564499802e-17,-5.420940588280779e-16,3.720336512244224e-12,0.0,7.440673024488447e-10,1.0
22.34,0.0,0.0,0.0,0.0,-5.897286846190902e-17,-5.101168771932276e-16,3.6724061757569695e-12,0.0,7.344812351513939e-10,1.0
22.35,0.0,0.0,0.0,0.0,-6.336242593788984e-17,-4.072979293314882e-16,3.6222305017729303e-12,0.0,7.244461003545861e-10,1.0
22.36,0.0,0.0,0.0,0.0,-1.3545993240139118e-16,-3.4401257064934e-16,3.56924946628341e-12,0.0,7.138498932566819e-10,1.0
22.37,0.0,0.0,0.0,0.0,-9.71182399206004e-17,-3.2459869458526114e-16,3.5142177901894605e-12,0.0,7.028435580378921e-10,1.0
22.38,0.0,0.0,0.0,0.0,-4.2951548867350516e-17,-3.5360715699295725e-16,3.4594414517497225e-12,0.0,6.918882903499445e-10,1.0
22.39,0.0,0.0,0.0,0.0,6.553903560015957e-17,-3.757535998843735e-16,3.400837849355135e-12,0.0,6.80167569871027e-10,1.0
22.400000000000002,0.0,0.0,0.0,0.0,3.2197073701830435e-17,-5.214179483296439e-16,3.340486146405122e-12,0.0,6.680972292810244e-10,1.0
22.41,0.0,0.0,0.0,0.0,1.8633807109189737e-17,-4.493538283818217e-16,3.2765075532926663e-12,0.0,6.553015106585333e-10,1.0
22.42,0.0,0.0,0.0,0.0,-1.2365228311055495e-18,-4.2923342297700826e-16,3.211323426389992e-12,0.0,6.422646852779983e-10,1.0
22.43,0.0,0.0,0.0,0.0,-8.443211131756501e-18,-2.7060316208409904e-16,3.1445964970607277e-12,0.0,6.289192994121455e-10,1.0
22.44,0.0,0.0,0.0,0.0,2.8232516013590856e-17,-2.2656102968781627e-16,3.076840091668794e-12,0.0,6.153680183337588e-10,1.0
22.45,0.0,0.0,0.0,0.0,4.5620709476914467e-17,-1.9050119153306915e-16,3.007520552330207e-12,0.0,6.015041104660414e-10,1.0
22.46,0.0,0.0,0.0,0.0,2.2031282473857533e-17,-1.8663603600479436e-16,2.9374116511484036e-12,0.0,5.874823302296807e-10,1.0
22.47,0.0,0.0,0.0,0.0,7.294565679093132e-17,-2.2838258062219935e-16,2.8670652267699216e-12,0.0,5.734130453539843e-10,1.0
22.48,0.0,0.0,0.0,0.0,-3.9080307708411955e-18,-1.874577205344522e-16,2.7926680356654044e-12,0.0,5.585336071330809e-10,1.0
22.490000000000002,0.0,0.0,0.0,0.0,5.187519773906029e-17,-2.160634601627609e-16,2.719685184148257e-12,0.0,5.439370368296514e-10,1.0
22.5,0.0,0.0,0.0,0.0,8.103642786537573e-18,-4.4513870760650155e-17,2.6444477686673036e-12,0.0,5.288895537334608e-10,1.0
22.51,0.0,0.0,0.0,0.0,9.599638003657353e-17,-9.673333102833905e-17,2.569964882521514e-12,0.0,5.139929765043027e-10,1.0
22.52,0.0,0.0,0.0,0.0,9.860979726559144e-17,-4.847396946603016e-17,2.4949218168231067e-12,0.0,4.989843633646213e-10,1.0
22.53,0.0,0.0,0.0,0.0,8.488048239589433e-17,-7.215079094239617e-17,2.4189418324818644e-12,0.0,4.837883664963728e-10,1.0
22.54,0.0,0.0,0.0,0.0,3.214671082442854e-17,-1.1303264107347137e-16,2.3430810221893485e-12,0.0,4.686162044378697e-10,1.0
22.55,0.0,0.0,0.0,0.0,-4.2075886462406326e-17,-6.940968521252518e-17,2.265935177700414e-12,0.0,4.5318703554008275e-10,1.0
22.56,0.0,0.0,0.0,0.0,-8.48831624235893e-17,-9.406947121881738e-17,2.1891372120055234e-12,0.0,4.3782744240110467e-10,1.0
22.57,0.0,0.0,0.0,0.0,-7.30488359999821e-17,-2.8554210092485334e-17,2.11201440511116e-12,0.0,4.22402881022232e-10,1.0
22.580000000000002,0.0,0.0,0.0,0.0,-4.291279479439732e-17,-3.5262719446412135e-17,2.034904719201108e-12,0.0,4.0698094384022164e-10,1.0
22.59,0.0,0.0,0.0,0.0,-7.869514969223516e-18,-8.18178824481815e-18,1.95844423006319e-12,0.0,3.91688846012638e-10,1.0
22.6,0.0,0.0,0.0,0.0,2.1889679280170484e-17,5.274054586341304e-18,1.880799446136069e-12,0.0,3.7615988922721375e-10,1.0
22.61,0.0,0.0,0.0,0.0,5.070185076684261e-17,4.352654543997215e-17,1.8034698315599733e-12,0.0,3.6069396631199464e-10,1.0
22.62,0.0,0.0,0.0,0.0,6.937305779225522e-18,1.038109478818874e-16,1.7273021868230255e-12,0.0,3.454604373646051e-10,1.0
22.63,0.0,0.0,0.0,0.0,2.0169130636580875e-17,1.586581702608428e-16,1.6503095759790686e-12,0.0,3.300619151958137e-10,1.0
22.64,0.0,0.0,0.0,0.0,4.098033811810058e-17,1.3617156833618242e-16,1.5743678752762055e-12,0.0,3.148735750552411e-10,1.0
22.650000000000002,0.0,0.0,0.0,0.0,4.4229733567839067e-17,2.1514051344503336e-16,1.499555212494738e-12,0.0,2.999110424989476e-10,1.0
22.66,0.0,0.0,0.0,0.0,6.386366356266354e-17,1.740453959785273e-16,1.4256010180831223e-12,0.0,2.8512020361662446e-10,1.0
22.67,0.0,0.0,0.0,0.0,3.6188722158049164e-17,1.7136808656557474e-16,1.3515195270851034e-12,0.0,2.703039054170207e-10,1.0
22.68,0.0,0.0,0.0,0.0,8.388092377284965e-18,1.501638948150588e-16,1.2778620982848268e-12,0.0,2.5557241965696536e-10,1.0
22.69,0.0,0.0,0.0,0.0,1.697875130059248e-17,1.7664605762959776e-16,1.2054682562734813e-12,0.0,2.4109365125469626e-10,1.0
22.7,0.0,0.0,0.0,0.0,-2.241592796755808e-17,2.0105277566783769e-16,1.1339748402479568e-12,0.0,2.2679496804959136e-10,1.0
22.71,0.0,0.0,0.0,0.0,3.979705231522866e-17,2.0214230395920704e-16,1.06331820346332e-12,0.0,2.1266364069266398e-10,1.0
22.72,0.0,0.0,0.0,0.0,9.791010316916397e-18,2.0730376769178604e-16,9.933962890143791e-13,0.0,1.9867925780287583e-10,1.0
22.73,0.0,0.0,0.0,0.0,2.198614978324802e-18,2.001905526830679e-16,9.247479312994558e-13,0.0,1.8494958625989115e-10,1.0
22.740000000000002,0.0,0.0,0.0,0.0,7.741074250119456e-18,2.2361728752509955e-16,8.570585367149221e-13,0.0,1.7141170734298443e-10,1.0
22.75,0.0,0.0,0.0,0.0,-4.081259376500911e-17,1.9897967290449434e-16,7.903773841470179e-13,0.0,1.5807547682940357e-10,1.0
22.76,0.0,0.0,0.0,0.0,-1.191650019909405e-18,2.0705717579091073e-16,7.243194654227377e-13,0.0,1.4486389308454752e-10,1.0
22.77,0.0,0.0,0.0,0.0,4.5986383077269176e-17,2.1173427367880946e-16,6.596235125365201e-13,0.0,1.31924702507304e-10,1.0
22.78,0.0,0.0,0.0,0.0,1.0936838317225253e-16,2.257296785110825e-16,5.967624027301139e-13,0.0,1.1935248054602277e-10,1.0
22.79,0.0,0.0,0.0,0.0,1.0900384394968643e-16,2.6414448648493714e-16,5.341602185932122e-13,0.0,1.0683204371864244e-10,1.0
22.8,0.0,0.0,0.0,0.0,5.2018383177513e-17,2.3889647664002194e-16,4.727720247324237e-13,0.0,9.455440494648474e-11,1.0
22.81,0.0,0.0,0.0,0.0,-5.750671475115661e-17,2.7470175326892914e-16,4.128483336265391e-13,0.0,8.256966672530782e-11,1.0
22.82,0.0,0.0,0.0,0.0,-7.208451368366533e-17,2.912987636035072e-16,3.544418767655162e-13,0.0,7.088837535310324e-11,1.0
22.830000000000002,0.0,0.0,0.0,0.0,-9.836175079466472e-17,2.943806351313025e-16,2.9703186312009664e-13,0.0,5.940637262401932e-11,1.0
22.84,0.0,0.0,0.0,0.0,-9.206152622392112e-17,3.15457029589698e-16,2.405468387447581e-13,0.0,4.810936774895162e-11,1.0
22.85,0.0,0.0,0.0,0.0,-6.327515840734856e-17,3.3395368142201877e-16,1.861838939737958e-13,0.0,3.723677879475916e-11,1.0
22.86,0.0,0.0,0.0,0.0,-7.9276326723919e-17,3.9330412425989735e-16,1.3215290613359554e-13,0.0,2.643058122671911e-11,1.0
22.87,0.0,0.0,0.0,0.0,-1.684991652184791e-17,3.56277751898161e-16,8.060018650686233e-14,0.0,1.6120037301372464e-11,1.0
22.88,0.0,0.0,0.0,0.0,-5.918509685316257e-18,3.7665321025142627e-16,3.094664831141726e-14,0.0,6.189329662283451e-12,1.0
22.89,0.0,0.0,0.0,0.0,6.434318250242732e-17,3.125689246530894e-16,1.7372158381872477e-14,0.0,3.4744316763744954e-12,1.0
22.900000000000002,0.0,0.0,0.0,0.0,2.820734919408895e-17,2.5179841285807714e-16,6.461125236852197e-14,0.0,1.2922250473704393e-11,1.0
22.91,0.0,0.0,0.0,0.0,3.796049831737952e-17,2.2366160486611283e-16,1.1057782731277159e-13,0.0,2.2115565462554318e-11,1.0
22.92,0.0,0.0,0.0,0.0,1.1670747123417325e-17,2.460067086129404e-16,1.5523362818208133e-13,0.0,3.1046725636416267e-11,1.0
22.93,0.0,0.0,0.0,0.0,4.8008242064357605e-18,2.6246138880477246e-16,1.9867675342237558e-13,0.0,3.9735350684475117e-11,1.0
22.94,0.0,0.0,0.0,0.0,3.35873305390829e-17,2.682149850924525e-16,2.402500955886604e-13,0.0,4.8050019117732076e-11,1.0
22.95,0.0,0.0,0.0,0.0,-2.026673859085028e-17,2.8523035992336575e-16,2.805919906194554e-13,0.0,5.611839812389108e-11,1.0
22.96,0.0,0.0,0.0,0.0,4.134851008981972e-18,2.934007515940286e-16,3.1982119206463054e-13,0.0,6.39642384129261e-11,1.0
22.97,0.0,0.0,0.0,0.0,-2.987800682447309e-17,2.8067739885243155e-16,3.574385406135968e-13,0.0,7.148770812271935e-11,1.0
22.98,0.0,0.0,0.0,0.0,-9.263829666915152e-18,3.146926236401335e-16,3.935112617025875e-13,0.0,7.87022523405175e-11,1.0
22.990000000000002,0.0,0.0,0.0,0.0,-1.9737827321645206e-17,3.0761344831309003e-16,4.2843690400511565e-13,0.0,8.568738080102312e-11,1.0
23.0,0.0,0.0,0.0,0.0,-2.146409072817788e-17,3.019648634184591e-16,4.612262373875815e-13,0.0,9.224524747751629e-11,1.0
23.01,0.0,0.0,0.0,0.0,-2.7853844251906622e-18,2.8658023507570025e-16,4.925193686058385e-13,0.0,9.85038737211677e-11,1.0
23.02,0.0,0.0,0.0,0.0,1.0232410964375196e-17,2.5200704574903493e-16,5.228642755595044e-13,0.0,1.0457285511190087e-10,1.0
23.03,0.0,0.0,0.0,0.0,1.7588547821358054e-17,2.273161005665956e-16,5.515768626771471e-13,0.0,1.1031537253542941e-10,1.0
23.04,0.0,0.0,0.0,0.0,-2.7618303796222605e-17,2.26010382834381e-16,5.789486240446305e-13,0.0,1.157897248089261e-10,1.0
23.05,0.0,0.0,0.0,0.0,-1.6190650203220474e-17,2.1624934892930792e-16,6.04721531799304e-13,0.0,1.209443063598608e-10,1.0
23.06,0.0,0.0,0.0,0.0,-5.707457980792493e-17,2.2290219882670403e-16,6.300028147285683e-13,0.0,1.2600056294571366e-10,1.0
23.07,0.0,0.0,0.0,0.0,-3.543106365499292e-17,2.464922602599604e-16,6.539147970192021e-13,0.0,1.3078295940384043e-10,1.0
23.080000000000002,0.0,0.0,0.0,0.0,-1.4680095878713734e-17,2.583303140443431e-16,6.762266849603017e-13,0.0,1.3524533699206035e-10,1.0
23.09,0.0,0.0,0.0,0.0,-1.36829561722234e-17,2.8148237506469227e-16,6.97196479245071e-13,0.0,1.394392958490142e-10,1.0
23.1,0.0,0.0,0.0,0.0,-3.0359728798553817e-17,2.812449087303062e-16,7.170987495381365e-13,0.0,1.434197499076273e-10,1.0
23.11,0.0,0.0,0.0,0.0,-4.1385795166503466e-18,3.139819606475117e-16,7.363049557026076e-13,0.0,1.4726099114052152e-10,1.0
23.12,0.0,0.0,0.0,0.0,-1.472569491116928e-17,2.8911520817787244e-16,7.529880423558487e-13,0.0,1.5059760847116972e-10,1.0
23.13,0.0,0.0,0.0,0.0,-2.2116567693428914e-17,3.1801273676202054e-16,7.681601717443143e-13,0.0,1.5363203434886284e-10,1.0
23.14,0.0,0.0,0.0,0.0,1.9073716265951335e-17,2.699282328533993e-16,7.832052988135889e-13,0.0,1.5664105976271777e-10,1.0
23.150000000000002,0.0,0.0,0.0,0.0,1.5560029268415846e-17,2.1561807400571438e-16,7.967695184328161e-13,0.0,1.5935390368656323e-10,1.0
23.16,0.0,0.0,0.0,0.0,2.650181064204322e-17,2.281531464485272e-16,8.088025266533315e-13,0.0,1.617605053306663e-10,1.0
23.17,0.0,0.0,0.0,0.0,3.118346468187169e-17,2.625708081339105e-16,8.203207279376408e-13,0.0,1.6406414558752815e-10,1.0
23.18,0.0,0.0,0.0,0.0,2.062144072902018e-17,2.573146187583282e-16,8.307691499888502e-13,0.0,1.6615382999777004e-10,1.0
23.19,0.0,0.0,0.0,0.0,1.564338769467194e-17,2.673071673066361e-16,8.393315817216075e-13,0.0,1.6786631634432148e-10,1.0
23.2,0.0,0.0,0.0,0.0,-2.842712075197753e-17,3.002633556378087e-16,8.469993470308987e-13,0.0,1.6939986940617972e-10,1.0
23.21,0.0,0.0,0.0,0.0,2.1500051332533325e-18,2.3133811219176283e-16,8.534263427248016e-13,0.0,1.706852685449603e-10,1.0
23.22,0.0,0.0,0.0,0.0,4.771161810791665e-18,2.4257035913390887e-16,8.591082137593669e-13,0.0,1.7182164275187338e-10,1.0
23.23,0.0,0.0,0.0,0.0,2.5884784450969495e-17,1.9428911072238523e-16,8.636765110210827e-13,0.0,1.7273530220421653e-10,1.0
23.240000000000002,0.0,0.0,0.0,0.0,2.5731859244391602e-17,1.9420397540372124e-16,8.66732108914115e-13,0.0,1.73346421782823e-10,1.0
23.25,0.0,0.0,0.0,0.0,2.0938396140709797e-18,2.0184393910411924e-16,8.694214284669065e-13,0.0,1.738842856933813e-10,1.0
23.26,0.0,0.0,0.0,0.0,3.5358977003775635e-18,1.6509384338562794e-16,8.710520851059831e-13,0.0,1.7421041702119662e-10,1.0
23.27,0.0,0.0,0.0,0.0,-2.020979296352434e-17,1.6030270751358677e-16,8.720715901654246e-13,0.0,1.7441431803308492e-10,1.0
23.28,0.0,0.0,0.0,0.0,-5.645030386418586e-17,1.619767824117722e-16,8.718983590468942e-13,0.0,1.7437967180937883e-10,1.0
23.29,0.0,0.0,0.0,0.0,-3.194224838924338e-17,1.9722464301560898e-16,8.710444396261319e-13,0.0,1.7420888792522638e-10,1.0
23.3,0.0,0.0,0.0,0.0,-4.414994220328884e-17,1.9341811241170407e-16,8.695814303306099e-13,0.0,1.7391628606612197e-10,1.0
23.31,0.0,0.0,0.0,0.0,-5.617574151946914e-17,1.7242773505240614e-16,8.668985967313768e-13,0.0,1.7337971934627536e-10,1.0
23.32,0.0,0.0,0.0,0.0,-1.5159889679425695e-17,1.7513566683652332e-16,8.631646798944362e-13,0.0,1.7263293597888724e-10,1.0
23.330000000000002,0.0,0.0,0.0,0.0,-2.45390748651012e-17,1.629199087520764e-16,8.59318347043409e-13,0.0,1.718636694086818e-10,1.0
23.34,0.0,0.0,0.0,0.0,-2.2645044490661126e-17,1.2063149677792926e-16,8.542022966089464e-13,0.0,1.7084045932178927e-10,1.0
23.35,0.0,0.0,0.0,0.0,-2.3141498468622147e-17,1.339362084339379e-16,8.488289808865669e-13,0.0,1.6976579617731338e-10,1.0
23.36,0.0,0.0,0.0,0.0,-3.9924266997583117e-17,1.2990378526553887e-16,8.427372600274139e-13,0.0,1.6854745200548276e-10,1.0
23.37,0.0,0.0,0.0,0.0,-3.223457032465747e-17,1.3677075062231611e-16,8.357140867172961e-13,0.0,1.6714281734345921e-10,1.0
23.38,0.0,0.0,0.0,0.0,7.954009080656419e-18,1.2721060335408327e-16,8.281382314205625e-13,0.0,1.656276462841125e-10,1.0
23.39,0.0,0.0,0.0,0.0,1.7548157314530887e-18,1.1962213322287286e-16,8.200153761541795e-13,0.0,1.640030752308359e-10,1.0
23.400000000000002,0.0,0.0,0.0,0.0,1.1844810023248432e-17,9.904266274682555e-17,8.116125451253378e-13,0.0,1.6232250902506756e-10,1.0
23.41,0.0,0.0,0.0,0.0,2.3935408825794583e-20,9.027550069116875e-17,8.019356274238595e-13,0.0,1.603871254847719e-10,1.0
23.42,0.0,0.0,0.0,0.0,-7.430891015457667e-19,8.236001090767265e-17,7.919392291266793e-13,0.0,1.5838784582533584e-10,1.0
23.43,0.0,0.0,0.0,0.0,9.341019081302711e-19,5.2347250866248017e-17,7.820154633443691e-13,0.0,1.564030926688738e-10,1.0
23.44,0.0,0.0,0.0,0.0,4.668719960454969e-18,2.1097144732613436e-17,7.709811121272512e-13,0.0,1.5419622242545024e-10,1.0
23.45,0.0,0.0,0.0,0.0,5.691500388007177e-18,3.8280209746696827e-17,7.601476057927001e-13,0.0,1.5202952115854001e-10,1.0
23.46,0.0,0.0,0.0,0.0,2.2105059668779683e-17,4.727239975923121e-17,7.488751365966817e-13,0.0,1.4977502731933634e-10,1.0
23.47,0.0,0.0,0.0,0.0,6.7046724670350125e-18,8.15494167546797e-17,7.372674011752967e-13,0.0,1.4745348023505933e-10,1.0
23.48,0.0,0.0,0.0,0.0,1.9918931913088297e-17,8.22761927841348e-17,7.25106334751685e-13,0.0,1.45021266950337e-10,1.0
23.490000000000002,0.0,0.0,0.0,0.0,1.1418797616300825e-18,7.825609319285449e-17,7.12496797655814e-13,0.0,1.4249935953116278e-10,1.0
23.5,0.0,0.0,0.0,0.0,-2.6504855210748536e-17,7.89038372750966e-17,6.996741128801172e-13,0.0,1.3993482257602343e-10,1.0
23.51,0.0,0.0,0.0,0.0,3.773877020836496e-18,5.679334621524976e-17,6.864905708993616e-13,0.0,1.3729811417987233e-10,1.0
23.52,0.0,0.0,0.0,0.0,-8.574915941590659e-18,5.23691593643738e-17,6.730270480140126e-13,0.0,1.3460540960280251e-10,1.0
23.53,0.0,0.0,0.0,0.0,-7.652343078627307e-18,5.028491205157281e-17,6.593227471374206e-13,0.0,1.318645494274841e-10,1.0
23.54,0.0,0.0,0.0,0.0,1.2741821100147644e-17,3.1909298949572824e-17,6.457818576832553e-13,0.0,1.2915637153665105e-10,1.0
23.55,0.0,0.0,0.0,0.0,1.3195753328292136e-17,2.3476971494090024e-17,6.309759539223299e-13,0.0,1.2619519078446598e-10,1.0
23.56,0.0,0.0,0.0,0.0,2.920402482795109e-17,1.865902519687855e-17,6.167881018550093e-13,0.0,1.2335762037100185e-10,1.0
23.57,0.0,0.0,0.0,0.0,1.8570496349628796e-17,-3.050311943104515e-17,6.018106244259834e-13,0.0,1.2036212488519668e-10,1.0
23.580000000000002,0.0,0.0,0.0,0.0,3.187983747873204e-17,-8.774018976273912e-18,5.870543627907083e-13,0.0,1.1741087255814167e-10,1.0
23.59,0.0,0.0,0.0,0.0,5.41022033519098e-18,-3.6391494780806826e-17,5.722227786853796e-13,0.0,1.1444455573707591e-10,1.0
23.6,0.0,0.0,0.0,0.0,2.094155406300659e-17,-3.370354219730923e-17,5.574354122990836e-13,0.0,1.1148708245981673e-10,1.0
23.61,0.0,0.0,0.0,0.0,2.387631467239865e-17,-2.0870651437568407e-17,5.429362586624831e-13,0.0,1.0858725173249663e-10,1.0
23.62,0.0,0.0,0.0,0.0,2.0377465108145574e-17,-1.4261684615000627e-17,5.275541820547319e-13,0.0,1.0551083641094639e-10,1.0
23.63,0.0,0.0,0.0,0.0,3.064594759600381e-17,-4.3747838105762706e-18,5.125960400362885e-13,0.0,1.025192080072577e-10,1.0
23.64,0.0,0.0,0.0,0.0,3.3718877252737116e-17,-1.9677181285582036e-17,4.974173703967389e-13,0.0,9.948347407934778e-11,1.0
23.650000000000002,0.0,0.0,0.0,0.0,2.795261348319117e-17,3.264366386774854e-18,4.822157615786728e-13,0.0,9.644315231573456e-11,1.0
23.66,0.0,0.0,0.0,0.0,1.0640203878606677e-17,-1.2517063113893322e-17,4.671420227473422e-13,0.0,9.342840454946843e-11,1.0
23.67,0.0,0.0,0.0,0.0,4.916071277940825e-19,-1.5198473970593325e-17,4.5192801850182385e-13,0.0,9.038560370036476e-11,1.0
23.68,0.0,0.0,0.0,0.0,-5.465601024076262e-18,-7.462585391243903e-18,4.369357351942232e-13,0.0,8.738714703884464e-11,1.0
23.69,0.0,0.0,0.0,0.0,-1.763451944369875e-17,-1.3927707737077186e-17,4.217421780884076e-13,0.0,8.434843561768152e-11,1.0
23.7,0.0,0.0,0.0,0.0,-3.205424971217259e-18,-1.720869642527422e-17,4.067012835683224e-13,0.0,8.134025671366448e-11,1.0
23.71,0.0,0.0,0.0,0.0,-7.212797738907317e-18,-4.514079621319553e-17,3.916229692283679e-13,0.0,7.832459384567357e-11,1.0
23.72,0.0,0.0,0.0,0.0,-2.8250872372251466e-18,-3.744442129356629e-17,3.7664430143199687e-13,0.0,7.532886028639937e-11,1.0
23.73,0.0,0.0,0.0,0.0,-1.7707706594581934e-17,-3.858644605189331e-17,3.6226073277956114e-13,0.0,7.245214655591223e-11,1.0
23.740000000000002,0.0,0.0,0.0,0.0,1.287268286280245e-17,-4.351835180448073e-17,3.469359573771895e-13,0.0,6.93871914754379e-11,1.0
23.75,0.0,0.0,0.0,0.0,1.9496873693088935e-20,-3.606158184078084e-17,3.323044976281786e-13,0.0,6.646089952563572e-11,1.0
23.76,0.0,0.0,0.0,0.0,-1.3903592654927353e-18,-5.676207552608797e-17,3.178141409362246e-13,0.0,6.356282818724492e-11,1.0
23.77,0.0,0.0,0.0,0.0,-2.1524765490508788e-17,-3.334953044667723e-17,3.035869410151855e-13,0.0,6.07173882030371e-11,1.0
23.78,0.0,0.0,0.0,0.0,-8.761024740917718e-18,-4.579112616384544e-17,2.8957159913586305e-13,0.0,5.791431982717261e-11,1.0
23.79,0.0,0.0,0.0,0.0,-1.6368144611665467e-17,-5.1791969801701707e-17,2.7546804785726327e-13,0.0,5.509360957145265e-11,1.0
23.8,0.0,0.0,0.0,0.0,-6.292569790096395e-18,-3.7640063749698995e-17,2.6157926406982973e-13,0.0,5.2315852813965946e-11,1.0
23.81,0.0,0.0,0.0,0.0,9.545988442640374e-18,-4.2153195666470044e-17,2.4868700701888287e-13,0.0,4.973740140377657e-11,1.0
23.82,0.0,0.0,0.0,0.0,7.69780221803348e-18,-6.702101783543102e-17,2.3467532379602766e-13,0.0,4.693506475920553e-11,1.0
23.830000000000002,0.0,0.0,0.0,0.0,-5.759441304908921e-19,-4.4678808514558335e-17,2.2132886941631146e-13,0.0,4.426577388326229e-11,1.0
23.84,0.0,0.0,0.0,0.0,2.1327284337170596e-17,-6.245206935959905e-17,2.0826469596326564e-13,0.0,4.165293919265313e-11,1.0
23.85,0.0,0.0,0.0,0.0,1.3799641267278954e-17,-5.859976818860482e-17,1.952954973373076e-13,0.0,3.905909946746152e-11,1.0
23.86,0.0,0.0,0.0,0.0,2.3868347193304752e-17,-5.819941993997e-17,1.8271424055789748e-13,0.0,3.65428481115795e-11,1.0
23.87,0.0,0.0,0.0,0.0,2.4178573017997148e-17,-5.686527362492604e-17,1.7016802481321608e-13,0.0,3.4033604962643216e-11,1.0
23.88,0.0,0.0,0.0,0.0,1.5941562557834024e-17,-6.092175539147231e-17,1.5786892854902084e-13,0.0,3.157378570980417e-11,1.0
23.89,0.0,0.0,0.0,0.0,2.2387869040814642e-17,-6.878280551740163e-17,1.4628282345608862e-13,0.0,2.925656469121772e-11,1.0
23.900000000000002,0.0,0.0,0.0,0.0,3.1281126122192966e-17,-7.056285863207435e-17,1.3455231958362314e-13,0.0,2.6910463916724626e-11,1.0
23.91,0.0,0.0,0.0,0.0,3.124453282639696e-17,-6.034000888975747e-17,1.2281573849497854e-13,0.0,2.4563147698995707e-11,1.0
23.92,0.0,0.0,0.0,0.0,1.4666020218051454e-17,-6.036587008712553e-17,1.1154397118346842e-13,0.0,2.2308794236693684e-11,1.0
23.93,0.0,0.0,0.0,0.0,2.1518644774627786e-17,-7.542443477974189e-17,1.0047873376553339e-13,0.0,2.0095746753106676e-11,1.0
23.94,0.0,0.0,0.0,0.0,-6.98604805181479e-18,-6.518129870337513e-17,8.972547568388655e-14,0.0,1.7945095136777312e-11,1.0
23.95,0.0,0.0,0.0,0.0,3.2367199578392204e-18,-7.693611290416789e-17,7.925774707475755e-14,0.0,1.585154941495151e-11,1.0
23.96,0.0,0.0,0.0,0.0,2.6747690998827963e-18,-7.891150935103683e-17,6.958637919173917e-14,0.0,1.3917275838347833e-11,1.0
23.97,0.0,0.0,0.0,0.0,-2.0602938190518324e-18,-6.392778653934495e-17,5.950197937069552e-14,0.0,1.1900395874139104e-11,1.0
23.98,0.0,0.0,0.0,0.0,-2.2823540110313635e-18,-6.712453754662283e-17,4.9608355698899147e-14,0.0,9.92167113977983e-12,1.0
23.990000000000002,0.0,0.0,0.0,0.0,-5.499649141480491e-18,-6.255742684153962e-17,4.0157942082783613e-14,0.0,8.031588416556722e-12,1.0
24.0,0.0,0.0,0.0,0.0,-1.7246861805314973e-18,-6.07093242022421e-17,3.089939223235103e-14,0.0,6.1798784464702055e-12,1.0
24.01,0.0,0.0,0.0,0.0,-4.7398582121747256e-18,-6.144633490804269e-17,2.2150866399055315e-14,0.0,4.430173279811063e-12,1.0
24.02,0.0,0.0,0.0,0.0,8.495252233115052e-18,-7.238413345383317e-17,1.3417834208753068e-14,0.0,2.6835668417506136e-12,1.0
24.03,0.0,0.0,0.0,0.0,9.251189954052021e-18,-5.3813899652465325e-17,5.125041040108183e-15,0.0,1.0250082080216366e-12,1.0
24.04,0.0,0.0,0.0,0.0,2.8162552513002728e-18,-4.987079192277146e-17,2.8734163997239747e-15,0.0,5.746832799447949e-13,1.0
24.05,0.0,0.0,0.0,0.0,6.484840456547975e-18,-4.961681136583504e-17,1.0794984409550778e-14,0.0,2.1589968819101556e-12,1.0
24.060000000000002,0.0,0.0,0.0,0.0,1.7245198361743375e-17,-5.3082528111943075e-17,1.8304711655227113e-14,0.0,3.6609423310454225e-12,1.0
24.07,0.0,0.0,0.0,0.0,7.06598919915408e-18,-4.6112767669960445e-17,2.553019527483228e-14,0.0,5.1060390549664556e-12,1.0
24.080000000000002,0.0,0.0,0.0,0.0,1.686918954161471e-17,-5.405243308370808e-17,3.250460799882738e-14,0.0,6.5009215997654756e-12,1.0
24.09,0.0,0.0,0.0,0.0,-1.908764351882123e-18,-6.111461265685659e-17,3.9312456176928126e-14,0.0,7.862491235385624e-12,1.0
24.1,0.0,0.0,0.0,0.0,5.686920111827508e-18,-5.164456887928686e-17,4.564270608705775e-14,0.0,9.128541217411549e-12,1.0
24.11,0.0,0.0,0.0,0.0,5.852263965731523e-19,-5.78886925298842e-17,5.201331954312013e-14,0.0,1.0402663908624026e-11,1.0
24.12,0.0,0.0,0.0,0.0,2.152175532748751e-17,-5.5180382633229605e-17,5.790966007818158e-14,0.0,1.1581932015636316e-11,1.0
24.13,0.0,0.0,0.0,0.0,-1.7290365917343656e-18,-5.789950793058321e-17,6.36207840339036e-14,0.0,1.2724156806780719e-11,1.0
24.14,0.0,0.0,0.0,0.0,1.2734843135338829e-17,-6.52767779621962e-17,6.9038732261666e-14,0.0,1.3807746452333199e-11,1.0
24.150000000000002,0.0,0.0,0.0,0.0,1.8027544266527695e-17,-5.0243440129421285e-17,7.421749439283163e-14,0.0,1.4843498878566326e-11,1.0
24.16,0.0,0.0,0.0,0.0,3.4263493090772307e-18,-4.8486630825581976e-17,7.92193974960501e-14,0.0,1.584387949921002e-11,1.0
24.17,0.0,0.0,0.0,0.0,3.74081485982151e-18,-5.868366593534738e-17,8.40188705417592e-14,0.0,1.680377410835184e-11,1.0
24.18,0.0,0.0,0.0,0.0,1.1422308391067816e-17,-7.237246715979479e-17,8.839770372428385e-14,0.0,1.767954074485677e-11,1.0
24.19,0.0,0.0,0.0,0.0,3.759369763525072e-18,-6.051175969747436e-17,9.252800702412622e-14,0.0,1.850560140482524e-11,1.0
24.2,0.0,0.0,0.0,0.0,-1.3202777769658048e-18,-5.509009037734413e-17,9.621992570793069e-14,0.0,1.924398514158614e-11,1.0
24.21,0.0,0.0,0.0,0.0,1.0283816614863685e-17,-5.556762738209011e-17,1.0000083263366023e-13,0.0,2.0000166526732046e-11,1.0
24.22,0.0,0.0,0.0,0.0,9.958248481722116e-19,-4.099314929190324e-17,1.0341927007223985e-13,0.0,2.068385401444797e-11,1.0
24.23,0.0,0.0,0.0,0.0,-8.947937988605494e-18,-3.629640915579727e-17,1.0670982334427383e-13,0.0,2.1341964668854764e-11,1.0
24.240000000000002,0.0,0.0,0.0,0.0,1.1654686934785898e-18,-4.976845876964786e-17,1.0954503827859092e-13,0.0,2.1909007655718182e-11,1.0
24.25,0.0,0.0,0.0,0.0,1.6502253287774016e-17,-4.69104829988759e-17,1.1197876613711136e-13,0.0,2.239575322742227e-11,1.0
24.26,0.0,0.0,0.0,0.0,1.860326522467059e-17,-4.2541601285435316e-17,1.1476270708436067e-13,0.0,2.295254141687213e-11,1.0
24.27,0.0,0.0,0.0,0.0,-8.138285084037428e-18,-3.9118475064487393e-17,1.1700612412582133e-13,0.0,2.3401224825164266e-11,1.0
24.28,0.0,0.0,0.0,0.0,8.98772014346224e-18,-5.270133254379761e-17,1.1897731683555346e-13,0.0,2.379546336711069e-11,1.0
24.29,0.0,0.0,0.0,0.0,6.86596964924502e-19,-5.617953613540083e-17,1.2071790695733032e-13,0.0,2.4143581391466064e-11,1.0
24.3,0.0,0.0,0.0,0.0,4.4976935261074546e-18,-3.8460350461023143e-17,1.223552733954476e-13,0.0,2.447105467908952e-11,1.0
24.310000000000002,0.0,0.0,0.0,0.0,3.678512860766307e-18,-4.5249388973628786e-17,1.2382739911024194e-13,0.0,2.476547982204839e-11,1.0
24.32,0.0,0.0,0.0,0.0,1.8993243836637148e-17,-3.7308629811438956e-17,1.2520638426571917e-13,0.0,2.5041276853143833e-11,1.0
24.330000000000002,0.0,0.0,0.0,0.0,1.3943752503454934e-17,-3.2342948424118557e-17,1.2633666899425528e-13,0.0,2.5267333798851055e-11,1.0
24.34,0.0,0.0,0.0,0.0,2.2961215555086337e-17,-3.8352839066742387e-17,1.27216302386709e-13,0.0,2.5443260477341797e-11,1.0
24.35,0.0,0.0,0.0,0.0,1.233045648066756e-17,-4.1605479364247136e-17,1.282188637987083e-13,0.0,2.564377275974166e-11,1.0
24.36,0.0,0.0,0.0,0.0,9.248879044443532e-18,-3.3995965428867636e-17,1.2899896804778557e-13,0.0,2.5799793609557113e-11,1.0
24.37,0.0,0.0,0.0,0.0,7.120820324632777e-18,-3.6144761918233534e-17,1.2929442801733677e-13,0.0,2.5858885603467355e-11,1.0
24.38,0.0,0.0,0.0,0.0,-8.775009051582297e-18,-3.4488455432200184e-17,1.294994047817301e-13,0.0,2.5899880956346016e-11,1.0
24.39,0.0,0.0,0.0,0.0,-1.2418202450131933e-17,-3.481069815542581e-17,1.295510232565717e-13,0.0,2.5910204651314343e-11,1.0
24.400000000000002,0.0,0.0,0.0,0.0,5.291506840064762e-18,-2.5884932972758283e-17,1.294587453160265e-13,0.0,2.58917490632053e-11,1.0
24.41,0.0,0.0,0.0,0.0,1.9340986424984526e-18,-4.740751907781833e-17,1.2947649196384187e-13,0.0,2.5895298392768373e-11,1.0
24.42,0.0,0.0,0.0,0.0,-1.2058463046178744e-18,-3.339090545835244e-17,1.291676862554527e-13,0.0,2.583353725109054e-11,1.0
24.43,0.0,0.0,0.0,0.0,1.3696385878891977e-17,-2.567683605322769e-17,1.2882673841269783e-13,0.0,2.5765347682539566e-11,1.0
24.44,0.0,0.0,0.0,0.0,1.4681568849261976e-17,-2.297580296424295e-17,1.2841698609873862e-13,0.0,2.5683397219747724e-11,1.0
24.45,0.0,0.0,0.0,0.0,2.5938548341617092e-17,-1.741159411944965e-17,1.2784386732626884e-13,0.0,2.5568773465253766e-11,1.0
24.46,0.0,0.0,0.0,0.0,2.693607550158868e-17,-1.4576969888299155e-17,1.2705094238077775e-13,0.0,2.541018847615555e-11,1.0
24.47,0.0,0.0,0.0,0.0,1.5341930544915572e-17,-2.521321120529643e-17,1.2623722998041084e-13,0.0,2.5247445996082168e-11,1.0
24.48,0.0,0.0,0.0,0.0,2.239222685171194e-17,-3.4970302999787805e-17,1.2536320323506792e-13,0.0,2.5072640647013585e-11,1.0
24.490000000000002,0.0,0.0,0.0,0.0,8.453925561640312e-18,-3.082070278886841e-17,1.2403752222297405e-13,0.0,2.480750444459481e-11,1.0
24.5,0.0,0.0,0.0,0.0,1.5201106615152574e-17,-3.151285917522117e-17,1.2289607781571376e-13,0.0,2.457921556314275e-11,1.0
24.51,0.0,0.0,0.0,0.0,7.259836369289819e-18,-1.820408218419552e-17,1.2138311044916997e-13,0.0,2.4276622089833993e-11,1.0
24.52,0.0,0.0,0.0,0.0,5.755036906093496e-18,-1.7072851064802358e-17,1.1996867636759376e-13,0.0,2.3993735273518753e-11,1.0
24.53,0.0,0.0,0.0,0.0,4.256008011363809e-18,-2.5084859870563055e-17,1.1856515855608175e-13,0.0,2.371303171121635e-11,1.0
24.54,0.0,0.0,0.0,0.0,-3.86031209237378e-18,-1.2470279090883149e-17,1.170465821332376e-13,0.0,2.3409316426647523e-11,1.0
24.55,0.0,0.0,0.0,0.0,-3.7791084454269715e-18,-2.4303377978058562e-17,1.1498227070676557e-13,0.0,2.2996454141353114e-11,1.0
24.560000000000002,0.0,0.0,0.0,0.0,8.776670232152252e-20,1.571462840218062e-17,1.1296972855404368e-13,0.0,2.2593945710808736e-11,1.0
24.57,0.0,0.0,0.0,0.0,-1.7528586477183695e-18,1.7941351197261843e-17,1.1122244630951892e-13,0.0,2.2244489261903786e-11,1.0
24.580000000000002,0.0,0.0,0.0,0.0,2.5995263380152344e-18,2.930250430675135e-17,1.0943676759918064e-13,0.0,2.188735351983613e-11,1.0
24.59,0.0,0.0,0.0,0.0,-6.539751940256086e-18,-2.1821851238865317e-18,1.0756340801719046e-13,0.0,2.151268160343809e-11,1.0
24.6,0.0,0.0,0.0,0.0,-1.0154802723883412e-17,1.8803099145193665e-17,1.0569385078506851e-13,0.0,2.11387701570137e-11,1.0
24.61,0.0,0.0,0.0,0.0,4.970341188618692e-18,-2.3047507772137222e-17,1.0405133833056721e-13,0.0,2.081026766611344e-11,1.0
24.62,0.0,0.0,0.0,0.0,6.908992495642826e-18,-3.048444711240305e-17,1.0193999937220144e-13,0.0,2.0387999874440286e-11,1.0
24.63,0.0,0.0,0.0,0.0,-6.174017140838925e-18,-5.348176998828099e-17,9.982911451140943e-14,0.0,1.9965822902281887e-11,1.0
24.64,0.0,0.0,0.0,0.0,-4.125002649211088e-18,-2.572797692280721e-17,9.767848042393976e-14,0.0,1.9535696084787953e-11,1.0
24.650000000000002,0.0,0.0,0.0,0.0,-2.4789312682468438e-17,-1.556179615598289e-17,9.506832215087167e-14,0.0,1.9013664430174334e-11,1.0
24.66,0.0,0.0,0.0,0.0,-1.7886112858911304e-20,-1.544454256193414e-17,9.282652292229128e-14,0.0,1.8565304584458256e-11,1.0
24.67,0.0,0.0,0.0,0.0,3.529583441654769e-18,1.1766888955133082e-17,9.047969101292743e-14,0.0,1.8095938202585487e-11,1.0
24.68,0.0,0.0,0.0,0.0,4.15075488914064e-18,-1.150210091180439e-17,8.815095222072847e-14,0.0,1.7630190444145694e-11,1.0
24.69,0.0,0.0,0.0,0.0,-9.287496934360412e-18,2.668589312836932e-18,8.581444030931798e-14,0.0,1.7162888061863596e-11,1.0
24.7,0.0,0.0,0.0,0.0,5.646962455503666e-18,-1.649693111365277e-17,8.349507275722254e-14,0.0,1.6699014551444505e-11,1.0
24.71,0.0,0.0,0.0,0.0,7.257258005013761e-19,-2.0604189099818756e-17,8.101408713443536e-14,0.0,1.620281742688707e-11,1.0
24.72,0.0,0.0,0.0,0.0,5.261174166049109e-19,-6.598039010962294e-19,7.865677194169897e-14,0.0,1.5731354388339794e-11,1.0
24.73,0.0,0.0,0.0,0.0,1.1345475080237704e-17,-1.7891265468067068e-17,7.618886559052847e-14,0.0,1.5237773118105695e-11,1.0
24.740000000000002,0.0,0.0,0.0,0.0,3.694166617770439e-18,-2.428547036823344e-17,7.378898135256114e-14,0.0,1.475779627051223e-11,1.0
24.75,0.0,0.0,0.0,0.0,5.564722824640885e-18,-1.1990538290683939e-17,7.133664985230648e-14,0.0,1.4267329970461296e-11,1.0
24.76,0.0,0.0,0.0,0.0,5.241243045665072e-18,-5.1247584076372006e-17,6.898564290480109e-14,0.0,1.3797128580960217e-11,1.0
24.77,0.0,0.0,0.0,0.0,1.1934292142714278e-17,2.8845998778618686e-18,6.627288071656704e-14,0.0,1.325457614331341e-11,1.0
24.78,0.0,0.0,0.0,0.0,4.965657926254412e-18,-3.16622996376742e-18,6.366571500085498e-14,0.0,1.2733143000170995e-11,1.0
24.79,0.0,0.0,0.0,0.0,-1.3257593546616005e-17,-2.0424028461393915e-17,6.108815520815595e-14,0.0,1.221763104163119e-11,1.0
24.8,0.0,0.0,0.0,0.0,-1.3562522988647624e-17,1.1725487353610361e-17,5.858960083764128e-14,0.0,1.1717920167528255e-11,1.0
24.810000000000002,0.0,0.0,0.0,0.0,-4.3124487974563135e-18,9.808621073085475e-18,5.596159266304555e-14,0.0,1.1192318532609109e-11,1.0
24.82,0.0,0.0,0.0,0.0,-4.857883954538691e-18,5.0618807911972e-18,5.362465135492292e-14,0.0,1.0724930270984584e-11,1.0
24.830000000000002,0.0,0.0,0.0,0.0,6.412061890168394e-19,1.7605404679044292e-17,5.1113649676392345e-14,0.0,1.0222729935278468e-11,1.0
24.84,0.0,0.0,0.0,0.0,-1.9435202207675283e-17,-1.7659620642081397e-17,4.876453041322251e-14,0.0,9.752906082644503e-12,1.0
24.85,0.0,0.0,0.0,0.0,-1.3084949534225093e-17,1.360819930521605e-17,4.630798602984705e-14,0.0,9.261597205969409e-12,1.0
24.86,0.0,0.0,0.0,0.0,8.811524962255273e-18,9.346816127533412e-18,4.381520279833667e-14,0.0,8.763040559667334e-12,1.0
24.87,0.0,0.0,0.0,0.0,1.2997981576522124e-17,4.738215790263924e-18,4.140949474245425e-14,0.0,8.28189894849085e-12,1.0
24.88,0.0,0.0,0.0,0.0,-5.314081599957265e-19,1.3928249589557403e-17,3.8992653822771235e-14,0.0,7.798530764554248e-12,1.0
24.89,0.0,0.0,0.0,0.0,-7.602315263982511e-19,1.3032566674686688e-17,3.671089764684268e-14,0.0,7.342179529368536e-12,1.0
24.900000000000002,0.0,0.0,0.0,0.0,9.98044415114825e-18,1.217928787513441e-17,3.446676705540678e-14,0.0,6.893353411081356e-12,1.0
24.91,0.0,0.0,0.0,0.0,4.328663464944084e-18,4.584642424659588e-18,3.224417403498387e-14,0.0,6.448834806996774e-12,1.0
24.92,0.0,0.0,0.0,0.0,2.3974993467545843e-17,4.007099082493946e-18,2.997561670892692e-14,0.0,5.9951233417853836e-12,1.0
24.93,0.0,0.0,0.0,0.0,2.979014953223553e-18,-2.6450234100689026e-18,2.782997192075723e-14,0.0,5.565994384151446e-12,1.0
24.94,0.0,0.0,0.0,0.0,1.6969472517834772e-17,1.261009446653018e-17,2.566411723722943e-14,0.0,5.132823447445886e-12,1.0
24.95,0.0,0.0,0.0,0.0,1.8331142997935975e-17,-8.260660527343841e-19,2.3557351862580907e-14,0.0,4.7114703725161815e-12,1.0
24.96,0.0,0.0,0.0,0.0,1.1757090189375584e-17,-4.8272561390350016e-20,2.1357808217054233e-14,0.0,4.271561643410847e-12,1.0
24.97,0.0,0.0,0.0,0.0,-1.88989603805806e-17,-1.6278521591627664e-18,1.9265469845980952e-14,0.0,3.8530939691961906e-12,1.0
24.98,0.0,0.0,0.0,0.0,2.16850860078792e-18,8.034714907920969e-18,1.7336680175391266e-14,0.0,3.4673360350782532e-12,1.0
24.990000000000002,0.0,0.0,0.0,0.0,1.1444025483561958e-17,-6.372993304082466e-19,1.541331331613855e-14,0.0,3.0826626632277098e-12,1.0
25.0,0.0,0.0,0.0,0.0,2.1023869894011792e-17,6.336377361000028e-18,1.3550848545143028e-14,0.0,2.7101697090286055e-12,1.0
25.01,0.0,0.0,0.0,0.0,1.2575221176565296e-17,1.507052691271758e-17,1.1713148861508336e-14,0.0,2.3426297723016673e-12,1.0
25.02,0.0,0.0,0.0,0.0,1.1360966105732003e-17,-1.960915834687703e-18,9.845397812910318e-15,0.0,1.9690795625820634e-12,1.0
25.03,0.0,0.0,0.0,0.0,1.7447469181589057e-18,3.905999632255335e-18,8.080454895869957e-15,0.0,1.6160909791739913e-12,1.0
25.04,0.0,0.0,0.0,0.0,1.749588349329862e-17,-4.572818751084145e-18,6.345516560105259e-15,0.0,1.2691033120210517e-12,1.0
25.05,0.0,0.0,0.0,0.0,8.139194337034964e-18,-9.614351737299106e-18,4.691607236091269e-15,0.0,9.383214472182538e-13,1.0
25.060000000000002,0.0,0.0,0.0,0.0,1.1896828753153449e-17,-4.373712142818506e-19,3.0858796002007375e-15,0.0,6.171759200401475e-13,1.0
25.07,0.0,0.0,0.0,0.0,1.6695863884886902e-17,-1.687478493513238e-17,1.5737963666711566e-15,0.0,3.147592733342313e-13,1.0
25.080000000000002,0.0,0.0,0.0,0.0,2.786419804522198e-17,9.066612924414943e-18,3.9729577580312518e-16,0.0,7.945915516062503e-14,1.0
25.09,0.0,0.0,0.0,0.0,2.7671698413902896e-18,-2.5645628757106188e-17,1.650342238820946e-15,0.0,3.3006844776418916e-13,1.0
25.1,0.0,0.0,0.0,0.0,1.6495894088178818e-17,-1.1493626206773433e-17,3.1670523812884146e-15,0.0,6.334104762576829e-13,1.0
25.11,0.0,0.0,0.0,0.0,-7.77935548549766e-18,1.178989637227727e-17,4.682229947388542e-15,0.0,9.364459894777083e-13,1.0
25.12,0.0,0.0,0.0,0.0,-1.424566230453591e-17,-4.491290317328385e-18,6.2935410512653194e-15,0.0,1.2587082102530638e-12,1.0
25.13,0.0,0.0,0.0,0.0,-1.1792728373528719e-17,-1.7261027866680023e-18,7.73962903122294e-15,0.0,1.547925806244588e-12,1.0
25.14,0.0,0.0,0.0,0.0,-4.2197951542054326e-18,3.929847889074083e-17,9.023221811259724e-15,0.0,1.8046443622519447e-12,1.0
25.150000000000002,0.0,0.0,0.0,0.0,-1.551529013248475e-17,2.832496526285553e-17,1.0366855792048193e-14,0.0,2.0733711584096387e-12,1.0
25.16,0.0,0.0,0.0,0.0,4.984917199149859e-18,-2.2571627903370557e-18,1.153945531355974e-14,0.0,2.307891062711948e-12,1.0
25.17,0.0,0.0,0.0,0.0,1.1194641358760926e-17,1.5032292156611462e-17,1.280190916071025e-14,0.0,2.5603818321420498e-12,1.0
25.18,0.0,0.0,0.0,0.0,1.2172756397130388e-17,1.8112990623566594e-17,1.393694225247152e-14,0.0,2.787388450494304e-12,1.0
25.19,0.0,0.0,0.0,0.0,1.7660643506471793e-17,5.280239527415042e-18,1.508034968755632e-14,0.0,3.016069937511264e-12,1.0
25.2,0.0,0.0,0.0,0.0,1.5131142970921228e-17,2.0745250560447114e-17,1.6039564696380627e-14,0.0,3.2079129392761255e-12,1.0
25.21,0.0,0.0,0.0,0.0,2.5435254360733174e-17,1.3427942279927151e-17,1.696869023344523e-14,0.0,3.393738046689046e-12,1.0
25.22,0.0,0.0,0.0,0.0,8.916391811575759e-18,6.511090922933555e-18,1.802073793006396e-14,0.0,3.6041475860127922e-12,1.0
25.23,0.0,0.0,0.0,0.0,9.089618353833318e-18,1.2355046350002957e-17,1.8907632782937256e-14,0.0,3.781526556587451e-12,1.0
25.240000000000002,0.0,0.0,0.0,0.0,-2.848021236363461e-18,1.0023703146172521e-17,1.9672068122014362e-14,0.0,3.934413624402872e-12,1.0
25.25,0.0,0.0,0.0,0.0,-2.3726728416668905e-18,8.95036771551035e-18,2.039143669750854e-14,0.0,4.078287339501708e-12,1.0
25.26,0.0,0.0,0.0,0.0,2.1470984130515244e-17,4.379244961966511e-18,2.115699833141946e-14,0.0,4.231399666283892e-12,1.0
25.27,0.0,0.0,0.0,0.0,2.0971441923533436e-17,7.47999034836968e-19,2.1851599451885864e-14,0.0,4.370319890377173e-12,1.0
25.28,0.0,0.0,0.0,0.0,-5.144529318290822e-18,-7.13602435518801e-18,2.248802963503245e-14,0.0,4.49760592700649e-12,1.0
25.29,0.0,0.0,0.0,0.0,-6.4877330833446806e-18,6.130221288034304e-18,2.3175955846011563e-14,0.0,4.635191169202312e-12,1.0
25.3,0.0,0.0,0.0,0.0,-1.8727309309907647e-17,-9.729205840819033e-18,2.3815888486116472e-14,0.0,4.763177697223294e-12,1.0
25.310000000000002,0.0,0.0,0.0,0.0,3.354735508115898e-18,9.396465472134316e-18,2.4457376182381517e-14,0.0,4.8914752364763036e-12,1.0
25.32,0.0,0.0,0.0,0.0,6.288792620690253e-18,6.165726768377883e-18,2.498005126235668e-14,0.0,4.996010252471336e-12,1.0
25.330000000000002,0.0,0.0,0.0,0.0,-1.61434487417054e-17,1.8018732441226813e-17,2.5491847505481304e-14,0.0,5.098369501096261e-12,1.0
25.34,0.0,0.0,0.0,0.0,-4.749637496513004e-18,-1.8383434039751483e-18,2.5919412217992516e-14,0.0,5.183882443598503e-12,1.0
25.35,0.0,0.0,0.0,0.0,2.374930261044194e-17,1.6868262250328003e-17,2.6298314526393758e-14,0.0,5.2596629052787515e-12,1.0
25.36,0.0,0.0,0.0,0.0,2.9081308596121773e-18,1.3151678920621962e-17,2.6686007692597456e-14,0.0,5.337201538519491e-12,1.0
25.37,0.0,0.0,0.0,0.0,2.3024030743136624e-17,1.018967618830947e-19,2.6875364854688555e-14,0.0,5.3750729709377105e-12,1.0
25.38,0.0,0.0,0.0,0.0,-1.155889161148552e-18,1.054352085381039e-17,2.716183664512148e-14,0.0,5.432367329024296e-12,1.0
25.39,0.0,0.0,0.0,0.0,2.2285314456504927e-17,-2.2534242879005467e-17,2.7365350157052723e-14,0.0,5.4730700314105446e-12,1.0
25.400000000000002,0.0,0.0,0.0,0.0,-3.973170158745081e-18,2.947442551542456e-18,2.7539440599981444e-14,0.0,5.507888119996289e-12,1.0
25.41,0.0,0.0,0.0,0.0,1.796400118908965e-17,-4.275938197212511e-18,2.7651563802020693e-14,0.0,5.5303127604041385e-12,1.0
25.42,0.0,0.0,0.0,0.0,1.0413857405624519e-18,2.8294741372588745e-18,2.7915943539756782e-14,0.0,5.583188707951357e-12,1.0
25.43,0.0,0.0,0.0,0.0,-4.490249834845301e-18,-2.238110966024483e-18,2.8068380548593875e-14,0.0,5.613676109718775e-12,1.0
25.44,0.0,0.0,0.0,0.0,-2.3812679630412638e-18,-4.691634269387863e-18,2.8165330756776383e-14,0.0,5.633066151355277e-12,1.0
25.45,0.0,0.0,0.0,0.0,-2.964973561987843e-18,2.0034095199984416e-17,2.819736697834789e-14,0.0,5.639473395669578e-12,1.0
25.46,0.0,0.0,0.0,0.0,-1.3340423119394623e-17,5.688888563650025e-18,2.819295551327984e-14,0.0,5.638591102655968e-12,1.0
25.47,0.0,0.0,0.0,0.0,-2.422729160250025e-18,1.0839886044478039e-17,2.8153527745423943e-14,0.0,5.630705549084789e-12,1.0
25.48,0.0,0.0,0.0,0.0,3.146805501541366e-18,7.027798147160025e-18,2.8086701888994104e-14,0.0,5.617340377798821e-12,1.0
25.490000000000002,0.0,0.0,0.0,0.0,1.0025288653834405e-17,-9.359965127623282e-18,2.799895580086696e-14,0.0,5.599791160173392e-12,1.0
25.5,0.0,0.0,0.0,0.0,1.4106307127801733e-17,-7.016307737800633e-18,2.787254196803841e-14,0.0,5.574508393607682e-12,1.0
25.51,0.0,0.0,0.0,0.0,2.60954538749783e-17,-9.003405811579135e-18,2.7737375618918553e-14,0.0,5.54747512378371e-12,1.0
25.52,0.0,0.0,0.0,0.0,7.931930810197449e-18,2.4509105463777598e-18,2.7562042624523924e-14,0.0,5.5124085249047845e-12,1.0
25.53,0.0,0.0,0.0,0.0,-1.6350181527980582e-17,-4.624574516407728e-18,2.7381263187905818e-14,0.0,5.4762526375811636e-12,1.0
25.54,0.0,0.0,0.0,0.0,1.6739095162168416e-18,-1.6526547366905918e-17,2.730976875267507e-14,0.0,5.461953750535014e-12,1.0
25.55,0.0,0.0,0.0,0.0,-1.473805689902652e-18,-4.200776928316056e-18,2.7062164790869035e-14,0.0,5.4124329581738065e-12,1.0
25.560000000000002,0.0,0.0,0.0,0.0,1.2793588388025934e-17,-1.0300235619987217e-17,2.6861924636779055e-14,0.0,5.3723849273558106e-12,1.0
25.57,0.0,0.0,0.0,0.0,1.0646214859048378e-17,-7.174964755375938e-18,2.6620504912301303e-14,0.0,5.324100982460261e-12,1.0
25.580000000000002,0.0,0.0,0.0,0.0,4.5237347699622836e-17,1.0832474190097931e-17,2.63739274887403e-14,0.0,5.2747854977480596e-12,1.0
25.59,0.0,0.0,0.0,0.0,3.189326766086389e-17,1.15303985683367e-18,2.6145683586845888e-14,0.0,5.2291367173691775e-12,1.0
25.6,0.0,0.0,0.0,0.0,1.2110235794945817e-17,-4.902719879394791e-18,2.58620715341164e-14,0.0,5.17241430682328e-12,1.0
25.61,0.0,0.0,0.0,0.0,9.016883919137382e-18,5.107344037685063e-18,2.5502758001410323e-14,0.0,5.100551600282064e-12,1.0
25.62,0.0,0.0,0.0,0.0,1.2827599228232713e-17,-2.0652376691646506e-17,2.5175468339353035e-14,0.0,5.0350936678706064e-12,1.0
25.63,0.0,0.0,0.0,0.0,1.3350405194892213e-17,-7.949841214195677e-18,2.4814190202425902e-14,0.0,4.9628380404851805e-12,1.0
25.64,0.0,0.0,0.0,0.0,1.7358990780888172e-17,-1.866264872917407e-17,2.4413574136156345e-14,0.0,4.882714827231269e-12,1.0
25.650000000000002,0.0,0.0,0.0,0.0,1.675184197555376e-17,-1.3412864242250722e-17,2.4086194121487185e-14,0.0,4.817238824297437e-12,1.0
25.66,0.0,0.0,0.0,0.0,-4.294595332111415e-18,4.088684101056315e-19,2.3859669976614712e-14,0.0,4.7719339953229424e-12,1.0
25.67,0.0,0.0,0.0,0.0,7.086731912326231e-19,-1.5123612454981794e-18,2.356317595936436e-14,0.0,4.712635191872872e-12,1.0
25.68,0.0,0.0,0.0,0.0,1.6739922203211823e-18,1.9046631818520584e-17,2.3125174126828373e-14,0.0,4.6250348253656745e-12,1.0
25.69,0.0,0.0,0.0,0.0,-8.125902774309959e-18,-9.13336372090263e-18,2.255714414843707e-14,0.0,4.511428829687414e-12,1.0
25.7,0.0,0.0,0.0,0.0,-2.2716571394357805e-18,-1.8887378095935814e-18,2.2115836902059763e-14,0.0,4.4231673804119525e-12,1.0
25.71,0.0,0.0,0.0,0.0,-3.9549713804617254e-19,-5.632795090327687e-18,2.160165257970236e-14,0.0,4.320330515940472e-12,1.0
25.72,0.0,0.0,0.0,0.0,-5.1677250426119064e-18,3.0036809320095736e-18,2.1140607399155578e-14,0.0,4.228121479831115e-12,1.0
25.73,0.0,0.0,0.0,0.0,6.531318406990031e-18,-1.776716039751028e-17,2.0777838495449442e-14,0.0,4.1555676990898886e-12,1.0
25.740000000000002,0.0,0.0,0.0,0.0,9.753673344322287e-18,-1.4572609912181718e-17,2.0375545171887204e-14,0.0,4.075109034377441e-12,1.0
25.75,0.0,0.0,0.0,0.0,9.486987886262303e-18,4.804557867494826e-18,1.9927458377426054e-14,0.0,3.985491675485211e-12,1.0
25.76,0.0,0.0,0.0,0.0,-5.04228258977767e-19,5.8177076324694194e-18,1.9493729722010155e-14,0.0,3.898745944402031e-12,1.0
25.77,0.0,0.0,0.0,0.0,-5.2241228058820135e-18,-2.6053822537677684e-17,1.8959711144136894e-14,0.0,3.791942228827379e-12,1.0
25.78,0.0,0.0,0.0,0.0,6.090300445773637e-18,1.5035045983491988e-17,1.841682218712608e-14,0.0,3.6833644374252156e-12,1.0
25.79,0.0,0.0,0.0,0.0,8.921278005543186e-18,-1.2893233780645276e-17,1.7987433799334327e-14,0.0,3.597486759866865e-12,1.0
25.8,0.0,0.0,0.0,0.0,1.0613515470239981e-17,1.0354409937953531e-18,1.7513058837667872e-14,0.0,3.5026117675335745e-12,1.0
25.810000000000002,0.0,0.0,0.0,0.0,6.867684597451644e-18,-4.294617220345566e-18,1.696430056493478e-14,0.0,3.392860112986956e-12,1.0
25.82,0.0,0.0,0.0,0.0,1.793167872138567e-17,-1.0503915732903361e-17,1.643953500675904e-14,0.0,3.2879070013518084e-12,1.0
25.830000000000002,0.0,0.0,0.0,0.0,-9.703703070770669e-18,-2.6085699735242004e-18,1.5887745550766252e-14,0.0,3.1775491101532505e-12,1.0
25.84,0.0,0.0,0.0,0.0,9.54505691703654e-18,-2.3105806237816097e-17,1.5339036863700648e-14,0.0,3.0678073727401294e-12,1.0
25.85,0.0,0.0,0.0,0.0,5.298309421903514e-18,-1.0963101516621674e-17,1.4897895625594326e-14,0.0,2.9795791251188652e-12,1.0
25.86,0.0,0.0,0.0,0.0,1.3567271169367603e-17,-2.299943525468741e-17,1.44372312598393e-14,0.0,2.88744625196786e-12,1.0
25.87,0.0,0.0,0.0,0.0,2.277024698395943e-18,-7.808241193547554e-19,1.3980754676686774e-14,0.0,2.7961509353373546e-12,1.0
25.88,0.0,0.0,0.0,0.0,1.7532187818220125e-17,-1.357119375691005e-17,1.3535904216286739e-14,0.0,2.7071808432573478e-12,1.0
25.89,0.0,0.0,0.0,0.0,-8.985887320190607e-18,8.70607202811523e-19,1.3067435490663616e-14,0.0,2.613487098132723e-12,1.0
25.900000000000002,0.0,0.0,0.0,0.0,2.4823055015368635e-18,-1.0022229357646015e-17,1.2578501408114099e-14,0.0,2.5157002816228196e-12,1.0
25.91,0.0,0.0,0.0,0.0,1.640441844218075e-17,-4.374771382974395e-18,1.210464503059109e-14,0.0,2.420929006118218e-12,1.0
25.92,0.0,0.0,0.0,0.0,2.125774484547677e-17,-1.540429574563948e-18,1.1603666122447264e-14,0.0,2.320733224489453e-12,1.0
25.93,0.0,0.0,0.0,0.0,1.0632797177755884e-17,-2.095058518521551e-18,1.1099449020414595e-14,0.0,2.219889804082919e-12,1.0
25.94,0.0,0.0,0.0,0.0,5.492686104597125e-18,-4.763309559432171e-18,1.0542129472757525e-14,0.0,2.108425894551505e-12,1.0
25.95,0.0,0.0,0.0,0.0,8.300032255770752e-18,-9.944341114581397e-18,1.0074409378047665e-14,0.0,2.014881875609533e-12,1.0
25.96,0.0,0.0,0.0,0.0,-9.07422657489308e-19,-7.589622861887066e-18,9.609430499464245e-15,0.0,1.9218860998928488e-12,1.0
25.97,0.0,0.0,0.0,0.0,9.313232282672505e-18,-1.4793952876949134e-17,9.169040594076271e-15,0.0,1.833808118815254e-12,1.0
25.98,0.0,0.0,0.0,0.0,7.67104665229861e-18,-1.7600868847070884e-17,8.732570573388226e-15,0.0,1.7465141146776452e-12,1.0
25.990000000000002,0.0,0.0,0.0,0.0,1.1660444318390827e-17,-1.2239468050117428e-17,8.2742329714845e-15,0.0,1.6548465942968999e-12,1.0
26.0,0.0,0.0,0.0,0.0,1.2405616568696645e-17,-8.982600744228228e-18,7.772692692569223e-15,0.0,1.5545385385138445e-12,1.0
26.01,0.0,0.0,0.0,0.0,-1.894469891854116e-18,-8.211029015450611e-18,7.345092361585771e-15,0.0,1.4690184723171543e-12,1.0
26.02,0.0,0.0,0.0,0.0,-6.207346476165861e-18,-2.3035435901998637e-17,7.0134531962881726e-15,0.0,1.4026906392576345e-12,1.0
26.03,0.0,0.0,0.0,0.0,1.1886206516662863e-18,-3.083979394146896e-17,6.605243434177022e-15,0.0,1.3210486868354044e-12,1.0
26.04,0.0,0.0,0.0,0.0,1.1921509080297492e-17,-7.444725240352603e-18,6.156923204727893e-15,0.0,1.2313846409455784e-12,1.0
26.05,0.0,0.0,0.0,0.0,9.339193279899661e-18,-6.7403552596810634e-18,5.7786303557434475e-15,0.0,1.1557260711486894e-12,1.0
26.060000000000002,0.0,0.0,0.0,0.0,5.348814356290155e-18,-9.704617873386315e-18,5.4113195561956716e-15,0.0,1.0822639112391343e-12,1.0
26.07,0.0,0.0,0.0,0.0,-5.785845248681716e-19,-1.8119407400250573e-17,5.036517040403506e-15,0.0,1.0073034080807013e-12,1.0
26.080000000000002,0.0,0.0,0.0,0.0,8.128081411765218e-19,7.609482589452601e-18,4.700141236403919e-15,0.0,9.400282472807837e-13,1.0
26.09,0.0,0.0,0.0,0.0,1.3504186239227778e-18,-1.465429864903218e-18,4.352183155183748e-15,0.0,8.704366310367495e-13,1.0
26.1,0.0,0.0,0.0,0.0,6.7044393658798205e-18,-3.1375080447691687e-18,4.079460535214632e-15,0.0,8.158921070429263e-13,1.0
26.11,0.0,0.0,0.0,0.0,5.884132277634274e-18,6.11659282321501e-18,3.713288481929201e-15,0.0,7.426576963858401e-13,1.0
26.12,0.0,0.0,0.0,0.0,-8.151704464558239e-18,-2.221419921197454e-18,3.4273046426058555e-15,0.0,6.854609285211711e-13,1.0
26.13,0.0,0.0,0.0,0.0,-3.142060386513024e-18,4.432232141416155e-18,3.151577654741507e-15,0.0,6.303155309483015e-13,1.0
26.14,0.0,0.0,0.0,0.0,-4.998265280311525e-18,1.0025377382732193e-17,2.8701436462854542e-15,0.0,5.740287292570909e-13,1.0
26.150000000000002,0.0,0.0,0.0,0.0,-6.8573641918223e-18,4.8960793569132625e-18,2.5748215168355117e-15,0.0,5.149643033671023e-13,1.0
26.16,0.0,0.0,0.0,0.0,-6.413542361805238e-18,1.4254387492858244e-17,2.3013620312819873e-15,0.0,4.602724062563974e-13,1.0
26.17,0.0,0.0,0.0,0.0,-1.3577390286617409e-17,2.4394922910908982e-20,2.0182225740164035e-15,0.0,4.036445148032807e-13,1.0
26.18,0.0,0.0,0.0,0.0,-2.2729095727206986e-17,1.2793747711812386e-17,1.7037261983492854e-15,0.0,3.407452396698571e-13,1.0
26.19,0.0,0.0,0.0,0.0,-9.474522199050909e-18,-1.040879557752857e-18,1.4409209623987728e-15,0.0,2.8818419247975455e-13,1.0
26.2,0.0,0.0,0.0,0.0,-9.012609773420862e-18,4.900078803132199e-18,1.1996072664423934e-15,0.0,2.3992145328847867e-13,1.0
26.21,0.0,0.0,0.0,0.0,9.346059147502594e-20,1.3782088463621603e-17,9.214508593992523e-16,0.0,1.8429017187985046e-13,1.0
26.22,0.0,0.0,0.0,0.0,-2.0663642710141886e-17,8.553100442813348e-18,6.932351101726058e-16,0.0,1.3864702203452117e-13,1.0
26.23,0.0,0.0,0.0,0.0,-7.95767441611148e-18,1.53265621058218e-17,5.759169209689329e-16,0.0,1.1518338419378656e-13,1.0
26.240000000000002,0.0,0.0,0.0,0.0,-5.461769315728711e-18,-1.5258880681874436e-18,5.588798099291381e-16,0.0,1.1177596198582761e-13,1.0
26.25,0.0,0.0,0.0,0.0,-1.0955145954868958e-17,6.26322573450414e-18,5.891703713300693e-16,0.0,1.1783407426601384e-13,1.0
26.26,0.0,0.0,0.0,0.0,-3.4082932014698354e-17,9.038001462219321e-18,6.972406099591258e-16,0.0,1.3944812199182515e-13,1.0
26.27,0.0,0.0,0.0,0.0,-1.9665611202953546e-17,2.2166610730974032e-17,7.868307678363699e-16,0.0,1.5736615356727396e-13,1.0
26.28,0.0,0.0,0.0,0.0,-2.4573414067586424e-17,9.033182900492262e-18,8.945783279999577e-16,0.0,1.7891566559999153e-13,1.0
26.29,0.0,0.0,0.0,0.0,-7.775660054775147e-18,7.229185997934743e-18,1.1422612919050087e-15,0.0,2.2845225838100173e-13,1.0
26.3,0.0,0.0,0.0,0.0,-1.2859249753272397e-17,1.1357886041743087e-19,1.4180833794724958e-15,0.0,2.8361667589449916e-13,1.0
26.310000000000002,0.0,0.0,0.0,0.0,5.472360267858597e-18,1.2081305030672563e-17,1.6970468049914391e-15,0.0,3.3940936099828783e-13,1.0
26.32,0.0,0.0,0.0,0.0,-3.27120047780964e-18,4.8541460489001765e-18,1.8793171172554437e-15,0.0,3.7586342345108874e-13,1.0
26.330000000000002,0.0,0.0,0.0,0.0,2.6323817110246013e-18,-2.3753750431497104e-17,2.1358836042295184e-15,0.0,4.271767208459037e-13,1.0
26.34,0.0,0.0,0.0,0.0,-4.8334416221910966e-18,-4.632745734543607e-18,2.2616555014114206e-15,0.0,4.523311002822841e-13,1.0
26.35,0.0,0.0,0.0,0.0,-1.1812090459104643e-17,-1.8721717976038586e-18,2.438400478278669e-15,0.0,4.876800956557338e-13,1.0
26.36,0.0,0.0,0.0,0.0,-1.7389447485644228e-17,6.308495419406468e-18,2.5563636405975954e-15,0.0,5.112727281195191e-13,1.0
26.37,0.0,0.0,0.0,0.0,-3.755886770378772e-18,-8.795325283013054e-18,2.7761385845321416e-15,0.0,5.552277169064283e-13,1.0
26.38,0.0,0.0,0.0,0.0,-1.8237360382446527e-17,1.0821594222359882e-17,2.9349654161203313e-15,0.0,5.869930832240662e-13,1.0
26.39,0.0,0.0,0.0,0.0,-6.434165549127536e-19,-1.1164906914611245e-17,3.0383859058704457e-15,0.0,6.076771811740891e-13,1.0
26.400000000000002,0.0,0.0,0.0,0.0,-8.48193164496132e-18,-1.6807091166147647e-18,3.2034916792131002e-15,0.0,6.4069833584262e-13,1.0
26.41,0.0,0.0,0.0,0.0,-5.911329348260569e-18,-3.453211299688973e-18,3.3909049569935914e-15,0.0,6.781809913987182e-13,1.0
26.42,0.0,0.0,0.0,0.0,-6.3695238629057666e-18,-1.3938506845998616e-18,3.6106242104358404e-15,0.0,7.221248420871681e-13,1.0
26.43,0.0,0.0,0.0,0.0,9.996033908732158e-20,-2.0853890574090077e-18,3.78951697900634e-15,0.0,7.579033958012679e-13,1.0
26.44,0.0,0.0,0.0,0.0,1.2137362334640657e-17,-2.3965299835558875e-17,3.892253485155376e-15,0.0,7.784506970310752e-13,1.0
26.45,0.0,0.0,0.0,0.0,1.1587601956329487e-17,-1.1612433371263926e-17,4.0080167457174625e-15,0.0,8.016033491434925e-13,1.0
26.46,0.0,0.0,0.0,0.0,3.0796025413839676e-17,-1.545530030839536e-17,4.146180419095962e-15,0.0,8.292360838191924e-13,1.0
26.47,0.0,0.0,0.0,0.0,2.1386034670585503e-17,-1.0216058108480051e-17,4.290139836559294e-15,0.0,8.580279673118588e-13,1.0
26.48,0.0,0.0,0.0,0.0,1.8360878949273136e-17,-1.3059553244322358e-17,4.359450163724248e-15,0.0,8.718900327448496e-13,1.0
26.490000000000002,0.0,0.0,0.0,0.0,2.6704776905570456e-17,-2.3338069760746854e-17,4.3485284144511965e-15,0.0,8.697056828902392e-13,1.0
26.5,0.0,0.0,0.0,0.0,3.3309285856737824e-17,-7.336355843328202e-18,4.4110531037299434e-15,0.0,8.822106207459886e-13,1.0
26.51,0.0,0.0,0.0,0.0,7.206578216386489e-18,-1.1628312549996133e-17,4.469528674554392e-15,0.0,8.939057349108785e-13,1.0
26.52,0.0,0.0,0.0,0.0,-1.8731214304252503e-18,-7.007532236392763e-18,4.535496181260429e-15,0.0,9.070992362520858e-13,1.0
26.53,0.0,0.0,0.0,0.0,9.004279250359106e-18,-1.2355859489940869e-17,4.603302609261203e-15,0.0,9.206605218522407e-13,1.0
26.54,0.0,0.0,0.0,0.0,1.3202603182852904e-17,-1.5534412106946594e-17,4.606992155244292e-15,0.0,9.213984310488584e-13,1.0
26.55,0.0,0.0,0.0,0.0,6.539711075161925e-18,-9.933963879302428e-18,4.627803249368413e-15,0.0,9.255606498736826e-13,1.0
26.560000000000002,0.0,0.0,0.0,0.0,7.486273803069921e-18,-1.0174807479716198e-17,4.671183666730134e-15,0.0,9.342367333460268e-13,1.0
26.57,0.0,0.0,0.0,0.0,7.976525143361824e-18,-9.36631627689353e-18,4.668144224358755e-15,0.0,9.336288448717509e-13,1.0
26.580000000000002,0.0,0.0,0.0,0.0,6.261689878882663e-18,-1.1574949411951658e-17,4.606078690604251e-15,0.0,9.212157381208503e-13,1.0
26.59,0.0,0.0,0.0,0.0,4.3090993821065025e-18,-9.969687569571179e-18,4.568855976228351e-15,0.0,9.137711952456701e-13,1.0
26.6,0.0,0.0,0.0,0.0,5.9715095928873394e-18,3.622442836772459e-18,4.449185432578925e-15,0.0,8.89837086515785e-13,1.0
26.61,0.0,0.0,0.0,0.0,3.9862805941297086e-18,-2.0256762384308814e-18,4.3118080691890554e-15,0.0,8.623616138378111e-13,1.0
26.62,0.0,0.0,0.0,0.0,-2.0219791149063256e-17,-9.691903607325547e-19,4.217085442574081e-15,0.0,8.434170885148161e-13,1.0
26.63,0.0,0.0,0.0,0.0,-1.0299564932357412e-17,1.0005485642169842e-17,4.230777435746547e-15,0.0,8.461554871493095e-13,1.0
26.64,0.0,0.0,0.0,0.0,-7.239161516717872e-18,5.032221234582022e-18,4.262898922135691e-15,0.0,8.525797844271382e-13,1.0
26.650000000000002,0.0,0.0,0.0,0.0,-1.477560930562923e-17,2.9044395676240955e-18,4.2429111810799284e-15,0.0,8.485822362159857e-13,1.0
26.66,0.0,0.0,0.0,0.0,-2.049764982388815e-17,-1.430457642766684e-17,4.128914387561712e-15,0.0,8.257828775123423e-13,1.0
26.67,0.0,0.0,0.0,0.0,-9.460984184080647e-18,-1.207304811862084e-18,3.9981411923974545e-15,0.0,7.996282384794909e-13,1.0
26.68,0.0,0.0,0.0,0.0,5.634315303194597e-18,-1.470993148338108e-17,3.933694763550953e-15,0.0,7.867389527101907e-13,1.0
26.69,0.0,0.0,0.0,0.0,6.546764935323212e-19,8.858520057987446e-18,3.8833921355102256e-15,0.0,7.766784271020451e-13,1.0
26.7,0.0,0.0,0.0,0.0,2.4198883314613112e-18,6.174507135237248e-18,3.868721032791537e-15,0.0,7.737442065583073e-13,1.0
26.71,0.0,0.0,0.0,0.0,4.291790011238713e-18,3.459798703167116e-18,3.871202892296329e-15,0.0,7.742405784592658e-13,1.0
26.72,0.0,0.0,0.0,0.0,5.9016138627239055e-18,2.06373260276376e-18,3.853456595741542e-15,0.0,7.706913191483083e-13,1.0
26.73,0.0,0.0,0.0,0.0,4.283678109144246e-18,-1.2617344610509674e-18,3.772484134897175e-15,0.0,7.544968269794351e-13,1.0
26.740000000000002,0.0,0.0,0.0,0.0,1.1774096048284979e-17,-4.1018551325951176e-18,3.681265072769307e-15,0.0,7.362530145538614e-13,1.0
26.75,0.0,0.0,0.0,0.0,2.115752584327314e-18,-4.410226611074535e-18,3.652614527263739e-15,0.0,7.305229054527478e-13,1.0
26.76,0.0,0.0,0.0,0.0,2.4763736139999692e-18,-6.854614154084763e-18,3.660758022979249e-15,0.0,7.321516045958497e-13,1.0
26.77,0.0,0.0,0.0,0.0,1.2251541857669504e-17,-7.325598247592372e-18,3.648700093467038e-15,0.0,7.297400186934075e-13,1.0
26.78,0.0,0.0,0.0,0.0,1.254895010183766e-17,-8.071456107367472e-18,3.616906049374998e-15,0.0,7.233812098749996e-13,1.0
26.79,0.0,0.0,0.0,0.0,6.025211851691708e-18,-1.3630393078493431e-18,3.5355869856661403e-15,0.0,7.07117397133228e-13,1.0
26.8,0.0,0.0,0.0,0.0,8.650968509326694e-18,-9.574306993535764e-18,3.4631059551712384e-15,0.0,6.926211910342476e-13,1.0
26.810000000000002,0.0,0.0,0.0,0.0,9.453174619071677e-18,-6.664668414608186e-18,3.486355752402416e-15,0.0,6.972711504804832e-13,1.0
26.82,0.0,0.0,0.0,0.0,1.1722604186109594e-17,-6.8996009312032534e-18,3.4511779117610864e-15,0.0,6.902355823522172e-13,1.0
26.830000000000002,0.0,0.0,0.0,0.0,9.563813509198128e-18,-1.5968867733035515e-17,3.403864220878809e-15,0.0,6.807728441757618e-13,1.0
26.84,0.0,0.0,0.0,0.0,9.999847048587593e-18,-1.547029263341174e-17,3.357896518727089e-15,0.0,6.715793037454178e-13,1.0
26.85,0.0,0.0,0.0,0.0,1.9775719387477907e-17,-1.0698700081354834e-17,3.330314792470592e-15,0.0,6.660629584941184e-13,1.0
26.86,0.0,0.0,0.0,0.0,1.9429056922307313e-17,-9.329039511447221e-18,3.258187578562744e-15,0.0,6.516375157125488e-13,1.0
26.87,0.0,0.0,0.0,0.0,1.5785740797253078e-17,-6.592710884757812e-18,3.1365814495087545e-15,0.0,6.273162899017509e-13,1.0
26.88,0.0,0.0,0.0,0.0,1.7734421772627138e-17,-8.329975222818542e-18,2.990308861111996e-15,0.0,5.980617722223992e-13,1.0
26.89,0.0,0.0,0.0,0.0,1.1472103864149709e-17,-3.857255045788347e-18,2.929077711769165e-15,0.0,5.85815542353833e-13,1.0
26.900000000000002,0.0,0.0,0.0,0.0,2.2183183050265938e-17,-1.1880015837750563e-17,2.7845793196155424e-15,0.0,5.569158639231085e-13,1.0
26.91,0.0,0.0,0.0,0.0,6.274850768700238e-18,5.44299349193791e-19,2.616424705367245e-15,0.0,5.23284941073449e-13,1.0
26.92,0.0,0.0,0.0,0.0,2.2344391564222223e-17,-1.1598138796317074e-17,2.5695880331865176e-15,0.0,5.139176066373035e-13,1.0
26.93,0.0,0.0,0.0,0.0,1.7075851544793081e-18,-3.8297638666202564e-18,2.4808365873564546e-15,0.0,4.961673174712909e-13,1.0
26.94,0.0,0.0,0.0,0.0,1.5082787554093243e-17,-3.859940334941237e-18,2.3556204585293607e-15,0.0,4.711240917058721e-13,1.0
26.95,0.0,0.0,0.0,0.0,1.0425521620412417e-17,-9.344783368113237e-18,2.2643996619953984e-15,0.0,4.528799323990797e-13,1.0
26.96,0.0,0.0,0.0,0.0,5.446265833028287e-18,-1.4672150500605058e-18,2.207276960548074e-15,0.0,4.414553921096148e-13,1.0
26.97,0.0,0.0,0.0,0.0,7.07014782636771e-18,-1.793699493175345e-18,2.112654469354971e-15,0.0,4.225308938709942e-13,1.0
26.98,0.0,0.0,0.0,0.0,1.287346973173238e-17,-9.765262816611388e-18,1.9708377325004164e-15,0.0,3.941675465000833e-13,1.0
26.990000000000002,0.0,0.0,0.0,0.0,1.3654779565131402e-17,-8.075065239664617e-18,1.8369501593532133e-15,0.0,3.6739003187064267e-13,1.0
27.0,0.0,0.0,0.0,0.0,1.4065133883548115e-17,-3.599851229490826e-18,1.748937124697555e-15,0.0,3.49787424939511e-13,1.0
27.01,0.0,0.0,0.0,0.0,1.7030717819297133e-17,-8.3849424248800185e-19,1.6936699154177598e-15,0.0,3.3873398308355194e-13,1.0
27.02,0.0,0.0,0.0,0.0,1.4623562206412694e-17,-3.029597260979312e-18,1.6416464393365001e-15,0.0,3.283292878673e-13,1.0
27.03,0.0,0.0,0.0,0.0,1.028200255653234e-17,-8.118159428758832e-18,1.5528212974081127e-15,0.0,3.105642594816225e-13,1.0
27.04,0.0,0.0,0.0,0.0,5.2217203219969084e-18,-3.133187317177821e-18,1.468086925132249e-15,0.0,2.936173850264498e-13,1.0
27.05,0.0,0.0,0.0,0.0,1.7374336537748902e-18,3.4209047134120485e-18,1.3400432290192106e-15,0.0,2.680086458038421e-13,1.0
27.060000000000002,0.0,0.0,0.0,0.0,8.28787282684332e-18,1.1508600922821536e-18,1.1932948653564965e-15,0.0,2.386589730712993e-13,1.0
27.07,0.0,0.0,0.0,0.0,8.974668769357694e-18,2.6014005641405866e-18,1.0642542274115165e-15,0.0,2.128508454823033e-13,1.0
27.080000000000002,0.0,0.0,0.0,0.0,5.2748968441731225e-18,5.965204361933617e-18,1.0016299779391333e-15,0.0,2.0032599558782664e-13,1.0
27.09,0.0,0.0,0.0,0.0,7.211797632676863e-18,1.1694874147934813e-17,8.544240296817353e-16,0.0,1.7088480593634706e-13,1.0
27.1,0.0,0.0,0.0,0.0,7.512890248496574e-18,4.548956268427659e-18,8.10500354447839e-16,0.0,1.6210007088956778e-13,1.0
27.11,0.0,0.0,0.0,0.0,1.2930168352648334e-17,6.000897303828795e-18,7.959221639422351e-16,0.0,1.59184432788447e-13,1.0
27.12,0.0,0.0,0.0,0.0,1.2219279037168032e-17,4.322225502812382e-18,7.41750074695686e-16,0.0,1.483500149391372e-13,1.0
27.13,0.0,0.0,0.0,0.0,7.207679415547707e-18,-7.760283071494696e-18,7.371529564835292e-16,0.0,1.4743059129670584e-13,1.0
27.14,0.0,0.0,0.0,0.0,7.52062926353834e-18,-1.0604747276617014e-17,7.622039646314474e-16,0.0,1.5244079292628948e-13,1.0
27.150000000000002,0.0,0.0,0.0,0.0,9.690164447131455e-18,-1.3286259754522403e-17,7.95413384474741e-16,0.0,1.590826768949482e-13,1.0
27.16,0.0,0.0,0.0,0.0,9.532419154576427e-18,-1.662552328371504e-17,7.346851736723371e-16,0.0,1.4693703473446741e-13,1.0
27.17,0.0,0.0,0.0,0.0,1.3915196709607486e-17,-1.1832759797028203e-17,6.030725511282242e-16,0.0,1.2061451022564485e-13,1.0
27.18,0.0,0.0,0.0,0.0,1.017041808564003e-17,-2.011852974911337e-17,5.656994426966773e-16,0.0,1.1313988853933546e-13,1.0
27.19,0.0,0.0,0.0,0.0,1.0470106418552756e-17,-4.083409022046189e-18,4.882822156286573e-16,0.0,9.765644312573145e-14,1.0
27.2,0.0,0.0,0.0,0.0,1.459453288365093e-17,-9.324591749774764e-18,4.621250151423586e-16,0.0,9.242500302847172e-14,1.0
27.21,0.0,0.0,0.0,0.0,2.2930506050989886e-17,-3.6445756956343755e-18,3.9249529145357416e-16,0.0,7.849905829071483e-14,1.0
27.22,0.0,0.0,0.0,0.0,1.120768554221464e-17,-1.1075696464828829e-17,3.036011002935317e-16,0.0,6.072022005870634e-14,1.0
27.23,0.0,0.0,0.0,0.0,9.707546358460832e-18,-8.056338272605806e-18,3.4012268866296256e-16,0.0,6.802453773259251e-14,1.0
27.240000000000002,0.0,0.0,0.0,0.0,8.098193784501142e-18,-1.2168232515625002e-17,4.2301972909343377e-16,0.0,8.460394581868675e-14,1.0
27.25,0.0,0.0,0.0,0.0,7.160686713918389e-18,-1.3364576198676177e-17,4.506320206060339e-16,0.0,9.012640412120678e-14,1.0
27.26,0.0,0.0,0.0,0.0,2.4099447507633176e-18,-1.89685239553555e-17,4.851836608361468e-16,0.0,9.703673216722935e-14,1.0
27.27,0.0,0.0,0.0,0.0,-5.771432209997145e-18,-2.7449490856785906e-17,4.748797794615329e-16,0.0,9.497595589230658e-14,1.0
27.28,0.0,0.0,0.0,0.0,-3.876262480662329e-18,-2.6499400236538623e-17,4.669534842712375e-16,0.0,9.339069685424749e-14,1.0
27.29,0.0,0.0,0.0,0.0,6.1600126772951615e-19,-2.5204226455066856e-17,3.9689967511265053e-16,0.0,7.93799350225301e-14,1.0
27.3,0.0,0.0,0.0,0.0,1.4219213769976725e-18,-1.2552548794194899e-17,3.8783217978020736e-16,0.0,7.756643595604147e-14,1.0
27.310000000000002,0.0,0.0,0.0,0.0,9.055816795023569e-18,-1.750084655872182e-17,4.975911440747387e-16,0.0,9.951822881494773e-14,1.0
27.32,0.0,0.0,0.0,0.0,7.378598459980532e-18,-1.450801542725076e-17,6.102894236914878e-16,0.0,1.2205788473829756e-13,1.0
27.330000000000002,0.0,0.0,0.0,0.0,-5.076544603771599e-18,-3.646117401913421e-18,5.595473747308897e-16,0.0,1.1190947494617795e-13,1.0
27.34,0.0,0.0,0.0,0.0,-4.712622894090325e-18,1.4508799801600408e-17,6.33443489302091e-16,0.0,1.266886978604182e-13,1.0
27.35,0.0,0.0,0.0,0.0,3.8275214246618463e-19,-2.553338947792738e-18,6.592203247254918e-16,0.0,1.3184406494509835e-13,1.0
27.36,0.0,0.0,0.0,0.0,1.7905492224555927e-18,-5.5945677107050004e-18,6.314292497313876e-16,0.0,1.262858499462775e-13,1.0
27.37,0.0,0.0,0.0,0.0,4.414320045109129e-18,-8.306600223777514e-18,5.812954685851564e-16,0.0,1.1625909371703128e-13,1.0
27.38,0.0,0.0,0.0,0.0,3.395114080990572e-18,-1.0167084138267611e-17,5.962367167387869e-16,0.0,1.1924734334775738e-13,1.0
27.39,0.0,0.0,0.0,0.0,1.3042450369979365e-17,-8.793928443446175e-18,6.333284187604542e-16,0.0,1.2666568375209085e-13,1.0
27.400000000000002,0.0,0.0,0.0,0.0,-7.453501491043003e-19,-2.9710614270742696e-18,6.557180308289245e-16,0.0,1.311436061657849e-13,1.0
27.41,0.0,0.0,0.0,0.0,1.1443966850118327e-17,-7.650212454488681e-18,6.999730650304892e-16,0.0,1.3999461300609785e-13,1.0
27.42,0.0,0.0,0.0,0.0,1.1249941573244496e-17,-7.789386903305299e-18,7.060637140730287e-16,0.0,1.4121274281460573e-13,1.0
27.43,0.0,0.0,0.0,0.0,3.216061965794056e-19,-1.2876935607871587e-17,7.393595992636046e-16,0.0,1.4787191985272092e-13,1.0
27.44,0.0,0.0,0.0,0.0,1.0652221221533585e-17,-6.89696757461414e-18,7.688566220475456e-16,0.0,1.5377132440950913e-13,1.0
27.45,0.0,0.0,0.0,0.0,2.484071373723931e-18,-2.7283402710840502e-18,7.51066660626947e-16,0.0,1.502133321253894e-13,1.0
27.46,0.0,0.0,0.0,0.0,1.1702910146052273e-17,-8.477172767283598e-18,7.625622167401653e-16,0.0,1.5251244334803306e-13,1.0
27.47,0.0,0.0,0.0,0.0,1.1172309870879797e-17,-7.402496520687922e-18,8.131217251468699e-16,0.0,1.6262434502937399e-13,1.0
27.48,0.0,0.0,0.0,0.0,1.085420106397883e-17,-5.246502457172896e-18,8.86174069722626e-16,0.0,1.772348139445252e-13,1.0
27.490000000000002,0.0,0.0,0.0,0.0,8.172159317684275e-18,-4.557428013849504e-18,9.536843628872141e-16,0.0,1.907368725774428e-13,1.0
27.5,0.0,0.0,0.0,0.0,5.3093314980428445e-18,4.916056041298384e-19,9.780840350212535e-16,0.0,1.956168070042507e-13,1.0
27.51,0.0,0.0,0.0,0.0,-2.6787799338010313e-20,2.7234385592223683e-19,1.0170390291075698e-15,0.0,2.0340780582151394e-13,1.0
27.52,0.0,0.0,0.0,0.0,3.58047882139049e-18,2.922524937152424e-18,1.0170067194625228e-15,0.0,2.0340134389250454e-13,1.0
27.53,0.0,0.0,0.0,0.0,-6.532977541078132e-18,-1.79817535228365e-18,1.0660257918202792e-15,0.0,2.1320515836405583e-13,1.0
27.54,0.0,0.0,0.0,0.0,-1.6765447679073698e-18,-1.5571884375198346e-18,1.1135116933482816e-15,0.0,2.2270233866965632e-13,1.0
27.55,0.0,0.0,0.0,0.0,-3.9943184628624676e-18,7.119104481072737e-18,1.1018724949851042e-15,0.0,2.2037449899702084e-13,1.0
27.560000000000002,0.0,0.0,0.0,0.0,3.8024179320250494e-18,-3.0420528823929004e-18,9.6600054400323e-16,0.0,1.9320010880064601e-13,1.0
27.57,0.0,0.0,0.0,0.0,2.779946857025249e-18,-1.7236483646817164e-18,1.0448554900590283e-15,0.0,2.0897109801180566e-13,1.0
27.580000000000002,0.0,0.0,0.0,0.0,2.2309509416513985e-17,-1.6947280133459716e-17,1.1446263607691673e-15,0.0,2.2892527215383344e-13,1.0
27.59,0.0,0.0,0.0,0.0,3.412533751803968e-18,-8.303750982478615e-18,1.1031434048198222e-15,0.0,2.2062868096396442e-13,1.0
27.6,0.0,0.0,0.0,0.0,7.509855385663204e-18,3.828805427433472e-18,1.0528448830142208e-15,0.0,2.1056897660284416e-13,1.0
27.61,0.0,0.0,0.0,0.0,1.0404182457349066e-17,-2.28178695419153e-18,1.036954980695153e-15,0.0,2.073909961390306e-13,1.0
27.62,0.0,0.0,0.0,0.0,1.812302405313702e-17,-1.7189930262403594e-17,1.0216770360638452e-15,0.0,2.0433540721276903e-13,1.0
27.63,0.0,0.0,0.0,0.0,-6.920321301459151e-20,-7.695624666174496e-18,1.0095578013619287e-15,0.0,2.0191156027238574e-13,1.0
27.64,0.0,0.0,0.0,0.0,2.2676784636940307e-17,-2.1539023141608722e-17,1.0061681816825923e-15,0.0,2.0123363633651844e-13,1.0
27.650000000000002,0.0,0.0,0.0,0.0,1.1298876879683412e-17,-1.0070873805848597e-17,1.0402580269593165e-15,0.0,2.080516053918633e-13,1.0
27.66,0.0,0.0,0.0,0.0,2.296062133194673e-17,-1.830005377318295e-17,1.0703644574204228e-15,0.0,2.1407289148408454e-13,1.0
27.67,0.0,0.0,0.0,0.0,1.2676122276894003e-17,-1.209520348905453e-18,9.998410653863153e-16,0.0,1.9996821307726307e-13,1.0
27.68,0.0,0.0,0.0,0.0,8.080325327830011e-18,2.8989203426371095e-18,9.908831009302077e-16,0.0,1.9817662018604155e-13,1.0
27.69,0.0,0.0,0.0,0.0,1.1626486566562663e-17,-2.1345523283067498e-17,9.818382606396318e-16,0.0,1.9636765212792635e-13,1.0
27.7,0.0,0.0,0.0,0.0,1.6287385032832663e-17,-1.5241116763427173e-17,1.0062038837489997e-15,0.0,2.0124077674979994e-13,1.0
27.71,0.0,0.0,0.0,0.0,1.9037846860560717e-17,-1.8514133902083304e-17,9.144277555907688e-16,0.0,1.8288555111815376e-13,1.0
27.72,0.0,0.0,0.0,0.0,1.1952941053438532e-17,3.209370584420294e-18,8.23034842813084e-16,0.0,1.646069685626168e-13,1.0
27.73,0.0,0.0,0.0,0.0,1.8991045036701638e-17,-1.6090345373437347e-17,7.856870317642131e-16,0.0,1.5713740635284261e-13,1.0
27.740000000000002,0.0,0.0,0.0,0.0,1.9378520820513954e-17,-1.7021346365846154e-17,7.21564894437646e-16,0.0,1.443129788875292e-13,1.0
27.75,0.0,0.0,0.0,0.0,3.9495376052307636e-18,-1.9276476558309758e-17,7.31523600286282e-16,0.0,1.463047200572564e-13,1.0
27.76,0.0,0.0,0.0,0.0,1.744391499711431e-17,-2.422642226325082e-17,6.685438104626012e-16,0.0,1.3370876209252023e-13,1.0
27.77,0.0,0.0,0.0,0.0,1.6488174713108788e-17,-1.7705007938121737e-17,6.663491147751942e-16,0.0,1.3326982295503883e-13,1.0
27.78,0.0,0.0,0.0,0.0,1.0743091697198528e-17,-1.8450025304445168e-17,7.307240006057165e-16,0.0,1.461448001211433e-13,1.0
27.79,0.0,0.0,0.0,0.0,1.167171349902384e-17,-1.6416224740023782e-17,7.546466669189611e-16,0.0,1.5092933338379222e-13,1.0
27.8,0.0,0.0,0.0,0.0,3.239765684391415e-19,5.730580114288204e-19,6.995928210176537e-16,0.0,1.3991856420353074e-13,1.0
27.810000000000002,0.0,0.0,0.0,0.0,4.5849029027697236e-18,-6.6522571178934764e-18,6.381182316163678e-16,0.0,1.2762364632327356e-13,1.0
27.82,0.0,0.0,0.0,0.0,1.3589959143370705e-17,-1.1138412748275191e-17,6.339178604244009e-16,0.0,1.2678357208488018e-13,1.0
27.830000000000002,0.0,0.0,0.0,0.0,9.55719773545067e-18,-1.5731950961665498e-17,6.31273433586216e-16,0.0,1.2625468671724318e-13,1.0
27.84,0.0,0.0,0.0,0.0,8.728099903737176e-18,-1.1279132501534044e-17,6.03365261828081e-16,0.0,1.206730523656162e-13,1.0
27.85,0.0,0.0,0.0,0.0,1.8106104952415915e-17,-5.7632103996139236e-18,5.962863870355856e-16,0.0,1.1925727740711712e-13,1.0
27.86,0.0,0.0,0.0,0.0,3.968443021390449e-18,-2.2224126147864934e-17,5.26873230376429e-16,0.0,1.053746460752858e-13,1.0
27.87,0.0,0.0,0.0,0.0,4.339120616416623e-18,-2.1800300479380036e-17,5.277544472039784e-16,0.0,1.0555088944079568e-13,1.0
27.88,0.0,0.0,0.0,0.0,9.647252436240279e-18,-2.5076366366643926e-17,5.463421122853738e-16,0.0,1.0926842245707475e-13,1.0
27.89,0.0,0.0,0.0,0.0,9.4249268012466e-18,-2.3826911088131004e-17,5.517282700191969e-16,0.0,1.1034565400383938e-13,1.0
27.900000000000002,0.0,0.0,0.0,0.0,1.0766984209662829e-17,-2.119623366264697e-17,6.198834376044985e-16,0.0,1.2397668752089971e-13,1.0
27.91,0.0,0.0,0.0,0.0,1.0835100290264954e-17,-2.8195076451896204e-17,5.68521156724641e-16,0.0,1.1370423134492822e-13,1.0
27.92,0.0,0.0,0.0,0.0,3.0873752355796195e-17,-9.981815094066273e-18,5.572003763942084e-16,0.0,1.1144007527884168e-13,1.0
27.93,0.0,0.0,0.0,0.0,1.285578854377821e-17,-1.107917654789495e-17,5.461003739698836e-16,0.0,1.0922007479397672e-13,1.0
27.94,0.0,0.0,0.0,0.0,1.631207782021381e-17,-1.5252009643499037e-17,5.507207750606435e-16,0.0,1.101441550121287e-13,1.0
27.95,0.0,0.0,0.0,0.0,2.465014721527285e-17,-2.2342709275156056e-17,6.01927792965163e-16,0.0,1.203855585930326e-13,1.0
27.96,0.0,0.0,0.0,0.0,1.8286513180135966e-17,-1.6748909066815334e-17,6.085549188016218e-16,0.0,1.2171098376032436e-13,1.0
27.97,0.0,0.0,0.0,0.0,1.4231450428290917e-17,2.588037779320282e-18,5.995259809848264e-16,0.0,1.199051961969653e-13,1.0
27.98,0.0,0.0,0.0,0.0,1.8410581053828387e-17,-1.6743868561756435e-17,6.155146992174063e-16,0.0,1.2310293984348124e-13,1.0
27.990000000000002,0.0,0.0,0.0,0.0,4.644850534453338e-19,-3.81212828240469e-18,5.905896540653258e-16,0.0,1.1811793081306516e-13,1.0
28.0,0.0,0.0,0.0,0.0,7.649986084876317e-18,-1.0559363936594676e-17,5.577693707397926e-16,0.0,1.1155387414795851e-13,1.0
28.01,0.0,0.0,0.0,0.0,9.991583273641994e-18,-1.1053496572253508e-17,5.578260015706493e-16,0.0,1.1156520031412987e-13,1.0
28.02,0.0,0.0,0.0,0.0,6.018138989545674e-18,-6.28933881710156e-18,5.503496962559959e-16,0.0,1.1006993925119918e-13,1.0
28.03,0.0,0.0,0.0,0.0,1.8082436672604526e-17,-1.1443835603611048e-17,5.249338252179706e-16,0.0,1.0498676504359412e-13,1.0
28.04,0.0,0.0,0.0,0.0,1.3494777062154379e-17,-1.4036286495492536e-17,4.476272127687169e-16,0.0,8.952544255374338e-14,1.0
28.05,0.0,0.0,0.0,0.0,5.420811083285396e-18,-7.142279686528854e-18,4.87059288966086e-16,0.0,9.74118577932172e-14,1.0
28.060000000000002,0.0,0.0,0.0,0.0,9.324978434890981e-18,-1.5753470317661176e-17,4.854555994235598e-16,0.0,9.709111988471196e-14,1.0
28.07,0.0,0.0,0.0,0.0,1.8969983021323268e-17,-1.50335704027004e-17,4.828333569911849e-16,0.0,9.656667139823698e-14,1.0
28.080000000000002,0.0,0.0,0.0,0.0,5.518502805536136e-18,-5.748157108680031e-18,4.591223532296514e-16,0.0,9.182447064593027e-14,1.0
28.09,0.0,0.0,0.0,0.0,8.565810971328523e-18,-1.0018691299986597e-17,4.676161255150072e-16,0.0,9.352322510300143e-14,1.0
28.1,0.0,0.0,0.0,0.0,1.8813305745005148e-17,-1.4012237915891003e-17,4.800399116207619e-16,0.0,9.600798232415237e-14,1.0
28.11,0.0,0.0,0.0,0.0,8.006024103665843e-18,-1.09138462818832e-17,4.230329282537328e-16,0.0,8.460658565074655e-14,1.0
28.12,0.0,0.0,0.0,0.0,2.6221982979646685e-17,-1.6710655466150593e-17,4.0498963346730057e-16,0.0,8.099792669346011e-14,1.0
28.13,0.0,0.0,0.0,0.0,6.020178465270898e-18,-2.2155771806217254e-17,3.87814215273357e-16,0.0,7.756284305467139e-14,1.0
28.14,0.0,0.0,0.0,0.0,1.1549793960162258e-17,-1.644230312596941e-17,3.928972542517388e-16,0.0,7.857945085034776e-14,1.0
28.150000000000002,0.0,0.0,0.0,0.0,1.3313303722469723e-17,-1.5227404535267486e-17,4.0239948041422745e-16,0.0,8.047989608284549e-14,1.0
28.16,0.0,0.0,0.0,0.0,1.459768591831849e-17,-1.431702116803497e-17,4.040166441084165e-16,0.0,8.08033288216833e-14,1.0
28.17,0.0,0.0,0.0,0.0,1.626961385594151e-17,-1.3141790202085301e-17,4.2223355327223306e-16,0.0,8.444671065444661e-14,1.0
28.18,0.0,0.0,0.0,0.0,1.6487410852536453e-17,-1.361508118869029e-17,4.027976005390482e-16,0.0,8.055952010780963e-14,1.0
28.19,0.0,0.0,0.0,0.0,1.249933280674496e-17,-1.2033935964813959e-17,3.1183316917649134e-16,0.0,6.236663383529827e-14,1.0
28.2,0.0,0.0,0.0,0.0,1.164592046628789e-17,-1.4843973718846056e-17,2.423137623781248e-16,0.0,4.846275247562496e-14,1.0
28.21,0.0,0.0,0.0,0.0,1.524216091148802e-17,-1.431659724061469e-17,2.3696659577149626e-16,0.0,4.739331915429925e-14,1.0
28.22,0.0,0.0,0.0,0.0,2.3494665114588806e-17,-2.7135384283455707e-17,2.5038041373504405e-16,0.0,5.007608274700881e-14,1.0
28.23,0.0,0.0,0.0,0.0,1.1005312225338342e-17,-1.4517346724471303e-17,2.8790794629457686e-16,0.0,5.758158925891537e-14,1.0
28.240000000000002,0.0,0.0,0.0,0.0,1.2560936562310839e-17,-1.511270225368569e-17,2.39999423755868e-16,0.0,4.79998847511736e-14,1.0
28.25,0.0,0.0,0.0,0.0,1.895691350053219e-17,-1.3775280175961756e-17,1.5612287822564362e-16,0.0,3.122457564512873e-14,1.0
28.26,0.0,0.0,0.0,0.0,1.8402048015770346e-17,-1.6183926585631636e-17,1.135639267680567e-16,0.0,2.2712785353611336e-14,1.0
28.27,0.0,0.0,0.0,0.0,2.634241557822168e-17,-2.987360385608426e-17,9.707497034028985e-17,0.0,1.941499406805797e-14,1.0
28.28,0.0,0.0,0.0,0.0,2.4521605130246066e-17,-2.8590792622927164e-17,7.268095976820987e-17,0.0,1.4536191953641972e-14,1.0
28.29,0.0,0.0,0.0,0.0,2.1742255800447334e-17,-2.6507390175353413e-17,3.459422609852385e-17,0.0,6.91884521970477e-15,1.0
28.3,0.0,0.0,0.0,0.0,1.9660615751659145e-17,-2.562640599245111e-17,4.624590364157541e-17,0.0,9.249180728315082e-15,1.0
28.310000000000002,0.0,0.0,0.0,0.0,1.877351619415283e-17,-2.4976922723979077e-17,8.184663526696996e-17,0.0,1.6369327053393992e-14,1.0
28.32,0.0,0.0,0.0,0.0,2.0004821453549937e-18,-1.405744375689338e-17,4.369731690890005e-17,0.0,8.739463381780009e-15,1.0
28.330000000000002,0.0,0.0,0.0,0.0,9.974090510863298e-18,-1.4803234405223454e-17,2.792961643967382e-17,0.0,5.585923287934764e-15,1.0
28.34,0.0,0.0,0.0,0.0,1.0453302775889726e-17,-1.3358960660226308e-17,2.1902003400388204e-17,0.0,4.380400680077641e-15,1.0
28.35,0.0,0.0,0.0,0.0,2.2363861666494445e-17,-1.9735105146918325e-17,1.2398555046767518e-16,0.0,2.4797110093535037e-14,1.0
28.36,0.0,0.0,0.0,0.0,1.9970672866343106e-17,-1.641657225294057e-17,2.4706431612363023e-16,0.0,4.9412863224726047e-14,1.0
28.37,0.0,0.0,0.0,0.0,9.19071588163789e-18,1.3391509394866493e-18,2.56249809331697e-16,0.0,5.12499618663394e-14,1.0
28.38,0.0,0.0,0.0,0.0,1.031859020328016e-17,-1.0982707722978653e-17,2.4158899424535533e-16,0.0,4.831779884907106e-14,1.0
28.39,0.0,0.0,0.0,0.0,1.2145559981828915e-17,-1.329871285168175e-17,2.2555398006775286e-16,0.0,4.511079601355057e-14,1.0
28.400000000000002,0.0,0.0,0.0,0.0,1.42125061034133e-17,-1.6683102263791798e-17,1.6647345388633912e-16,0.0,3.329469077726782e-14,1.0
28.41,0.0,0.0,0.0,0.0,1.3606607010870458e-17,-1.7416712590199778e-17,2.0629195799965364e-16,0.0,4.1258391599930724e-14,1.0
28.42,0.0,0.0,0.0,0.0,7.368939328678574e-18,-2.014135770198143e-17,2.711325218019801e-16,0.0,5.422650436039602e-14,1.0
28.43,0.0,0.0,0.0,0.0,4.27510807733737e-18,-1.871719244289695e-17,3.736469771749503e-16,0.0,7.472939543499006e-14,1.0
28.44,0.0,0.0,0.0,0.0,1.0259547404824798e-17,-1.394567508303437e-17,3.5396753425100937e-16,0.0,7.079350685020188e-14,1.0
28.45,0.0,0.0,0.0,0.0,9.696331047460813e-20,-1.0013915435523494e-17,2.7307429865909486e-16,0.0,5.461485973181897e-14,1.0
28.46,0.0,0.0,0.0,0.0,2.356034278830128e-18,-9.985737771425982e-18,2.5492213581230143e-16,0.0,5.0984427162460286e-14,1.0
28.47,0.0,0.0,0.0,0.0,1.6188804252264352e-17,-1.4116226983615204e-17,2.893279879719914e-16,0.0,5.786559759439827e-14,1.0
28.48,0.0,0.0,0.0,0.0,1.508045792010462e-17,-1.3145154808399965e-17,3.194366693995241e-16,0.0,6.388733387990482e-14,1.0
28.490000000000002,0.0,0.0,0.0,0.0,8.616915278786319e-18,-7.641625053551438e-18,3.6333693490113563e-16,0.0,7.266738698022712e-14,1.0
28.5,0.0,0.0,0.0,0.0,9.465165636435888e-18,-7.849907119956969e-18,3.4266020215288887e-16,0.0,6.853204043057777e-14,1.0
28.51,0.0,0.0,0.0,0.0,2.7780538966389676e-18,-6.5642136138453225e-18,3.253549076412633e-16,0.0,6.507098152825265e-14,1.0
28.52,0.0,0.0,0.0,0.0,-3.3724591852188205e-18,-5.630390684396837e-18,3.8351541480263297e-16,0.0,7.67030829605266e-14,1.0
28.53,0.0,0.0,0.0,0.0,1.522606276833941e-17,-3.0460529625266897e-18,3.5432309895294713e-16,0.0,7.086461979058943e-14,1.0
28.54,0.0,0.0,0.0,0.0,-3.3490162299256766e-19,2.2240412469165328e-18,4.043233373972557e-16,0.0,8.086466747945114e-14,1.0
28.55,0.0,0.0,0.0,0.0,-2.583407182329334e-18,-5.255373368607993e-18,5.063133201285803e-16,0.0,1.0126266402571606e-13,1.0
28.560000000000002,0.0,0.0,0.0,0.0,-4.964140856026964e-18,7.208156880539655e-18,6.323480301974261e-16,0.0,1.2646960603948523e-13,1.0
28.57,0.0,0.0,0.0,0.0,-6.561642901956845e-18,4.808831543624535e-18,6.497747944146205e-16,0.0,1.299549588829241e-13,1.0
28.580000000000002,0.0,0.0,0.0,0.0,-2.104013739697589e-18,1.0535469422345097e-17,5.542584964532355e-16,0.0,1.1085169929064711e-13,1.0
28.59,0.0,0.0,0.0,0.0,-1.0057583685295095e-17,1.7976370000262635e-18,6.042012641520168e-16,0.0,1.2084025283040335e-13,1.0
28.6,0.0,0.0,0.0,0.0,-4.6488394199004005e-19,5.011061991429264e-19,6.010665921785555e-16,0.0,1.202133184357111e-13,1.0
28.61,0.0,0.0,0.0,0.0,-6.334326740269492e-19,4.148414817243863e-18,6.026836340447416e-16,0.0,1.2053672680894831e-13,1.0
28.62,0.0,0.0,0.0,0.0,-6.7864606602302655e-18,-1.548069688016484e-19,6.569266008211743e-16,0.0,1.3138532016423485e-13,1.0
28.63,0.0,0.0,0.0,0.0,-6.528470660952308e-18,9.847498066854196e-19,6.800637959401312e-16,0.0,1.3601275918802623e-13,1.0
28.64,0.0,0.0,0.0,0.0,-1.0994833186015587e-17,1.1783064575884555e-17,7.126135297698772e-16,0.0,1.4252270595397542e-13,1.0
28.650000000000002,0.0,0.0,0.0,0.0,-1.4180719249026596e-17,1.7309903138933157e-17,7.169030466593837e-16,0.0,1.4338060933187674e-13,1.0
28.66,0.0,0.0,0.0,0.0,-1.3637186311374484e-17,1.7208581867991048e-17,7.31089496717771e-16,0.0,1.462178993435542e-13,1.0
28.67,0.0,0.0,0.0,0.0,-1.2557196701158713e-17,1.5933357871628558e-17,7.064063929021614e-16,0.0,1.4128127858043228e-13,1.0
28.68,0.0,0.0,0.0,0.0,-1.1246841872705598e-17,1.530347442810354e-17,6.88081158168517e-16,0.0,1.376162316337034e-13,1.0
28.69,0.0,0.0,0.0,0.0,-9.557042202668254e-18,1.3303879903927043e-17,6.1955796449250135e-16,0.0,1.2391159289850027e-13,1.0
28.7,0.0,0.0,0.0,0.0,1.08055879382734e-19,1.5937838526307154e-17,5.647502650156431e-16,0.0,1.1295005300312862e-13,1.0
28.71,0.0,0.0,0.0,0.0,-1.0786725819669963e-17,9.590849178286677e-18,5.244357030089105e-16,0.0,1.048871406017821e-13,1.0
28.72,0.0,0.0,0.0,0.0,-5.1019960007348824e-18,6.221739795909281e-19,3.666450449691299e-16,0.0,7.332900899382598e-14,1.0
28.73,0.0,0.0,0.0,0.0,-1.1029519634978922e-17,5.415241516038096e-18,3.4348513948734284e-16,0.0,6.869702789746857e-14,1.0
28.740000000000002,0.0,0.0,0.0,0.0,8.045810737781301e-18,-1.2839477272691694e-17,2.947992949703196e-16,0.0,5.895985899406392e-14,1.0
28.75,0.0,0.0,0.0,0.0,-8.096713472437982e-18,6.062053772255569e-18,1.522609432906641e-16,0.0,3.045218865813282e-14,1.0
28.76,0.0,0.0,0.0,0.0,-7.055110734174625e-18,7.309633576253048e-18,1.0976598359184913e-16,0.0,2.1953196718369825e-14,1.0
28.77,0.0,0.0,0.0,0.0,4.466295417358446e-18,-1.4040941909445578e-18,1.0564778338048961e-16,0.0,2.112955667609792e-14,1.0
28.78,0.0,0.0,0.0,0.0,6.98882113940099e-18,-6.860394842541919e-18,1.1892571829702362e-16,0.0,2.378514365940472e-14,1.0
28.79,0.0,0.0,0.0,0.0,1.0274647584535783e-17,-7.227998697025313e-18,1.5727778553232622e-16,0.0,3.145555710646524e-14,1.0
28.8,0.0,0.0,0.0,0.0,5.7262299747099e-18,-6.880222875939062e-18,2.517751597129089e-16,0.0,5.0355031942581785e-14,1.0
28.810000000000002,0.0,0.0,0.0,0.0,4.644396579272689e-18,-8.006375504866386e-18,3.3661140296202923e-16,0.0,6.732228059240584e-14,1.0
28.82,0.0,0.0,0.0,0.0,1.664154917042889e-17,-5.545688454040267e-18,3.196845899528656e-16,0.0,6.393691799057313e-14,1.0
28.830000000000002,0.0,0.0,0.0,0.0,6.7659338794705485e-18,-9.462611717512547e-18,3.8905966176004134e-16,0.0,7.781193235200827e-14,1.0
28.84,0.0,0.0,0.0,0.0,-1.5189166443344868e-18,-2.6677125832154625e-18,3.4506536895983666e-16,0.0,6.901307379196734e-14,1.0
28.85,0.0,0.0,0.0,0.0,3.0946826881848095e-18,-4.92825206688326e-18,3.4144056701109757e-16,0.0,6.828811340221951e-14,1.0
28.86,0.0,0.0,0.0,0.0,-3.981754483741914e-18,4.406481550787971e-18,2.243834212291961e-16,0.0,4.4876684245839216e-14,1.0
28.87,0.0,0.0,0.0,0.0,-5.815324876636088e-18,6.876387411640721e-18,1.4970877676683962e-16,0.0,2.994175535336792e-14,1.0
28.88,0.0,0.0,0.0,0.0,-4.593513784255014e-18,5.624430030284077e-18,1.7791476353908926e-16,0.0,3.558295270781785e-14,1.0
28.89,0.0,0.0,0.0,0.0,-1.682493653713408e-17,1.8334768839792103e-17,1.999154215486636e-16,0.0,3.998308430973272e-14,1.0
28.900000000000002,0.0,0.0,0.0,0.0,4.7385814894681154e-18,1.1006866463223166e-17,2.4390960833365935e-16,0.0,4.878192166673187e-14,1.0
28.91,0.0,0.0,0.0,0.0,1.0642173099614323e-18,1.090817356612177e-17,2.3765598617764177e-16,0.0,4.753119723552835e-14,1.0
28.92,0.0,0.0,0.0,0.0,1.7513848593327826e-18,1.5852780302744895e-19,2.685200940655397e-16,0.0,5.3704018813107937e-14,1.0
28.93,0.0,0.0,0.0,0.0,3.193255249633804e-18,6.83185010081779e-18,3.6161386644777533e-16,0.0,7.232277328955507e-14,1.0
28.94,0.0,0.0,0.0,0.0,1.199663550119803e-17,-8.751506183673864e-18,4.7714046292814865e-16,0.0,9.542809258562973e-14,1.0
28.95,0.0,0.0,0.0,0.0,7.414677529850329e-18,-4.939895346620557e-18,5.301343108614094e-16,0.0,1.0602686217228188e-13,1.0
28.96,0.0,0.0,0.0,0.0,1.5966117136534945e-17,-4.0464801888774216e-18,5.528792346785984e-16,0.0,1.1057584693571968e-13,1.0
28.97,0.0,0.0,0.0,0.0,1.45231100267566e-17,-2.9065542759086766e-18,5.747595031517712e-16,0.0,1.1495190063035423e-13,1.0
28.98,0.0,0.0,0.0,0.0,1.427175909946205e-17,-3.2163431065810326e-18,6.393583046835008e-16,0.0,1.2787166093670017e-13,1.0
28.990000000000002,0.0,0.0,0.0,0.0,1.3175605198615002e-17,-3.980384022743963e-18,6.852849832768287e-16,0.0,1.3705699665536573e-13,1.0
29.0,0.0,0.0,0.0,0.0,9.568865660517986e-18,-2.6418497749217015e-18,6.315937503149345e-16,0.0,1.263187500629869e-13,1.0
29.01,0.0,0.0,0.0,0.0,8.365329494083446e-18,-1.2798690425389548e-17,6.771924431750441e-16,0.0,1.3543848863500882e-13,1.0
29.02,0.0,0.0,0.0,0.0,1.1055914800401066e-18,1.766959243331596e-18,6.541005905785657e-16,0.0,1.3082011811571313e-13,1.0
29.03,0.0,0.0,0.0,0.0,4.861370391451118e-18,-1.345725639001561e-17,6.812239178653999e-16,0.0,1.3624478357307997e-13,1.0
29.04,0.0,0.0,0.0,0.0,6.158130255206945e-18,-1.348479988039734e-17,7.159605078140398e-16,0.0,1.4319210156280797e-13,1.0
29.05,0.0,0.0,0.0,0.0,-4.784818683308501e-18,-9.67836486044584e-18,6.257953886808608e-16,0.0,1.2515907773617214e-13,1.0
29.060000000000002,0.0,0.0,0.0,0.0,5.281069239854467e-18,-7.526718016184482e-18,5.876465481461062e-16,0.0,1.1752930962922123e-13,1.0
29.07,0.0,0.0,0.0,0.0,-5.017959871434899e-18,-6.0616407198268e-18,5.309570348868583e-16,0.0,1.0619140697737166e-13,1.0
29.080000000000002,0.0,0.0,0.0,0.0,-4.0807214454495586e-18,2.5500384977403264e-18,5.487873429095538e-16,0.0,1.0975746858191075e-13,1.0
29.09,0.0,0.0,0.0,0.0,-7.275648513071195e-19,-1.5674957460621455e-19,6.268195789035841e-16,0.0,1.2536391578071682e-13,1.0
29.1,0.0,0.0,0.0,0.0,4.973842869387629e-19,-6.430613794885774e-19,6.180812391424348e-16,0.0,1.2361624782848695e-13,1.0
29.11,0.0,0.0,0.0,0.0,2.3079938642999624e-18,-6.9217267305883475e-18,6.765633131745282e-16,0.0,1.3531266263490564e-13,1.0
29.12,0.0,0.0,0.0,0.0,4.660993620307589e-18,-9.421131167283844e-18,7.830039305784516e-16,0.0,1.566007861156903e-13,1.0
29.13,0.0,0.0,0.0,0.0,9.325893956432276e-18,-8.783303890977968e-18,7.814389216336519e-16,0.0,1.5628778432673036e-13,1.0
29.14,0.0,0.0,0.0,0.0,2.1485217228377494e-17,-2.1697749628261487e-17,7.593840372545408e-16,0.0,1.5187680745090815e-13,1.0
29.150000000000002,0.0,0.0,0.0,0.0,3.149528427581982e-18,-6.654405412090168e-18,7.415983599587817e-16,0.0,1.4831967199175634e-13,1.0
29.16,0.0,0.0,0.0,0.0,3.4323913228921216e-18,-4.8349218822364825e-18,7.264560199346827e-16,0.0,1.4529120398693653e-13,1.0
29.17,0.0,0.0,0.0,0.0,-1.3150337051557474e-18,-1.2757903003863883e-17,7.00189932178863e-16,0.0,1.400379864357726e-13,1.0
29.18,0.0,0.0,0.0,0.0,5.55500383243911e-19,-2.3208376442495488e-18,6.412275698651865e-16,0.0,1.282455139730373e-13,1.0
29.19,0.0,0.0,0.0,0.0,8.986894905035786e-19,-3.2331455792324597e-18,6.616234582878126e-16,0.0,1.3232469165756252e-13,1.0
29.2,0.0,0.0,0.0,0.0,-1.0825780840307075e-18,-5.0228173041183576e-18,7.052620590964185e-16,0.0,1.410524118192837e-13,1.0
29.21,0.0,0.0,0.0,0.0,2.9194589703456127e-19,-6.2467184496372804e-18,7.384136914960449e-16,0.0,1.4768273829920897e-13,1.0
29.22,0.0,0.0,0.0,0.0,1.1189551904132862e-17,-2.0771331215532085e-17,7.418932218543175e-16,0.0,1.483786443708635e-13,1.0
29.23,0.0,0.0,0.0,0.0,1.0637113400826631e-17,-1.3792338071356957e-17,6.919257354388849e-16,0.0,1.3838514708777697e-13,1.0
29.240000000000002,0.0,0.0,0.0,0.0,1.1430354221462296e-17,-1.0622596897935262e-17,6.354576766876466e-16,0.0,1.2709153533752932e-13,1.0
29.25,0.0,0.0,0.0,0.0,1.079308797603931e-17,-9.690841941704152e-18,6.0524067750458025e-16,0.0,1.2104813550091604e-13,1.0
29.26,0.0,0.0,0.0,0.0,1.1266227098014536e-17,-5.781515401915299e-18,6.201407838772362e-16,0.0,1.2402815677544722e-13,1.0
29.27,0.0,0.0,0.0,0.0,1.2098148337149726e-17,-7.928050673687356e-18,6.542708650769959e-16,0.0,1.308541730153992e-13,1.0
29.28,0.0,0.0,0.0,0.0,1.2281413212398135e-17,-9.58945300544361e-18,6.813895088380135e-16,0.0,1.362779017676027e-13,1.0
29.29,0.0,0.0,0.0,0.0,1.09258211280605e-17,-1.4092404201146692e-17,6.455234229249462e-16,0.0,1.2910468458498925e-13,1.0
29.3,0.0,0.0,0.0,0.0,1.0193919247233843e-17,-1.2669932045339154e-17,6.098201851597801e-16,0.0,1.2196403703195603e-13,1.0
29.310000000000002,0.0,0.0,0.0,0.0,8.898556569447882e-18,-1.0406786471165324e-17,5.349077252821453e-16,0.0,1.0698154505642907e-13,1.0
29.32,0.0,0.0,0.0,0.0,9.782095710540858e-18,-9.260789109916705e-18,5.144775639597422e-16,0.0,1.0289551279194844e-13,1.0
29.330000000000002,0.0,0.0,0.0,0.0,1.672007518365038e-17,5.926121950770345e-18,5.334921539892115e-16,0.0,1.066984307978423e-13,1.0
29.34,0.0,0.0,0.0,0.0,1.4605955280633094e-17,-4.4924289165962816e-18,5.912229776734148e-16,0.0,1.1824459553468295e-13,1.0
29.35,0.0,0.0,0.0,0.0,2.8269482439771064e-17,-3.7397645703400494e-18,7.413073972695513e-16,0.0,1.4826147945391027e-13,1.0
29.36,0.0,0.0,0.0,0.0,2.7673296536789624e-17,-5.51793395506941e-18,7.606005439338455e-16,0.0,1.521201087867691e-13,1.0
29.37,0.0,0.0,0.0,0.0,4.2613755576087326e-17,-3.665544514989549e-17,7.356163207387683e-16,0.0,1.4712326414775365e-13,1.0
29.38,0.0,0.0,0.0,0.0,3.1940505941554415e-17,-2.3023089248548913e-17,6.735110715397087e-16,0.0,1.3470221430794173e-13,1.0
29.39,0.0,0.0,0.0,0.0,2.665872284142559e-17,-2.152048658395415e-17,5.712476867194854e-16,0.0,1.1424953734389708e-13,1.0
29.400000000000002,0.0,0.0,0.0,0.0,1.0793207918731412e-17,-1.8847791690681652e-17,5.122579029513187e-16,0.0,1.0245158059026373e-13,1.0
29.41,0.0,0.0,0.0,0.0,1.1618827062814488e-17,-1.5859676480906687e-17,4.3994758626870835e-16,0.0,8.798951725374167e-14,1.0
29.42,0.0,0.0,0.0,0.0,1.3588185678019341e-17,-1.4201669940726874e-17,4.0809742622108034e-16,0.0,8.161948524421607e-14,1.0
29.43,0.0,0.0,0.0,0.0,1.5449516648890664e-17,-1.2216813401036244e-17,3.58763638513239e-16,0.0,7.17527277026478e-14,1.0
29.44,0.0,0.0,0.0,0.0,1.7320377646420938e-17,-1.3353588323786086e-17,3.621314338133114e-16,0.0,7.242628676266228e-14,1.0
29.45,0.0,0.0,0.0,0.0,2.031658539588809e-17,-3.116441165324203e-18,4.37989732001069e-16,0.0,8.759794640021379e-14,1.0
29.46,0.0,0.0,0.0,0.0,1.7403896416651634e-17,-6.253734422343226e-18,4.853127288064469e-16,0.0,9.706254576128939e-14,1.0
29.47,0.0,0.0,0.0,0.0,2.0912638023987812e-17,-2.0357172667453292e-17,4.3291077270988687e-16,0.0,8.658215454197737e-14,1.0
29.48,0.0,0.0,0.0,0.0,3.4178362457176353e-17,-2.970842576649495e-17,4.1763074358953924e-16,0.0,8.352614871790785e-14,1.0
29.490000000000002,0.0,0.0,0.0,0.0,3.371673142635171e-17,-1.924032941476277e-17,4.0396336581928806e-16,0.0,8.079267316385761e-14,1.0
29.5,0.0,0.0,0.0,0.0,2.6101724487770984e-17,-1.7747683019205987e-17,3.1106290623154893e-16,0.0,6.221258124630978e-14,1.0
29.51,0.0,0.0,0.0,0.0,1.7612795507971677e-17,-1.6535282125812872e-17,1.98079918970637e-16,0.0,3.96159837941274e-14,1.0
29.52,0.0,0.0,0.0,0.0,9.971593530707327e-18,-1.62097676136364e-17,1.1196912362054567e-16,0.0,2.239382472410913e-14,1.0
29.53,0.0,0.0,0.0,0.0,9.688963606706028e-18,-1.6194096465033634e-17,6.149660472618216e-17,0.0,1.2299320945236431e-14,1.0
29.54,0.0,0.0,0.0,0.0,1.6797429059942233e-18,-1.514569224799796e-17,1.7293474820427238e-17,0.0,3.4586949640854476e-15,1.0
29.55,0.0,0.0,0.0,0.0,5.4751863364324334e-18,-1.7404603979772126e-17,2.601598796247501e-17,0.0,5.203197592495002e-15,1.0
29.560000000000002,0.0,0.0,0.0,0.0,1.2142192182460373e-17,-1.2265771635331639e-17,1.8320738259526626e-17,0.0,3.664147651905325e-15,1.0
29.57,0.0,0.0,0.0,0.0,1.666906093008188e-17,-1.4274113509507477e-17,1.3686617866446378e-16,0.0,2.7373235732892757e-14,1.0
29.580000000000002,0.0,0.0,0.0,0.0,1.4475029931922695e-17,-1.4526557990804812e-17,2.0618769853181816e-16,0.0,4.123753970636363e-14,1.0
29.59,0.0,0.0,0.0,0.0,1.21672718623863e-17,-6.5221851763464e-18,2.862050362485241e-16,0.0,5.724100724970482e-14,1.0
29.6,0.0,0.0,0.0,0.0,3.553434016095194e-18,-1.1813015292162818e-17,4.471334895423475e-16,0.0,8.94266979084695e-14,1.0
29.61,0.0,0.0,0.0,0.0,5.7499834196936215e-18,-1.1096522877726611e-17,4.640869138841375e-16,0.0,9.28173827768275e-14,1.0
29.62,0.0,0.0,0.0,0.0,-5.460998549869318e-18,-4.034006752295542e-18,5.166899388117003e-16,0.0,1.0333798776234005e-13,1.0
29.63,0.0,0.0,0.0,0.0,-5.731877394488788e-18,2.2768380075861063e-18,5.266652762304479e-16,0.0,1.0533305524608958e-13,1.0
29.64,0.0,0.0,0.0,0.0,-7.165735962792543e-19,3.933892292472767e-19,4.64428964860635e-16,0.0,9.2885792972127e-14,1.0
29.650000000000002,0.0,0.0,0.0,0.0,1.3944221240022182e-17,4.056631490928013e-18,5.052620289083938e-16,0.0,1.0105240578167876e-13,1.0
29.66,0.0,0.0,0.0,0.0,1.5562888383815166e-17,-1.1912412938946463e-17,5.793700223498436e-16,0.0,1.1587400446996872e-13,1.0
29.67,0.0,0.0,0.0,0.0,7.827229034680295e-18,1.1098793175408537e-18,6.060634874523177e-16,0.0,1.2121269749046354e-13,1.0
29.68,0.0,0.0,0.0,0.0,6.052177940338454e-18,7.59224035150591e-19,6.563330676971934e-16,0.0,1.312666135394387e-13,1.0
29.69,0.0,0.0,0.0,0.0,-2.8079193925379247e-18,-7.673440283585718e-18,6.910718105327564e-16,0.0,1.3821436210655129e-13,1.0
29.7,0.0,0.0,0.0,0.0,2.202486304149883e-19,2.3311594404125126e-18,6.713512181629159e-16,0.0,1.3427024363258317e-13,1.0
29.71,0.0,0.0,0.0,0.0,-4.779091376541587e-18,3.975131212540475e-18,6.445542697287769e-16,0.0,1.289108539457554e-13,1.0
29.72,0.0,0.0,0.0,0.0,1.2434131968885197e-17,-7.213834663516401e-18,6.848806846504335e-16,0.0,1.369761369300867e-13,1.0
29.73,0.0,0.0,0.0,0.0,-2.4169618030261632e-18,-1.1422528402294751e-17,7.091226818056418e-16,0.0,1.4182453636112834e-13,1.0
29.740000000000002,0.0,0.0,0.0,0.0,-1.0565094480292025e-18,-1.1741147547375746e-17,6.956569402059512e-16,0.0,1.3913138804119024e-13,1.0
29.75,0.0,0.0,0.0,0.0,-3.4621415352380804e-18,3.03081070342642e-18,6.450326253334773e-16,0.0,1.2900652506669546e-13,1.0
29.76,0.0,0.0,0.0,0.0,1.432595965732943e-18,-9.55464031565917e-18,6.867742943478272e-16,0.0,1.3735485886956545e-13,1.0
29.77,0.0,0.0,0.0,0.0,2.797616856089556e-18,-8.806062721398135e-18,6.602143223587287e-16,0.0,1.3204286447174574e-13,1.0
29.78,0.0,0.0,0.0,0.0,3.437596467925203e-18,-1.231953362083597e-18,6.049394426778472e-16,0.0,1.2098788853556946e-13,1.0
29.79,0.0,0.0,0.0,0.0,1.642894695338574e-17,-7.32120365023349e-18,6.007663944462872e-16,0.0,1.2015327888925745e-13,1.0
29.8,0.0,0.0,0.0,0.0,8.39906686055017e-18,-1.3328621432366923e-18,6.678199455780837e-16,0.0,1.3356398911561674e-13,1.0
29.810000000000002,0.0,0.0,0.0,0.0,-1.147072580949183e-18,-1.0949824042702684e-17,6.416808419853188e-16,0.0,1.2833616839706375e-13,1.0
29.82,0.0,0.0,0.0,0.0,1.0468632362423656e-18,-1.3367563002565501e-18,5.918339539100961e-16,0.0,1.1836679078201924e-13,1.0
29.830000000000002,0.0,0.0,0.0,0.0,3.0744852891860006e-18,-2.7023106931982612e-18,5.229433074540597e-16,0.0,1.0458866149081193e-13,1.0
29.84,0.0,0.0,0.0,0.0,2.79232549068879e-18,-3.1761131215912773e-18,5.076364993909335e-16,0.0,1.0152729987818669e-13,1.0
29.85,0.0,0.0,0.0,0.0,2.0849660122844078e-17,-2.1650800536095908e-17,5.246138300214385e-16,0.0,1.0492276600428771e-13,1.0
29.86,0.0,0.0,0.0,0.0,2.575661019879757e-18,-8.688282738286131e-18,5.335707939015392e-16,0.0,1.0671415878030783e-13,1.0
29.87,0.0,0.0,0.0,0.0,1.8006166294363777e-18,-7.899523480799901e-18,5.391223795138082e-16,0.0,1.0782447590276164e-13,1.0
29.88,0.0,0.0,0.0,0.0,1.1403245515028496e-17,2.6575133176896895e-18,5.481999823757594e-16,0.0,1.0963999647515186e-13,1.0
29.89,0.0,0.0,0.0,0.0,2.99010251993389e-18,2.6290998973196233e-18,5.220083455243576e-16,0.0,1.0440166910487152e-13,1.0
29.900000000000002,0.0,0.0,0.0,0.0,2.550527176720564e-18,9.246774747963453e-19,4.941356716261053e-16,0.0,9.882713432522105e-14,1.0
29.91,0.0,0.0,0.0,0.0,1.0050448105702326e-17,9.585603112775569e-19,5.364105244063455e-16,0.0,1.0728210488126909e-13,1.0
29.92,0.0,0.0,0.0,0.0,8.125952713173194e-18,5.216411470616339e-19,5.517877046871514e-16,0.0,1.1035754093743028e-13,1.0
29.93,0.0,0.0,0.0,0.0,-3.0012782558358233e-18,2.294065502932948e-19,5.653528374414685e-16,0.0,1.1307056748829369e-13,1.0
29.94,0.0,0.0,0.0,0.0,-2.8300714285699756e-18,-8.301724189672097e-19,5.549318135932235e-16,0.0,1.1098636271864469e-13,1.0
29.95,0.0,0.0,0.0,0.0,-7.927465443973944e-19,-2.055411236404294e-18,5.093359141781041e-16,0.0,1.0186718283562082e-13,1.0
29.96,0.0,0.0,0.0,0.0,1.7185802453200646e-18,-3.915523871158247e-18,4.2288950710017625e-16,0.0,8.457790142003525e-14,1.0
29.97,0.0,0.0,0.0,0.0,3.901267480756285e-18,-5.326349976408993e-18,3.479704685058744e-16,0.0,6.959409370117487e-14,1.0
29.98,0.0,0.0,0.0,0.0,5.628457914397779e-18,-6.4512641311974805e-18,2.497929157200729e-16,0.0,4.995858314401458e-14,1.0
29.990000000000002,0.0,0.0,0.0,0.0,3.489529958735758e-18,-4.2253144973468366e-18,2.6851423364389996e-16,0.0,5.370284672877999e-14,1.0
30.0,0.0,0.0,0.0,0.0,1.609095107177746e-17,-1.7043188840348724e-17,2.954553006657844e-16,0.0,5.909106013315687e-14,1.0
30.01,0.0,0.0,0.0,0.0,2.156244423180763e-18,-3.181789771048648e-18,2.2974867472579346e-16,0.0,4.594973494515869e-14,1.0
30.02,0.0,0.0,0.0,0.0,2.847280905004976e-18,-4.102980909897911e-18,1.584901811695487e-16,0.0,3.1698036233909735e-14,1.0
30.03,0.0,0.0,0.0,0.0,4.699053265227665e-18,-1.382012344413083e-17,8.065184005509852e-17,0.0,1.6130368011019705e-14,1.0
30.04,0.0,0.0,0.0,0.0,1.648873989647081e-17,-1.6962195921263127e-17,1.253090343844837e-16,0.0,2.506180687689674e-14,1.0
30.05,0.0,0.0,0.0,0.0,1.2240735656737193e-17,-1.4275442357255553e-17,2.255626756058594e-16,0.0,4.5112535121171876e-14,1.0
30.060000000000002,0.0,0.0,0.0,0.0,1.0636521491512995e-17,-1.3092573904982794e-17,2.461494994759651e-16,0.0,4.9229899895193014e-14,1.0
30.07,0.0,0.0,0.0,0.0,-1.0009066086513964e-17,5.466986703281064e-18,2.7790501412107423e-16,0.0,5.5581002824214847e-14,1.0
30.080000000000002,0.0,0.0,0.0,0.0,-5.415803658964162e-18,5.415150483500293e-19,3.0958458162273013e-16,0.0,6.191691632454602e-14,1.0
30.09,0.0,0.0,0.0,0.0,-1.9847590703551388e-18,-1.0069712390321082e-17,2.381573882849507e-16,0.0,4.763147765699014e-14,1.0
30.1,0.0,0.0,0.0,0.0,-6.656277944453354e-18,-1.6596805616741605e-18,1.2866993266661944e-16,0.0,2.573398653332389e-14,1.0
30.11,0.0,0.0,0.0,0.0,1.2566592869288396e-17,-1.7280725137959036e-17,2.1154066948776876e-17,0.0,4.230813389755375e-15,1.0
30.12,0.0,0.0,0.0,0.0,7.923843980294428e-18,-1.1259804536063082e-17,9.929946549478936e-18,0.0,1.985989309895787e-15,1.0
30.13,0.0,0.0,0.0,0.0,1.6966233043098188e-17,-1.4234259735491416e-17,1.012754619172156e-16,0.0,2.025509238344312e-14,1.0
30.14,0.0,0.0,0.0,0.0,1.449969557690135e-17,-1.565605063210722e-17,1.0172657367500513e-16,0.0,2.0345314735001027e-14,1.0
30.150000000000002,0.0,0.0,0.0,0.0,-5.483467083982138e-18,2.6947022856850772e-18,1.107452107074777e-16,0.0,2.214904214149554e-14,1.0
30.16,0.0,0.0,0.0,0.0,1.2920335268414703e-18,-1.1306667006310637e-17,5.971554123476854e-17,0.0,1.1943108246953708e-14,1.0
30.17,0.0,0.0,0.0,0.0,3.1103325582819903e-18,-1.0031581526116601e-17,4.5831452970141594e-17,0.0,9.166290594028319e-15,1.0
30.18,0.0,0.0,0.0,0.0,2.978456212231922e-18,-7.59199038558706e-18,3.606773790266762e-17,0.0,7.213547580533524e-15,1.0
30.19,0.0,0.0,0.0,0.0,1.4004905113792385e-17,-1.0697748581632439e-17,7.786986595599446e-17,0.0,1.557397319119889e-14,1.0
30.2,0.0,0.0,0.0,0.0,8.728192244726926e-18,2.6448795389012947e-18,4.735469840440286e-17,0.0,9.470939680880572e-15,1.0
30.21,0.0,0.0,0.0,0.0,-2.9357726653294965e-19,1.3869606714891302e-18,2.7634667071406252e-17,0.0,5.52693341428125e-15,1.0
30.22,0.0,0.0,0.0,0.0,3.963261051360902e-21,1.8464649233977744e-19,1.1902616299476116e-17,0.0,2.380523259895223e-15,1.0
30.23,0.0,0.0,0.0,0.0,2.3815526208420963e-18,-1.1473976485217685e-18,7.147042843677108e-17,0.0,1.4294085687354217e-14,1.0
30.240000000000002,0.0,0.0,0.0,0.0,2.13483651063263e-18,-2.6652265585426023e-18,8.677525842188251e-17,0.0,1.7355051684376502e-14,1.0
30.25,0.0,0.0,0.0,0.0,1.6149734278040215e-17,-5.971296518946917e-18,7.552357946987174e-17,0.0,1.510471589397435e-14,1.0
30.26,0.0,0.0,0.0,0.0,-2.8836959329824577e-18,-2.285877929085647e-17,1.0286638102155492e-16,0.0,2.0573276204310984e-14,1.0
30.27,0.0,0.0,0.0,0.0,3.7497333858604305e-18,-1.895730190335344e-17,1.6852091199738845e-16,0.0,3.370418239947769e-14,1.0
30.28,0.0,0.0,0.0,0.0,2.523203660719863e-17,3.0652509339094173e-18,1.3079487596846167e-16,0.0,2.6158975193692332e-14,1.0
30.29,0.0,0.0,0.0,0.0,2.3370322589242428e-17,2.856773674778592e-18,9.967821272190291e-17,0.0,1.9935642544380583e-14,1.0
30.3,0.0,0.0,0.0,0.0,3.2633582112598913e-18,-1.446136817649264e-17,7.911754031906133e-17,0.0,1.5823508063812267e-14,1.0
30.310000000000002,0.0,0.0,0.0,0.0,-1.9220527522015412e-18,-1.7743276205088236e-17,7.258047080205081e-17,0.0,1.451609416041016e-14,1.0
30.32,0.0,0.0,0.0,0.0,5.002531633144458e-19,2.132284215476e-18,1.2509250178592426e-16,0.0,2.501850035718485e-14,1.0
30.330000000000002,0.0,0.0,0.0,0.0,2.3086802604379505e-18,1.511832036924405e-18,1.7704233045256675e-16,0.0,3.540846609051335e-14,1.0
30.34,0.0,0.0,0.0,0.0,2.5443248521737474e-17,6.085166385630802e-18,1.4621223913158694e-16,0.0,2.924244782631739e-14,1.0
30.35,0.0,0.0,0.0,0.0,8.461826894917071e-18,9.226371044874461e-19,9.177662067333749e-17,0.0,1.83553241346675e-14,1.0
30.36,0.0,0.0,0.0,0.0,2.2087622417270054e-17,3.677292826236546e-18,8.419093274446635e-17,0.0,1.683818654889327e-14,1.0
30.37,0.0,0.0,0.0,0.0,-9.232180993171462e-18,-2.7288561390074227e-18,1.600379983266693e-16,0.0,3.200759966533386e-14,1.0
30.38,0.0,0.0,0.0,0.0,1.8728683304935745e-18,-1.745694740747599e-18,1.775975578662395e-16,0.0,3.55195115732479e-14,1.0
30.39,0.0,0.0,0.0,0.0,9.246312500923464e-18,-1.1491004559466332e-17,1.254332476086857e-16,0.0,2.5086649521737142e-14,1.0
30.400000000000002,0.0,0.0,0.0,0.0,1.665422218715007e-17,-1.8105584230640453e-18,1.0035214182934928e-16,0.0,2.0070428365869856e-14,1.0
30.41,0.0,0.0,0.0,0.0,-3.514354781776886e-18,-1.8234640073223643e-17,3.503900361221936e-17,0.0,7.007800722443872e-15,1.0
30.42,0.0,0.0,0.0,0.0,-5.4989171289934284e-18,-1.6190990336694433e-17,5.406528177234434e-17,0.0,1.0813056354468868e-14,1.0
30.43,0.0,0.0,0.0,0.0,-2.5523695777964424e-18,1.9603433122607595e-18,2.1971929760106795e-17,0.0,4.394385952021359e-15,1.0
30.44,0.0,0.0,0.0,0.0,2.2072424637632615e-18,-2.0506363236865955e-18,1.3542179391109571e-16,0.0,2.7084358782219142e-14,1.0
30.45,0.0,0.0,0.0,0.0,4.0251540928056746e-18,-3.684732249378704e-18,1.8466676935188893e-16,0.0,3.6933353870377786e-14,1.0
30.46,0.0,0.0,0.0,0.0,1.1430839210617927e-17,-1.1862309801178306e-17,1.1996897515357526e-16,0.0,2.3993795030715052e-14,1.0
30.47,0.0,0.0,0.0,0.0,1.2019559328869944e-17,-8.033578893721163e-18,1.1838170861102083e-16,0.0,2.3676341722204165e-14,1.0
30.48,0.0,0.0,0.0,0.0,1.1550610158641325e-18,-1.733348710968843e-17,1.162567220661403e-16,0.0,2.3251344413228058e-14,1.0
30.490000000000002,0.0,0.0,0.0,0.0,2.9406776408920955e-17,1.0504082258112272e-17,1.1364523888297434e-16,0.0,2.272904777659487e-14,1.0
30.5,0.0,0.0,0.0,0.0,2.1163122332691032e-18,-2.0210665254433836e-18,2.0151619670742752e-16,0.0,4.0303239341485504e-14,1.0
30.51,0.0,0.0,0.0,0.0,4.390970936011328e-18,-4.0645795486500735e-18,2.911084100832097e-16,0.0,5.822168201664194e-14,1.0
30.52,0.0,0.0,0.0,0.0,1.439183753656669e-17,-1.67127145272087e-17,3.7600843324764697e-16,0.0,7.52016866495294e-14,1.0
30.53,0.0,0.0,0.0,0.0,1.4127903084209648e-17,-1.8761819835250752e-17,4.579962857434829e-16,0.0,9.159925714869658e-14,1.0
30.54,0.0,0.0,0.0,0.0,1.27819182610405e-17,-1.780832889121375e-17,4.861495516094481e-16,0.0,9.722991032188963e-14,1.0
30.55,0.0,0.0,0.0,0.0,1.3069231928394322e-17,-3.4337937218884846e-17,5.04037656325325e-16,0.0,1.00807531265065e-13,1.0
30.560000000000002,0.0,0.0,0.0,0.0,1.1924668778289149e-17,-3.217165896967304e-17,5.07214397153491e-16,0.0,1.014428794306982e-13,1.0
30.57,0.0,0.0,0.0,0.0,1.134977934000512e-17,-3.2345804873769635e-17,5.643255755731522e-16,0.0,1.1286511511463043e-13,1.0
30.580000000000002,0.0,0.0,0.0,0.0,1.2288908850647101e-17,-3.382800965357386e-17,6.526780276042425e-16,0.0,1.305356055208485e-13,1.0
30.59,0.0,0.0,0.0,0.0,1.3168179714930356e-17,-3.1622551709989403e-17,6.625286254362497e-16,0.0,1.3250572508724995e-13,1.0
30.6,0.0,0.0,0.0,0.0,2.2365915549959498e-17,-1.9032144546653104e-17,6.429913602628737e-16,0.0,1.2859827205257472e-13,1.0
30.61,0.0,0.0,0.0,0.0,2.2139382519461024e-17,-1.651833164061904e-17,6.362905088821552e-16,0.0,1.2725810177643104e-13,1.0
30.62,0.0,0.0,0.0,0.0,2.2432608631939955e-17,-1.4432179772409256e-17,6.410316476957381e-16,0.0,1.2820632953914762e-13,1.0
30.63,0.0,0.0,0.0,0.0,2.1612861145518055e-17,-1.3696020922071718e-17,6.151909504257689e-16,0.0,1.2303819008515377e-13,1.0
30.64,0.0,0.0,0.0,0.0,1.9118280163659914e-17,-1.2959542028114877e-17,5.556158952769696e-16,0.0,1.1112317905539393e-13,1.0
30.650000000000002,0.0,0.0,0.0,0.0,1.1872945478489807e-17,1.617519586764126e-18,4.9603754717999445e-16,0.0,9.920750943599889e-14,1.0
30.66,0.0,0.0,0.0,0.0,1.46317516789912e-17,-2.2074589016712322e-18,4.3287576513651457e-16,0.0,8.657515302730291e-14,1.0
30.67,0.0,0.0,0.0,0.0,1.309883241411422e-17,-2.8641055970272455e-18,3.640326977993345e-16,0.0,7.28065395598669e-14,1.0
30.68,0.0,0.0,0.0,0.0,1.077869094768268e-17,-5.470427553854766e-18,2.754172526029922e-16,0.0,5.508345052059844e-14,1.0
30.69,0.0,0.0,0.0,0.0,1.6666323660157212e-18,-1.2744334960300483e-17,1.6745009470862813e-16,0.0,3.349001894172563e-14,1.0
30.7,0.0,0.0,0.0,0.0,3.03720237911133e-18,-1.3173731932827231e-17,1.3374596614943696e-16,0.0,2.6749193229887393e-14,1.0
30.71,0.0,0.0,0.0,0.0,-1.0788278882206537e-17,-7.979030108313989e-18,9.945557124027622e-17,0.0,1.9891114248055244e-14,1.0
30.72,0.0,0.0,0.0,0.0,-1.1110998178805565e-17,-7.482956834460307e-18,1.4811705386167785e-16,0.0,2.962341077233557e-14,1.0
30.73,0.0,0.0,0.0,0.0,-1.110695290242059e-17,-6.904987821818822e-18,2.279406422306301e-16,0.0,4.5588128446126017e-14,1.0
30.740000000000002,0.0,0.0,0.0,0.0,-7.568975814658443e-18,-7.07945040752228e-18,2.277813198456749e-16,0.0,4.555626396913497e-14,1.0
30.75,0.0,0.0,0.0,0.0,-1.815700121400815e-17,-1.2401486944450229e-17,2.1623801781524105e-16,0.0,4.324760356304821e-14,1.0
30.76,0.0,0.0,0.0,0.0,-2.355825380685505e-18,-7.763020212576405e-18,2.593940978274701e-16,0.0,5.187881956549401e-14,1.0
30.77,0.0,0.0,0.0,0.0,-3.8145175423789474e-18,-8.136973219009677e-18,3.5245507977931474e-16,0.0,7.049101595586295e-14,1.0
30.78,0.0,0.0,0.0,0.0,-1.1609034309840082e-18,-6.747310812179525e-18,3.2744020288271825e-16,0.0,6.548804057654364e-14,1.0
30.79,0.0,0.0,0.0,0.0,-1.3536162393125465e-17,-1.3420133086186899e-17,2.9388847225603895e-16,0.0,5.877769445120779e-14,1.0
30.8,0.0,0.0,0.0,0.0,3.0644994030467206e-18,4.312318837645982e-19,2.707421651279023e-16,0.0,5.414843302558046e-14,1.0
30.810000000000002,0.0,0.0,0.0,0.0,3.951047290731996e-18,-7.993304576589165e-18,2.6266784434224337e-16,0.0,5.253356886844867e-14,1.0
30.82,0.0,0.0,0.0,0.0,4.8921654712807075e-18,-5.409711002575229e-18,2.8520166270864284e-16,0.0,5.704033254172856e-14,1.0
30.830000000000002,0.0,0.0,0.0,0.0,4.104484241378065e-18,3.818998128497904e-18,2.879769943809124e-16,0.0,5.759539887618248e-14,1.0
30.84,0.0,0.0,0.0,0.0,3.883942783210055e-18,2.0114368277424403e-18,2.6075741840669e-16,0.0,5.2151483681338e-14,1.0
30.85,0.0,0.0,0.0,0.0,4.106361406539559e-18,-6.390055504398799e-19,2.0604132533843555e-16,0.0,4.120826506768711e-14,1.0
30.86,0.0,0.0,0.0,0.0,7.301409618875354e-18,-4.840113427812892e-18,5.79418310307264e-17,0.0,1.158836620614528e-14,1.0
30.87,0.0,0.0,0.0,0.0,9.992435534205857e-18,-6.5399390615053366e-18,8.993697277186801e-17,0.0,1.79873945543736e-14,1.0
30.88,0.0,0.0,0.0,0.0,2.0248644104538903e-17,-1.7377844597587013e-17,1.7567031648904995e-16,0.0,3.513406329780999e-14,1.0
30.89,0.0,0.0,0.0,0.0,1.772270174635216e-17,-1.5451828276565323e-17,1.7410868026505063e-16,0.0,3.482173605301013e-14,1.0
30.900000000000002,0.0,0.0,0.0,0.0,3.118633577555467e-17,-1.2174180624304634e-17,8.571488639722553e-17,0.0,1.7142977279445106e-14,1.0
30.91,0.0,0.0,0.0,0.0,3.000412617938155e-17,-9.546323107048748e-18,1.3265688811193342e-16,0.0,2.6531377622386683e-14,1.0
30.92,0.0,0.0,0.0,0.0,9.140089922831209e-18,-8.526137372568185e-18,1.1563400484982012e-16,0.0,2.3126800969964023e-14,1.0
30.93,0.0,0.0,0.0,0.0,7.839925467965098e-18,-6.79682826090869e-18,1.1609099334546483e-16,0.0,2.3218198669092966e-14,1.0
30.94,0.0,0.0,0.0,0.0,8.122149108700976e-18,-5.007793234006449e-18,1.732908362123526e-16,0.0,3.465816724247052e-14,1.0
30.95,0.0,0.0,0.0,0.0,6.7982410617538264e-18,-6.212111389592782e-18,1.2708472302061773e-16,0.0,2.5416944604123545e-14,1.0
30.96,0.0,0.0,0.0,0.0,1.484909265811452e-17,2.3995471052475444e-18,1.0948748498752685e-16,0.0,2.189749699750537e-14,1.0
30.970000000000002,0.0,0.0,0.0,0.0,5.3601576342351225e-18,-8.452930944778845e-18,1.0614999774933928e-16,0.0,2.1229999549867856e-14,1.0
30.98,0.0,0.0,0.0,0.0,7.159140995800025e-18,-9.721584061166297e-18,9.493745724332132e-17,0.0,1.8987491448664265e-14,1.0
30.990000000000002,0.0,0.0,0.0,0.0,8.348284596274973e-18,-1.0133808537388607e-17,9.642089305890943e-17,0.0,1.9284178611781886e-14,1.0
31.0,0.0,0.0,0.0,0.0,1.0130460308579151e-17,-1.0702787111303846e-17,9.992166996561278e-17,0.0,1.9984333993122556e-14,1.0
31.01,0.0,0.0,0.0,0.0,9.646701679123188e-18,-1.2838871368367999e-17,3.8622332484475025e-17,0.0,7.724466496895005e-15,1.0
31.02,0.0,0.0,0.0,0.0,6.253154924839167e-18,-1.564123113840537e-17,9.712070455929027e-17,0.0,1.9424140911858053e-14,1.0
31.03,0.0,0.0,0.0,0.0,2.486821949660015e-18,-1.4053985926696897e-17,1.759250730022697e-16,0.0,3.5185014600453937e-14,1.0
31.04,0.0,0.0,0.0,0.0,-7.844715299942319e-18,-2.0033599423456787e-17,2.1252126915291696e-16,0.0,4.250425383058339e-14,1.0
31.05,0.0,0.0,0.0,0.0,-8.650648356830054e-18,-1.748281621011419e-17,2.9592151938650456e-16,0.0,5.91843038773009e-14,1.0
31.060000000000002,0.0,0.0,0.0,0.0,-7.207910283930454e-18,-1.7372613076975307e-17,3.1469908813125175e-16,0.0,6.293981762625035e-14,1.0
31.07,0.0,0.0,0.0,0.0,-1.899439214815665e-17,-4.119951611781226e-18,2.9862011172507155e-16,0.0,5.97240223450143e-14,1.0
31.080000000000002,0.0,0.0,0.0,0.0,-9.033084531866983e-18,-1.0080360042095817e-17,2.4538738889144227e-16,0.0,4.9077477778288456e-14,1.0
31.09,0.0,0.0,0.0,0.0,-7.614230862911662e-18,-1.0024858458361824e-17,2.2953241343006066e-16,0.0,4.590648268601213e-14,1.0
31.1,0.0,0.0,0.0,0.0,2.2273849219218323e-18,-1.9663376426274745e-17,2.3254393258030886e-16,0.0,4.650878651606177e-14,1.0
31.11,0.0,0.0,0.0,0.0,4.16088581050874e-18,-2.020600254250393e-17,1.6923229500486221e-16,0.0,3.384645900097244e-14,1.0
31.12,0.0,0.0,0.0,0.0,6.3875889118657886e-18,-1.997283449071826e-17,9.563653790414232e-17,0.0,1.9127307580828463e-14,1.0
31.13,0.0,0.0,0.0,0.0,7.777246745616904e-18,-1.91035715385773e-17,3.1038979287307375e-17,0.0,6.207795857461475e-15,1.0
31.14,0.0,0.0,0.0,0.0,7.278228478293513e-18,-1.9890939379856772e-17,3.393647229662672e-17,0.0,6.787294459325344e-15,1.0
31.150000000000002,0.0,0.0,0.0,0.0,1.580630590596294e-17,-9.781589739627965e-18,2.8980316766606995e-17,0.0,5.7960633533213986e-15,1.0
31.16,0.0,0.0,0.0,0.0,1.35214667387719e-17,-9.569854138469196e-18,2.2685237066748978e-17,0.0,4.5370474133497956e-15,1.0
31.17,0.0,0.0,0.0,0.0,1.2493389069952932e-17,-8.610846267393152e-18,4.230235816094046e-17,0.0,8.460471632188092e-15,1.0
31.18,0.0,0.0,0.0,0.0,1.2809290435811085e-17,-7.072439612710854e-18,1.0297236732354547e-16,0.0,2.0594473464709092e-14,1.0
31.19,0.0,0.0,0.0,0.0,1.3644138253514183e-17,-8.104390465248587e-18,1.449795997523903e-16,0.0,2.899591995047806e-14,1.0
31.2,0.0,0.0,0.0,0.0,1.328261733677439e-17,-1.0710290420172803e-17,1.6131694981373876e-16,0.0,3.226338996274775e-14,1.0
31.21,0.0,0.0,0.0,0.0,1.2740023410734082e-17,-1.0897426476069797e-17,1.816018937707816e-16,0.0,3.632037875415632e-14,1.0
31.220000000000002,0.0,0.0,0.0,0.0,1.2416408537449689e-17,-9.15169045763794e-18,2.093251346989085e-16,0.0,4.18650269397817e-14,1.0
31.23,0.0,0.0,0.0,0.0,1.2718955414021379e-17,-7.850466168523497e-18,2.5508256407448144e-16,0.0,5.101651281489629e-14,1.0
31.240000000000002,0.0,0.0,0.0,0.0,1.1669709734733528e-17,-8.550989641727895e-18,2.481377865940292e-16,0.0,4.9627557318805845e-14,1.0
31.25,0.0,0.0,0.0,0.0,2.788981413511008e-17,-1.0455280234417975e-17,1.8833636006813642e-16,0.0,3.766727201362728e-14,1.0
31.26,0.0,0.0,0.0,0.0,7.94472575978274e-18,-1.1991014521637261e-17,2.043118276732364e-16,0.0,4.086236553464728e-14,1.0
31.27,0.0,0.0,0.0,0.0,8.412038379299864e-18,-1.3643492744023918e-17,2.283689013812774e-16,0.0,4.5673780276255476e-14,1.0
31.28,0.0,0.0,0.0,0.0,8.675376428301985e-18,-1.078532052916225e-17,2.078692840884001e-16,0.0,4.157385681768002e-14,1.0
31.29,0.0,0.0,0.0,0.0,9.935215706737647e-18,-2.8114518806683245e-17,2.300466526726266e-16,0.0,4.600933053452532e-14,1.0
31.3,0.0,0.0,0.0,0.0,1.158565229843446e-17,-6.8216945661106654e-18,2.879028411502183e-16,0.0,5.758056823004366e-14,1.0
31.310000000000002,0.0,0.0,0.0,0.0,1.0112802558678317e-17,-7.306157984358328e-18,2.5173643573209953e-16,0.0,5.03472871464199e-14,1.0
31.32,0.0,0.0,0.0,0.0,3.031293728955939e-17,-4.545049281305904e-18,1.432699327032674e-16,0.0,2.8653986540653475e-14,1.0
31.330000000000002,0.0,0.0,0.0,0.0,2.4299294659636323e-17,-9.372512224066041e-18,1.200466999026201e-16,0.0,2.400933998052402e-14,1.0
31.34,0.0,0.0,0.0,0.0,9.660240918041084e-19,-6.072879628980805e-18,1.25626560515345e-16,0.0,2.5125312103068998e-14,1.0
31.35,0.0,0.0,0.0,0.0,6.152546746143779e-18,-1.1740163318998374e-17,1.1008131815178388e-16,0.0,2.2016263630356776e-14,1.0
31.36,0.0,0.0,0.0,0.0,9.969725178565244e-18,-1.1121360634713592e-17,1.714589018532633e-16,0.0,3.429178037065266e-14,1.0
31.37,0.0,0.0,0.0,0.0,1.398665668955804e-17,-1.0107069025390096e-17,2.643095371152589e-16,0.0,5.286190742305178e-14,1.0
31.38,0.0,0.0,0.0,0.0,1.194875703406715e-17,-9.841710495601194e-18,2.0492053054401898e-16,0.0,4.0984106108803797e-14,1.0
31.39,0.0,0.0,0.0,0.0,2.698751515729049e-17,-9.735147992656758e-18,1.1483294539297258e-16,0.0,2.2966589078594516e-14,1.0
31.400000000000002,0.0,0.0,0.0,0.0,2.4778885386788464e-17,-7.972163126376774e-18,6.951120211632209e-17,0.0,1.3902240423264418e-14,1.0
31.41,0.0,0.0,0.0,0.0,2.125686610978452e-19,-1.0022264492731632e-18,9.035677090903978e-17,0.0,1.8071354181807954e-14,1.0
31.42,0.0,0.0,0.0,0.0,9.04714248536578e-18,-1.2280077143337763e-17,4.676544272822844e-17,0.0,9.353088545645687e-15,1.0
31.43,0.0,0.0,0.0,0.0,4.1262272915389646e-18,-8.239681530294174e-18,7.108972887621529e-17,0.0,1.4217945775243057e-14,1.0
31.44,0.0,0.0,0.0,0.0,5.755208476312578e-18,-1.0756175084883102e-17,4.819700028677954e-17,0.0,9.639400057355908e-15,1.0
31.45,0.0,0.0,0.0,0.0,7.641358563315416e-18,-1.3324615764019607e-17,7.96049413989686e-17,0.0,1.592098827979372e-14,1.0
31.46,0.0,0.0,0.0,0.0,7.974091427415337e-18,-1.2176346760756342e-17,7.798218015449201e-17,0.0,1.5596436030898403e-14,1.0
31.470000000000002,0.0,0.0,0.0,0.0,1.015074189034129e-17,-2.880491567617961e-17,2.961702040587347e-17,0.0,5.9234040811746936e-15,1.0
31.48,0.0,0.0,0.0,0.0,1.0349248693487699e-17,-8.07317120987532e-18,5.3060927891265184e-17,0.0,1.0612185578253037e-14,1.0
31.490000000000002,0.0,0.0,0.0,0.0,9.761817505250147e-18,-7.309506005747551e-18,8.205757869603297e-17,0.0,1.6411515739206593e-14,1.0
31.5,0.0,0.0,0.0,0.0,8.03893483599094e-18,-8.166605671939835e-18,1.1518760804789187e-16,0.0,2.3037521609578375e-14,1.0
31.51,0.0,0.0,0.0,0.0,6.967396340259275e-18,-9.44291129792454e-18,1.4262616673408885e-16,0.0,2.852523334681777e-14,1.0
31.52,0.0,0.0,0.0,0.0,8.964528074386395e-18,-9.815884062389352e-18,1.0215899466343354e-16,0.0,2.043179893268671e-14,1.0
31.53,0.0,0.0,0.0,0.0,-6.261076173351924e-19,-1.964155141826997e-17,1.271852915677318e-16,0.0,2.5437058313546363e-14,1.0
31.54,0.0,0.0,0.0,0.0,8.412085844348899e-18,-1.0341838368489096e-17,1.5449275923272937e-16,0.0,3.0898551846545875e-14,1.0
31.55,0.0,0.0,0.0,0.0,1.0392757782570173e-17,-1.1049399097875041e-17,1.117623178081064e-16,0.0,2.2352463561621282e-14,1.0
31.560000000000002,0.0,0.0,0.0,0.0,7.490021599191479e-19,-2.2196815593740828e-17,1.349584461638967e-16,0.0,2.699168923277934e-14,1.0
31.57,0.0,0.0,0.0,0.0,1.1020206388832482e-17,-1.2511902279230256e-17,1.2068705250313186e-16,0.0,2.4137410500626372e-14,1.0
31.580000000000002,0.0,0.0,0.0,0.0,1.0816588661573864e-17,-2.919047330577608e-17,1.0319771178340047e-16,0.0,2.0639542356680093e-14,1.0
31.59,0.0,0.0,0.0,0.0,1.1698671647170323e-17,-2.8990470326286126e-17,7.725047127849023e-17,0.0,1.5450094255698047e-14,1.0
31.6,0.0,0.0,0.0,0.0,1.0018897928602984e-17,-9.532237236074862e-18,1.1106510204186493e-16,0.0,2.2213020408372985e-14,1.0
31.61,0.0,0.0,0.0,0.0,7.763796992229235e-18,-8.968048423181793e-18,1.651639818260078e-16,0.0,3.303279636520156e-14,1.0
31.62,0.0,0.0,0.0,0.0,8.118040846781912e-18,-9.356415964311536e-18,1.5021873899606986e-16,0.0,3.004374779921397e-14,1.0
31.63,0.0,0.0,0.0,0.0,-4.043623509144894e-19,-1.8608314058046354e-17,1.2843165649912575e-16,0.0,2.5686331299825147e-14,1.0
31.64,0.0,0.0,0.0,0.0,1.073833382042538e-17,-7.894690279770087e-18,8.903273621149452e-17,0.0,1.7806547242298903e-14,1.0
31.650000000000002,0.0,0.0,0.0,0.0,1.1665464852616657e-17,-6.95583512757598e-18,9.057401432842944e-17,0.0,1.8114802865685886e-14,1.0
31.66,0.0,0.0,0.0,0.0,1.2259677224660378e-17,-7.040948658809708e-18,7.477974137257553e-17,0.0,1.4955948274515104e-14,1.0
31.67,0.0,0.0,0.0,0.0,1.2960946747656696e-17,-7.573186180587456e-18,6.241079948516946e-17,0.0,1.2482159897033891e-14,1.0
31.68,0.0,0.0,0.0,0.0,1.422622277671184e-17,-8.819035634073061e-18,5.777702353934528e-17,0.0,1.1555404707869055e-14,1.0
31.69,0.0,0.0,0.0,0.0,1.5652309823984276e-17,-1.0097728892196985e-17,1.12584778829381e-16,0.0,2.25169557658762e-14,1.0
31.7,0.0,0.0,0.0,0.0,1.1858913718048414e-17,-1.2545622724844e-17,4.6901915164034315e-17,0.0,9.380383032806862e-15,1.0
31.71,0.0,0.0,0.0,0.0,2.756316398839968e-17,-1.1819776669418303e-17,2.643131005944628e-17,0.0,5.286262011889256e-15,1.0
31.720000000000002,0.0,0.0,0.0,0.0,7.01374547092497e-18,-3.370686999344676e-17,1.1716814212813132e-16,0.0,2.3433628425626264e-14,1.0
31.73,0.0,0.0,0.0,0.0,4.791048964116954e-18,-1.3848776269826174e-17,1.4933932007626283e-16,0.0,2.9867864015252565e-14,1.0
31.740000000000002,0.0,0.0,0.0,0.0,-9.356850536047625e-20,-3.3717189920979553e-17,1.2019459796365161e-16,0.0,2.403891959273032e-14,1.0
31.75,0.0,0.0,0.0,0.0,9.034452068237918e-18,-2.5603484474339356e-17,5.528343827539977e-17,0.0,1.1056687655079954e-14,1.0
31.76,0.0,0.0,0.0,0.0,3.4352337706592164e-19,-1.2870293424126552e-17,1.3465597682541798e-16,0.0,2.6931195365083597e-14,1.0
31.77,0.0,0.0,0.0,0.0,1.0186672740618104e-17,-3.9475350278120376e-18,1.3664937858681968e-16,0.0,2.7329875717363935e-14,1.0
31.78,0.0,0.0,0.0,0.0,1.0832505267221884e-17,-6.207633388241651e-18,1.0741477319028664e-16,0.0,2.1482954638057328e-14,1.0
31.79,0.0,0.0,0.0,0.0,1.0729229801100578e-17,-8.888575969242304e-18,7.876571874557353e-17,0.0,1.5753143749114705e-14,1.0
31.8,0.0,0.0,0.0,0.0,9.078240302453412e-18,-8.577514869180482e-18,1.311265386227227e-16,0.0,2.6225307724544538e-14,1.0
31.810000000000002,0.0,0.0,0.0,0.0,5.994793413038028e-18,-5.887392282137302e-18,2.5502561627061907e-16,0.0,5.100512325412381e-14,1.0
31.82,0.0,0.0,0.0,0.0,6.89099562630794e-18,-6.052022019218685e-18,2.4557475508145457e-16,0.0,4.9114951016290915e-14,1.0
31.830000000000002,0.0,0.0,0.0,0.0,1.4869312809685992e-18,1.1590433188039548e-18,1.7083196980279224e-16,0.0,3.4166393960558444e-14,1.0
31.84,0.0,0.0,0.0,0.0,1.4101030121426238e-17,-1.0590381362935699e-17,1.489010095974285e-16,0.0,2.97802019194857e-14,1.0
31.85,0.0,0.0,0.0,0.0,1.418808722401088e-17,-1.042005068779586e-17,1.7486745247318867e-16,0.0,3.4973490494637735e-14,1.0
31.86,0.0,0.0,0.0,0.0,1.2740453742099453e-17,-8.419649293532191e-18,2.1996485314192988e-16,0.0,4.399297062838598e-14,1.0
31.87,0.0,0.0,0.0,0.0,1.0614508415051052e-17,-8.996249758900229e-18,2.005391375768351e-16,0.0,4.010782751536702e-14,1.0
31.88,0.0,0.0,0.0,0.0,1.8192867099108818e-17,-1.0249573825069575e-18,1.6381658881662612e-16,0.0,3.2763317763325225e-14,1.0
31.89,0.0,0.0,0.0,0.0,7.691976521241713e-18,-1.2000319372259612e-17,1.3899866050453996e-16,0.0,2.779973210090799e-14,1.0
31.900000000000002,0.0,0.0,0.0,0.0,7.209678315985076e-18,-1.117362406676893e-17,1.6213050860898893e-16,0.0,3.2426101721797784e-14,1.0
31.91,0.0,0.0,0.0,0.0,7.457940626156569e-18,-9.589869774039024e-18,1.9591962218359226e-16,0.0,3.918392443671845e-14,1.0
31.92,0.0,0.0,0.0,0.0,9.471136999702559e-18,-7.831101180231673e-18,2.247053048229582e-16,0.0,4.494106096459164e-14,1.0
31.93,0.0,0.0,0.0,0.0,1.0953733877152057e-17,-8.188260561201969e-18,2.1512484942689948e-16,0.0,4.3024969885379896e-14,1.0
31.94,0.0,0.0,0.0,0.0,2.5002554752914548e-17,2.8135658591358582e-18,1.2345380526020475e-16,0.0,2.469076105204095e-14,1.0
31.95,0.0,0.0,0.0,0.0,1.9817566454567304e-17,-3.988738671887847e-18,8.091855893138055e-17,0.0,1.618371178627611e-14,1.0
31.96,0.0,0.0,0.0,0.0,1.0788120104251463e-17,-1.5759910418029532e-17,1.9818775469332447e-17,0.0,3.963755093866489e-15,1.0
31.970000000000002,0.0,0.0,0.0,0.0,1.158378804403508e-17,-1.7243124051576966e-17,7.801096174608569e-17,0.0,1.5602192349217137e-14,1.0
31.98,0.0,0.0,0.0,0.0,1.0731844932180255e-17,-1.4392965300486937e-17,3.6261005849694783e-17,0.0,7.252201169938957e-15,1.0
31.990000000000002,0.0,0.0,0.0,0.0,8.921224346553272e-18,-3.150037727426169e-17,2.5182329991999305e-17,0.0,5.036465998399861e-15,1.0
32.0,0.0,0.0,0.0,0.0,9.182816549986304e-18,-1.1250393807622546e-17,4.089188261998675e-17,0.0,8.17837652399735e-15,1.0
32.01,0.0,0.0,0.0,0.0,9.818194957279965e-18,-1.2146887142068247e-17,9.784273837054638e-17,0.0,1.9568547674109277e-14,1.0
32.02,0.0,0.0,0.0,0.0,1.208151195657066e-17,-1.241369510983366e-17,1.500478612248526e-16,0.0,3.000957224497052e-14,1.0
32.03,0.0,0.0,0.0,0.0,1.2352648808365024e-17,-3.099196493426091e-17,1.55912752373228e-16,0.0,3.11825504746456e-14,1.0
32.04,0.0,0.0,0.0,0.0,2.1433762442986543e-17,-1.8657206827009315e-17,1.2088086937285954e-16,0.0,2.417617387457191e-14,1.0
32.05,0.0,0.0,0.0,0.0,1.7358043239876807e-17,-1.631377163911766e-17,2.400646267849215e-17,0.0,4.80129253569843e-15,1.0
32.06,0.0,0.0,0.0,0.0,2.808815171105022e-17,-4.00114656733137e-18,5.626027784628855e-17,0.0,1.125205556925771e-14,1.0
32.07,0.0,0.0,0.0,0.0,7.945608270840226e-18,-3.0661703686160564e-18,8.849769160367004e-17,0.0,1.7699538320734007e-14,1.0
32.08,0.0,0.0,0.0,0.0,7.214729172198991e-18,-3.71037758961246e-18,1.1713166222135358e-16,0.0,2.3426332444270718e-14,1.0
32.09,0.0,0.0,0.0,0.0,6.649107388614861e-18,-3.861400875776328e-18,1.607350930838943e-16,0.0,3.214701861677886e-14,1.0
32.1,0.0,0.0,0.0,0.0,7.272768473833941e-18,-5.3739660289255184e-18,1.6112414298571846e-16,0.0,3.222482859714369e-14,1.0
32.11,0.0,0.0,0.0,0.0,1.6384822540564983e-17,8.939782283626838e-19,1.2895132592290547e-16,0.0,2.5790265184581095e-14,1.0
32.12,0.0,0.0,0.0,0.0,1.6834905153112406e-17,-1.6485628365639976e-18,1.0543650599659639e-16,0.0,2.1087301199319278e-14,1.0
32.13,0.0,0.0,0.0,0.0,8.395799353429557e-18,-1.290552190664847e-17,7.665167357206074e-17,0.0,1.5330334714412147e-14,1.0
32.14,0.0,0.0,0.0,0.0,7.838894160155363e-18,-1.4500024651247253e-17,1.0616698059619133e-16,0.0,2.1233396119238265e-14,1.0
32.15,0.0,0.0,0.0,0.0,7.542863215916414e-18,-1.4557526247831595e-17,1.3693965887700932e-16,0.0,2.7387931775401863e-14,1.0
32.160000000000004,0.0,0.0,0.0,0.0,8.186020896046392e-18,-1.447747116947713e-17,1.370646574631331e-16,0.0,2.741293149262662e-14,1.0
32.17,0.0,0.0,0.0,0.0,7.312156512034897e-18,-1.4251572225507366e-17,1.94376416774664e-16,0.0,3.8875283354932804e-14,1.0
32.18,0.0,0.0,0.0,0.0,7.872340160641576e-18,-1.2555841325755913e-17,1.8564840722779463e-16,0.0,3.712968144555893e-14,1.0
32.19,0.0,0.0,0.0,0.0,-2.5074330160172043e-18,-2.1332607107979288e-17,2.3218801600119543e-16,0.0,4.6437603200239086e-14,1.0
32.2,0.0,0.0,0.0,0.0,8.423543019350315e-18,-8.709118709571859e-18,1.9302630364210474e-16,0.0,3.8605260728420945e-14,1.0
32.21,0.0,0.0,0.0,0.0,-1.279334166572138e-19,-1.477112055300324e-17,1.8882012374465441e-16,0.0,3.776402474893088e-14,1.0
32.22,0.0,0.0,0.0,0.0,-2.222115951723959e-19,-1.527584287404221e-17,2.0337847760333194e-16,0.0,4.067569552066639e-14,1.0
32.230000000000004,0.0,0.0,0.0,0.0,1.1257809724770616e-17,-6.424894256137326e-18,1.570693930812505e-16,0.0,3.1413878616250103e-14,1.0
32.24,0.0,0.0,0.0,0.0,2.9034973321365223e-18,-1.8081972875856823e-17,1.2783642552640987e-16,0.0,2.556728510528197e-14,1.0
32.25,0.0,0.0,0.0,0.0,1.1273689131957865e-17,-9.552586674799937e-18,1.547671702819415e-16,0.0,3.09534340563883e-14,1.0
32.26,0.0,0.0,0.0,0.0,1.0135695649348412e-17,-1.0517287511417302e-17,1.6804049287879641e-16,0.0,3.360809857575928e-14,1.0
32.27,0.0,0.0,0.0,0.0,1.0170660697423567e-17,-9.259050421813322e-18,1.5469841838793714e-16,0.0,3.093968367758743e-14,1.0
32.28,0.0,0.0,0.0,0.0,-6.325824221576105e-19,-1.9404634342981485e-17,1.8080785034212561e-16,0.0,3.616157006842512e-14,1.0
32.29,0.0,0.0,0.0,0.0,1.0853083986736892e-17,-8.841521703694782e-18,1.2901315442573655e-16,0.0,2.580263088514731e-14,1.0
32.3,0.0,0.0,0.0,0.0,1.425210403045877e-18,-1.9281980432042616e-17,1.262962534716677e-16,0.0,2.525925069433354e-14,1.0
32.31,0.0,0.0,0.0,0.0,1.0776031380515495e-17,-1.0174849260730778e-17,1.259385261694428e-16,0.0,2.518770523388856e-14,1.0
32.32,0.0,0.0,0.0,0.0,1.0362014242939037e-17,-1.0790581082430361e-17,1.2839406667601645e-16,0.0,2.567881333520329e-14,1.0
32.33,0.0,0.0,0.0,0.0,9.898153177590478e-18,-1.1376632560422322e-17,1.3684718091716786e-16,0.0,2.7369436183433572e-14,1.0
32.34,0.0,0.0,0.0,0.0,9.407920419005233e-18,-1.191984388348129e-17,1.5100884216451005e-16,0.0,3.020176843290201e-14,1.0
32.35,0.0,0.0,0.0,0.0,9.51754207090969e-18,-1.1532027355913312e-17,1.4667694253080853e-16,0.0,2.93353885061617e-14,1.0
32.36,0.0,0.0,0.0,0.0,-1.733733206426426e-18,-1.828502240064334e-17,1.7709462340361873e-16,0.0,3.5418924680723745e-14,1.0
32.37,0.0,0.0,0.0,0.0,-4.080588215617865e-18,-1.5653744853816725e-17,2.6000038811769077e-16,0.0,5.2000077623538156e-14,1.0
32.38,0.0,0.0,0.0,0.0,-4.563310416524487e-18,-1.2770566738832955e-17,3.124709634813917e-16,0.0,6.249419269627833e-14,1.0
32.39,0.0,0.0,0.0,0.0,-3.04976060412064e-18,-1.2307413936578115e-17,3.1640354834618415e-16,0.0,6.328070966923683e-14,1.0
32.4,0.0,0.0,0.0,0.0,2.1646752900328324e-19,4.301838528283022e-18,2.529512033963147e-16,0.0,5.0590240679262935e-14,1.0
32.410000000000004,0.0,0.0,0.0,0.0,3.815961390754782e-18,5.151204812385702e-21,1.5282841155922258e-16,0.0,3.0565682311844513e-14,1.0
32.42,0.0,0.0,0.0,0.0,5.792075307753776e-18,-2.000266107708166e-18,1.0246748427010702e-16,0.0,2.04934968540214e-14,1.0
32.43,0.0,0.0,0.0,0.0,4.4398976488963005e-18,-2.2620607558287247e-17,9.925893392138509e-17,0.0,1.9851786784277017e-14,1.0
32.44,0.0,0.0,0.0,0.0,1.400830629697792e-17,-1.2904099928451261e-17,7.394198647203046e-17,0.0,1.478839729440609e-14,1.0
32.45,0.0,0.0,0.0,0.0,2.234695693261965e-18,-2.247589063278462e-17,7.357577995558563e-17,0.0,1.4715155991117124e-14,1.0
32.46,0.0,0.0,0.0,0.0,1.1723261269196951e-17,-1.208752503941334e-17,4.225839038768865e-17,0.0,8.45167807753773e-15,1.0
32.47,0.0,0.0,0.0,0.0,1.9654922735129984e-18,-2.1426300894119132e-17,2.4390071625380084e-17,0.0,4.878014325076017e-15,1.0
32.480000000000004,0.0,0.0,0.0,0.0,1.2679182947778863e-17,-1.1453480924596157e-17,3.3569664276464433e-17,0.0,6.713932855292887e-15,1.0
32.49,0.0,0.0,0.0,0.0,1.2060308097116293e-17,-1.1929836055419531e-17,5.2503994860953224e-17,0.0,1.0500798972190645e-14,1.0
32.5,0.0,0.0,0.0,0.0,1.1029641271391e-17,-1.3419502792666913e-17,1.0698090929916578e-16,0.0,2.1396181859833155e-14,1.0
32.51,0.0,0.0,0.0,0.0,1.0070910559859565e-17,-1.3966428387541196e-17,1.407390513660539e-16,0.0,2.814781027321078e-14,1.0
32.52,0.0,0.0,0.0,0.0,1.0045366969781395e-17,-1.4430864501594327e-17,1.865271935851985e-16,0.0,3.7305438717039703e-14,1.0
32.53,0.0,0.0,0.0,0.0,9.298655877233701e-18,-3.1728345411073663e-17,1.6918901479114607e-16,0.0,3.383780295822921e-14,1.0
32.54,0.0,0.0,0.0,0.0,7.522252753667707e-18,-2.746982517398559e-17,8.463136540179583e-17,0.0,1.6926273080359167e-14,1.0
32.55,0.0,0.0,0.0,0.0,7.546340422519691e-18,-2.3563968940091826e-17,1.3156118082359833e-17,0.0,2.6312236164719667e-15,1.0
32.56,0.0,0.0,0.0,0.0,-3.8101857343281464e-19,-1.197994390218706e-17,6.74810539035463e-17,0.0,1.349621078070926e-14,1.0
32.57,0.0,0.0,0.0,0.0,-6.289203230736232e-19,-1.4552920454492807e-17,2.3616433035053316e-17,0.0,4.723286607010663e-15,1.0
32.58,0.0,0.0,0.0,0.0,3.0654476785600505e-17,1.2253593100508675e-17,6.813859960071436e-17,0.0,1.3627719920142872e-14,1.0
32.59,0.0,0.0,0.0,0.0,2.211669450011567e-18,-1.8784981754242686e-17,7.596002763141305e-17,0.0,1.519200552628261e-14,1.0
32.6,0.0,0.0,0.0,0.0,1.2071823605036716e-17,-1.0674770275720861e-17,9.73931429254644e-17,0.0,1.947862858509288e-14,1.0
32.61,0.0,0.0,0.0,0.0,1.1441023244548527e-17,-1.2145740160401914e-17,1.1159080414561743e-16,0.0,2.2318160829123485e-14,1.0
32.62,0.0,0.0,0.0,0.0,9.032118504657195e-18,-1.2769353396061238e-17,9.447866193278106e-17,0.0,1.8895732386556212e-14,1.0
32.63,0.0,0.0,0.0,0.0,7.825570659591102e-18,-1.1548180114687408e-17,6.911638612965849e-17,0.0,1.3823277225931697e-14,1.0
32.64,0.0,0.0,0.0,0.0,-3.1181634894156235e-18,-1.7661024549325164e-17,2.1537566785145207e-17,0.0,4.3075133570290416e-15,1.0
32.65,0.0,0.0,0.0,0.0,-4.807591178220832e-18,-1.4434287415963122e-17,1.1909049408484822e-16,0.0,2.3818098816969643e-14,1.0
32.660000000000004,0.0,0.0,0.0,0.0,-6.106957967684495e-18,-1.4154941940851973e-17,1.5983926798093638e-16,0.0,3.1967853596187274e-14,1.0
32.67,0.0,0.0,0.0,0.0,-3.0113943943343848e-18,2.071028375572165e-18,8.880331953643458e-17,0.0,1.7760663907286915e-14,1.0
32.68,0.0,0.0,0.0,0.0,4.918247443824452e-19,-4.802648964075392e-19,2.7452504938261105e-17,0.0,5.490500987652221e-15,1.0
32.69,0.0,0.0,0.0,0.0,4.129784483440174e-18,-2.0321327977061874e-17,6.473411854637292e-17,0.0,1.2946823709274583e-14,1.0
32.7,0.0,0.0,0.0,0.0,4.722524810599764e-18,-2.1478513438813074e-17,6.933103814942949e-17,0.0,1.3866207629885897e-14,1.0
32.71,0.0,0.0,0.0,0.0,1.4285040139047744e-17,-1.2983356863975478e-17,1.0382219525220135e-16,0.0,2.0764439050440268e-14,1.0
32.72,0.0,0.0,0.0,0.0,1.2916422338073498e-17,-1.334784542980932e-17,1.1099980814128759e-16,0.0,2.2199961628257518e-14,1.0
32.730000000000004,0.0,0.0,0.0,0.0,1.111274657465412e-17,-1.285467514735216e-17,1.0854281178620743e-16,0.0,2.1708562357241486e-14,1.0
32.74,0.0,0.0,0.0,0.0,7.345560518173792e-18,-1.2535916544857321e-17,9.846444877603175e-17,0.0,1.9692889755206348e-14,1.0
32.75,0.0,0.0,0.0,0.0,5.994823718433717e-18,-1.1361469676707551e-17,9.410781305617328e-17,0.0,1.8821562611234656e-14,1.0
32.76,0.0,0.0,0.0,0.0,-3.456816771286816e-18,-1.8803713560818486e-17,6.339405593874574e-17,0.0,1.2678811187749147e-14,1.0
32.77,0.0,0.0,0.0,0.0,-3.4031249838892464e-18,-1.74308527278564e-17,6.977907724039023e-17,0.0,1.3955815448078045e-14,1.0
32.78,0.0,0.0,0.0,0.0,-3.3946696980447625e-18,-1.6561083627869165e-17,9.262589243189353e-17,0.0,1.8525178486378705e-14,1.0
32.79,0.0,0.0,0.0,0.0,-2.3180666771140145e-18,-1.5966275821885808e-17,9.112916604985958e-17,0.0,1.8225833209971916e-14,1.0
32.8,0.0,0.0,0.0,0.0,2.9780071892882096e-19,-1.5763371952826477e-17,6.60544337134423e-17,0.0,1.321088674268846e-14,1.0
32.81,0.0,0.0,0.0,0.0,2.0156740126022555e-18,-1.765377746466356e-17,2.074671188027999e-17,0.0,4.149342376055998e-15,1.0
32.82,0.0,0.0,0.0,0.0,4.995876932466159e-18,-1.82989064167599e-18,9.550624221398932e-17,0.0,1.9101248442797864e-14,1.0
32.83,0.0,0.0,0.0,0.0,4.4081412293928654e-18,-2.162895539089503e-17,8.394619060698615e-17,0.0,1.678923812139723e-14,1.0
32.84,0.0,0.0,0.0,0.0,1.4886591415882205e-17,-1.0868417660909886e-17,1.353728717923882e-16,0.0,2.7074574358477636e-14,1.0
32.85,0.0,0.0,0.0,0.0,2.6570309678588855e-18,-2.016289324537796e-17,9.101284467325875e-17,0.0,1.820256893465175e-14,1.0
32.86,0.0,0.0,0.0,0.0,1.145400115131424e-17,-1.0942915468765085e-17,1.1901810127697355e-16,0.0,2.380362025539471e-14,1.0
32.87,0.0,0.0,0.0,0.0,1.1010084817963837e-18,-1.9493155932527673e-17,1.106155922287356e-16,0.0,2.2123118445747118e-14,1.0
32.88,0.0,0.0,0.0,0.0,6.824386669215957e-19,-1.8464708287840004e-17,1.1221154511935717e-16,0.0,2.2442309023871434e-14,1.0
32.89,0.0,0.0,0.0,0.0,1.7867733086895996e-18,-1.761056534334492e-17,1.5563837176018605e-16,0.0,3.112767435203721e-14,1.0
32.9,0.0,0.0,0.0,0.0,1.5968065964331392e-18,-1.7453255187943967e-17,1.6177393124792347e-16,0.0,3.235478624958469e-14,1.0
32.910000000000004,0.0,0.0,0.0,0.0,1.2950069598026299e-17,-6.995259130442432e-18,2.3498352140627934e-16,0.0,4.699670428125587e-14,1.0
32.92,0.0,0.0,0.0,0.0,1.2021055782630277e-17,-8.604859345664641e-18,2.1968440444798775e-16,0.0,4.3936880889597547e-14,1.0
32.93,0.0,0.0,0.0,0.0,2.1664358376485253e-17,2.1275551173506148e-20,2.443770378779498e-16,0.0,4.887540757558996e-14,1.0
32.94,0.0,0.0,0.0,0.0,1.2663699635077997e-17,-1.0310825411771841e-17,2.876935158093369e-16,0.0,5.753870316186738e-14,1.0
32.95,0.0,0.0,0.0,0.0,1.3230580272961626e-17,-1.1184030724137967e-17,3.259428264204807e-16,0.0,6.518856528409614e-14,1.0
32.96,0.0,0.0,0.0,0.0,1.3476509358164848e-17,-1.2629151527171247e-17,3.6878381650227e-16,0.0,7.3756763300454e-14,1.0
32.97,0.0,0.0,0.0,0.0,1.2919288019837749e-17,-1.2858570860330131e-17,3.781042218621941e-16,0.0,7.562084437243881e-14,1.0
32.980000000000004,0.0,0.0,0.0,0.0,3.0826780176115003e-17,-5.6070834473671445e-18,2.4507280624225866e-16,0.0,4.901456124845173e-14,1.0
32.99,0.0,0.0,0.0,0.0,2.4549419041969028e-17,-8.718996392005391e-18,2.2477644956476106e-16,0.0,4.495528991295221e-14,1.0
33.0,0.0,0.0,0.0,0.0,5.892833454859389e-18,-7.606838918450579e-18,2.313535580875586e-16,0.0,4.627071161751172e-14,1.0
33.01,0.0,0.0,0.0,0.0,1.6695852021057267e-19,-1.0499514681215677e-17,1.890509422378602e-16,0.0,3.781018844757204e-14,1.0
33.02,0.0,0.0,0.0,0.0,4.611359468310678e-18,-7.123692929692467e-18,1.503204817539489e-16,0.0,3.006409635078978e-14,1.0
33.03,0.0,0.0,0.0,0.0,1.6040397193178776e-17,8.876229635112948e-19,1.4997990405946653e-16,0.0,2.9995980811893305e-14,1.0
33.04,0.0,0.0,0.0,0.0,-9.671296792441646e-18,9.972224518750216e-18,2.1863366354615974e-16,0.0,4.372673270923195e-14,1.0
33.05,0.0,0.0,0.0,0.0,1.1798459881706334e-17,-1.030682379301962e-17,2.455176530504997e-16,0.0,4.910353061009994e-14,1.0
33.06,0.0,0.0,0.0,0.0,1.2037991898465376e-17,-1.0135961387553819e-17,2.487668979614371e-16,0.0,4.975337959228742e-14,1.0
33.07,0.0,0.0,0.0,0.0,1.2087542280727537e-17,-1.0615497850082208e-17,2.6281987678499617e-16,0.0,5.256397535699923e-14,1.0
33.08,0.0,0.0,0.0,0.0,1.31450060539768e-17,-1.0359662223878534e-17,2.9754485944212103e-16,0.0,5.950897188842421e-14,1.0
33.09,0.0,0.0,0.0,0.0,1.1522281005187191e-17,-1.1234440372485265e-17,2.7876235432991604e-16,0.0,5.575247086598321e-14,1.0
33.1,0.0,0.0,0.0,0.0,2.936904865321025e-17,-1.1842342945313265e-17,2.6783044097559683e-16,0.0,5.3566088195119365e-14,1.0
33.11,0.0,0.0,0.0,0.0,8.945970109472879e-18,-1.090960842445572e-17,2.5028949190356225e-16,0.0,5.005789838071245e-14,1.0
33.12,0.0,0.0,0.0,0.0,7.11039627929058e-18,-1.1228726602421686e-17,2.154294500275204e-16,0.0,4.308589000550408e-14,1.0
33.13,0.0,0.0,0.0,0.0,4.920369849173921e-18,-1.1755720746977687e-17,1.5665032019660446e-16,0.0,3.133006403932089e-14,1.0
33.14,0.0,0.0,0.0,0.0,2.934300157281538e-18,-1.1120595811531996e-17,9.503686753536596e-17,0.0,1.900737350707319e-14,1.0
33.15,0.0,0.0,0.0,0.0,3.351103557392877e-18,-7.666476334021578e-18,4.172703101821627e-17,0.0,8.345406203643254e-15,1.0
33.160000000000004,0.0,0.0,0.0,0.0,-1.3032623430506063e-18,-1.719269906447491e-17,1.2748717696385805e-16,0.0,2.549743539277161e-14,1.0
33.17,0.0,0.0,0.0,0.0,-6.587490107056113e-18,1.1604686854527861e-17,2.0668892410802194e-16,0.0,4.133778482160439e-14,1.0
33.18,0.0,0.0,0.0,0.0,1.1767772493574902e-17,-6.722589796751841e-18,1.6424029074344503e-16,0.0,3.2848058148689006e-14,1.0
33.19,0.0,0.0,0.0,0.0,9.789452549693787e-18,-7.799630240585346e-18,1.208085353377914e-16,0.0,2.4161707067558278e-14,1.0
33.2,0.0,0.0,0.0,0.0,2.0273320728055988e-17,6.5556179878110025e-18,4.8892305156227877e-17,0.0,9.778461031245575e-15,1.0
33.21,0.0,0.0,0.0,0.0,1.511778617056456e-17,8.751101285471136e-19,3.6633600466367734e-17,0.0,7.326720093273546e-15,1.0
33.22,0.0,0.0,0.0,0.0,-8.862699217268297e-18,-6.970320681761184e-18,4.2339931880266776e-17,0.0,8.467986376053355e-15,1.0
33.230000000000004,0.0,0.0,0.0,0.0,2.4164349981815293e-17,-7.793690024365406e-18,8.04270093096994e-17,0.0,1.608540186193988e-14,1.0
33.24,0.0,0.0,0.0,0.0,-3.440972906715522e-18,-2.5942267830526384e-17,6.353914213340745e-17,0.0,1.270782842668149e-14,1.0
33.25,0.0,0.0,0.0,0.0,9.132004095087891e-18,-9.220092547650151e-18,1.5886049772470498e-17,0.0,3.1772099544940994e-15,1.0
33.26,0.0,0.0,0.0,0.0,1.0788552628368696e-17,-5.074184005250443e-18,7.129958308628153e-17,0.0,1.4259916617256307e-14,1.0
33.27,0.0,0.0,0.0,0.0,1.497352904444838e-17,-7.492870525205374e-19,1.163717954427006e-16,0.0,2.3274359088540122e-14,1.0
33.28,0.0,0.0,0.0,0.0,-7.971364072374293e-18,-2.1386585330829133e-17,1.2649770348325076e-16,0.0,2.529954069665015e-14,1.0
33.29,0.0,0.0,0.0,0.0,-1.7921901400670842e-18,-1.562039852719039e-17,1.422302349673965e-16,0.0,2.84460469934793e-14,1.0
33.3,0.0,0.0,0.0,0.0,2.157090818217527e-18,-3.7959275999217186e-19,1.5947362816765296e-17,0.0,3.1894725633530593e-15,1.0
33.31,0.0,0.0,0.0,0.0,3.797858843381109e-18,-2.4741762169091077e-18,4.6622412222413194e-17,0.0,9.324482444482638e-15,1.0
33.32,0.0,0.0,0.0,0.0,1.7507758349993287e-17,-1.7141438038871932e-17,5.306828676977178e-17,0.0,1.0613657353954356e-14,1.0
33.33,0.0,0.0,0.0,0.0,1.2499081357094637e-17,-1.1989932969447909e-17,5.199062553398251e-17,0.0,1.0398125106796502e-14,1.0
33.34,0.0,0.0,0.0,0.0,1.2433531094702845e-17,-1.2487602872398427e-17,9.807268036504879e-17,0.0,1.9614536073009757e-14,1.0
33.35,0.0,0.0,0.0,0.0,1.112709745678227e-17,-1.2634102032328403e-17,1.12168965698278e-16,0.0,2.24337931396556e-14,1.0
33.36,0.0,0.0,0.0,0.0,1.1554406461985212e-17,-1.259133830682329e-17,1.3956181731408347e-16,0.0,2.7912363462816693e-14,1.0
33.37,0.0,0.0,0.0,0.0,1.172305722126666e-17,-1.2430269505518365e-17,1.6987016984832848e-16,0.0,3.39740339696657e-14,1.0
33.38,0.0,0.0,0.0,0.0,1.089622257558863e-17,-1.1999514327947477e-17,1.7888234700439997e-16,0.0,3.5776469400879995e-14,1.0
33.39,0.0,0.0,0.0,0.0,1.0320337365265777e-17,-1.1001525960831618e-17,1.7000168494240297e-16,0.0,3.4000336988480595e-14,1.0
33.4,0.0,0.0,0.0,0.0,1.0694855702636474e-17,-1.0768300584954479e-17,1.962170465142922e-16,0.0,3.924340930285844e-14,1.0
33.410000000000004,0.0,0.0,0.0,0.0,1.1461938467569861e-17,-1.1009264451595144e-17,2.308354120044258e-16,0.0,4.616708240088516e-14,1.0
33.42,0.0,0.0,0.0,0.0,7.141032256824048e-18,-1.1316175806219364e-17,2.1370021912525656e-16,0.0,4.274004382505131e-14,1.0
33.43,0.0,0.0,0.0,0.0,2.93819223641547e-17,-5.658791333599517e-18,2.152144331156219e-16,0.0,4.3042886623124375e-14,1.0
33.44,0.0,0.0,0.0,0.0,4.61003039700044e-18,-9.87360922452884e-18,2.2183071381486043e-16,0.0,4.4366142762972085e-14,1.0
33.45,0.0,0.0,0.0,0.0,4.542931342565583e-18,-7.570230255309896e-18,1.8673122507006244e-16,0.0,3.7346245014012486e-14,1.0
33.46,0.0,0.0,0.0,0.0,7.346702802430318e-18,-6.0674937134182656e-18,1.338610514711471e-16,0.0,2.6772210294229418e-14,1.0
33.47,0.0,0.0,0.0,0.0,-1.3685818013924715e-18,-1.6147358561664844e-17,1.3163619990879456e-16,0.0,2.6327239981758912e-14,1.0
33.480000000000004,0.0,0.0,0.0,0.0,9.993564501845985e-18,-6.281652835966462e-18,9.836571085807415e-17,0.0,1.967314217161483e-14,1.0
33.49,0.0,0.0,0.0,0.0,1.1136107194237509e-17,-5.78632270547978e-18,5.691659989562631e-17,0.0,1.1383319979125262e-14,1.0
33.5,0.0,0.0,0.0,0.0,1.049169868492971e-17,-5.917010247724251e-18,5.563571299125362e-17,0.0,1.1127142598250724e-14,1.0
33.51,0.0,0.0,0.0,0.0,1.0503004463901568e-17,-5.313112045614725e-18,4.1181462735917106e-17,0.0,8.236292547183421e-15,1.0
33.52,0.0,0.0,0.0,0.0,9.966682731615449e-18,-5.219951917639821e-18,7.162798924368893e-17,0.0,1.4325597848737787e-14,1.0
33.53,0.0,0.0,0.0,0.0,2.3369582041523692e-17,7.183242502403352e-18,8.000010110514304e-17,0.0,1.6000020221028606e-14,1.0
33.54,0.0,0.0,0.0,0.0,1.732308207888785e-17,1.88955978792587e-18,1.2181741360300654e-16,0.0,2.4363482720601308e-14,1.0
33.55,0.0,0.0,0.0,0.0,6.94903858776763e-18,-8.638676208161834e-18,1.4495881509726895e-16,0.0,2.899176301945379e-14,1.0
33.56,0.0,0.0,0.0,0.0,1.5530404721729125e-17,-2.2876072934903666e-18,1.8415531782789632e-16,0.0,3.6831063565579263e-14,1.0
33.57,0.0,0.0,0.0,0.0,1.7391980344185367e-17,-4.377251755126924e-18,1.6668994625117867e-16,0.0,3.333798925023573e-14,1.0
33.58,0.0,0.0,0.0,0.0,-5.981654467421255e-18,-2.7581853288750913e-17,1.5634423257340496e-16,0.0,3.126884651468099e-14,1.0
33.59,0.0,0.0,0.0,0.0,1.2320853781727796e-17,-7.675589741098043e-18,2.2174109496409544e-16,0.0,4.434821899281909e-14,1.0
33.6,0.0,0.0,0.0,0.0,-1.1177058323877132e-17,-2.82749279227191e-17,2.0454945374348043e-16,0.0,4.0909890748696084e-14,1.0
33.61,0.0,0.0,0.0,0.0,-5.227718748579808e-19,-1.5040299501302306e-17,2.1675619440441166e-16,0.0,4.335123888088233e-14,1.0
33.62,0.0,0.0,0.0,0.0,2.0457117779389714e-18,-1.4905064298705028e-17,1.7279372993336017e-16,0.0,3.4558745986672036e-14,1.0
33.63,0.0,0.0,0.0,0.0,2.5499831773919373e-18,1.640255032559033e-18,1.3984958401958744e-16,0.0,2.796991680391749e-14,1.0
33.64,0.0,0.0,0.0,0.0,2.138433981809249e-17,-2.582177165744129e-18,1.4084322889347617e-16,0.0,2.8168645778695233e-14,1.0
33.65,0.0,0.0,0.0,0.0,1.0269582185601754e-17,-1.3758405669232158e-17,1.7248348182644424e-16,0.0,3.4496696365288845e-14,1.0
33.660000000000004,0.0,0.0,0.0,0.0,1.1273552046477668e-17,-1.3193878720813775e-17,1.2830528642857781e-16,0.0,2.5661057285715563e-14,1.0
33.67,0.0,0.0,0.0,0.0,-4.2562011907358364e-18,-2.5735193371293566e-17,1.4422134229422954e-16,0.0,2.884426845884591e-14,1.0
33.68,0.0,0.0,0.0,0.0,1.020595803772963e-17,-9.75278759209388e-18,1.296858257357272e-16,0.0,2.5937165147145442e-14,1.0
33.69,0.0,0.0,0.0,0.0,1.0836056356179546e-17,-1.0669645331196495e-17,1.2101319583295826e-16,0.0,2.420263916659165e-14,1.0
33.7,0.0,0.0,0.0,0.0,1.3440637502442164e-17,-1.2629537937223849e-17,1.255022861056365e-16,0.0,2.5100457221127302e-14,1.0
33.71,0.0,0.0,0.0,0.0,1.6722468104638443e-17,-1.5609632504014955e-17,2.3607168771623703e-16,0.0,4.7214337543247406e-14,1.0
33.72,0.0,0.0,0.0,0.0,1.8581227030962817e-17,-1.613556990692356e-17,3.050716296523901e-16,0.0,6.101432593047802e-14,1.0
33.730000000000004,0.0,0.0,0.0,0.0,2.924514324396768e-17,-2.4156991870352697e-17,3.5756223639590394e-16,0.0,7.151244727918079e-14,1.0
33.74,0.0,0.0,0.0,0.0,3.0856463211459876e-17,-2.671687051426882e-17,3.3841035968207894e-16,0.0,6.768207193641579e-14,1.0
33.75,0.0,0.0,0.0,0.0,2.4701197097549568e-17,-2.0273119061937018e-17,3.660688492300664e-16,0.0,7.321376984601328e-14,1.0
33.76,0.0,0.0,0.0,0.0,2.4144826440761863e-17,-1.7884868609821992e-17,3.781505320832482e-16,0.0,7.563010641664963e-14,1.0
33.77,0.0,0.0,0.0,0.0,2.514374584047717e-17,-1.647316516933017e-17,4.415937020651177e-16,0.0,8.831874041302355e-14,1.0
33.78,0.0,0.0,0.0,0.0,2.1232859202787306e-17,-1.4605815813089585e-17,3.5436805685117446e-16,0.0,7.08736113702349e-14,1.0
33.79,0.0,0.0,0.0,0.0,2.5562556135001307e-17,-4.166109286202798e-18,2.491630576836144e-16,0.0,4.9832611536722883e-14,1.0
33.8,0.0,0.0,0.0,0.0,1.9875032274936908e-17,-4.419825859930218e-18,8.766911079816651e-17,0.0,1.75338221596333e-14,1.0
33.81,0.0,0.0,0.0,0.0,1.6830607829480245e-17,-5.54098707194809e-18,4.731008886597407e-17,0.0,9.462017773194815e-15,1.0
33.82,0.0,0.0,0.0,0.0,2.6749694138814573e-19,-6.369008387259488e-18,5.3257723362232284e-17,0.0,1.0651544672446457e-14,1.0
33.83,0.0,0.0,0.0,0.0,5.995209665491995e-18,-8.650192020447063e-18,1.3041167565790369e-16,0.0,2.6082335131580737e-14,1.0
33.84,0.0,0.0,0.0,0.0,1.0017732383685515e-17,-1.1078434704758778e-17,1.8422937245236306e-16,0.0,3.684587449047261e-14,1.0
33.85,0.0,0.0,0.0,0.0,2.909117339896067e-17,-1.0618439742791502e-17,1.2910082510070393e-16,0.0,2.5820165020140786e-14,1.0
33.86,0.0,0.0,0.0,0.0,1.9351916729718534e-17,-2.0726488961037848e-17,1.3895596383321655e-16,0.0,2.779119276664331e-14,1.0
33.87,0.0,0.0,0.0,0.0,2.7043314527429752e-17,-1.085858141573259e-17,9.953720434759551e-17,0.0,1.9907440869519103e-14,1.0
33.88,0.0,0.0,0.0,0.0,1.4928128505804823e-17,-1.8107440139881948e-17,4.26983135397432e-17,0.0,8.53966270794864e-15,1.0
33.89,0.0,0.0,0.0,0.0,5.5052966621369766e-18,-2.5931252965844677e-17,4.1195791592555085e-17,0.0,8.239158318511017e-15,1.0
33.9,0.0,0.0,0.0,0.0,1.2086651129290703e-17,-1.5679199224424816e-18,3.55837283124951e-17,0.0,7.116745662499021e-15,1.0
33.910000000000004,0.0,0.0,0.0,0.0,9.20650316609571e-18,-8.877603755658189e-18,2.364948995110309e-17,0.0,4.729897990220618e-15,1.0
33.92,0.0,0.0,0.0,0.0,9.48347219184355e-18,-1.0949877759078232e-17,5.879153662426067e-17,0.0,1.1758307324852134e-14,1.0
33.93,0.0,0.0,0.0,0.0,9.56914857487549e-18,-9.591158270305184e-18,2.800206015041866e-17,0.0,5.6004120300837315e-15,1.0
33.94,0.0,0.0,0.0,0.0,1.1154708144537672e-17,-2.8221593824977194e-17,1.80263998239917e-17,0.0,3.6052799647983404e-15,1.0
33.95,0.0,0.0,0.0,0.0,-8.466995036396494e-19,-1.0885524078203953e-18,5.593365656943993e-17,0.0,1.1186731313887985e-14,1.0
33.96,0.0,0.0,0.0,0.0,3.792764063247652e-17,-7.377409402933878e-18,8.115841455232624e-17,0.0,1.6231682910465247e-14,1.0
33.97,0.0,0.0,0.0,0.0,5.971463086763189e-18,-3.1111766136181205e-17,8.543760349705816e-17,0.0,1.708752069941163e-14,1.0
33.980000000000004,0.0,0.0,0.0,0.0,6.128249622295047e-18,-1.397412184274035e-17,2.8848465985592124e-17,0.0,5.769693197118425e-15,1.0
33.99,0.0,0.0,0.0,0.0,2.760674016158155e-17,-1.0414485608930246e-17,8.304849683465578e-17,0.0,1.6609699366931155e-14,1.0
34.0,0.0,0.0,0.0,0.0,2.8892894674528676e-17,-1.236636867784871e-17,5.204675128160672e-17,0.0,1.0409350256321343e-14,1.0
34.01,0.0,0.0,0.0,0.0,9.974556217858e-18,-1.1198409900820957e-17,4.8423915838022246e-17,0.0,9.684783167604449e-15,1.0
34.02,0.0,0.0,0.0,0.0,1.951566305359328e-17,-1.8184879536546877e-17,6.790794482077946e-17,0.0,1.3581588964155891e-14,1.0
34.03,0.0,0.0,0.0,0.0,2.2603165231360954e-17,-1.977453937923977e-17,5.3866866153791816e-17,0.0,1.0773373230758363e-14,1.0
34.04,0.0,0.0,0.0,0.0,1.2078754496869389e-17,-1.1250463308464773e-17,3.992647511706528e-17,0.0,7.985295023413055e-15,1.0
34.05,0.0,0.0,0.0,0.0,2.127174812714595e-17,-1.8918237580805766e-17,3.669487559508297e-17,0.0,7.338975119016593e-15,1.0
34.06,0.0,0.0,0.0,0.0,2.01679327585469e-17,-1.965612814713129e-17,2.1660014835227644e-17,0.0,4.3320029670455286e-15,1.0
34.07,0.0,0.0,0.0,0.0,3.242325719150627e-17,-4.859063598670521e-18,3.051494695755115e-17,0.0,6.1029893915102295e-15,1.0
34.08,0.0,0.0,0.0,0.0,1.5922839902249948e-17,-1.800274127480786e-17,8.973000270086806e-17,0.0,1.7946000540173612e-14,1.0
34.09,0.0,0.0,0.0,0.0,1.6852475044174972e-17,-1.727794510080415e-17,8.265793083493551e-17,0.0,1.65315861669871e-14,1.0
34.1,0.0,0.0,0.0,0.0,6.331822111733059e-18,-7.841486591214707e-18,1.2460583788381014e-16,0.0,2.492116757676203e-14,1.0
34.11,0.0,0.0,0.0,0.0,2.7007773567317854e-17,-9.390870026593451e-18,9.716546065900093e-17,0.0,1.9433092131800186e-14,1.0
34.12,0.0,0.0,0.0,0.0,-3.175836878289204e-18,-7.645524741444991e-18,1.6621825032038924e-16,0.0,3.3243650064077844e-14,1.0
34.13,0.0,0.0,0.0,0.0,7.724358057385157e-18,-2.854814464973297e-17,1.489847834096781e-16,0.0,2.979695668193562e-14,1.0
34.14,0.0,0.0,0.0,0.0,6.782850209726815e-18,-1.0554582297916877e-17,1.8436264693219751e-16,0.0,3.6872529386439504e-14,1.0
34.15,0.0,0.0,0.0,0.0,5.1532276458562284e-18,-1.1081967350524062e-17,2.434741409912153e-16,0.0,4.8694828198243056e-14,1.0
34.160000000000004,0.0,0.0,0.0,0.0,-3.075905169999038e-19,-3.3062126026949413e-17,2.94901632134496e-16,0.0,5.898032642689921e-14,1.0
34.17,0.0,0.0,0.0,0.0,5.62746682976205e-18,-2.7889931096487066e-17,3.1152796689626224e-16,0.0,6.230559337925245e-14,1.0
34.18,0.0,0.0,0.0,0.0,6.927872524477071e-18,-8.702581376381203e-18,3.202639926021407e-16,0.0,6.405279852042814e-14,1.0
34.19,0.0,0.0,0.0,0.0,1.0414121526410478e-17,-2.6649165723134093e-18,4.0863114743193076e-16,0.0,8.172622948638615e-14,1.0
34.2,0.0,0.0,0.0,0.0,4.9446916668504315e-18,-6.910951304755767e-18,4.573382789503366e-16,0.0,9.146765579006732e-14,1.0
34.21,0.0,0.0,0.0,0.0,-4.4949132461417444e-18,-1.5634715536167997e-17,5.050171000614705e-16,0.0,1.010034200122941e-13,1.0
34.22,0.0,0.0,0.0,0.0,-3.628655359877192e-18,-1.4248382447001843e-17,5.472940108697612e-16,0.0,1.0945880217395223e-13,1.0
34.230000000000004,0.0,0.0,0.0,0.0,-1.91740888961128e-18,-1.201991273235011e-17,5.944497013026145e-16,0.0,1.1888994026052291e-13,1.0
34.24,0.0,0.0,0.0,0.0,-1.312839005096349e-18,-1.3131785226178127e-17,6.160288608563587e-16,0.0,1.2320577217127174e-13,1.0
34.25,0.0,0.0,0.0,0.0,1.5067955528906978e-18,2.0053382602030447e-18,5.299018614715564e-16,0.0,1.0598037229431127e-13,1.0
34.26,0.0,0.0,0.0,0.0,4.860800701807853e-18,2.75642569817333e-19,4.724121091286623e-16,0.0,9.448242182573247e-14,1.0
34.27,0.0,0.0,0.0,0.0,6.9148118859118335e-18,-2.0299204551805743e-17,4.1986405160798616e-16,0.0,8.397281032159723e-14,1.0
34.28,0.0,0.0,0.0,0.0,9.21074983762947e-18,-3.388239569568298e-18,3.1401499436180604e-16,0.0,6.280299887236121e-14,1.0
34.29,0.0,0.0,0.0,0.0,1.8316904354951252e-17,-1.2220481533853335e-17,3.156413207029786e-16,0.0,6.312826414059571e-14,1.0
34.300000000000004,0.0,0.0,0.0,0.0,1.5979465744217856e-17,-1.111750225913389e-17,3.215940411476191e-16,0.0,6.431880822952382e-14,1.0
34.31,0.0,0.0,0.0,0.0,1.3014607804481303e-17,-1.007505575194257e-17,3.4566994451622155e-16,0.0,6.91339889032443e-14,1.0
34.32,0.0,0.0,0.0,0.0,1.0311634438408846e-17,-1.188331703363803e-17,3.1090489393793713e-16,0.0,6.218097878758743e-14,1.0
34.33,0.0,0.0,0.0,0.0,1.7543326097545894e-17,-5.1079216887773034e-18,2.820888379515181e-16,0.0,5.6417767590303624e-14,1.0
34.34,0.0,0.0,0.0,0.0,9.448358992644279e-18,-1.5796055433993498e-17,2.248343695769306e-16,0.0,4.4966873915386115e-14,1.0
34.35,0.0,0.0,0.0,0.0,6.301988466177548e-19,-2.6852553268520932e-17,1.670574944239661e-16,0.0,3.341149888479322e-14,1.0
34.36,0.0,0.0,0.0,0.0,1.1251447756096102e-17,-1.567530771197339e-17,1.423604124391876e-16,0.0,2.8472082487837524e-14,1.0
34.37,0.0,0.0,0.0,0.0,1.1366029421494274e-17,-3.2607118793656514e-17,1.2497537837568077e-16,0.0,2.4995075675136153e-14,1.0
34.38,0.0,0.0,0.0,0.0,5.957112933799969e-18,-3.549167323954513e-17,1.2851883463530206e-16,0.0,2.5703766927060413e-14,1.0
34.39,0.0,0.0,0.0,0.0,1.0621371938530599e-17,-8.737736511476831e-18,1.3215149497751206e-16,0.0,2.643029899550241e-14,1.0
34.4,0.0,0.0,0.0,0.0,1.1235247940632212e-17,-6.400353247654395e-18,1.4065150014211438e-16,0.0,2.8130300028422875e-14,1.0
34.410000000000004,0.0,0.0,0.0,0.0,1.204805999850148e-17,-6.559077097775768e-18,1.1569762854529032e-16,0.0,2.3139525709058064e-14,1.0
34.42,0.0,0.0,0.0,0.0,1.1638227681995497e-17,-6.017674031705455e-18,1.48597133706145e-16,0.0,2.9719426741229e-14,1.0
34.43,0.0,0.0,0.0,0.0,1.1276097717393063e-17,-5.796719991231602e-18,1.6975851069023586e-16,0.0,3.395170213804717e-14,1.0
34.44,0.0,0.0,0.0,0.0,1.101174606159713e-17,-6.565216276541381e-18,1.6987375723476477e-16,0.0,3.397475144695295e-14,1.0
34.45,0.0,0.0,0.0,0.0,1.0642146562501038e-17,-7.699160301836159e-18,1.6420813595640404e-16,0.0,3.284162719128081e-14,1.0
34.46,0.0,0.0,0.0,0.0,1.0594618361242145e-17,-9.877321125252903e-18,1.2974958465563745e-16,0.0,2.594991693112749e-14,1.0
34.47,0.0,0.0,0.0,0.0,1.0164642355458662e-17,-1.2092469569449155e-17,8.050071689820777e-17,0.0,1.6100143379641553e-14,1.0
34.480000000000004,0.0,0.0,0.0,0.0,8.443194563261745e-18,-1.3586440358489918e-17,5.335534090825446e-17,0.0,1.0671068181650892e-14,1.0
34.49,0.0,0.0,0.0,0.0,8.285169624399946e-18,-1.3458536476250623e-17,3.852076580125022e-17,0.0,7.704153160250043e-15,1.0
34.5,0.0,0.0,0.0,0.0,8.654273126761502e-18,-1.288740291745397e-17,2.967329051029502e-17,0.0,5.934658102059005e-15,1.0
34.51,0.0,0.0,0.0,0.0,1.039423216822061e-17,-1.2015690843343957e-17,8.67828688481356e-18,0.0,1.735657376962712e-15,1.0
34.52,0.0,0.0,0.0,0.0,1.2221893121824662e-17,-1.0917937827911028e-17,6.772418538709759e-17,0.0,1.3544837077419518e-14,1.0
34.53,0.0,0.0,0.0,0.0,1.3566398982708657e-17,-9.239974205836795e-18,1.13931038416585e-16,0.0,2.2786207683317e-14,1.0
34.54,0.0,0.0,0.0,0.0,1.4109572963082293e-17,-8.975579566126038e-18,1.502910303787953e-16,0.0,3.005820607575906e-14,1.0
34.550000000000004,0.0,0.0,0.0,0.0,1.4739399151465706e-17,-8.491807907054295e-18,2.0342309416766837e-16,0.0,4.0684618833533674e-14,1.0
34.56,0.0,0.0,0.0,0.0,1.1915853025343497e-17,-1.1392248920788596e-17,1.5530491385345625e-16,0.0,3.106098277069125e-14,1.0
34.57,0.0,0.0,0.0,0.0,3.124236564724234e-17,-1.3202913667553438e-17,2.1420732803572269e-16,0.0,4.2841465607144535e-14,1.0
34.58,0.0,0.0,0.0,0.0,1.0512517681163848e-17,-1.2908560712935428e-17,1.9799000577575345e-16,0.0,3.959800115515069e-14,1.0
34.59,0.0,0.0,0.0,0.0,1.864950468263253e-17,-1.9554413899178982e-17,1.6669834570720449e-16,0.0,3.3339669141440895e-14,1.0
34.6,0.0,0.0,0.0,0.0,-3.791892757198023e-19,-3.678743426531576e-17,1.7571170672978036e-16,0.0,3.514234134595607e-14,1.0
34.61,0.0,0.0,0.0,0.0,8.488462370333256e-18,-8.014647531660542e-18,1.5610330010866728e-16,0.0,3.122066002173345e-14,1.0
34.62,0.0,0.0,0.0,0.0,8.434808134549897e-18,-7.668927592961691e-18,1.5773469335295346e-16,0.0,3.154693867059069e-14,1.0
34.63,0.0,0.0,0.0,0.0,7.322344204165293e-18,-9.607600348898456e-18,1.263729289271955e-16,0.0,2.52745857854391e-14,1.0
34.64,0.0,0.0,0.0,0.0,6.293893894877782e-18,-1.1240778216389801e-17,1.1580295590334852e-16,0.0,2.3160591180669705e-14,1.0
34.65,0.0,0.0,0.0,0.0,6.3065711893870525e-18,-1.1777909860717815e-17,1.1350349365095283e-16,0.0,2.2700698730190566e-14,1.0
34.660000000000004,0.0,0.0,0.0,0.0,8.222092015947311e-18,-1.2197531844705871e-17,1.541994983841793e-16,0.0,3.083989967683586e-14,1.0
34.67,0.0,0.0,0.0,0.0,9.704634788322129e-18,-2.985905209425069e-17,1.4571001165573232e-16,0.0,2.914200233114646e-14,1.0
34.68,0.0,0.0,0.0,0.0,1.2525162750681568e-17,-2.891266486184378e-17,2.0573612093853005e-16,0.0,4.114722418770601e-14,1.0
34.69,0.0,0.0,0.0,0.0,1.2034279616254103e-17,-1.1542178467183905e-17,2.243942176744451e-16,0.0,4.4878843534889024e-14,1.0
34.7,0.0,0.0,0.0,0.0,2.944156521696147e-17,-9.989505926543178e-18,1.6799447168838672e-16,0.0,3.3598894337677345e-14,1.0
34.71,0.0,0.0,0.0,0.0,3.2367548523995066e-18,-3.0828128846510005e-17,9.569339927395143e-17,0.0,1.9138679854790286e-14,1.0
34.72,0.0,0.0,0.0,0.0,7.71497699058995e-18,-5.477493390722997e-18,9.12136210340441e-17,0.0,1.8242724206808818e-14,1.0
34.730000000000004,0.0,0.0,0.0,0.0,8.284591968708032e-18,-5.129520428403511e-18,1.0407546262474633e-16,0.0,2.0815092524949266e-14,1.0
34.74,0.0,0.0,0.0,0.0,8.229628014438412e-18,-4.77353718578608e-18,1.1355635474388468e-16,0.0,2.2711270948776936e-14,1.0
34.75,0.0,0.0,0.0,0.0,7.65930053396839e-18,-5.180993179389675e-18,1.1502248437003017e-16,0.0,2.3004496874006034e-14,1.0
34.76,0.0,0.0,0.0,0.0,6.968065853737408e-18,-6.318271922590726e-18,1.1060134097609875e-16,0.0,2.212026819521975e-14,1.0
34.77,0.0,0.0,0.0,0.0,7.815002176316464e-18,-7.684427574417064e-18,1.1214475019897356e-16,0.0,2.2428950039794712e-14,1.0
34.78,0.0,0.0,0.0,0.0,9.082325979031101e-18,-8.807826025742832e-18,1.1517206281306187e-16,0.0,2.3034412562612374e-14,1.0
34.79,0.0,0.0,0.0,0.0,1.0053363208945655e-17,-9.573321267021205e-18,1.1916120749292217e-16,0.0,2.3832241498584435e-14,1.0
34.800000000000004,0.0,0.0,0.0,0.0,9.311593056194782e-18,-9.990800990241449e-18,1.0807838645610817e-16,0.0,2.1615677291221634e-14,1.0
34.81,0.0,0.0,0.0,0.0,8.594156077206921e-18,-1.0144782141563337e-17,1.0730697589679775e-16,0.0,2.1461395179359548e-14,1.0
34.82,0.0,0.0,0.0,0.0,8.18453275543198e-18,-1.0221970560965653e-17,1.0579244819796599e-16,0.0,2.11584896395932e-14,1.0
34.83,0.0,0.0,0.0,0.0,7.636955369837072e-18,-1.0069417019945618e-17,1.1628502239193727e-16,0.0,2.3257004478387455e-14,1.0
34.84,0.0,0.0,0.0,0.0,7.393214741850913e-18,-9.770445708476544e-18,1.3138316814023672e-16,0.0,2.6276633628047343e-14,1.0
34.85,0.0,0.0,0.0,0.0,8.480573004329183e-18,-9.475713350298553e-18,1.3257640987687174e-16,0.0,2.6515281975374348e-14,1.0
34.86,0.0,0.0,0.0,0.0,-1.1147906752688685e-18,-1.716280519506816e-17,1.9771904411671204e-16,0.0,3.9543808823342404e-14,1.0
34.87,0.0,0.0,0.0,0.0,1.1032289557777218e-17,-7.306162891900668e-18,1.9144583539007046e-16,0.0,3.828916707801409e-14,1.0
34.88,0.0,0.0,0.0,0.0,2.4555299025837002e-18,-9.324090009163328e-19,1.2358284551644114e-16,0.0,2.4716569103288228e-14,1.0
34.89,0.0,0.0,0.0,0.0,2.052283489379348e-17,-2.202041994565808e-18,9.923672036478094e-17,0.0,1.984734407295619e-14,1.0
34.9,0.0,0.0,0.0,0.0,9.190252705667674e-18,-1.1285889507960683e-17,1.2206544868470082e-16,0.0,2.4413089736940162e-14,1.0
34.910000000000004,0.0,0.0,0.0,0.0,1.0773169130227437e-17,-1.0307344909100114e-17,1.2290774862601946e-16,0.0,2.458154972520389e-14,1.0
34.92,0.0,0.0,0.0,0.0,1.1932985636242689e-17,-1.0602272021912589e-17,1.1226631031812886e-16,0.0,2.2453262063625773e-14,1.0
34.93,0.0,0.0,0.0,0.0,2.0849418660292475e-17,-1.352869929102266e-18,9.017604571318017e-17,0.0,1.8035209142636035e-14,1.0
34.94,0.0,0.0,0.0,0.0,1.142987800840954e-17,-1.1366967570795418e-17,8.660668926286576e-17,0.0,1.732133785257315e-14,1.0
34.95,0.0,0.0,0.0,0.0,1.180148099650448e-17,-1.1768200243206833e-17,8.671300606136172e-17,0.0,1.7342601212272344e-14,1.0
34.96,0.0,0.0,0.0,0.0,1.1741975247250775e-17,-1.1988950731949543e-17,8.736790635877409e-17,0.0,1.747358127175482e-14,1.0
34.97,0.0,0.0,0.0,0.0,1.2112512128085004e-17,-1.1913015244702578e-17,1.130386285892086e-16,0.0,2.260772571784172e-14,1.0
34.980000000000004,0.0,0.0,0.0,0.0,1.1472352283626233e-17,-1.1863986902541288e-17,1.1223642331266844e-16,0.0,2.2447284662533687e-14,1.0
34.99,0.0,0.0,0.0,0.0,1.0425287349792488e-17,-1.2196231569045105e-17,1.0917370792083575e-16,0.0,2.183474158416715e-14,1.0
35.0,0.0,0.0,0.0,0.0,1.0303664118320331e-17,-1.2916375656929701e-17,1.448009321340877e-16,0.0,2.8960186426817536e-14,1.0
35.01,0.0,0.0,0.0,0.0,1.140306394341705e-17,-1.3612899997304902e-17,1.9976345802000464e-16,0.0,3.995269160400093e-14,1.0
35.02,0.0,0.0,0.0,0.0,1.2814939249738267e-17,-1.4361436680496758e-17,2.689140780864033e-16,0.0,5.3782815617280664e-14,1.0
35.03,0.0,0.0,0.0,0.0,1.1065111656218152e-17,-1.1826916390993231e-17,2.1659386032395703e-16,0.0,4.3318772064791404e-14,1.0
35.04,0.0,0.0,0.0,0.0,1.7221546401683076e-17,-1.7975036465594433e-17,1.1919144306983548e-16,0.0,2.3838288613967096e-14,1.0
35.050000000000004,0.0,0.0,0.0,0.0,9.760305491337321e-18,-8.223322887225737e-18,2.058153922363509e-16,0.0,4.116307844727018e-14,1.0
35.06,0.0,0.0,0.0,0.0,9.98385748382364e-18,-1.1343034509531447e-17,5.0337582827583784e-17,0.0,1.0067516565516757e-14,1.0
35.07,0.0,0.0,0.0,0.0,2.007695151336801e-17,-4.6167614752710775e-18,9.096306360591104e-17,0.0,1.8192612721182208e-14,1.0
35.08,0.0,0.0,0.0,0.0,4.679552727965234e-18,-9.423698541381579e-18,1.4880242461922247e-16,0.0,2.976048492384449e-14,1.0
35.09,0.0,0.0,0.0,0.0,-1.2978308392672261e-17,8.773273691322863e-18,1.648065493864965e-16,0.0,3.29613098772993e-14,1.0
35.1,0.0,0.0,0.0,0.0,-3.0961672093654084e-18,-1.938547594373199e-18,1.256494324043009e-16,0.0,2.512988648086018e-14,1.0
35.11,0.0,0.0,0.0,0.0,-6.035403040912815e-18,1.553845818121499e-18,1.4249381132747117e-16,0.0,2.8498762265494237e-14,1.0
35.12,0.0,0.0,0.0,0.0,4.780618926388925e-18,-2.762741191380114e-17,1.5204499283699227e-16,0.0,3.040899856739845e-14,1.0
35.13,0.0,0.0,0.0,0.0,-6.830408893179794e-19,-1.0191807940863676e-17,1.5096940755134683e-16,0.0,3.0193881510269366e-14,1.0
35.14,0.0,0.0,0.0,0.0,1.1852080394895249e-18,-1.6631457902422052e-17,8.705126919061324e-17,0.0,1.7410253838122647e-14,1.0
35.15,0.0,0.0,0.0,0.0,3.141276165863297e-18,-1.5393329002370172e-17,6.862914983380294e-17,0.0,1.3725829966760588e-14,1.0
35.160000000000004,0.0,0.0,0.0,0.0,2.507524266290435e-18,3.1896093593805242e-18,8.028880120218526e-17,0.0,1.605776024043705e-14,1.0
35.17,0.0,0.0,0.0,0.0,1.0846643733712645e-17,-4.788409667627093e-19,9.535369480465787e-17,0.0,1.9070738960931576e-14,1.0
35.18,0.0,0.0,0.0,0.0,2.2240563098171542e-17,-2.4533452504983653e-18,6.853968852351025e-17,0.0,1.370793770470205e-14,1.0
35.19,0.0,0.0,0.0,0.0,-1.385704326000518e-18,-2.6782043334001735e-17,6.833215865566864e-17,0.0,1.3666431731133728e-14,1.0
35.2,0.0,0.0,0.0,0.0,1.7109646679824942e-17,-1.3470210552602539e-17,2.7037972657188987e-17,0.0,5.4075945314377976e-15,1.0
35.21,0.0,0.0,0.0,0.0,1.0445548642829887e-17,-9.202116477159018e-18,3.702587611173422e-17,0.0,7.405175222346843e-15,1.0
35.22,0.0,0.0,0.0,0.0,1.9070797885465695e-17,-6.577608218254236e-19,5.807881981106255e-17,0.0,1.161576396221251e-14,1.0
35.230000000000004,0.0,0.0,0.0,0.0,1.0371989963996164e-17,-1.4196565880056333e-17,1.6880183482744076e-16,0.0,3.376036696548815e-14,1.0
35.24,0.0,0.0,0.0,0.0,1.0230272217698781e-17,-1.3331887075143478e-17,1.4750565818467395e-16,0.0,2.950113163693479e-14,1.0
35.25,0.0,0.0,0.0,0.0,-2.7781947700006298e-18,-1.0415482978642473e-17,1.4314096130708333e-16,0.0,2.862819226141666e-14,1.0
35.26,0.0,0.0,0.0,0.0,4.5837923180573905e-18,2.1698629456735498e-18,1.2558493029651352e-16,0.0,2.5116986059302705e-14,1.0
35.27,0.0,0.0,0.0,0.0,-5.2781718087933045e-18,-1.5262385213115444e-17,1.2990923423379805e-16,0.0,2.598184684675961e-14,1.0
35.28,0.0,0.0,0.0,0.0,-3.4247519817916072e-19,-8.459137993879119e-18,1.26885331955897e-16,0.0,2.53770663911794e-14,1.0
35.29,0.0,0.0,0.0,0.0,8.377569581454418e-19,-2.0175731162485525e-17,1.1677114254368237e-16,0.0,2.3354228508736475e-14,1.0
35.300000000000004,0.0,0.0,0.0,0.0,3.120672095322546e-18,-1.95254049440079e-18,1.0532204235708243e-16,0.0,2.1064408471416485e-14,1.0
35.31,0.0,0.0,0.0,0.0,-1.1583324259025276e-18,-2.6377751387029886e-17,9.297763837409176e-17,0.0,1.859552767481835e-14,1.0
35.32,0.0,0.0,0.0,0.0,1.3594491387712955e-17,-1.1703795045549695e-17,1.1059296771821913e-16,0.0,2.2118593543643823e-14,1.0
35.33,0.0,0.0,0.0,0.0,1.342403598690082e-17,-1.2160133679869397e-17,1.5037766449227474e-16,0.0,3.0075532898454946e-14,1.0
35.34,0.0,0.0,0.0,0.0,1.3362239392782489e-17,-1.1475022763805534e-17,1.567714890754312e-16,0.0,3.1354297815086235e-14,1.0
35.35,0.0,0.0,0.0,0.0,1.714879275618844e-17,-1.2878128926627763e-17,9.075415758748789e-17,0.0,1.8150831517497577e-14,1.0
35.36,0.0,0.0,0.0,0.0,1.2095929672707938e-17,-6.129526025207629e-18,9.822496096046721e-17,0.0,1.9644992192093442e-14,1.0
35.37,0.0,0.0,0.0,0.0,1.2535733652771276e-17,-6.5477940824999885e-18,1.374024272443381e-16,0.0,2.7480485448867618e-14,1.0
35.38,0.0,0.0,0.0,0.0,2.1939302445994815e-17,3.142543337628743e-18,1.5022381616166068e-16,0.0,3.004476323233213e-14,1.0
35.39,0.0,0.0,0.0,0.0,1.0079705594613051e-17,-9.189685500581027e-18,1.2791221479128877e-16,0.0,2.5582442958257752e-14,1.0
35.4,0.0,0.0,0.0,0.0,1.7482097204123192e-17,-9.291693231963937e-19,1.0576147242921038e-16,0.0,2.1152294485842077e-14,1.0
35.410000000000004,0.0,0.0,0.0,0.0,7.165161014362837e-18,-9.235738645754812e-18,7.176853059351814e-17,0.0,1.435370611870363e-14,1.0
35.42,0.0,0.0,0.0,0.0,6.9170448266467775e-18,-7.108282889382e-18,5.5384006918431285e-17,0.0,1.1076801383686257e-14,1.0
35.43,0.0,0.0,0.0,0.0,7.540336779221009e-18,-9.336198257001967e-18,6.7446850075944e-17,0.0,1.34893700151888e-14,1.0
35.44,0.0,0.0,0.0,0.0,1.6446397050209504e-17,-7.712007358499876e-19,6.183179115760676e-17,0.0,1.2366358231521351e-14,1.0
35.45,0.0,0.0,0.0,0.0,6.7857739457400624e-18,-7.418251947101524e-18,4.155121817467398e-17,0.0,8.310243634934795e-15,1.0
35.46,0.0,0.0,0.0,0.0,-2.0542553195000053e-18,-1.7227964682057373e-17,3.4147159299072487e-17,0.0,6.829431859814497e-15,1.0
35.47,0.0,0.0,0.0,0.0,2.0077861203030573e-18,5.279955668409304e-18,4.5159338075787213e-17,0.0,9.031867615157442e-15,1.0
35.480000000000004,0.0,0.0,0.0,0.0,-1.366521650919614e-18,-3.693397310749705e-18,1.0433055117120761e-16,0.0,2.086611023424152e-14,1.0
35.49,0.0,0.0,0.0,0.0,1.3635798481859222e-18,-1.2596430461798887e-18,4.6943405265790697e-17,0.0,9.388681053158139e-15,1.0
35.5,0.0,0.0,0.0,0.0,1.2423041883563448e-18,-1.811196261043128e-17,2.997099973877581e-17,0.0,5.9941999477551625e-15,1.0
35.51,0.0,0.0,0.0,0.0,1.9599860241966847e-17,1.0608663854404592e-18,6.9078745008993324e-18,0.0,1.3815749001798664e-15,1.0
35.52,0.0,0.0,0.0,0.0,3.6085948030260376e-18,-2.655579979284074e-18,1.3991392828456344e-16,0.0,2.7982785656912687e-14,1.0
35.53,0.0,0.0,0.0,0.0,6.748257451955772e-18,-4.726031345919099e-18,2.4169964188026577e-16,0.0,4.8339928376053155e-14,1.0
35.54,0.0,0.0,0.0,0.0,1.6737499102515378e-17,-1.5659391350610134e-17,2.9911108946605934e-16,0.0,5.982221789321187e-14,1.0
35.550000000000004,0.0,0.0,0.0,0.0,1.615243620952631e-17,-2.3517608934077152e-17,3.1488048463103157e-16,0.0,6.297609692620632e-14,1.0
35.56,0.0,0.0,0.0,0.0,1.5856318898378636e-17,-1.1543734243588852e-17,3.4749872269836766e-16,0.0,6.949974453967353e-14,1.0
35.57,0.0,0.0,0.0,0.0,2.1808523384037295e-17,-8.673726313922841e-18,2.8235567681698594e-16,0.0,5.647113536339719e-14,1.0
35.58,0.0,0.0,0.0,0.0,2.942224961377857e-17,-7.487804955188208e-18,2.663260362303338e-16,0.0,5.326520724606676e-14,1.0
35.59,0.0,0.0,0.0,0.0,9.041223207699677e-18,-8.096593433801269e-18,2.73648526026694e-16,0.0,5.4729705205338796e-14,1.0
35.6,0.0,0.0,0.0,0.0,7.356497908799243e-18,-9.278489713681852e-18,2.5337603201661183e-16,0.0,5.0675206403322363e-14,1.0
35.61,0.0,0.0,0.0,0.0,5.829025702089711e-18,-1.0395278660510233e-17,2.3797262265582017e-16,0.0,4.759452453116403e-14,1.0
35.62,0.0,0.0,0.0,0.0,3.947743985941155e-18,-1.0488665707989719e-17,1.919756618685963e-16,0.0,3.839513237371926e-14,1.0
35.63,0.0,0.0,0.0,0.0,6.3441237271769725e-18,-1.4670605999089044e-17,1.4829876373114022e-16,0.0,2.9659752746228045e-14,1.0
35.64,0.0,0.0,0.0,0.0,1.512631448415441e-18,-1.0377209386583055e-17,1.764813982654654e-16,0.0,3.529627965309308e-14,1.0
35.65,0.0,0.0,0.0,0.0,-7.700638157822237e-18,-1.0675698697559278e-17,2.0191670244476128e-16,0.0,4.038334048895226e-14,1.0
35.660000000000004,0.0,0.0,0.0,0.0,-5.616235214599444e-18,-1.9412488974143048e-17,1.857267050376614e-16,0.0,3.7145341007532275e-14,1.0
35.67,0.0,0.0,0.0,0.0,-3.0755395661809432e-18,-1.6546299994382925e-17,1.2460130153745128e-16,0.0,2.4920260307490256e-14,1.0
35.68,0.0,0.0,0.0,0.0,4.920687488135759e-19,-1.3861159464392198e-17,2.716749302038311e-17,0.0,5.433498604076622e-15,1.0
35.69,0.0,0.0,0.0,0.0,1.304316007969735e-18,-1.2343580305465065e-17,4.752995780587153e-17,0.0,9.505991561174306e-15,1.0
35.7,0.0,0.0,0.0,0.0,1.9444969078420483e-17,3.971719792948742e-18,7.191396383172594e-17,0.0,1.4382792766345187e-14,1.0
35.71,0.0,0.0,0.0,0.0,1.6552649468059527e-18,2.127826127369928e-18,2.3987299948892835e-17,0.0,4.7974599897785664e-15,1.0
35.72,0.0,0.0,0.0,0.0,-1.7488210869428568e-18,-5.860368834948591e-18,4.512129070937887e-17,0.0,9.024258141875773e-15,1.0
35.730000000000004,0.0,0.0,0.0,0.0,1.6659515026064513e-17,-1.738348425530141e-17,8.419927685680179e-17,0.0,1.683985537136036e-14,1.0
35.74,0.0,0.0,0.0,0.0,1.0031710220505266e-17,-1.3121650773938652e-17,1.1376806372558823e-16,0.0,2.2753612745117647e-14,1.0
35.75,0.0,0.0,0.0,0.0,1.0219298197350764e-17,-1.1606932467663956e-17,8.510038740220228e-17,0.0,1.7020077480440457e-14,1.0
35.76,0.0,0.0,0.0,0.0,8.86566454424742e-19,-2.119969013216537e-17,1.0244606038796115e-16,0.0,2.048921207759223e-14,1.0
35.77,0.0,0.0,0.0,0.0,1.3878167593742835e-17,-5.074658820682947e-18,8.097986742778625e-17,0.0,1.619597348555725e-14,1.0
35.78,0.0,0.0,0.0,0.0,8.428495272339599e-18,-7.683318516893953e-18,5.897104310337975e-17,0.0,1.1794208620675949e-14,1.0
35.79,0.0,0.0,0.0,0.0,-2.42220185615099e-18,-1.3923808731633027e-17,1.2430101477091842e-16,0.0,2.4860202954183683e-14,1.0
35.800000000000004,0.0,0.0,0.0,0.0,-9.901134418309486e-19,-1.4110163438681977e-17,1.0185971269315878e-16,0.0,2.0371942538631755e-14,1.0
35.81,0.0,0.0,0.0,0.0,3.448727832788937e-18,2.736467037674189e-18,7.126950763612321e-17,0.0,1.425390152722464e-14,1.0
35.82,0.0,0.0,0.0,0.0,6.604428103517443e-18,-1.9417392572004164e-18,1.3243333264439434e-16,0.0,2.6486666528878866e-14,1.0
35.83,0.0,0.0,0.0,0.0,2.6023533798597632e-17,-3.760300224344082e-18,1.6647744038414959e-16,0.0,3.3295488076829914e-14,1.0
35.84,0.0,0.0,0.0,0.0,1.7172202730012477e-17,-1.4510839784586274e-17,2.452784244150226e-16,0.0,4.905568488300452e-14,1.0
35.85,0.0,0.0,0.0,0.0,1.5101800490345943e-17,-1.479506937947817e-17,2.570461011273588e-16,0.0,5.1409220225471764e-14,1.0
35.86,0.0,0.0,0.0,0.0,2.784376611134603e-17,-1.456126885565448e-17,1.8933997609732333e-16,0.0,3.7867995219464665e-14,1.0
35.87,0.0,0.0,0.0,0.0,2.361119963903182e-17,-1.0693178685623602e-17,1.0172416950916694e-16,0.0,2.0344833901833387e-14,1.0
35.88,0.0,0.0,0.0,0.0,5.838500287222028e-18,-2.923593264535845e-17,1.2590025602631064e-16,0.0,2.5180051205262128e-14,1.0
35.89,0.0,0.0,0.0,0.0,-5.375967021199089e-18,-3.818440990095669e-18,1.5728995254242866e-16,0.0,3.145799050848573e-14,1.0
35.9,0.0,0.0,0.0,0.0,5.558008826915955e-18,-4.217479475142103e-18,1.744857867109371e-16,0.0,3.4897157342187416e-14,1.0
35.910000000000004,0.0,0.0,0.0,0.0,8.53861722467055e-18,-8.391199427986626e-18,1.2401314700621115e-16,0.0,2.480262940124223e-14,1.0
35.92,0.0,0.0,0.0,0.0,6.065689850523683e-18,-7.198447298666874e-18,5.10304773411153e-17,0.0,1.020609546822306e-14,1.0
35.93,0.0,0.0,0.0,0.0,3.831791150890673e-18,-6.445867624058799e-18,6.655202553582034e-17,0.0,1.3310405107164069e-14,1.0
35.94,0.0,0.0,0.0,0.0,5.825017983746832e-18,-5.290610175669385e-18,3.820633747847498e-17,0.0,7.641267495694995e-15,1.0
35.95,0.0,0.0,0.0,0.0,-5.550340105877011e-19,-1.473805711753383e-17,6.260691571615952e-17,0.0,1.2521383143231903e-14,1.0
35.96,0.0,0.0,0.0,0.0,-3.003576909962907e-19,-1.6507093183763095e-17,4.97592818468772e-17,0.0,9.95185636937544e-15,1.0
35.97,0.0,0.0,0.0,0.0,2.7681335967642736e-17,9.866168373629003e-18,4.152554064453475e-17,0.0,8.30510812890695e-15,1.0
35.980000000000004,0.0,0.0,0.0,0.0,7.85935622977188e-18,-9.976451812591245e-18,6.301122167776272e-17,0.0,1.2602244335552545e-14,1.0
35.99,0.0,0.0,0.0,0.0,-9.272142429042974e-19,-1.847026176134758e-17,7.319080954750642e-17,0.0,1.463816190950128e-14,1.0
36.0,0.0,0.0,0.0,0.0,-4.796654516904736e-19,-1.5293568032000778e-17,1.605638005941705e-16,0.0,3.21127601188341e-14,1.0
36.01,0.0,0.0,0.0,0.0,8.348919042556749e-19,-1.635014585917892e-17,1.2764948015701577e-16,0.0,2.5529896031403154e-14,1.0
36.02,0.0,0.0,0.0,0.0,-3.5417629878697846e-19,1.526702871698123e-18,1.3201082512035402e-16,0.0,2.6402165024070804e-14,1.0
36.03,0.0,0.0,0.0,0.0,2.3871391065805837e-17,-5.341389950073045e-18,9.990190538291911e-17,0.0,1.998038107658382e-14,1.0
36.04,0.0,0.0,0.0,0.0,-6.413489104767038e-18,6.449398843452807e-18,4.6787018722170675e-17,0.0,9.357403744434135e-15,1.0
36.050000000000004,0.0,0.0,0.0,0.0,3.3574971874736377e-18,-1.1450517449166357e-17,7.747055248410607e-17,0.0,1.5494110496821213e-14,1.0
36.06,0.0,0.0,0.0,0.0,1.3099199441381085e-17,-1.0322152044774729e-17,1.0224167763830984e-16,0.0,2.0448335527661967e-14,1.0
36.07,0.0,0.0,0.0,0.0,1.5586057882053076e-17,-1.4861396799602047e-17,7.987494582801958e-17,0.0,1.5974989165603915e-14,1.0
36.08,0.0,0.0,0.0,0.0,8.60415187179115e-18,-1.0527097290088337e-17,6.105364713215974e-17,0.0,1.2210729426431948e-14,1.0
36.09,0.0,0.0,0.0,0.0,6.958073384729407e-18,-9.881102889349452e-18,9.396868164100577e-17,0.0,1.8793736328201153e-14,1.0
36.1,0.0,0.0,0.0,0.0,8.465899293477646e-18,-1.0625709140675943e-17,4.8302197290976736e-17,0.0,9.660439458195346e-15,1.0
36.11,0.0,0.0,0.0,0.0,-4.093308896756208e-18,-2.614661208795565e-17,4.6865264328659636e-17,0.0,9.373052865731926e-15,1.0
36.12,0.0,0.0,0.0,0.0,1.1741605146373714e-17,-1.2023627985452231e-17,5.10393199767582e-17,0.0,1.020786399535164e-14,1.0
36.13,0.0,0.0,0.0,0.0,1.1405304389617831e-17,-1.161295375116428e-17,5.527379840763086e-17,0.0,1.1054759681526172e-14,1.0
36.14,0.0,0.0,0.0,0.0,9.097664947636648e-18,-1.3302312472042937e-17,6.280100877278714e-17,0.0,1.2560201754557428e-14,1.0
36.15,0.0,0.0,0.0,0.0,8.255055488274548e-18,-1.393771917715885e-17,1.099884759638417e-16,0.0,2.1997695192768338e-14,1.0
36.160000000000004,0.0,0.0,0.0,0.0,1.0699902855684337e-17,-1.7976316242486136e-17,1.4222091374675456e-16,0.0,2.844418274935091e-14,1.0
36.17,0.0,0.0,0.0,0.0,5.902118564955507e-18,-1.1583576580248554e-17,1.41066858131156e-16,0.0,2.82133716262312e-14,1.0
36.18,0.0,0.0,0.0,0.0,-2.8044387408202004e-18,-1.812753098667826e-17,1.0348095654784355e-16,0.0,2.069619130956871e-14,1.0
36.19,0.0,0.0,0.0,0.0,1.4064300569028722e-18,-6.0238966816750056e-18,7.205690542987082e-18,0.0,1.4411381085974165e-15,1.0
36.2,0.0,0.0,0.0,0.0,4.377997751501538e-18,-1.7220816852443703e-17,7.105177681924735e-17,0.0,1.4210355363849469e-14,1.0
36.21,0.0,0.0,0.0,0.0,1.4920049707320818e-17,-8.536988901125232e-18,9.124001128322183e-17,0.0,1.8248002256644367e-14,1.0
36.22,0.0,0.0,0.0,0.0,1.3396885688135126e-17,-7.420195383350218e-18,7.619509545591335e-17,0.0,1.523901909118267e-14,1.0
36.230000000000004,0.0,0.0,0.0,0.0,1.0129370920113564e-17,-7.223181465663164e-18,2.5545653172995906e-17,0.0,5.1091306345991815e-15,1.0
36.24,0.0,0.0,0.0,0.0,1.2437914569368569e-17,-1.1003442345110064e-17,6.896611146892992e-17,0.0,1.3793222293785983e-14,1.0
36.25,0.0,0.0,0.0,0.0,8.572142651386592e-18,-6.656416015864308e-18,7.314288799915867e-17,0.0,1.4628577599831733e-14,1.0
36.26,0.0,0.0,0.0,0.0,9.603687367245336e-18,-6.391033448821682e-18,1.0931308120030639e-16,0.0,2.186261624006128e-14,1.0
36.27,0.0,0.0,0.0,0.0,8.643596977002188e-18,-8.398431501570168e-18,7.713002738199473e-17,0.0,1.5426005476398945e-14,1.0
36.28,0.0,0.0,0.0,0.0,1.6860516098758463e-17,-7.527062069089007e-19,5.150121675890522e-17,0.0,1.0300243351781044e-14,1.0
36.29,0.0,0.0,0.0,0.0,8.486457028040991e-18,-1.2121650708951914e-17,1.860023488102549e-17,0.0,3.720046976205098e-15,1.0
36.300000000000004,0.0,0.0,0.0,0.0,-1.1281661244871981e-18,-2.4001821924068492e-17,7.080938048240762e-17,0.0,1.4161876096481524e-14,1.0
36.31,0.0,0.0,0.0,0.0,8.852363749967045e-18,-1.3383925065422733e-17,5.596507005689967e-17,0.0,1.1193014011379935e-14,1.0
36.32,0.0,0.0,0.0,0.0,9.016421000585552e-18,-1.1314948398138239e-17,4.022548201190033e-17,0.0,8.045096402380066e-15,1.0
36.33,0.0,0.0,0.0,0.0,8.576111157731277e-18,-7.997502599504407e-18,7.08992247848203e-17,0.0,1.417984495696406e-14,1.0
36.34,0.0,0.0,0.0,0.0,9.007412378568192e-18,-6.093190502384909e-18,9.528780807557184e-17,0.0,1.9057561615114367e-14,1.0
36.35,0.0,0.0,0.0,0.0,-5.134941624942163e-18,-2.074424577359121e-17,9.928347493249808e-17,0.0,1.9856694986499616e-14,1.0
36.36,0.0,0.0,0.0,0.0,1.0692216190305468e-17,-7.543135704661186e-18,7.873173642580391e-17,0.0,1.5746347285160782e-14,1.0
36.37,0.0,0.0,0.0,0.0,1.1316818978938702e-17,-8.268530919932565e-18,8.736275527550823e-17,0.0,1.7472551055101646e-14,1.0
36.38,0.0,0.0,0.0,0.0,1.1740808402352298e-17,-7.89050379300547e-18,1.1356099204516593e-16,0.0,2.2712198409033187e-14,1.0
36.39,0.0,0.0,0.0,0.0,1.194066272851867e-17,-1.0414054316341124e-17,6.900245921421163e-17,0.0,1.3800491842842327e-14,1.0
36.4,0.0,0.0,0.0,0.0,2.016186787759707e-17,-2.350985048927092e-18,2.0035511575542486e-17,0.0,4.007102315108497e-15,1.0
36.410000000000004,0.0,0.0,0.0,0.0,1.0320764692718138e-17,-1.2875197996937181e-17,2.4076686285514928e-17,0.0,4.815337257102985e-15,1.0
36.42,0.0,0.0,0.0,0.0,1.1404933789104749e-17,-1.6283934293558746e-17,1.4236126737882345e-16,0.0,2.847225347576469e-14,1.0
36.43,0.0,0.0,0.0,0.0,1.2028993197808559e-17,-1.4509983559191714e-17,1.2717140015712028e-16,0.0,2.5434280031424058e-14,1.0
36.44,0.0,0.0,0.0,0.0,1.2331070013857244e-17,-3.2064584856984193e-17,1.4531888324380368e-16,0.0,2.9063776648760736e-14,1.0
36.45,0.0,0.0,0.0,0.0,1.0450699691540043e-17,-1.132935316695665e-17,1.2105061874180056e-16,0.0,2.421012374836011e-14,1.0
36.46,0.0,0.0,0.0,0.0,9.659525241397274e-18,-1.012739776048182e-17,1.1812834475215236e-16,0.0,2.3625668950430473e-14,1.0
36.47,0.0,0.0,0.0,0.0,9.125458982935533e-18,-9.272803589906976e-18,1.1066982953995011e-16,0.0,2.2133965907990024e-14,1.0
36.480000000000004,0.0,0.0,0.0,0.0,8.008461860495841e-18,-8.072323798949331e-18,6.942358254929673e-17,0.0,1.3884716509859346e-14,1.0
36.49,0.0,0.0,0.0,0.0,1.0691617326322919e-17,-1.0694393591736724e-17,2.4839969899742915e-17,0.0,4.9679939799485826e-15,1.0
36.5,0.0,0.0,0.0,0.0,4.003701690597204e-18,-5.13810654260555e-18,9.036762665603684e-17,0.0,1.8073525331207367e-14,1.0
36.51,0.0,0.0,0.0,0.0,5.381004358957503e-18,-4.841729704045139e-18,1.060542038506824e-16,0.0,2.121084077013648e-14,1.0
36.52,0.0,0.0,0.0,0.0,-2.762802660186344e-18,-1.334277393402878e-17,1.5587024704077188e-16,0.0,3.117404940815438e-14,1.0
36.53,0.0,0.0,0.0,0.0,-1.3032011016791458e-18,-1.5049104075943743e-17,1.3943276857042363e-16,0.0,2.7886553714084724e-14,1.0
36.54,0.0,0.0,0.0,0.0,9.58137697398054e-19,1.1547394777474405e-18,8.448086554751041e-17,0.0,1.6896173109502082e-14,1.0
36.550000000000004,0.0,0.0,0.0,0.0,9.233197437839764e-18,-5.8198611507698945e-19,1.0767480250277765e-16,0.0,2.153496050055553e-14,1.0
36.56,0.0,0.0,0.0,0.0,1.1000670751084265e-17,-1.3197335551987244e-17,2.2240982558809482e-17,0.0,4.448196511761896e-15,1.0
36.57,0.0,0.0,0.0,0.0,-2.0194101426145673e-20,-1.3875231769044837e-17,5.791896161266162e-17,0.0,1.1583792322532324e-14,1.0
36.58,0.0,0.0,0.0,0.0,1.2213521860501362e-17,-1.7006514569975943e-17,1.3050715748776792e-16,0.0,2.6101431497553583e-14,1.0
36.59,0.0,0.0,0.0,0.0,9.91726463969279e-18,-1.153743922473117e-17,6.316632910511767e-17,0.0,1.2633265821023535e-14,1.0
36.6,0.0,0.0,0.0,0.0,3.989147437772668e-19,-2.7344078923267363e-17,9.129078100992194e-17,0.0,1.8258156201984386e-14,1.0
36.61,0.0,0.0,0.0,0.0,1.9072429983929653e-17,-8.685409972466734e-18,1.0999197151987541e-16,0.0,2.1998394303975082e-14,1.0
36.62,0.0,0.0,0.0,0.0,1.6246553519108958e-17,-1.419908070874409e-17,6.560455558696836e-18,0.0,1.312091111739367e-15,1.0
36.63,0.0,0.0,0.0,0.0,9.565667344587169e-18,-2.672560893040393e-17,3.6607990402753937e-17,0.0,7.321598080550787e-15,1.0
36.64,0.0,0.0,0.0,0.0,1.6309021193754736e-17,-1.575751518403077e-17,1.0772711962766566e-16,0.0,2.154542392553313e-14,1.0
36.65,0.0,0.0,0.0,0.0,9.20885476650839e-18,-5.944160801841308e-18,8.096680207353162e-17,0.0,1.6193360414706323e-14,1.0
36.660000000000004,0.0,0.0,0.0,0.0,2.0992927146359782e-18,-1.438166117666782e-17,1.4012848627193684e-16,0.0,2.8025697254387368e-14,1.0
36.67,0.0,0.0,0.0,0.0,1.6578224600811944e-17,-1.237692073904918e-17,1.024503147050047e-16,0.0,2.049006294100094e-14,1.0
36.68,0.0,0.0,0.0,0.0,2.1400597808820682e-17,-1.757831295936797e-18,5.793030081280353e-17,0.0,1.1586060162560706e-14,1.0
36.69,0.0,0.0,0.0,0.0,1.4876550171978395e-17,-1.7733528698827656e-17,2.4583864536563675e-17,0.0,4.916772907312735e-15,1.0
36.7,0.0,0.0,0.0,0.0,1.4578480852544445e-17,-1.686762175065507e-17,3.7410837344930516e-17,0.0,7.482167468986103e-15,1.0
36.71,0.0,0.0,0.0,0.0,1.1071352556440917e-17,-1.2168540746555195e-17,7.543763906237476e-17,0.0,1.508752781247495e-14,1.0
36.72,0.0,0.0,0.0,0.0,1.8712705419068985e-17,-1.185302990624114e-17,3.745750047069572e-17,0.0,7.491500094139145e-15,1.0
36.730000000000004,0.0,0.0,0.0,0.0,1.2653083737153332e-17,-1.5331650205573186e-17,4.47568141050142e-18,0.0,8.951362821002838e-16,1.0
36.74,0.0,0.0,0.0,0.0,8.867431569342812e-18,-1.0305443332641796e-17,3.688270505956012e-17,0.0,7.376541011912024e-15,1.0
36.75,0.0,0.0,0.0,0.0,9.398643983516892e-18,-1.0664151689999419e-17,5.0476333331012724e-17,0.0,1.0095266666202545e-14,1.0
36.76,0.0,0.0,0.0,0.0,9.848106034279653e-18,-1.105109818717343e-17,7.166860277275477e-17,0.0,1.4333720554550952e-14,1.0
36.77,0.0,0.0,0.0,0.0,8.895742068844932e-18,-1.0896595910230162e-17,6.611545819368433e-17,0.0,1.3223091638736865e-14,1.0
36.78,0.0,0.0,0.0,0.0,9.52878662122832e-18,-1.0184214502166717e-17,6.442363411330333e-17,0.0,1.2884726822660666e-14,1.0
36.79,0.0,0.0,0.0,0.0,1.0561244190577657e-17,-8.260172222816003e-18,5.851402515291995e-17,0.0,1.170280503058399e-14,1.0
36.800000000000004,0.0,0.0,0.0,0.0,1.0065979219728492e-17,-8.567125372309893e-18,4.972193029190369e-17,0.0,9.944386058380737e-15,1.0
36.81,0.0,0.0,0.0,0.0,1.329619270864012e-17,-1.2508724631793907e-17,1.1817047500648734e-17,0.0,2.3634095001297467e-15,1.0
36.82,0.0,0.0,0.0,0.0,6.670712311329893e-18,-8.130427156743725e-18,5.022055750878895e-17,0.0,1.0044111501757789e-14,1.0
36.83,0.0,0.0,0.0,0.0,6.443645452139198e-18,-1.11454523104008e-17,9.754973504754036e-17,0.0,1.950994700950807e-14,1.0
36.84,0.0,0.0,0.0,0.0,9.82029301125559e-18,-1.2252785894841958e-17,1.3710658661566212e-16,0.0,2.7421317323132422e-14,1.0
36.85,0.0,0.0,0.0,0.0,1.1584651031983035e-18,-2.840533712569975e-17,1.7649436592910002e-16,0.0,3.5298873185820004e-14,1.0
36.86,0.0,0.0,0.0,0.0,-1.624937935730068e-18,-1.3679771149248191e-17,1.8254147845995205e-16,0.0,3.650829569199041e-14,1.0
36.87,0.0,0.0,0.0,0.0,-4.2994446861228053e-19,1.3239657162261427e-18,1.13237998115704e-16,0.0,2.26475996231408e-14,1.0
36.88,0.0,0.0,0.0,0.0,2.0502238798522117e-17,-4.263565707323671e-19,9.50920167702736e-17,0.0,1.901840335405472e-14,1.0
36.89,0.0,0.0,0.0,0.0,1.501756833700104e-17,-1.4662486552646782e-17,1.299051168115086e-16,0.0,2.5981023362301718e-14,1.0
36.9,0.0,0.0,0.0,0.0,1.1266759112145979e-17,-1.024542920232168e-17,9.415456090542078e-17,0.0,1.8830912181084154e-14,1.0
36.910000000000004,0.0,0.0,0.0,0.0,1.2689526762509342e-17,-1.1362746653440193e-17,4.551332632283572e-17,0.0,9.102665264567145e-15,1.0
36.92,0.0,0.0,0.0,0.0,1.6796921755957582e-17,-1.553680415626313e-17,7.056580841344394e-17,0.0,1.4113161682688788e-14,1.0
36.93,0.0,0.0,0.0,0.0,1.3061197826604716e-17,-1.1457998481912483e-17,3.44746015906452e-17,0.0,6.89492031812904e-15,1.0
36.94,0.0,0.0,0.0,0.0,1.4708547261034414e-17,-1.3143793722216782e-17,9.37262577064518e-17,0.0,1.8745251541290358e-14,1.0
36.95,0.0,0.0,0.0,0.0,1.6317061432392572e-17,-1.4443569441144278e-17,1.7992441469733672e-16,0.0,3.5984882939467345e-14,1.0
36.96,0.0,0.0,0.0,0.0,2.0957766196336826e-17,-1.6243224216402768e-17,1.948598875945819e-16,0.0,3.897197751891638e-14,1.0
36.97,0.0,0.0,0.0,0.0,2.2985061132939353e-17,-2.1586915437422128e-17,1.758199025349586e-16,0.0,3.5163980506991717e-14,1.0
36.980000000000004,0.0,0.0,0.0,0.0,2.809350416344875e-17,-1.2571460607334111e-17,1.3663890191838963e-16,0.0,2.7327780383677926e-14,1.0
36.99,0.0,0.0,0.0,0.0,1.8122309427150836e-17,-2.1660593929472436e-17,1.634774982958146e-16,0.0,3.269549965916292e-14,1.0
37.0,0.0,0.0,0.0,0.0,3.599626082635289e-18,-1.5237870180032758e-17,1.4997795129468098e-16,0.0,2.999559025893619e-14,1.0
37.01,0.0,0.0,0.0,0.0,8.881900664505588e-18,-1.9074685688180925e-17,1.5574776367049574e-16,0.0,3.1149552734099144e-14,1.0
37.02,0.0,0.0,0.0,0.0,7.603676582887426e-18,-1.5359189053053014e-17,1.0010837490847144e-16,0.0,2.0021674981694288e-14,1.0
37.03,0.0,0.0,0.0,0.0,1.9296603189683336e-17,-1.6679007273693945e-17,1.5448143481251193e-16,0.0,3.0896286962502386e-14,1.0
37.04,0.0,0.0,0.0,0.0,1.0012567189564139e-17,-8.492222402991706e-18,1.5346307666049538e-16,0.0,3.069261533209908e-14,1.0
37.050000000000004,0.0,0.0,0.0,0.0,2.743576794338491e-17,-1.0131402268048728e-17,1.1895294287287703e-16,0.0,2.3790588574575404e-14,1.0
37.06,0.0,0.0,0.0,0.0,1.0776351441064493e-17,-3.0634890709191434e-18,3.476023741846043e-17,0.0,6.952047483692086e-15,1.0
37.07,0.0,0.0,0.0,0.0,-5.560045439110541e-19,-4.047965859942501e-17,3.9583608655507163e-17,0.0,7.916721731101432e-15,1.0
37.08,0.0,0.0,0.0,0.0,4.9711191148576976e-18,-8.448225744738888e-18,2.4850553767348316e-17,0.0,4.970110753469663e-15,1.0
37.09,0.0,0.0,0.0,0.0,7.593531745779164e-18,-9.305102039688953e-18,1.4389541171909486e-17,0.0,2.877908234381897e-15,1.0
37.1,0.0,0.0,0.0,0.0,1.4199604007842452e-17,-1.4597655511614957e-17,1.4459335019486865e-17,0.0,2.891867003897373e-15,1.0
37.11,0.0,0.0,0.0,0.0,9.622790275486757e-18,-1.0702230078626789e-17,2.739353925704191e-17,0.0,5.4787078514083816e-15,1.0
37.12,0.0,0.0,0.0,0.0,1.0222722618232959e-17,-1.2831294727500298e-17,9.18235352618402e-17,0.0,1.836470705236804e-14,1.0
37.13,0.0,0.0,0.0,0.0,1.0323794883911479e-17,-1.2617492461800041e-17,9.217825838614768e-17,0.0,1.8435651677229535e-14,1.0
37.14,0.0,0.0,0.0,0.0,1.0850369000630332e-17,-2.9199106280715125e-17,4.8076202876490754e-17,0.0,9.61524057529815e-15,1.0
37.15,0.0,0.0,0.0,0.0,9.665674301462823e-18,-1.7353916326064352e-17,3.3585760408103305e-18,0.0,6.717152081620661e-16,1.0
37.160000000000004,0.0,0.0,0.0,0.0,8.486064597153924e-18,-6.57259633782065e-18,4.3346223743101036e-17,0.0,8.669244748620208e-15,1.0
37.17,0.0,0.0,0.0,0.0,7.764637339541052e-18,-6.034634369956519e-18,7.842335766311e-17,0.0,1.5684671532622e-14,1.0
37.18,0.0,0.0,0.0,0.0,7.557884207242672e-18,-6.305546999475492e-18,9.95325208790651e-17,0.0,1.9906504175813022e-14,1.0
37.19,0.0,0.0,0.0,0.0,7.44332438815583e-18,-6.7323940463323104e-18,1.22054534929383e-16,0.0,2.4410906985876598e-14,1.0
37.2,0.0,0.0,0.0,0.0,8.083991609758453e-18,-7.309782362822832e-18,1.2969641435124308e-16,0.0,2.5939282870248617e-14,1.0
37.21,0.0,0.0,0.0,0.0,8.855430472508454e-18,-8.369298184429626e-18,1.259074547694707e-16,0.0,2.518149095389414e-14,1.0
37.22,0.0,0.0,0.0,0.0,1.0194674296739415e-17,-9.351090589463366e-18,1.0586737645468174e-16,0.0,2.117347529093635e-14,1.0
37.230000000000004,0.0,0.0,0.0,0.0,1.0137108597502833e-17,-1.0560682832708413e-17,9.629196453024992e-17,0.0,1.9258392906049983e-14,1.0
37.24,0.0,0.0,0.0,0.0,8.265216320385299e-18,-1.9927012251455955e-17,1.4610267519715612e-16,0.0,2.9220535039431224e-14,1.0
37.25,0.0,0.0,0.0,0.0,6.3964146426426015e-18,-1.0712640888640152e-17,1.8591689609722354e-16,0.0,3.7183379219444705e-14,1.0
37.26,0.0,0.0,0.0,0.0,7.172358540066085e-18,-1.0255704789041915e-17,1.7833828945621465e-16,0.0,3.566765789124293e-14,1.0
37.27,0.0,0.0,0.0,0.0,1.4222652263538654e-17,-6.03367806245536e-18,1.339654779123662e-16,0.0,2.679309558247324e-14,1.0
37.28,0.0,0.0,0.0,0.0,1.4161113627082432e-17,-1.5035158318807344e-17,1.7798172361147873e-16,0.0,3.5596344722295746e-14,1.0
37.29,0.0,0.0,0.0,0.0,5.619981811685357e-18,-1.4654689460918214e-17,1.4490130389816098e-16,0.0,2.8980260779632196e-14,1.0
37.300000000000004,0.0,0.0,0.0,0.0,1.5176043743557658e-17,-1.3002644055757509e-17,1.8116812944972402e-16,0.0,3.62336258899448e-14,1.0
37.31,0.0,0.0,0.0,0.0,1.0752117150225935e-17,-6.6069057521999e-18,2.0300030965786988e-16,0.0,4.060006193157398e-14,1.0
37.32,0.0,0.0,0.0,0.0,1.239495082876457e-17,-5.017923629755266e-18,2.2908587493375003e-16,0.0,4.5817174986750006e-14,1.0
37.33,0.0,0.0,0.0,0.0,9.967012029097039e-18,-6.655221462190566e-18,2.3626398350966247e-16,0.0,4.7252796701932493e-14,1.0
37.34,0.0,0.0,0.0,0.0,1.8019794706353592e-17,1.6247195579473523e-18,2.4915568064385504e-16,0.0,4.983113612877101e-14,1.0
37.35,0.0,0.0,0.0,0.0,6.5925201429180924e-18,-8.913820010487977e-18,2.7711096692639597e-16,0.0,5.5422193385279194e-14,1.0
37.36,0.0,0.0,0.0,0.0,5.009138573119413e-18,-1.0517068690993009e-17,3.085053889602113e-16,0.0,6.170107779204227e-14,1.0
37.37,0.0,0.0,0.0,0.0,-7.49217872338935e-18,-1.589286155414727e-17,2.735036067091999e-16,0.0,5.4700721341839973e-14,1.0
37.38,0.0,0.0,0.0,0.0,5.414242864702354e-19,-1.9786127394293056e-17,2.5337865253394353e-16,0.0,5.0675730506788704e-14,1.0
37.39,0.0,0.0,0.0,0.0,1.888008392916717e-19,-1.9636949470929798e-17,2.738103191377529e-16,0.0,5.4762063827550575e-14,1.0
37.4,0.0,0.0,0.0,0.0,1.5307651027246693e-17,-5.139922040795674e-18,2.6392882072343657e-16,0.0,5.2785764144687314e-14,1.0
37.410000000000004,0.0,0.0,0.0,0.0,-4.3493682026136044e-18,-2.3570604104643935e-17,2.7578543042471667e-16,0.0,5.5157086084943333e-14,1.0
37.42,0.0,0.0,0.0,0.0,7.414842606595315e-18,-1.0946832953942594e-17,3.10914259035994e-16,0.0,6.21828518071988e-14,1.0
37.43,0.0,0.0,0.0,0.0,1.4360574916926075e-18,2.214217513788915e-18,3.238532229308939e-16,0.0,6.477064458617878e-14,1.0
37.44,0.0,0.0,0.0,0.0,-1.5241149688625793e-18,-9.907924138519844e-18,3.177232347185731e-16,0.0,6.354464694371463e-14,1.0
37.45,0.0,0.0,0.0,0.0,-2.006435079700795e-18,-1.8210854850806075e-17,3.5930988709995097e-16,0.0,7.186197741999019e-14,1.0
37.46,0.0,0.0,0.0,0.0,4.591812944494311e-19,-1.2209872754298125e-18,2.7757127273684776e-16,0.0,5.551425454736955e-14,1.0
37.47,0.0,0.0,0.0,0.0,-2.685879919232924e-18,2.217150268976736e-18,2.398980503311199e-16,0.0,4.797961006622398e-14,1.0
37.480000000000004,0.0,0.0,0.0,0.0,8.5650737402738e-18,-2.7692636684922784e-17,1.946832319091868e-16,0.0,3.8936646381837355e-14,1.0
37.49,0.0,0.0,0.0,0.0,8.501781884051617e-19,-1.67389836063951e-17,1.3908493739936983e-16,0.0,2.7816987479873967e-14,1.0
37.5,0.0,0.0,0.0,0.0,5.7209211310324394e-18,-7.724562874134053e-18,1.9148664808684555e-16,0.0,3.829732961736911e-14,1.0
37.51,0.0,0.0,0.0,0.0,1.770566478675308e-17,-1.1274208793537834e-17,2.1682681875580512e-16,0.0,4.3365363751161026e-14,1.0
37.52,0.0,0.0,0.0,0.0,8.851085531619438e-18,4.450862688666739e-18,2.846468776155501e-16,0.0,5.692937552311002e-14,1.0
37.53,0.0,0.0,0.0,0.0,1.9015920893806732e-17,1.9414062178057417e-18,2.270547900517936e-16,0.0,4.541095801035872e-14,1.0
37.54,0.0,0.0,0.0,0.0,2.781574042282066e-18,-1.0396649581045072e-18,1.2968513431249062e-16,0.0,2.5937026862498124e-14,1.0
37.550000000000004,0.0,0.0,0.0,0.0,3.603233957319166e-18,-4.2392555440513685e-18,5.1240696082017653e-17,0.0,1.024813921640353e-14,1.0
37.56,0.0,0.0,0.0,0.0,1.703850945207325e-17,-1.9798860342188433e-17,3.8103610625273466e-17,0.0,7.620722125054693e-15,1.0
37.57,0.0,0.0,0.0,0.0,1.2559397891371258e-17,-1.7176643887250538e-17,1.4694812798234123e-16,0.0,2.9389625596468244e-14,1.0
37.58,0.0,0.0,0.0,0.0,1.1825757773019295e-17,-1.2630161384293927e-17,1.9695485116615184e-16,0.0,3.9390970233230367e-14,1.0
37.59,0.0,0.0,0.0,0.0,-4.0353091971055406e-18,-1.1467275689976714e-17,1.5755841531120948e-16,0.0,3.151168306224189e-14,1.0
37.6,0.0,0.0,0.0,0.0,8.545343240925034e-19,1.9266886749608444e-18,1.3927172721372598e-16,0.0,2.7854345442745194e-14,1.0
37.61,0.0,0.0,0.0,0.0,1.1753280535749557e-17,1.3101876275383043e-18,1.3467113062074882e-16,0.0,2.6934226124149763e-14,1.0
37.62,0.0,0.0,0.0,0.0,2.046963651491181e-18,7.334680322838058e-19,1.3119796429564403e-16,0.0,2.6239592859128805e-14,1.0
37.63,0.0,0.0,0.0,0.0,2.1286592256650626e-17,-2.2683619901799835e-18,5.270900634978093e-17,0.0,1.0541801269956186e-14,1.0
37.64,0.0,0.0,0.0,0.0,1.0320593310853116e-17,-2.6147890515729747e-18,5.138612714228152e-17,0.0,1.0277225428456304e-14,1.0
37.65,0.0,0.0,0.0,0.0,2.0947825740414535e-17,-2.0153769985926543e-17,9.396456588025302e-17,0.0,1.8792913176050603e-14,1.0
37.660000000000004,0.0,0.0,0.0,0.0,-1.9770312609011203e-18,-2.3434908296531484e-17,1.444586502897079e-16,0.0,2.8891730057941576e-14,1.0
37.67,0.0,0.0,0.0,0.0,2.0247447868316623e-17,-3.5479349134940064e-19,8.695152761551912e-17,0.0,1.7390305523103824e-14,1.0
37.68,0.0,0.0,0.0,0.0,1.7128118091731206e-17,-3.3729579835546173e-18,2.2027826704073995e-17,0.0,4.405565340814799e-15,1.0
37.69,0.0,0.0,0.0,0.0,1.7209614165102567e-17,-5.59628009103683e-18,7.529759296489378e-17,0.0,1.5059518592978755e-14,1.0
37.7,0.0,0.0,0.0,0.0,-5.940708594154971e-18,-2.900844237490115e-17,7.906056253718772e-17,0.0,1.5812112507437544e-14,1.0
37.71,0.0,0.0,0.0,0.0,-1.4204166201696613e-18,-2.1590778384616474e-17,4.7992091314710276e-17,0.0,9.598418262942056e-15,1.0
37.72,0.0,0.0,0.0,0.0,-6.712224404105185e-19,-1.8284689243834774e-17,4.2209113678915236e-18,0.0,8.441822735783047e-16,1.0
37.730000000000004,0.0,0.0,0.0,0.0,1.4408456302889348e-18,-1.8405879597289484e-17,6.3443450048329e-17,0.0,1.26886900096658e-14,1.0
37.74,0.0,0.0,0.0,0.0,3.247139655986302e-18,1.608507731748402e-19,1.1455727022838145e-16,0.0,2.291145404567629e-14,1.0
37.75,0.0,0.0,0.0,0.0,1.47928632678507e-17,-1.1463652308829614e-17,1.9693819972228672e-16,0.0,3.9387639944457344e-14,1.0
37.76,0.0,0.0,0.0,0.0,1.1497644516927565e-17,-1.2857678768856159e-17,1.691199398054471e-16,0.0,3.382398796108942e-14,1.0
37.77,0.0,0.0,0.0,0.0,1.2475676318747469e-17,-1.8452070907122177e-17,1.794962211622152e-16,0.0,3.589924423244304e-14,1.0
37.78,0.0,0.0,0.0,0.0,7.530741083154586e-18,-1.1902883077857002e-17,1.657293123167936e-16,0.0,3.314586246335872e-14,1.0
37.79,0.0,0.0,0.0,0.0,-5.561355512951555e-18,-2.339657046407289e-17,1.2871715271803925e-16,0.0,2.574343054360785e-14,1.0
37.800000000000004,0.0,0.0,0.0,0.0,-1.8219223972715605e-18,-1.675651989618525e-17,7.551255203830811e-17,0.0,1.510251040766162e-14,1.0
37.81,0.0,0.0,0.0,0.0,1.0297789026683505e-17,-7.873538717482358e-18,1.3693190967100303e-16,0.0,2.7386381934200606e-14,1.0
37.82,0.0,0.0,0.0,0.0,-1.7054794090041738e-18,3.4370993501873148e-18,2.337456593917237e-16,0.0,4.674913187834474e-14,1.0
37.83,0.0,0.0,0.0,0.0,1.2383449845913675e-17,-1.18775364815768e-17,2.3381425649924905e-16,0.0,4.676285129984981e-14,1.0
37.84,0.0,0.0,0.0,0.0,9.449927022920366e-18,-1.0966359308840544e-17,1.914989174396259e-16,0.0,3.829978348792518e-14,1.0
37.85,0.0,0.0,0.0,0.0,6.967339177330378e-18,-1.1965906405607899e-17,2.1873113456828475e-16,0.0,4.3746226913656947e-14,1.0
37.86,0.0,0.0,0.0,0.0,7.167221732195021e-18,-1.276462684349892e-17,2.4343582506971374e-16,0.0,4.868716501394275e-14,1.0
37.87,0.0,0.0,0.0,0.0,-2.0458138346567904e-18,-9.425563416386357e-18,1.904652251142567e-16,0.0,3.809304502285134e-14,1.0
37.88,0.0,0.0,0.0,0.0,3.971590611906695e-18,-2.3427943721721903e-17,1.9825058911959737e-16,0.0,3.965011782391947e-14,1.0
37.89,0.0,0.0,0.0,0.0,-5.030067076600058e-18,-2.8061262877395786e-18,1.7532260190864174e-16,0.0,3.506452038172835e-14,1.0
37.9,0.0,0.0,0.0,0.0,1.777667046234907e-18,-5.0700407522057966e-18,1.3377137920859785e-16,0.0,2.675427584171957e-14,1.0
37.910000000000004,0.0,0.0,0.0,0.0,1.523085247524177e-18,-1.4862118695552395e-17,1.2125722974033884e-16,0.0,2.4251445948067768e-14,1.0
37.92,0.0,0.0,0.0,0.0,3.022284893116856e-17,1.1170625931406898e-17,1.6430174921700968e-16,0.0,3.286034984340193e-14,1.0
37.93,0.0,0.0,0.0,0.0,2.1455193072944453e-17,7.391175734401637e-19,1.8891698350870364e-16,0.0,3.778339670174073e-14,1.0
37.94,0.0,0.0,0.0,0.0,1.6076430691693474e-17,-1.2996452555550367e-17,1.5190561859175313e-16,0.0,3.038112371835062e-14,1.0
37.95,0.0,0.0,0.0,0.0,1.0927799293791916e-17,-8.503479700762328e-18,1.5916366132676957e-16,0.0,3.183273226535391e-14,1.0
37.96,0.0,0.0,0.0,0.0,1.0498630126615634e-17,-8.545563685204758e-18,1.551671161347013e-16,0.0,3.103342322694026e-14,1.0
37.97,0.0,0.0,0.0,0.0,8.613731956400932e-18,-8.353325921402899e-18,1.160972375296868e-16,0.0,2.3219447505937358e-14,1.0
37.980000000000004,0.0,0.0,0.0,0.0,5.0230165762712275e-18,-7.984421095126841e-18,2.7251223502803595e-17,0.0,5.450244700560719e-15,1.0
37.99,0.0,0.0,0.0,0.0,6.554988019455526e-18,1.0727761442089659e-19,7.497928436149928e-17,0.0,1.4995856872299857e-14,1.0
38.0,0.0,0.0,0.0,0.0,7.884025612968251e-20,-1.6614001148635956e-18,1.2454013282280807e-16,0.0,2.4908026564561613e-14,1.0
38.01,0.0,0.0,0.0,0.0,-2.4067810076454515e-19,-2.0417388255519742e-17,9.89818308248798e-17,0.0,1.979636616497596e-14,1.0
38.02,0.0,0.0,0.0,0.0,9.082719836449576e-18,-8.760345708093508e-18,5.993236560909566e-17,0.0,1.1986473121819133e-14,1.0
38.03,0.0,0.0,0.0,0.0,-5.8033188662573485e-18,-2.276447069554198e-17,4.430195571745737e-17,0.0,8.860391143491473e-15,1.0
38.04,0.0,0.0,0.0,0.0,2.1162322350684609e-19,-1.6432030840762063e-18,1.2513738833079148e-16,0.0,2.5027477666158295e-14,1.0
38.050000000000004,0.0,0.0,0.0,0.0,4.158818936310793e-19,-2.144959860336838e-18,1.2074718451801472e-16,0.0,2.4149436903602943e-14,1.0
38.06,0.0,0.0,0.0,0.0,1.9073766493789532e-17,-1.1870231477516404e-17,1.2265282678230952e-16,0.0,2.4530565356461905e-14,1.0
38.07,0.0,0.0,0.0,0.0,1.3522976061997422e-17,-1.4886331067726022e-17,8.103335432199634e-17,0.0,1.620667086439927e-14,1.0
38.08,0.0,0.0,0.0,0.0,-2.288850888779694e-19,-1.8703582427241818e-17,8.124946054003477e-17,0.0,1.6249892108006955e-14,1.0
38.09,0.0,0.0,0.0,0.0,-6.154411655467291e-19,-4.063280781529436e-18,8.212990043276327e-17,0.0,1.6425980086552654e-14,1.0
38.1,0.0,0.0,0.0,0.0,-5.436084961835628e-18,-1.6295358064056303e-17,1.4411330682304267e-16,0.0,2.8822661364608536e-14,1.0
38.11,0.0,0.0,0.0,0.0,8.902305587541852e-19,4.060518652987152e-18,1.0555220786939254e-16,0.0,2.111044157387851e-14,1.0
38.12,0.0,0.0,0.0,0.0,2.8454451826306795e-18,-4.678318795752178e-19,1.198768134573309e-16,0.0,2.397536269146618e-14,1.0
38.13,0.0,0.0,0.0,0.0,2.5950024191951686e-17,-6.249185020360745e-20,1.2953770587652428e-16,0.0,2.5907541175304856e-14,1.0
38.14,0.0,0.0,0.0,0.0,2.43047343111362e-17,-1.172230020641342e-18,1.3397633981221208e-16,0.0,2.6795267962442418e-14,1.0
38.15,0.0,0.0,0.0,0.0,3.669559696568798e-18,-1.8232364236766463e-17,9.045096882750264e-17,0.0,1.809019376550053e-14,1.0
38.160000000000004,0.0,0.0,0.0,0.0,-5.920020550910718e-18,-1.370696414189602e-17,4.417895997043915e-17,0.0,8.83579199408783e-15,1.0
38.17,0.0,0.0,0.0,0.0,-1.9792745317569355e-18,-1.8129538496406898e-17,2.1525555572111126e-17,0.0,4.305111114422225e-15,1.0
38.18,0.0,0.0,0.0,0.0,5.397088932130702e-19,-1.9193311488792798e-18,1.361062605603361e-16,0.0,2.722125211206722e-14,1.0
38.19,0.0,0.0,0.0,0.0,9.345828036215533e-19,-2.499750106140357e-18,1.3707254152924501e-16,0.0,2.7414508305849002e-14,1.0
38.2,0.0,0.0,0.0,0.0,8.912735458579914e-18,-1.2559157019609167e-17,1.4223774295873645e-16,0.0,2.844754859174729e-14,1.0
38.21,0.0,0.0,0.0,0.0,1.2860696400741694e-17,-1.815910158157672e-17,1.8293081879533058e-16,0.0,3.6586163759066116e-14,1.0
38.22,0.0,0.0,0.0,0.0,-1.4286232888802299e-18,-1.1003515232401723e-17,1.3567203056214102e-16,0.0,2.7134406112428203e-14,1.0
38.230000000000004,0.0,0.0,0.0,0.0,-7.961463557902707e-19,-1.8809300061841183e-17,1.1683005374578732e-16,0.0,2.3366010749157464e-14,1.0
38.24,0.0,0.0,0.0,0.0,-2.6155936974828334e-18,-2.264216563649458e-17,1.1853553952492983e-16,0.0,2.3707107904985965e-14,1.0
38.25,0.0,0.0,0.0,0.0,1.2424407354092375e-18,-8.633203375941702e-18,1.2649145257813704e-16,0.0,2.5298290515627406e-14,1.0
38.26,0.0,0.0,0.0,0.0,1.432474714273387e-17,-9.609558528612297e-18,2.1815487798158924e-16,0.0,4.363097559631785e-14,1.0
38.27,0.0,0.0,0.0,0.0,5.6843698040933256e-18,-2.0021576034301602e-17,2.486132488026499e-16,0.0,4.9722649760529974e-14,1.0
38.28,0.0,0.0,0.0,0.0,1.694967645733417e-17,-5.153724388134362e-18,2.00597695778815e-16,0.0,4.0119539155763e-14,1.0
38.29,0.0,0.0,0.0,0.0,8.984000312581435e-18,-9.464619036760637e-18,1.681164960739655e-16,0.0,3.36232992147931e-14,1.0
38.300000000000004,0.0,0.0,0.0,0.0,6.8502875327726366e-18,-9.216963948901193e-18,1.453653075579358e-16,0.0,2.907306151158716e-14,1.0
38.31,0.0,0.0,0.0,0.0,6.880100954423736e-18,-8.206486264577904e-18,1.17901381203001e-16,0.0,2.35802762406002e-14,1.0
38.32,0.0,0.0,0.0,0.0,-3.796080335240115e-18,-1.77114083931697e-17,9.690956932083909e-17,0.0,1.9381913864167818e-14,1.0
38.33,0.0,0.0,0.0,0.0,7.593679362332942e-18,-7.572321768858294e-18,8.31650746386897e-17,0.0,1.663301492773794e-14,1.0
38.34,0.0,0.0,0.0,0.0,-1.33788793224263e-18,-1.548304118304539e-17,4.219231180848125e-17,0.0,8.43846236169625e-15,1.0
38.35,0.0,0.0,0.0,0.0,1.9695034055990824e-18,-1.67369326889156e-17,1.269983313760269e-16,0.0,2.5399666275205383e-14,1.0
38.36,0.0,0.0,0.0,0.0,2.8472321648620252e-18,1.051770590224609e-18,1.4146253431657797e-16,0.0,2.8292506863315594e-14,1.0
38.37,0.0,0.0,0.0,0.0,1.1888473490748384e-17,-9.208390520734631e-18,1.3369368460939793e-16,0.0,2.6738736921879586e-14,1.0
38.38,0.0,0.0,0.0,0.0,1.541423760516411e-17,-1.252429533687148e-17,1.1240059738007483e-16,0.0,2.2480119476014965e-14,1.0
38.39,0.0,0.0,0.0,0.0,1.8910842497985545e-18,-1.3499979424059962e-17,2.619889612574453e-17,0.0,5.239779225148906e-15,1.0
38.4,0.0,0.0,0.0,0.0,2.1294228729430587e-17,5.866544720126135e-18,3.345802194691559e-17,0.0,6.691604389383118e-15,1.0
38.410000000000004,0.0,0.0,0.0,0.0,-5.726666604778553e-18,-2.378351233609984e-17,6.482388301299288e-17,0.0,1.2964776602598576e-14,1.0
38.42,0.0,0.0,0.0,0.0,3.306718050493265e-19,-1.7276531858911458e-18,1.0222911811891183e-16,0.0,2.0445823623782366e-14,1.0
38.43,0.0,0.0,0.0,0.0,9.032182081458741e-18,-1.2493879767970955e-17,8.196122672424724e-17,0.0,1.639224534484945e-14,1.0
38.44,0.0,0.0,0.0,0.0,6.749920535835398e-18,-1.260551837247211e-17,8.721447810879672e-17,0.0,1.7442895621759345e-14,1.0
38.45,0.0,0.0,0.0,0.0,5.966511494801517e-18,-1.1850899735546534e-17,9.530558167747412e-17,0.0,1.9061116335494822e-14,1.0
38.46,0.0,0.0,0.0,0.0,-2.6276107705383083e-18,-1.9232155043383702e-17,5.905045668649614e-17,0.0,1.1810091337299227e-14,1.0
38.47,0.0,0.0,0.0,0.0,-3.6233048706706436e-19,-1.782228329307072e-17,1.558454552184354e-17,0.0,3.116909104368708e-15,1.0
38.480000000000004,0.0,0.0,0.0,0.0,1.9502746191440353e-18,-6.1352433474561385e-18,5.787553333319427e-17,0.0,1.1575106666638853e-14,1.0
38.49,0.0,0.0,0.0,0.0,1.3096086934160568e-18,-1.6299741637990394e-17,3.895723798572307e-17,0.0,7.791447597144614e-15,1.0
38.5,0.0,0.0,0.0,0.0,1.810823913056897e-17,1.9430384854567114e-18,5.1494315434555886e-17,0.0,1.0298863086911178e-14,1.0
38.51,0.0,0.0,0.0,0.0,7.115959962301739e-18,3.556701793697945e-18,1.2404912323434672e-16,0.0,2.4809824646869344e-14,1.0
38.52,0.0,0.0,0.0,0.0,-1.9430944757202304e-18,-1.7743848173583993e-17,9.444752042306381e-17,0.0,1.8889504084612763e-14,1.0
38.53,0.0,0.0,0.0,0.0,-3.4084003363998086e-18,3.028150536425848e-18,7.051033685823728e-18,0.0,1.4102067371647456e-15,1.0
38.54,0.0,0.0,0.0,0.0,6.576811903574924e-18,-5.83094274427262e-18,3.8885646745113525e-17,0.0,7.777129349022704e-15,1.0
38.550000000000004,0.0,0.0,0.0,0.0,1.1761751257722655e-17,-1.1130635718484411e-17,1.550466691419169e-17,0.0,3.1009333828383376e-15,1.0
38.56,0.0,0.0,0.0,0.0,1.2955509772703392e-17,-1.6015628820527648e-17,8.08669854797038e-17,0.0,1.6173397095940758e-14,1.0
38.57,0.0,0.0,0.0,0.0,1.0525585962677805e-17,-1.3715153139973238e-17,1.5260444778915338e-16,0.0,3.0520889557830673e-14,1.0
38.58,0.0,0.0,0.0,0.0,-7.046146051758268e-18,-1.6042620655012808e-17,9.884699401051627e-17,0.0,1.9769398802103253e-14,1.0
38.59,0.0,0.0,0.0,0.0,2.863972944692748e-18,2.588112901764824e-18,1.2832337269799005e-16,0.0,2.566467453959801e-14,1.0
38.6,0.0,0.0,0.0,0.0,-5.402045056702158e-18,-1.307908983528424e-17,1.2201947261105353e-16,0.0,2.4403894522210705e-14,1.0
38.61,0.0,0.0,0.0,0.0,1.8213641398261752e-18,-1.512500812384073e-17,1.3147873987076385e-16,0.0,2.6295747974152768e-14,1.0
38.62,0.0,0.0,0.0,0.0,7.749089427740692e-18,8.478498462253115e-18,1.1799088550213877e-16,0.0,2.3598177100427754e-14,1.0
38.63,0.0,0.0,0.0,0.0,5.156231598977845e-18,1.182969185579885e-18,8.872986233606826e-17,0.0,1.7745972467213653e-14,1.0
38.64,0.0,0.0,0.0,0.0,7.167789505761285e-18,-4.9803970389187486e-18,1.5294025535410044e-16,0.0,3.0588051070820085e-14,1.0
38.65,0.0,0.0,0.0,0.0,2.493908301325618e-17,-7.886866470652491e-18,1.872840605475189e-16,0.0,3.745681210950378e-14,1.0
38.660000000000004,0.0,0.0,0.0,0.0,9.964619972977286e-18,-2.1200897610400806e-17,2.145661245200677e-16,0.0,4.291322490401354e-14,1.0
38.67,0.0,0.0,0.0,0.0,1.5750173829610545e-17,-3.33349009587565e-17,2.763151663852873e-16,0.0,5.5263033277057453e-14,1.0
38.68,0.0,0.0,0.0,0.0,1.3406917593200923e-17,-1.3661471438560005e-17,2.7834709838992785e-16,0.0,5.5669419677985566e-14,1.0
38.69,0.0,0.0,0.0,0.0,2.890926471270305e-17,-1.1455827853908905e-17,2.2008182613451689e-16,0.0,4.401636522690338e-14,1.0
38.7,0.0,0.0,0.0,0.0,4.807083329313674e-18,-3.6012151468059686e-17,2.7140683246357764e-16,0.0,5.4281366492715526e-14,1.0
38.71,0.0,0.0,0.0,0.0,1.0675244925552022e-17,-1.1977100521766273e-17,3.2955166928643024e-16,0.0,6.591033385728605e-14,1.0
38.72,0.0,0.0,0.0,0.0,1.1573844730352051e-17,-3.3648205838672016e-17,4.2100761364427967e-16,0.0,8.420152272885593e-14,1.0
38.730000000000004,0.0,0.0,0.0,0.0,9.225074587303165e-18,-2.4127798032642365e-17,4.133176013860271e-16,0.0,8.266352027720541e-14,1.0
38.74,0.0,0.0,0.0,0.0,1.4164420695540156e-17,-2.1259278442707915e-17,3.2103043571338125e-16,0.0,6.420608714267625e-14,1.0
38.75,0.0,0.0,0.0,0.0,2.8579377025556646e-18,-2.837402151762777e-17,2.842454841293214e-16,0.0,5.684909682586428e-14,1.0
38.76,0.0,0.0,0.0,0.0,3.9928143681777974e-18,-3.025822004761417e-17,3.6641070243821453e-16,0.0,7.328214048764291e-14,1.0
38.77,0.0,0.0,0.0,0.0,3.8391520219974556e-18,-2.1843692247380412e-17,3.9762882116365023e-16,0.0,7.952576423273004e-14,1.0
38.78,0.0,0.0,0.0,0.0,6.2822774314732635e-18,-2.842241985210973e-17,3.2959042915451877e-16,0.0,6.591808583090375e-14,1.0
38.79,0.0,0.0,0.0,0.0,-1.2239112404117863e-18,-3.6104986120464244e-17,2.961477719347414e-16,0.0,5.922955438694829e-14,1.0
38.800000000000004,0.0,0.0,0.0,0.0,9.84869199859338e-18,-1.478355076623429e-17,2.52204742721673e-16,0.0,5.0440948544334595e-14,1.0
38.81,0.0,0.0,0.0,0.0,1.1948277477340868e-17,-2.3784627962642072e-17,2.285705972257078e-16,0.0,4.571411944514156e-14,1.0
38.82,0.0,0.0,0.0,0.0,1.2467703537606482e-17,-2.34273747715188e-17,1.9821066509373677e-16,0.0,3.964213301874735e-14,1.0
38.83,0.0,0.0,0.0,0.0,9.003277526181363e-18,-1.1905061459725724e-17,7.221214212328528e-17,0.0,1.4442428424657057e-14,1.0
38.84,0.0,0.0,0.0,0.0,7.226119954806926e-18,-2.2306449085280828e-17,5.213086179674115e-17,0.0,1.042617235934823e-14,1.0
38.85,0.0,0.0,0.0,0.0,9.824920895721612e-18,1.4712292981825304e-18,7.689981312020729e-17,0.0,1.5379962624041458e-14,1.0
38.86,0.0,0.0,0.0,0.0,5.850295136832578e-18,-4.092115996437699e-18,7.292960647452897e-17,0.0,1.4585921294905795e-14,1.0
38.87,0.0,0.0,0.0,0.0,-1.2424335710682974e-18,-1.3324267532192346e-17,1.0466877377091286e-16,0.0,2.0933754754182572e-14,1.0
38.88,0.0,0.0,0.0,0.0,7.126040804052336e-19,-1.4746277837252912e-17,1.0824530585105516e-16,0.0,2.164906117021103e-14,1.0
38.89,0.0,0.0,0.0,0.0,1.246200538727295e-17,-6.423983231245087e-18,1.3125630825433102e-16,0.0,2.6251261650866204e-14,1.0
38.9,0.0,0.0,0.0,0.0,1.3218868448999274e-17,-7.191626585372273e-18,1.613713378815371e-16,0.0,3.227426757630742e-14,1.0
38.910000000000004,0.0,0.0,0.0,0.0,1.50844999900163e-17,-1.0721679409317435e-17,2.2708239840266005e-16,0.0,4.541647968053201e-14,1.0
38.92,0.0,0.0,0.0,0.0,1.1038937466213796e-17,-7.716543990344895e-18,3.513699468313588e-16,0.0,7.027398936627176e-14,1.0
38.93,0.0,0.0,0.0,0.0,1.4059603284475543e-17,4.332842152851793e-18,3.3807369757651218e-16,0.0,6.761473951530243e-14,1.0
38.94,0.0,0.0,0.0,0.0,-1.4013100527697597e-18,-6.931608097668603e-19,2.472463263043091e-16,0.0,4.9449265260861824e-14,1.0
38.95,0.0,0.0,0.0,0.0,2.1208626781868942e-18,-3.210179967598737e-18,1.9165998962368374e-16,0.0,3.833199792473675e-14,1.0
38.96,0.0,0.0,0.0,0.0,1.4763832756958866e-17,-1.6108044402452932e-17,1.2649116910645942e-16,0.0,2.5298233821291882e-14,1.0
38.97,0.0,0.0,0.0,0.0,1.6753633222064688e-17,-1.9569936262522473e-17,1.407688871381804e-16,0.0,2.8153777427636082e-14,1.0
38.980000000000004,0.0,0.0,0.0,0.0,1.743213283341158e-17,-1.873108428733923e-17,1.9646224864944854e-16,0.0,3.9292449729889706e-14,1.0
38.99,0.0,0.0,0.0,0.0,2.4766794344986416e-17,-2.452551218958931e-17,1.9257079347218508e-16,0.0,3.8514158694437013e-14,1.0
39.0,0.0,0.0,0.0,0.0,1.9021288952506047e-17,-2.1111583119176365e-17,8.799975255254819e-17,0.0,1.759995051050964e-14,1.0
39.01,0.0,0.0,0.0,0.0,1.808360494687852e-17,-1.9682239877737262e-17,1.1029478116316793e-16,0.0,2.2058956232633583e-14,1.0
39.02,0.0,0.0,0.0,0.0,4.0292897541620145e-18,-6.375977649172057e-18,1.2269089513079387e-16,0.0,2.4538179026158774e-14,1.0
39.03,0.0,0.0,0.0,0.0,7.885197372667426e-18,-1.0139399984638578e-17,8.704258471227171e-17,0.0,1.7408516942454342e-14,1.0
39.04,0.0,0.0,0.0,0.0,1.3282194749238648e-17,-1.8035909775169998e-17,1.1184655274628135e-16,0.0,2.236931054925627e-14,1.0
39.050000000000004,0.0,0.0,0.0,0.0,3.914299784163231e-18,-1.3248293789369452e-17,1.0492712268953531e-16,0.0,2.098542453790706e-14,1.0
39.06,0.0,0.0,0.0,0.0,7.245191253329947e-18,-9.87352806333849e-18,5.1366927422659006e-17,0.0,1.02733854845318e-14,1.0
39.07,0.0,0.0,0.0,0.0,6.5863474096008305e-18,-1.1385875994264915e-17,4.5677995629831694e-17,0.0,9.135599125966338e-15,1.0
39.08,0.0,0.0,0.0,0.0,5.844323552730184e-18,-1.930357281978329e-17,1.939961864696576e-17,0.0,3.8799237293931524e-15,1.0
39.09,0.0,0.0,0.0,0.0,4.717295472496988e-18,-1.856863975984171e-17,6.901458433588253e-17,0.0,1.3802916867176506e-14,1.0
39.1,0.0,0.0,0.0,0.0,9.151402600794576e-18,-1.2281537708665764e-17,1.2726183638505418e-16,0.0,2.5452367277010837e-14,1.0
39.11,0.0,0.0,0.0,0.0,4.27973203734221e-18,-7.316245862524166e-18,1.6634430646861367e-16,0.0,3.326886129372273e-14,1.0
39.12,0.0,0.0,0.0,0.0,4.1039319912252235e-18,-6.04167658965995e-18,2.3327125020095986e-16,0.0,4.665425004019197e-14,1.0
39.13,0.0,0.0,0.0,0.0,-1.6275744850080227e-18,-1.7247293224278435e-17,1.5600130228667696e-16,0.0,3.120026045733539e-14,1.0
39.14,0.0,0.0,0.0,0.0,-3.813379890547282e-18,-3.5770544301646515e-18,1.4311126738345854e-16,0.0,2.862225347669171e-14,1.0
39.15,0.0,0.0,0.0,0.0,1.295387125782683e-17,-2.8189218663369375e-18,2.477967330068175e-16,0.0,4.9559346601363496e-14,1.0
39.160000000000004,0.0,0.0,0.0,0.0,5.4462250166822924e-18,-4.600518170223867e-18,3.693204941171798e-16,0.0,7.386409882343597e-14,1.0
39.17,0.0,0.0,0.0,0.0,-4.762699937199818e-18,-1.1392520064561535e-17,4.58000634616333e-16,0.0,9.16001269232666e-14,1.0
39.18,0.0,0.0,0.0,0.0,-5.2171525422291875e-18,-9.559721612382126e-18,5.615656741166198e-16,0.0,1.1231313482332396e-13,1.0
39.19,0.0,0.0,0.0,0.0,-7.429564063327777e-18,1.16371524247928e-17,5.259212307595789e-16,0.0,1.0518424615191578e-13,1.0
39.2,0.0,0.0,0.0,0.0,6.185549539880732e-18,-3.167943325627859e-18,4.2179382251217247e-16,0.0,8.435876450243449e-14,1.0
39.21,0.0,0.0,0.0,0.0,5.7841866878469215e-18,-4.0522519762024215e-18,3.0135708650948767e-16,0.0,6.027141730189753e-14,1.0
39.22,0.0,0.0,0.0,0.0,6.3914215863991024e-18,-7.330155608647738e-18,2.2066893472948462e-16,0.0,4.4133786945896925e-14,1.0
39.230000000000004,0.0,0.0,0.0,0.0,1.451321373354779e-17,-1.807138559354815e-17,1.9527192921577293e-16,0.0,3.9054385843154586e-14,1.0
39.24,0.0,0.0,0.0,0.0,1.3149539072583314e-17,-1.6556469730304763e-17,1.8653427861882946e-16,0.0,3.730685572376589e-14,1.0
39.25,0.0,0.0,0.0,0.0,1.4158083103188435e-17,-1.7702797078442776e-17,2.622461052523654e-16,0.0,5.244922105047308e-14,1.0
39.26,0.0,0.0,0.0,0.0,8.726217826287836e-18,-1.0009732409250912e-17,2.8251397044330295e-16,0.0,5.650279408866059e-14,1.0
39.27,0.0,0.0,0.0,0.0,-3.412640046378836e-19,-1.792520402693082e-17,2.832239675719807e-16,0.0,5.664479351439614e-14,1.0
39.28,0.0,0.0,0.0,0.0,-2.8302702067115417e-19,-4.8217298308196195e-18,3.514987648759835e-16,0.0,7.02997529751967e-14,1.0
39.29,0.0,0.0,0.0,0.0,4.749108793624489e-18,-2.0223125510137652e-17,3.4138134784129376e-16,0.0,6.827626956825875e-14,1.0
39.300000000000004,0.0,0.0,0.0,0.0,4.740692547138875e-18,5.733327092619989e-18,3.003576128142668e-16,0.0,6.007152256285336e-14,1.0
39.31,0.0,0.0,0.0,0.0,-2.7757877680170235e-18,-6.92147875241634e-18,2.2056717453453387e-16,0.0,4.411343490690677e-14,1.0
39.32,0.0,0.0,0.0,0.0,2.3402310974431003e-18,-2.1348259282046415e-17,2.2320383734076405e-16,0.0,4.4640767468152805e-14,1.0
39.33,0.0,0.0,0.0,0.0,1.4902721608436454e-17,-1.5488944858930173e-17,2.6311749343360414e-16,0.0,5.2623498686720825e-14,1.0
39.34,0.0,0.0,0.0,0.0,1.0682543597450938e-17,-1.2054908157698051e-17,2.027115421338782e-16,0.0,4.054230842677564e-14,1.0
39.35,0.0,0.0,0.0,0.0,1.5417741028612757e-18,-9.297046460728374e-18,2.354806312335906e-16,0.0,4.7096126246718116e-14,1.0
39.36,0.0,0.0,0.0,0.0,3.148381934848709e-18,-2.0110812723320082e-17,1.870285892915984e-16,0.0,3.740571785831968e-14,1.0
39.37,0.0,0.0,0.0,0.0,8.104910099919771e-18,1.0342779899346615e-18,2.841142102398286e-16,0.0,5.682284204796571e-14,1.0
39.38,0.0,0.0,0.0,0.0,1.4283392636320665e-17,-1.441841032843482e-17,2.1255048460381713e-16,0.0,4.2510096920763423e-14,1.0
39.39,0.0,0.0,0.0,0.0,-4.035067258804505e-18,6.150080609301347e-18,9.523255572065197e-17,0.0,1.9046511144130392e-14,1.0
39.4,0.0,0.0,0.0,0.0,6.9310231846973156e-18,-1.1386835529598365e-17,1.5713720342550896e-16,0.0,3.142744068510179e-14,1.0
39.410000000000004,0.0,0.0,0.0,0.0,1.7076939886223147e-17,-1.1746048131523613e-17,1.6863845402262037e-16,0.0,3.372769080452407e-14,1.0
39.42,0.0,0.0,0.0,0.0,1.383372534044241e-17,-1.394369066555916e-17,1.7081075828861561e-16,0.0,3.4162151657723124e-14,1.0
39.43,0.0,0.0,0.0,0.0,2.9272466378777456e-17,-3.0888452845613736e-18,2.0306375117472764e-16,0.0,4.061275023494553e-14,1.0
39.44,0.0,0.0,0.0,0.0,-2.594290612706572e-18,7.180007367324439e-19,1.4902687328786573e-16,0.0,2.9805374657573146e-14,1.0
39.45,0.0,0.0,0.0,0.0,-2.770674983729325e-18,7.387414547505371e-18,2.2857004126049824e-16,0.0,4.571400825209965e-14,1.0
39.46,0.0,0.0,0.0,0.0,1.0799259204095438e-17,-9.595590577264888e-18,1.4137606770616245e-16,0.0,2.827521354123249e-14,1.0
39.47,0.0,0.0,0.0,0.0,8.911972820684366e-18,-2.9405263788425635e-19,1.5057950453593545e-16,0.0,3.011590090718709e-14,1.0
39.480000000000004,0.0,0.0,0.0,0.0,1.2272046455601889e-17,-1.4021243490068648e-17,1.7653369473169761e-16,0.0,3.530673894633952e-14,1.0
39.49,0.0,0.0,0.0,0.0,1.6051476375251328e-17,-1.925989102770596e-18,1.1171010218688752e-16,0.0,2.2342020437377503e-14,1.0
39.5,0.0,0.0,0.0,0.0,1.7475736553451466e-17,-3.930981082333193e-18,5.637757863011652e-17,0.0,1.1275515726023303e-14,1.0
39.51,0.0,0.0,0.0,0.0,-5.8970179237425065e-18,-2.844883662035149e-17,4.2378295864374396e-17,0.0,8.475659172874878e-15,1.0
39.52,0.0,0.0,0.0,0.0,9.355618288665965e-18,-1.3653328126835145e-17,2.665561023363622e-17,0.0,5.3311220467272435e-15,1.0
39.53,0.0,0.0,0.0,0.0,1.0836676382953067e-17,-1.3592259166752083e-17,3.17264797063214e-17,0.0,6.34529594126428e-15,1.0
39.54,0.0,0.0,0.0,0.0,1.2623160068791626e-17,-1.1333527006030481e-17,5.546733500820983e-17,0.0,1.1093467001641966e-14,1.0
39.550000000000004,0.0,0.0,0.0,0.0,1.442023957451514e-17,-9.700136812354429e-18,1.1071893933354052e-16,0.0,2.2143787866708104e-14,1.0
39.56,0.0,0.0,0.0,0.0,1.3628240034391924e-17,-6.746547279343209e-18,1.387989984865905e-16,0.0,2.77597996973181e-14,1.0
39.57,0.0,0.0,0.0,0.0,1.0045775005235951e-17,-7.702082930019236e-18,7.093832342071737e-17,0.0,1.4187664684143474e-14,1.0
39.58,0.0,0.0,0.0,0.0,1.8095639235884136e-17,1.0233870270903252e-18,4.7469989126870107e-17,0.0,9.49399782537402e-15,1.0
39.59,0.0,0.0,0.0,0.0,7.749521292462838e-18,-9.387789265754054e-18,3.3577839841553043e-17,0.0,6.7155679683106086e-15,1.0
39.6,0.0,0.0,0.0,0.0,9.127928536968572e-18,-9.654741242426922e-18,6.328581277825188e-17,0.0,1.2657162555650375e-14,1.0
39.61,0.0,0.0,0.0,0.0,1.3796888464573526e-17,-1.4770474247019023e-17,4.1992981337521435e-17,0.0,8.398596267504287e-15,1.0
39.62,0.0,0.0,0.0,0.0,8.055345393006425e-18,-9.674750514727864e-18,2.3375457242455057e-17,0.0,4.675091448491011e-15,1.0
39.63,0.0,0.0,0.0,0.0,1.1993473412447665e-17,-1.3172383312625188e-17,6.457836073684387e-17,0.0,1.2915672147368773e-14,1.0
39.64,0.0,0.0,0.0,0.0,3.598750131281429e-18,-1.0006936263257535e-17,1.2468779390812526e-16,0.0,2.493755878162505e-14,1.0
39.65,0.0,0.0,0.0,0.0,1.2910641900549487e-17,-1.9205910705585265e-19,1.6630486808341902e-16,0.0,3.3260973616683805e-14,1.0
39.660000000000004,0.0,0.0,0.0,0.0,-3.2911033093313497e-18,-1.8671331976330876e-17,1.2460237399525822e-16,0.0,2.4920474799051643e-14,1.0
39.67,0.0,0.0,0.0,0.0,-5.7834969910720465e-19,-8.73207277915402e-18,1.0510374999942379e-16,0.0,2.1020749999884756e-14,1.0
39.68,0.0,0.0,0.0,0.0,2.346682503758238e-18,-1.0444716640727275e-18,3.896542012587256e-17,0.0,7.793084025174512e-15,1.0
39.69,0.0,0.0,0.0,0.0,2.166157220686421e-18,-3.638806126483629e-18,9.427992337447959e-17,0.0,1.8855984674895917e-14,1.0
39.7,0.0,0.0,0.0,0.0,1.6472759746750167e-17,-1.664744005171385e-17,6.371626336001457e-17,0.0,1.2743252672002912e-14,1.0
39.71,0.0,0.0,0.0,0.0,6.336754390490078e-18,-2.5552911650585386e-17,6.562946438748889e-17,0.0,1.3125892877497778e-14,1.0
39.72,0.0,0.0,0.0,0.0,1.626345217129186e-17,-1.3325026450483412e-17,3.115092190178512e-17,0.0,6.230184380357023e-15,1.0
39.730000000000004,0.0,0.0,0.0,0.0,-1.598389976049207e-18,-1.4767694270204306e-17,5.43268118503024e-17,0.0,1.086536237006048e-14,1.0
39.74,0.0,0.0,0.0,0.0,2.308010075068319e-17,-8.028453404339219e-19,7.763524243536886e-17,0.0,1.5527048487073772e-14,1.0
39.75,0.0,0.0,0.0,0.0,1.9108609834540115e-17,-1.3474230371156342e-17,9.456450200661923e-17,0.0,1.8912900401323844e-14,1.0
39.76,0.0,0.0,0.0,0.0,1.3264341898641728e-17,-8.481207060225522e-18,1.0118652613017244e-16,0.0,2.023730522603449e-14,1.0
39.77,0.0,0.0,0.0,0.0,2.0932132920036178e-17,-1.877598978694436e-18,1.2497338997434942e-16,0.0,2.4994677994869883e-14,1.0
39.78,0.0,0.0,0.0,0.0,1.751897086224968e-17,-2.4158846139422293e-18,1.0043240065625108e-16,0.0,2.0086480131250216e-14,1.0
39.79,0.0,0.0,0.0,0.0,5.3554545722707966e-18,-8.600428895086639e-18,4.364031337316934e-17,0.0,8.728062674633868e-15,1.0
39.800000000000004,0.0,0.0,0.0,0.0,9.014969134870011e-18,-9.57969256872879e-18,8.841296309288768e-17,0.0,1.7682592618577536e-14,1.0
39.81,0.0,0.0,0.0,0.0,1.375544366112131e-18,-1.251539711622623e-19,1.1393321871331183e-16,0.0,2.2786643742662366e-14,1.0
39.82,0.0,0.0,0.0,0.0,1.3053650678885883e-17,-1.0654616177647516e-17,1.751998685774265e-16,0.0,3.5039973715485305e-14,1.0
39.83,0.0,0.0,0.0,0.0,1.5003990605740217e-17,-1.1869950131868955e-17,2.526160576449263e-16,0.0,5.0523211528985256e-14,1.0
39.84,0.0,0.0,0.0,0.0,1.3926153408242278e-17,-1.370759635998459e-17,2.8050033176926913e-16,0.0,5.6100066353853823e-14,1.0
39.85,0.0,0.0,0.0,0.0,3.0612130825439207e-17,-1.3689861103953824e-17,2.644165210224026e-16,0.0,5.288330420448052e-14,1.0
39.86,0.0,0.0,0.0,0.0,7.433903251960927e-18,-2.2695018052534234e-17,2.336458568580462e-16,0.0,4.672917137160924e-14,1.0
39.87,0.0,0.0,0.0,0.0,6.8612895598142614e-18,-1.2445087190522893e-17,2.5451212101226777e-16,0.0,5.0902424202453555e-14,1.0
39.88,0.0,0.0,0.0,0.0,7.40161028437271e-18,-1.3364139393222126e-17,3.0363347250221136e-16,0.0,6.072669450044228e-14,1.0
39.89,0.0,0.0,0.0,0.0,8.100996948527846e-18,-1.1727022044238655e-17,2.915823631136196e-16,0.0,5.831647262272392e-14,1.0
39.9,0.0,0.0,0.0,0.0,9.053515885896543e-18,-3.0855966592351676e-17,3.2310238549352684e-16,0.0,6.462047709870537e-14,1.0
39.910000000000004,0.0,0.0,0.0,0.0,8.614740967544088e-18,-1.1349738609585007e-17,3.296147215403232e-16,0.0,6.592294430806463e-14,1.0
39.92,0.0,0.0,0.0,0.0,9.897971226354717e-18,-2.8115993316298636e-17,2.926004717486777e-16,0.0,5.852009434973555e-14,1.0
39.93,0.0,0.0,0.0,0.0,1.0606595942723453e-17,-2.8288599481875836e-17,3.227426863022983e-16,0.0,6.454853726045965e-14,1.0
39.94,0.0,0.0,0.0,0.0,9.672856923384809e-18,-1.027395547429658e-17,3.4598133066366317e-16,0.0,6.919626613273263e-14,1.0
39.95,0.0,0.0,0.0,0.0,4.488415605294306e-18,-3.1908546249867305e-17,2.7160081945299016e-16,0.0,5.432016389059803e-14,1.0
39.96,0.0,0.0,0.0,0.0,9.392979955416513e-18,-2.711711339739386e-17,2.8542392400090243e-16,0.0,5.708478480018048e-14,1.0
39.97,0.0,0.0,0.0,0.0,9.341676175158182e-18,-7.893030884697383e-18,2.7621402107982724e-16,0.0,5.5242804215965447e-14,1.0
39.980000000000004,0.0,0.0,0.0,0.0,1.0589112449269362e-17,-8.390079175440874e-18,2.9443468504750173e-16,0.0,5.888693700950035e-14,1.0
39.99,0.0,0.0,0.0,0.0,1.4516620130066685e-17,-1.178433638904346e-17,2.283460396628488e-16,0.0,4.566920793256976e-14,1.0
40.0,0.0,0.0,0.0,0.0,8.666675661956186e-18,-5.8512294701071e-18,1.831882151874022e-16,0.0,3.663764303748044e-14,1.0
40.01,0.0,0.0,0.0,0.0,6.949661908938204e-18,-5.4022904345935164e-18,1.3207121984527765e-16,0.0,2.641424396905553e-14,1.0
40.02,0.0,0.0,0.0,0.0,4.93859347376437e-18,-6.00665727832026e-18,1.131343711764168e-16,0.0,2.262687423528336e-14,1.0
40.03,0.0,0.0,0.0,0.0,6.689296400250429e-18,-1.0465526747538853e-17,1.445342217038262e-16,0.0,2.8906844340765236e-14,1.0
40.04,0.0,0.0,0.0,0.0,2.1497280881212254e-18,-5.53782552582247e-18,1.562115617372001e-16,0.0,3.1242312347440017e-14,1.0
40.050000000000004,0.0,0.0,0.0,0.0,-4.572238553606844e-18,-4.971231252912405e-18,1.2920002927123223e-16,0.0,2.5840005854246445e-14,1.0
40.06,0.0,0.0,0.0,0.0,-3.5140904652523317e-19,-1.566695697553258e-17,7.308024427639945e-17,0.0,1.461604885527989e-14,1.0
40.07,0.0,0.0,0.0,0.0,2.7781911475094413e-18,1.568047658688514e-18,1.7868282126842663e-17,0.0,3.5736564253685326e-15,1.0
40.08,0.0,0.0,0.0,0.0,1.2590439023466589e-17,-1.0362195562929006e-17,3.974040724191843e-17,0.0,7.948081448383686e-15,1.0
40.09,0.0,0.0,0.0,0.0,1.5272945624564508e-17,-1.503325204678693e-17,8.038262019794339e-17,0.0,1.607652403958868e-14,1.0
40.1,0.0,0.0,0.0,0.0,8.554400355776285e-18,-1.0337671506562878e-17,1.1811284306323531e-16,0.0,2.3622568612647062e-14,1.0
40.11,0.0,0.0,0.0,0.0,7.724036847376935e-18,-1.0366519363558287e-17,1.4114972215708656e-16,0.0,2.8229944431417314e-14,1.0
40.12,0.0,0.0,0.0,0.0,-1.7281378460149541e-18,-1.8307711642597298e-17,1.4954588722526017e-16,0.0,2.9909177445052034e-14,1.0
40.13,0.0,0.0,0.0,0.0,-1.4044673142722548e-18,-1.3662665942706086e-17,2.406587048361879e-16,0.0,4.813174096723758e-14,1.0
40.14,0.0,0.0,0.0,0.0,-1.802074634991044e-18,-1.1933027619539943e-17,3.0186016910767585e-16,0.0,6.037203382153516e-14,1.0
40.15,0.0,0.0,0.0,0.0,-5.1146690474373886e-18,9.65517192958698e-18,2.64706511873676e-16,0.0,5.29413023747352e-14,1.0
40.160000000000004,0.0,0.0,0.0,0.0,8.026219019269513e-18,6.242542195633334e-18,1.8466450252865728e-16,0.0,3.693290050573145e-14,1.0
40.17,0.0,0.0,0.0,0.0,1.405713998186579e-18,1.1442940260066608e-18,2.3972934588562655e-16,0.0,4.794586917712531e-14,1.0
40.18,0.0,0.0,0.0,0.0,2.2585594657755277e-17,-4.222166026201246e-18,2.849913943412243e-16,0.0,5.699827886824485e-14,1.0
40.19,0.0,0.0,0.0,0.0,-5.4939606123827364e-18,-5.467962267104901e-18,2.422167195367471e-16,0.0,4.8443343907349426e-14,1.0
40.2,0.0,0.0,0.0,0.0,2.5031161848803e-18,-2.9164601325536924e-18,1.5855191391989991e-16,0.0,3.171038278397998e-14,1.0
40.21,0.0,0.0,0.0,0.0,3.322569420912144e-18,-5.96334652023383e-18,7.204267966958176e-17,0.0,1.4408535933916352e-14,1.0
40.22,0.0,0.0,0.0,0.0,2.5151323633557137e-17,-1.1734836057065897e-18,1.1122578424938515e-16,0.0,2.224515684987703e-14,1.0
40.230000000000004,0.0,0.0,0.0,0.0,1.0141081728950296e-17,-1.3701637491964141e-17,1.0592362964378897e-16,0.0,2.1184725928757794e-14,1.0
40.24,0.0,0.0,0.0,0.0,-2.3724610190147842e-18,-2.549729862697466e-17,8.907045868946315e-17,0.0,1.7814091737892628e-14,1.0
40.25,0.0,0.0,0.0,0.0,3.509219121136828e-18,-2.02854484709752e-17,6.376314493510385e-17,0.0,1.275262898702077e-14,1.0
40.26,0.0,0.0,0.0,0.0,2.2461238791179308e-17,-1.1695694337938796e-18,4.5898097985409764e-17,0.0,9.179619597081952e-15,1.0
40.27,0.0,0.0,0.0,0.0,1.1807133092698725e-17,-1.0834498186432502e-17,3.7420378156534437e-17,0.0,7.484075631306887e-15,1.0
40.28,0.0,0.0,0.0,0.0,9.571498714872534e-18,-1.0834114505386086e-17,3.0155979805671865e-17,0.0,6.031195961134373e-15,1.0
40.29,0.0,0.0,0.0,0.0,7.490907167468119e-18,-1.1154711003760533e-17,6.099173260402057e-17,0.0,1.2198346520804113e-14,1.0
40.300000000000004,0.0,0.0,0.0,0.0,7.765312792285623e-18,-7.967098590449596e-18,9.483919504706406e-17,0.0,1.8967839009412813e-14,1.0
40.31,0.0,0.0,0.0,0.0,-5.912314579425199e-18,-2.1294604186411818e-17,1.1321293740730828e-16,0.0,2.2642587481461655e-14,1.0
40.32,0.0,0.0,0.0,0.0,-7.427588807590559e-19,-8.796839294180999e-19,3.759903396922917e-17,0.0,7.519806793845833e-15,1.0
40.33,0.0,0.0,0.0,0.0,2.0397435393238868e-17,9.024997453894317e-19,1.2492615694160307e-16,0.0,2.4985231388320614e-14,1.0
40.34,0.0,0.0,0.0,0.0,6.446449688259052e-18,-1.4405674922677538e-17,1.6247755461743924e-16,0.0,3.2495510923487845e-14,1.0
40.35,0.0,0.0,0.0,0.0,-1.7020949189569541e-18,-9.970437213922389e-18,1.0787755466504649e-16,0.0,2.1575510933009296e-14,1.0
40.36,0.0,0.0,0.0,0.0,8.138337726889843e-19,-1.6909189061568686e-17,6.906714654917326e-17,0.0,1.3813429309834651e-14,1.0
40.37,0.0,0.0,0.0,0.0,4.071728777390449e-18,1.4069111235182927e-19,4.3564989752006766e-17,0.0,8.712997950401353e-15,1.0
40.38,0.0,0.0,0.0,0.0,6.519909556644344e-18,5.549553081890396e-19,9.623047459124464e-17,0.0,1.9246094918248927e-14,1.0
40.39,0.0,0.0,0.0,0.0,1.6412532545842727e-17,-7.871657484968933e-18,1.3128026031262692e-16,0.0,2.6256052062525384e-14,1.0
40.4,0.0,0.0,0.0,0.0,1.2987306784196141e-17,-7.960050864598265e-18,7.963561106575068e-17,0.0,1.5927122213150133e-14,1.0
40.410000000000004,0.0,0.0,0.0,0.0,2.228402045280119e-17,7.339179625910208e-18,6.009696759317539e-17,0.0,1.2019393518635077e-14,1.0
40.42,0.0,0.0,0.0,0.0,1.4794990696063185e-17,3.60179262225701e-18,1.221329833784357e-16,0.0,2.442659667568714e-14,1.0
40.43,0.0,0.0,0.0,0.0,-7.824199132063786e-18,6.50145479688185e-18,6.699709173885525e-17,0.0,1.339941834777105e-14,1.0
40.44,0.0,0.0,0.0,0.0,1.3641976359751628e-18,-3.983272981951301e-18,8.734777589588717e-17,0.0,1.7469555179177434e-14,1.0
40.45,0.0,0.0,0.0,0.0,1.9140925043856975e-18,-3.991763758710386e-18,8.197361256645471e-17,0.0,1.6394722513290942e-14,1.0
40.46,0.0,0.0,0.0,0.0,1.0262715419703745e-17,-1.1569882820649722e-17,3.8710143773920417e-17,0.0,7.742028754784083e-15,1.0
40.47,0.0,0.0,0.0,0.0,8.149990954230908e-18,-8.315067778046749e-18,4.948605082180087e-17,0.0,9.897210164360174e-15,1.0
40.480000000000004,0.0,0.0,0.0,0.0,1.0197908579803727e-17,-8.895999665077932e-18,5.722567855716852e-17,0.0,1.1445135711433704e-14,1.0
40.49,0.0,0.0,0.0,0.0,3.2336236504694433e-18,4.387959336552901e-18,2.596167732908347e-17,0.0,5.192335465816694e-15,1.0
40.5,0.0,0.0,0.0,0.0,6.520438018243363e-18,3.1034897672354817e-19,6.339160142364682e-17,0.0,1.2678320284729365e-14,1.0
40.51,0.0,0.0,0.0,0.0,-1.0028548762198312e-17,-2.3331100673092043e-17,1.3576670321329573e-16,0.0,2.7153340642659147e-14,1.0
40.52,0.0,0.0,0.0,0.0,-1.2684362774617247e-18,-1.951466150816411e-18,6.854705178213791e-17,0.0,1.3709410356427581e-14,1.0
40.53,0.0,0.0,0.0,0.0,2.7607262985189656e-18,-3.672883897399806e-18,1.0708944611921391e-16,0.0,2.141788922384278e-14,1.0
40.54,0.0,0.0,0.0,0.0,3.8094591180251836e-18,-2.25752426299713e-17,1.1175374335384787e-16,0.0,2.2350748670769572e-14,1.0
40.550000000000004,0.0,0.0,0.0,0.0,1.646098049994386e-17,-6.2280877023140834e-18,7.404388244215015e-17,0.0,1.480877648843003e-14,1.0
40.56,0.0,0.0,0.0,0.0,9.965426146392486e-18,-8.341605428151589e-18,2.6041053415235068e-17,0.0,5.208210683047013e-15,1.0
40.57,0.0,0.0,0.0,0.0,1.1106548840482202e-17,-5.676276338301793e-18,6.289263965332874e-17,0.0,1.2578527930665748e-14,1.0
40.58,0.0,0.0,0.0,0.0,3.89111639468577e-19,2.6249174766882702e-18,1.68326598846523e-17,0.0,3.3665319769304597e-15,1.0
40.59,0.0,0.0,0.0,0.0,1.7297519262505984e-17,-7.990818178537878e-19,7.566420051285258e-17,0.0,1.5132840102570513e-14,1.0
40.6,0.0,0.0,0.0,0.0,1.8595814259096024e-17,-1.973310998327489e-18,8.087942393920598e-17,0.0,1.6175884787841195e-14,1.0
40.61,0.0,0.0,0.0,0.0,-2.270055186800773e-18,-2.0584951449025328e-17,8.701983416270731e-17,0.0,1.740396683254146e-14,1.0
40.62,0.0,0.0,0.0,0.0,9.398320044080939e-18,-1.008090961744582e-17,5.28979775071637e-17,0.0,1.057959550143274e-14,1.0
40.63,0.0,0.0,0.0,0.0,-5.813168996740174e-19,-6.317925015285413e-18,5.70098753447364e-17,0.0,1.1401975068947281e-14,1.0
40.64,0.0,0.0,0.0,0.0,1.8712977723947232e-17,-7.17982854269158e-18,3.359317972431725e-17,0.0,6.7186359448634495e-15,1.0
40.65,0.0,0.0,0.0,0.0,3.0804069607242617e-19,1.412219231970058e-17,1.2369053469843896e-16,0.0,2.473810693968779e-14,1.0
40.660000000000004,0.0,0.0,0.0,0.0,1.1462512902276917e-17,-6.045381022084852e-18,1.8113566374604996e-16,0.0,3.622713274920999e-14,1.0
40.67,0.0,0.0,0.0,0.0,1.633319987642214e-17,-8.809099203082503e-18,2.0330282136585224e-16,0.0,4.0660564273170446e-14,1.0
40.68,0.0,0.0,0.0,0.0,1.8408578309729438e-17,-1.1783778367581608e-17,1.8282417852606696e-16,0.0,3.6564835705213394e-14,1.0
40.69,0.0,0.0,0.0,0.0,2.3890149038022283e-17,6.654564210938891e-18,1.1190075416818936e-16,0.0,2.238015083363787e-14,1.0
40.7,0.0,0.0,0.0,0.0,1.7229872331895818e-17,-1.0129524529192465e-19,9.300028604591767e-17,0.0,1.8600057209183534e-14,1.0
40.71,0.0,0.0,0.0,0.0,1.5705619817700617e-17,-2.1331621935405085e-18,6.925010858231076e-17,0.0,1.3850021716462153e-14,1.0
40.72,0.0,0.0,0.0,0.0,1.4521516733823755e-17,-2.2588693421853956e-18,4.3031049399208516e-17,0.0,8.606209879841702e-15,1.0
40.730000000000004,0.0,0.0,0.0,0.0,-1.538860722620982e-19,-1.6021676267297365e-17,3.825968986100894e-17,0.0,7.651937972201787e-15,1.0
40.74,0.0,0.0,0.0,0.0,-8.848332592980454e-18,-2.2659260538617015e-17,3.904084874912016e-17,0.0,7.808169749824032e-15,1.0
40.75,0.0,0.0,0.0,0.0,-1.5613666807243918e-18,-1.7940668136167687e-17,2.479549309799452e-17,0.0,4.9590986195989036e-15,1.0
40.76,0.0,0.0,0.0,0.0,-1.5622887677072629e-18,4.855085911926956e-19,1.42552008806697e-17,0.0,2.85104017613394e-15,1.0
40.77,0.0,0.0,0.0,0.0,2.1538002351645305e-17,-6.326013770582268e-18,8.123658589863091e-17,0.0,1.6247317179726184e-14,1.0
40.78,0.0,0.0,0.0,0.0,6.720974338449004e-18,3.3224351739697056e-18,5.492443555365221e-17,0.0,1.0984887110730442e-14,1.0
40.79,0.0,0.0,0.0,0.0,-2.6956901438233897e-18,-2.5328463326540954e-17,4.5419862054743616e-17,0.0,9.083972410948722e-15,1.0
40.800000000000004,0.0,0.0,0.0,0.0,1.1969462020336527e-17,-1.143427439315543e-17,1.3812988454437567e-16,0.0,2.7625976908875133e-14,1.0
40.81,0.0,0.0,0.0,0.0,1.2651766541962257e-17,-1.1050692653031658e-17,1.0105446352557401e-16,0.0,2.02108927051148e-14,1.0
40.82,0.0,0.0,0.0,0.0,1.3392041356770425e-17,-1.1098816465059326e-17,1.4032274506518565e-16,0.0,2.806454901303713e-14,1.0
40.83,0.0,0.0,0.0,0.0,1.9676774263464413e-17,-1.574687602056658e-17,1.9827634020134295e-16,0.0,3.965526804026859e-14,1.0
40.84,0.0,0.0,0.0,0.0,1.6198430483425e-17,-1.1092753778930718e-17,2.647237835515176e-16,0.0,5.2944756710303525e-14,1.0
40.85,0.0,0.0,0.0,0.0,1.406066923935293e-17,-1.1511292543582713e-17,2.5406158786927446e-16,0.0,5.081231757385489e-14,1.0
40.86,0.0,0.0,0.0,0.0,3.6997340329643015e-17,-8.704087782959851e-18,3.1317899422310303e-16,0.0,6.263579884462061e-14,1.0
40.87,0.0,0.0,0.0,0.0,9.601425058734832e-18,-1.2608473091622627e-17,2.7172729745856303e-16,0.0,5.43454594917126e-14,1.0
40.88,0.0,0.0,0.0,0.0,1.6301600242572192e-17,-1.2414284340084221e-17,2.516588009390827e-16,0.0,5.033176018781654e-14,1.0
40.89,0.0,0.0,0.0,0.0,3.8891672650974545e-19,-1.4075017958176286e-17,1.8369668010202707e-16,0.0,3.673933602040541e-14,1.0
40.9,0.0,0.0,0.0,0.0,5.7903270423768566e-18,-6.5426948043648706e-18,1.465524412830176e-16,0.0,2.931048825660352e-14,1.0
40.910000000000004,0.0,0.0,0.0,0.0,4.694121597998725e-18,-3.957581598759166e-18,4.5844396392415284e-17,0.0,9.168879278483057e-15,1.0
40.92,0.0,0.0,0.0,0.0,2.0677709407040554e-18,-3.784141558488068e-18,6.731540934680587e-17,0.0,1.3463081869361173e-14,1.0
40.93,0.0,0.0,0.0,0.0,1.621501192038395e-17,7.843872523747875e-18,1.251826154751167e-16,0.0,2.5036523095023336e-14,1.0
40.94,0.0,0.0,0.0,0.0,-4.63204800762541e-18,3.166874064748933e-18,8.070946393757963e-17,0.0,1.6141892787515927e-14,1.0
40.95,0.0,0.0,0.0,0.0,-1.3676941913930211e-18,-7.873731275204199e-18,5.215221102766058e-17,0.0,1.0430442205532116e-14,1.0
40.96,0.0,0.0,0.0,0.0,-7.926288335195014e-19,4.897231809451234e-18,8.371278651077838e-17,0.0,1.6742557302155676e-14,1.0
40.97,0.0,0.0,0.0,0.0,4.21411380471902e-18,-9.613630631437172e-19,7.606610174576053e-17,0.0,1.5213220349152105e-14,1.0
40.980000000000004,0.0,0.0,0.0,0.0,1.7671196689582764e-17,-1.6021314209294926e-17,7.965683861715878e-17,0.0,1.5931367723431754e-14,1.0
40.99,0.0,0.0,0.0,0.0,1.1607673212507108e-17,-1.1549441109662273e-17,8.668114830920133e-17,0.0,1.7336229661840266e-14,1.0
41.0,0.0,0.0,0.0,0.0,1.1622815209999651e-17,-1.1871781179802537e-17,1.149901969160192e-16,0.0,2.2998039383203838e-14,1.0
41.01,0.0,0.0,0.0,0.0,9.770167376576056e-18,-2.1196920975955663e-17,1.032278237908623e-16,0.0,2.064556475817246e-14,1.0
41.02,0.0,0.0,0.0,0.0,1.4765086914490097e-17,-8.483658524974483e-18,1.679240703972087e-16,0.0,3.358481407944174e-14,1.0
41.03,0.0,0.0,0.0,0.0,1.2300332249015584e-17,-1.482121449916813e-17,2.457648799711516e-16,0.0,4.9152975994230314e-14,1.0
41.04,0.0,0.0,0.0,0.0,1.3395802821461374e-17,-1.1986229677765183e-17,2.2484426388837827e-16,0.0,4.4968852777675654e-14,1.0
41.050000000000004,0.0,0.0,0.0,0.0,1.2660549633817143e-17,-2.871298190080718e-17,2.0021469861723944e-16,0.0,4.0042939723447884e-14,1.0
41.06,0.0,0.0,0.0,0.0,9.135790606060512e-18,-8.130085140248469e-18,1.4993537649370888e-16,0.0,2.998707529874178e-14,1.0
41.07,0.0,0.0,0.0,0.0,7.53928953758697e-18,-1.600219529684705e-17,1.0521198101878409e-16,0.0,2.104239620375682e-14,1.0
41.08,0.0,0.0,0.0,0.0,1.3004330304536129e-18,-1.1528475091148787e-17,7.794264524214673e-17,0.0,1.5588529048429344e-14,1.0
41.09,0.0,0.0,0.0,0.0,6.477422117032565e-18,-8.33519869778261e-18,1.0470080969010306e-16,0.0,2.0940161938020612e-14,1.0
41.1,0.0,0.0,0.0,0.0,1.0817024771383617e-17,-1.3898154536112262e-17,1.0390652673687146e-16,0.0,2.078130534737429e-14,1.0
41.11,0.0,0.0,0.0,0.0,7.98454059951301e-18,-1.0822089622195778e-17,1.4075183063200438e-16,0.0,2.8150366126400876e-14,1.0
41.12,0.0,0.0,0.0,0.0,1.0508779959447157e-17,-1.060542567312873e-17,1.3774265827087804e-16,0.0,2.754853165417561e-14,1.0
41.13,0.0,0.0,0.0,0.0,1.2614909996373688e-17,-1.20005537463147e-17,2.0176924510734764e-16,0.0,4.0353849021469526e-14,1.0
41.14,0.0,0.0,0.0,0.0,1.3072103844723358e-17,-1.649015031412402e-17,1.7432635206032256e-16,0.0,3.486527041206451e-14,1.0
41.15,0.0,0.0,0.0,0.0,9.218562664187539e-18,-1.5141054340993312e-17,1.9222473376961407e-16,0.0,3.8444946753922815e-14,1.0
41.160000000000004,0.0,0.0,0.0,0.0,4.62847728968964e-18,-1.0237551058484488e-17,2.0911911610891713e-16,0.0,4.1823823221783427e-14,1.0
41.17,0.0,0.0,0.0,0.0,-5.2450570087246176e-18,-8.307409788875735e-18,2.0307279744795214e-16,0.0,4.061455948959043e-14,1.0
41.18,0.0,0.0,0.0,0.0,-3.4151680002595456e-18,-1.516276193587765e-17,1.5896382185076804e-16,0.0,3.179276437015361e-14,1.0
41.19,0.0,0.0,0.0,0.0,-4.4250947567855455e-19,-1.3435092345847389e-17,1.1257278839101663e-16,0.0,2.2514557678203325e-14,1.0
41.2,0.0,0.0,0.0,0.0,2.5486472011601874e-18,-1.3119640823374041e-17,8.200713042519767e-17,0.0,1.6401426085039534e-14,1.0
41.21,0.0,0.0,0.0,0.0,2.592895166291318e-18,-1.6122029628799876e-17,6.96311280374638e-17,0.0,1.3926225607492759e-14,1.0
41.22,0.0,0.0,0.0,0.0,2.962691458441306e-17,9.386342517691365e-18,1.190824571492268e-16,0.0,2.3816491429845357e-14,1.0
41.230000000000004,0.0,0.0,0.0,0.0,4.192859404681204e-18,-1.558709449311672e-17,1.3543250017508958e-16,0.0,2.7086500035017918e-14,1.0
41.24,0.0,0.0,0.0,0.0,1.0119413205215095e-18,-2.1186410267863943e-17,9.229400808045286e-17,0.0,1.8458801616090572e-14,1.0
41.25,0.0,0.0,0.0,0.0,3.584339334192242e-18,-2.1487143989340135e-17,6.0967513395884e-17,0.0,1.21935026791768e-14,1.0
41.26,0.0,0.0,0.0,0.0,1.393744953918222e-17,-1.0513634491025692e-17,3.858276034287083e-17,0.0,7.716552068574165e-15,1.0
41.27,0.0,0.0,0.0,0.0,1.617717694441333e-17,-1.0293750151074068e-17,1.1387246552215215e-16,0.0,2.2774493104430428e-14,1.0
41.28,0.0,0.0,0.0,0.0,1.7293152460810616e-17,-1.3646253801913812e-17,2.693344222320575e-17,0.0,5.38668844464115e-15,1.0
41.29,0.0,0.0,0.0,0.0,3.204684687050443e-17,-3.531829992482893e-18,5.125467920006035e-17,0.0,1.0250935840012069e-14,1.0
41.300000000000004,0.0,0.0,0.0,0.0,9.855855295716277e-18,-1.33451749306484e-17,1.0735369976335512e-16,0.0,2.1470739952671023e-14,1.0
41.31,0.0,0.0,0.0,0.0,4.669685176742417e-18,-9.41726222128808e-18,1.285407624782916e-16,0.0,2.570815249565832e-14,1.0
41.32,0.0,0.0,0.0,0.0,-3.912795391780086e-18,-2.0401768020482107e-17,1.338512202519326e-16,0.0,2.6770244050386518e-14,1.0
41.33,0.0,0.0,0.0,0.0,-1.8118104433466484e-18,-8.986891345172409e-18,1.0173813695615306e-16,0.0,2.0347627391230613e-14,1.0
41.34,0.0,0.0,0.0,0.0,-1.1165168875660755e-18,-1.6182255310576393e-17,1.3940471485543022e-16,0.0,2.7880942971086043e-14,1.0
41.35,0.0,0.0,0.0,0.0,4.1634596979214616e-19,-1.5151923291188007e-17,1.4164224439184202e-16,0.0,2.8328448878368405e-14,1.0
41.36,0.0,0.0,0.0,0.0,2.1991396371370948e-18,-1.6770267097570455e-17,9.878757580342467e-17,0.0,1.9757515160684935e-14,1.0
41.37,0.0,0.0,0.0,0.0,1.2953985335564028e-17,-8.808611954252991e-18,7.658301747493291e-17,0.0,1.531660349498658e-14,1.0
41.38,0.0,0.0,0.0,0.0,1.344083361652504e-17,-9.994662129180022e-18,6.800688352407296e-17,0.0,1.3601376704814592e-14,1.0
41.39,0.0,0.0,0.0,0.0,1.1781922627440144e-17,-1.1643304929082821e-17,2.860804485282659e-17,0.0,5.721608970565318e-15,1.0
41.4,0.0,0.0,0.0,0.0,1.414987761506474e-17,-1.750070555821767e-17,5.4010820581436366e-17,0.0,1.0802164116287272e-14,1.0
41.410000000000004,0.0,0.0,0.0,0.0,9.235772205828458e-18,-1.4322627023639824e-17,6.933285247109571e-17,0.0,1.3866570494219141e-14,1.0
41.42,0.0,0.0,0.0,0.0,1.0965510754543404e-17,-1.786883271805465e-17,1.3203022023832361e-16,0.0,2.640604404766472e-14,1.0
41.43,0.0,0.0,0.0,0.0,1.7600243213342538e-18,-3.333647420983338e-17,1.1728502269046417e-16,0.0,2.3457004538092832e-14,1.0
41.44,0.0,0.0,0.0,0.0,-2.6907644773021737e-18,-1.6281100319266946e-17,1.4863256857759156e-16,0.0,2.972651371551831e-14,1.0
41.45,0.0,0.0,0.0,0.0,-2.6360561229391935e-18,-1.5345942930444904e-17,1.8325405402387858e-16,0.0,3.665081080477571e-14,1.0
41.46,0.0,0.0,0.0,0.0,-2.0266925055826616e-19,-5.163827596752802e-18,1.7338513204313264e-16,0.0,3.467702640862653e-14,1.0
41.47,0.0,0.0,0.0,0.0,3.021406474802646e-18,-1.3820680182694899e-17,2.0043646852618619e-16,0.0,4.0087293705237236e-14,1.0
41.480000000000004,0.0,0.0,0.0,0.0,3.098699481984038e-18,-1.4231600345212762e-17,2.286123829853537e-16,0.0,4.572247659707074e-14,1.0
41.49,0.0,0.0,0.0,0.0,2.3417413173235363e-17,7.951969258983618e-18,2.481254459075155e-16,0.0,4.962508918150309e-14,1.0
41.5,0.0,0.0,0.0,0.0,1.7841098912236434e-17,2.1118460645637296e-18,2.5709933160148575e-16,0.0,5.141986632029715e-14,1.0
41.51,0.0,0.0,0.0,0.0,5.905303203468282e-19,-1.5701308847000821e-18,1.666742101716107e-16,0.0,3.333484203432214e-14,1.0
41.52,0.0,0.0,0.0,0.0,2.8497714923039128e-18,-2.2115564096352456e-18,1.4513278955974676e-16,0.0,2.902655791194935e-14,1.0
41.53,0.0,0.0,0.0,0.0,1.1561420287562468e-17,-1.1947969366628714e-17,1.4930300020784785e-16,0.0,2.9860600041569566e-14,1.0
41.54,0.0,0.0,0.0,0.0,9.574063244932036e-18,-1.1340401701762754e-17,1.6802106993411796e-16,0.0,3.360421398682359e-14,1.0
41.550000000000004,0.0,0.0,0.0,0.0,9.091233852248473e-18,-1.1498229527404055e-17,1.4772700046589884e-16,0.0,2.954540009317977e-14,1.0
41.56,0.0,0.0,0.0,0.0,3.9958289148627614e-19,-2.0845823260336052e-17,1.3494033592210947e-16,0.0,2.6988067184421892e-14,1.0
41.57,0.0,0.0,0.0,0.0,1.0501332220805084e-18,-2.1990157069686456e-17,8.601864127166677e-17,0.0,1.7203728254333353e-14,1.0
41.58,0.0,0.0,0.0,0.0,1.2320729592776908e-17,-1.2703943373700824e-17,6.687813663182636e-17,0.0,1.3375627326365272e-14,1.0
41.59,0.0,0.0,0.0,0.0,1.251616900314595e-17,-1.2649573422869611e-17,6.066085363786329e-17,0.0,1.2132170727572658e-14,1.0
41.6,0.0,0.0,0.0,0.0,1.1762790311257682e-17,-1.263873525948925e-17,4.298268006128131e-17,0.0,8.596536012256262e-15,1.0
41.61,0.0,0.0,0.0,0.0,1.1199974511837089e-17,-1.2407346287370265e-17,4.696702811293336e-17,0.0,9.393405622586672e-15,1.0
41.62,0.0,0.0,0.0,0.0,9.54401127047475e-18,-1.0997627733248105e-17,2.088254603986944e-17,0.0,4.176509207973888e-15,1.0
41.63,0.0,0.0,0.0,0.0,7.650231342237105e-18,-1.0824719759126876e-17,2.092954886649689e-17,0.0,4.185909773299378e-15,1.0
41.64,0.0,0.0,0.0,0.0,6.879407710950687e-18,-1.0648782426319575e-17,5.037136735911126e-17,0.0,1.0074273471822252e-14,1.0
41.65,0.0,0.0,0.0,0.0,-8.166315804865694e-18,-2.563586678273133e-17,8.507282082460728e-17,0.0,1.7014564164921454e-14,1.0
41.660000000000004,0.0,0.0,0.0,0.0,-1.6923283858933244e-18,-2.11479970832029e-17,7.717585538942639e-17,0.0,1.5435171077885275e-14,1.0
41.67,0.0,0.0,0.0,0.0,-1.522650394260908e-18,-1.010713872006996e-17,7.444134256757127e-17,0.0,1.4888268513514253e-14,1.0
41.68,0.0,0.0,0.0,0.0,5.925155891239749e-19,-1.9130018507290332e-17,4.124923245455092e-17,0.0,8.249846490910183e-15,1.0
41.69,0.0,0.0,0.0,0.0,1.8388680504118577e-18,-1.9011554498941518e-17,4.144360630093862e-17,0.0,8.288721260187724e-15,1.0
41.7,0.0,0.0,0.0,0.0,1.0263583613672723e-17,-9.019559358886096e-18,4.5507238075256776e-17,0.0,9.101447615051356e-15,1.0
41.71,0.0,0.0,0.0,0.0,1.1181938896894525e-17,-8.280065652266057e-18,1.926900643713577e-17,0.0,3.853801287427154e-15,1.0
41.72,0.0,0.0,0.0,0.0,1.86691234326407e-18,-1.7953083748563583e-17,3.3399352696156776e-17,0.0,6.679870539231355e-15,1.0
41.730000000000004,0.0,0.0,0.0,0.0,1.1449391874400792e-17,-7.535635275361453e-18,4.8686883330683854e-17,0.0,9.73737666613677e-15,1.0
41.74,0.0,0.0,0.0,0.0,8.97840139746896e-18,-7.383225888929118e-18,3.3837157896107977e-17,0.0,6.7674315792215956e-15,1.0
41.75,0.0,0.0,0.0,0.0,9.977379002260065e-18,-8.840505219434741e-18,3.035982075877173e-17,0.0,6.071964151754346e-15,1.0
41.76,0.0,0.0,0.0,0.0,-1.0363232016357886e-18,-6.6135669769954886e-18,8.815613120296633e-17,0.0,1.7631226240593267e-14,1.0
41.77,0.0,0.0,0.0,0.0,8.65699245039694e-18,-5.241332741980585e-18,1.2708520171195787e-16,0.0,2.5417040342391574e-14,1.0
41.78,0.0,0.0,0.0,0.0,-1.8492890779341367e-18,-3.770589643544607e-18,2.0202970944277575e-16,0.0,4.040594188855515e-14,1.0
41.79,0.0,0.0,0.0,0.0,-1.7570738472086687e-18,-1.6370288813855294e-17,1.4921229367625824e-16,0.0,2.984245873525165e-14,1.0
41.800000000000004,0.0,0.0,0.0,0.0,-3.5340235702576824e-18,3.170955655049781e-18,7.190174422377008e-17,0.0,1.4380348844754015e-14,1.0
41.81,0.0,0.0,0.0,0.0,2.039546830700067e-18,-1.0852445537246221e-17,1.1135645031532577e-16,0.0,2.2271290063065154e-14,1.0
41.82,0.0,0.0,0.0,0.0,1.1924902242759044e-17,-1.0249110497466771e-17,1.2729061396145084e-16,0.0,2.545812279229017e-14,1.0
41.83,0.0,0.0,0.0,0.0,1.1800015850389423e-17,-9.689371287089247e-18,1.417123693212936e-16,0.0,2.8342473864258718e-14,1.0
41.84,0.0,0.0,0.0,0.0,1.2149331710318198e-17,-9.75764062726442e-18,1.5488391325161427e-16,0.0,3.0976782650322854e-14,1.0
41.85,0.0,0.0,0.0,0.0,1.453073760876353e-17,-1.4515930726552183e-17,1.3458352488238682e-16,0.0,2.6916704976477364e-14,1.0
41.86,0.0,0.0,0.0,0.0,6.7914584543865254e-18,-9.560708770144448e-18,1.390545307507611e-16,0.0,2.781090615015222e-14,1.0
41.87,0.0,0.0,0.0,0.0,9.307046545088418e-18,-1.0514499981280291e-17,2.6010697161904417e-16,0.0,5.202139432380883e-14,1.0
41.88,0.0,0.0,0.0,0.0,-1.0678891391728831e-17,-1.7702957345429578e-17,3.462698493045584e-16,0.0,6.925396986091168e-14,1.0
41.89,0.0,0.0,0.0,0.0,-2.3702008791644037e-18,3.120339460043854e-18,2.520005123462269e-16,0.0,5.040010246924538e-14,1.0
41.9,0.0,0.0,0.0,0.0,3.7056222596518904e-18,-3.4584985186124475e-18,1.2786851011413845e-16,0.0,2.557370202282769e-14,1.0
41.910000000000004,0.0,0.0,0.0,0.0,5.295184876640606e-18,-5.567820763080464e-18,1.200530866752716e-16,0.0,2.4010617335054318e-14,1.0
41.92,0.0,0.0,0.0,0.0,1.4794359305180534e-17,-1.5461362206299798e-17,1.195834672691142e-16,0.0,2.391669345382284e-14,1.0
41.93,0.0,0.0,0.0,0.0,1.3128461129686337e-17,-1.516059781961468e-17,1.008533312702859e-16,0.0,2.017066625405718e-14,1.0
41.94,0.0,0.0,0.0,0.0,1.2515795231704879e-17,-1.451344210728756e-17,1.1422673872726967e-16,0.0,2.2845347745453932e-14,1.0
41.95,0.0,0.0,0.0,0.0,1.1955379549380197e-17,-1.3756364512235564e-17,1.325189501855885e-16,0.0,2.65037900371177e-14,1.0
41.96,0.0,0.0,0.0,0.0,1.5111701943097902e-17,-1.6370494353883092e-17,1.0663275168329433e-16,0.0,2.1326550336658867e-14,1.0
41.97,0.0,0.0,0.0,0.0,2.4059102291925653e-18,-1.395967218012354e-17,5.469699421539688e-17,0.0,1.0939398843079375e-14,1.0
41.980000000000004,0.0,0.0,0.0,0.0,6.7855792992759184e-18,-8.248901690941304e-18,5.745352112493733e-17,0.0,1.1490704224987465e-14,1.0
41.99,0.0,0.0,0.0,0.0,-3.3628951041826224e-18,-1.7688198260728374e-17,4.810431358020126e-17,0.0,9.620862716040251e-15,1.0
42.0,0.0,0.0,0.0,0.0,7.940803887087996e-18,-8.744126797208386e-18,5.117293269698703e-17,0.0,1.0234586539397407e-14,1.0
42.01,0.0,0.0,0.0,0.0,-1.39993546151495e-18,-1.9968215150351162e-17,2.324495728602971e-17,0.0,4.648991457205942e-15,1.0
42.02,0.0,0.0,0.0,0.0,8.695065763314914e-18,-9.92963449488927e-18,2.5652569408829984e-17,0.0,5.130513881765997e-15,1.0
42.03,0.0,0.0,0.0,0.0,9.525592585467469e-18,-9.520411443999247e-18,3.89885283228127e-17,0.0,7.79770566456254e-15,1.0
42.04,0.0,0.0,0.0,0.0,1.00428572963571e-17,-9.481261928545259e-18,4.0676723079080457e-17,0.0,8.135344615816091e-15,1.0
42.050000000000004,0.0,0.0,0.0,0.0,1.1020424688618889e-17,-9.307418208847229e-18,6.890841356613334e-17,0.0,1.3781682713226669e-14,1.0
42.06,0.0,0.0,0.0,0.0,1.2438314486645444e-17,-9.067722992039236e-18,1.1013101706609564e-16,0.0,2.202620341321913e-14,1.0
42.07,0.0,0.0,0.0,0.0,1.2504245889845035e-17,-1.1541856842126918e-17,1.2859992691246887e-16,0.0,2.5719985382493775e-14,1.0
42.08,0.0,0.0,0.0,0.0,1.4532225723637506e-17,-1.5791168404732218e-17,5.92278363549154e-17,0.0,1.1845567270983081e-14,1.0
42.09,0.0,0.0,0.0,0.0,8.66131127542976e-18,-1.0594345811736608e-17,5.787548812847411e-17,0.0,1.1575097625694822e-14,1.0
42.1,0.0,0.0,0.0,0.0,8.985479476522976e-18,-1.1170814878203914e-17,8.371905210639688e-17,0.0,1.6743810421279376e-14,1.0
42.11,0.0,0.0,0.0,0.0,1.10616145337406e-17,-1.2980006990028807e-17,1.6250448538406976e-16,0.0,3.250089707681395e-14,1.0
42.12,0.0,0.0,0.0,0.0,1.3643115131922992e-17,-1.1417543897511491e-17,2.0781604320253106e-16,0.0,4.1563208640506213e-14,1.0
42.13,0.0,0.0,0.0,0.0,1.4009818796106082e-17,-2.947336460039157e-17,2.2620386740828555e-16,0.0,4.524077348165711e-14,1.0
42.14,0.0,0.0,0.0,0.0,1.2391230801108669e-17,-1.0602806249841712e-17,2.2417466713030556e-16,0.0,4.483493342606111e-14,1.0
42.15,0.0,0.0,0.0,0.0,1.0455894255737489e-17,-1.1373289666451165e-17,2.272876668651741e-16,0.0,4.545753337303482e-14,1.0
42.160000000000004,0.0,0.0,0.0,0.0,9.533564469472444e-18,-1.0045757820550767e-17,2.0672312614900006e-16,0.0,4.1344625229800013e-14,1.0
42.17,0.0,0.0,0.0,0.0,9.141954439763726e-18,-2.857207799563912e-17,2.036295453127438e-16,0.0,4.072590906254876e-14,1.0
42.18,0.0,0.0,0.0,0.0,1.9360942397626866e-17,-9.09080627916136e-18,2.215722162101688e-16,0.0,4.431444324203376e-14,1.0
42.19,0.0,0.0,0.0,0.0,1.057674470690622e-17,-8.42897637837658e-18,2.448590494633543e-16,0.0,4.897180989267086e-14,1.0
42.2,0.0,0.0,0.0,0.0,9.231068770366696e-18,-8.972016773928213e-18,2.1672227080111032e-16,0.0,4.334445416022206e-14,1.0
42.21,0.0,0.0,0.0,0.0,2.8535592715909605e-17,-8.969000112754933e-18,2.1315690198640292e-16,0.0,4.263138039728058e-14,1.0
42.22,0.0,0.0,0.0,0.0,6.575713250062121e-18,-6.933475225035777e-18,2.983021925255666e-16,0.0,5.966043850511332e-14,1.0
42.230000000000004,0.0,0.0,0.0,0.0,1.0877392580342254e-17,-2.229485730396531e-17,3.041603340523729e-16,0.0,6.083206681047458e-14,1.0
42.24,0.0,0.0,0.0,0.0,1.491702611922121e-17,-2.5730106394661255e-17,2.789732443687577e-16,0.0,5.579464887375154e-14,1.0
42.25,0.0,0.0,0.0,0.0,1.864616943509441e-17,-1.9616800147852738e-17,2.559232328434632e-16,0.0,5.118464656869264e-14,1.0
42.26,0.0,0.0,0.0,0.0,1.4690345995144917e-17,-1.7766060347247478e-17,1.4759800765216181e-16,0.0,2.951960153043236e-14,1.0
42.27,0.0,0.0,0.0,0.0,1.4569731977191292e-17,-1.4105184381584194e-17,8.869452742355393e-17,0.0,1.7738905484710787e-14,1.0
42.28,0.0,0.0,0.0,0.0,3.7443448340330146e-18,-2.3688366269055734e-17,2.561918123393246e-17,0.0,5.123836246786492e-15,1.0
42.29,0.0,0.0,0.0,0.0,2.7600903218393965e-19,-1.0160126331243452e-18,3.383922247700453e-17,0.0,6.767844495400905e-15,1.0
42.300000000000004,0.0,0.0,0.0,0.0,8.491320776818497e-18,-8.379028088642984e-18,8.876434031218637e-17,0.0,1.7752868062437275e-14,1.0
42.31,0.0,0.0,0.0,0.0,1.0845310661701358e-17,-1.0239958707910802e-17,1.2409418207604776e-16,0.0,2.481883641520955e-14,1.0
42.32,0.0,0.0,0.0,0.0,1.2105233638205154e-17,-1.05578464037444e-17,1.4331368522948768e-16,0.0,2.866273704589754e-14,1.0
42.33,0.0,0.0,0.0,0.0,9.274819636073147e-18,-2.8806070262242724e-17,5.958211657492958e-17,0.0,1.1916423314985915e-14,1.0
42.34,0.0,0.0,0.0,0.0,2.5605177195242113e-17,-2.445216355346498e-17,4.1495315468917474e-17,0.0,8.299063093783495e-15,1.0
42.35,0.0,0.0,0.0,0.0,-1.5244883259134452e-18,-1.3926612709354546e-17,1.0901825612188369e-16,0.0,2.1803651224376737e-14,1.0
42.36,0.0,0.0,0.0,0.0,3.6334526156001085e-18,-8.75517618370783e-18,1.215939279603868e-16,0.0,2.4318785592077358e-14,1.0
42.37,0.0,0.0,0.0,0.0,-5.425371456903781e-18,-1.8293888278839386e-17,1.575061376014195e-16,0.0,3.15012275202839e-14,1.0
42.38,0.0,0.0,0.0,0.0,-8.95742003238606e-18,-2.6916002197450583e-18,1.7570262635367288e-16,0.0,3.514052527073458e-14,1.0
42.39,0.0,0.0,0.0,0.0,-1.4236267172703724e-18,-1.92520774482031e-17,1.6294086612616063e-16,0.0,3.2588173225232124e-14,1.0
42.4,0.0,0.0,0.0,0.0,-9.779898231637183e-19,-9.316444487768405e-18,1.6096408800215876e-16,0.0,3.219281760043175e-14,1.0
42.410000000000004,0.0,0.0,0.0,0.0,1.006487352134224e-17,-8.784147992725438e-18,1.514800584015185e-16,0.0,3.02960116803037e-14,1.0
42.42,0.0,0.0,0.0,0.0,-2.6192101659849374e-19,-1.8909697422778835e-17,1.862590377955412e-16,0.0,3.725180755910824e-14,1.0
42.43,0.0,0.0,0.0,0.0,1.106202593040858e-17,-1.092134488070942e-17,1.361872669217104e-16,0.0,2.723745338434208e-14,1.0
42.44,0.0,0.0,0.0,0.0,5.744879992477886e-19,-1.9972216168624014e-17,1.7161684356567012e-16,0.0,3.4323368713134025e-14,1.0
42.45,0.0,0.0,0.0,0.0,9.747094702059874e-18,-3.006765973273738e-17,1.7960990392180943e-16,0.0,3.5921980784361883e-14,1.0
42.46,0.0,0.0,0.0,0.0,8.436987785346052e-18,-9.653649191368829e-18,2.0936526020106278e-16,0.0,4.187305204021255e-14,1.0
42.47,0.0,0.0,0.0,0.0,8.485184309858108e-18,-3.3808229037131114e-17,9.595176415467471e-17,0.0,1.9190352830934942e-14,1.0
42.480000000000004,0.0,0.0,0.0,0.0,4.003373380715724e-18,-1.8826991262089227e-17,8.682116772885212e-17,0.0,1.7364233545770422e-14,1.0
42.49,0.0,0.0,0.0,0.0,1.2955486886643503e-17,-9.885608540814505e-18,7.855896068554e-17,0.0,1.5711792137108e-14,1.0
42.5,0.0,0.0,0.0,0.0,1.33415359491048e-17,-1.0761021015904584e-17,4.164814630053902e-17,0.0,8.329629260107804e-15,1.0
42.51,0.0,0.0,0.0,0.0,1.4151426340447637e-17,-1.2123317487964596e-17,6.25651040824012e-17,0.0,1.251302081648024e-14,1.0
42.52,0.0,0.0,0.0,0.0,1.654586968090775e-17,-3.254377124239196e-17,1.523605306564636e-16,0.0,3.047210613129272e-14,1.0
42.53,0.0,0.0,0.0,0.0,1.5750218222191353e-17,-2.0913049112492017e-17,1.4373934740438075e-16,0.0,2.874786948087615e-14,1.0
42.54,0.0,0.0,0.0,0.0,2.050059115782645e-17,-1.8335828879529237e-17,4.478545560697291e-17,0.0,8.957091121394582e-15,1.0
42.550000000000004,0.0,0.0,0.0,0.0,1.047406963473397e-17,-2.012164070914007e-17,9.100320223058242e-17,0.0,1.8200640446116483e-14,1.0
42.56,0.0,0.0,0.0,0.0,4.503955665435648e-18,-7.484275694787117e-18,7.671598314143664e-17,0.0,1.5343196628287327e-14,1.0
42.57,0.0,0.0,0.0,0.0,5.7887801488495126e-18,-9.818686999170867e-18,6.583918229682525e-17,0.0,1.316783645936505e-14,1.0
42.58,0.0,0.0,0.0,0.0,7.06967468640612e-18,-1.0620582979842793e-17,6.816858603203512e-17,0.0,1.3633717206407023e-14,1.0
42.59,0.0,0.0,0.0,0.0,8.276101168772285e-18,-2.8707884108041964e-17,5.2092584354162655e-17,0.0,1.041851687083253e-14,1.0
42.6,0.0,0.0,0.0,0.0,1.1008024261078192e-17,-2.8665316927139834e-17,6.9380297202241086e-18,0.0,1.3876059440448216e-15,1.0
42.61,0.0,0.0,0.0,0.0,1.3328259762270586e-17,-2.864571395984061e-17,6.499731183208127e-17,0.0,1.2999462366416254e-14,1.0
42.62,0.0,0.0,0.0,0.0,1.197286551116306e-17,-2.818355099164614e-17,4.246249078988828e-17,0.0,8.492498157977656e-15,1.0
42.63,0.0,0.0,0.0,0.0,1.959403572562567e-17,-1.8028405721405376e-17,2.6505852489822624e-17,0.0,5.301170497964525e-15,1.0
42.64,0.0,0.0,0.0,0.0,8.749756714929563e-18,-2.902084937149487e-17,1.718926515362193e-17,0.0,3.437853030724386e-15,1.0
42.65,0.0,0.0,0.0,0.0,8.342304510419109e-18,-1.0733988678980204e-17,3.416741597164449e-17,0.0,6.833483194328897e-15,1.0
42.660000000000004,0.0,0.0,0.0,0.0,6.159172945151922e-18,-1.8461753744684264e-17,7.851418458221182e-17,0.0,1.5702836916442366e-14,1.0
42.67,0.0,0.0,0.0,0.0,6.757432257075965e-18,-2.8465206194394973e-17,8.428432089277227e-17,0.0,1.6856864178554453e-14,1.0
42.68,0.0,0.0,0.0,0.0,5.30523851441639e-18,-5.697325239744624e-18,2.4053017187531024e-17,0.0,4.810603437506205e-15,1.0
42.69,0.0,0.0,0.0,0.0,1.36739164418335e-17,-2.9467842798272476e-17,7.482690374956623e-17,0.0,1.4965380749913246e-14,1.0
42.7,0.0,0.0,0.0,0.0,1.3454612954121055e-17,-2.893139193576653e-17,6.466636787711917e-17,0.0,1.2933273575423834e-14,1.0
42.71,0.0,0.0,0.0,0.0,2.2453273824339228e-17,-1.866301521552174e-17,7.733945749634048e-17,0.0,1.5467891499268095e-14,1.0
42.72,0.0,0.0,0.0,0.0,2.2802354074080574e-17,-1.7689617975261765e-17,1.2231780735383646e-16,0.0,2.4463561470767292e-14,1.0
42.730000000000004,0.0,0.0,0.0,0.0,2.035811302178008e-17,-1.840739396483822e-17,7.337868143751008e-17,0.0,1.4675736287502015e-14,1.0
42.74,0.0,0.0,0.0,0.0,2.6780391871009286e-17,-9.098326167054102e-18,3.0333617527634525e-17,0.0,6.066723505526905e-15,1.0
42.75,0.0,0.0,0.0,0.0,1.5041829499175847e-17,-1.8778041067651975e-17,5.834300503736397e-17,0.0,1.1668601007472794e-14,1.0
42.76,0.0,0.0,0.0,0.0,5.269576536324896e-18,-2.8063033171520394e-17,7.081238150734776e-17,0.0,1.4162476301469552e-14,1.0
42.77,0.0,0.0,0.0,0.0,9.085398979049745e-19,-3.232122279789171e-17,1.0689151619258826e-16,0.0,2.1378303238517654e-14,1.0
42.78,0.0,0.0,0.0,0.0,6.846510254543733e-18,-7.752494516934012e-18,1.235718559384048e-16,0.0,2.4714371187680957e-14,1.0
42.79,0.0,0.0,0.0,0.0,7.589476001005593e-18,-9.087052293197027e-18,1.0992270659962759e-16,0.0,2.1984541319925517e-14,1.0
42.800000000000004,0.0,0.0,0.0,0.0,8.10660516308938e-18,-1.0211693521832763e-17,1.0934584777952573e-16,0.0,2.1869169555905143e-14,1.0
42.81,0.0,0.0,0.0,0.0,9.16895422747388e-18,-1.0743736677127388e-17,9.471407527845293e-17,0.0,1.8942815055690586e-14,1.0
42.82,0.0,0.0,0.0,0.0,1.1648614490081145e-17,-2.9718104976506275e-17,6.10553349783768e-17,0.0,1.2211066995675358e-14,1.0
42.83,0.0,0.0,0.0,0.0,1.4151918789157797e-17,-3.1212337171734317e-17,3.581699701449646e-17,0.0,7.163399402899292e-15,1.0
42.84,0.0,0.0,0.0,0.0,1.216932580084117e-17,-3.1670657613826013e-17,1.0938866905502123e-17,0.0,2.1877733811004245e-15,1.0
42.85,0.0,0.0,0.0,0.0,1.9944298714257076e-17,-2.1032129453832582e-17,3.101387570989975e-17,0.0,6.2027751419799504e-15,1.0
42.86,0.0,0.0,0.0,0.0,1.0615392120385321e-17,-2.9272032721886983e-17,1.9813435439344886e-17,0.0,3.962687087868977e-15,1.0
42.87,0.0,0.0,0.0,0.0,1.2599934651376506e-17,-3.0104415741953293e-17,6.901078061875801e-17,0.0,1.3802156123751602e-14,1.0
42.88,0.0,0.0,0.0,0.0,1.0568590475122412e-17,-1.999618966325602e-17,1.292060111424297e-17,0.0,2.584120222848594e-15,1.0
42.89,0.0,0.0,0.0,0.0,1.7949687004333454e-17,-1.622484382350702e-17,9.438983521673888e-17,0.0,1.8877967043347775e-14,1.0
42.9,0.0,0.0,0.0,0.0,8.449589473272881e-18,-2.536219507618943e-17,9.599857727681408e-17,0.0,1.9199715455362817e-14,1.0
42.910000000000004,0.0,0.0,0.0,0.0,7.968781890183686e-18,-7.883434752573009e-18,6.94647294868983e-17,0.0,1.389294589737966e-14,1.0
42.92,0.0,0.0,0.0,0.0,1.1536794564934145e-17,-1.1015796873289163e-17,1.5915560054770167e-16,0.0,3.183112010954033e-14,1.0
42.93,0.0,0.0,0.0,0.0,5.831640766293814e-18,-2.3464464788185846e-17,2.4184543054595196e-16,0.0,4.836908610919039e-14,1.0
42.94,0.0,0.0,0.0,0.0,6.792101867485728e-18,-4.007142874780083e-18,2.6203569997493843e-16,0.0,5.2407139994987683e-14,1.0
42.95,0.0,0.0,0.0,0.0,1.0130995366945365e-17,-5.5930192055338525e-18,2.387228664657678e-16,0.0,4.774457329315356e-14,1.0
42.96,0.0,0.0,0.0,0.0,2.1971021179444296e-17,-5.5308831178261655e-18,2.8319159603106165e-16,0.0,5.663831920621233e-14,1.0
42.97,0.0,0.0,0.0,0.0,1.4804931100390728e-17,-9.704928504955945e-18,3.5415579625502873e-16,0.0,7.083115925100574e-14,1.0
42.980000000000004,0.0,0.0,0.0,0.0,1.7338645791652625e-17,1.1859095176017644e-17,3.271303676821992e-16,0.0,6.542607353643984e-14,1.0
42.99,0.0,0.0,0.0,0.0,-3.4546069221739985e-18,6.591975266786723e-19,3.4753417220798163e-16,0.0,6.950683444159632e-14,1.0
43.0,0.0,0.0,0.0,0.0,1.3610267395236242e-17,-2.080766714165085e-18,3.497404687971378e-16,0.0,6.994809375942756e-14,1.0
43.01,0.0,0.0,0.0,0.0,1.3441069481508358e-17,-2.993373793479995e-18,3.6801530178904603e-16,0.0,7.360306035780921e-14,1.0
43.02,0.0,0.0,0.0,0.0,-8.402400551539202e-18,-2.640053955083774e-17,3.6040009758303435e-16,0.0,7.208001951660687e-14,1.0
43.03,0.0,0.0,0.0,0.0,-3.579567582292359e-18,-1.0144276444942767e-17,4.236330474111679e-16,0.0,8.472660948223358e-14,1.0
43.04,0.0,0.0,0.0,0.0,-1.1120793017340025e-18,-1.043820759754762e-17,3.7629668130656204e-16,0.0,7.52593362613124e-14,1.0
43.050000000000004,0.0,0.0,0.0,0.0,1.4462313077958184e-18,-3.4217134766645742e-18,2.9067269726021153e-16,0.0,5.81345394520423e-14,1.0
43.06,0.0,0.0,0.0,0.0,1.950427275577801e-18,-1.433291806309816e-17,2.7309180576456713e-16,0.0,5.4618361152913426e-14,1.0
43.07,0.0,0.0,0.0,0.0,1.0474290960548636e-17,-1.592676684746276e-17,2.726325855682993e-16,0.0,5.4526517113659866e-14,1.0
43.08,0.0,0.0,0.0,0.0,1.2870752283494754e-17,-1.787230265105777e-17,3.422857482766618e-16,0.0,6.845714965533236e-14,1.0
43.09,0.0,0.0,0.0,0.0,3.561381909111386e-18,-2.595902746181898e-17,3.2963366307842203e-16,0.0,6.59267326156844e-14,1.0
43.1,0.0,0.0,0.0,0.0,-8.578354778476397e-19,-7.543899189339844e-18,3.7380118492355555e-16,0.0,7.476023698471111e-14,1.0
43.11,0.0,0.0,0.0,0.0,-5.947682858478122e-19,-1.4528990885964677e-17,4.104123608522417e-16,0.0,8.208247217044834e-14,1.0
43.12,0.0,0.0,0.0,0.0,7.406852576059346e-20,4.466474534558326e-18,3.9504619581498746e-16,0.0,7.90092391629975e-14,1.0
43.13,0.0,0.0,0.0,0.0,-1.845454899462936e-18,-2.2860370764794793e-18,3.3578302488513776e-16,0.0,6.715660497702755e-14,1.0
43.14,0.0,0.0,0.0,0.0,6.978814087512447e-18,6.830745968820449e-19,2.457237276242282e-16,0.0,4.9144745524845635e-14,1.0
43.15,0.0,0.0,0.0,0.0,8.967612660495775e-18,-2.6866233470758107e-18,1.440876062933202e-16,0.0,2.881752125866404e-14,1.0
43.160000000000004,0.0,0.0,0.0,0.0,2.867916953867866e-17,-7.73004567129535e-18,1.9104122586605092e-16,0.0,3.8208245173210185e-14,1.0
43.17,0.0,0.0,0.0,0.0,1.2480004277617148e-17,-1.2590889682270858e-17,1.5955200120517908e-16,0.0,3.1910400241035816e-14,1.0
43.18,0.0,0.0,0.0,0.0,1.203955594256063e-17,-1.2347872103569627e-17,1.3098431785733764e-16,0.0,2.6196863571467527e-14,1.0
43.19,0.0,0.0,0.0,0.0,1.1834166060174462e-17,-2.0303432318889544e-17,1.468865470660698e-16,0.0,2.937730941321396e-14,1.0
43.2,0.0,0.0,0.0,0.0,1.2280882988403087e-17,-8.724604616193427e-18,1.7522482910305833e-16,0.0,3.5044965820611664e-14,1.0
43.21,0.0,0.0,0.0,0.0,1.1911709717299705e-17,-9.830786123102354e-18,1.2355987770797835e-16,0.0,2.471197554159567e-14,1.0
43.22,0.0,0.0,0.0,0.0,2.0519252338902663e-17,9.5615827794983e-20,1.3722012364609907e-16,0.0,2.7444024729219814e-14,1.0
43.230000000000004,0.0,0.0,0.0,0.0,9.704530399062636e-18,-1.3042803806023032e-17,3.1933696402825594e-17,0.0,6.386739280565119e-15,1.0
43.24,0.0,0.0,0.0,0.0,1.936397573555521e-17,-5.074795122239467e-18,1.800170911333087e-17,0.0,3.600341822666174e-15,1.0
43.25,0.0,0.0,0.0,0.0,9.87426041837961e-18,-1.4293281579995592e-17,3.273299839263236e-17,0.0,6.546599678526471e-15,1.0
43.26,0.0,0.0,0.0,0.0,1.415786029865804e-17,-1.6140999690033498e-17,1.182577782200263e-17,0.0,2.3651555644005256e-15,1.0
43.27,0.0,0.0,0.0,0.0,8.10883201537018e-18,-1.1231368831637951e-17,2.3899049135660738e-17,0.0,4.779809827132147e-15,1.0
43.28,0.0,0.0,0.0,0.0,9.770837070721008e-18,-1.3419938516772598e-17,1.0855102083211174e-16,0.0,2.1710204166422348e-14,1.0
43.29,0.0,0.0,0.0,0.0,9.51868647082597e-18,-1.1088499529436143e-17,1.5566711167586254e-16,0.0,3.113342233517251e-14,1.0
43.300000000000004,0.0,0.0,0.0,0.0,-5.896663334308231e-18,-2.137189052603052e-17,8.782249596851844e-17,0.0,1.756449919370369e-14,1.0
43.31,0.0,0.0,0.0,0.0,-4.484079327101536e-18,5.072933946902843e-18,4.677696445079877e-17,0.0,9.355392890159754e-15,1.0
43.32,0.0,0.0,0.0,0.0,2.3654136121013853e-17,-3.976102062566464e-18,1.0130096829416771e-16,0.0,2.026019365883354e-14,1.0
43.33,0.0,0.0,0.0,0.0,8.768041207364654e-18,-7.332211985880435e-18,1.3875241525108362e-16,0.0,2.7750483050216724e-14,1.0
43.34,0.0,0.0,0.0,0.0,7.054231799876681e-20,1.89558948902604e-18,1.1545740908466534e-16,0.0,2.3091481816933067e-14,1.0
43.35,0.0,0.0,0.0,0.0,2.812791022521885e-18,-3.4544891649505113e-19,4.185349595863091e-17,0.0,8.370699191726183e-15,1.0
43.36,0.0,0.0,0.0,0.0,2.7341973997575113e-18,-2.4769026744219277e-18,4.456969178233489e-18,0.0,8.913938356466977e-16,1.0
43.37,0.0,0.0,0.0,0.0,1.0920853032191027e-17,-2.2817623185229897e-18,2.6065644202698563e-17,0.0,5.213128840539712e-15,1.0
43.38,0.0,0.0,0.0,0.0,1.3541250466727271e-17,-1.6480725794541663e-17,7.019065512580192e-17,0.0,1.4038131025160384e-14,1.0
43.39,0.0,0.0,0.0,0.0,-5.875323937385368e-18,4.2908058997649865e-18,5.98985526763799e-17,0.0,1.197971053527598e-14,1.0
43.4,0.0,0.0,0.0,0.0,2.0161503858358238e-19,-1.8121704000634173e-17,5.819081959792011e-17,0.0,1.1638163919584023e-14,1.0
43.410000000000004,0.0,0.0,0.0,0.0,1.308645632054466e-18,9.15407089678987e-18,9.678359522325518e-18,0.0,1.9356719044651036e-15,1.0
43.42,0.0,0.0,0.0,0.0,2.1531605565681846e-18,-3.0617223459631734e-18,7.941054564386113e-17,0.0,1.5882109128772225e-14,1.0
43.43,0.0,0.0,0.0,0.0,1.9661042608500717e-17,-3.450916642769107e-18,8.920247923294396e-17,0.0,1.7840495846588792e-14,1.0
43.44,0.0,0.0,0.0,0.0,5.586305483102751e-18,-1.5712949097951033e-17,4.559697149547647e-17,0.0,9.119394299095293e-15,1.0
43.45,0.0,0.0,0.0,0.0,9.27944597287096e-19,-2.1039114130420996e-17,9.490147861053765e-17,0.0,1.898029572210753e-14,1.0
43.46,0.0,0.0,0.0,0.0,-1.4836034732310479e-18,-1.163056620605056e-18,1.0183700157927198e-16,0.0,2.0367400315854394e-14,1.0
43.47,0.0,0.0,0.0,0.0,1.305635997991051e-17,-1.4098655254749557e-17,6.555235155936798e-17,0.0,1.3110470311873596e-14,1.0
43.480000000000004,0.0,0.0,0.0,0.0,-1.0859538415523762e-18,-9.121161300364914e-18,6.654187191743193e-17,0.0,1.3308374383486386e-14,1.0
43.49,0.0,0.0,0.0,0.0,3.2419269116554907e-19,-4.739767839534274e-19,1.0269676994515025e-16,0.0,2.053935398903005e-14,1.0
43.5,0.0,0.0,0.0,0.0,2.041875047931623e-18,1.6979177051635786e-18,5.4548824583917136e-17,0.0,1.0909764916783427e-14,1.0
43.51,0.0,0.0,0.0,0.0,-3.9538644153500524e-18,-2.237963477215367e-17,4.0547717804542814e-17,0.0,8.109543560908562e-15,1.0
43.52,0.0,0.0,0.0,0.0,2.4225160842118332e-17,4.404478943081575e-18,8.328962214315978e-17,0.0,1.6657924428631956e-14,1.0
43.53,0.0,0.0,0.0,0.0,1.1847329679864508e-18,-1.716076330276461e-18,1.2609618699691169e-16,0.0,2.5219237399382338e-14,1.0
43.54,0.0,0.0,0.0,0.0,2.29560946373098e-18,1.9232450561887295e-18,8.476388812090707e-17,0.0,1.6952777624181412e-14,1.0
43.550000000000004,0.0,0.0,0.0,0.0,-2.5901228941620912e-18,-2.3228917412160672e-17,1.0370307727291756e-16,0.0,2.0740615454583512e-14,1.0
43.56,0.0,0.0,0.0,0.0,2.3218307432839813e-17,3.82055155259735e-18,1.0188225313847004e-16,0.0,2.037645062769401e-14,1.0
43.57,0.0,0.0,0.0,0.0,1.6351352114912e-17,-1.978086380422014e-18,1.2100903137266e-16,0.0,2.4201806274532e-14,1.0
43.58,0.0,0.0,0.0,0.0,-1.935496404857459e-18,-3.3773490611550998e-18,1.6711046352208786e-16,0.0,3.3422092704417574e-14,1.0
43.59,0.0,0.0,0.0,0.0,8.107954251324511e-19,-2.2364387696596097e-17,1.8252856110125132e-16,0.0,3.6505712220250264e-14,1.0
43.6,0.0,0.0,0.0,0.0,7.886609114802716e-19,-1.0569155380285014e-17,1.328166603194642e-16,0.0,2.656333206389284e-14,1.0
43.61,0.0,0.0,0.0,0.0,2.800058708400465e-18,-9.737095279942607e-18,1.7514407241019716e-16,0.0,3.5028814482039435e-14,1.0
43.62,0.0,0.0,0.0,0.0,3.2562067297772528e-18,-4.049892578505779e-21,2.0795171722503478e-16,0.0,4.1590343445006954e-14,1.0
43.63,0.0,0.0,0.0,0.0,2.0144472913699984e-17,-6.710095738072213e-19,1.915374272692668e-16,0.0,3.8307485453853364e-14,1.0
43.64,0.0,0.0,0.0,0.0,7.240054558499306e-18,-8.650776643687923e-18,1.2792430111136712e-16,0.0,2.5584860222273424e-14,1.0
43.65,0.0,0.0,0.0,0.0,-6.56008192609177e-18,-2.3263650480380556e-17,1.4988163867510878e-16,0.0,2.9976327735021755e-14,1.0
43.660000000000004,0.0,0.0,0.0,0.0,2.7263820456720973e-19,-8.1481626700798195e-19,1.9274175146099826e-16,0.0,3.854835029219965e-14,1.0
43.67,0.0,0.0,0.0,0.0,3.0536592759832097e-18,-4.69714935715078e-19,2.2369547712874543e-16,0.0,4.473909542574909e-14,1.0
43.68,0.0,0.0,0.0,0.0,-4.998345167086664e-18,-2.5607772914520076e-17,2.0678749116001152e-16,0.0,4.1357498232002303e-14,1.0
43.69,0.0,0.0,0.0,0.0,2.1057171902451855e-17,-4.471393371497828e-18,1.4174942907072825e-16,0.0,2.834988581414565e-14,1.0
43.7,0.0,0.0,0.0,0.0,1.981576622418156e-17,3.575224337073022e-18,1.434315643067285e-16,0.0,2.86863128613457e-14,1.0
43.71,0.0,0.0,0.0,0.0,5.179224301662546e-18,2.2644438199340476e-18,4.003891898512817e-17,0.0,8.007783797025633e-15,1.0
43.72,0.0,0.0,0.0,0.0,1.9216188524964395e-17,-2.5750094662761233e-18,1.5826859141393296e-17,0.0,3.165371828278659e-15,1.0
43.730000000000004,0.0,0.0,0.0,0.0,-6.192250581585513e-18,-5.00789089278898e-18,1.0520357575590122e-16,0.0,2.1040715151180243e-14,1.0
43.74,0.0,0.0,0.0,0.0,1.7450402569630972e-18,-2.766452119395053e-18,1.7769780829505345e-16,0.0,3.5539561659010686e-14,1.0
43.75,0.0,0.0,0.0,0.0,2.1047159358172968e-18,-4.509129154384112e-18,2.0774691967307327e-16,0.0,4.154938393461465e-14,1.0
43.76,0.0,0.0,0.0,0.0,2.366557044632348e-17,-1.5016360516873597e-19,2.0445880362499507e-16,0.0,4.089176072499901e-14,1.0
43.77,0.0,0.0,0.0,0.0,7.226545808933624e-18,-1.2680083359568751e-17,1.688488202675562e-16,0.0,3.376976405351124e-14,1.0
43.78,0.0,0.0,0.0,0.0,-2.2342678895874343e-18,-8.831153465492887e-18,9.571143742241225e-17,0.0,1.914228748448245e-14,1.0
43.79,0.0,0.0,0.0,0.0,-1.357051022371886e-18,-1.7017290890685103e-17,8.501442736187848e-17,0.0,1.7002885472375695e-14,1.0
43.800000000000004,0.0,0.0,0.0,0.0,1.0692651892828094e-18,2.4483934140984027e-19,1.5931004584722038e-16,0.0,3.186200916944407e-14,1.0
43.81,0.0,0.0,0.0,0.0,4.09134594924961e-18,-3.2643056403116655e-18,2.7462445530895506e-16,0.0,5.492489106179101e-14,1.0
43.82,0.0,0.0,0.0,0.0,7.159685719185512e-18,-4.911363895488578e-18,3.707759580155242e-16,0.0,7.415519160310485e-14,1.0
43.83,0.0,0.0,0.0,0.0,1.586574083210739e-17,-1.3920472787948e-17,3.71368049991935e-16,0.0,7.4273609998387e-14,1.0
43.84,0.0,0.0,0.0,0.0,1.439048743738069e-17,-1.3060489013591374e-17,3.8952866733847544e-16,0.0,7.790573346769508e-14,1.0
43.85,0.0,0.0,0.0,0.0,1.6471260373934694e-17,-1.572516288141936e-17,3.487862406685316e-16,0.0,6.975724813370632e-14,1.0
43.86,0.0,0.0,0.0,0.0,1.0740189930094246e-17,-1.0590294319174997e-17,3.7446116328356855e-16,0.0,7.48922326567137e-14,1.0
43.87,0.0,0.0,0.0,0.0,1.3630445644943013e-17,-1.4628518716332867e-17,3.4974868173333824e-16,0.0,6.994973634666764e-14,1.0
43.88,0.0,0.0,0.0,0.0,8.858168743763767e-18,-8.925048259426393e-19,3.895010946390287e-16,0.0,7.790021892780574e-14,1.0
43.89,0.0,0.0,0.0,0.0,9.90595707964529e-18,-1.0817798454347003e-17,4.1957404017536057e-16,0.0,8.391480803507211e-14,1.0
43.9,0.0,0.0,0.0,0.0,1.468657494982143e-17,-1.4215223379945688e-17,3.9042306961105828e-16,0.0,7.808461392221166e-14,1.0
43.910000000000004,0.0,0.0,0.0,0.0,1.2300979117169579e-17,-9.723652944312756e-18,4.643988822854716e-16,0.0,9.287977645709431e-14,1.0
43.92,0.0,0.0,0.0,0.0,1.351642923281177e-17,-9.875446481302086e-18,4.961521269993029e-16,0.0,9.923042539986057e-14,1.0
43.93,0.0,0.0,0.0,0.0,2.0068551812516245e-17,-8.813676912086381e-18,4.2238392957284287e-16,0.0,8.447678591456857e-14,1.0
43.94,0.0,0.0,0.0,0.0,2.9964736111209176e-17,-1.148100257833218e-17,5.164564577774617e-16,0.0,1.0329129155549233e-13,1.0
43.95,0.0,0.0,0.0,0.0,9.626064353332111e-18,-1.2071858363996689e-17,5.086175409045975e-16,0.0,1.0172350818091949e-13,1.0
43.96,0.0,0.0,0.0,0.0,2.389058005708694e-17,-2.551174216995921e-17,5.022876080960985e-16,0.0,1.0045752161921969e-13,1.0
43.97,0.0,0.0,0.0,0.0,9.109370392183175e-18,-2.6869745686219433e-17,4.422829745057811e-16,0.0,8.845659490115622e-14,1.0
43.980000000000004,0.0,0.0,0.0,0.0,1.6607921789223273e-17,-1.645259238074905e-17,3.937819378376783e-16,0.0,7.875638756753565e-14,1.0
43.99,0.0,0.0,0.0,0.0,2.4265737502838606e-17,-6.4397862698078994e-18,3.440893015617379e-16,0.0,6.881786031234758e-14,1.0
44.0,0.0,0.0,0.0,0.0,5.85229092223792e-18,-7.022695599766669e-18,3.437939613254926e-16,0.0,6.875879226509852e-14,1.0
44.01,0.0,0.0,0.0,0.0,5.3388298570085975e-18,-6.353857067016476e-18,2.8293962839330943e-16,0.0,5.6587925678661886e-14,1.0
44.02,0.0,0.0,0.0,0.0,4.22453876367227e-18,-5.2206059883848975e-18,1.9624995793260813e-16,0.0,3.924999158652163e-14,1.0
44.03,0.0,0.0,0.0,0.0,4.247687037274084e-18,-6.18793967150814e-18,1.824013331398619e-16,0.0,3.648026662797238e-14,1.0
44.04,0.0,0.0,0.0,0.0,3.926921622039124e-18,-1.0681368310395947e-17,1.5290928578443427e-16,0.0,3.058185715688685e-14,1.0
44.050000000000004,0.0,0.0,0.0,0.0,4.441843467068344e-18,-1.0142057602189198e-17,1.587059670928328e-16,0.0,3.174119341856656e-14,1.0
44.06,0.0,0.0,0.0,0.0,-6.4627203007307335e-18,-7.372259665279144e-18,1.6931169958529318e-16,0.0,3.3862339917058636e-14,1.0
44.07,0.0,0.0,0.0,0.0,-4.415421079706398e-18,-1.603395787558703e-17,1.6632331538318497e-16,0.0,3.326466307663699e-14,1.0
44.08,0.0,0.0,0.0,0.0,-3.3411797911336168e-18,-1.4575437668892466e-17,1.9118814903330805e-16,0.0,3.823762980666161e-14,1.0
44.09,0.0,0.0,0.0,0.0,-2.6365562169065995e-18,-1.494868117996481e-17,2.2132530572356223e-16,0.0,4.4265061144712446e-14,1.0
44.1,0.0,0.0,0.0,0.0,-1.3127098057351415e-18,2.5834995256733422e-18,2.1958975379610427e-16,0.0,4.391795075922085e-14,1.0
44.11,0.0,0.0,0.0,0.0,1.7803086878017e-18,-8.045839124690705e-19,1.520413218776766e-16,0.0,3.040826437553532e-14,1.0
44.12,0.0,0.0,0.0,0.0,9.737376229707841e-18,5.6709365577344504e-18,1.089780342167999e-16,0.0,2.179560684335998e-14,1.0
44.13,0.0,0.0,0.0,0.0,1.0615924722237392e-17,-2.092335588413268e-17,1.5099563333274875e-16,0.0,3.019912666654975e-14,1.0
44.14,0.0,0.0,0.0,0.0,4.053580430778691e-18,7.124806231693652e-19,9.531720190061827e-17,0.0,1.9063440380123654e-14,1.0
44.15,0.0,0.0,0.0,0.0,2.4929013799203308e-17,-3.917354695590407e-18,1.7085051710210934e-16,0.0,3.417010342042187e-14,1.0
44.160000000000004,0.0,0.0,0.0,0.0,2.8503697034679664e-18,-7.026854496811876e-19,8.4259613456062e-17,0.0,1.6851922691212402e-14,1.0
44.17,0.0,0.0,0.0,0.0,4.806604746953774e-18,-6.150099031382259e-18,7.935353408688512e-17,0.0,1.5870706817377023e-14,1.0
44.18,0.0,0.0,0.0,0.0,2.2329871339938065e-17,-8.17844247400986e-18,1.330676861907261e-16,0.0,2.661353723814522e-14,1.0
44.19,0.0,0.0,0.0,0.0,1.2417891866141946e-17,-1.6701874021316836e-17,1.3599481200800955e-16,0.0,2.719896240160191e-14,1.0
44.2,0.0,0.0,0.0,0.0,1.1421569822593127e-17,-3.308042968695933e-17,1.1036617227607648e-16,0.0,2.2073234455215296e-14,1.0
44.21,0.0,0.0,0.0,0.0,1.0569613842946244e-17,-1.3521269224235635e-17,1.6066416763563511e-16,0.0,3.213283352712702e-14,1.0
44.22,0.0,0.0,0.0,0.0,1.3688755255877067e-17,-1.5086802466325517e-17,1.0000891181042694e-16,0.0,2.0001782362085386e-14,1.0
44.230000000000004,0.0,0.0,0.0,0.0,9.536251430359424e-18,-1.7229730874818068e-17,5.633395703757979e-17,0.0,1.1266791407515958e-14,1.0
44.24,0.0,0.0,0.0,0.0,1.300360721595009e-18,-5.016776995921593e-18,4.684389494941336e-17,0.0,9.368778989882672e-15,1.0
44.25,0.0,0.0,0.0,0.0,1.6709493319069782e-17,-1.1510841218120249e-17,8.072089760110494e-17,0.0,1.6144179520220988e-14,1.0
44.26,0.0,0.0,0.0,0.0,1.0141230634599843e-17,-8.185039470075442e-18,5.314303923539514e-17,0.0,1.0628607847079027e-14,1.0
44.27,0.0,0.0,0.0,0.0,1.4744971428110515e-17,-1.4103352289757714e-17,6.844452459507322e-17,0.0,1.3688904919014643e-14,1.0
44.28,0.0,0.0,0.0,0.0,9.349974040018637e-18,-1.0061233971501128e-17,7.138258768864186e-17,0.0,1.4276517537728373e-14,1.0
44.29,0.0,0.0,0.0,0.0,1.3221121802881863e-17,-1.3342799735048378e-17,1.836329398437703e-17,0.0,3.672658796875406e-15,1.0
44.300000000000004,0.0,0.0,0.0,0.0,9.773431462469366e-18,-8.809160576453492e-18,1.4717131616674697e-16,0.0,2.9434263233349394e-14,1.0
44.31,0.0,0.0,0.0,0.0,7.638879596263692e-18,-7.938029980375715e-18,2.1211139627929246e-16,0.0,4.2422279255858493e-14,1.0
44.32,0.0,0.0,0.0,0.0,-8.65758394580311e-18,1.3123457829658944e-17,1.3943759738615363e-16,0.0,2.7887519477230726e-14,1.0
44.33,0.0,0.0,0.0,0.0,-8.774924976875156e-19,-8.20055244389392e-18,1.1774672530927394e-16,0.0,2.3549345061854788e-14,1.0
44.34,0.0,0.0,0.0,0.0,2.8969613226284854e-18,-1.003000441179004e-17,8.039811589554423e-17,0.0,1.6079623179108844e-14,1.0
44.35,0.0,0.0,0.0,0.0,1.8228130283330513e-18,-9.209064796870041e-18,1.2583000985871574e-16,0.0,2.5166001971743146e-14,1.0
44.36,0.0,0.0,0.0,0.0,2.2673615549231173e-17,-1.8553274982751192e-17,1.3508486097503775e-16,0.0,2.701697219500755e-14,1.0
44.37,0.0,0.0,0.0,0.0,-4.304228227229407e-18,-1.205196303820779e-18,1.3039445430066354e-16,0.0,2.6078890860132707e-14,1.0
44.38,0.0,0.0,0.0,0.0,1.9869563216977732e-17,-1.9594033574054338e-18,1.432049321492695e-16,0.0,2.8640986429853896e-14,1.0
44.39,0.0,0.0,0.0,0.0,2.7410117597723277e-17,-1.2849373495499111e-17,1.0760555639743851e-16,0.0,2.1521111279487702e-14,1.0
44.4,0.0,0.0,0.0,0.0,1.5514611719770327e-17,-1.8831300944035092e-17,8.656060436644704e-17,0.0,1.7312120873289407e-14,1.0
44.410000000000004,0.0,0.0,0.0,0.0,1.579100290855135e-17,-1.9692532044930866e-17,1.4259501812334487e-16,0.0,2.851900362466897e-14,1.0
44.42,0.0,0.0,0.0,0.0,1.6159851840747166e-17,-1.9858512614507564e-17,1.8250875060439644e-16,0.0,3.6501750120879286e-14,1.0
44.43,0.0,0.0,0.0,0.0,1.710072412909188e-17,-1.7432228489559427e-17,2.0540330817596556e-16,0.0,4.108066163519311e-14,1.0
44.44,0.0,0.0,0.0,0.0,1.1723368392786339e-17,-2.0978716412208742e-17,2.1017022211853463e-16,0.0,4.2034044423706926e-14,1.0
44.45,0.0,0.0,0.0,0.0,1.7170550775791286e-17,-1.5557191466452934e-17,2.5034974631579954e-16,0.0,5.0069949263159907e-14,1.0
44.46,0.0,0.0,0.0,0.0,7.381527895726744e-18,-5.759248567515484e-18,2.7052967382585725e-16,0.0,5.4105934765171446e-14,1.0
44.47,0.0,0.0,0.0,0.0,1.851353113126645e-17,-8.726845483956924e-18,1.8455349479314758e-16,0.0,3.691069895862951e-14,1.0
44.480000000000004,0.0,0.0,0.0,0.0,1.7997268617928336e-17,-1.8332087931330975e-17,2.033610160721719e-16,0.0,4.067220321443438e-14,1.0
44.49,0.0,0.0,0.0,0.0,1.349878935292052e-17,-1.4720300773682257e-17,2.2540900717615217e-16,0.0,4.508180143523043e-14,1.0
44.5,0.0,0.0,0.0,0.0,-1.47994522812996e-20,5.263137226759363e-19,1.1568703390965924e-16,0.0,2.3137406781931847e-14,1.0
44.51,0.0,0.0,0.0,0.0,6.266703967785454e-18,-1.2224699087818874e-17,4.53833420755634e-17,0.0,9.07666841511268e-15,1.0
44.52,0.0,0.0,0.0,0.0,7.695746714962219e-18,-1.3314035365190547e-17,7.389583030582314e-17,0.0,1.477916606116463e-14,1.0
44.53,0.0,0.0,0.0,0.0,-4.760149171674532e-18,-9.34583813162301e-18,8.229623752998686e-17,0.0,1.6459247505997372e-14,1.0
44.54,0.0,0.0,0.0,0.0,9.289780133067503e-18,-1.2132871412558703e-17,8.646103666478716e-17,0.0,1.729220733295743e-14,1.0
44.550000000000004,0.0,0.0,0.0,0.0,6.05424368079393e-18,-1.6243026464435364e-17,7.911012642247093e-17,0.0,1.5822025284494185e-14,1.0
44.56,0.0,0.0,0.0,0.0,-1.5890886064537032e-18,-1.0050403983724348e-17,9.346592806763979e-17,0.0,1.869318561352796e-14,1.0
44.57,0.0,0.0,0.0,0.0,4.908150197463086e-18,-1.0669833854573982e-18,8.684365593182292e-17,0.0,1.7368731186364584e-14,1.0
44.58,0.0,0.0,0.0,0.0,4.46973410226196e-18,2.5553157353866015e-18,1.0922312747680605e-16,0.0,2.184462549536121e-14,1.0
44.59,0.0,0.0,0.0,0.0,7.700312876687698e-18,-5.587337426247855e-18,2.0116904808841263e-16,0.0,4.0233809617682524e-14,1.0
44.6,0.0,0.0,0.0,0.0,1.3742895834346132e-17,-8.32072804034835e-18,2.5619612742469214e-16,0.0,5.1239225484938426e-14,1.0
44.61,0.0,0.0,0.0,0.0,1.0393209821817529e-18,-5.418744839884104e-18,2.238969018829631e-16,0.0,4.4779380376592626e-14,1.0
44.62,0.0,0.0,0.0,0.0,1.1076522065982837e-17,-9.413649790357929e-18,1.6575649000015999e-16,0.0,3.3151298000032e-14,1.0
44.63,0.0,0.0,0.0,0.0,1.0823880514890532e-17,5.7506158117144734e-18,1.0921777678058451e-16,0.0,2.1843555356116904e-14,1.0
44.64,0.0,0.0,0.0,0.0,7.004396357870494e-18,-1.39656173776492e-17,2.045708940956574e-16,0.0,4.091417881913148e-14,1.0
44.65,0.0,0.0,0.0,0.0,2.5361636784735056e-18,-2.350836269196192e-17,1.8018502576866257e-16,0.0,3.603700515373251e-14,1.0
44.660000000000004,0.0,0.0,0.0,0.0,4.5226816107154505e-18,-1.0328696274559975e-17,1.3840913788944887e-16,0.0,2.7681827577889773e-14,1.0
44.67,0.0,0.0,0.0,0.0,8.11520156024223e-19,-1.4650317519430796e-17,1.3250097627488198e-16,0.0,2.6500195254976395e-14,1.0
44.68,0.0,0.0,0.0,0.0,1.002204654880877e-17,-2.5294133608932428e-17,1.5291698273051049e-16,0.0,3.0583396546102096e-14,1.0
44.69,0.0,0.0,0.0,0.0,8.264917144838094e-18,-2.410145790945168e-17,1.9811891281570613e-16,0.0,3.9623782563141225e-14,1.0
44.7,0.0,0.0,0.0,0.0,-2.871917151757934e-18,-5.249470562329191e-18,9.481017203803182e-17,0.0,1.8962034407606366e-14,1.0
44.71,0.0,0.0,0.0,0.0,-1.969044013626908e-18,-4.591786647858871e-18,8.252525277950157e-17,0.0,1.6505050555900314e-14,1.0
44.72,0.0,0.0,0.0,0.0,2.2229162567634345e-17,-2.4963204357516006e-17,7.066064366642136e-17,0.0,1.4132128733284273e-14,1.0
44.730000000000004,0.0,0.0,0.0,0.0,1.703018348190327e-17,-5.341373137897311e-18,5.663134182897633e-17,0.0,1.1326268365795265e-14,1.0
44.74,0.0,0.0,0.0,0.0,1.2237754491888078e-17,-2.2481690320368476e-17,4.821046314134696e-17,0.0,9.642092628269391e-15,1.0
44.75,0.0,0.0,0.0,0.0,1.629711796061204e-17,-1.2078207697400294e-17,6.294362666458852e-17,0.0,1.2588725332917704e-14,1.0
44.76,0.0,0.0,0.0,0.0,1.1810401474300759e-17,-9.041545116075253e-18,9.761129739187971e-18,0.0,1.9522259478375943e-15,1.0
44.77,0.0,0.0,0.0,0.0,8.912333459308761e-18,-4.806997936746122e-18,7.265480371768692e-17,0.0,1.4530960743537384e-14,1.0
44.78,0.0,0.0,0.0,0.0,1.5608475645748206e-17,-2.713233981066757e-17,7.030814443275514e-17,0.0,1.4061628886551027e-14,1.0
44.79,0.0,0.0,0.0,0.0,1.9537516473491064e-17,-1.9714758566878893e-17,1.2478597149876365e-17,0.0,2.495719429975273e-15,1.0
44.800000000000004,0.0,0.0,0.0,0.0,6.20046406449988e-18,-5.712710861009776e-18,5.93819073785435e-17,0.0,1.1876381475708701e-14,1.0
44.81,0.0,0.0,0.0,0.0,8.169460216556827e-18,-2.260807741634604e-17,7.565910518091146e-17,0.0,1.5131821036182293e-14,1.0
44.82,0.0,0.0,0.0,0.0,2.5263481553338172e-18,-2.0185501093261958e-17,2.7191288457172613e-17,0.0,5.438257691434523e-15,1.0
44.83,0.0,0.0,0.0,0.0,-3.0487431943001164e-19,-1.041033818353429e-17,2.7364143863818027e-17,0.0,5.472828772763605e-15,1.0
44.84,0.0,0.0,0.0,0.0,9.482163584601841e-18,-2.559498802427294e-17,1.6827630158941324e-17,0.0,3.365526031788265e-15,1.0
44.85,0.0,0.0,0.0,0.0,8.636717263409373e-18,-2.35747628218732e-17,4.37175434163903e-17,0.0,8.74350868327806e-15,1.0
44.86,0.0,0.0,0.0,0.0,8.419692613427972e-18,-2.5339630827283335e-17,3.310911833006037e-17,0.0,6.621823666012074e-15,1.0
44.87,0.0,0.0,0.0,0.0,3.935006132456502e-18,-8.107354575354048e-18,8.141108575159626e-17,0.0,1.6282217150319253e-14,1.0
44.88,0.0,0.0,0.0,0.0,7.424855228244588e-18,-2.8354914046104165e-17,1.327643724892923e-16,0.0,2.655287449785846e-14,1.0
44.89,0.0,0.0,0.0,0.0,5.884240275894434e-18,-1.5469216551994562e-17,1.2557573482498227e-16,0.0,2.5115146964996453e-14,1.0
44.9,0.0,0.0,0.0,0.0,1.8328833549548784e-17,-1.8044797735476954e-17,5.212388762145757e-17,0.0,1.0424777524291515e-14,1.0
44.910000000000004,0.0,0.0,0.0,0.0,-3.591949069538347e-18,-2.16399932442542e-17,1.985948012571332e-17,0.0,3.9718960251426636e-15,1.0
44.92,0.0,0.0,0.0,0.0,1.1083770865595261e-17,-8.958362462752617e-18,1.0627665220859018e-16,0.0,2.1255330441718035e-14,1.0
44.93,0.0,0.0,0.0,0.0,1.541128563140695e-17,-1.2573647162123263e-17,1.5640715594913395e-16,0.0,3.128143118982679e-14,1.0
44.94,0.0,0.0,0.0,0.0,4.67185150472866e-18,6.332598413598337e-19,1.6557261973848656e-16,0.0,3.3114523947697313e-14,1.0
44.95,0.0,0.0,0.0,0.0,5.343725707357062e-18,-1.6370547489448072e-17,1.3576391718949374e-16,0.0,2.715278343789875e-14,1.0
44.96,0.0,0.0,0.0,0.0,1.2561370792223111e-17,-9.826219112998522e-18,1.001685543660413e-16,0.0,2.003371087320826e-14,1.0
44.97,0.0,0.0,0.0,0.0,1.3030904185701147e-17,-1.0264236586239255e-17,1.2121375665659174e-16,0.0,2.424275133131835e-14,1.0
44.980000000000004,0.0,0.0,0.0,0.0,1.349530148342437e-17,-1.2975732866865149e-17,1.9646263369164807e-16,0.0,3.9292526738329614e-14,1.0
44.99,0.0,0.0,0.0,0.0,1.5432973790836315e-17,-1.8557823992502865e-18,2.1751437796996683e-16,0.0,4.3502875593993364e-14,1.0
45.0,0.0,0.0,0.0,0.0,1.9855157454070626e-17,-1.609053529167332e-17,2.410289681009244e-16,0.0,4.820579362018488e-14,1.0
45.01,0.0,0.0,0.0,0.0,9.314483264300238e-18,-8.184439777257463e-18,2.140082711513753e-16,0.0,4.280165423027506e-14,1.0
45.02,0.0,0.0,0.0,0.0,9.275326539862185e-18,-7.944895441406008e-18,2.524306534262321e-16,0.0,5.0486130685246415e-14,1.0
45.03,0.0,0.0,0.0,0.0,3.57612261056303e-18,-3.5053377806360355e-18,2.5395557233830166e-16,0.0,5.079111446766033e-14,1.0
45.04,0.0,0.0,0.0,0.0,8.076636866296162e-18,-9.50632796062986e-18,2.375160429410213e-16,0.0,4.750320858820426e-14,1.0
45.050000000000004,0.0,0.0,0.0,0.0,6.7757650205348674e-18,-9.598534502142305e-18,2.5261861711069024e-16,0.0,5.052372342213805e-14,1.0
45.06,0.0,0.0,0.0,0.0,1.0037445352484908e-17,-1.2478189298804283e-17,3.2687341061586223e-16,0.0,6.537468212317244e-14,1.0
45.07,0.0,0.0,0.0,0.0,1.1308849950416317e-17,-1.0465852862316592e-17,3.848869255741988e-16,0.0,7.697738511483976e-14,1.0
45.08,0.0,0.0,0.0,0.0,6.996019263037793e-18,-6.6772037748707116e-18,3.7792616745385603e-16,0.0,7.558523349077121e-14,1.0
45.09,0.0,0.0,0.0,0.0,1.0194516411958368e-17,8.330095427616056e-19,3.4303302570615926e-16,0.0,6.860660514123185e-14,1.0
45.1,0.0,0.0,0.0,0.0,1.2939622943421285e-17,1.1257199987121701e-20,3.481165103414046e-16,0.0,6.962330206828092e-14,1.0
45.11,0.0,0.0,0.0,0.0,1.5190565683565767e-17,-1.0837361207080788e-17,3.3776756511426843e-16,0.0,6.755351302285368e-14,1.0
45.12,0.0,0.0,0.0,0.0,1.7641077022022147e-17,-2.693349392019392e-18,2.9213171421520785e-16,0.0,5.842634284304158e-14,1.0
45.13,0.0,0.0,0.0,0.0,2.5167405531991533e-17,-1.0289391198537197e-17,3.4619337926519277e-16,0.0,6.923867585303855e-14,1.0
45.14,0.0,0.0,0.0,0.0,1.2516303462119014e-17,-1.425916521654332e-17,3.537392263898563e-16,0.0,7.074784527797126e-14,1.0
45.15,0.0,0.0,0.0,0.0,-1.800101554091624e-19,5.0084642753747765e-18,3.5583578894402916e-16,0.0,7.116715778880583e-14,1.0
45.160000000000004,0.0,0.0,0.0,0.0,1.3628155121809965e-18,6.942595759202236e-19,4.2623512721134647e-16,0.0,8.524702544226929e-14,1.0
45.17,0.0,0.0,0.0,0.0,1.4507942140437832e-18,-1.1578388550005822e-18,3.999419272151485e-16,0.0,7.99883854430297e-14,1.0
45.18,0.0,0.0,0.0,0.0,-3.633276997008555e-18,-4.2740565364277114e-18,2.879390607172591e-16,0.0,5.758781214345182e-14,1.0
45.19,0.0,0.0,0.0,0.0,3.684664597949694e-20,-2.1777052358758674e-18,3.1859768645306903e-16,0.0,6.37195372906138e-14,1.0
45.2,0.0,0.0,0.0,0.0,7.042132627167741e-19,-1.1497203273113264e-17,3.061638939060619e-16,0.0,6.123277878121237e-14,1.0
45.21,0.0,0.0,0.0,0.0,9.835723049999158e-18,-1.822004291568081e-18,3.0300416364597477e-16,0.0,6.060083272919495e-14,1.0
45.22,0.0,0.0,0.0,0.0,1.0341853202289614e-17,-1.2182766084932981e-18,2.976546334878428e-16,0.0,5.953092669756855e-14,1.0
45.230000000000004,0.0,0.0,0.0,0.0,9.930685368888142e-20,-1.0629637808750569e-17,3.025992824003283e-16,0.0,6.051985648006566e-14,1.0
45.24,0.0,0.0,0.0,0.0,-9.13936611107992e-19,-1.9882523885829464e-18,2.908045596170861e-16,0.0,5.816091192341722e-14,1.0
45.25,0.0,0.0,0.0,0.0,-1.7895255977473907e-19,-1.259794394447677e-18,2.8476042963770955e-16,0.0,5.69520859275419e-14,1.0
45.26,0.0,0.0,0.0,0.0,2.9055562100741772e-18,-2.354585585432505e-18,1.936617722497931e-16,0.0,3.873235444995862e-14,1.0
45.27,0.0,0.0,0.0,0.0,2.3449466848752864e-18,-2.14476030260183e-18,2.0354952629095915e-16,0.0,4.070990525819183e-14,1.0
45.28,0.0,0.0,0.0,0.0,1.1510052294483172e-17,-2.5168737702790476e-17,2.086018258450804e-16,0.0,4.172036516901608e-14,1.0
45.29,0.0,0.0,0.0,0.0,1.6010694509740205e-17,-1.3087969547305704e-17,1.4710494557251246e-16,0.0,2.942098911450249e-14,1.0
45.300000000000004,0.0,0.0,0.0,0.0,1.8957183392955133e-18,-4.079877403783001e-18,1.1182353985979833e-16,0.0,2.2364707971959665e-14,1.0
45.31,0.0,0.0,0.0,0.0,1.5062693184377194e-17,-1.8796002247839496e-17,1.3106376737258658e-16,0.0,2.6212753474517315e-14,1.0
45.32,0.0,0.0,0.0,0.0,3.71051524434705e-18,-8.944527347505402e-18,3.3976798715783056e-17,0.0,6.795359743156611e-15,1.0
45.33,0.0,0.0,0.0,0.0,-1.2313278704228578e-18,-7.396091718420643e-18,2.505314383431797e-17,0.0,5.010628766863594e-15,1.0
45.34,0.0,0.0,0.0,0.0,1.708729786506001e-17,-1.3487201504566414e-17,5.2056909887154727e-17,0.0,1.0411381977430946e-14,1.0
45.35,0.0,0.0,0.0,0.0,1.2313569040509072e-17,-1.0579503566055279e-17,1.660789006268247e-16,0.0,3.3215780125364934e-14,1.0
45.36,0.0,0.0,0.0,0.0,1.1486024727010857e-17,-1.1759727499865342e-17,1.4321936324315332e-16,0.0,2.8643872648630664e-14,1.0
45.37,0.0,0.0,0.0,0.0,6.427203698737065e-19,-2.85064867749099e-19,2.930604075431797e-17,0.0,5.861208150863594e-15,1.0
45.38,0.0,0.0,0.0,0.0,7.789633129665605e-19,-9.697140873966037e-18,5.63717639926343e-17,0.0,1.1274352798526858e-14,1.0
45.39,0.0,0.0,0.0,0.0,1.0320654734386267e-17,-9.597690072070595e-18,5.3602196547742185e-17,0.0,1.0720439309548436e-14,1.0
45.4,0.0,0.0,0.0,0.0,1.490657075972734e-17,-1.2746452435562868e-17,8.81219165007494e-17,0.0,1.762438330014988e-14,1.0
45.410000000000004,0.0,0.0,0.0,0.0,1.4547980588226248e-17,-1.1317961073820855e-17,1.2455902958593522e-16,0.0,2.4911805917187043e-14,1.0
45.42,0.0,0.0,0.0,0.0,9.794145559081125e-18,3.090068308356498e-18,1.2911922824656774e-16,0.0,2.5823845649313547e-14,1.0
45.43,0.0,0.0,0.0,0.0,5.403577645184342e-18,4.359628716119771e-18,4.862834758213125e-17,0.0,9.72566951642625e-15,1.0
45.44,0.0,0.0,0.0,0.0,8.774469084360841e-18,-2.017694869354331e-18,7.395050790576257e-17,0.0,1.4790101581152513e-14,1.0
45.45,0.0,0.0,0.0,0.0,1.2935086728662684e-17,-1.554500246853932e-17,9.811566124424194e-17,0.0,1.9623132248848388e-14,1.0
45.46,0.0,0.0,0.0,0.0,-8.261033980642972e-18,-9.218325086420861e-18,8.052268017807944e-17,0.0,1.610453603561589e-14,1.0
45.47,0.0,0.0,0.0,0.0,6.905350475162281e-18,-4.816035688497592e-18,5.715696067284839e-17,0.0,1.1431392134569677e-14,1.0
45.480000000000004,0.0,0.0,0.0,0.0,9.011183489092349e-18,-2.7283704613983568e-18,6.866764750281111e-17,0.0,1.3733529500562222e-14,1.0
45.49,0.0,0.0,0.0,0.0,1.52471373073041e-17,-3.011553637767866e-18,2.90888427625757e-17,0.0,5.8177685525151396e-15,1.0
45.5,0.0,0.0,0.0,0.0,-4.2379142652044904e-18,-1.1685841566459164e-17,2.3572052412723604e-17,0.0,4.714410482544721e-15,1.0
45.51,0.0,0.0,0.0,0.0,5.286639608380793e-18,-1.4619873768542406e-17,1.2350967643836389e-17,0.0,2.4701935287672776e-15,1.0
45.52,0.0,0.0,0.0,0.0,9.688709612317348e-18,-9.78999970162712e-18,1.3920614194967092e-17,0.0,2.7841228389934185e-15,1.0
45.53,0.0,0.0,0.0,0.0,1.4034402751016445e-17,1.1960543870126742e-18,3.354852394081133e-17,0.0,6.7097047881622666e-15,1.0
45.54,0.0,0.0,0.0,0.0,9.063530627157256e-18,1.00161971548995e-18,2.799987394882554e-17,0.0,5.599974789765108e-15,1.0
45.550000000000004,0.0,0.0,0.0,0.0,5.404935970811404e-18,-3.910198081304954e-18,2.222706316741935e-17,0.0,4.44541263348387e-15,1.0
45.56,0.0,0.0,0.0,0.0,1.1805907776066476e-17,-8.041528330100251e-19,5.575277359484665e-17,0.0,1.1150554718969331e-14,1.0
45.57,0.0,0.0,0.0,0.0,1.1784109105088012e-17,-8.578227429064605e-19,5.588374582854169e-17,0.0,1.1176749165708339e-14,1.0
45.58,0.0,0.0,0.0,0.0,1.103416901588719e-17,-8.037978899833267e-20,4.742941044460609e-17,0.0,9.485882088921218e-15,1.0
45.59,0.0,0.0,0.0,0.0,8.966207922801024e-18,-1.6021745841473426e-18,5.3957401961126175e-17,0.0,1.0791480392225235e-14,1.0
45.6,0.0,0.0,0.0,0.0,1.149331876145354e-17,5.370119384853615e-18,1.6159071066161996e-16,0.0,3.231814213232399e-14,1.0
45.61,0.0,0.0,0.0,0.0,1.3714753033945378e-17,4.617410770669387e-18,2.2738617968856736e-16,0.0,4.547723593771347e-14,1.0
45.62,0.0,0.0,0.0,0.0,1.2912080636349149e-17,-1.2842745112033798e-17,2.136021339138868e-16,0.0,4.272042678277736e-14,1.0
45.63,0.0,0.0,0.0,0.0,1.3912184300509262e-17,-1.5839858225196567e-17,1.5126565799508638e-16,0.0,3.0253131599017276e-14,1.0
45.64,0.0,0.0,0.0,0.0,7.752653800591883e-18,-1.2347491709861625e-17,1.0849451025177596e-16,0.0,2.169890205035519e-14,1.0
45.65,0.0,0.0,0.0,0.0,8.198204035319721e-18,-1.1383991588932278e-17,8.815945823725217e-17,0.0,1.7631891647450435e-14,1.0
45.660000000000004,0.0,0.0,0.0,0.0,-7.788906835656493e-18,4.7109006253606e-18,1.4251865416398941e-16,0.0,2.8503730832797885e-14,1.0
45.67,0.0,0.0,0.0,0.0,-3.354714421970975e-18,2.042520800678423e-18,2.0471849135417148e-16,0.0,4.094369827083429e-14,1.0
45.68,0.0,0.0,0.0,0.0,1.478110010913833e-18,-1.3745911162398856e-17,2.3331662041181924e-16,0.0,4.6663324082363845e-14,1.0
45.69,0.0,0.0,0.0,0.0,1.2221660246685985e-17,-1.518636106544334e-17,3.068875483238597e-16,0.0,6.137750966477194e-14,1.0
45.7,0.0,0.0,0.0,0.0,1.0924385753460293e-17,-1.7211420151814374e-17,3.9199122306703757e-16,0.0,7.839824461340751e-14,1.0
45.71,0.0,0.0,0.0,0.0,9.777884542085776e-18,-1.524740792513817e-17,3.7499646548156825e-16,0.0,7.499929309631365e-14,1.0
45.72,0.0,0.0,0.0,0.0,9.196389775057418e-18,-2.806969179871822e-17,3.9138220730218653e-16,0.0,7.827644146043731e-14,1.0
45.730000000000004,0.0,0.0,0.0,0.0,8.809471295639934e-18,-1.586914612686677e-17,3.681251506274502e-16,0.0,7.362503012549005e-14,1.0
45.74,0.0,0.0,0.0,0.0,1.922995810636131e-17,-2.029927111499847e-17,3.982303894576815e-16,0.0,7.96460778915363e-14,1.0
45.75,0.0,0.0,0.0,0.0,1.634362345412655e-17,-4.016599415771822e-18,3.736630204311773e-16,0.0,7.473260408623546e-14,1.0
45.76,0.0,0.0,0.0,0.0,1.2512796476056416e-17,-1.9802724785108513e-17,4.3481845416250544e-16,0.0,8.696369083250109e-14,1.0
45.77,0.0,0.0,0.0,0.0,9.199820415442751e-18,-4.027122872224642e-18,4.1820519106902286e-16,0.0,8.364103821380457e-14,1.0
45.78,0.0,0.0,0.0,0.0,1.3033323680825216e-17,-2.2680937426966663e-17,4.065850377161265e-16,0.0,8.13170075432253e-14,1.0
45.79,0.0,0.0,0.0,0.0,1.1493993057979527e-17,-2.175014588299391e-17,3.78142603982778e-16,0.0,7.56285207965556e-14,1.0
45.800000000000004,0.0,0.0,0.0,0.0,1.3401684662957258e-17,-2.2397085283351108e-17,4.324384363334119e-16,0.0,8.648768726668238e-14,1.0
45.81,0.0,0.0,0.0,0.0,6.614127449727396e-18,-3.212115252226627e-19,3.2775506916939285e-16,0.0,6.555101383387857e-14,1.0
45.82,0.0,0.0,0.0,0.0,1.574799423245451e-17,-1.0201323902699807e-17,3.395671187318868e-16,0.0,6.791342374637736e-14,1.0
45.83,0.0,0.0,0.0,0.0,1.0827040602341118e-17,-6.246822413247614e-18,3.439011610674022e-16,0.0,6.878023221348043e-14,1.0
45.84,0.0,0.0,0.0,0.0,1.0478511712848981e-17,-7.517584610447844e-18,3.484473039867405e-16,0.0,6.96894607973481e-14,1.0
45.85,0.0,0.0,0.0,0.0,3.0062847380508195e-17,-1.9192572790810155e-17,3.8461957183006974e-16,0.0,7.692391436601395e-14,1.0
45.86,0.0,0.0,0.0,0.0,2.431211982130488e-17,-9.902367421942847e-18,3.6475615424742274e-16,0.0,7.295123084948455e-14,1.0
45.87,0.0,0.0,0.0,0.0,1.0872445863036037e-17,-1.4340689632896797e-17,2.9445787330822127e-16,0.0,5.889157466164426e-14,1.0
45.88,0.0,0.0,0.0,0.0,1.19644206880584e-17,-8.732927523662977e-18,2.3750728175478956e-16,0.0,4.7501456350957915e-14,1.0
45.89,0.0,0.0,0.0,0.0,4.908026752218355e-18,-1.2550602161427815e-17,2.082106366112499e-16,0.0,4.164212732224998e-14,1.0
45.9,0.0,0.0,0.0,0.0,8.158072657541529e-18,-1.4295060376810713e-17,2.4398682029130176e-16,0.0,4.879736405826035e-14,1.0
45.910000000000004,0.0,0.0,0.0,0.0,-1.4352866863043411e-18,-4.073331416189762e-18,2.1826753737049255e-16,0.0,4.365350747409851e-14,1.0
45.92,0.0,0.0,0.0,0.0,2.1711126043155315e-17,-3.433595884908651e-17,2.7100214900316605e-16,0.0,5.4200429800633206e-14,1.0
45.93,0.0,0.0,0.0,0.0,8.64371970376481e-18,-4.365753978648594e-18,2.4706857059466e-16,0.0,4.9413714118932004e-14,1.0
45.94,0.0,0.0,0.0,0.0,3.709646888716753e-18,-1.2823216256940745e-17,2.2311143147897514e-16,0.0,4.462228629579503e-14,1.0
45.95,0.0,0.0,0.0,0.0,1.4352851491050855e-17,-7.508432501167387e-18,2.521960250524713e-16,0.0,5.0439205010494256e-14,1.0
45.96,0.0,0.0,0.0,0.0,1.3904010263545653e-17,-7.111843959662793e-18,2.4828345084798483e-16,0.0,4.965669016959696e-14,1.0
45.97,0.0,0.0,0.0,0.0,1.9348513818100287e-17,-6.6259998390669234e-18,1.5973873812338862e-16,0.0,3.194774762467772e-14,1.0
45.980000000000004,0.0,0.0,0.0,0.0,1.413966458906887e-17,1.9753979885601904e-18,1.8930571214712854e-16,0.0,3.786114242942571e-14,1.0
45.99,0.0,0.0,0.0,0.0,-1.379275298807397e-18,-8.464355583374341e-18,1.6728032334140845e-16,0.0,3.345606466828169e-14,1.0
46.0,0.0,0.0,0.0,0.0,2.1938585943128443e-17,-9.129147139140127e-18,1.5001555950077224e-16,0.0,3.000311190015445e-14,1.0
46.01,0.0,0.0,0.0,0.0,6.7003856190967386e-18,-7.739120561511074e-18,9.32859627264936e-17,0.0,1.865719254529872e-14,1.0
46.02,0.0,0.0,0.0,0.0,3.3890138381285263e-18,-3.098027958669827e-18,1.2204889935374095e-16,0.0,2.4409779870748188e-14,1.0
46.03,0.0,0.0,0.0,0.0,3.500900523385921e-18,-1.875330912829884e-18,8.962915439908125e-17,0.0,1.792583087981625e-14,1.0
46.04,0.0,0.0,0.0,0.0,1.1389269797096517e-17,-9.55947304241362e-18,8.396434384059522e-17,0.0,1.6792868768119043e-14,1.0
46.050000000000004,0.0,0.0,0.0,0.0,9.692670123877745e-18,-7.467544082844134e-18,1.7015153644722724e-16,0.0,3.4030307289445444e-14,1.0
46.06,0.0,0.0,0.0,0.0,4.5313609728702856e-18,-7.192484026764326e-18,9.854767487413571e-17,0.0,1.970953497482714e-14,1.0
46.07,0.0,0.0,0.0,0.0,-1.7659129671436172e-19,4.805911598160828e-18,1.2165840250061832e-16,0.0,2.4331680500123664e-14,1.0
46.08,0.0,0.0,0.0,0.0,3.3224592703618582e-18,-1.099708559824884e-17,1.9464600521211725e-16,0.0,3.8929201042423447e-14,1.0
46.09,0.0,0.0,0.0,0.0,5.122080276405964e-18,-1.1377408968304083e-17,1.8538364422988613e-16,0.0,3.7076728845977225e-14,1.0
46.1,0.0,0.0,0.0,0.0,-1.0850769165427123e-17,-1.3414621495217904e-17,1.3348514280326933e-16,0.0,2.6697028560653866e-14,1.0
46.11,0.0,0.0,0.0,0.0,3.1752584267072123e-19,-1.3766966222458648e-17,1.3930193374693344e-16,0.0,2.7860386749386688e-14,1.0
46.12,0.0,0.0,0.0,0.0,7.048362133304061e-18,-6.78244485343362e-18,9.982196444789122e-17,0.0,1.9964392889578244e-14,1.0
46.13,0.0,0.0,0.0,0.0,7.62362299062913e-18,-2.025372592859259e-17,8.755853096529834e-17,0.0,1.751170619305967e-14,1.0
46.14,0.0,0.0,0.0,0.0,1.4924348650896813e-17,-1.1474205252135807e-17,3.6005560726529964e-17,0.0,7.201112145305992e-15,1.0
46.15,0.0,0.0,0.0,0.0,1.6060607736003287e-17,-1.0437493530203726e-17,4.341149768335093e-17,0.0,8.682299536670185e-15,1.0
46.160000000000004,0.0,0.0,0.0,0.0,8.840808547671964e-18,-1.5813363405736577e-17,4.241482539082805e-17,0.0,8.48296507816561e-15,1.0
46.17,0.0,0.0,0.0,0.0,3.092437108706166e-17,-2.2480719596953187e-17,1.0272150109245829e-16,0.0,2.0544300218491656e-14,1.0
46.18,0.0,0.0,0.0,0.0,6.0894808337957085e-18,-6.6679741454703396e-18,7.447505392041063e-17,0.0,1.4895010784082125e-14,1.0
46.19,0.0,0.0,0.0,0.0,1.7088767229527749e-18,-1.9143290056295706e-17,6.052686429205882e-17,0.0,1.2105372858411764e-14,1.0
46.2,0.0,0.0,0.0,0.0,1.1984372920363672e-17,-2.369470999934389e-17,9.309373405385604e-17,0.0,1.8618746810771207e-14,1.0
46.21,0.0,0.0,0.0,0.0,1.197756426388247e-17,-9.862272745865126e-18,1.1659961334627475e-16,0.0,2.331992266925495e-14,1.0
46.22,0.0,0.0,0.0,0.0,2.4992581349539012e-17,-2.284429226713578e-17,7.270857688827424e-17,0.0,1.4541715377654847e-14,1.0
46.230000000000004,0.0,0.0,0.0,0.0,1.7348846748205344e-17,-1.8685355156722623e-17,5.2859470024126393e-17,0.0,1.0571894004825278e-14,1.0
46.24,0.0,0.0,0.0,0.0,1.0788179181599414e-17,-1.2613726148666849e-17,3.07303477037282e-17,0.0,6.1460695407456394e-15,1.0
46.25,0.0,0.0,0.0,0.0,2.9617500938568844e-18,-1.3324714109289926e-17,1.7263762890573866e-16,0.0,3.452752578114773e-14,1.0
46.26,0.0,0.0,0.0,0.0,1.0110698496341042e-17,-8.495710976824517e-18,1.504800786051811e-16,0.0,3.009601572103622e-14,1.0
46.27,0.0,0.0,0.0,0.0,-7.84031523635893e-18,-1.9375991694534374e-18,1.2466188649488636e-16,0.0,2.4932377298977272e-14,1.0
46.28,0.0,0.0,0.0,0.0,5.7604619784983e-18,-5.5468508960894306e-18,2.676090569946172e-17,0.0,5.352181139892344e-15,1.0
46.29,0.0,0.0,0.0,0.0,1.2463558643734461e-17,-1.4983901154093674e-17,8.211193238434206e-17,0.0,1.6422386476868412e-14,1.0
46.300000000000004,0.0,0.0,0.0,0.0,1.315513408377008e-17,-1.593245875999254e-17,1.0878032170118013e-16,0.0,2.1756064340236026e-14,1.0
46.31,0.0,0.0,0.0,0.0,1.3687427942479118e-17,-2.474423751668243e-17,1.3244607822039745e-16,0.0,2.648921564407949e-14,1.0
46.32,0.0,0.0,0.0,0.0,1.1387396864639655e-17,-2.1957570001693044e-17,8.059180962588898e-17,0.0,1.6118361925177796e-14,1.0
46.33,0.0,0.0,0.0,0.0,1.918117134732944e-17,-1.8327021537339587e-17,1.773252965337542e-17,0.0,3.5465059306750836e-15,1.0
46.34,0.0,0.0,0.0,0.0,7.101188894614936e-18,-6.608749661262293e-18,6.102874687076133e-17,0.0,1.2205749374152267e-14,1.0
46.35,0.0,0.0,0.0,0.0,6.683619757480122e-18,-1.680869472384e-17,6.714852153680473e-17,0.0,1.3429704307360945e-14,1.0
46.36,0.0,0.0,0.0,0.0,6.8280369097482356e-18,-1.650798691149741e-17,8.601790640187956e-17,0.0,1.7203581280375912e-14,1.0
46.37,0.0,0.0,0.0,0.0,4.942561203747964e-18,-1.119228364553708e-17,6.54065467242711e-17,0.0,1.3081309344854218e-14,1.0
46.38,0.0,0.0,0.0,0.0,2.093916290771488e-17,-7.426910336038158e-18,5.22295338142502e-17,0.0,1.044590676285004e-14,1.0
46.39,0.0,0.0,0.0,0.0,1.5715436935121347e-17,-1.286833624676022e-17,6.273608330613335e-17,0.0,1.254721666122667e-14,1.0
46.4,0.0,0.0,0.0,0.0,1.4386496137860384e-17,-1.4344162508129275e-17,5.2758323444285596e-17,0.0,1.0551664688857119e-14,1.0
46.410000000000004,0.0,0.0,0.0,0.0,1.3367142683826071e-17,-1.3601057123978046e-17,9.482765063823168e-17,0.0,1.8965530127646338e-14,1.0
46.42,0.0,0.0,0.0,0.0,9.585581592195769e-18,-1.8571887450716945e-17,7.88028089746875e-17,0.0,1.5760561794937498e-14,1.0
46.43,0.0,0.0,0.0,0.0,1.221755817321887e-17,-1.3349653386576708e-17,1.398325985949369e-16,0.0,2.7966519718987382e-14,1.0
46.44,0.0,0.0,0.0,0.0,7.708122877113656e-18,-1.0774569981163777e-17,2.9745320181300786e-16,0.0,5.949064036260157e-14,1.0
46.45,0.0,0.0,0.0,0.0,8.259677763089483e-18,-8.860902066160292e-18,3.359669581403944e-16,0.0,6.719339162807888e-14,1.0
46.46,0.0,0.0,0.0,0.0,-3.619965280679681e-18,-3.387534781656725e-18,3.5890957873844504e-16,0.0,7.1781915747689e-14,1.0
46.47,0.0,0.0,0.0,0.0,-1.5645049999789425e-19,-5.1574242770315216e-18,3.2711626065948733e-16,0.0,6.542325213189746e-14,1.0
46.480000000000004,0.0,0.0,0.0,0.0,1.1238086975658525e-18,1.761017863236324e-18,3.0387801497704314e-16,0.0,6.077560299540862e-14,1.0
46.49,0.0,0.0,0.0,0.0,9.983971297155457e-18,2.1629806594311596e-18,3.707207024844491e-16,0.0,7.414414049688981e-14,1.0
46.5,0.0,0.0,0.0,0.0,1.6562186611486e-17,-1.774660992812579e-17,4.230587592114289e-16,0.0,8.461175184228578e-14,1.0
46.51,0.0,0.0,0.0,0.0,6.512121613889567e-18,1.255573462795692e-19,4.150173640675204e-16,0.0,8.300347281350408e-14,1.0
46.52,0.0,0.0,0.0,0.0,-1.8318520087245214e-18,1.3640102392307646e-19,4.208983890297159e-16,0.0,8.417967780594318e-14,1.0
46.53,0.0,0.0,0.0,0.0,6.868199766408416e-18,-6.829624684585998e-18,3.2658747829480256e-16,0.0,6.531749565896051e-14,1.0
46.54,0.0,0.0,0.0,0.0,1.7485664144767572e-18,-3.735149144356004e-18,3.144986597981469e-16,0.0,6.289973195962938e-14,1.0
46.550000000000004,0.0,0.0,0.0,0.0,1.2303502847293986e-17,-1.3771182930509345e-17,2.7831736766414735e-16,0.0,5.566347353282947e-14,1.0
46.56,0.0,0.0,0.0,0.0,-5.223243775310969e-18,-1.3808532941666826e-17,2.1761660922968425e-16,0.0,4.352332184593685e-14,1.0
46.57,0.0,0.0,0.0,0.0,1.954824397358466e-17,-1.9802638178383665e-17,1.474068222488149e-16,0.0,2.948136444976298e-14,1.0
46.58,0.0,0.0,0.0,0.0,1.1690659278215347e-17,-1.3310007131443716e-17,1.986701137347944e-16,0.0,3.973402274695888e-14,1.0
46.59,0.0,0.0,0.0,0.0,7.849451216301747e-18,-1.9408686083414153e-17,2.8840115271583614e-16,0.0,5.768023054316723e-14,1.0
46.6,0.0,0.0,0.0,0.0,1.3813169485142688e-17,-1.4893901352189295e-17,2.1553763928874314e-16,0.0,4.310752785774863e-14,1.0
46.61,0.0,0.0,0.0,0.0,6.712452282187723e-19,-1.0091363010563642e-17,1.9596288373436007e-16,0.0,3.9192576746872015e-14,1.0
46.62,0.0,0.0,0.0,0.0,-8.853101058665644e-20,-1.49940479168306e-17,2.1044572526303137e-16,0.0,4.208914505260627e-14,1.0
46.63,0.0,0.0,0.0,0.0,7.45118857787699e-18,-8.332711717510853e-18,2.810446063327918e-16,0.0,5.620892126655835e-14,1.0
46.64,0.0,0.0,0.0,0.0,-2.603225226662236e-19,-7.880445605215553e-18,2.427358361297973e-16,0.0,4.854716722595946e-14,1.0
46.65,0.0,0.0,0.0,0.0,-5.072255588824403e-19,-8.437567815516835e-18,2.5370989082918344e-16,0.0,5.0741978165836685e-14,1.0
46.660000000000004,0.0,0.0,0.0,0.0,1.6373559258614537e-18,-1.4094220124462282e-17,2.0352627337087784e-16,0.0,4.070525467417557e-14,1.0
46.67,0.0,0.0,0.0,0.0,-5.339139411896716e-18,-4.3412936571221476e-18,2.5763458017872346e-16,0.0,5.152691603574469e-14,1.0
46.68,0.0,0.0,0.0,0.0,5.4101517671873886e-18,-6.7671716897865445e-18,1.7202639637114077e-16,0.0,3.440527927422816e-14,1.0
46.69,0.0,0.0,0.0,0.0,-8.506125727793358e-19,-1.1174149352225157e-17,2.216798006734914e-16,0.0,4.4335960134698276e-14,1.0
46.7,0.0,0.0,0.0,0.0,-9.518371516209732e-20,-1.3906632411852947e-17,2.3260981362935874e-16,0.0,4.652196272587175e-14,1.0
46.71,0.0,0.0,0.0,0.0,6.000009035919242e-18,-1.9975837158025068e-18,2.554803665670344e-16,0.0,5.109607331340688e-14,1.0
46.72,0.0,0.0,0.0,0.0,5.7264488979665925e-18,-8.354703623860938e-18,1.7834845000091475e-16,0.0,3.5669690000182946e-14,1.0
46.730000000000004,0.0,0.0,0.0,0.0,7.63908681931304e-18,-1.0841055439769737e-18,1.4782569114246208e-16,0.0,2.956513822849242e-14,1.0
46.74,0.0,0.0,0.0,0.0,1.6311218061326448e-17,-2.1933206141070275e-18,1.3905394552868252e-16,0.0,2.7810789105736502e-14,1.0
46.75,0.0,0.0,0.0,0.0,1.4209579404066652e-17,-1.496527071976051e-17,8.443824345896904e-17,0.0,1.6887648691793807e-14,1.0
46.76,0.0,0.0,0.0,0.0,1.2434408390178865e-17,-1.7357466876919863e-17,1.1332115250626728e-16,0.0,2.2664230501253456e-14,1.0
46.77,0.0,0.0,0.0,0.0,1.423330999198838e-17,-1.7275358552319485e-17,2.1537341549000592e-16,0.0,4.3074683098001183e-14,1.0
46.78,0.0,0.0,0.0,0.0,1.683762209716139e-17,-3.4988514391117265e-17,1.8764522282413343e-16,0.0,3.752904456482669e-14,1.0
46.79,0.0,0.0,0.0,0.0,1.9739608898601634e-17,-2.2763787228577585e-17,1.7105637690271998e-16,0.0,3.421127538054399e-14,1.0
46.800000000000004,0.0,0.0,0.0,0.0,9.121971838060973e-18,-1.9308454973179885e-17,1.4753813600770672e-16,0.0,2.950762720154134e-14,1.0
46.81,0.0,0.0,0.0,0.0,7.16895081808298e-18,-1.7055786633080523e-17,9.500014820398635e-17,0.0,1.900002964079727e-14,1.0
46.82,0.0,0.0,0.0,0.0,7.903155529605292e-18,-9.545263589695056e-18,4.405304125648061e-17,0.0,8.810608251296122e-15,1.0
46.83,0.0,0.0,0.0,0.0,7.0987118365723e-18,-1.1331135081479262e-17,5.795395962793701e-17,0.0,1.1590791925587401e-14,1.0
46.84,0.0,0.0,0.0,0.0,-3.027708739837047e-18,-6.6359565325368365e-18,1.2146343579384912e-16,0.0,2.4292687158769824e-14,1.0
46.85,0.0,0.0,0.0,0.0,-4.2322007460416436e-19,-1.2331861426852222e-17,1.2411428698981967e-16,0.0,2.4822857397963933e-14,1.0
46.86,0.0,0.0,0.0,0.0,8.578507444415957e-18,-2.4805350083044388e-17,7.290906118865008e-17,0.0,1.4581812237730016e-14,1.0
46.87,0.0,0.0,0.0,0.0,9.654583195464069e-18,-1.98548139786209e-17,9.845071068373448e-17,0.0,1.9690142136746894e-14,1.0
46.88,0.0,0.0,0.0,0.0,-8.796481346813292e-18,-1.1815339167134755e-17,1.5757808176516693e-16,0.0,3.151561635303339e-14,1.0
46.89,0.0,0.0,0.0,0.0,5.6711235210333736e-18,-6.103947634527502e-18,1.370106460873177e-16,0.0,2.7402129217463538e-14,1.0
46.9,0.0,0.0,0.0,0.0,1.520503781501445e-17,-1.683867267643482e-17,5.56478889919731e-17,0.0,1.112957779839462e-14,1.0
46.910000000000004,0.0,0.0,0.0,0.0,9.666948336035795e-18,-1.5578779962422194e-17,3.013208926222538e-17,0.0,6.026417852445075e-15,1.0
46.92,0.0,0.0,0.0,0.0,9.70073272400257e-18,-1.0951671468326858e-17,1.2174484027174005e-16,0.0,2.434896805434801e-14,1.0
46.93,0.0,0.0,0.0,0.0,1.1591705561519433e-17,-1.0257864836497318e-17,7.072705762889349e-17,0.0,1.4145411525778697e-14,1.0
46.94,0.0,0.0,0.0,0.0,-1.052412606632752e-17,-5.273121915385147e-18,7.481873699860307e-17,0.0,1.4963747399720615e-14,1.0
46.95,0.0,0.0,0.0,0.0,1.5536849332246765e-18,-6.183619739931037e-18,6.985764182015569e-17,0.0,1.3971528364031136e-14,1.0
46.96,0.0,0.0,0.0,0.0,-3.043363283482269e-18,-9.987159068011337e-19,1.15259032169479e-16,0.0,2.3051806433895797e-14,1.0
46.97,0.0,0.0,0.0,0.0,1.1930003537293188e-17,-1.660333248313139e-17,1.1473953568354337e-16,0.0,2.2947907136708674e-14,1.0
46.980000000000004,0.0,0.0,0.0,0.0,1.5320685184425608e-17,1.4156625462735553e-19,7.214101782138838e-17,0.0,1.4428203564277677e-14,1.0
46.99,0.0,0.0,0.0,0.0,2.911274456551681e-18,-3.483644793273801e-18,7.523562281672555e-17,0.0,1.504712456334511e-14,1.0
47.0,0.0,0.0,0.0,0.0,3.397617275323301e-18,-1.4460544040978388e-17,9.771627724463103e-17,0.0,1.9543255448926206e-14,1.0
47.01,0.0,0.0,0.0,0.0,1.4886345659385795e-17,-1.651410657336697e-17,3.9068994494661104e-17,0.0,7.813798898932221e-15,1.0
47.02,0.0,0.0,0.0,0.0,1.249786916686828e-17,-1.3273674214870045e-17,8.622343358253974e-17,0.0,1.724468671650795e-14,1.0
47.03,0.0,0.0,0.0,0.0,-8.506691196922178e-18,-9.471761639555073e-18,9.547471569648495e-17,0.0,1.909494313929699e-14,1.0
47.04,0.0,0.0,0.0,0.0,2.6242374078333907e-18,-9.393755097089834e-18,1.2498410475640018e-16,0.0,2.4996820951280038e-14,1.0
47.050000000000004,0.0,0.0,0.0,0.0,1.5928572066255104e-17,-1.3078895273555801e-17,1.2143568923992406e-16,0.0,2.428713784798481e-14,1.0
47.06,0.0,0.0,0.0,0.0,1.9037195500794014e-17,-7.668479777164632e-18,1.1819921700568232e-16,0.0,2.3639843401136465e-14,1.0
47.07,0.0,0.0,0.0,0.0,1.2007605592740297e-17,-1.4071689996717686e-17,6.5244205208233e-17,0.0,1.30488410416466e-14,1.0
47.08,0.0,0.0,0.0,0.0,6.69456195863137e-18,-3.2983165023151936e-19,6.201721232684504e-17,0.0,1.2403442465369006e-14,1.0
47.09,0.0,0.0,0.0,0.0,-1.328709715988053e-18,-8.834953038868985e-18,1.078645180766022e-16,0.0,2.157290361532044e-14,1.0
47.1,0.0,0.0,0.0,0.0,-6.446253136664954e-19,-9.4221310952202e-18,8.846368951375535e-17,0.0,1.7692737902751068e-14,1.0
47.11,0.0,0.0,0.0,0.0,-1.2885050531301338e-18,-2.5346970686063505e-18,1.528444954920324e-16,0.0,3.056889909840648e-14,1.0
47.12,0.0,0.0,0.0,0.0,-1.7086193907813818e-18,-8.187406646560074e-18,1.2797163841533334e-16,0.0,2.5594327683066667e-14,1.0
47.13,0.0,0.0,0.0,0.0,1.3452721106974514e-19,-1.04548200311541e-18,7.960505958180467e-17,0.0,1.5921011916360935e-14,1.0
47.14,0.0,0.0,0.0,0.0,2.582982082525024e-18,-2.962272583581626e-18,8.884020989740649e-17,0.0,1.7768041979481297e-14,1.0
47.15,0.0,0.0,0.0,0.0,5.6611682394096626e-18,-1.1617053845117312e-17,1.8400006707347772e-16,0.0,3.680001341469554e-14,1.0
47.160000000000004,0.0,0.0,0.0,0.0,1.6969578575446927e-17,-1.5022936303799494e-17,1.2425882204954865e-16,0.0,2.485176440990973e-14,1.0
47.17,0.0,0.0,0.0,0.0,9.35892348415356e-18,-1.1322942251432912e-17,6.744036385766085e-17,0.0,1.3488072771532171e-14,1.0
47.18,0.0,0.0,0.0,0.0,5.294223107171427e-18,2.9255902045485304e-18,1.1058441095485086e-16,0.0,2.2116882190970172e-14,1.0
47.19,0.0,0.0,0.0,0.0,3.5694003514388205e-19,-1.2119985752333574e-17,1.0476610654535859e-16,0.0,2.095322130907172e-14,1.0
47.2,0.0,0.0,0.0,0.0,1.4856053323682666e-17,-1.463555195879966e-17,1.1646278018993615e-16,0.0,2.329255603798723e-14,1.0
47.21,0.0,0.0,0.0,0.0,1.3117965514516798e-17,-9.858816783899146e-18,6.365081966277679e-17,0.0,1.2730163932555357e-14,1.0
47.22,0.0,0.0,0.0,0.0,8.070807791714425e-18,-1.1916090396249495e-18,5.813880918234377e-17,0.0,1.1627761836468755e-14,1.0
47.230000000000004,0.0,0.0,0.0,0.0,-1.1829326476860199e-17,-1.1522363322967683e-17,5.090445019744971e-17,0.0,1.0180890039489941e-14,1.0
47.24,0.0,0.0,0.0,0.0,1.0738148926396155e-18,-9.813437194864017e-18,1.215009119833853e-16,0.0,2.4300182396677062e-14,1.0
47.25,0.0,0.0,0.0,0.0,7.394361598034724e-18,-1.3107773449782459e-17,1.4798517051897544e-16,0.0,2.9597034103795086e-14,1.0
47.26,0.0,0.0,0.0,0.0,1.5689086586221984e-17,-1.2286405856362194e-17,1.208636771983652e-16,0.0,2.4172735439673042e-14,1.0
47.27,0.0,0.0,0.0,0.0,3.3886115917356235e-18,6.335986140093341e-18,6.363343557852062e-17,0.0,1.2726687115704124e-14,1.0
47.28,0.0,0.0,0.0,0.0,7.025914057027322e-18,1.5857458586519425e-18,6.237368778702513e-17,0.0,1.2474737557405026e-14,1.0
47.29,0.0,0.0,0.0,0.0,-3.266122679005386e-18,1.4177679727549814e-18,6.029227385042355e-17,0.0,1.205845477008471e-14,1.0
47.300000000000004,0.0,0.0,0.0,0.0,-3.8140745149371326e-19,1.2260949140506098e-18,9.838164682319222e-17,0.0,1.9676329364638445e-14,1.0
47.31,0.0,0.0,0.0,0.0,4.488169462806164e-20,5.245023553432584e-19,7.975313681517035e-17,0.0,1.595062736303407e-14,1.0
47.32,0.0,0.0,0.0,0.0,7.185729419096525e-18,-8.025303107795329e-19,3.947777945746296e-17,0.0,7.895555891492591e-15,1.0
47.33,0.0,0.0,0.0,0.0,9.29858939813626e-18,-3.6340752173862445e-18,5.980769032326483e-17,0.0,1.1961538064652966e-14,1.0
47.34,0.0,0.0,0.0,0.0,-6.442492701832881e-19,-3.278313101146644e-18,3.4989942092994446e-17,0.0,6.997988418598889e-15,1.0
47.35,0.0,0.0,0.0,0.0,-3.010383919544688e-18,-1.1663928117932829e-17,7.214513706634903e-17,0.0,1.4429027413269808e-14,1.0
47.36,0.0,0.0,0.0,0.0,-3.7831781939718355e-18,-1.0010749314701103e-17,9.514810524011024e-17,0.0,1.9029621048022047e-14,1.0
47.37,0.0,0.0,0.0,0.0,-4.183881229090988e-18,-8.309549499877978e-18,1.32877201100258e-16,0.0,2.6575440220051597e-14,1.0
47.38,0.0,0.0,0.0,0.0,-5.979614139087698e-18,7.195261322589007e-18,8.451252818710476e-17,0.0,1.690250563742095e-14,1.0
47.39,0.0,0.0,0.0,0.0,3.3779287089056e-18,2.6099048491816118e-18,6.928158400893353e-17,0.0,1.3856316801786706e-14,1.0
47.4,0.0,0.0,0.0,0.0,5.132958155584041e-18,1.030096601861526e-18,6.770642822994741e-17,0.0,1.3541285645989482e-14,1.0
47.410000000000004,0.0,0.0,0.0,0.0,1.7455317427990336e-17,-5.5781713025387055e-18,1.3393976448549849e-17,0.0,2.67879528970997e-15,1.0
47.42,0.0,0.0,0.0,0.0,1.31354210370419e-17,-3.761194503142406e-18,1.018469293390058e-16,0.0,2.036938586780116e-14,1.0
47.43,0.0,0.0,0.0,0.0,2.4523648195249074e-18,-2.804416885877745e-18,7.683135090362841e-17,0.0,1.536627018072568e-14,1.0
47.44,0.0,0.0,0.0,0.0,1.5540894811000465e-17,-1.6163472682883005e-17,6.352983225938846e-17,0.0,1.2705966451877692e-14,1.0
47.45,0.0,0.0,0.0,0.0,1.1817942656999416e-17,-4.3179859534298364e-18,1.7704609813781172e-16,0.0,3.5409219627562345e-14,1.0
47.46,0.0,0.0,0.0,0.0,1.800355693828871e-18,-6.694254344947528e-18,2.47826020102096e-16,0.0,4.95652040204192e-14,1.0
47.47,0.0,0.0,0.0,0.0,3.165090266698366e-18,-1.0060954157179192e-17,2.1752250875086353e-16,0.0,4.3504501750172707e-14,1.0
47.480000000000004,0.0,0.0,0.0,0.0,1.2906993090536087e-17,-1.8842126162820998e-17,2.526669635563904e-16,0.0,5.053339271127808e-14,1.0
47.49,0.0,0.0,0.0,0.0,-4.515846759687089e-19,-1.242711844480248e-17,2.5561812966545483e-16,0.0,5.112362593309097e-14,1.0
47.5,0.0,0.0,0.0,0.0,-1.5566864732971897e-18,-1.2010389005277348e-17,2.7888034603847528e-16,0.0,5.577606920769505e-14,1.0
47.51,0.0,0.0,0.0,0.0,3.485646846090919e-18,-1.4035596013670052e-17,2.244785861596779e-16,0.0,4.489571723193558e-14,1.0
47.52,0.0,0.0,0.0,0.0,4.562455719723421e-19,-6.703964485231711e-18,1.8809637647043653e-16,0.0,3.761927529408731e-14,1.0
47.53,0.0,0.0,0.0,0.0,6.201612671083228e-18,-1.3467106573648309e-18,1.8763348310281054e-16,0.0,3.752669662056211e-14,1.0
47.54,0.0,0.0,0.0,0.0,1.4480728316414234e-17,-9.471295875275182e-18,1.1799716816508531e-16,0.0,2.3599433633017063e-14,1.0
47.550000000000004,0.0,0.0,0.0,0.0,1.613913181090989e-17,-9.888519844213999e-18,1.453561008801652e-16,0.0,2.907122017603304e-14,1.0
47.56,0.0,0.0,0.0,0.0,-2.0391258329213894e-18,7.232882874347898e-18,1.883715228303004e-16,0.0,3.767430456606008e-14,1.0
47.57,0.0,0.0,0.0,0.0,6.369994891640924e-18,6.480106003782715e-18,1.6424764782415642e-16,0.0,3.2849529564831284e-14,1.0
47.58,0.0,0.0,0.0,0.0,9.609581731516474e-18,-2.288567049378714e-17,1.4296011322593504e-16,0.0,2.859202264518701e-14,1.0
47.59,0.0,0.0,0.0,0.0,2.717683718694221e-18,-1.840801067251563e-17,1.1464754970666836e-16,0.0,2.292950994133367e-14,1.0
47.6,0.0,0.0,0.0,0.0,9.819886445532711e-18,-1.210051458052654e-17,2.2277549283491008e-16,0.0,4.455509856698201e-14,1.0
47.61,0.0,0.0,0.0,0.0,-1.936553399946659e-19,-1.190875413859476e-17,2.0146527061280398e-16,0.0,4.029305412256079e-14,1.0
47.62,0.0,0.0,0.0,0.0,9.715317815721496e-18,-1.3932400808071928e-17,2.672173379345693e-16,0.0,5.3443467586913856e-14,1.0
47.63,0.0,0.0,0.0,0.0,1.7548940967672835e-17,-2.3951652352555177e-17,2.736815309881421e-16,0.0,5.4736306197628423e-14,1.0
47.64,0.0,0.0,0.0,0.0,1.4068938461761503e-17,-1.7831224778685994e-17,2.7632249153305677e-16,0.0,5.526449830661135e-14,1.0
47.65,0.0,0.0,0.0,0.0,-2.06252493718996e-18,-8.938030013448227e-18,3.6582989568591317e-16,0.0,7.316597913718264e-14,1.0
47.660000000000004,0.0,0.0,0.0,0.0,2.267527587178443e-17,-1.2702450184719167e-17,3.6709717774275233e-16,0.0,7.341943554855046e-14,1.0
47.67,0.0,0.0,0.0,0.0,1.179405202466848e-17,-1.7173567784816445e-17,3.822457277791961e-16,0.0,7.644914555583922e-14,1.0
47.68,0.0,0.0,0.0,0.0,8.60679481071667e-18,-2.1449011567240926e-17,3.718473889721589e-16,0.0,7.436947779443178e-14,1.0
47.69,0.0,0.0,0.0,0.0,-2.742750142100563e-18,-1.4819333510742132e-17,3.4069624705135077e-16,0.0,6.813924941027015e-14,1.0
47.7,0.0,0.0,0.0,0.0,6.3638971290067945e-18,-2.525309833039377e-17,3.8392610093463083e-16,0.0,7.678522018692617e-14,1.0
47.71,0.0,0.0,0.0,0.0,-6.7154985264168634e-18,-1.5078652324575906e-17,3.8014228306328064e-16,0.0,7.602845661265613e-14,1.0
47.72,0.0,0.0,0.0,0.0,-9.298642540827203e-18,-1.4759320709837252e-17,3.8238257509043905e-16,0.0,7.647651501808781e-14,1.0
47.730000000000004,0.0,0.0,0.0,0.0,1.682717690775095e-17,-2.3028963380988932e-17,3.5134374322010706e-16,0.0,7.026874864402141e-14,1.0
47.74,0.0,0.0,0.0,0.0,-1.7929553360769994e-18,-3.0729440423077355e-17,2.994173432433657e-16,0.0,5.988346864867314e-14,1.0
47.75,0.0,0.0,0.0,0.0,-3.001486633275458e-18,-2.4476250968829182e-17,2.639850136539506e-16,0.0,5.279700273079012e-14,1.0
47.76,0.0,0.0,0.0,0.0,-4.880916074917971e-19,-2.5373379640983586e-17,2.6453684079875463e-16,0.0,5.290736815975093e-14,1.0
47.77,0.0,0.0,0.0,0.0,1.1997109258319358e-19,-7.213892678255871e-18,2.644026937235278e-16,0.0,5.2880538744705554e-14,1.0
47.78,0.0,0.0,0.0,0.0,1.2370382139474924e-18,-2.5883210662011932e-17,2.166138900910074e-16,0.0,4.332277801820148e-14,1.0
47.79,0.0,0.0,0.0,0.0,2.3781928462341763e-18,-2.751163345182622e-17,2.485423847806347e-16,0.0,4.970847695612694e-14,1.0
47.800000000000004,0.0,0.0,0.0,0.0,2.0209005384758686e-18,-9.316021704014352e-18,2.5179016061632723e-16,0.0,5.035803212326544e-14,1.0
47.81,0.0,0.0,0.0,0.0,8.257721159782745e-18,-1.9308696944511376e-17,2.4828698271001187e-16,0.0,4.9657396542002374e-14,1.0
47.82,0.0,0.0,0.0,0.0,5.245084197705191e-18,-1.674763405915371e-17,1.6215437663021755e-16,0.0,3.243087532604351e-14,1.0
47.83,0.0,0.0,0.0,0.0,-5.506463250096518e-19,-9.947045222644565e-18,1.042196540066298e-16,0.0,2.084393080132596e-14,1.0
47.84,0.0,0.0,0.0,0.0,8.401633152472622e-18,-3.2992885391033544e-18,5.073101029100473e-17,0.0,1.0146202058200945e-14,1.0
47.85,0.0,0.0,0.0,0.0,1.3598810134252162e-18,-4.501015244806778e-18,4.5600792064795074e-17,0.0,9.120158412959015e-15,1.0
47.86,0.0,0.0,0.0,0.0,-2.31272322743782e-18,-1.924539024759629e-18,7.218517083042055e-17,0.0,1.443703416608411e-14,1.0
47.870000000000005,0.0,0.0,0.0,0.0,9.842629250474591e-18,-8.132683976539032e-18,3.975977725703116e-17,0.0,7.951955451406233e-15,1.0
47.88,0.0,0.0,0.0,0.0,9.806203487562152e-18,-1.1689751789991405e-17,1.1473510438296733e-16,0.0,2.2947020876593468e-14,1.0
47.89,0.0,0.0,0.0,0.0,-1.7226500363540676e-18,-1.1913227075412093e-17,1.0496022238130484e-16,0.0,2.0992044476260968e-14,1.0
47.9,0.0,0.0,0.0,0.0,7.937624138615642e-18,-2.0569880602801535e-17,8.565049591607967e-17,0.0,1.7130099183215933e-14,1.0
47.910000000000004,0.0,0.0,0.0,0.0,2.9424094590970654e-18,-1.5997135072408938e-17,9.919484227124451e-17,0.0,1.98389684542489e-14,1.0
47.92,0.0,0.0,0.0,0.0,3.0138223706111332e-18,-1.4156438177953662e-17,1.1281281391037275e-16,0.0,2.256256278207455e-14,1.0
47.93,0.0,0.0,0.0,0.0,1.779223807528466e-17,-2.643720508966021e-18,1.0547159336861018e-16,0.0,2.1094318673722037e-14,1.0
47.94,0.0,0.0,0.0,0.0,7.569340872127649e-18,-4.009025973776215e-18,1.1192285805242202e-16,0.0,2.2384571610484402e-14,1.0
47.95,0.0,0.0,0.0,0.0,1.207576830946299e-17,-9.76905021754566e-18,1.284609960577647e-16,0.0,2.5692199211552938e-14,1.0
47.96,0.0,0.0,0.0,0.0,1.3966552586403208e-17,-1.1271890709020758e-17,2.0503438202593505e-16,0.0,4.100687640518701e-14,1.0
47.97,0.0,0.0,0.0,0.0,9.863825387083942e-18,-2.2665989119242954e-17,2.508722364754427e-16,0.0,5.017444729508854e-14,1.0
47.980000000000004,0.0,0.0,0.0,0.0,1.2962013333942288e-17,-2.87792358041982e-17,2.4834832838225665e-16,0.0,4.9669665676451327e-14,1.0
47.99,0.0,0.0,0.0,0.0,1.6151218881831005e-17,-1.6322998219511612e-17,2.307862693301015e-16,0.0,4.6157253866020304e-14,1.0
48.0,0.0,0.0,0.0,0.0,1.0191858195534225e-17,-2.3070549875856772e-17,2.316682853501227e-16,0.0,4.633365707002454e-14,1.0
48.01,0.0,0.0,0.0,0.0,2.1451104867358466e-17,-1.6955805597400397e-17,3.0510572133090693e-16,0.0,6.102114426618138e-14,1.0
48.02,0.0,0.0,0.0,0.0,4.818411406947594e-18,-4.127058680307022e-18,2.452018351178192e-16,0.0,4.9040367023563845e-14,1.0
48.03,0.0,0.0,0.0,0.0,2.28567288552781e-17,-9.543312950811651e-18,2.330377547362737e-16,0.0,4.6607550947254736e-14,1.0
48.04,0.0,0.0,0.0,0.0,1.2872470454145429e-17,-1.3487428000145289e-17,2.3141883040199783e-16,0.0,4.6283766080399564e-14,1.0
48.050000000000004,0.0,0.0,0.0,0.0,6.6700974300651836e-18,-2.3290815186382206e-17,1.8486267191551523e-16,0.0,3.6972534383103045e-14,1.0
48.06,0.0,0.0,0.0,0.0,7.05907299647851e-18,-2.4067937826901744e-17,1.8951091301264868e-16,0.0,3.790218260252974e-14,1.0
48.07,0.0,0.0,0.0,0.0,8.108223472042153e-18,-2.4098961819814e-17,2.0011743919464547e-16,0.0,4.002348783892909e-14,1.0
48.08,0.0,0.0,0.0,0.0,9.1216191214058e-18,-1.8345825086362155e-17,2.1581701441256286e-16,0.0,4.3163402882512574e-14,1.0
48.09,0.0,0.0,0.0,0.0,9.1182063833636e-18,-1.6711823553120933e-17,2.2122022172770025e-16,0.0,4.424404434554005e-14,1.0
48.1,0.0,0.0,0.0,0.0,1.9461933091868042e-17,-1.6762645588298815e-17,2.359356158341795e-16,0.0,4.7187123166835896e-14,1.0
48.11,0.0,0.0,0.0,0.0,2.216606885691856e-17,-7.372641644449223e-18,1.858702729194461e-16,0.0,3.7174054583889217e-14,1.0
48.120000000000005,0.0,0.0,0.0,0.0,2.9445308368845026e-17,-1.8637104961613868e-17,2.354035307906773e-16,0.0,4.708070615813546e-14,1.0
48.13,0.0,0.0,0.0,0.0,1.0680379914291233e-17,-7.924307158224534e-18,2.6028560403835315e-16,0.0,5.2057120807670627e-14,1.0
48.14,0.0,0.0,0.0,0.0,1.9028755844664174e-17,-2.1269025562528864e-17,2.592377561951894e-16,0.0,5.184755123903788e-14,1.0
48.15,0.0,0.0,0.0,0.0,2.1374555433966512e-17,-6.1918845041299264e-18,2.4657661163319453e-16,0.0,4.93153223266389e-14,1.0
48.160000000000004,0.0,0.0,0.0,0.0,2.0591516691458806e-17,-3.8872130706531485e-18,3.251454409898047e-16,0.0,6.502908819796094e-14,1.0
48.17,0.0,0.0,0.0,0.0,9.282059857348771e-18,-6.945460367356273e-18,3.9281139474417045e-16,0.0,7.856227894883409e-14,1.0
48.18,0.0,0.0,0.0,0.0,8.235461268400037e-18,-1.0077944366721508e-17,3.4521645930540414e-16,0.0,6.904329186108083e-14,1.0
48.19,0.0,0.0,0.0,0.0,3.591120461470668e-18,2.7055564852035776e-18,3.679872260944691e-16,0.0,7.359744521889383e-14,1.0
48.2,0.0,0.0,0.0,0.0,9.713349300296835e-18,-1.3833337793287893e-17,3.5351869124549034e-16,0.0,7.070373824909807e-14,1.0
48.21,0.0,0.0,0.0,0.0,5.327478290584184e-18,-1.229705267267014e-19,3.751433018283882e-16,0.0,7.502866036567763e-14,1.0
48.22,0.0,0.0,0.0,0.0,6.74071610365527e-18,-2.0242783392344565e-17,3.6550130552153383e-16,0.0,7.310026110430677e-14,1.0
48.230000000000004,0.0,0.0,0.0,0.0,5.782219077741926e-18,-1.113451720294157e-17,3.8677744691101186e-16,0.0,7.735548938220237e-14,1.0
48.24,0.0,0.0,0.0,0.0,1.2181281255558456e-17,-1.5206175525644436e-17,3.989869161286455e-16,0.0,7.97973832257291e-14,1.0
48.25,0.0,0.0,0.0,0.0,-3.141607693580423e-18,-9.521777404916514e-18,4.484171317664507e-16,0.0,8.968342635329014e-14,1.0
48.26,0.0,0.0,0.0,0.0,6.673290188767361e-18,2.6847225749819457e-19,4.605659367416646e-16,0.0,9.211318734833292e-14,1.0
48.27,0.0,0.0,0.0,0.0,-1.1964593006420893e-18,-3.919489751320877e-18,3.580917504823956e-16,0.0,7.161835009647911e-14,1.0
48.28,0.0,0.0,0.0,0.0,5.649662499087795e-18,-9.634646275932718e-18,3.307318928345868e-16,0.0,6.614637856691736e-14,1.0
48.29,0.0,0.0,0.0,0.0,3.7986949186521694e-18,-1.448435748942162e-17,2.7019488448539183e-16,0.0,5.403897689707836e-14,1.0
48.300000000000004,0.0,0.0,0.0,0.0,1.4337182775574975e-17,-1.3087006296975977e-17,2.6402514896023977e-16,0.0,5.280502979204795e-14,1.0
48.31,0.0,0.0,0.0,0.0,1.0089752973233593e-17,-8.063595691794324e-18,2.1510644820939952e-16,0.0,4.3021289641879904e-14,1.0
48.32,0.0,0.0,0.0,0.0,1.4077630624780312e-17,-1.2994367768313873e-17,1.8396873048161937e-16,0.0,3.6793746096323875e-14,1.0
48.33,0.0,0.0,0.0,0.0,1.398989491941728e-17,-1.5760533562627874e-17,2.77781356236541e-16,0.0,5.55562712473082e-14,1.0
48.34,0.0,0.0,0.0,0.0,6.6048697910644825e-18,-1.1938122670354886e-17,4.699403983224315e-16,0.0,9.39880796644863e-14,1.0
48.35,0.0,0.0,0.0,0.0,5.4830617320353934e-18,-1.1020128136903363e-17,4.963174893374119e-16,0.0,9.926349786748237e-14,1.0
48.36,0.0,0.0,0.0,0.0,-8.774656517495515e-18,-5.004736933953822e-18,3.7019403478458843e-16,0.0,7.403880695691768e-14,1.0
48.370000000000005,0.0,0.0,0.0,0.0,-3.144331204533078e-18,3.5293044792289845e-18,2.9326059916345526e-16,0.0,5.865211983269105e-14,1.0
48.38,0.0,0.0,0.0,0.0,4.759819978084982e-18,-1.1207799415948469e-17,2.5191644312661565e-16,0.0,5.0383288625323126e-14,1.0
48.39,0.0,0.0,0.0,0.0,1.5200149122327476e-17,-9.83930253635441e-18,2.550746137399208e-16,0.0,5.101492274798416e-14,1.0
48.4,0.0,0.0,0.0,0.0,9.334188710393343e-18,-1.4579050596350722e-17,2.429512326282343e-16,0.0,4.8590246525646853e-14,1.0
48.410000000000004,0.0,0.0,0.0,0.0,1.0369246527601295e-17,-1.6255752208034572e-17,1.572275824421745e-16,0.0,3.14455164884349e-14,1.0
48.42,0.0,0.0,0.0,0.0,1.4305306751925785e-17,-1.2814520304635824e-17,1.171092995415686e-16,0.0,2.342185990831372e-14,1.0
48.43,0.0,0.0,0.0,0.0,1.5092957100375576e-17,-1.5644446886871183e-17,4.9874477619587226e-18,0.0,9.974895523917445e-16,1.0
48.44,0.0,0.0,0.0,0.0,1.5426557123109262e-17,-1.4962661602547534e-17,4.884509788470702e-17,0.0,9.769019576941404e-15,1.0
48.45,0.0,0.0,0.0,0.0,1.7979554684610632e-17,-1.8549941885843798e-17,3.253695128332487e-17,0.0,6.507390256664974e-15,1.0
48.46,0.0,0.0,0.0,0.0,1.8778552003479242e-17,-1.0188062206489612e-17,5.696558788069581e-17,0.0,1.1393117576139163e-14,1.0
48.47,0.0,0.0,0.0,0.0,1.8418151379646827e-17,-7.519317193820195e-18,7.645588394703835e-17,0.0,1.529117678940767e-14,1.0
48.480000000000004,0.0,0.0,0.0,0.0,2.7694580405017022e-18,2.937156581722372e-18,9.1726251404552e-17,0.0,1.83452502809104e-14,1.0
48.49,0.0,0.0,0.0,0.0,5.098756968586304e-18,-4.916853452615191e-18,1.8131492536755067e-16,0.0,3.626298507351013e-14,1.0
48.5,0.0,0.0,0.0,0.0,4.33528127210631e-18,-4.49701495520647e-18,2.1873371463255296e-16,0.0,4.374674292651059e-14,1.0
48.51,0.0,0.0,0.0,0.0,8.075962633870828e-18,2.1360879458468403e-18,1.2878148369041186e-16,0.0,2.575629673808237e-14,1.0
48.52,0.0,0.0,0.0,0.0,9.503133661723699e-18,9.871809490169192e-18,1.1786276300453485e-16,0.0,2.357255260090697e-14,1.0
48.53,0.0,0.0,0.0,0.0,1.0349795517518814e-17,-9.918394542684113e-18,1.1641290233179397e-16,0.0,2.3282580466358795e-14,1.0
48.54,0.0,0.0,0.0,0.0,1.4063304217208973e-17,-1.1710390244632952e-17,7.844303765994179e-17,0.0,1.568860753198836e-14,1.0
48.550000000000004,0.0,0.0,0.0,0.0,9.038578632780885e-18,-1.6740428736841247e-17,7.204354529981216e-17,0.0,1.4408709059962432e-14,1.0
48.56,0.0,0.0,0.0,0.0,2.615424232648777e-17,-2.0857679029786358e-17,6.115666077190379e-17,0.0,1.2231332154380758e-14,1.0
48.57,0.0,0.0,0.0,0.0,2.53621022461941e-17,-1.1369215719957418e-17,4.8011932975848676e-17,0.0,9.602386595169735e-15,1.0
48.58,0.0,0.0,0.0,0.0,1.2761101398799155e-17,-1.5559213587857832e-17,5.461986993966469e-17,0.0,1.0923973987932937e-14,1.0
48.59,0.0,0.0,0.0,0.0,1.0510294665538787e-17,-1.4891271975733438e-17,9.934113601354495e-17,0.0,1.986822720270899e-14,1.0
48.6,0.0,0.0,0.0,0.0,5.092800632381579e-18,-9.180093631935e-18,1.2644270343699061e-16,0.0,2.5288540687398123e-14,1.0
48.61,0.0,0.0,0.0,0.0,2.485267676479586e-18,-9.49319738060803e-18,2.198903532829395e-16,0.0,4.3978070656587895e-14,1.0
48.620000000000005,0.0,0.0,0.0,0.0,3.9769258181892616e-18,-1.1083723614038459e-17,1.9975347697451163e-16,0.0,3.995069539490233e-14,1.0
48.63,0.0,0.0,0.0,0.0,-1.4013660044687543e-17,-1.31332396476195e-17,2.240118212820295e-16,0.0,4.48023642564059e-14,1.0
48.64,0.0,0.0,0.0,0.0,-8.417633549175068e-19,-1.425641340982926e-17,1.8857035016308273e-16,0.0,3.771407003261654e-14,1.0
48.65,0.0,0.0,0.0,0.0,-1.0701476586412534e-18,-1.2776064626266143e-17,2.266822678154548e-16,0.0,4.533645356309095e-14,1.0
48.660000000000004,0.0,0.0,0.0,0.0,7.582989995868195e-18,-3.3467288183278054e-18,2.8502793569758363e-16,0.0,5.700558713951672e-14,1.0
48.67,0.0,0.0,0.0,0.0,-4.9937304074308775e-19,-1.1057639101032562e-17,2.3966093523511034e-16,0.0,4.793218704702207e-14,1.0
48.68,0.0,0.0,0.0,0.0,1.1037630624814638e-18,-1.879626167814722e-17,2.0704543040189282e-16,0.0,4.140908608037856e-14,1.0
48.69,0.0,0.0,0.0,0.0,9.449932203693588e-18,-2.389803239595619e-18,1.0582120627270793e-16,0.0,2.1164241254541586e-14,1.0
48.7,0.0,0.0,0.0,0.0,1.9509834757870033e-17,-1.0314798889035074e-17,9.251694255660686e-17,0.0,1.8503388511321374e-14,1.0
48.71,0.0,0.0,0.0,0.0,1.7283052974351436e-17,-1.0220344550769595e-17,1.2884251980422235e-16,0.0,2.576850396084447e-14,1.0
48.72,0.0,0.0,0.0,0.0,6.576406675654396e-18,4.2945727196481846e-19,1.4137373144215898e-16,0.0,2.8274746288431796e-14,1.0
48.730000000000004,0.0,0.0,0.0,0.0,1.6740247262654788e-17,-8.549297203253577e-18,1.5324552904278296e-16,0.0,3.064910580855659e-14,1.0
48.74,0.0,0.0,0.0,0.0,1.2686347668568205e-17,4.437346007974157e-18,1.3312201790322718e-16,0.0,2.6624403580645434e-14,1.0
48.75,0.0,0.0,0.0,0.0,1.360227493988599e-17,1.4922696770657463e-18,8.855537133315284e-17,0.0,1.771107426663057e-14,1.0
48.76,0.0,0.0,0.0,0.0,1.5156236452213648e-17,-3.357347311241555e-18,7.729154207603632e-17,0.0,1.5458308415207263e-14,1.0
48.77,0.0,0.0,0.0,0.0,9.898729763915053e-18,-4.742102211982036e-18,4.215157346861372e-17,0.0,8.430314693722744e-15,1.0
48.78,0.0,0.0,0.0,0.0,1.0808181615772886e-17,-1.4195698497206555e-17,1.2024011347396957e-16,0.0,2.4048022694793914e-14,1.0
48.79,0.0,0.0,0.0,0.0,6.384424169864874e-18,-2.202378216885723e-17,8.850257997043526e-17,0.0,1.770051599408705e-14,1.0
48.800000000000004,0.0,0.0,0.0,0.0,6.44257027297009e-18,-1.050551027058312e-17,1.073459084435809e-16,0.0,2.146918168871618e-14,1.0
48.81,0.0,0.0,0.0,0.0,1.046404613620475e-17,-1.332733256554639e-17,1.5760036094663454e-16,0.0,3.152007218932691e-14,1.0
48.82,0.0,0.0,0.0,0.0,1.116562695853071e-17,-1.0371274375774493e-17,1.9719389515210096e-16,0.0,3.943877903042019e-14,1.0
48.83,0.0,0.0,0.0,0.0,-3.5539509205127056e-18,4.500425369855879e-19,1.5900976508790172e-16,0.0,3.180195301758034e-14,1.0
48.84,0.0,0.0,0.0,0.0,9.034254299260408e-18,9.056082710303357e-18,1.481294752209401e-16,0.0,2.9625895044188015e-14,1.0
48.85,0.0,0.0,0.0,0.0,1.3749642319217045e-17,8.317119256148135e-19,8.8478252188904e-17,0.0,1.7695650437780802e-14,1.0
48.86,0.0,0.0,0.0,0.0,1.2593585877706557e-17,-2.9856422845209244e-18,1.3649088753553057e-17,0.0,2.7298177507106113e-15,1.0
48.870000000000005,0.0,0.0,0.0,0.0,1.2098504074364574e-17,-4.6557385559529274e-18,2.7464050839047572e-17,0.0,5.492810167809514e-15,1.0
48.88,0.0,0.0,0.0,0.0,1.2993102893978144e-17,-1.6766344270062636e-17,8.216163178193739e-17,0.0,1.6432326356387478e-14,1.0
48.89,0.0,0.0,0.0,0.0,9.989094259729875e-18,-1.4722032423096748e-17,1.499340318071872e-16,0.0,2.998680636143744e-14,1.0
48.9,0.0,0.0,0.0,0.0,1.1182790403100956e-17,-1.6514191293830054e-17,1.1075067391000101e-16,0.0,2.21501347820002e-14,1.0
48.910000000000004,0.0,0.0,0.0,0.0,-1.1429909307454886e-18,-2.4161294264945865e-18,8.304587379217561e-17,0.0,1.6609174758435122e-14,1.0
48.92,0.0,0.0,0.0,0.0,1.3828648982764082e-17,-1.3468385041728879e-17,1.113458221481141e-16,0.0,2.226916442962282e-14,1.0
48.93,0.0,0.0,0.0,0.0,5.612496975198024e-18,1.1685703575556868e-18,7.196764599499845e-17,0.0,1.439352919899969e-14,1.0
48.94,0.0,0.0,0.0,0.0,4.888102516862205e-18,3.852660903829577e-18,9.136329129135234e-17,0.0,1.8272658258270468e-14,1.0
48.95,0.0,0.0,0.0,0.0,9.448817088176266e-18,-1.7108656633153808e-18,9.562101284402264e-17,0.0,1.9124202568804526e-14,1.0
48.96,0.0,0.0,0.0,0.0,1.8848607790968065e-17,-2.0146580967646675e-17,1.0068031965627548e-16,0.0,2.0136063931255094e-14,1.0
48.97,0.0,0.0,0.0,0.0,9.597582937850877e-18,-8.311901229172289e-18,9.589745592927154e-17,0.0,1.9179491185854307e-14,1.0
48.980000000000004,0.0,0.0,0.0,0.0,1.1440418475381422e-17,-9.408516576666485e-18,4.2178570032836163e-17,0.0,8.435714006567232e-15,1.0
48.99,0.0,0.0,0.0,0.0,1.0478293872718347e-17,-2.262452483936133e-19,7.344056706240108e-17,0.0,1.4688113412480216e-14,1.0
49.0,0.0,0.0,0.0,0.0,8.97694738181606e-18,-8.514236706466618e-19,1.0725576104111211e-16,0.0,2.145115220822242e-14,1.0
49.01,0.0,0.0,0.0,0.0,7.671153904965753e-18,-8.135372892502755e-19,1.3613018018121027e-16,0.0,2.7226036036242054e-14,1.0
49.02,0.0,0.0,0.0,0.0,-3.2897138103849116e-18,-1.071870955961483e-17,1.807030154701454e-16,0.0,3.614060309402908e-14,1.0
49.03,0.0,0.0,0.0,0.0,-4.452648591886796e-18,-8.997358540455253e-18,2.2419600357925525e-16,0.0,4.483920071585105e-14,1.0
49.04,0.0,0.0,0.0,0.0,-5.587966336599509e-18,-1.3016426414638991e-17,1.360268697518983e-16,0.0,2.720537395037966e-14,1.0
49.050000000000004,0.0,0.0,0.0,0.0,3.495320888933289e-18,9.150108502199687e-19,5.132646926439682e-17,0.0,1.0265293852879364e-14,1.0
49.06,0.0,0.0,0.0,0.0,4.183749550184582e-18,-9.424891956618215e-20,4.8183335310597734e-17,0.0,9.636667062119547e-15,1.0
49.07,0.0,0.0,0.0,0.0,9.118774365213166e-18,-6.1693307365918275e-19,3.013304664530128e-17,0.0,6.026609329060256e-15,1.0
49.08,0.0,0.0,0.0,0.0,1.2303794228535071e-17,-2.6123600054752712e-18,9.151472397718093e-17,0.0,1.8302944795436186e-14,1.0
49.09,0.0,0.0,0.0,0.0,1.1941041377912619e-17,-1.1056043826828231e-18,4.24519746360743e-17,0.0,8.49039492721486e-15,1.0
49.1,0.0,0.0,0.0,0.0,1.2108717858777946e-17,-2.1148364043594447e-17,8.885717013632121e-17,0.0,1.7771434027264242e-14,1.0
49.11,0.0,0.0,0.0,0.0,1.0747275700836805e-17,-4.2549960353403705e-18,1.6674349341233e-16,0.0,3.3348698682466e-14,1.0
49.120000000000005,0.0,0.0,0.0,0.0,9.015230090070038e-18,-1.2827866629272185e-17,1.4771639478844434e-16,0.0,2.954327895768887e-14,1.0
49.13,0.0,0.0,0.0,0.0,8.757496751489799e-18,-1.0654134797407518e-17,1.2159615590146372e-16,0.0,2.4319231180292743e-14,1.0
49.14,0.0,0.0,0.0,0.0,-2.009811284230479e-18,-8.807854154291232e-18,1.1092863354062108e-16,0.0,2.2185726708124214e-14,1.0
49.15,0.0,0.0,0.0,0.0,8.072318235861649e-18,-5.808649769677896e-18,5.159605489380719e-17,0.0,1.0319210978761438e-14,1.0
49.160000000000004,0.0,0.0,0.0,0.0,-6.253532017165326e-19,-5.699309427994532e-18,3.915371421964804e-17,0.0,7.830742843929608e-15,1.0
49.17,0.0,0.0,0.0,0.0,1.0463699151170708e-18,2.848228515075946e-19,1.013177480540809e-16,0.0,2.0263549610816178e-14,1.0
49.18,0.0,0.0,0.0,0.0,5.323302585288198e-19,-1.76035847295434e-18,1.2820268852462355e-16,0.0,2.564053770492471e-14,1.0
49.19,0.0,0.0,0.0,0.0,7.04681708834251e-18,-2.096257735616937e-17,1.237082538113997e-16,0.0,2.4741650762279937e-14,1.0
49.2,0.0,0.0,0.0,0.0,-3.361563855929396e-18,-6.569350361090146e-18,1.3355225642121904e-16,0.0,2.6710451284243808e-14,1.0
49.21,0.0,0.0,0.0,0.0,8.718336801151554e-18,-1.108779091766512e-17,1.4107614950694356e-16,0.0,2.8215229901388713e-14,1.0
49.22,0.0,0.0,0.0,0.0,9.514755271629303e-18,-9.484187089294749e-18,1.0495964217075551e-16,0.0,2.0991928434151102e-14,1.0
49.230000000000004,0.0,0.0,0.0,0.0,-9.232872240328785e-18,-6.646351880597951e-18,4.2207835866245585e-17,0.0,8.441567173249116e-15,1.0
49.24,0.0,0.0,0.0,0.0,1.5703035118736234e-17,-1.4142907045918718e-17,1.2638219796101844e-16,0.0,2.527643959220369e-14,1.0
49.25,0.0,0.0,0.0,0.0,1.197340481174353e-17,-1.688188319027867e-18,1.7414117148529454e-16,0.0,3.4828234297058906e-14,1.0
49.26,0.0,0.0,0.0,0.0,9.624953517572704e-18,-1.2246296616704557e-17,1.8068955735349634e-16,0.0,3.613791147069927e-14,1.0
49.27,0.0,0.0,0.0,0.0,1.264848127876783e-17,-1.4976126227747762e-17,1.2810477647807532e-16,0.0,2.5620955295615064e-14,1.0
49.28,0.0,0.0,0.0,0.0,-3.373349140958557e-18,-6.6675612802821676e-18,7.680468989043525e-17,0.0,1.536093797808705e-14,1.0
49.29,0.0,0.0,0.0,0.0,-4.299095884096784e-18,-3.712539460699833e-18,1.0234059814821819e-16,0.0,2.0468119629643636e-14,1.0
49.300000000000004,0.0,0.0,0.0,0.0,-2.2390062685002633e-18,7.955879261847405e-18,1.159851060938838e-16,0.0,2.319702121877676e-14,1.0
49.31,0.0,0.0,0.0,0.0,-3.610080579230567e-20,5.553098507472909e-18,8.447616516534488e-17,0.0,1.6895233033068976e-14,1.0
49.32,0.0,0.0,0.0,0.0,3.0100570441692377e-18,1.0898235112237668e-18,4.1958945709035874e-17,0.0,8.391789141807174e-15,1.0
49.33,0.0,0.0,0.0,0.0,4.005444618799068e-18,-3.919171494988937e-18,1.0320108216060836e-16,0.0,2.064021643212167e-14,1.0
49.34,0.0,0.0,0.0,0.0,1.2441472457457411e-17,-7.071246801457948e-18,1.6144900603571441e-16,0.0,3.228980120714288e-14,1.0
49.35,0.0,0.0,0.0,0.0,1.0186411266467214e-17,-1.517723631572913e-17,1.3048819910509369e-16,0.0,2.6097639821018738e-14,1.0
49.36,0.0,0.0,0.0,0.0,9.984425484309475e-18,-1.2723911834775482e-17,1.154238601857044e-16,0.0,2.3084772037140878e-14,1.0
49.370000000000005,0.0,0.0,0.0,0.0,7.766325504575261e-18,-1.2030598437758745e-17,1.7842051929733975e-16,0.0,3.568410385946795e-14,1.0
49.38,0.0,0.0,0.0,0.0,3.550483662950465e-18,-1.0055695115550055e-17,1.6587086090359206e-16,0.0,3.3174172180718414e-14,1.0
49.39,0.0,0.0,0.0,0.0,1.0948364136196866e-17,-7.222081427937091e-18,9.898700387540992e-17,0.0,1.9797400775081985e-14,1.0
49.4,0.0,0.0,0.0,0.0,1.032259348184099e-17,-7.616231669778541e-18,1.2115389003535053e-16,0.0,2.4230778007070106e-14,1.0
49.410000000000004,0.0,0.0,0.0,0.0,1.0037059431122412e-17,-3.7472491417797506e-20,1.4935690158055505e-16,0.0,2.987138031611101e-14,1.0
49.42,0.0,0.0,0.0,0.0,1.4540092519545491e-18,7.123559689559495e-18,1.790619006299663e-17,0.0,3.581238012599326e-15,1.0
49.43,0.0,0.0,0.0,0.0,1.2327023229984042e-17,-2.660757041093085e-18,5.1438676174815314e-17,0.0,1.0287735234963062e-14,1.0
49.44,0.0,0.0,0.0,0.0,5.733622717997532e-19,3.9817284356723396e-19,1.2757175488072226e-16,0.0,2.551435097614445e-14,1.0
49.45,0.0,0.0,0.0,0.0,4.632164255150418e-18,-3.0988658201942684e-18,2.6099069872296376e-16,0.0,5.219813974459275e-14,1.0
49.46,0.0,0.0,0.0,0.0,2.097270890457409e-17,-2.8244202120736715e-18,3.0040847835466336e-16,0.0,6.008169567093267e-14,1.0
49.47,0.0,0.0,0.0,0.0,1.6535784698821637e-17,-1.3449446004239207e-17,3.6431282455024617e-16,0.0,7.286256491004924e-14,1.0
49.480000000000004,0.0,0.0,0.0,0.0,1.5614943202005693e-17,-1.406811536604681e-17,4.052492718632191e-16,0.0,8.104985437264382e-14,1.0
49.49,0.0,0.0,0.0,0.0,2.808656217188355e-17,-1.706087465549456e-17,2.781695249125402e-16,0.0,5.563390498250804e-14,1.0
49.5,0.0,0.0,0.0,0.0,1.5390612630315424e-17,-8.2402749407514e-18,3.0577350083071446e-16,0.0,6.115470016614289e-14,1.0
49.51,0.0,0.0,0.0,0.0,4.8011065260749734e-18,-1.3474608732636052e-17,3.2666626799602033e-16,0.0,6.533325359920406e-14,1.0
49.52,0.0,0.0,0.0,0.0,5.583839206207588e-18,-1.2412335827130322e-17,3.2572559063403273e-16,0.0,6.514511812680654e-14,1.0
49.53,0.0,0.0,0.0,0.0,8.317859258104279e-18,-2.6698473825426148e-17,3.7265837161379117e-16,0.0,7.453167432275824e-14,1.0
49.54,0.0,0.0,0.0,0.0,7.404430461828635e-19,-1.445723330109573e-18,3.83599819483294e-16,0.0,7.67199638966588e-14,1.0
49.550000000000004,0.0,0.0,0.0,0.0,2.4819964695216945e-17,-2.2460559755147568e-17,3.220057939556502e-16,0.0,6.440115879113004e-14,1.0
49.56,0.0,0.0,0.0,0.0,1.4354244564439968e-17,-2.0729236670428848e-17,3.9502056018794173e-16,0.0,7.900411203758835e-14,1.0
49.57,0.0,0.0,0.0,0.0,9.116437148284774e-18,-8.229142098640429e-19,3.7563319241501455e-16,0.0,7.512663848300291e-14,1.0
49.58,0.0,0.0,0.0,0.0,2.219682701797731e-17,-1.7243468768532187e-17,3.9536660990699963e-16,0.0,7.907332198139993e-14,1.0
49.59,0.0,0.0,0.0,0.0,2.4771233758335498e-17,-9.691527822995518e-18,3.934906535010811e-16,0.0,7.869813070021622e-14,1.0
49.6,0.0,0.0,0.0,0.0,2.369249593910463e-17,-1.2871691559030245e-17,4.439732008613059e-16,0.0,8.879464017226117e-14,1.0
49.61,0.0,0.0,0.0,0.0,-1.4031680505770025e-18,-1.2089973149361092e-17,4.11674012558128e-16,0.0,8.23348025116256e-14,1.0
49.620000000000005,0.0,0.0,0.0,0.0,1.7390143156410124e-17,-2.386105769828659e-17,3.6052657130231685e-16,0.0,7.210531426046337e-14,1.0
49.63,0.0,0.0,0.0,0.0,9.814799744453092e-18,-1.762529010384527e-17,3.89348325475573e-16,0.0,7.786966509511459e-14,1.0
49.64,0.0,0.0,0.0,0.0,1.452221060988156e-17,-1.0225844158057086e-17,3.291055508363725e-16,0.0,6.58211101672745e-14,1.0
49.65,0.0,0.0,0.0,0.0,1.8666937451156808e-17,-6.006485454818962e-18,3.210062391287929e-16,0.0,6.420124782575858e-14,1.0
49.660000000000004,0.0,0.0,0.0,0.0,1.732811680668066e-17,-7.99297033677704e-18,3.063785530476603e-16,0.0,6.127571060953205e-14,1.0
49.67,0.0,0.0,0.0,0.0,2.0939002056157783e-17,-9.00158193474417e-19,4.112553330470631e-16,0.0,8.225106660941262e-14,1.0
49.68,0.0,0.0,0.0,0.0,5.372204709970455e-18,-1.5271648960995158e-17,3.585738091410102e-16,0.0,7.171476182820203e-14,1.0
49.69,0.0,0.0,0.0,0.0,1.882366106946449e-17,-1.866856582682628e-17,3.2187493352283536e-16,0.0,6.437498670456707e-14,1.0
49.7,0.0,0.0,0.0,0.0,1.5849616689075357e-17,-1.9939156160707788e-17,2.9529772826016584e-16,0.0,5.905954565203317e-14,1.0
49.71,0.0,0.0,0.0,0.0,1.9191276322634622e-17,-8.365265776342693e-18,2.190983336137582e-16,0.0,4.381966672275164e-14,1.0
49.72,0.0,0.0,0.0,0.0,6.777439808915595e-18,-2.1946659787718182e-17,2.3057321791314354e-16,0.0,4.611464358262871e-14,1.0
49.730000000000004,0.0,0.0,0.0,0.0,2.340428941661196e-18,-3.59615974280498e-18,2.2442014470581595e-16,0.0,4.488402894116319e-14,1.0
49.74,0.0,0.0,0.0,0.0,8.321108605945127e-18,-8.156321285015746e-18,2.1159073019353624e-16,0.0,4.231814603870725e-14,1.0
49.75,0.0,0.0,0.0,0.0,7.82661579234769e-18,-2.0148274754637102e-17,1.3319400040158983e-16,0.0,2.6638800080317967e-14,1.0
49.76,0.0,0.0,0.0,0.0,7.259570027221476e-18,-1.979966094006072e-17,9.534407889770356e-17,0.0,1.9068815779540712e-14,1.0
49.77,0.0,0.0,0.0,0.0,1.81488403174015e-18,-2.1341845736943936e-18,7.850118280997686e-17,0.0,1.570023656199537e-14,1.0
49.78,0.0,0.0,0.0,0.0,8.305439471712858e-18,-6.441288337261175e-18,8.382944725522852e-17,0.0,1.6765889451045702e-14,1.0
49.79,0.0,0.0,0.0,0.0,6.903354609028478e-18,-7.01478847017391e-18,1.4796273697401637e-17,0.0,2.9592547394803273e-15,1.0
49.800000000000004,0.0,0.0,0.0,0.0,7.345671510445711e-18,-9.248676259813971e-18,2.7831846972636144e-17,0.0,5.5663693945272284e-15,1.0
49.81,0.0,0.0,0.0,0.0,6.788172189716959e-18,-1.1162669163371432e-17,6.19681403973499e-17,0.0,1.2393628079469981e-14,1.0
49.82,0.0,0.0,0.0,0.0,4.827926356269265e-18,-1.0093732055610166e-17,1.1263354599401303e-16,0.0,2.2526709198802606e-14,1.0
49.83,0.0,0.0,0.0,0.0,1.618966490433661e-17,-2.1180988320690232e-17,1.0750130747052782e-16,0.0,2.1500261494105562e-14,1.0
49.84,0.0,0.0,0.0,0.0,2.0516274355505305e-18,-8.03380466333184e-18,1.5876011530942252e-16,0.0,3.17520230618845e-14,1.0
49.85,0.0,0.0,0.0,0.0,7.155244289923758e-18,-2.653733322334406e-17,1.6996769711394397e-16,0.0,3.399353942278879e-14,1.0
49.86,0.0,0.0,0.0,0.0,7.770393630216714e-18,-1.8621602146195402e-17,1.5942925045889658e-16,0.0,3.1885850091779315e-14,1.0
49.870000000000005,0.0,0.0,0.0,0.0,3.514005686517752e-18,-1.3866592547441851e-17,2.0219195531265332e-16,0.0,4.0438391062530664e-14,1.0
49.88,0.0,0.0,0.0,0.0,8.730203977921316e-18,-5.982630539777739e-18,1.870314422829433e-16,0.0,3.740628845658866e-14,1.0
49.89,0.0,0.0,0.0,0.0,6.5603297971033794e-18,-2.0094626879309312e-17,1.215292902122446e-16,0.0,2.430585804244892e-14,1.0
49.9,0.0,0.0,0.0,0.0,1.2027916594570947e-17,-1.2950780058067212e-17,1.369844186459638e-16,0.0,2.7396883729192758e-14,1.0
49.910000000000004,0.0,0.0,0.0,0.0,1.2499094880433871e-17,-2.2431049940856747e-17,1.1654923867575695e-16,0.0,2.330984773515139e-14,1.0
49.92,0.0,0.0,0.0,0.0,1.4501349043162836e-17,-2.149448750764779e-17,6.774731094791822e-17,0.0,1.3549462189583644e-14,1.0
49.93,0.0,0.0,0.0,0.0,1.6213282097007014e-17,-2.0491874983139136e-17,7.550434512370349e-17,0.0,1.5100869024740696e-14,1.0
49.94,0.0,0.0,0.0,0.0,1.5443599501617032e-17,-1.816784619382665e-17,5.794456951611654e-17,0.0,1.1588913903223309e-14,1.0
49.95,0.0,0.0,0.0,0.0,2.1525342098111255e-17,-1.4607940601271704e-17,8.328677185593351e-17,0.0,1.6657354371186702e-14,1.0
49.96,0.0,0.0,0.0,0.0,2.7787900493969e-17,-1.9267817882646604e-17,1.3142355409612113e-16,0.0,2.6284710819224225e-14,1.0
49.97,0.0,0.0,0.0,0.0,8.2049703169886e-18,2.4757834087685124e-18,1.1873889719586292e-16,0.0,2.3747779439172585e-14,1.0
49.980000000000004,0.0,0.0,0.0,0.0,2.291430355771759e-17,1.2266713373573916e-18,1.569465010114832e-16,0.0,3.138930020229664e-14,1.0
49.99,0.0,0.0,0.0,0.0,1.596655795966818e-17,-2.7697574169224087e-17,1.392548548197739e-16,0.0,2.7850970963954782e-14,1.0
50.0,0.0,0.0,0.0,0.0,1.7030994747884787e-17,-1.9891322132641766e-17,5.4897662771902676e-17,0.0,1.0979532554380535e-14,1.0
