time_s,reference_correction_max_m,reference_correction_rms_m,pp_cbf_active,hocbf_residual,projection_correction_mps2,infeasible,output_hold,minimum_pairwise_distance_m,project_evaluation_distance_m
0.0,0.0,0.0,0.0,3.7853250000000003,0.0,0.0,0.0,1.2806248474865698,0.6
0.01,0.003,0.0024494897427831783,0.0,3.7853250000000016,0.0,0.0,0.0,1.28062484748657,0.6
0.02,0.006,0.004898979485566357,0.0,3.785325000000002,0.0,0.0,0.0,1.2806248474865702,0.6
0.03,0.009,0.0073484692283495336,0.0,3.785545088287633,0.0,0.0,0.0,1.2806248475085016,0.6
0.04,0.012,0.009797958971132713,0.0,3.7868247046586743,0.0,0.0,0.0,1.280624855615754,0.6
0.05,0.015,0.01224744871391589,0.0,3.7885360797545746,0.0,0.0,0.0,1.2806249173030602,0.6
0.06,0.0179983802995169,0.01469561597679249,0.0,3.7906629436787744,0.0,0.0,0.0,1.2806251164583855,0.6
0.07,0.02099621533606668,0.01714333803432073,0.0,3.7932228225056344,0.0,0.0,0.0,1.2806255675740554,0.6
0.08,0.02395767239726047,0.01956135759934973,0.0,3.796011965860188,0.0,0.0,0.0,1.2806264127727596,0.6
0.09,0.026663512306714772,0.021770666633956957,0.0,3.799009760918627,0.0,0.0,0.0,1.2806278186281748,0.6
0.1,0.029193735726411554,0.023836585405122637,0.0,3.802219278686932,0.0,0.0,0.0,1.2806299670181636,0.6
0.11,0.03159347637983481,0.025795965443755994,0.0,3.805403032460875,0.0,0.0,0.0,1.2806330285681629,0.6
0.12,0.033878531883613304,0.027661705449821217,0.0,3.8085460742747665,0.0,0.0,0.0,1.2806371574141637,0.6
0.13,0.0360553823196518,0.02943909638803768,0.0,3.8116462959074027,0.0,0.0,0.0,1.2806425050264456,0.6
0.14,0.038128154582065,0.03113150785333988,0.0,3.8146814419007358,0.0,0.0,0.0,1.280649214030782,0.6
0.15,0.040100400124750524,0.03274183959569256,0.0,3.8176238698109253,0.0,0.0,0.0,1.2806574139636013,0.6
0.16,0.04197548264638223,0.03427283806356218,0.0,3.820448962782922,0.0,0.0,0.0,1.2806672190772925,0.6
0.17,0.04375665437222248,0.03572715868775589,0.0,3.823136800635425,0.0,0.0,0.0,1.2806787271149327,0.6
0.18,0.04544707192829811,0.03710737884263184,0.0,3.8256716567551363,0.0,0.0,0.0,1.2806920186113546,0.6
0.19,0.04704980122631276,0.0384160018346135,0.0,3.8280413689678463,0.0,0.0,0.0,1.2807071565735157,0.6
0.2,0.0485678202379945,0.039655459167434924,0.0,3.830236850268328,0.0,0.0,0.0,1.2807241864754146,0.6
0.21,0.05000402131477737,0.04082811243615286,0.0,3.8322517078501837,0.0,0.0,0.0,1.280743136519482,0.6
0.22,0.05136121339756938,0.04193625513141472,0.0,3.8340819150287184,0.0,0.0,0.0,1.2807640181205526,0.6
0.23,0.05264212415863886,0.042982114388301476,0.0,3.835725508478223,0.0,0.0,0.0,1.2807868265719142,0.6
0.24,0.05384940211472129,0.043967852711672195,0.0,3.837182337284835,0.0,0.0,0.0,1.2808115418563037,0.6
0.25,0.05498561868550114,0.044895569656907365,0.0,3.838453785167267,0.0,0.0,0.0,1.2808381295705857,0.6
0.26,0.05605327020779271,0.045767303474480714,0.0,3.8395425835511157,0.0,0.0,0.0,1.2808665419341985,0.6
0.27,0.05705477990940313,0.04658503272161157,0.0,3.840452601816104,0.0,0.0,0.0,1.2808967188572762,0.6
0.28,0.057992499829333494,0.04735067783010253,0.0,3.8411886629640706,0.0,0.0,0.0,1.2809285890481763,0.6
0.29,0.0588687127100742,0.04806610265139215,0.0,3.8417563920230284,0.0,0.0,0.0,1.2809620711393308,0.6
0.3,0.05968563380824346,0.04873311593493508,0.0,3.842162063808012,0.0,0.0,0.0,1.2809970748189925,0.6
0.31,0.060445412645275094,0.04935347275763265,0.0,3.842412485528869,0.0,0.0,0.0,1.2810335019525998,0.6
0.32,0.06115013495409179,0.049928876113284976,0.0,3.8425148678306367,0.0,0.0,0.0,1.2810712476843475,0.6
0.33,0.06180182415777063,0.05046097811991626,0.0,3.8424767276264107,0.0,0.0,0.0,1.2811102015093652,0.6
0.34,0.062402443072579535,0.05095138141029825,0.0,3.842305803021154,0.0,0.0,0.0,1.2811502483075996,0.6
0.35000000000000003,0.06295389559863318,0.05140164051236502,0.0,3.8420099627198914,0.0,0.0,0.0,1.2811912693373195,0.6
0.36,0.06345802827283316,0.05181326311718325,0.0,3.841597148933455,0.0,0.0,0.0,1.2812331431748196,0.6
0.37,0.06391663181141533,0.05218771133843694,0.0,3.841075306758935,0.0,0.0,0.0,1.2812757466102072,0.6
0.38,0.0643314426053471,0.05252640293341415,0.0,3.840452327782048,0.0,0.0,0.0,1.2813189554808821,0.6
0.39,0.06470414417154063,0.05283071248791758,0.0,3.8397360105019493,0.0,0.0,0.0,1.281362645454712,0.6
0.4,0.06503636869768428,0.053101972677614205,0.0,3.8389340184940015,0.0,0.0,0.0,1.2814066927536483,0.6
0.41000000000000003,0.06532969822005855,0.05334147522971795,0.0,3.8380538441461813,0.0,0.0,0.0,1.2814509748206866,0.6
0.42,0.06558566623991842,0.053550472242760376,0.0,3.8371027829253737,0.0,0.0,0.0,1.28149537092963,0.6
0.43,0.06580575881466634,0.05373017707752964,0.0,3.836087908193194,0.0,0.0,0.0,1.2815397627387577,0.6
0.44,0.06599141598709361,0.05388176552404121,0.0,3.8350160516580445,0.0,0.0,0.0,1.281584034789187,0.6
0.45,0.06614403301336116,0.05400637680418002,0.0,3.8338937883945983,0.0,0.0,0.0,1.2816280749497029,0.6
0.46,0.06626496158853498,0.05410511457234591,0.0,3.832727424723177,0.0,0.0,0.0,1.281671774809866,0.6
0.47000000000000003,0.06635551104531279,0.05417904789420985,0.0,3.8315229890846174,0.0,0.0,0.0,1.2817150300232112,0.6
0.48,0.06641694951996122,0.0542292121986977,0.0,3.8302862257868138,0.0,0.0,0.0,1.281757740602811,0.6
0.49,0.06645050508977056,0.05425661020671812,0.0,3.8290225917588128,0.0,0.0,0.0,1.2817998111714601,0.6
0.5,0.0664573668822444,0.054262212836812054,0.0,3.827737254565783,0.0,0.0,0.0,1.2818411511689076,0.6
0.51,0.06643868615523942,0.05424696008708323,0.0,3.826435092856005,0.0,0.0,0.0,1.281881675018611,0.6
0.52,0.06639557735020594,0.05421176189516552,0.0,3.8251206981572476,0.0,0.0,0.0,1.2819213022552352,0.6
0.53,0.06632911911718373,0.054157498975128386,0.0,3.823798378601378,0.0,0.0,0.0,1.2819599576215983,0.6
0.54,0.06624035531587096,0.05408502363484636,0.0,3.822472163362969,0.0,0.0,0.0,1.2819975711264286,0.6
0.55,0.06613029598980745,0.0539951605714163,0.0,3.821145808417318,0.0,0.0,0.0,1.282034078070214,0.6
0.56,0.06599991831564786,0.05388870764623568,0.0,3.819822803234166,0.0,0.0,0.0,1.2820694190555457,0.6
0.5700000000000001,0.06585016751310083,0.05376643662796485,0.0,3.8185063775675783,0.0,0.0,0.0,1.2821035399527296,0.6
0.58,0.06568195779031277,0.053629093964429594,0.0,3.817199510856718,0.0,0.0,0.0,1.282136391862108,0.6
0.59,0.06549617319025189,0.05347740147369086,0.0,3.815904938816022,0.0,0.0,0.0,1.282167931034788,0.6
0.6,0.06529366841297306,0.05331205701542117,0.0,3.814625163450321,0.0,0.0,0.0,1.282198118794602,0.6
0.61,0.0650752697304594,0.05313373523786965,0.0,3.8133624620598416,0.0,0.0,0.0,1.2822269214225206,0.6
0.62,0.06484177570736933,0.052943088166349545,0.0,3.812118896613236,0.0,0.0,0.0,1.2822543100462842,0.6
0.63,0.06459395807969552,0.052740745920660255,0.0,3.810896322763355,0.0,0.0,0.0,1.2822802604961638,0.6
0.64,0.06433256244123242,0.05252731727558572,0.0,3.809696400402314,0.0,0.0,0.0,1.2823047531696903,0.6
0.65,0.06405830907270763,0.05230339033787731,0.0,3.8085206018431825,0.0,0.0,0.0,1.2823277728659397,0.6
0.66,0.06377189359748353,0.05206953308163204,0.0,3.8073702231286055,0.0,0.0,0.0,1.2823493086317834,0.6
0.67,0.06347398776367172,0.05182629398688628,0.0,3.806246391356031,0.0,0.0,0.0,1.2823693535809741,0.6
0.68,0.06316524007024038,0.05157420255083027,0.0,3.805150076418113,0.0,0.0,0.0,1.2823879047276738,0.6
0.6900000000000001,0.06284627650447797,0.05131376988994474,0.0,3.8040820974779845,0.0,0.0,0.0,1.2824049627958392,0.6
0.7000000000000001,0.06251770113983621,0.05104548922813766,0.0,3.8030431348639713,0.0,0.0,0.0,1.2824205320450452,0.6
0.71,0.06218009683099293,0.05076983646426066,0.0,3.802033735764398,0.0,0.0,0.0,1.2824346200748442,0.6
0.72,0.06183402578467506,0.05048727063818404,0.0,3.8010543254265245,0.0,0.0,0.0,1.2824472376460625,0.6
0.73,0.06148003021449555,0.05019823446546891,0.0,3.800105213945645,0.0,0.0,0.0,1.2824583984900644,0.6
0.74,0.06111863288594907,0.0499031547823543,0.0,3.799186603730051,0.0,0.0,0.0,1.2824681191197713,0.6
0.75,0.0607503377330475,0.04960244304923791,0.0,3.7982985993899896,0.0,0.0,0.0,1.2824764186480062,0.6
0.76,0.06037563037851873,0.04929649577541669,0.0,3.7974412127488675,0.0,0.0,0.0,1.282483318603392,0.6
0.77,0.059994978710381563,0.04898569498985826,0.0,3.796614371788216,0.0,0.0,0.0,1.2824888427499783,0.6
0.78,0.059608833398980515,0.048670408663358034,0.0,3.795817926284164,0.0,0.0,0.0,1.2824930169102464,0.6
0.79,0.059217628403646555,0.048350991122226,0.0,3.7950516549902003,0.0,0.0,0.0,1.282495868791749,0.6
0.8,0.05882178148709316,0.04802778346828938,0.0,3.7943152712896087,0.0,0.0,0.0,1.282497427817082,0.6
0.81,0.05842169470008077,0.047701113974619395,0.0,3.7936084302614628,0.0,0.0,0.0,1.2824977249632477,0.6
0.8200000000000001,0.05801775485684285,0.04737129847371516,0.0,3.7929307338470646,0.0,0.0,0.0,1.2824967925948654,0.6
0.8300000000000001,0.05761033399736151,0.04703864073495001,0.0,3.792281734514483,0.0,0.0,0.0,1.2824946643178596,0.6
0.84,0.05719978983720417,0.046703432831861694,0.0,3.791660943969819,0.0,0.0,0.0,1.2824913748219777,0.6
0.85,0.056786466204059916,0.04636595549858279,0.0,3.791067833039463,0.0,0.0,0.0,1.2824869597455113,0.6
0.86,0.056370693470347094,0.04602647848306329,0.0,3.790501842079696,0.0,0.0,0.0,1.282481455529548,0.6
0.87,0.0559527889539469,0.04568526087426828,0.0,3.7899623807008735,0.0,0.0,0.0,1.2824748992906632,0.6
0.88,0.05553305733841757,0.04534255144528131,0.0,3.7894488320250983,0.0,0.0,0.0,1.2824673286933146,0.6
0.89,0.055111791047701836,0.04499858895925181,0.0,3.788960560288181,0.0,0.0,0.0,1.282458781829218,0.6
0.9,0.05468927064407772,0.044653602494320516,0.0,3.78849690982492,0.0,0.0,0.0,1.28244929710307,0.6
0.91,0.05426576518437512,0.04430781173446911,0.0,3.7880572111393773,0.0,0.0,0.0,1.282438913124039,0.6
0.92,0.05384153258797761,0.043961427269992456,0.0,3.787640782837108,0.0,0.0,0.0,1.2824276686030098,0.6
0.93,0.0534168199900972,0.043614650885946175,0.0,3.7872469347072704,0.0,0.0,0.0,1.2824156022557176,0.6
0.9400000000000001,0.05299186407599302,0.04326767583503509,0.0,3.786874970538242,0.0,0.0,0.0,1.2824027527118151,0.6
0.9500000000000001,0.05256689141674237,0.04292068711176917,0.0,3.7865241905524814,0.0,0.0,0.0,1.2823891584293103,0.6
0.96,0.05214211879125438,0.04257386171538654,0.0,3.7861938933052985,0.0,0.0,0.0,1.2823748576148108,0.6
0.97,0.05171775349886962,0.04222736890508998,0.0,3.785883378220041,0.0,0.0,0.0,1.2823598881491136,0.6
0.98,0.0512939936641372,0.04188137044889646,0.0,3.785591947206384,0.0,0.0,0.0,1.2823442875181246,0.6
0.99,0.050871028533512275,0.04153602086588957,0.0,3.785318906524407,0.0,0.0,0.0,1.2823280927490397,0.6
1.0,0.050449038762545695,0.04119146766070888,0.0,3.785063568300499,0.0,0.0,0.0,1.2823113403513726,0.6
1.01,0.050028196696084326,0.040847851552332615,0.0,3.7848252520441457,0.0,0.0,0.0,1.2822940662629665,0.6
1.02,0.049608666640096166,0.04050530669602186,0.0,3.7846032855899754,0.0,0.0,0.0,1.2822763058010964,0.6
1.03,0.04919060512586271,0.04016396089903278,0.0,3.784397006905599,0.0,0.0,0.0,1.2822580936172445,0.6
1.04,0.048774161166798,0.03982393583030844,0.0,3.7842057646967793,0.0,0.0,0.0,1.2822394636570198,0.6
1.05,0.04835947650732608,0.039485347223686434,0.0,3.784028919372664,0.0,0.0,0.0,1.2822204491240625,0.6
1.06,0.04794668586659345,0.039148305076889274,0.0,3.783865843918284,0.0,0.0,0.0,1.2822010824479657,0.6
1.07,0.04753591717266592,0.0388129138427453,0.0,3.783715924589669,0.0,0.0,0.0,1.2821813952560464,0.6
1.08,0.04712729179148456,0.03847927261613043,0.0,3.783578561371391,0.0,0.0,0.0,1.282161418348923,0.6
1.09,0.046720924749243664,0.038147475315539026,0.0,3.783453169273677,0.0,0.0,0.0,1.2821411816792876,0.6
1.1,0.04631692494822626,0.03781761085931283,0.0,3.7833391771189286,0.0,0.0,0.0,1.2821207143344229,0.6
1.11,0.045915395376263046,0.0374897633366635,0.0,3.7832360302651553,0.0,0.0,0.0,1.2821000445221578,0.6
1.12,0.0455164333101894,0.0371640121737945,0.0,3.7831431881585362,0.0,0.0,0.0,1.2820791995586345,0.6
1.1300000000000001,0.045120130513687295,0.03684043229543844,0.0,3.7830601267793678,0.0,0.0,0.0,1.2820582058600405,0.6
1.1400000000000001,0.04472657342845965,0.03651909428095018,0.0,3.782986337910446,0.0,0.0,0.0,1.2820370889366088,0.6
1.1500000000000001,0.04433584336347357,0.036200064518823384,0.0,3.7829213291089805,0.0,0.0,0.0,1.2820158733893199,0.6
1.16,0.04394801666628595,0.0358834053465772,0.0,3.78286462391518,0.0,0.0,0.0,1.2819945829078343,0.6
1.17,0.04356316491248663,0.03556917520543602,0.0,3.782815762448453,0.0,0.0,0.0,1.2819732402752804,0.6
1.18,0.043181355066875204,0.03525742877192974,0.0,3.7827742998051463,0.0,0.0,0.0,1.2819518673649521,0.6
1.19,0.04280264965064301,0.03494821709439735,0.0,3.782739808004685,0.0,0.0,0.0,1.28193048515262,0.6
1.2,0.04242710690224544,0.03464158772433852,0.0,3.7827118736528935,0.0,0.0,0.0,1.2819091137177745,0.6
1.21,0.04205478094796483,0.034337584855677755,0.0,3.782690099871307,0.0,0.0,0.0,1.2818877722546849,0.6
1.22,0.041685721891603245,0.03403624939799811,0.0,3.782674104877084,0.0,0.0,0.0,1.2818664790822147,0.6
1.23,0.04131997607168825,0.033737619186548905,0.0,3.7826635219719646,0.0,0.0,0.0,1.2818452516550727,0.6
1.24,0.04095758607385974,0.033441728992359525,0.0,3.782657999310655,0.0,0.0,0.0,1.2818241065766376,0.6
1.25,0.04059859098037155,0.03314861072595659,0.0,3.7826571997090475,0.0,0.0,0.0,1.2818030596122105,0.6
1.26,0.04024302644493205,0.03285829349847108,0.0,3.78266080103733,0.0,0.0,0.0,1.2817821257053201,0.6
1.27,0.03989092483305229,0.03257080373623211,0.0,3.782668494090369,0.0,0.0,0.0,1.2817613189917247,0.6
1.28,0.039542315350204804,0.03228616528540816,0.0,3.7826799841065273,0.0,0.0,0.0,1.2817406528171364,0.6
1.29,0.03919722416272481,0.03200439951072245,0.0,3.7826949897811954,0.0,0.0,0.0,1.2817201397540656,0.6
1.3,0.03885567453611816,0.03172552540838098,0.0,3.782713242801228,0.0,0.0,0.0,1.2816997916206412,0.6
1.31,0.03851768687087137,0.031449559635311236,0.0,3.7827344872904245,0.0,0.0,0.0,1.281679619498398,0.6
1.32,0.03818327893143797,0.031176516696128777,0.0,3.782758480378439,0.0,0.0,0.0,1.2816596337514221,0.6
1.33,0.03785246587502289,0.030906408966639615,0.0,3.7827849907388886,0.0,0.0,0.0,1.2816398440462289,0.6
1.34,0.03752526039155257,0.030639246808125298,0.0,3.7828137989546016,0.0,0.0,0.0,1.281620259371225,0.6
1.35,0.03720167274031133,0.03037503859725639,0.0,3.78284469683508,0.0,0.0,0.0,1.28160088805672,0.6
1.36,0.03688171093657161,0.03011379087847544,0.0,3.7828774871477204,0.0,0.0,0.0,1.2815817377953147,0.6
1.37,0.036565380830575034,0.02985550842848473,0.0,3.7829119833378915,0.0,0.0,0.0,1.2815628156620018,0.6
1.3800000000000001,0.03625268611845378,0.029600194265163547,0.0,3.782948008916951,0.0,0.0,0.0,1.281544128134917,0.6
1.3900000000000001,0.03594362850883137,0.02934784978359715,0.0,3.782985397398591,0.0,0.0,0.0,1.2815256811155384,0.6
1.4000000000000001,0.03563820778860932,0.02909847480979137,0.0,3.7830239917106665,0.0,0.0,0.0,1.281507479949317,0.6
1.41,0.03533642190628461,0.028852067668700982,0.0,3.783063643918558,0.0,0.0,0.0,1.2814895294456512,0.6
1.42,0.03503826704919544,0.02860862524730068,0.0,3.783104215162228,0.0,0.0,0.0,1.281471833897382,0.6
1.43,0.034743737724482915,0.02836814306068995,0.0,3.7831455745792373,0.0,0.0,0.0,1.2814543971045065,0.6
1.44,0.03445282683370238,0.028130615313013002,0.0,3.7831875997318316,0.0,0.0,0.0,1.2814372223886443,0.6
1.45,0.034165525753496906,0.027896034963328393,0.0,3.783230175901753,0.0,0.0,0.0,1.2814203126151396,0.6
1.46,0.0338818243836036,0.027664393764806,0.0,3.7832731957086616,0.0,0.0,0.0,1.2814036702157512,0.6
1.47,0.0336017112004095,0.027435682308455233,0.0,3.783316559024614,0.0,0.0,0.0,1.2813872972014382,0.6
1.48,0.03332517346684605,0.02720989019450317,0.0,3.7833601726102115,0.0,0.0,0.0,1.2813711951851887,0.6
1.49,0.03305219706681567,0.02698700589720441,0.0,3.7834039494738905,0.0,0.0,0.0,1.281355365399962,0.6
1.5,0.032782766680504394,0.026767016907983218,0.0,3.783447809116108,0.0,0.0,0.0,1.2813398087159569,0.6
1.51,0.03251686596977199,0.026549909886803957,0.0,3.7834916767578117,0.0,0.0,0.0,1.2813245256589196,0.6
1.52,0.032254477388677594,0.026335670507465905,0.0,3.7835354833614803,0.0,0.0,0.0,1.2813095164273558,0.6
1.53,0.031995582404758194,0.026124283638276378,0.0,3.7835791651585193,0.0,0.0,0.0,1.281294780909198,0.6
1.54,0.031740161512251786,0.025915733352847383,0.0,3.7836226636077774,0.0,0.0,0.0,1.2812803186986148,0.6
1.55,0.03148819427957411,0.02571000296886024,0.0,3.783665924881523,0.0,0.0,0.0,1.2812661291120175,0.6
1.56,0.03123965940502782,0.025507075093551896,0.0,3.783708899849874,0.0,0.0,0.0,1.2812522112036853,0.6
1.57,0.030994534767357973,0.02530693166499332,0.0,3.7837515435876243,0.0,0.0,0.0,1.2812385637811043,0.6
1.58,0.030752797461027492,0.0251095539808918,0.0,3.7837938153382003,0.0,0.0,0.0,1.2812251854197796,0.6
1.59,0.030514423852973538,0.024914922744932344,0.0,3.783835678396208,0.0,0.0,0.0,1.2812120744770703,0.6
1.6,0.030279389622347386,0.02472301809922511,0.0,3.783877099504371,0.0,0.0,0.0,1.2811992291067922,0.6
1.61,0.03004766980271123,0.024533819658758997,0.0,3.783918048859752,0.0,0.0,0.0,1.2811866472703228,0.6
1.62,0.029819238822185734,0.024347306544181962,0.0,3.783958500179889,0.0,0.0,0.0,1.2811743267576616,0.6
1.6300000000000001,0.029594070546266227,0.024163457416760296,0.0,3.7839984299261826,0.0,0.0,0.0,1.2811622651879748,0.6
1.6400000000000001,0.029372138307297513,0.023982250502444704,0.0,3.784037817564037,0.0,0.0,0.0,1.28115046002969,0.6
1.6500000000000001,0.029153414947865663,0.023803663627299576,0.0,3.7840766452734345,0.0,0.0,0.0,1.2811389086101415,0.6
1.6600000000000001,0.02893787279970056,0.02362767420027695,0.0,3.78411489781188,0.0,0.0,0.0,1.281127608126859,0.6
1.67,0.028725483935650664,0.023454259418953086,0.0,3.784152562170134,0.0,0.0,0.0,1.2811165556555353,0.6
1.68,0.02851621987185754,0.023283396026354958,0.0,3.7841896275973568,0.0,0.0,0.0,1.2811057481716355,0.6
1.69,0.028310051824504745,0.023115060520594855,0.0,3.7842260854708996,0.0,0.0,0.0,1.2810951825434402,0.6
1.7,0.028106950679147202,0.022949229129827917,0.0,3.784261929053031,0.0,0.0,0.0,1.2810848555528795,0.6
1.71,0.02790688702126437,0.022785877837198692,0.0,3.7842971533512526,0.0,0.0,0.0,1.2810747639019087,0.6
1.72,0.027709831095039716,0.022624982347184717,0.0,3.784331754904919,0.0,0.0,0.0,1.2810649042211424,0.6
1.73,0.027515753108178942,0.022466518334479556,0.0,3.7843657320640194,0.0,0.0,0.0,1.2810552730781175,0.6
1.74,0.027324622838511947,0.02231046112278466,0.0,3.784399084357332,0.0,0.0,0.0,1.2810458669854914,0.6
1.75,0.02713640994137878,0.02215678593578893,0.0,3.7844318127156495,0.0,0.0,0.0,1.2810366824084347,0.6
1.76,0.02695108390046297,0.022005467857024296,0.0,3.7844639191988008,0.0,0.0,0.0,1.2810277157696905,0.6
1.77,0.026768614052230966,0.021856481849820465,0.0,3.7844954069775345,0.0,0.0,0.0,1.2810189634655504,0.6
1.78,0.0265889696070295,0.02170980277453081,0.0,3.784526280265268,0.0,0.0,0.0,1.2810104218583607,0.6
1.79,0.026412119673130174,0.021565405408164717,0.0,3.7845565440712825,0.0,0.0,0.0,1.281002087292165,0.6
1.8,0.026238033273321193,0.021423264457934667,0.0,3.784586204290692,0.0,0.0,0.0,1.2809939560961363,0.6
1.81,0.02606667930942208,0.02128335453228263,0.0,3.7846152675883933,0.0,0.0,0.0,1.2809860245900344,0.6
1.82,0.025898026803704788,0.021145650337999564,0.0,3.7846437413248926,0.0,0.0,0.0,1.2809782890894081,0.6
1.83,0.025732044583871794,0.02101012642301113,0.0,3.784671633338295,0.0,0.0,0.0,1.2809707459106412,0.6
1.84,0.02556870152197699,0.020876757371455754,0.0,3.784698952071467,0.0,0.0,0.0,1.2809633913754803,0.6
1.85,0.025407966495739953,0.020745517772097887,0.0,3.7847257063603426,0.0,0.0,0.0,1.2809562218133246,0.6
1.86,0.025249808400763518,0.020616382228303587,0.0,3.784751905534734,0.0,0.0,0.0,1.280949233573318,0.6
1.87,0.02509419616934916,0.020489325373403228,0.0,3.7847775592049886,0.0,0.0,0.0,1.280942423014575,0.6
1.8800000000000001,0.02494109878322881,0.020364321881086993,0.0,3.7848026773055072,0.0,0.0,0.0,1.2809357865241953,0.6
1.8900000000000001,0.024790485288117448,0.020241346477286988,0.0,3.7848272700044223,0.0,0.0,0.0,1.2809293205087842,0.6
1.9000000000000001,0.024642324759599377,0.02012037391232354,0.0,3.7848513476917427,0.0,0.0,0.0,1.2809230214039262,0.6
1.9100000000000001,0.024496586499006323,0.020001379120838957,0.0,3.7848749209127357,0.0,0.0,0.0,1.2809168856752537,0.6
1.92,0.02435323973412784,0.019884336977428627,0.0,3.7848980003216055,0.0,0.0,0.0,1.280910909822176,0.6
1.93,0.024212253961581998,0.01976922257618549,0.0,3.7849205966864146,0.0,0.0,0.0,1.2809050903789752,0.6
1.94,0.0240735986892191,0.019656011020373582,0.0,3.7849427208362525,0.0,0.0,0.0,1.2808994239173501,0.6
1.95,0.023937243594378765,0.019544677551644376,0.0,3.7849643835677274,0.0,0.0,0.0,1.280893907047837,0.6
1.96,0.02380315849670378,0.019435197527839388,0.0,3.784985595715857,0.0,0.0,0.0,1.2808885364258058,0.6
1.97,0.023671313367392588,0.019327546430544826,0.0,3.7850063681010537,0.0,0.0,0.0,1.280883308746117,0.6
1.98,0.023541678337857475,0.01922169987216094,0.0,3.7850267114907745,0.0,0.0,0.0,1.2808782207483904,0.6
1.99,0.02341422370384927,0.019117633599269844,0.0,3.7850466364483357,0.0,0.0,0.0,1.2808732692217206,0.6
2.0,0.023288919919563944,0.019015323487823574,0.0,3.785066153583894,0.0,0.0,0.0,1.2808684509983788,0.6
2.0100000000000002,0.02316573770000019,0.018914745626718677,0.0,3.785085273321603,0.0,0.0,0.0,1.2808637629615884,0.6
2.02,0.02304464786580085,0.018815876191109814,0.0,3.7851040061321592,0.0,0.0,0.0,1.280859202041143,0.6
2.0300000000000002,0.022925621437970056,0.01871869151974593,0.0,3.785122362042737,0.0,0.0,0.0,1.2808547652209186,0.6
2.04,0.02280862972335007,0.01862316818476184,0.0,3.785140351041061,0.0,0.0,0.0,1.2808504495317519,0.6
2.05,0.02269364414177144,0.0185292828505469,0.0,3.78515798310744,0.0,0.0,0.0,1.280846252056942,0.6
2.06,0.022580636392651177,0.018437012409771865,0.0,3.78517526780143,0.0,0.0,0.0,1.280842169931512,0.6
2.07,0.02246957832985308,0.018346333881212762,0.0,3.7851922146623638,0.0,0.0,0.0,1.28083820034248,0.6
2.08,0.022360442130241798,0.018257224547374707,0.0,3.785208832928558,0.0,0.0,0.0,1.2808343405282165,0.6
2.09,0.02225320011333176,0.01816966180723587,0.0,3.78522513167379,0.0,0.0,0.0,1.2808305877822654,0.6
2.1,0.022147824860619947,0.01808362327368228,0.0,3.7852411198634264,0.0,0.0,0.0,1.2808269394470744,0.6
2.11,0.022044289190960686,0.01799908675340143,0.0,3.7852568060518887,0.0,0.0,0.0,1.2808233929211568,0.6
2.12,0.021942566163518085,0.017916030249292926,0.0,3.785272198762431,0.0,0.0,0.0,1.280819945651971,0.6
2.13,0.021842629058948515,0.017834431945104055,0.0,3.78528730616237,0.0,0.0,0.0,1.2808165951426271,0.6
2.14,0.02174445147220505,0.01775427028120428,0.0,3.7853021362863495,0.0,0.0,0.0,1.2808133389448555,0.6
2.15,0.021648007158418525,0.017675523828747663,0.0,3.7853166968605287,0.0,0.0,0.0,1.2808101746657707,0.6
2.16,0.021553270212713804,0.017598171436492224,0.0,3.785330995504917,0.0,0.0,0.0,1.2808070999602352,0.6
2.17,0.021460214899088115,0.01752219209107969,0.0,3.7853450395013755,0.0,0.0,0.0,1.280804112537782,0.6
2.18,0.021368815821884324,0.017447565057042848,0.0,3.7853588360144443,0.0,0.0,0.0,1.2808012101550248,0.6
2.19,0.021279047758322456,0.017374269740068077,0.0,3.785372391896828,0.0,0.0,0.0,1.2807983906221712,0.6
2.2,0.021190885835931983,0.01730228583186824,0.0,3.7853857138654643,0.0,0.0,0.0,1.2807956517956667,0.6
2.21,0.02110430535173835,0.017231593162549075,0.0,3.785398808351539,0.0,0.0,0.0,1.280792991584331,0.6
2.22,0.021019281955784175,0.017162171850453625,0.0,3.7854116816146606,0.0,0.0,0.0,1.2807904079423176,0.6
2.23,0.020935791472856735,0.017094002156603366,0.0,3.7854243396795675,0.0,0.0,0.0,1.2807878988744648,0.6
2.24,0.020853810079874302,0.017027064629533517,0.0,3.7854367883953595,0.0,0.0,0.0,1.2807854624301214,0.6
2.25,0.020773314132717102,0.016961339963901124,0.0,3.785449033346952,0.0,0.0,0.0,1.2807830967078293,0.6
2.2600000000000002,0.020694280338004245,0.016896809140740335,0.0,3.7854610799983064,0.0,0.0,0.0,1.2807807998492897,0.6
2.27,0.02061668558747165,0.01683345329223253,0.0,3.7854729334840838,0.0,0.0,0.0,1.2807785700438883,0.6
2.2800000000000002,0.020540507113588014,0.016771253828766246,0.0,3.785484598929208,0.0,0.0,0.0,1.2807764055234312,0.6
2.29,0.020465722344547244,0.01671019232053899,0.0,3.7854960811813685,0.0,0.0,0.0,1.280774304564048,0.6
2.3000000000000003,0.020392309044878543,0.016650250612364872,0.0,3.7855073848213086,0.0,0.0,0.0,1.2807722654847007,0.6
2.31,0.020320245175820317,0.016591410709670407,0.0,3.7855185144185697,0.0,0.0,0.0,1.2807702866463933,0.6
2.32,0.020249509033147484,0.016533654891030022,0.0,3.7855294742206005,0.0,0.0,0.0,1.2807683664514793,0.6
2.33,0.02018007912668296,0.01647696560978761,0.0,3.7855402683990516,0.0,0.0,0.0,1.2807665033427944,0.6
2.34,0.020111934248265295,0.01642132554955185,0.0,3.785550900903473,0.0,0.0,0.0,1.2807646958028995,0.6
2.35,0.020045053454036288,0.016366717609734134,0.0,3.7855613756011968,0.0,0.0,0.0,1.2807629423526958,0.6
2.36,0.019979416063303446,0.016313124904619752,0.0,3.785571696009052,0.0,0.0,0.0,1.2807612415529221,0.6
2.37,0.01991500165782434,0.016260530762783568,0.0,3.7855818658218294,0.0,0.0,0.0,1.2807595919993071,0.6
2.38,0.019851790080880893,0.016208918726334193,0.0,3.7855918882152437,0.0,0.0,0.0,1.280757992326513,0.6
2.39,0.01978976143614586,0.01615827254998846,0.0,3.7856017666025688,0.0,0.0,0.0,1.2807564412028236,0.6
2.4,0.019728896071485313,0.016108576187846203,0.0,3.7856115038939455,0.0,0.0,0.0,1.2807549373328169,0.6
2.41,0.019669174638718756,0.016059813842184207,0.0,3.7856211031919615,0.0,0.0,0.0,1.2807534794542226,0.6
2.42,0.01961057798303356,0.016011969873163445,0.0,3.7856305672229467,0.0,0.0,0.0,1.2807520663391594,0.6
2.43,0.01955308727121985,0.015965028903532446,0.0,3.7856398987877764,0.0,0.0,0.0,1.280750696791051,0.6
2.44,0.019496683866960796,0.015918975716802244,0.0,3.785649100352926,0.0,0.0,0.0,1.2807493696468257,0.6
2.45,0.019441349423347742,0.01587379533278465,0.0,3.7856581745820264,0.0,0.0,0.0,1.280748083772977,0.6
2.46,0.019387065817024207,0.015829472953821058,0.0,3.7856671236909234,0.0,0.0,0.0,1.280746838066465,0.6
2.47,0.019333815200927806,0.01578599400784605,0.0,3.785675950037358,0.0,0.0,0.0,1.2807456314549603,0.6
2.48,0.019281579941293647,0.015743344096950888,0.0,3.7856846557684047,0.0,0.0,0.0,1.2807444628933011,0.6
2.49,0.019230342698602576,0.015701509063477462,0.0,3.7856932429464734,0.0,0.0,0.0,1.2807433313660577,0.6
2.5,0.01918008633379953,0.01566047491344592,0.0,3.785701713639747,0.0,0.0,0.0,1.28074223588387,0.6
2.5100000000000002,0.01913079395547579,0.01562022785507879,0.0,3.7857100696897557,0.0,0.0,0.0,1.2807411754845406,0.6
2.52,0.019082448945816344,0.015580754319986935,0.0,3.7857183129413223,0.0,0.0,0.0,1.2807401492317723,0.6
2.5300000000000002,0.019035034878272072,0.01554204089594916,0.0,3.7857264451157913,0.0,0.0,0.0,1.280739156214556,0.6
2.54,0.01898853561098457,0.01550407440319327,0.0,3.785734467916383,0.0,0.0,0.0,1.2807381955464916,0.6
2.5500000000000003,0.01894293519800616,0.015466841821907508,0.0,3.7857423829536843,0.0,0.0,0.0,1.280737266365203,0.6
2.56,0.018898217939336326,0.015430330333095127,0.0,3.7857501917608833,0.0,0.0,0.0,1.2807363678316146,0.6
2.57,0.01885436836499621,0.015394527305571285,0.0,3.7857578958172686,0.0,0.0,0.0,1.280735499129321,0.6
2.58,0.018811371233043883,0.01535942029434251,0.0,3.785765496513773,0.0,0.0,0.0,1.2807346594639883,0.6
2.59,0.01876921152751243,0.015324997038923161,0.0,3.7857729952071213,0.0,0.0,0.0,1.2807338480627175,0.6
2.6,0.018727874456255678,0.015291245461576456,0.0,3.7857803932155787,0.0,0.0,0.0,1.2807330641734538,0.6
2.61,0.018687345448800796,0.015258153665561151,0.0,3.7857876917806133,0.0,0.0,0.0,1.2807323070644936,0.6
2.62,0.018647610154146843,0.015225709933334044,0.0,3.7857948921013356,0.0,0.0,0.0,1.2807315760238378,0.6
2.63,0.01860865443859483,0.015193902724778231,0.0,3.7858019953476334,0.0,0.0,0.0,1.2807308703585547,0.6
2.64,0.018570464383500407,0.015162720675368193,0.0,3.785809002648538,0.0,0.0,0.0,1.2807301893944583,0.6
2.65,0.01853302628305631,0.01513215259435916,0.0,3.785815915053161,0.0,0.0,0.0,1.280729532475055,0.6
2.66,0.018496326642089,0.015102187462988076,0.0,3.785822733617178,0.0,0.0,0.0,1.2807288989624601,0.6
2.67,0.018460352173758188,0.015072814432595276,0.0,3.785829459360328,0.0,0.0,0.0,1.2807282882344642,0.6
2.68,0.018425089797321048,0.015044022822798965,0.0,3.785836093222889,0.0,0.0,0.0,1.280727699686867,0.6
2.69,0.018390526635876037,0.01501580211965306,0.0,3.7858426361846993,0.0,0.0,0.0,1.2807271327305576,0.6
2.7,0.018356650003274244,0.014988141964960351,0.0,3.7858490892047305,0.0,0.0,0.0,1.2807265867924011,0.6
2.71,0.018323447444996144,0.014961032189648229,0.0,3.7858554530628297,0.0,0.0,0.0,1.2807260613141311,0.6
2.72,0.018290906660733852,0.01493446275055736,0.0,3.7858617286475194,0.0,0.0,0.0,1.2807255557531656,0.6
2.73,0.018259015587291816,0.014908423798129823,0.0,3.7858679168704574,0.0,0.0,0.0,1.280725069580291,0.6
2.74,0.018227762322155283,0.014882905614003015,0.0,3.7858740184744466,0.0,0.0,0.0,1.2807246022804044,0.6
2.75,0.018197135163515954,0.014857898643690474,0.0,3.785880034318263,0.0,0.0,0.0,1.2807241533520817,0.6
2.7600000000000002,0.01816712258756714,0.014833393478043435,0.0,3.785885965180296,0.0,0.0,0.0,1.280723722307093,0.6
2.77,0.018137713286318635,0.014809380884126555,0.0,3.785891811802349,0.0,0.0,0.0,1.280723308669681,0.6
2.7800000000000002,0.018108896104757077,0.01478585175390957,0.0,3.785897574939196,0.0,0.0,0.0,1.2807229119765373,0.6
2.79,0.018080660079086708,0.014762797135490726,0.0,3.785903255321731,0.0,0.0,0.0,1.2807225317763524,0.6
2.8000000000000003,0.018052994424329616,0.014740208222972433,0.0,3.785908853768155,0.0,0.0,0.0,1.2807221676295177,0.6
2.81,0.018025888532199663,0.01471807635472533,0.0,3.785914370922042,0.0,0.0,0.0,1.2807218191078016,0.6
2.82,0.017999331968472587,0.014696393011240984,0.0,3.785919807434459,0.0,0.0,0.0,1.2807214857937501,0.6
2.83,0.017973314471244617,0.01467514981371005,0.0,3.7859251640757967,0.0,0.0,0.0,1.2807211672805776,0.6
2.84,0.017947825948390506,0.01465433852194677,0.0,3.785930441506699,0.0,0.0,0.0,1.280720863171867,0.6
2.85,0.01792285647544456,0.014633951032658838,0.0,3.785935640405471,0.0,0.0,0.0,1.280720573081305,0.6
2.86,0.017898396293370866,0.014613979377626797,0.0,3.7859407615359415,0.0,0.0,0.0,1.28072029663239,0.6
2.87,0.017874435806355504,0.01459441572190139,0.0,3.785945805467091,0.0,0.0,0.0,1.2807200334580275,0.6
2.88,0.017850965579432,0.01457525236186475,0.0,3.7859507729118986,0.0,0.0,0.0,1.280719783200267,0.6
2.89,0.017827976337007945,0.014556481724027393,0.0,3.7859556645141414,0.0,0.0,0.0,1.2807195455101883,0.6
2.9,0.01780545895994423,0.01453809636264341,0.0,3.7859604809403393,0.0,0.0,0.0,1.280719320047477,0.6
2.91,0.017783404483704413,0.014520088958199446,0.0,3.7859652228141547,0.0,0.0,0.0,1.2807191064802776,0.6
2.92,0.017761804096221412,0.014502452315672862,0.0,3.7859698908401516,0.0,0.0,0.0,1.2807189044849316,0.6
2.93,0.017740649135755127,0.014485179362782478,0.0,3.7859744856135116,0.0,0.0,0.0,1.2807187137457139,0.6
2.94,0.01771993108882286,0.014468263148298783,0.0,3.785979007858751,0.0,0.0,0.0,1.280718533954659,0.6
2.95,0.01769964158808579,0.014451696840318235,0.0,3.7859834581661125,0.0,0.0,0.0,1.2807183648113647,0.6
2.96,0.017679772410300165,0.014435473724590427,0.0,3.7859878372016884,0.0,0.0,0.0,1.280718206022636,0.6
2.97,0.017660315474262167,0.01441958720284007,0.0,3.7859921455978722,0.0,0.0,0.0,1.2807180573024293,0.6
2.98,0.017641262838758887,0.014404030791093982,0.0,3.7859963840228246,0.0,0.0,0.0,1.2807179183716249,0.6
2.99,0.017622606700566146,0.014388798118046293,0.0,3.786000553107497,0.0,0.0,0.0,1.280717788957771,0.6
3.0,0.017604339392440438,0.0143738829234189,0.0,3.7860046535040803,0.0,0.0,0.0,1.280717668795014,0.6
3.0100000000000002,0.01758645338113418,0.014359279056340907,0.0,3.7860086858920483,0.0,0.0,0.0,1.2807175576238246,0.6
3.02,0.01756894126541564,0.014344980473731906,0.0,3.78601265086935,0.0,0.0,0.0,1.2807174551906617,0.6
3.0300000000000002,0.01755179577415311,0.014330981238737727,0.0,3.7860165491150912,0.0,0.0,0.0,1.2807173612485372,0.6
3.04,0.01753500976433464,0.014317275519113526,0.0,3.7860203812002147,0.0,0.0,0.0,1.280717275555546,0.6
3.0500000000000003,0.017518576219225923,0.014303857585719736,0.0,3.7860241479305152,0.0,0.0,0.0,1.280717197876258,0.6
3.06,0.017502488246421866,0.014290721810931165,0.0,3.7860278498167235,0.0,0.0,0.0,1.280717127980087,0.6
3.0700000000000003,0.017486739068859003,0.014277862661298664,0.0,3.786031487620652,0.0,0.0,0.0,1.2807170656425517,0.6
3.08,0.01747132205142987,0.014265274719279674,0.0,3.786035061970299,0.0,0.0,0.0,1.280717010643907,0.6
3.09,0.0174562306496322,0.014252952641310468,0.0,3.7860385733960036,0.0,0.0,0.0,1.280716962769762,0.6
3.1,0.017441458463489545,0.014240891201832164,0.0,3.7860420226525338,0.0,0.0,0.0,1.280716921810484,0.6
3.11,0.01742699918080637,0.014229085246958683,0.0,3.7860454104220778,0.0,0.0,0.0,1.2807168875615076,0.6
3.12,0.017412846630669554,0.014217529738160565,0.0,3.786048737310717,0.0,0.0,0.0,1.2807168598229646,0.6
3.13,0.01739899473242834,0.014206219710607256,0.0,3.7860520040144388,0.0,0.0,0.0,1.2807168383995897,0.6
3.14,0.01738543752264421,0.014195150295171592,0.0,3.7860552111867176,0.0,0.0,0.0,1.2807168231007184,0.6
3.15,0.017372169145950966,0.014184316710967098,0.0,3.7860583594895614,0.0,0.0,0.0,1.2807168137398173,0.6
3.16,0.017359183853128735,0.014173714263775401,0.0,3.786061449513329,0.0,0.0,0.0,1.2807168101351638,0.6
3.17,0.017346476000122957,0.014163338345245252,0.0,3.786064482065089,0.0,0.0,0.0,1.2807168121087402,0.6
3.18,0.017334040045911103,0.0141531844311507,0.0,3.786067457751897,0.0,0.0,0.0,1.2807168194868062,0.6
3.19,0.017321870550905172,0.014143248080086738,0.0,3.7860703772144895,0.0,0.0,0.0,1.2807168320996603,0.6
3.2,0.01730996216845071,0.014133524926528291,0.0,3.7860732410144564,0.0,0.0,0.0,1.2807168497813213,0.6
3.21,0.017298309671274326,0.014124010702424503,0.0,3.786076049980043,0.0,0.0,0.0,1.280716872369525,0.6
3.22,0.01728690790674814,0.01411470120067233,0.0,3.786078804722817,0.0,0.0,0.0,1.2807168997062401,0.6
3.23,0.017275751825444163,0.01410559229843108,0.0,3.7860815058313917,0.0,0.0,0.0,1.2807169316364584,0.6
3.24,0.017264836471234113,0.01409667994903896,0.0,3.7860841540844987,0.0,0.0,0.0,1.280716968009229,0.6
3.25,0.017254156979802482,0.014087960180798987,0.0,3.7860867500764837,0.0,0.0,0.0,1.2807170086781652,0.6
3.2600000000000002,0.017243708571708982,0.014079429091314506,0.0,3.7860892944164974,0.0,0.0,0.0,1.2807170534974233,0.6
3.27,0.017233486574127266,0.014071082865238782,0.0,3.7860917877735734,0.0,0.0,0.0,1.2807171023242183,0.6
3.2800000000000002,0.017223486376832464,0.014062917738338976,0.0,3.786094230771826,0.0,0.0,0.0,1.2807171550223242,0.6
3.29,0.01721370348283957,0.014054930038842199,0.0,3.7860966244919543,0.0,0.0,0.0,1.2807172114571497,0.6
3.3000000000000003,0.01720413353833883,0.014047116211877675,0.0,3.7860989690979983,0.0,0.0,0.0,1.2807172714971344,0.6
3.31,0.017194772120524338,0.014039472646239507,0.0,3.786101265399928,0.0,0.0,0.0,1.280717335013689,0.6
3.3200000000000003,0.01718561488367787,0.01403199579366362,0.0,3.7861035140450796,0.0,0.0,0.0,1.2807174018811456,0.6
3.33,0.017176657730895495,0.014024682309041964,0.0,3.786105715671166,0.0,0.0,0.0,1.2807174719769558,0.6
3.34,0.017167896560976836,0.014017528843758453,0.0,3.7861078709915987,0.0,0.0,0.0,1.2807175451811759,0.6
3.35,0.01715932734993464,0.01401053211224125,0.0,3.786109980606939,0.0,0.0,0.0,1.2807176213767344,0.6
3.36,0.017150946152172497,0.014003688892924382,0.0,3.786112045167626,0.0,0.0,0.0,1.2807177004492518,0.6
3.37,0.017142749093403298,0.013996996022465668,0.0,3.786114065319437,0.0,0.0,0.0,1.280717782287117,0.6
3.38,0.017134732377003803,0.013990450400935212,0.0,3.786116041695639,0.0,0.0,0.0,1.2807178667812882,0.6
3.39,0.017126892275640904,0.013984048984978278,0.0,3.786117974954794,0.0,0.0,0.0,1.2807179538251616,0.6
3.4,0.01711922513670272,0.013977788792249755,0.0,3.7861198657404365,0.0,0.0,0.0,1.2807180433147198,0.6
3.41,0.01711172737431399,0.013971666894894747,0.0,3.786121714634181,0.0,0.0,0.0,1.2807181351482955,0.6
3.42,0.01710439547419984,0.013965680423519842,0.0,3.786123522287089,0.0,0.0,0.0,1.2807182292268662,0.6
3.43,0.01709722598885599,0.013959826563249577,0.0,3.7861252893605295,0.0,0.0,0.0,1.280718325453502,0.6
3.44,0.017090215537377995,0.013954102553587033,0.0,3.786127016424066,0.0,0.0,0.0,1.2807184237336915,0.6
3.45,0.0170833608042662,0.01394850568743808,0.0,3.786128704009202,0.0,0.0,0.0,1.2807185239762275,0.6
3.46,0.017076658538252465,0.013943033310153398,0.0,3.7861303531000674,0.0,0.0,0.0,1.2807186260886425,0.6
3.47,0.017070105551237447,0.013937682818660771,0.0,3.7861319639015623,0.0,0.0,0.0,1.280718729982593,0.6
3.48,0.017063698717612708,0.013932451660911598,0.0,3.786133537151057,0.0,0.0,0.0,1.280718835574054,0.6
3.49,0.017057434971819996,0.013927337333888049,0.0,3.7861350734856254,0.0,0.0,0.0,1.2807189427793249,0.6
3.5,0.017051311381306222,0.013922337443170552,0.0,3.7861365734919743,0.0,0.0,0.0,1.2807190515168903,0.6
3.5100000000000002,0.01704532485389021,0.013917449464003747,0.0,3.786138037758385,0.0,0.0,0.0,1.2807191617070874,0.6
3.52,0.017039472573995518,0.0139126710974791,0.0,3.786139466815692,0.0,0.0,0.0,1.280719273272312,0.6
3.5300000000000002,0.01703375170931909,0.013908000031030847,0.0,3.7861408614782786,0.0,0.0,0.0,1.2807193861368478,0.6
3.54,0.017028159482412875,0.01390343399688215,0.0,3.786142221967201,0.0,0.0,0.0,1.2807195002270297,0.6
3.5500000000000003,0.017022693173393,0.013898970774257127,0.0,3.7861435492104327,0.0,0.0,0.0,1.28071961547051,0.6
3.56,0.017017350112375373,0.013894608183204546,0.0,3.786144843405472,0.0,0.0,0.0,1.2807197317975265,0.6
3.5700000000000003,0.017012127686356626,0.013890344090216092,0.0,3.7861461055174948,0.0,0.0,0.0,1.2807198491393281,0.6
3.58,0.017007023329477455,0.013886176400276413,0.0,3.7861473357818523,0.0,0.0,0.0,1.2807199674295644,0.6
3.59,0.017002034534398636,0.013882103066151608,0.0,3.786148534865163,0.0,0.0,0.0,1.2807200866032986,0.6
3.6,0.016997158828333747,0.013878122068820017,0.0,3.7861497034678138,0.0,0.0,0.0,1.2807202065977283,0.6
3.61,0.016992393810242756,0.013874231447840666,0.0,3.786150841945228,0.0,0.0,0.0,1.2807203273505845,0.6
3.62,0.016987737102396983,0.013870429261806212,0.0,3.7861519510680406,0.0,0.0,0.0,1.280720448802111,0.6
3.63,0.016983186395282512,0.013866713625006443,0.0,3.786153030921687,0.0,0.0,0.0,1.2807205708941538,0.6
3.64,0.016978739414795996,0.01386308268064375,0.0,3.786154082301871,0.0,0.0,0.0,1.280720693569755,0.6
3.65,0.016974393980087044,0.013859534648061247,0.0,3.7861551058248106,0.0,0.0,0.0,1.2807208167736321,0.6
3.66,0.016970147820829506,0.013856067673545393,0.0,3.7861561019340226,0.0,0.0,0.0,1.280720940452029,0.6
3.67,0.016965998837090934,0.013852680042508524,0.0,3.7861570711574553,0.0,0.0,0.0,1.2807210645527425,0.6
3.68,0.01696194494303427,0.013849370051871814,0.0,3.78615801397599,0.0,0.0,0.0,1.2807211890248915,0.6
3.69,0.016957984084194244,0.013846136024171396,0.0,3.7861589308680226,0.0,0.0,0.0,1.280721313819037,0.6
3.7,0.016954114247553997,0.013842976315785887,0.0,3.786159822298843,0.0,0.0,0.0,1.2807214388871853,0.6
3.71,0.016950333463812806,0.013839889318787975,0.0,3.7861606889161776,0.0,0.0,0.0,1.280721564182427,0.6
3.72,0.0169466398030238,0.013836873457382645,0.0,3.7861615310852086,0.0,0.0,0.0,1.280721689659687,0.6
3.73,0.01694303137416253,0.013833927187554898,0.0,3.786162349302267,0.0,0.0,0.0,1.2807218152748794,0.6
3.74,0.01693950632480168,0.013831048996804162,0.0,3.7861631440854904,0.0,0.0,0.0,1.280721940985275,0.6
3.75,0.016936062840190447,0.013828237403392613,0.0,3.786163915849398,0.0,0.0,0.0,1.2807220667493875,0.6
3.7600000000000002,0.016932699142512275,0.01382549095573911,0.0,3.7861646650323193,0.0,0.0,0.0,1.2807221925269812,0.6
3.77,0.01692941349043897,0.01382280823205514,0.0,3.7861653921083556,0.0,0.0,0.0,1.2807223182789642,0.6
3.7800000000000002,0.016926204178183024,0.01382018783957103,0.0,3.786166097572869,0.0,0.0,0.0,1.2807224439675629,0.6
3.79,0.016923069535365265,0.013817628414427898,0.0,3.7861667818000257,0.0,0.0,0.0,1.2807225695560864,0.6
3.8000000000000003,0.016920007924710045,0.01381512861979578,0.0,3.7861674452690153,0.0,0.0,0.0,1.2807226950088137,0.6
3.81,0.016917017743918183,0.01381268714740287,0.0,3.786168088505014,0.0,0.0,0.0,1.2807228202914749,0.6
3.8200000000000003,0.016914097423132768,0.013810302715466367,0.0,3.7861687116558174,0.0,0.0,0.0,1.2807229453707087,0.6
3.83,0.01691124542468736,0.01380797406848688,0.0,3.7861693153171005,0.0,0.0,0.0,1.2807230702140164,0.6
3.84,0.016908460244217327,0.013805699978155832,0.0,3.7861698999018616,0.0,0.0,0.0,1.2807231947901812,0.6
3.85,0.01690574040531634,0.0138034792389925,0.0,3.7861704657333792,0.0,0.0,0.0,1.2807233190689955,0.6
3.86,0.016903084465202722,0.013801310672970584,0.0,3.78617101344769,0.0,0.0,0.0,1.280723443021398,0.6
3.87,0.0169004910100361,0.013799193125694248,0.0,3.7861715432516956,0.0,0.0,0.0,1.2807235666191725,0.6
3.88,0.016897958654863432,0.013797125466354069,0.0,3.786172055393489,0.0,0.0,0.0,1.280723689834836,0.6
3.89,0.0168954860442474,0.013795106588240113,0.0,3.7861725505691726,0.0,0.0,0.0,1.2807238126424538,0.6
3.9,0.016893071850694552,0.013793135407458515,0.0,3.786173029013804,0.0,0.0,0.0,1.2807239350164277,0.6
3.91,0.016890714774533633,0.013791210862832139,0.0,3.786173491003858,0.0,0.0,0.0,1.2807240569322829,0.6
3.92,0.016888413543248992,0.013789331915356305,0.0,3.7861739372003336,0.0,0.0,0.0,1.2807241783665322,0.6
3.93,0.01688616692057332,0.013787497555622984,0.0,3.786174367817228,0.0,0.0,0.0,1.2807242992965027,0.6
3.94,0.01688397366835037,0.013785706772681835,0.0,3.786174783074016,0.0,0.0,0.0,1.2807244197002945,0.6
3.95,0.016881832600655233,0.01378395859822922,0.0,3.7861751834328397,0.0,0.0,0.0,1.2807245395569313,0.6
3.96,0.01687974254935276,0.013782252078486787,0.0,3.7861755692123285,0.0,0.0,0.0,1.2807246588461263,0.6
3.97,0.016877702369943126,0.013780586278974341,0.0,3.786175940692442,0.0,0.0,0.0,1.280724777548517,0.6
3.98,0.01687571094228546,0.013778960285100691,0.0,3.786176298258662,0.0,0.0,0.0,1.2807248956451647,0.6
3.99,0.016873767170154652,0.013777373201801784,0.0,3.786176642373169,0.0,0.0,0.0,1.2807250131185555,0.6
4.0,0.016871869979445675,0.013775824152074538,0.0,3.7861769731942925,0.0,0.0,0.0,1.2807251299514177,0.6
4.01,0.016870018320654268,0.013774312279002308,0.0,3.7861772910930425,0.0,0.0,0.0,1.2807252461274419,0.6
4.0200000000000005,0.0168682111643772,0.013772836742080881,0.0,3.7861775963319793,0.0,0.0,0.0,1.2807253616308518,0.6
4.03,0.0168664475134801,0.013771396727153447,0.0,3.7861778893005344,0.0,0.0,0.0,1.2807254764466338,0.6
4.04,0.01686472636582903,0.013769991415981078,0.0,3.7861781702489994,0.0,0.0,0.0,1.280725590560468,0.6
4.05,0.016863046765391854,0.0137686200279668,0.0,3.786178439493963,0.0,0.0,0.0,1.2807257039586744,0.6
4.0600000000000005,0.01686140776949263,0.013767281793418929,0.0,3.7861786973288765,0.0,0.0,0.0,1.280725816628211,0.6
4.07,0.01685980845417623,0.01376597595793126,0.0,3.786178944024027,0.0,0.0,0.0,1.2807259285566728,0.6
4.08,0.016858247917078906,0.013764701784726885,0.0,3.7861791797306825,0.0,0.0,0.0,1.2807260397207463,0.6
4.09,0.016856725273494577,0.013763458551446311,0.0,3.7861794048979007,0.0,0.0,0.0,1.2807261501195852,0.6
4.1,0.01685523965868696,0.013762245552035316,0.0,3.7861796197552056,0.0,0.0,0.0,1.2807262597543485,0.6
4.11,0.01685379022584521,0.013761062095075742,0.0,3.7861798242783995,0.0,0.0,0.0,1.2807263685919539,0.6
4.12,0.016852376146912595,0.0137599075044621,0.0,3.786180019474507,0.0,0.0,0.0,1.2807264766467874,0.6
4.13,0.016850997085766428,0.013758781505751364,0.0,3.786180205140698,0.0,0.0,0.0,1.2807265838993545,0.6
4.14,0.016849651806959853,0.0137576830902054,0.0,3.7861803814773505,0.0,0.0,0.0,1.2807266903407046,0.6
4.15,0.01684833900673266,0.013756611193308456,0.0,3.786180548695269,0.0,0.0,0.0,1.2807267959630073,0.6
4.16,0.016847058852315522,0.013755565951603804,0.0,3.786180707489682,0.0,0.0,0.0,1.2807269007589492,0.6
4.17,0.016845809737302098,0.013754546053466158,0.0,3.7861808574668143,0.0,0.0,0.0,1.2807270047220443,0.6
4.18,0.016844591358490923,0.01375355125133256,0.0,3.7861809989784976,0.0,0.0,0.0,1.2807271078456506,0.6
4.19,0.016843403014226155,0.01375258097230341,0.0,3.786181132313786,0.0,0.0,0.0,1.2807272101235554,0.6
4.2,0.016842244009931617,0.01375163464925964,0.0,3.786181258027189,0.0,0.0,0.0,1.2807273115502098,0.6
4.21,0.01684111366581753,0.013750711727155217,0.0,3.7861813759518657,0.0,0.0,0.0,1.2807274121210126,0.6
4.22,0.016840011316818337,0.013749811662966386,0.0,3.7861814863694776,0.0,0.0,0.0,1.2807275118312713,0.6
4.23,0.016838936312321806,0.013748933925470486,0.0,3.7861815896175113,0.0,0.0,0.0,1.2807276106765384,0.6
4.24,0.01683788801593833,0.013748077995057579,0.0,3.786181685698945,0.0,0.0,0.0,1.2807277086530966,0.6
4.25,0.016836865805191614,0.013747243363477898,0.0,3.786181775161039,0.0,0.0,0.0,1.2807278057575422,0.6
4.26,0.016835869071378573,0.013746429533727456,0.0,3.786181857533442,0.0,0.0,0.0,1.2807279019868758,0.6
4.2700000000000005,0.016834897219090372,0.013745636019656973,0.0,3.7861819337091585,0.0,0.0,0.0,1.2807279973381784,0.6
4.28,0.016833949666324566,0.013744862346063442,0.0,3.7861820045052017,0.0,0.0,0.0,1.2807280918101724,0.6
4.29,0.016833025843037586,0.013744108047508242,0.0,3.786182068870899,0.0,0.0,0.0,1.280728185401894,0.6
4.3,0.016832125192824732,0.013743372669688834,0.0,3.786182127151973,0.0,0.0,0.0,1.2807282781115104,0.6
4.3100000000000005,0.01683124717028761,0.0137426557672893,0.0,3.7861821795787867,0.0,0.0,0.0,1.2807283699369711,0.6
4.32,0.016830391243843668,0.013741956906274293,0.0,3.7861822261467366,0.0,0.0,0.0,1.2807284608764868,0.6
4.33,0.016829556892631548,0.013741275661362304,0.0,3.7861822682851534,0.0,0.0,0.0,1.280728550929739,0.6
4.34,0.01682874360762776,0.013740611616937392,0.0,3.7861823043038245,0.0,0.0,0.0,1.280728640074531,0.6
4.3500000000000005,0.016827950891093346,0.013739964366597399,0.0,3.7861823354105604,0.0,0.0,0.0,1.2807287283341662,0.6
4.36,0.016827178256125563,0.013739333512787898,0.0,3.7861823622460187,0.0,0.0,0.0,1.2807288157104981,0.6
4.37,0.0168264252265804,0.013738718666738934,0.0,3.786182383919925,0.0,0.0,0.0,1.2807289022049373,0.6
4.38,0.01682569133736389,0.013738119448702875,0.0,3.7861824001087765,0.0,0.0,0.0,1.2807289878287105,0.6
4.39,0.01682497661141169,0.013737535877406603,0.0,3.786182413092766,0.0,0.0,0.0,1.2807290725717637,0.6
4.4,0.01682428009585979,0.013736967174839913,0.0,3.7861824210943475,0.0,0.0,0.0,1.2807291564335976,0.6
4.41,0.01682360134329941,0.013736412975695066,0.0,3.7861824242947923,0.0,0.0,0.0,1.2807292394128231,0.6
4.42,0.016822939917342072,0.013735872923662365,0.0,3.7861824254025813,0.0,0.0,0.0,1.2807293215123612,0.6
4.43,0.016822295166554202,0.013735346486848517,0.0,3.786182421942016,0.0,0.0,0.0,1.2807294027362572,0.6
4.44,0.016821666912661515,0.013734833519693184,0.0,3.7861824142584615,0.0,0.0,0.0,1.2807294830858933,0.6
4.45,0.01682105481911278,0.013734333747403434,0.0,3.7861824040111323,0.0,0.0,0.0,1.2807295625632042,0.6
4.46,0.01682045849892888,0.013733846854012141,0.0,3.7861823896775846,0.0,0.0,0.0,1.2807296411720346,0.6
4.47,0.016819877573145625,0.01373337253009634,0.0,3.786182371989616,0.0,0.0,0.0,1.280729718914449,0.6
4.48,0.01681931167661399,0.013732910477513103,0.0,3.7861823511885775,0.0,0.0,0.0,1.2807297957943364,0.6
4.49,0.016818760436253744,0.013732460391643692,0.0,3.7861823274775532,0.0,0.0,0.0,1.2807298718148319,0.6
4.5,0.016818223508425767,0.013732021991907943,0.0,3.7861823004884725,0.0,0.0,0.0,1.2807299469796676,0.6
4.51,0.016817700537390845,0.013731594987846004,0.0,3.786182271341545,0.0,0.0,0.0,1.280730021292409,0.6
4.5200000000000005,0.016817191189871572,0.013731179107338015,0.0,3.786182238693438,0.0,0.0,0.0,1.2807300947572418,0.6
4.53,0.01681669513592121,0.013730774080983589,0.0,3.7861822033494175,0.0,0.0,0.0,1.2807301673772804,0.6
4.54,0.016816212052477297,0.013730379645003331,0.0,3.7861821655173173,0.0,0.0,0.0,1.280730239156617,0.6
4.55,0.016815741624039537,0.01372999554179233,0.0,3.7861821253671595,0.0,0.0,0.0,1.280730310099739,0.6
4.5600000000000005,0.016815283542441106,0.013729621519733424,0.0,3.7861820825483856,0.0,0.0,0.0,1.2807303802110155,0.6
4.57,0.01681483750653512,0.013729257332941214,0.0,3.786182038056325,0.0,0.0,0.0,1.2807304494950384,0.6
4.58,0.016814403221908858,0.013728902741028724,0.0,3.7861819911231382,0.0,0.0,0.0,1.2807305179568094,0.6
4.59,0.01681398040101234,0.013728557509212373,0.0,3.7861819429996784,0.0,0.0,0.0,1.280730585600973,0.6
4.6000000000000005,0.016813568762862996,0.013728221408070854,0.0,3.7861818918624865,0.0,0.0,0.0,1.2807306524331588,0.6
4.61,0.016813168032949966,0.013727894213466988,0.0,3.7861818384214123,0.0,0.0,0.0,1.280730718456341,0.6
4.62,0.01681277794326208,0.013727575706570575,0.0,3.786181784004757,0.0,0.0,0.0,1.280730783676304,0.6
4.63,0.01681239823199454,0.013727265673618889,0.0,3.786181727474344,0.0,0.0,0.0,1.280730848098625,0.6
4.64,0.016812028643048427,0.013726963905508038,0.0,3.7861816687176715,0.0,0.0,0.0,1.2807309117281134,0.6
4.65,0.01681166892637287,0.013726670198072341,0.0,3.786181608817308,0.0,0.0,0.0,1.2807309745691962,0.6
4.66,0.016811318841158718,0.013726384354691954,0.0,3.7861815479101057,0.0,0.0,0.0,1.2807310366284859,0.6
4.67,0.01681097814225918,0.013726106175205357,0.0,3.786181484792984,0.0,0.0,0.0,1.2807310979114452,0.6
4.68,0.016810646603448554,0.013725835474900033,0.0,3.7861814223294177,0.0,0.0,0.0,1.2807311584244174,0.6
4.69,0.01681032399042115,0.013725572062466196,0.0,3.786181357103267,0.0,0.0,0.0,1.2807312181744985,0.6
4.7,0.016810010087397798,0.013725315761720888,0.0,3.7861812894796767,0.0,0.0,0.0,1.2807312771645363,0.6
4.71,0.01680970467102605,0.013725066390297594,0.0,3.78618121976892,0.0,0.0,0.0,1.280731335398234,0.6
4.72,0.016809407535664178,0.013724823780290555,0.0,3.786181150866486,0.0,0.0,0.0,1.2807313928814656,0.6
4.73,0.016809118468074313,0.013724587757591772,0.0,3.786181079432092,0.0,0.0,0.0,1.2807314496222015,0.6
4.74,0.016808837269185695,0.013724358159660655,0.0,3.7861810091643244,0.0,0.0,0.0,1.2807315056253294,0.6
4.75,0.016808563741494753,0.013724134825236213,0.0,3.7861809369183326,0.0,0.0,0.0,1.280731560897905,0.6
4.76,0.016808297692244567,0.013723917596933076,0.0,3.78618086568338,0.0,0.0,0.0,1.2807316154459458,0.6
4.7700000000000005,0.016808038933542324,0.01372370632133741,0.0,3.786180791669888,0.0,0.0,0.0,1.2807316692771535,0.6
4.78,0.016807787281454267,0.013723500848267928,0.0,3.786180719365415,0.0,0.0,0.0,1.2807317223957912,0.6
4.79,0.016807542556254385,0.013723301030978957,0.0,3.786180645286196,0.0,0.0,0.0,1.2807317748110558,0.6
4.8,0.016807304589201433,0.013723106731693848,0.0,3.7861805716081722,0.0,0.0,0.0,1.2807318265282146,0.6
4.8100000000000005,0.016807073202180778,0.013722917804982613,0.0,3.7861804954236695,0.0,0.0,0.0,1.2807318775543253,0.6
4.82,0.016806848235958016,0.013722734120830905,0.0,3.786180419306406,0.0,0.0,0.0,1.280731927892699,0.6
4.83,0.016806629526469274,0.01372255554528113,0.0,3.7861803436764214,0.0,0.0,0.0,1.2807319775513997,0.6
4.84,0.016806416913787814,0.013722381947753656,0.0,3.7861802679054186,0.0,0.0,0.0,1.2807320265387374,0.6
4.8500000000000005,0.01680621024191087,0.013722213200872756,0.0,3.7861801908353434,0.0,0.0,0.0,1.2807320748529702,0.6
4.86,0.016806009358392604,0.013722049180166928,0.0,3.7861801131169104,0.0,0.0,0.0,1.2807321225087518,0.6
4.87,0.01680581411412274,0.01372188976388814,0.0,3.7861800344169088,0.0,0.0,0.0,1.2807321695119427,0.6
4.88,0.016805624364328864,0.013721734833830207,0.0,3.7861799558775586,0.0,0.0,0.0,1.280732215868865,0.6
4.89,0.016805439967223723,0.013721584274224326,0.0,3.786179877141146,0.0,0.0,0.0,1.2807322615850323,0.6
4.9,0.0168052608468654,0.01372143802306418,0.0,3.7861797984561156,0.0,0.0,0.0,1.2807323066664658,0.6
4.91,0.016805086801074065,0.013721295915270632,0.0,3.786179719699718,0.0,0.0,0.0,1.280732351121423,0.6
4.92,0.016804917701533917,0.013721157846074264,0.0,3.786179639746338,0.0,0.0,0.0,1.2807323949560148,0.6
4.93,0.016804753419759955,0.013721023710567515,0.0,3.7861795600054458,0.0,0.0,0.0,1.280732438175016,0.6
4.94,0.016804593830837655,0.013720893406758103,0.0,3.7861794809577094,0.0,0.0,0.0,1.2807324807846479,0.6
4.95,0.016804438812304534,0.01372076683465583,0.0,3.786179401734953,0.0,0.0,0.0,1.280732522792121,0.6
4.96,0.01680428824486646,0.013720643896857444,0.0,3.7861793227186054,0.0,0.0,0.0,1.280732564204087,0.6
4.97,0.0168041420125864,0.01372052449870075,0.0,3.7861792440585575,0.0,0.0,0.0,1.2807326050243644,0.6
4.98,0.016804000002324626,0.013720408547807558,0.0,3.786179165779041,0.0,0.0,0.0,1.2807326452606644,0.6
4.99,0.01680386210346385,0.013720295953859221,0.0,3.7861790867373064,0.0,0.0,0.0,1.280732684919475,0.6
5.0,0.016803728208137914,0.01372018662878339,0.0,3.7781886886448715,0.0,0.0,0.0,1.280732724007723,0.6
5.01,0.013803598211226564,0.011270590743966566,0.0,3.7780874599806578,0.0,0.0,0.0,1.2807327625311968,0.6
5.0200000000000005,0.010803472010057824,0.008820997958360602,0.0,3.7778791482143768,0.0,0.0,0.0,1.2807322710113747,0.6
5.03,0.007803349504432956,0.006371408190153574,0.0,3.778178736515189,0.0,0.0,0.0,1.280729920949288,0.6
5.04,0.004803230596709397,0.003921821359620664,0.0,3.7789937190916123,0.0,0.0,0.0,1.2807259507187432,0.6
5.05,0.001803115191570949,0.0014722373889365216,0.0,3.7802754724710947,0.0,0.0,0.0,1.2807205532419121,0.6
5.0600000000000005,0.0011969968041294376,0.0009773437979531008,0.0,3.7819991539386617,0.0,0.0,0.0,1.280713913010291,0.6
5.07,0.004156273958101143,0.00339358347618853,0.0,3.784311299273496,0.0,0.0,0.0,1.2807062288979996,0.6
5.08,0.006971046784097546,0.005691835864702867,0.0,3.786985470931303,0.0,0.0,0.0,1.2806977182206352,0.6
5.09,0.009655376156257445,0.007883581619155292,0.0,3.7898574626074266,0.0,0.0,0.0,1.2806886323179438,0.6
5.1000000000000005,0.012217221937513179,0.009975319940414718,0.0,3.7928359579933515,0.0,0.0,0.0,1.2806792734194365,0.6
5.11,0.01466163252155317,0.011971172824666917,0.0,3.7958676870503125,0.0,0.0,0.0,1.2806699353489654,0.6
5.12,0.016992754154184775,0.013874525667437281,0.0,3.7989105693340472,0.0,0.0,0.0,1.2806608937665387,0.6
5.13,0.019214380304472423,0.015688475823246773,0.0,3.801926792791966,0.0,0.0,0.0,1.280652405674702,0.6
5.14,0.021330133099221493,0.01741598074624767,0.0,3.8048828296823953,0.0,0.0,0.0,1.2806447083065415,0.6
5.15,0.02334351897508946,0.01905990342998204,0.0,3.8077500479658304,0.0,0.0,0.0,1.2806380177093082,0.6
5.16,0.02525794275955473,0.020623023904444652,0.0,3.8105046361651618,0.0,0.0,0.0,1.2806325275971147,0.6
5.17,0.027076712027791494,0.022108042793456392,0.0,3.8131271514905265,0.0,0.0,0.0,1.2806284086529889,0.6
5.18,0.028803039870137548,0.023517583574292282,0.0,3.8156020540683597,0.0,0.0,0.0,1.2806258082583337,0.6
5.19,0.03044004738670303,0.024854194614520986,0.0,3.8179172620813824,0.0,0.0,0.0,1.2806248505851492,0.6
5.2,0.03199076608722695,0.026120351131479456,0.0,3.8200637484115703,0.0,0.0,0.0,1.2806256369899132,0.6
5.21,0.03345814023006022,0.027318457102044568,0.0,3.8220351801686605,0.0,0.0,0.0,1.280628246655474,0.6
5.22,0.034845029087061885,0.028450847111913192,0.0,3.8238275890755826,0.0,0.0,0.0,1.2806327374344413,0.6
5.23,0.03615420917055978,0.0295197881739079,0.0,3.825439073661275,0.0,0.0,0.0,1.2806391468526293,0.6
5.24,0.03738837633262437,0.030527481442026914,0.0,3.826869524146483,0.0,0.0,0.0,1.2806474932366483,0.6
5.25,0.03855014814750679,0.031476064156696605,0.0,3.8281203895765663,0.0,0.0,0.0,1.2806577769340406,0.6
5.26,0.039642065574748475,0.03236761100269484,0.0,3.8291944437420735,0.0,0.0,0.0,1.2806699815986562,0.6
5.2700000000000005,0.04066659523458882,0.03320413596701353,0.0,3.830095580564847,0.0,0.0,0.0,1.2806840755175537,0.6
5.28,0.04162613130929915,0.03398759389129133,0.0,3.8308286511829777,0.0,0.0,0.0,1.2807000129586439,0.6
5.29,0.04252299745587185,0.03471988203351776,0.0,3.831399294423174,0.0,0.0,0.0,1.2807177355219017,0.6
5.3,0.04335944868400121,0.03540284160139818,0.0,3.8318137894324176,0.0,0.0,0.0,1.2807371734793553,0.6
5.3100000000000005,0.04413767317038353,0.03603825923372358,0.0,3.8320789268447344,0.0,0.0,0.0,1.2807582470912422,0.6
5.32,0.044859794031825606,0.03662786844810762,0.0,3.8322019018090296,0.0,0.0,0.0,1.2807808678877988,0.6
5.33,0.04552787107417067,0.03717335106897867,0.0,3.8321901996770986,0.0,0.0,0.0,1.2808049399085397,0.6
5.34,0.04614390247514666,0.03767633860161968,0.0,3.832051508828254,0.0,0.0,0.0,1.2808303608917229,0.6
5.3500000000000005,0.04670982643816046,0.03813841358248552,0.0,3.831793641183262,0.0,0.0,0.0,1.28085702341068,0.6
5.36,0.04722752279612474,0.03856111088872209,0.0,3.8314244748289354,0.0,0.0,0.0,1.2808848159472421,0.6
5.37,0.047698814584804516,0.03894591902279844,0.0,3.8309518685831416,0.0,0.0,0.0,1.2809136239073526,0.6
5.38,0.048125469572127155,0.03929428136118314,0.0,3.830383622131043,0.0,0.0,0.0,1.2809433305719455,0.6
5.39,0.04850920171264894,0.03960759734191126,0.0,3.8297274379856923,0.0,0.0,0.0,1.2809738179812367,0.6
5.4,0.04885167274040603,0.03988722376514172,0.0,3.828990865203426,0.0,0.0,0.0,1.2810049677536222,0.6
5.41,0.0491544933898489,0.040134475790046135,0.0,3.8281812753903104,0.0,0.0,0.0,1.2810366618419993,0.6
5.42,0.049419224881311674,0.04035062814768939,0.0,3.8273058352544056,0.0,0.0,0.0,1.2810687832237955,0.6
5.43,0.04964738030896099,0.040536916274285156,0.0,3.8263714812403564,0.0,0.0,0.0,1.2811012165285736,0.6
5.44,0.04984042592838023,0.040694537362504044,0.0,3.82538489911348,0.0,0.0,0.0,1.281133848604096,0.6
5.45,0.049999782350220734,0.04082465133608569,0.0,3.824352513745572,0.0,0.0,0.0,1.2811665690223355,0.6
5.46,0.05012682588688788,0.04092838194940338,0.0,3.8232804717589626,0.0,0.0,0.0,1.2811992705323108,0.6
5.47,0.05022288974479805,0.041006817760937765,0.0,3.8221746404998886,0.0,0.0,0.0,1.2812318494489523,0.6
5.48,0.05028926520882271,0.041061013100371385,0.0,3.8210405949580317,0.0,0.0,0.0,1.2812642060022845,0.6
5.49,0.05032720279756164,0.04109198901186537,0.0,3.819883620861075,0.0,0.0,0.0,1.2812962446233962,0.6
5.5,0.05033791337424498,0.04110073416110708,0.0,3.818708709007737,0.0,0.0,0.0,1.281327874196434,0.6
5.51,0.050322569320854216,0.04108820579397595,0.0,3.81752056010933,0.0,0.0,0.0,1.2813590082569428,0.6
5.5200000000000005,0.05028230547842005,0.04105533050429344,0.0,3.8163235837539746,0.0,0.0,0.0,1.281389565154249,0.6
5.53,0.05021822033584544,0.041003005204493,0.0,3.8151219059338852,0.0,0.0,0.0,1.2814194681700215,0.6
5.54,0.05013137690614711,0.04093209784106828,0.0,3.8139193706874646,0.0,0.0,0.0,1.2814486456070888,0.6
5.55,0.05002280383813096,0.04084344830225226,0.0,3.812719549497584,0.0,0.0,0.0,1.2814770308447925,0.6
5.5600000000000005,0.04989349631404716,0.0407378691509496,0.0,3.811525746255348,0.0,0.0,0.0,1.2815045623556631,0.6
5.57,0.04974441702375221,0.040616146420136646,0.0,3.8103410059679077,0.0,0.0,0.0,1.2815311837041459,0.6
5.58,0.04957649703312206,0.04047904032191771,0.0,3.809168122709399,0.0,0.0,0.0,1.2815568435146094,0.6
5.59,0.04939063671490351,0.040327286007562135,0.0,3.8080096492023485,0.0,0.0,0.0,1.2815814954174956,0.6
5.6000000000000005,0.04918770664974437,0.04016159430319225,0.0,3.806867905759508,0.0,0.0,0.0,1.2816050979746934,0.6
5.61,0.048968548399919376,0.03998265234152804,0.0,3.8057449893007234,0.0,0.0,0.0,1.2816276145862338,0.6
5.62,0.04873397538766966,0.039791124279048226,0.0,3.804642783758662,0.0,0.0,0.0,1.2816490133805816,0.6
5.63,0.0484847736841334,0.03958765194014951,0.0,3.803562969529749,0.0,0.0,0.0,1.2816692670904803,0.6
5.64,0.04822170279202598,0.03937285545620219,0.0,3.8025070336290145,0.0,0.0,0.0,1.281688352916047,0.6
5.65,0.04794549641219259,0.039147333891437805,0.0,3.801476278978054,0.0,0.0,0.0,1.2817062523769982,0.6
5.66,0.047656863184330156,0.038911665847745996,0.0,3.800471835025309,0.0,0.0,0.0,1.2817229511557156,0.6
5.67,0.047356487411754244,0.038666410056444236,0.0,3.7994946665812455,0.0,0.0,0.0,1.2817384389325508,0.6
5.68,0.04704502976497138,0.038412105952742234,0.0,3.798545583960146,0.0,0.0,0.0,1.2817527092149783,0.6
5.69,0.046723127970467404,0.03814927423813524,0.0,3.797625251909658,0.0,0.0,0.0,1.2817657591617486,0.6
5.7,0.04639139747603749,0.03787841742364375,0.0,3.7967341987416767,0.0,0.0,0.0,1.28177758940257,0.6
5.71,0.04605043210465598,0.037600020363695995,0.0,3.795872826387458,0.0,0.0,0.0,1.2817882038599153,0.6
5.72,0.045700804685026686,0.03731455077097009,0.0,3.7950414162376243,0.0,0.0,0.0,1.28179760955897,0.6
5.73,0.04534306767155072,0.03702245972259567,0.0,3.7942401410335904,0.0,0.0,0.0,1.2818058164503887,0.6
5.74,0.04497775374174706,0.03672418214794571,0.0,3.7934690705370007,0.0,0.0,0.0,1.281812837223874,0.6
5.75,0.04460537637924,0.036420137304643815,0.0,3.792728178977603,0.0,0.0,0.0,1.2818186871196786,0.6
5.76,0.044226430459046284,0.036110729256449134,0.0,3.7920173559473445,0.0,0.0,0.0,1.2818233837526796,0.6
5.7700000000000005,0.043841392771238885,0.03579634730082608,0.0,3.7913364081578034,0.0,0.0,0.0,1.281826946954382,0.6
5.78,0.043450722590190116,0.03547736643372934,0.0,3.790685072446563,0.0,0.0,0.0,1.2818293985708324,0.6
5.79,0.04305486218524068,0.03515414776656346,0.0,3.790063016584897,0.0,0.0,0.0,1.2818307622983065,0.6
5.8,0.0426542373235812,0.03482703893678385,0.0,3.789469849292093,0.0,0.0,0.0,1.2818310635196342,0.6
5.8100000000000005,0.04224925778804178,0.03449637453067022,0.0,3.788905125360011,0.0,0.0,0.0,1.2818303291408515,0.6
5.82,0.04184031783810105,0.03416247645973885,0.0,3.7883683503030925,0.0,0.0,0.0,1.2818285874335378,0.6
5.83,0.04142779670151886,0.03382565436215908,0.0,3.7878589866564827,0.0,0.0,0.0,1.2818258678814827,0.6
5.84,0.04101205901521343,0.03348620596272789,0.0,3.787376458685661,0.0,0.0,0.0,1.2818222010364175,0.6
5.8500000000000005,0.04059345528018232,0.03314441744431141,0.0,3.7869201576985523,0.0,0.0,0.0,1.2818176183709513,0.6
5.86,0.04017232229170187,0.03280056379910125,0.0,3.786489444837068,0.0,0.0,0.0,1.2818121521487291,0.6
5.87,0.03974898356203682,0.03245490917375545,0.0,3.7860836579499284,0.0,0.0,0.0,1.2818058352879256,0.6
5.88,0.0393237497295611,0.032107707203444226,0.0,3.785702112324497,0.0,0.0,0.0,1.2817987012432672,0.6
5.89,0.03889691896166414,0.03175920134082161,0.0,3.785344108080497,0.0,0.0,0.0,1.28179078388103,0.6
5.9,0.03846877733395804,0.03140962516564674,0.0,3.7850089299132867,0.0,0.0,0.0,1.2817821173730766,0.6
5.91,0.03803959921926903,0.031059202702394158,0.0,3.7846958532601183,0.0,0.0,0.0,1.2817727360841282,0.6
5.92,0.037609647643001676,0.03070814871040738,0.0,3.784404144976949,0.0,0.0,0.0,1.2817626744764952,0.6
5.93,0.03717917465078058,0.03035666898407712,0.0,3.784133068289278,0.0,0.0,0.0,1.2817519670111117,0.6
5.94,0.03674842164533598,0.030004960627907272,0.0,3.7838818835142702,0.0,0.0,0.0,1.2817406480608344,0.6
5.95,0.036317619733079676,0.02965321233949287,0.0,3.783649851198801,0.0,0.0,0.0,1.2817287518263887,0.6
5.96,0.03588699004508822,0.02930160467160187,0.0,3.783436234184477,0.0,0.0,0.0,1.2817163122586908,0.6
5.97,0.03545674406082089,0.02895031029648971,0.0,3.78324029976948,0.0,0.0,0.0,1.2817033629863577,0.6
5.98,0.03502708391546272,0.02859949425684386,0.0,3.783061321121433,0.0,0.0,0.0,1.281689937248972,0.6
5.99,0.034598202702935676,0.02824931421319139,0.0,3.7828985791484024,0.0,0.0,0.0,1.2816760678351182,0.6
6.0,0.03417028476800654,0.027899920682404097,0.0,3.7827513640832464,0.0,0.0,0.0,1.2816617870254863,0.6
6.01,0.033743505991503,0.027551457270576434,0.0,3.782618976217244,0.0,0.0,0.0,1.2816471265415599,0.6
6.0200000000000005,0.03331803406621647,0.027204060898299253,0.0,3.782500728219708,0.0,0.0,0.0,1.2816321174974221,0.6
6.03,0.032894028766888406,0.026857862021102647,0.0,3.782395944764039,0.0,0.0,0.0,1.281616790358301,0.6
6.04,0.032471642210881946,0.026512984842293537,0.0,3.7823039648003105,0.0,0.0,0.0,1.2816011749012006,0.6
6.05,0.03205101911212571,0.026169547520299843,0.0,3.782224141447866,0.0,0.0,0.0,1.2815853001815685,0.6
6.0600000000000005,0.03163229702820991,0.02582766237042366,0.0,3.7821558429850324,0.0,0.0,0.0,1.2815691945030114,0.6
6.07,0.031215606599330536,0.025487436059938345,0.0,3.7820984536976145,0.0,0.0,0.0,1.2815528853907245,0.6
6.08,0.03080107178196867,0.02514896979888688,0.0,3.782051373864114,0.0,0.0,0.0,1.2815363995702258,0.6
6.09,0.030388810073807893,0.024812359523726183,0.0,3.78201402068162,0.0,0.0,0.0,1.2815197629466402,0.6
6.1000000000000005,0.029978932734850083,0.024477696077867376,0.0,3.781985828638122,0.0,0.0,0.0,1.2815030005898909,0.6
6.11,0.029571544999903665,0.024145065385171735,0.0,3.781966249284824,0.0,0.0,0.0,1.2814861367217107,0.6
6.12,0.029166746288126877,0.023814548621042042,0.0,3.781954751643988,0.0,0.0,0.0,1.2814691947063757,0.6
6.13,0.028764630394334523,0.023486222368623882,0.0,3.781950822466191,0.0,0.0,0.0,1.2814521970425692,0.6
6.140000000000001,0.028365285699706755,0.023160158790848685,0.0,3.781953965928453,0.0,0.0,0.0,1.2814351653632918,0.6
6.15,0.02796879534914587,0.02283642577524489,0.0,3.781963704178485,0.0,0.0,0.0,1.2814181204280974,0.6
6.16,0.02757523744165269,0.022515087089379635,0.0,3.781979576876961,0.0,0.0,0.0,1.2814010821275423,0.6
6.17,0.027184685206526504,0.022196202524725425,0.0,3.782001141136271,0.0,0.0,0.0,1.2813840694843728,0.6
6.18,0.02679720719143619,0.02187982805021952,0.0,3.7820279717603964,0.0,0.0,0.0,1.2813671006606506,0.6
6.19,0.026412867374354443,0.02156601590365789,0.0,3.7820596603449794,0.0,0.0,0.0,1.2813501929600586,0.6
6.2,0.02603172541009724,0.021254814792993803,0.0,3.7820958158453295,0.0,0.0,0.0,1.281333362840924,0.6
6.21,0.025653836734288893,0.020946269981224983,0.0,3.7821360637711323,0.0,0.0,0.0,1.2813166259219362,0.6
6.22,0.025279252746020386,0.020640423435533475,0.0,3.7821800461337785,0.0,0.0,0.0,1.2812999969959007,0.6
6.23,0.024908020893990468,0.02033731389761958,0.0,3.7822274213645573,0.0,0.0,0.0,1.2812834900420553,0.6
6.24,0.02454018493484189,0.020036977094632497,0.0,3.782277863507951,0.0,0.0,0.0,1.2812671182393987,0.6
6.25,0.024175784938774703,0.01973944574375356,0.0,3.782331062310036,0.0,0.0,0.0,1.2812508939820537,0.6
6.26,0.02381485755064916,0.01944474976538588,0.0,3.7823867225382144,0.0,0.0,0.0,1.2812348288943056,0.6
6.2700000000000005,0.023457436053769598,0.019152916335233645,0.0,3.782444563970992,0.0,0.0,0.0,1.2812189338486522,0.6
6.28,0.023103550485737978,0.018863969978896163,0.0,3.7825043206845828,0.0,0.0,0.0,1.2812032189822338,0.6
6.29,0.022753227800716536,0.018577932704354736,0.0,3.782565740849539,0.0,0.0,0.0,1.2811876937156839,0.6
6.3,0.02240649195577671,0.01829482407247628,0.0,3.782628586313251,0.0,0.0,0.0,1.2811723667716315,0.6
6.3100000000000005,0.022063364106363004,0.018014661356608907,0.0,3.7826926320774454,0.0,0.0,0.0,1.2811572461941916,0.6
6.32,0.021723862580526276,0.017737459521543472,0.0,3.7827576660805904,0.0,0.0,0.0,1.2811423393683268,0.6
6.33,0.021388003130496935,0.01746323142892225,0.0,3.7828234886107954,0.0,0.0,0.0,1.2811276530401516,0.6
6.34,0.0210557989711333,0.01719198786863187,0.0,3.782889911990014,0.0,0.0,0.0,1.2811131933371114,0.6
6.3500000000000005,0.020727260836189698,0.016923737604746046,0.0,3.782956760135177,0.0,0.0,0.0,1.2810989657883962,0.6
6.36,0.020402397169219322,0.016658487531397093,0.0,3.78302386813078,0.0,0.0,0.0,1.2810849753455242,0.6
6.37,0.020081214211522536,0.016396242744585413,0.0,3.783091081866553,0.0,0.0,0.0,1.2810712264031405,0.6
6.38,0.019763716007443977,0.016137006546504573,0.0,3.7831582575715346,0.0,0.0,0.0,1.2810577228201696,0.6
6.390000000000001,0.019449904572415022,0.01588078058274741,0.0,3.7832252614271793,0.0,0.0,0.0,1.2810444679391084,0.6
6.4,0.019139779961678594,0.015627564898419575,0.0,3.7832919691993543,0.0,0.0,0.0,1.2810314646040177,0.6
6.41,0.018833340339890592,0.015377357994968886,0.0,3.7833582658133187,0.0,0.0,0.0,1.281018715184297,0.6
6.42,0.018530582092834536,0.015130156921399945,0.0,3.7834240449964955,0.0,0.0,0.0,1.281006221606729,0.6
6.43,0.018231499929483252,0.014885957357607154,0.0,3.7834892088164813,0.0,0.0,0.0,1.2809939853552872,0.6
6.44,0.017936086852882838,0.014644753590601575,0.0,3.7835536674369776,0.0,0.0,0.0,1.2809820074998215,0.6
6.45,0.01764433432978274,0.014406538653013308,0.0,3.7836173386402416,0.0,0.0,0.0,1.280970288714545,0.6
6.46,0.017356232319131637,0.01417130434635828,0.0,3.783680147653633,0.0,0.0,0.0,1.2809588292996028,0.6
6.47,0.017071769415105464,0.013939041357820137,0.0,3.7837420264563004,0.0,0.0,0.0,1.2809476291962993,0.6
6.48,0.0167909327902509,0.013709739213827104,0.0,3.7838029136822247,0.0,0.0,0.0,1.2809366880079636,0.6
6.49,0.01651370835254662,0.013483386408291945,0.0,3.783862754440905,0.0,0.0,0.0,1.2809260050178062,0.6
6.5,0.016240080753121333,0.013259970408913739,0.0,3.7839214995616612,0.0,0.0,0.0,1.2809155792061768,0.6
6.51,0.015970033567181074,0.013039477804904363,0.0,3.7839791057376084,0.0,0.0,0.0,1.2809054092682748,0.6
6.5200000000000005,0.015703549172777054,0.012821894208002884,0.0,3.784035534904749,0.0,0.0,0.0,1.2808954936308181,0.6
6.53,0.015440608928254385,0.012607204397361824,0.0,3.7840907540615882,0.0,0.0,0.0,1.2808858304685735,0.6
6.54,0.01518119319754363,0.012395392340197627,0.0,3.784144735007499,0.0,0.0,0.0,1.2808764177204095,0.6
6.55,0.014925281398785017,0.012186441231492156,0.0,3.784197454001385,0.0,0.0,0.0,1.280867253104826,0.6
6.5600000000000005,0.01467285206468838,0.011980333543276387,0.0,3.784248891551284,0.0,0.0,0.0,1.2808583341350235,0.6
6.57,0.014423882879180061,0.011777051054552486,0.0,3.784299032202254,0.0,0.0,0.0,1.2808496581335922,0.6
6.58,0.014178350735810641,0.011576574898983496,0.0,3.784347864200545,0.0,0.0,0.0,1.2808412222467134,0.6
6.59,0.01393623178033998,0.01137888559966391,0.0,3.7843953791443763,0.0,0.0,0.0,1.2808330234575407,0.6
6.6000000000000005,0.013697501455109062,0.011183963105349103,0.0,3.7844415720513815,0.0,0.0,0.0,1.280825058599782,0.6
6.61,0.013462134542155058,0.010991786825658644,0.0,3.7844864410067642,0.0,0.0,0.0,1.2808173243702774,0.6
6.62,0.013230105204092402,0.010802335664455561,0.0,3.7845299868738853,0.0,0.0,0.0,1.2808098173412983,0.6
6.63,0.013001387027625322,0.010615588055374166,0.0,3.784572213091413,0.0,0.0,0.0,1.280802533972306,0.6
6.640000000000001,0.012775953053683953,0.010431521986426088,0.0,3.784613125586073,0.0,0.0,0.0,1.2807954706213405,0.6
6.65,0.012553775821855018,0.010250115036277777,0.0,3.784652732603864,0.0,0.0,0.0,1.280788623555877,0.6
6.66,0.01233482740286207,0.010071344400770503,0.0,3.784691044430434,0.0,0.0,0.0,1.2807819889633216,0.6
6.67,0.012119079435928715,0.00989518692342731,0.0,3.784728073227467,0.0,0.0,0.0,1.2807755629591973,0.6
6.68,0.011906503157375736,0.009721619118802463,0.0,3.784763832989125,0.0,0.0,0.0,1.2807693416034316,0.6
6.69,0.011697069438729502,0.009550617203596833,0.0,3.784798339171611,0.0,0.0,0.0,1.2807633208994402,0.6
6.7,0.011490748812098994,0.009382157117378158,0.0,3.784831608836182,0.0,0.0,0.0,1.2807574968094082,0.6
6.71,0.011287511501596459,0.009216214548235891,0.0,3.784863660289317,0.0,0.0,0.0,1.2807518652610512,0.6
6.72,0.011087327380571388,0.009052764897862898,0.0,3.7848945129813636,0.0,0.0,0.0,1.280746422155285,0.6
6.73,0.010890166283880509,0.008891783536522835,0.0,3.784924187587236,0.0,0.0,0.0,1.280741163373786,0.6
6.74,0.010695997604657892,0.008733245473814316,0.0,3.7849527055167034,0.0,0.0,0.0,1.280736084786064,0.6
6.75,0.010504790609196624,0.008577125615770727,0.0,3.7849800891544683,0.0,0.0,0.0,1.2807311822547767,0.6
6.76,0.010316514386576436,0.008423398723731356,0.0,3.7850063615600775,0.0,0.0,0.0,1.280726451647254,0.6
6.7700000000000005,0.01013113787332931,0.008272039434480776,0.0,3.785031546429872,0.0,0.0,0.0,1.2807218888336527,0.6
6.78,0.009948629875350834,0.008123022278139385,0.0,3.785055668003587,0.0,0.0,0.0,1.280717489697755,0.6
6.79,0.009768959092216534,0.007976321698017623,0.0,3.7850787509484913,0.0,0.0,0.0,1.280713250140942,0.6
6.8,0.009592094074994728,0.007831912016170294,0.0,3.7851008203138417,0.0,0.0,0.0,1.2807091660870316,0.6
6.8100000000000005,0.009418003479674919,0.007689767640319998,0.0,3.7851219013620017,0.0,0.0,0.0,1.2807052334869784,0.6
6.82,0.009246655740218435,0.007549862796904084,0.0,3.7851420196845553,0.0,0.0,0.0,1.2807014483232237,0.6
6.83,0.009078019317219077,0.007412171734105227,0.0,3.7851612010266136,0.0,0.0,0.0,1.2806978066135486,0.6
6.84,0.008912062658049003,0.007276668689310673,0.0,3.785179471166938,0.0,0.0,0.0,1.280694304413934,0.6
6.8500000000000005,0.008748754210132326,0.007143327899950092,0.0,3.7851968559189673,0.0,0.0,0.0,1.2806909378258422,0.6
6.86,0.008588062440679334,0.007012123619608498,0.0,3.785213381113187,0.0,0.0,0.0,1.2806877029927766,0.6
6.87,0.008429955850489668,0.006883030129296495,0.0,3.785229072404452,0.0,0.0,0.0,1.2806845961101714,0.6
6.88,0.008274402989386198,0.006756021750051986,0.0,3.7852439554003237,0.0,0.0,0.0,1.2806816134224666,0.6
6.890000000000001,0.008121372421681317,0.006631072814743521,0.0,3.7852580555203317,0.0,0.0,0.0,1.2806787512286302,0.6
6.9,0.007970832928196225,0.006508157833018353,0.0,3.7852713980055896,0.0,0.0,0.0,1.280676005883609,0.6
6.91,0.007822753198949428,0.00638725124038364,0.0,3.7852840077547656,0.0,0.0,0.0,1.2806733738002458,0.6
6.92,0.0076771021854999955,0.00626832768589352,0.0,3.785295909491836,0.0,0.0,0.0,1.280670851451125,0.6
6.93,0.007533848836930757,0.006151361816580288,0.0,3.785307127583348,0.0,0.0,0.0,1.2806684353700313,0.6
6.94,0.007392962262757763,0.0060363284104694185,0.0,3.785317686070379,0.0,0.0,0.0,1.2806661221531368,0.6
6.95,0.007254411705514885,0.005923202354194977,0.0,3.7853276086249634,0.0,0.0,0.0,1.2806639084618934,0.6
6.96,0.007118166550684535,0.005811958651108028,0.0,3.7853369185096786,0.0,0.0,0.0,1.280661791020731,0.6
6.97,0.006984196336057513,0.005702572428918911,0.0,3.785345638715817,0.0,0.0,0.0,1.2806597666218151,0.6
6.98,0.006852470756382623,0.00559501894349364,0.0,3.785353791616425,0.0,0.0,0.0,1.2806578321222635,0.6
6.99,0.006722959657734728,0.005489273574255441,0.0,3.785361399316007,0.0,0.0,0.0,1.2806559844473382,0.6
7.0,0.006595633142689072,0.00538531191005922,0.0,3.78536848335652,0.0,0.0,0.0,1.2806542205889124,0.6
7.01,0.00647046138353069,0.005283109596677692,0.0,3.7853750649203906,0.0,0.0,0.0,1.2806525376080966,0.6
7.0200000000000005,0.006347414862298839,0.005182642532796835,0.0,3.7853811646024424,0.0,0.0,0.0,1.2806509326328341,0.6
7.03,0.006226464159925005,0.005083886697847792,0.0,3.7853868026175497,0.0,0.0,0.0,1.280649402859578,0.6
7.04,0.006107580129659507,0.0049868182936091045,0.0,3.7853919986140507,0.0,0.0,0.0,1.2806479455525295,0.6
7.05,0.005990733772048618,0.0048914136421259555,0.0,3.785396771844359,0.0,0.0,0.0,1.2806465580448037,0.6
7.0600000000000005,0.0058758963952230125,0.00479764931658514,0.0,3.785401140953749,0.0,0.0,0.0,1.2806452377359077,0.6
7.07,0.005763039451035512,0.004705502007522094,0.0,3.7854051242173963,0.0,0.0,0.0,1.280643982093931,0.6
7.08,0.005652134644656748,0.004614948612305382,0.0,3.7854087392824503,0.0,0.0,0.0,1.280642788652705,0.6
7.09,0.005543153888932784,0.004525966197869846,0.0,3.7854120034199275,0.0,0.0,0.0,1.280641655013629,0.6
7.1000000000000005,0.005436069404411548,0.0044385320823878485,0.0,3.7854149332860034,0.0,0.0,0.0,1.2806405788431428,0.6
7.11,0.005330853555952864,0.0043526237018619235,0.0,3.7854175451125864,0.0,0.0,0.0,1.2806395578732164,0.6
7.12,0.005227479045140093,0.00426821876722822,0.0,3.7854198546280458,0.0,0.0,0.0,1.2806385899003585,0.6
7.13,0.005125918728986711,0.004185295116331045,0.0,3.785421877063317,0.0,0.0,0.0,1.2806376727848556,0.6
7.140000000000001,0.005026145804176929,0.004103830864354699,0.0,3.78542362717078,0.0,0.0,0.0,1.2806368044499967,0.6
7.15,0.004928133653261613,0.004023804278242971,0.0,3.7854251192346013,0.0,0.0,0.0,1.2806359828811948,0.6
7.16,0.004831855936454854,0.003945193851650724,0.0,3.785426367020624,0.0,0.0,0.0,1.2806352061251134,0.6
7.17,0.004737286571745658,0.0038679782887051585,0.0,3.7854273838802164,0.0,0.0,0.0,1.2806344722887069,0.6
7.18,0.004644399736738469,0.003792136505508591,0.0,3.7854281826507,0.0,0.0,0.0,1.28063377953825,0.6
7.19,0.00455316987067067,0.003717647631785739,0.0,3.785428775740969,0.0,0.0,0.0,1.2806331260983537,0.6
7.2,0.004463571676120326,0.0036444910122780854,0.0,3.785429175108333,0.0,0.0,0.0,1.2806325102509373,0.6
7.21,0.004375580120462574,0.0035726462079330194,0.0,3.7854293922636666,0.0,0.0,0.0,1.2806319303341496,0.6
7.22,0.004289170437140389,0.003502092996941408,0.0,3.7854294383241993,0.0,0.0,0.0,1.2806313847376125,0.6
7.23,0.004204318126751927,0.00343281137562541,0.0,3.785429323925817,0.0,0.0,0.0,1.2806308719105965,0.6
7.24,0.004120998957943378,0.00336478155916749,0.0,3.7854290593182696,0.0,0.0,0.0,1.2806303903554834,0.6
7.25,0.004039188968133489,0.0032979839822019834,0.0,3.785428654363298,0.0,0.0,0.0,1.280629938624502,0.6
7.26,0.003958864464076894,0.003232399299275059,0.0,3.7854281185003025,0.0,0.0,0.0,1.2806295153205018,0.6
7.2700000000000005,0.003880002022252249,0.0031680083851616243,0.0,3.7854274608067504,0.0,0.0,0.0,1.2806291190962542,0.6
7.28,0.003802578489098929,0.003104792335058594,0.0,3.785426689902231,0.0,0.0,0.0,1.2806287486524799,0.6
7.29,0.00372657098111695,0.0030427324646664713,0.0,3.785425814187241,0.0,0.0,0.0,1.2806284027376256,0.6
7.3,0.0036519568848130124,0.002981810310145294,0.0,3.785424841534966,0.0,0.0,0.0,1.280628080145906,0.6
7.3100000000000005,0.0035787138397316287,0.002922007614259609,0.0,3.7854237796324712,0.0,0.0,0.0,1.2806277797168786,0.6
7.32,0.003506819805459305,0.002863306381087156,0.0,3.7854226356714493,0.0,0.0,0.0,1.2806275003336245,0.6
7.33,0.0034362529435181255,0.002805688779585384,0.0,3.7854214166540423,0.0,0.0,0.0,1.2806272409222812,0.6
7.34,0.00336699175013977,0.0027491372520009826,0.0,3.7854201291341476,0.0,0.0,0.0,1.2806270004502822,0.6
7.3500000000000005,0.0032990149242859705,0.002693634406109036,0.0,3.7854187794636047,0.0,0.0,0.0,1.280626777925626,0.6
7.36,0.003232301496411294,0.002639163120347394,0.0,3.7854173736333996,0.0,0.0,0.0,1.2806265723956765,0.6
7.37,0.003166830699244949,0.002585706438310461,0.0,3.7854159173055772,0.0,0.0,0.0,1.2806263829459943,0.6
7.38,0.0031025820941190667,0.002533247671895802,0.0,3.78541441594742,0.0,0.0,0.0,1.2806262086992437,0.6
7.390000000000001,0.003039535459161025,0.002481770310013563,0.0,3.7854128747075073,0.0,0.0,0.0,1.2806260488141639,0.6
7.4,0.002977670851395109,0.0024312580692922576,0.0,3.7854112985232193,0.0,0.0,0.0,1.2806259024846423,0.6
7.41,0.002916968589760094,0.002381694880212687,0.0,3.7854096919252673,0.0,0.0,0.0,1.2806257689382492,0.6
7.42,0.002857409253470111,0.002333064885769592,0.0,3.7854080593925774,0.0,0.0,0.0,1.2806256474356734,0.6
7.43,0.0027989736807501053,0.0022853524404391535,0.0,3.7854064049706073,0.0,0.0,0.0,1.2806255372692896,0.6
7.44,0.0027416429530611186,0.0022385420972989975,0.0,3.7854047326891513,0.0,0.0,0.0,1.2806254377624264,0.6
7.45,0.002685398451577781,0.0021926186541418678,0.0,3.78540304612125,0.0,0.0,0.0,1.2806253482682592,0.6
7.46,0.002630221751642736,0.0021475670672980287,0.0,3.7854013488706046,0.0,0.0,0.0,1.2806252681689039,0.6
7.47,0.0025760947444419813,0.002103372550982762,0.0,3.785399644134875,0.0,0.0,0.0,1.2806251968743696,0.6
7.48,0.0025229995179907316,0.0020600204801217332,0.0,3.7853979349911744,0.0,0.0,0.0,1.2806251338217018,0.6
7.49,0.002470918444938741,0.002017496462043736,0.0,3.7853962243657184,0.0,0.0,0.0,1.2806250784740179,0.6
7.5,0.002419834112295627,0.0019757862791016582,0.0,3.7853945149245583,0.0,0.0,0.0,1.2806250303196012,0.6
7.51,0.002369729400087728,0.001934875952895541,0.0,3.7853928092205256,0.0,0.0,0.0,1.2806249888710202,0.6
7.5200000000000005,0.0023205873909595276,0.0018947516704624467,0.0,3.785391109609096,0.0,0.0,0.0,1.2806249536643557,0.6
7.53,0.002272391421983544,0.0018553998265790571,0.0,3.785389418277533,0.0,0.0,0.0,1.280624924258224,0.6
7.54,0.002225125061807942,0.0018168070051027797,0.0,3.7853877372981644,0.0,0.0,0.0,1.2806249002330568,0.6
7.55,0.0021787721505321933,0.0017789600115300846,0.0,3.7853860685434055,0.0,0.0,0.0,1.2806248811902716,0.6
7.5600000000000005,0.002133316726143919,0.0017418458129324398,0.0,3.785384413696352,0.0,0.0,0.0,1.2806248667515165,0.6
7.57,0.002088743074080579,0.0017054515784232609,0.0,3.785382774483172,0.0,0.0,0.0,1.2806248565577272,0.6
7.58,0.0020450357111680972,0.001669764666043852,0.0,3.7853811523962624,0.0,0.0,0.0,1.2806248502685926,0.6
7.59,0.0020021793835101054,0.0016347726210399834,0.0,3.7853795487931072,0.0,0.0,0.0,1.2806248475617785,0.6
7.6000000000000005,0.0019601590644100497,0.001600463174165296,0.0,3.785377964937844,0.0,0.0,0.0,1.2806248481322071,0.6
7.61,0.0019189599521729495,0.0015668242398864459,0.0,3.7853764019411646,0.0,0.0,0.0,1.2806248516913585,0.6
7.62,0.0018785674679524522,0.0015338439146252328,0.0,3.7853748608877473,0.0,0.0,0.0,1.2806248579665929,0.6
7.63,0.0018389672534480095,0.0015015104748783508,0.0,3.7853733427086516,0.0,0.0,0.0,1.2806248667005318,0.6
7.640000000000001,0.0018001451686999737,0.001469812375417093,0.0,3.7853718482138246,0.0,0.0,0.0,1.2806248776503881,0.6
7.65,0.0017620872898322926,0.0014387382474442699,0.0,3.785370378196528,0.0,0.0,0.0,1.2806248905875017,0.6
7.66,0.0017247799067865444,0.0014082768967440555,0.0,3.785368933289896,0.0,0.0,0.0,1.280624905296566,0.6
7.67,0.0016882095210184467,0.0013784173018011956,0.0,3.785367514111636,0.0,0.0,0.0,1.2806249215751222,0.6
7.68,0.0016523628432234538,0.0013491486119439663,0.0,3.785366121137212,0.0,0.0,0.0,1.280624939232982,0.6
7.69,0.001617226791052806,0.0013204601454793342,0.0,3.7853647548301597,0.0,0.0,0.0,1.280624958091783,0.6
7.7,0.0015827884867973818,0.0012923413878018315,0.0,3.785363415516677,0.0,0.0,0.0,1.2806249779842729,0.6
7.71,0.0015490352550957542,0.0012647819895221912,0.0,3.7853621035062335,0.0,0.0,0.0,1.280624998753973,0.6
7.72,0.0015159546100513843,0.0012377717559485795,0.0,3.7853608190310104,0.0,0.0,0.0,1.2806250202546077,0.6
7.73,0.0014835342951382557,0.00121130067966941,0.0,3.7853595622733054,0.0,0.0,0.0,1.2806250423498304,0.6
7.74,0.0014517622073586534,0.001185358878628429,0.0,3.7853583333432654,0.0,0.0,0.0,1.2806250649124922,0.6
7.75,0.0014206264783127587,0.0011599366623177637,0.0,3.785357132352034,0.0,0.0,0.0,1.2806250878243326,0.6
7.76,0.0013901153992632587,0.0011350244705934313,0.0,3.7853559593181854,0.0,0.0,0.0,1.2806251109755757,0.6
7.7700000000000005,0.0013602174603017936,0.0011106129056546094,0.0,3.7853548142305917,0.0,0.0,0.0,1.2806251342644297,0.6
7.78,0.0013309213279970589,0.0010866927137933872,0.0,3.7853536969594357,0.0,0.0,0.0,1.2806251575967829,0.6
7.79,0.0013022158823994268,0.0010632548156089138,0.0,3.785352607460127,0.0,0.0,0.0,1.2806251808855347,0.6
7.8,0.0012740901553758288,0.0010402902556580394,0.0,3.7853515456461015,0.0,0.0,0.0,1.2806252040506847,0.6
7.8100000000000005,0.0012465333680684587,0.0010177902330402193,0.0,3.7853505112360795,0.0,0.0,0.0,1.280625227018847,0.6
7.82,0.0012195349186401305,0.000995746091391639,0.0,3.7853495040988343,0.0,0.0,0.0,1.2806252497227317,0.6
7.83,0.001193084380090248,0.0009741493171019631,0.0,3.7853485239811984,0.0,0.0,0.0,1.2806252721009896,0.6
7.84,0.001167171497728825,0.0009529915372518788,0.0,3.785347570645209,0.0,0.0,0.0,1.2806252940978429,0.6
7.8500000000000005,0.0011417861873463944,0.000932264518118835,0.0,3.7853466437817733,0.0,0.0,0.0,1.2806253156626606,0.6
7.86,0.0011169185326553865,0.0009119601630879358,0.0,3.7853457431218014,0.0,0.0,0.0,1.280625336749852,0.6
7.87,0.0010925587831469574,0.0008920705109020476,0.0,3.7853448683150064,0.0,0.0,0.0,1.2806253573160438,0.6
7.88,0.0010686973519213885,0.0008725877338903285,0.0,3.785344019036937,0.0,0.0,0.0,1.2806253773263194,0.6
7.890000000000001,0.0010453248134165707,0.0008535041361135431,0.0,3.785343194900388,0.0,0.0,0.0,1.28062539674934,0.6
7.9,0.0010224319010574412,0.0008348121514448358,0.0,3.7853423955691037,0.0,0.0,0.0,1.2806254155567451,0.6
7.91,0.001000009505750077,0.0008165043423401632,0.0,3.785341620626912,0.0,0.0,0.0,1.2806254337238703,0.6
7.92,0.0009780486729893403,0.000798573397476696,0.0,3.785340869676193,0.0,0.0,0.0,1.280625451229502,0.6
7.930000000000001,0.0009565406009801604,0.0007810121302188533,0.0,3.785340142320901,0.0,0.0,0.0,1.2806254680556524,0.6
7.94,0.0009354766385090142,0.0007638134768803724,0.0,3.785339438158228,0.0,0.0,0.0,1.280625484187444,0.6
7.95,0.0009148482828087446,0.0007469704949809413,0.0,3.7853387567136005,0.0,0.0,0.0,1.2806254996128505,0.6
7.96,0.0008946471774684551,0.0007304763615396341,0.0,3.7853380975769038,0.0,0.0,0.0,1.2806255143224108,0.6
7.97,0.0008748651103618333,0.0007143243713833946,0.0,3.7853374603025673,0.0,0.0,0.0,1.2806255283092312,0.6
7.98,0.0008554940115783617,0.0006985079354578768,0.0,3.785336844431726,0.0,0.0,0.0,1.280625541568703,0.6
7.99,0.0008365259513576363,0.0006830205791408233,0.0,3.785336249523844,0.0,0.0,0.0,1.28062555409837,0.6
8.0,0.0008179531380707595,0.0006678559405938793,0.0,3.7853356751466603,0.0,0.0,0.0,1.2806255658977823,0.6
8.01,0.000799767916184413,0.0006530077691002654,0.0,3.7853351208219617,0.0,0.0,0.0,1.28062557696835,0.6
8.02,0.0007819627643006478,0.0006384699234642723,0.0,3.785334586094335,0.0,0.0,0.0,1.2806255873131638,0.6
8.03,0.0007645302931633682,0.0006242363703835622,0.0,3.785334070518137,0.0,0.0,0.0,1.2806255969369156,0.6
8.040000000000001,0.0007474632436814678,0.0006103011828350661,0.0,3.7853335736352314,0.0,0.0,0.0,1.2806256058457386,0.6
8.05,0.0007307544850170268,0.0005966585385140036,0.0,3.7853330949821613,0.0,0.0,0.0,1.2806256140470718,0.6
8.06,0.0007143970126377576,0.0005833027182437106,0.0,3.7853326341284173,0.0,0.0,0.0,1.2806256215496103,0.6
8.07,0.0006983839464522746,0.0005702281044530944,0.0,3.7853321905875865,0.0,0.0,0.0,1.2806256283631257,0.6
8.08,0.0006827085288680924,0.0005574291795909952,0.0,3.785331763947993,0.0,0.0,0.0,1.2806256344983975,0.6
8.09,0.0006673641160002132,0.0005449005189480284,0.0,3.7853313537801365,0.0,0.0,0.0,1.2806256399671292,0.6
8.1,0.0006523442037036365,0.0005326368119120393,0.0,3.7853309596137734,0.0,0.0,0.0,1.2806256447818936,0.6
8.11,0.0006376423771998764,0.0005206328208383265,0.0,3.785330580972415,0.0,0.0,0.0,1.2806256489559034,0.6
8.120000000000001,0.0006232523638129984,0.0005088834241084364,0.0,3.7853302174974743,0.0,0.0,0.0,1.280625652502985,0.6
8.13,0.0006091679846276233,0.000497383576659088,0.0,3.7853298687705927,0.0,0.0,0.0,1.2806256554376676,0.6
8.14,0.0005953831786975617,0.00048612832974844047,0.0,3.785329534329711,0.0,0.0,0.0,1.280625657774935,0.6
8.15,0.0005818919948985536,0.00047511282430388283,0.0,3.785329213751639,0.0,0.0,0.0,1.2806256595301988,0.6
8.16,0.0005686885903812834,0.000464332289658926,0.0,3.7853289066343017,0.0,0.0,0.0,1.2806256607191855,0.6
8.17,0.0005557672289000505,0.0004537820421885681,0.0,3.785328612598749,0.0,0.0,0.0,1.2806256613579599,0.6
8.18,0.0005431222785652335,0.00044345748347418914,0.0,3.7853283312502795,0.0,0.0,0.0,1.280625661462875,0.6
8.19,0.0005307482109140339,0.0004333540995448163,0.0,3.785328062136674,0.0,0.0,0.0,1.2806256610504825,0.6
8.2,0.0005186395988812099,0.00042346745922023515,0.0,3.7853278049591528,0.0,0.0,0.0,1.280625660137354,0.6
8.21,0.000506791115186367,0.00041379321279421804,0.0,3.785327559295974,0.0,0.0,0.0,1.2806256587403169,0.6
8.22,0.0004951975307454504,0.0004043270907375127,0.0,3.7853273247593267,0.0,0.0,0.0,1.2806256568761756,0.6
8.23,0.00048385371307713154,0.00039506490239666286,0.0,3.7853271010289604,0.0,0.0,0.0,1.2806256545617416,0.6
8.24,0.0004727546247451642,0.00038600253472219673,0.0,3.7853268877642208,0.0,0.0,0.0,1.2806256518139287,0.6
8.25,0.00046189532182738807,0.000377135951018574,0.0,3.785326684611028,0.0,0.0,0.0,1.280625648649601,0.6
8.26,0.00045127095223818087,0.0003684611895744738,0.0,3.7853264911001157,0.0,0.0,0.0,1.2806256450853384,0.6
8.27,0.00044087674881221345,0.00035997435801570415,0.0,3.7853263070381002,0.0,0.0,0.0,1.2806256411377988,0.6
8.28,0.0004307080507206518,0.0003516716507914578,0.0,3.785326132074646,0.0,0.0,0.0,1.2806256368235802,0.6
8.290000000000001,0.0004207602610499795,0.0003435493145375657,0.0,3.7853259659177145,0.0,0.0,0.0,1.2806256321588334,0.6
8.3,0.00041102889247879304,0.0003356036853714444,0.0,3.7853258081979617,0.0,0.0,0.0,1.280625627159718,0.6
8.31,0.00040150960345952674,0.0003278312184343507,0.0,3.785325658580955,0.0,0.0,0.0,1.2806256218420362,0.6
8.32,0.0003921979836745138,0.0003202283127169886,0.0,3.7853255168825357,0.0,0.0,0.0,1.2806256162214213,0.6
8.33,0.0003830897002774503,0.0003127914304651655,0.0,3.785325382725761,0.0,0.0,0.0,1.2806256103133362,0.6
8.34,0.00037418066724326243,0.00030551723545337896,0.0,3.7853252558912933,0.0,0.0,0.0,1.2806256041329485,0.6
8.35,0.0003654667946360046,0.00029840238826291316,0.0,3.785325136091732,0.0,0.0,0.0,1.2806255976951433,0.6
8.36,0.0003569440704958016,0.0002914436131422472,0.0,3.7853250231484212,0.0,0.0,0.0,1.280625591014541,0.6
8.370000000000001,0.0003486085586055232,0.00028463769618355245,0.0,3.7853249166617102,0.0,0.0,0.0,1.280625584105384,0.6
8.38,0.0003404563998474775,0.00027798148643042817,0.0,3.7853248164175453,0.0,0.0,0.0,1.2806255769816617,0.6
8.39,0.00033248380513351,0.0002714718901053512,0.0,3.785324722171198,0.0,0.0,0.0,1.2806255696570745,0.6
8.4,0.00032468706160027066,0.00026510587566809095,0.0,3.7853246336932513,0.0,0.0,0.0,1.2806255621449474,0.6
8.41,0.00031706252434582366,0.00025888046706867894,0.0,3.7853245507560236,0.0,0.0,0.0,1.2806255544583602,0.6
8.42,0.00030960662113033177,0.00025279274758550175,0.0,3.7853244731222535,0.0,0.0,0.0,1.2806255466099368,0.6
8.43,0.00030231584757012275,0.0002468398559012728,0.0,3.78532440057711,0.0,0.0,0.0,1.2806255386120409,0.6
8.44,0.000295186766969824,0.0002410189859659707,0.0,3.7853243329280075,0.0,0.0,0.0,1.2806255304767566,0.6
8.45,0.0002882160091162158,0.00023532738601202453,0.0,3.785324269954653,0.0,0.0,0.0,1.2806255222157688,0.6
8.46,0.00028140026907963494,0.000229762357575664,0.0,3.7853242114471652,0.0,0.0,0.0,1.2806255138404186,0.6
8.47,0.0002747363060897626,0.00022432125457900437,0.0,3.7853241572458214,0.0,0.0,0.0,1.2806255053616673,0.6
8.48,0.00026822094241052457,0.00021900148241140582,0.0,3.785324107162239,0.0,0.0,0.0,1.2806254967902326,0.6
8.49,0.0002618510622345309,0.00021380049702678767,0.0,3.785324060974981,0.0,0.0,0.0,1.2806254881364199,0.6
8.5,0.0002556236110466964,0.0002087158044240265,0.0,3.7853240185463863,0.0,0.0,0.0,1.2806254794101661,0.6
8.51,0.00024953559319440603,0.00020374495866300448,0.0,3.785323979615164,0.0,0.0,0.0,1.280625470621188,0.6
8.52,0.00024358407199809377,0.00019888556195489662,0.0,3.7853239441189346,0.0,0.0,0.0,1.2806254617771875,0.6
8.53,0.00023776616927562245,0.00019413526427382866,0.0,3.7853239118430815,0.0,0.0,0.0,1.2806254528885808,0.6
8.540000000000001,0.000232079061757152,0.00018949176042962917,0.0,3.785323882707031,0.0,0.0,0.0,1.2806254439642395,0.6
8.55,0.0002265199821351881,0.00018495279092519066,0.0,3.785323856512537,0.0,0.0,0.0,1.2806254350125612,0.6
8.56,0.0002210862200120467,0.00018051614273007112,0.0,3.7853238331128374,0.0,0.0,0.0,1.2806254260414616,0.6
8.57,0.00021577511491055592,0.0001761796435737561,0.0,3.7853238124066766,0.0,0.0,0.0,1.2806254170587121,0.6
8.58,0.00021058406314988922,0.00017194116755975288,0.0,3.78532379413156,0.0,0.0,0.0,1.28062540807155,0.6
8.59,0.00020551050810224832,0.0001677986272102055,0.0,3.7853237782443356,0.0,0.0,0.0,1.2806253990869443,0.6
8.6,0.00020055195144741574,0.00016374998265519827,0.0,3.7853237646807476,0.0,0.0,0.0,1.2806253901117248,0.6
8.61,0.00019570592951012776,0.00015979322231230187,0.0,3.7853237533363004,0.0,0.0,0.0,1.280625381152384,0.6
8.620000000000001,0.0001909700500433173,0.0001559263929199653,0.0,3.785323744060031,0.0,0.0,0.0,1.2806253722151983,0.6
8.63,0.00018634194419609107,0.0001521475603195335,0.0,3.785323736670346,0.0,0.0,0.0,1.2806253633060654,0.6
8.64,0.00018181931101524335,0.00014845484579058103,0.0,3.7853237310655974,0.0,0.0,0.0,1.2806253544304507,0.6
8.65,0.00017739988506426907,0.00014484639961194725,0.0,3.785323727262872,0.0,0.0,0.0,1.2806253455936885,0.6
8.66,0.00017308149356254614,0.00014132044771568314,0.0,3.7853237250648664,0.0,0.0,0.0,1.2806253368009555,0.6
8.67,0.00016886187531684195,0.00013787514384524542,0.0,3.7853237244351914,0.0,0.0,0.0,1.2806253280570756,0.6
8.68,0.00016473893826929615,0.00013450877984254404,0.0,3.7853237252696084,0.0,0.0,0.0,1.2806253193666624,0.6
8.69,0.00016071060466927063,0.0001312196592312869,0.0,3.785323727428563,0.0,0.0,0.0,1.280625310733976,0.6
8.700000000000001,0.00015677482811305213,0.000128006111129839,0.0,3.7853237308520744,0.0,0.0,0.0,1.2806253021630174,0.6
8.71,0.00015292960350144294,0.00012486649838156096,0.0,3.7853237355021885,0.0,0.0,0.0,1.2806252936576177,0.6
8.72,0.0001491729693630133,0.00012179921945173679,0.0,3.7853237412582335,0.0,0.0,0.0,1.2806252852215128,0.6
8.73,0.0001455030034551759,0.00011880270483586623,0.0,3.7853237480427238,0.0,0.0,0.0,1.2806252768580157,0.6
8.74,0.000141917822426456,0.00011587541678390947,0.0,3.7853237558094617,0.0,0.0,0.0,1.280625268570358,0.6
8.75,0.00013841558129246603,0.00011301584887242224,0.0,3.785323764479453,0.0,0.0,0.0,1.2806252603616535,0.6
8.76,0.00013499447281262666,0.00011022252549565054,0.0,3.785323773978875,0.0,0.0,0.0,1.2806252522344581,0.6
8.77,0.00013165272652360636,0.00010749400107633754,0.0,3.7853237843034555,0.0,0.0,0.0,1.2806252441913388,0.6
8.78,0.00012838860820952311,0.00010482885963314499,0.0,3.7853237953206667,0.0,0.0,0.0,1.2806252362347452,0.6
8.790000000000001,0.0001252004192458026,0.0001022257142449157,0.0,3.7853238070678974,0.0,0.0,0.0,1.2806252283669863,0.6
8.8,0.00012208649628054418,9.968320679050986e-5,0.0,3.785323819463232,0.0,0.0,0.0,1.2806252205899948,0.6
8.81,0.00011904520894546295,9.720000607979725e-5,0.0,3.78532383234739,0.0,0.0,0.0,1.280625212905444,0.6
8.82,0.00011607496172661584,9.477480938109849e-5,0.0,3.785323845797157,0.0,0.0,0.0,1.280625205315176,0.6
8.83,0.00011317419149859588,9.240634040786326e-5,0.0,3.7853238596450587,0.0,0.0,0.0,1.2806251978208827,0.6
8.84,0.00011034136720656464,9.009334905905074e-5,0.0,3.7853238738455937,0.0,0.0,0.0,1.280625190423799,0.6
8.85,0.00010757499104131216,8.783461237856214e-5,0.0,3.785323888541095,0.0,0.0,0.0,1.280625183125183,0.6
8.86,0.00010487359305178861,8.562893015639113e-5,0.0,3.7853239035125177,0.0,0.0,0.0,1.280625175926231,0.6
8.870000000000001,0.00010223573671953423,8.347512948012688e-5,0.0,3.7853239188088175,0.0,0.0,0.0,1.2806251688277868,0.6
8.88,9.966001407547437e-5,8.137206074783387e-5,0.0,3.785323934460998,0.0,0.0,0.0,1.2806251618308984,0.6
8.89,9.71450476081708e-5,7.931859922613262e-5,0.0,3.785323950349078,0.0,0.0,0.0,1.2806251549361447,0.6
8.9,9.468948671532686e-5,7.731364215286571e-5,0.0,3.785323966347833,0.0,0.0,0.0,1.280625148143891,0.6
8.91,9.229201022510393e-5,7.535611079574408e-5,0.0,3.7853239826172342,0.0,0.0,0.0,1.2806251414546428,0.6
8.92,8.995132439216892e-5,7.34449488161267e-5,0.0,3.7853239990178658,0.0,0.0,0.0,1.2806251348688722,0.6
8.93,8.766616248358106e-5,7.157912193089842e-5,0.0,3.785324015512887,0.0,0.0,0.0,1.2806251283868622,0.6
8.94,8.543529387129646e-5,6.975762533646907e-5,0.0,3.7853240321551747,0.0,0.0,0.0,1.2806251220086518,0.6
8.950000000000001,8.325748624528336e-5,6.797945285591104e-5,0.0,3.785324048859318,0.0,0.0,0.0,1.2806251157343298,0.6
8.96,8.113155911539159e-5,6.624364062305292e-5,0.0,3.785324065574266,0.0,0.0,0.0,1.2806251095637033,0.6
8.97,7.905634976103473e-5,6.454923928051131e-5,0.0,3.7853240823271763,0.0,0.0,0.0,1.280625103496746,0.6
8.98,7.703071907251735e-5,6.28953187491146e-5,0.0,3.7853240991112553,0.0,0.0,0.0,1.2806250975332911,0.6
8.99,7.505355221339411e-5,6.128096876871685e-5,0.0,3.7853241158735282,0.0,0.0,0.0,1.2806250916730968,0.6
9.0,7.312375818481818e-5,5.970529854248986e-5,0.0,3.785324132626966,0.0,0.0,0.0,1.2806250859145483,0.6
9.01,7.124027697093675e-5,5.816744257111407e-5,0.0,3.7853241493040515,0.0,0.0,0.0,1.2806250802583614,0.6
9.02,6.940204622354041e-5,5.666653345090875e-5,0.0,3.7853241659174177,0.0,0.0,0.0,1.2806250747041705,0.6
9.03,6.760805049423712e-5,5.520174207173367e-5,0.0,3.7853241825231256,0.0,0.0,0.0,1.2806250692515444,0.6
9.040000000000001,6.585728951160564e-5,5.3772251715393395e-5,0.0,3.7853241989124466,0.0,0.0,0.0,1.2806250638998629,0.6
9.05,6.414879033214253e-5,5.237726797684394e-5,0.0,3.7853242152009816,0.0,0.0,0.0,1.2806250586482353,0.6
9.06,6.248157764912344e-5,5.101599452147952e-5,0.0,3.7853242313890765,0.0,0.0,0.0,1.2806250534959653,0.6
9.07,6.085472042752158e-5,4.968767116238402e-5,0.0,3.785324247454396,0.0,0.0,0.0,1.2806250484423487,0.6
9.08,5.9267300651451435e-5,4.839154834272569e-5,0.0,3.785324263392089,0.0,0.0,0.0,1.2806250434865944,0.6
9.09,5.771841825844406e-5,4.7126891164576015e-5,0.0,3.785324279195569,0.0,0.0,0.0,1.280625038627847,0.6
9.1,5.620719508251491e-5,4.589298260841112e-5,0.0,3.785324294851785,0.0,0.0,0.0,1.2806250338652323,0.6
9.11,5.473276985483008e-5,4.4689119451172876e-5,0.0,3.7853243105461893,0.0,0.0,0.0,1.2806250291979893,0.6
9.120000000000001,5.329430021387567e-5,4.351461390756526e-5,0.0,3.785324325832884,0.0,0.0,0.0,1.2806250246257116,0.6
9.13,5.1890962275579694e-5,4.236879327906043e-5,0.0,3.785324340888988,0.0,0.0,0.0,1.2806250201460152,0.6
9.14,5.052194960191456e-5,4.1250999111766125e-5,0.0,3.785324355699096,0.0,0.0,0.0,1.2806250157583656,0.6
9.15,4.918647375045795e-5,4.016058764514026e-5,0.0,3.785324370217306,0.0,0.0,0.0,1.2806250114615794,0.6
9.16,4.7883761795264486e-5,3.9096927787791126e-5,0.0,3.7853243847918217,0.0,0.0,0.0,1.280625007254507,0.6
9.17,4.661350017693328e-5,3.8059763519539974e-5,0.0,3.785324399178455,0.0,0.0,0.0,1.280625003136482,0.6
9.18,4.5374078864023e-5,3.7047780255219775e-5,0.0,3.785324413070069,0.0,0.0,0.0,1.2806249991062426,0.6
9.19,4.416519585122406e-5,3.6060731408527836e-5,0.0,3.785324426983204,0.0,0.0,0.0,1.2806249951621882,0.6
9.200000000000001,4.2986153328949e-5,3.509804722032185e-5,0.0,3.785324440524414,0.0,0.0,0.0,1.280624991303474,0.6
9.21,4.1836260254640725e-5,3.415916345671667e-5,0.0,3.7853244540863393,0.0,0.0,0.0,1.2806249875287687,0.6
9.22,4.071484061238996e-5,3.3243528153033725e-5,0.0,3.7853244673179507,0.0,0.0,0.0,1.2806249838372696,0.6
9.23,3.9621232654428484e-5,3.2350600994482825e-5,0.0,3.7853244803936814,0.0,0.0,0.0,1.2806249802276397,0.6
9.24,3.855478952352191e-5,3.147985382434375e-5,0.0,3.785324493189488,0.0,0.0,0.0,1.2806249766986073,0.6
9.25,3.751487812342783e-5,3.063076972169917e-5,0.0,3.785324505748148,0.0,0.0,0.0,1.2806249732488775,0.6
9.26,3.650087935337614e-5,2.9802843192887044e-5,0.0,3.785324517943302,0.0,0.0,0.0,1.2806249698772427,0.6
9.27,3.551218776634087e-5,2.8995579892480737e-5,0.0,3.7853245301036527,0.0,0.0,0.0,1.2806249665823126,0.6
9.28,3.454821131302424e-5,2.8208496414252876e-5,0.0,3.78532454184443,0.0,0.0,0.0,1.2806249633629956,0.6
9.290000000000001,3.3608371212625235e-5,2.7441120185658318e-5,0.0,3.7853245536201814,0.0,0.0,0.0,1.2806249602180841,0.6
9.3,3.269210059970033e-5,2.669298836300058e-5,0.0,3.785324565106197,0.0,0.0,0.0,1.2806249571465593,0.6
9.31,3.179884609246415e-5,2.5963649111943963e-5,0.0,3.785324576303791,0.0,0.0,0.0,1.2806249541469577,0.6
9.32,3.092806538182905e-5,2.5252659638972586e-5,0.0,3.7853245872760204,0.0,0.0,0.0,1.2806249512179257,0.6
9.33,3.0079229803126626e-5,2.4559588291192246e-5,0.0,3.7853245984651434,0.0,0.0,0.0,1.2806249483586003,0.6
9.34,2.9251821257905826e-5,2.388401204298908e-5,0.0,3.7853246083935073,0.0,0.0,0.0,1.2806249455677776,0.6
9.35,2.844533355063714e-5,2.322551758744396e-5,0.0,3.7853246189912433,0.0,0.0,0.0,1.280624942843975,0.6
9.36,2.765927173124098e-5,2.2583700799509166e-5,0.0,3.7853246292515337,0.0,0.0,0.0,1.2806249401865055,0.6
9.370000000000001,2.689315184017857e-5,2.1958166527875987e-5,0.0,3.785324640969962,0.0,0.0,0.0,1.2806249375948455,0.6
9.38,2.6146500907119572e-5,2.1348528593886818e-5,0.0,3.7853246506704727,0.0,0.0,0.0,1.2806249350689582,0.6
9.39,2.541885616157322e-5,2.0754409147018198e-5,0.0,3.7853246591081153,0.0,0.0,0.0,1.2806249326048007,0.6
9.4,2.471023899575145e-5,2.0175825653938027e-5,0.0,3.7853246682185104,0.0,0.0,0.0,1.280624930201108,0.6
9.41,2.4019702728046857e-5,1.961200515235063e-5,0.0,3.7853246776294434,0.0,0.0,0.0,1.2806249278567465,0.6
9.42,2.334680342290566e-5,1.9062585170394204e-5,0.0,3.78532468557673,0.0,0.0,0.0,1.2806249255725373,0.6
9.43,2.269110643710942e-5,1.8527210823366957e-5,0.0,3.7853246942812,0.0,0.0,0.0,1.280624923347089,0.6
9.44,2.205196189673453e-5,1.8005351491432237e-5,0.0,3.785324703713254,0.0,0.0,0.0,1.2806249211779923,0.6
9.450000000000001,2.1429200655081022e-5,1.749686906688784e-5,0.0,3.7853247119039977,0.0,0.0,0.0,1.2806249190648509,0.6
9.46,2.082248409789864e-5,1.7001487072356184e-5,0.0,3.7853247204092217,0.0,0.0,0.0,1.2806249170060866,0.6
9.47,2.02314274114512e-5,1.6518891308737377e-5,0.0,3.7853247287009983,0.0,0.0,0.0,1.2806249150015918,0.6
9.48,1.9655653800263132e-5,1.6048774123813913e-5,0.0,3.7853247371323504,0.0,0.0,0.0,1.2806249130503478,0.6
9.49,1.9094799730458296e-5,1.5590838693418864e-5,0.0,3.7853247449446923,0.0,0.0,0.0,1.280624911151057,0.6
9.5,1.8548494208568074e-5,1.5144782102653561e-5,0.0,3.785324752893081,0.0,0.0,0.0,1.2806249093028954,0.6
9.51,1.8016396074832557e-5,1.4710325795740486e-5,0.0,3.7853247605206577,0.0,0.0,0.0,1.28062490749677,0.6
9.52,1.7498151224722348e-5,1.4287180647542099e-5,0.0,3.785324768092059,0.0,0.0,0.0,1.2806249057387251,0.6
9.53,1.6993428526673986e-5,1.3875076290268994e-5,0.0,3.7853247751917185,0.0,0.0,0.0,1.2806249040282702,0.6
9.540000000000001,1.6501899701055807e-5,1.347374468472433e-5,0.0,3.7853247819675317,0.0,0.0,0.0,1.2806249023641079,0.6
9.55,1.6023243834129078e-5,1.3082923805937659e-5,0.0,3.7853247888214434,0.0,0.0,0.0,1.2806249007452608,0.6
9.56,1.5557147484621247e-5,1.2702357730181621e-5,0.0,3.78532479530293,0.0,0.0,0.0,1.2806248991708955,0.6
9.57,1.5103304355545533e-5,1.233179636701376e-5,0.0,3.7853248020405665,0.0,0.0,0.0,1.2806248976399373,0.6
9.58,1.4661415106574115e-5,1.1970995306079878e-5,0.0,3.785324807846424,0.0,0.0,0.0,1.2806248961515818,0.6
9.59,1.4231187243013349e-5,1.1619715726462672e-5,0.0,3.785324813674026,0.0,0.0,0.0,1.2806248947038337,0.6
9.6,1.3812335010112278e-5,1.1277724310385003e-5,0.0,3.7853248202042105,0.0,0.0,0.0,1.280624893296497,0.6
9.61,1.3404579379742962e-5,1.0944793232334427e-5,0.0,3.7853248267094415,0.0,0.0,0.0,1.2806248919298964,0.6
9.620000000000001,1.3007647481292368e-5,1.0620699694388366e-5,0.0,3.7853248321534805,0.0,0.0,0.0,1.2806248906026554,0.6
9.63,1.2621272754214913e-5,1.030522605077274e-5,0.0,3.78532483757423,0.0,0.0,0.0,1.2806248893126566,0.6
9.64,1.2245195107025578e-5,9.998159937679304e-6,0.0,3.7853248425240347,0.0,0.0,0.0,1.2806248880589175,0.6
9.65,1.1879160255346885e-5,9.699293732783264e-6,0.0,3.785324847478771,0.0,0.0,0.0,1.2806248868404206,0.6
9.66,1.1522919530754582e-5,9.408424399166433e-6,0.0,3.785324851903492,0.0,0.0,0.0,1.2806248856565858,0.6
9.67,1.1176233841408198e-5,9.12535671915854e-6,0.0,3.7853248569011364,0.0,0.0,0.0,1.280624884505998,0.6
9.68,1.0838859851965425e-5,8.849892010284569e-6,0.0,3.7853248614160524,0.0,0.0,0.0,1.280624883388485,0.6
9.69,1.0510572744489001e-5,8.581846709467416e-6,0.0,3.7853248657201086,0.0,0.0,0.0,1.280624882302552,0.6
9.700000000000001,1.0191140015634056e-5,8.321030978520939e-6,0.0,3.785324870514191,0.0,0.0,0.0,1.2806248812473864,0.6
9.71,9.880347266685023e-6,8.067269761626924e-6,0.0,3.7853248756378353,0.0,0.0,0.0,1.2806248802233011,0.6
9.72,9.577972614897487e-6,7.820381892283189e-6,0.0,3.7853248791330274,0.0,0.0,0.0,1.2806248792295518,0.6
9.73,9.28381166821011e-6,7.580200485070483e-6,0.0,3.785324881980737,0.0,0.0,0.0,1.2806248782626997,0.6
9.74,8.997652959568453e-6,7.3465528778618765e-6,0.0,3.7853248842271667,0.0,0.0,0.0,1.2806248773213498,0.6
9.75,8.71929900028394e-6,7.119277821818376e-6,0.0,3.7853248892030193,0.0,0.0,0.0,1.280624876405433,0.6
9.76,8.448553335958273e-6,6.898214912595464e-6,0.0,3.7853248912736115,0.0,0.0,0.0,1.2806248755173855,0.6
9.77,8.185224379848259e-6,6.68320772027237e-6,0.0,3.7853248949752225,0.0,0.0,0.0,1.2806248746530118,0.6
9.78,7.929125249424972e-6,6.474103655903192e-6,0.0,3.7853248969978894,0.0,0.0,0.0,1.2806248738135038,0.6
9.790000000000001,7.680073247486438e-6,6.270753547847174e-6,0.0,3.7853248989612927,0.0,0.0,0.0,1.2806248729957324,0.6
9.8,7.437890389313756e-6,6.073012072189875e-6,0.0,3.785324901901743,0.0,0.0,0.0,1.2806248721997875,0.6
9.81,7.2024107507468926e-6,5.880743752421934e-6,0.0,3.785324906594398,0.0,0.0,0.0,1.280624871427421,0.6
9.82,6.9734645915871025e-6,5.6938099962514306e-6,0.0,3.7853249091523806,0.0,0.0,0.0,1.2806248706805097,0.6
9.83,6.7508761411469236e-6,5.512067287513024e-6,0.0,3.785324910549667,0.0,0.0,0.0,1.2806248699573288,0.6
9.84,6.534491093701957e-6,5.335389636110325e-6,0.0,3.7853249130774342,0.0,0.0,0.0,1.2806248692558593,0.6
9.85,6.32415107769998e-6,5.163647732212427e-6,0.0,3.785324915318474,0.0,0.0,0.0,1.2806248685757766,0.6
9.86,6.11970089365834e-6,4.996714855972384e-6,0.0,3.7853249178464634,0.0,0.0,0.0,1.2806248679153533,0.6
9.870000000000001,5.920988832323039e-6,4.8344671373030105e-6,0.0,3.785324919836243,0.0,0.0,0.0,1.2806248672732952,0.6
9.88,5.727867105725802e-6,4.676783907833507e-6,0.0,3.7853249221480767,0.0,0.0,0.0,1.2806248666471225,0.6
9.89,5.540192105756944e-6,4.523547912033323e-6,0.0,3.785324924344291,0.0,0.0,0.0,1.2806248660388588,0.6
9.9,5.357823244716064e-6,4.374644360525761e-6,0.0,3.785324927312968,0.0,0.0,0.0,1.2806248654475416,0.6
9.91,5.180683695196622e-6,4.230010523996059e-6,0.0,3.785324929011732,0.0,0.0,0.0,1.28062486487408,0.6
9.92,5.008573879347724e-6,4.089483447811334e-6,0.0,3.7853249312859756,0.0,0.0,0.0,1.2806248643187903,0.6
9.93,4.841366489123795e-6,3.952959185387648e-6,0.0,3.785324932596348,0.0,0.0,0.0,1.2806248637815705,0.6
9.94,4.678933618259903e-6,3.820333301697005e-6,0.0,3.7853249339992825,0.0,0.0,0.0,1.2806248632617903,0.6
9.950000000000001,4.521151375798192e-6,3.691504640195908e-6,0.0,3.7853249362352965,0.0,0.0,0.0,1.2806248627563332,0.6
9.96,4.367898335566068e-6,3.5663740568295995e-6,0.0,3.7853249382434204,0.0,0.0,0.0,1.280624862264902,0.6
9.97,4.219056200126177e-6,3.4448449621449475e-6,0.0,3.7853249399605655,0.0,0.0,0.0,1.2806248617868186,0.6
9.98,4.0745099514751e-6,3.326823444335414e-6,0.0,3.785324941934811,0.0,0.0,0.0,1.2806248613225488,0.6
9.99,3.934146896728682e-6,3.2122174900463925e-6,0.0,3.785324943646745,0.0,0.0,0.0,1.2806248608720772,0.6
10.0,3.7978571471381873e-6,3.1009373754902576e-6,0.0,3.7853249452653266,0.0,0.0,0.0,1.2806248604345425,0.6
10.01,3.665533795314147e-6,2.992895811149032e-6,0.0,3.7853249464224463,0.0,0.0,0.0,1.2806248600101817,0.6
10.02,3.5370725313437975e-6,2.8880076283355875e-6,0.0,3.7853249468682666,0.0,0.0,0.0,1.2806248595965362,0.6
10.03,3.412371446086367e-6,2.786189618584919e-6,0.0,3.785324948674952,0.0,0.0,0.0,1.2806248591942335,0.6
10.040000000000001,3.2913311039143835e-6,2.687360593047172e-6,0.0,3.785324948093816,0.0,0.0,0.0,1.280624858803349,0.6
10.05,3.173854716778364e-6,2.59144152461087e-6,0.0,3.785324949341699,0.0,0.0,0.0,1.2806248584212192,0.6
10.06,3.0598479007604704e-6,2.498355349129804e-6,0.0,3.785324950307868,0.0,0.0,0.0,1.2806248580500252,0.6
10.07,2.949218446330915e-6,2.4080267778381722e-6,0.0,3.785324951844307,0.0,0.0,0.0,1.2806248576893562,0.6
10.08,2.8418764076111672e-6,2.3203823702336867e-6,0.0,3.7853249519919654,0.0,0.0,0.0,1.2806248573390542,0.6
10.09,2.737733941333826e-6,2.2353504025888566e-6,0.0,3.7853249522368206,0.0,0.0,0.0,1.280624856996951,0.6
10.1,2.6367057189742614e-6,2.152861204455066e-6,0.0,3.785324953484399,0.0,0.0,0.0,1.280624856663352,0.6
10.11,2.538708148042415e-6,2.072846522849991e-6,0.0,3.7853249535269877,0.0,0.0,0.0,1.2806248563389255,0.6
10.120000000000001,2.4436599322580138e-6,1.995239979638747e-6,0.0,3.7853249555988215,0.0,0.0,0.0,1.2806248560228688,0.6
10.13,2.351481786901665e-6,1.919976839119029e-6,0.0,3.7853249566117784,0.0,0.0,0.0,1.2806248557174533,0.6
10.14,2.2620963993147474e-6,1.8469939757694112e-6,0.0,3.7853249572034318,0.0,0.0,0.0,1.2806248554205417,0.6
10.15,2.175428238109334e-6,1.7762297184698981e-6,0.0,3.7853249572572647,0.0,0.0,0.0,1.280624855131069,0.6
10.16,2.0914038731455253e-6,1.707624111762325e-6,0.0,3.7853249580451895,0.0,0.0,0.0,1.2806248548486163,0.6
10.17,2.009951610125127e-6,1.641118617497344e-6,0.0,3.7853249589474696,0.0,0.0,0.0,1.280624854574082,0.6
10.18,1.9310014968348464e-6,1.5766561199319732e-6,0.0,3.7853249587036344,0.0,0.0,0.0,1.2806248543067804,0.6
10.19,1.8544853400667104e-6,1.5141809395450602e-6,0.0,3.7853249598169305,0.0,0.0,0.0,1.2806248540456033,0.6
10.200000000000001,1.7803366276704464e-6,1.4536387693933175e-6,0.0,3.7853249601340986,0.0,0.0,0.0,1.2806248537921534,0.6
10.21,1.7084907021817368e-6,1.3949768168781978e-6,0.0,3.785324961076931,0.0,0.0,0.0,1.2806248535451517,0.6
10.22,1.6388844120216183e-6,1.338143518951398e-6,0.0,3.785324960823285,0.0,0.0,0.0,1.2806248533050606,0.6
10.23,1.5714561837163176e-6,1.2830886010821058e-6,0.0,3.7853249617950278,0.0,0.0,0.0,1.280624853070432,0.6
10.24,1.506121649835185e-6,1.2297431775516544e-6,0.0,3.7853249626912198,0.0,0.0,0.0,1.2806248528428994,0.6
10.25,1.4428471756755536e-6,1.1780797857403155e-6,0.0,3.7853249628907384,0.0,0.0,0.0,1.2806248526217578,0.6
10.26,1.3815760635262227e-6,1.1280521321607476e-6,0.0,3.7853249644580464,0.0,0.0,0.0,1.2806248524066053,0.6
10.27,1.3222523983286362e-6,1.079614562358817e-6,0.0,3.785324964476778,0.0,0.0,0.0,1.280624852198662,0.6
10.28,1.2648220505574562e-6,1.0327228797621585e-6,0.0,3.7853249648681606,0.0,0.0,0.0,1.2806248519955776,0.6
10.290000000000001,1.2092323026959757e-6,9.873340406986252e-7,0.0,3.7853249662061335,0.0,0.0,0.0,1.2806248517984922,0.6
10.3,1.1554318271064728e-6,9.434061363275105e-7,0.0,3.785324967357232,0.0,0.0,0.0,1.2806248516084655,0.6
10.31,1.103370558847363e-6,9.008982887951863e-7,0.0,3.7853249694298925,0.0,0.0,0.0,1.28062485142537,0.6
10.32,1.0529996225504753e-6,8.597705915306491e-7,0.0,3.7853249686961488,0.0,0.0,0.0,1.2806248512493046,0.6
10.33,1.0042716224386841e-6,8.199843460439258e-7,0.0,3.785324970108678,0.0,0.0,0.0,1.2806248510765406,0.6
10.34,9.571402193579491e-7,7.815017165741792e-7,0.0,3.7853249714570176,0.0,0.0,0.0,1.280624850910485,0.6
10.35,9.115601529250216e-7,7.442857481732352e-7,0.0,3.785324972785313,0.0,0.0,0.0,1.2806248507508706,0.6
10.36,8.674874913471085e-7,7.083005706824844e-7,0.0,3.785324972764624,0.0,0.0,0.0,1.2806248505968874,0.6
10.370000000000001,8.248811172394942e-7,6.735126118978898e-7,0.0,3.785324973974581,0.0,0.0,0.0,1.2806248504471205,0.6
10.38,7.836975629972636e-7,6.39886380668657e-7,0.0,3.7853249755487473,0.0,0.0,0.0,1.2806248503033328,0.6
10.39,7.438963035545155e-7,6.073887884170357e-7,0.0,3.785324975863943,0.0,0.0,0.0,1.2806248501652833,0.6
10.4,7.054376383371317e-7,5.759874197599977e-7,0.0,3.7853249763951253,0.0,0.0,0.0,1.2806248500310884,0.6
10.41,6.682830374578794e-7,5.456508151763541e-7,0.0,3.7853249785654506,0.0,0.0,0.0,1.2806248499018582,0.6
10.42,6.32395634148303e-7,5.163488730757105e-7,0.0,3.7853249795340744,0.0,0.0,0.0,1.280624849779348,0.6
10.43,5.977390410649048e-7,4.880518833165125e-7,0.0,3.785324980957242,0.0,0.0,0.0,1.280624849661885,0.6
10.44,5.642777494272122e-7,4.6073085310091084e-7,0.0,3.7853249812847714,0.0,0.0,0.0,1.2806248495495913,0.6
10.450000000000001,5.319770135358805e-7,4.34357412684189e-7,0.0,3.785324982286299,0.0,0.0,0.0,1.280624849440987,0.6
10.46,5.008030016436176e-7,4.089039385603561e-7,0.0,3.78532498289492,0.0,0.0,0.0,1.2806248493369465,0.6
10.47,4.7072289663586964e-7,3.8434363566758295e-7,0.0,3.785324983660896,0.0,0.0,0.0,1.2806248492367205,0.6
10.48,4.4170466264063967e-7,3.6065034682591697e-7,0.0,3.78532498497436,0.0,0.0,0.0,1.280624849140864,0.6
10.49,4.137170762031237e-7,3.3779857819126597e-7,0.0,3.785324987085487,0.0,0.0,0.0,1.2806248490504384,0.6
10.5,3.8672981182380235e-7,3.157635690969575e-7,0.0,3.785324985999357,0.0,0.0,0.0,1.280624848964818,0.6
10.51,3.607133439087445e-7,2.9452121199649685e-7,0.0,3.7853249864501235,0.0,0.0,0.0,1.2806248488799068,0.6
10.52,3.356389153399992e-7,2.740480268013999e-7,0.0,3.7853249870555583,0.0,0.0,0.0,1.2806248487983274,0.6
10.53,3.114784931900555e-7,2.543211247222003e-7,0.0,3.785324987276447,0.0,0.0,0.0,1.280624848719863,0.6
10.540000000000001,2.8820484548758514e-7,2.3531827094741685e-7,0.0,3.7853249868525047,0.0,0.0,0.0,1.280624848643461,0.6
10.55,2.657914545952672e-7,2.1701781391684262e-7,0.0,3.7853249877615807,0.0,0.0,0.0,1.2806248485688818,0.6
10.56,2.442124983284243e-7,1.9939866990497647e-7,0.0,3.785324988145692,0.0,0.0,0.0,1.2806248484977418,0.6
10.57,2.2344284096089538e-7,1.8244031567734873e-7,0.0,3.785324989099687,0.0,0.0,0.0,1.280624848429511,0.6
10.58,2.034580397999046e-7,1.6612279385887931e-7,0.0,3.785324990371261,0.0,0.0,0.0,1.280624848365121,0.6
10.59,1.8423428715791478e-7,1.5042666555409428e-7,0.0,3.7853249912305102,0.0,0.0,0.0,1.2806248483047133,0.6
10.6,1.6574867469511128e-7,1.3533322618186026e-7,0.0,3.785324992133598,0.0,0.0,0.0,1.280624848247614,0.6
10.61,1.4797818606009626e-7,1.208236829699555e-7,0.0,3.785324992574726,0.0,0.0,0.0,1.2806248481936113,0.6
10.620000000000001,1.3090144817642923e-7,1.0688058487454238e-7,0.0,3.7853249934986737,0.0,0.0,0.0,1.2806248481421796,0.6
10.63,1.1449661531539234e-7,9.348609493281496e-8,0.0,3.785324994123634,0.0,0.0,0.0,1.2806248480939193,0.6
10.64,9.874343604926631e-8,8.062367792328152e-8,0.0,3.785324995184536,0.0,0.0,0.0,1.280624848048461,0.6
10.65,8.362128536260475e-8,6.827649359134849e-8,0.0,3.7853249956363246,0.0,0.0,0.0,1.280624848006148,0.6
10.66,6.911100973842013e-8,5.6428903155882816e-8,0.0,3.785324996200095,0.0,0.0,0.0,1.2806248479659719,0.6
10.67,5.5193129609024155e-8,4.506500161646907e-8,0.0,3.7853249964901883,0.0,0.0,0.0,1.2806248479279665,0.6
10.68,4.1849561532782185e-8,3.417002390484114e-8,0.0,3.785324997147847,0.0,0.0,0.0,1.2806248478919353,0.6
10.69,2.9061924142617113e-8,2.3728961697627808e-8,0.0,3.785324998370756,0.0,0.0,0.0,1.2806248478586981,0.6
10.700000000000001,1.6813453744191258e-8,1.3728127495718635e-8,0.0,3.7853249986560424,0.0,0.0,0.0,1.2806248478284394,0.6
10.71,5.09074014113878e-9,4.156571919631344e-9,0.0,3.785324999018769,0.0,0.0,0.0,1.280624847799735,0.6
10.72,6.147471200386665e-9,5.019389216467376e-9,0.0,3.7853249990218596,0.0,0.0,0.0,1.280624847772553,0.6
10.73,1.6878190097884648e-8,1.3780984507171017e-8,0.0,3.785324999178089,0.0,0.0,0.0,1.2806248477464128,0.6
10.74,2.713932720156102e-8,2.2159167868753404e-8,0.0,3.7853249994627256,0.0,0.0,0.0,1.280624847721619,0.6
10.75,3.694328153135279e-8,3.016406305859996e-8,0.0,3.7853249994238287,0.0,0.0,0.0,1.2806248476980682,0.6
10.76,4.6304532321599014e-8,3.780749232204297e-8,0.0,3.785324999063034,0.0,0.0,0.0,1.2806248476751403,0.6
10.77,5.523737826738036e-8,4.510113049472754e-8,0.0,3.785324999236774,0.0,0.0,0.0,1.2806248476526616,0.6
10.78,6.375578036423833e-8,5.2056376681779645e-8,0.0,3.785324999054986,0.0,0.0,0.0,1.2806248476311757,0.6
10.790000000000001,7.18733243437116e-8,5.8684323586550025e-8,0.0,3.7853249991642994,0.0,0.0,0.0,1.2806248476103013,0.6
10.8,7.960320615528531e-8,6.499574565667538e-8,0.0,3.785324999337441,0.0,0.0,0.0,1.2806248475904447,0.6
10.81,8.695825208255031e-8,7.100111550885365e-8,0.0,3.7853249992745046,0.0,0.0,0.0,1.2806248475715358,0.6
10.82,9.395093409226852e-8,7.671061646130338e-8,0.0,3.785324999148734,0.0,0.0,0.0,1.280624847553193,0.6
10.83,1.0059337572176031e-7,8.213414734079541e-8,0.0,3.785324998940419,0.0,0.0,0.0,1.2806248475352562,0.6
10.84,1.0689735158875923e-7,8.728132208245094e-8,0.0,3.785324999089488,0.0,0.0,0.0,1.2806248475178295,0.6
10.85,1.1287430165168255e-7,9.216148137320358e-8,0.0,3.7853249992418823,0.0,0.0,0.0,1.2806248475014488,0.6
10.86,1.1853533092928857e-7,9.678369242290065e-8,0.0,3.7853249992243465,0.0,0.0,0.0,1.2806248474858286,0.6
10.870000000000001,1.2389122090530568e-7,1.0115675827614369e-7,0.0,3.7853249993895384,0.0,0.0,0.0,1.2806248474709254,0.6
10.88,1.2895245235790808e-7,1.0528923645247744e-7,0.0,3.7853249991948847,0.0,0.0,0.0,1.2806248474566988,0.6
10.89,1.3372919327653858e-7,1.091894290805168e-7,0.0,3.78532499920595,0.0,0.0,0.0,1.280624847442774,0.6
10.9,1.3823132634884735e-7,1.1286540534093856e-7,0.0,3.785324999088348,0.0,0.0,0.0,1.2806248474294326,0.6
10.91,1.4246844106215402e-7,1.1632499501735201e-7,0.0,3.78532499908899,0.0,0.0,0.0,1.2806248474164492,0.6
10.92,1.4644984579787196e-7,1.1957579837135515e-7,0.0,3.7853249988640854,0.0,0.0,0.0,1.2806248474039548,0.6
10.93,1.5018457208377675e-7,1.2262518961449733e-7,0.0,3.7853249986144695,0.0,0.0,0.0,1.2806248473914692,0.6
10.94,1.5368139237195065e-7,1.2548033142391002e-7,0.0,3.785324998584788,0.0,0.0,0.0,1.280624847379138,0.6
10.950000000000001,1.5694882221588448e-7,1.281481767199032e-7,0.0,3.7853249986985436,0.0,0.0,0.0,1.2806248473673765,0.6
10.96,1.5999512539609153e-7,1.306354728510115e-7,0.0,3.785324998823123,0.0,0.0,0.0,1.2806248473563393,0.6
10.97,1.6282831678193504e-7,1.3294876393066665e-7,0.0,3.785324998707583,0.0,0.0,0.0,1.28062484734588,0.6
10.98,1.6545617477525537e-7,1.3509440099737627e-7,0.0,3.7853249989008244,0.0,0.0,0.0,1.2806248473357693,0.6
10.99,1.67886247530742e-7,1.3707854709363672e-7,0.0,3.7853249987941866,0.0,0.0,0.0,1.2806248473263664,0.6
11.0,1.701258562705925e-7,1.3890717997234052e-7,0.0,3.7853249987163586,0.0,0.0,0.0,1.2806248473171662,0.6
11.01,1.72182096626606e-7,1.4058609319259113e-7,0.0,3.7853249987226736,0.0,0.0,0.0,1.2806248473082937,0.6
11.02,1.7406185618641702e-7,1.4212091044614305e-7,0.0,3.7853249986647666,0.0,0.0,0.0,1.280624847299787,0.6
11.03,1.7577181493747805e-7,1.435170859199118e-7,0.0,3.785324998582861,0.0,0.0,0.0,1.2806248472915363,0.6
11.040000000000001,1.773184478977368e-7,1.4477990644391322e-7,0.0,3.785324998567254,0.0,0.0,0.0,1.2806248472835178,0.6
11.05,1.7870803315357785e-7,1.4591449805421503e-7,0.0,3.785324998659507,0.0,0.0,0.0,1.280624847275921,0.6
11.06,1.7994665828089534e-7,1.4692583123572093e-7,0.0,3.7853249985805504,0.0,0.0,0.0,1.2806248472687947,0.6
11.07,1.8104022455751458e-7,1.478187243615984e-7,0.0,3.7853249984632455,0.0,0.0,0.0,1.280624847261788,0.6
11.08,1.819944534035353e-7,1.4859784895179694e-7,0.0,3.785324998541587,0.0,0.0,0.0,1.2806248472550141,0.6
11.09,1.828148832881128e-7,1.4926772714744535e-7,0.0,3.785324998596624,0.0,0.0,0.0,1.2806248472487067,0.6
11.1,1.8350688523045835e-7,1.4983274436736588e-7,0.0,3.7853249984022805,0.0,0.0,0.0,1.2806248472426487,0.6
11.11,1.8407562199225591e-7,1.5029711598882148e-7,0.0,3.7853249984356343,0.0,0.0,0.0,1.28062484723663,0.6
11.120000000000001,1.8452621592311774e-7,1.5066502439275696e-7,0.0,3.7853249986365602,0.0,0.0,0.0,1.2806248472310908,0.6
11.13,1.8486347450899076e-7,1.509403948750108e-7,0.0,3.7853249984960597,0.0,0.0,0.0,1.280624847226012,0.6
11.14,1.8509219901828396e-7,1.5112714765482304e-7,0.0,3.7853249984935635,0.0,0.0,0.0,1.2806248472210002,0.6
11.15,1.8521689984083273e-7,1.51228965450073e-7,0.0,3.785324998607157,0.0,0.0,0.0,1.280624847216307,0.6
11.16,1.8524204763044956e-7,1.5124949853431305e-7,0.0,3.78532499860684,0.0,0.0,0.0,1.2806248472120314,0.6
11.17,1.8517197003241127e-7,1.5119228041511513e-7,0.0,3.7853249986402946,0.0,0.0,0.0,1.2806248472080262,0.6
11.18,1.8501075666093142e-7,1.5106065024850203e-7,0.0,3.785324998779779,0.0,0.0,0.0,1.2806248472043957,0.6
11.19,1.8476246360744093e-7,1.5085791981925893e-7,0.0,3.7853249986346733,0.0,0.0,0.0,1.2806248472010917,0.6
11.200000000000001,1.8443098176071402e-7,1.505872660247668e-7,0.0,3.7853249983887833,0.0,0.0,0.0,1.280624847197561,0.6
11.21,1.84020103641787e-7,1.5025178544548488e-7,0.0,3.785324998582822,0.0,0.0,0.0,1.2806248471940649,0.6
11.22,1.8353345590211332e-7,1.498544392299251e-7,0.0,3.7853249985295734,0.0,0.0,0.0,1.2806248471910116,0.6
11.23,1.829745579473668e-7,1.4939810096078708e-7,0.0,3.785324998507542,0.0,0.0,0.0,1.2806248471880661,0.6
11.24,1.8234681571723473e-7,1.4888555157618028e-7,0.0,3.7853249984688935,0.0,0.0,0.0,1.2806248471852548,0.6
11.25,1.8165352790264333e-7,1.4831948444596756e-7,0.0,3.7853249984746853,0.0,0.0,0.0,1.2806248471825372,0.6
11.26,1.8089788283923678e-7,1.477025028353012e-7,0.0,3.785324998411316,0.0,0.0,0.0,1.2806248471800108,0.6
11.27,1.8008296028349483e-7,1.47037121354817e-7,0.0,3.785324998321851,0.0,0.0,0.0,1.280624847177466,0.6
11.28,1.7921173940329336e-7,1.4632577248489966e-7,0.0,3.7853249984134463,0.0,0.0,0.0,1.2806248471750095,0.6
11.290000000000001,1.7828709944737266e-7,1.4557080712230125e-7,0.0,3.785324998474057,0.0,0.0,0.0,1.2806248471728836,0.6
11.3,1.7731182129764114e-7,1.4477449584759195e-7,0.0,3.7853249986488957,0.0,0.0,0.0,1.280624847171024,0.6
11.31,1.7628858991061298e-7,1.439390309185855e-7,0.0,3.7853249988457702,0.0,0.0,0.0,1.2806248471697175,0.6
11.32,1.7522000298237776e-7,1.430665333452574e-7,0.0,3.785324998718259,0.0,0.0,0.0,1.2806248471686952,0.6
11.33,1.7410856605758988e-7,1.4215904889625126e-7,0.0,3.785324998577744,0.0,0.0,0.0,1.2806248471674861,0.6
11.34,1.7295669675166168e-7,1.412185515462853e-7,0.0,3.785324998298568,0.0,0.0,0.0,1.2806248471660897,0.6
11.35,1.7176672719105735e-7,1.402469454686438e-7,0.0,3.785324998042172,0.0,0.0,0.0,1.280624847164295,0.6
11.36,1.7054091001164767e-7,1.392460699328133e-7,0.0,3.7853249979453927,0.0,0.0,0.0,1.2806248471621777,0.6
11.370000000000001,1.6928141946819696e-7,1.3821770021037503e-7,0.0,3.7853249978708416,0.0,0.0,0.0,1.2806248471600008,0.6
11.38,1.6799035498433468e-7,1.3716355047354426e-7,0.0,3.7853249979327943,0.0,0.0,0.0,1.2806248471579496,0.6
11.39,1.666697376031053e-7,1.3608527089705672e-7,0.0,3.7853249980393238,0.0,0.0,0.0,1.280624847156096,0.6
11.4,1.6532151620185422e-7,1.3498445273260164e-7,0.0,3.7853249981989827,0.0,0.0,0.0,1.2806248471546549,0.6
11.41,1.6394756993639247e-7,1.338626303044737e-7,0.0,3.7853249981680737,0.0,0.0,0.0,1.2806248471533401,0.6
11.42,1.6254902145691478e-7,1.3272072025271848e-7,0.0,3.7853249981991475,0.0,0.0,0.0,1.2806248471521575,0.6
11.43,1.611270693518202e-7,1.315597012206658e-7,0.0,3.7853249981655432,0.0,0.0,0.0,1.280624847151085,0.6
11.44,1.596847853771666e-7,1.3038208128663427e-7,0.0,3.785324998237061,0.0,0.0,0.0,1.2806248471501114,0.6
11.450000000000001,1.5822378201342317e-7,1.2918917703541385e-7,0.0,3.7853249981946817,0.0,0.0,0.0,1.2806248471492472,0.6
11.46,1.5674562155851753e-7,1.2798226407792083e-7,0.0,3.7853249981783548,0.0,0.0,0.0,1.2806248471483779,0.6
11.47,1.5525179725397928e-7,1.2676256164075862e-7,0.0,3.7853249983214416,0.0,0.0,0.0,1.2806248471476114,0.6
11.48,1.5374374372051883e-7,1.2553124108683217e-7,0.0,3.7853249983746378,0.0,0.0,0.0,1.2806248471471409,0.6
11.49,1.5222284406749105e-7,1.242894317202008e-7,0.0,3.7853249983565136,0.0,0.0,0.0,1.2806248471467658,0.6
11.5,1.5069042633584215e-7,1.2303821788175647e-7,0.0,3.785324998326506,0.0,0.0,0.0,1.2806248471463741,0.6
11.51,1.4914776838559964e-7,1.217786429398425e-7,0.0,3.785324998191082,0.0,0.0,0.0,1.2806248471459556,0.6
11.52,1.4759609589603052e-7,1.205117076573897e-7,0.0,3.7853249982902275,0.0,0.0,0.0,1.2806248471454407,0.6
11.53,1.4603658769477082e-7,1.192383745431324e-7,0.0,3.7853249981282944,0.0,0.0,0.0,1.2806248471452601,0.6
11.540000000000001,1.4447037353854262e-7,1.1795956603957148e-7,0.0,3.785324997993546,0.0,0.0,0.0,1.2806248471452018,0.6
11.55,1.4289853788669521e-7,1.1667616760405776e-7,0.0,3.7853249977505774,0.0,0.0,0.0,1.280624847145249,0.6
11.56,1.4132212056871625e-7,1.1538902825381269e-7,0.0,3.785324997664906,0.0,0.0,0.0,1.2806248471453658,0.6
11.57,1.397421201133015e-7,1.140989632841023e-7,0.0,3.785324997623303,0.0,0.0,0.0,1.2806248471456572,0.6
11.58,1.3815949286213263e-7,1.1280675354463986e-7,0.0,3.7853249975872685,0.0,0.0,0.0,1.2806248471458925,0.6
11.59,1.3657515474411277e-7,1.1151314688824318e-7,0.0,3.7853249974144263,0.0,0.0,0.0,1.2806248471461936,0.6
11.6,1.3498998327524625e-7,1.1021885980372948e-7,0.0,3.7853249973614664,0.0,0.0,0.0,1.2806248471466637,0.6
11.61,1.334048184470673e-7,1.0892457814131449e-7,0.0,3.7853249973016108,0.0,0.0,0.0,1.280624847147336,0.6
11.620000000000001,1.3182046139279652e-7,1.0763095602353368e-7,0.0,3.785324997134035,0.0,0.0,0.0,1.2806248471482669,0.6
11.63,1.3023768082687452e-7,1.063386211030995e-7,0.0,3.7853249969274207,0.0,0.0,0.0,1.2806248471494062,0.6
11.64,1.2865721104922303e-7,1.0504817293338746e-7,0.0,3.7853249967655453,0.0,0.0,0.0,1.2806248471505963,0.6
11.65,1.2707975394099818e-7,1.0376018459796173e-7,0.0,3.785324996677513,0.0,0.0,0.0,1.280624847151777,0.6
11.66,1.2550597763249423e-7,1.024752016229232e-7,0.0,3.785324996566135,0.0,0.0,0.0,1.2806248471530677,0.6
11.67,1.2393651916727896e-7,1.0119374415216685e-7,0.0,3.7853249965363345,0.0,0.0,0.0,1.280624847154735,0.6
11.68,1.2237198650235076e-7,9.991630858050324e-8,0.0,3.785324996448736,0.0,0.0,0.0,1.2806248471565023,0.6
11.69,1.2081295828459748e-7,9.864336737113782e-8,0.0,3.7853249963734195,0.0,0.0,0.0,1.2806248471582702,0.6
11.700000000000001,1.1926023720300554e-7,9.737557591688362e-8,0.0,3.785324996376485,0.0,0.0,0.0,1.2806248471599337,0.6
11.71,1.1771413678595026e-7,9.611319021258705e-8,0.0,3.7853249962913007,0.0,0.0,0.0,1.2806248471618913,0.6
11.72,1.161751535258556e-7,9.485661564261475e-8,0.0,3.78532499628931,0.0,0.0,0.0,1.2806248471637507,0.6
11.73,1.1464376348762111e-7,9.360624091232951e-8,0.0,3.785324996183635,0.0,0.0,0.0,1.2806248471655468,0.6
11.74,1.1312030395798968e-7,9.236234141520369e-8,0.0,3.785324996054323,0.0,0.0,0.0,1.280624847167395,0.6
11.75,1.1160542863601944e-7,9.11254508942832e-8,0.0,3.7853249960842557,0.0,0.0,0.0,1.2806248471689488,0.6
11.76,1.1009926631000795e-7,8.989567450477267e-8,0.0,3.7853249960361186,0.0,0.0,0.0,1.2806248471702413,0.6
11.77,1.0860234566920065e-7,8.867344391963337e-8,0.0,3.7853249959809925,0.0,0.0,0.0,1.2806248471716977,0.6
11.78,1.0711501332774877e-7,8.745904214813468e-8,0.0,3.785324996031657,0.0,0.0,0.0,1.2806248471731545,0.6
11.790000000000001,1.0563761057037135e-7,8.625274784808281e-8,0.0,3.7853249960402007,0.0,0.0,0.0,1.2806248471742792,0.6
11.8,1.0417045603339159e-7,8.505482118494624e-8,0.0,3.7853249961459876,0.0,0.0,0.0,1.280624847175419,0.6
11.81,1.0271384903487462e-7,8.386550655090174e-8,0.0,3.785324996223413,0.0,0.0,0.0,1.2806248471767037,0.6
11.82,1.012680711298934e-7,8.268503383470372e-8,0.0,3.785324996228194,0.0,0.0,0.0,1.2806248471782213,0.6
11.83,9.98333858884644e-8,8.151361824036948e-8,0.0,3.7853249962103552,0.0,0.0,0.0,1.2806248471798976,0.6
11.84,9.841003933791252e-8,8.035146064836859e-8,0.0,3.7853249963248565,0.0,0.0,0.0,1.280624847181565,0.6
11.85,9.699826129769259e-8,7.919874870550017e-8,0.0,3.7853249963743405,0.0,0.0,0.0,1.280624847183345,0.6
11.86,9.559826582176744e-8,7.8055657186093e-8,0.0,3.7853249964519717,0.0,0.0,0.0,1.2806248471851225,0.6
11.870000000000001,9.421025186518128e-8,7.692234853626045e-8,0.0,3.7853249964893774,0.0,0.0,0.0,1.2806248471870787,0.6
11.88,9.283440417191878e-8,7.57989735988343e-8,0.0,3.7853249965409987,0.0,0.0,0.0,1.280624847189186,0.6
11.89,9.147091348065995e-8,7.46856881112947e-8,0.0,3.7853249966345097,0.0,0.0,0.0,1.28062484719146,0.6
11.9,9.011995409863061e-8,7.358263439489551e-8,0.0,3.7853249966822,0.0,0.0,0.0,1.2806248471937618,0.6
11.91,8.878167146765429e-8,7.248993120238838e-8,0.0,3.7853249967758034,0.0,0.0,0.0,1.2806248471961832,0.6
11.92,8.745619659688053e-8,7.140768550229599e-8,0.0,3.785324996870697,0.0,0.0,0.0,1.2806248471988566,0.6
11.93,8.614365072503862e-8,7.033599628562626e-8,0.0,3.785324996915952,0.0,0.0,0.0,1.2806248472017001,0.6
11.94,8.484414132402426e-8,6.92749513028146e-8,0.0,3.7853249969221414,0.0,0.0,0.0,1.280624847204649,0.6
11.950000000000001,8.355776565142128e-8,6.822462996434567e-8,0.0,3.7853249970088574,0.0,0.0,0.0,1.280624847207667,0.6
11.96,8.228460964023749e-8,6.71851024342265e-8,0.0,3.785324997171148,0.0,0.0,0.0,1.2806248472106496,0.6
11.97,8.102474900968184e-8,6.615643053693238e-8,0.0,3.785324997278754,0.0,0.0,0.0,1.2806248472136224,0.6
11.98,7.977824815419647e-8,6.513866685030509e-8,0.0,3.7853249973302345,0.0,0.0,0.0,1.2806248472168502,0.6
11.99,7.854516414052948e-8,6.413185796914936e-8,0.0,3.785324997355082,0.0,0.0,0.0,1.2806248472201498,0.6
12.0,7.732554271121993e-8,6.313604124209192e-8,0.0,3.785324997414222,0.0,0.0,0.0,1.280624847223454,0.6
12.01,7.611942183699411e-8,6.215124767210098e-8,0.0,3.7853249974954783,0.0,0.0,0.0,1.2806248472268662,0.6
12.02,7.492683060643075e-8,6.11775010099016e-8,0.0,3.785324997581131,0.0,0.0,0.0,1.2806248472302422,0.6
12.030000000000001,7.374778989229008e-8,6.021481829803116e-8,0.0,3.7853249977264323,0.0,0.0,0.0,1.2806248472336588,0.6
12.040000000000001,7.258231346176417e-8,5.9263210777354905e-8,0.0,3.7853249977714922,0.0,0.0,0.0,1.2806248472372794,0.6
12.05,7.143040642206376e-8,5.832268261789295e-8,0.0,3.785324997824732,0.0,0.0,0.0,1.2806248472410124,0.6
12.06,7.029206810706842e-8,5.739323327576022e-8,0.0,3.785324997938469,0.0,0.0,0.0,1.2806248472447526,0.6
12.07,6.916728941261139e-8,5.6474855317435706e-8,0.0,3.7853249981721993,0.0,0.0,0.0,1.2806248472484385,0.6
12.08,6.805605612748845e-8,5.5567537139519746e-8,0.0,3.785324998275848,0.0,0.0,0.0,1.280624847252105,0.6
12.09,6.695834626867141e-8,5.467126079294497e-8,0.0,3.7853249983769275,0.0,0.0,0.0,1.280624847255745,0.6
12.1,6.587413319015101e-8,5.378600452133594e-8,0.0,3.785324998488966,0.0,0.0,0.0,1.2806248472594466,0.6
12.11,6.480338402832234e-8,5.29117414916716e-8,0.0,3.7853249985880817,0.0,0.0,0.0,1.2806248472632253,0.6
12.120000000000001,6.374680377267387e-8,5.2049047325458874e-8,0.0,3.785324998694958,0.0,0.0,0.0,1.28062484726696,0.6
12.13,6.270327331845442e-8,5.119700827749475e-8,0.0,3.785324998811246,0.0,0.0,0.0,1.2806248472707011,0.6
12.14,6.167307199596726e-8,5.0355852420016755e-8,0.0,3.7853249989359252,0.0,0.0,0.0,1.2806248472745176,0.6
12.15,6.065614962161813e-8,4.9525538778291784e-8,0.0,3.7853249990512374,0.0,0.0,0.0,1.28062484727839,0.6
12.16,5.965244646379566e-8,4.8706018581663373e-8,0.0,3.785324999169675,0.0,0.0,0.0,1.2806248472822441,0.6
12.17,5.8661900792257015e-8,4.7897241427599314e-8,0.0,3.7853249993083553,0.0,0.0,0.0,1.280624847286177,0.6
12.18,5.768444599194582e-8,4.709915292513383e-8,0.0,3.7853249994080502,0.0,0.0,0.0,1.2806248472900237,0.6
12.19,5.6720011672714984e-8,4.6311695600952495e-8,0.0,3.785324999511732,0.0,0.0,0.0,1.280624847293895,0.6
12.200000000000001,5.5768523891803414e-8,4.553480908104369e-8,0.0,3.7853249995974796,0.0,0.0,0.0,1.2806248472977804,0.6
12.21,5.482990581980144e-8,4.4768430634457104e-8,0.0,3.785324999704935,0.0,0.0,0.0,1.2806248473016164,0.6
12.22,5.390407618646996e-8,4.401249390432038e-8,0.0,3.7853249998126266,0.0,0.0,0.0,1.2806248473054607,0.6
12.23,5.2990951722849204e-8,4.326693090181257e-8,0.0,3.7853249999349914,0.0,0.0,0.0,1.2806248473093493,0.6
12.24,5.209044605180362e-8,4.253167110029782e-8,0.0,3.785325000044859,0.0,0.0,0.0,1.2806248473132689,0.6
12.25,5.1202470797457004e-8,4.1806642341175385e-8,0.0,3.7853250001519716,0.0,0.0,0.0,1.2806248473170927,0.6
12.26,5.0326933143162054e-8,4.1091768839970076e-8,0.0,3.785325000271228,0.0,0.0,0.0,1.280624847320868,0.6
12.27,4.9463739606277714e-8,4.03869742684251e-8,0.0,3.7853250003639882,0.0,0.0,0.0,1.2806248473246093,0.6
12.280000000000001,4.861279359537332e-8,3.969217975996758e-8,0.0,3.78532500046129,0.0,0.0,0.0,1.2806248473282968,0.6
12.290000000000001,4.7773997187294116e-8,3.9007305360676444e-8,0.0,3.785325000538759,0.0,0.0,0.0,1.2806248473319937,0.6
12.3,4.6947250237986146e-8,3.833226930327406e-8,0.0,3.7853250006336823,0.0,0.0,0.0,1.2806248473356872,0.6
12.31,4.613245038333571e-8,3.766698800781157e-8,0.0,3.7853250007173966,0.0,0.0,0.0,1.2806248473393407,0.6
12.32,4.5329493482860446e-8,3.701137644394119e-8,0.0,3.785325000802443,0.0,0.0,0.0,1.2806248473430049,0.6
12.33,4.453827450805882e-8,3.6365348856250525e-8,0.0,3.7853250008911425,0.0,0.0,0.0,1.2806248473466615,0.6
12.34,4.375868643188918e-8,3.572881785752599e-8,0.0,3.785325000955114,0.0,0.0,0.0,1.2806248473503405,0.6
12.35,4.299062156178195e-8,3.5101695517152734e-8,0.0,3.7853250010262474,0.0,0.0,0.0,1.2806248473540462,0.6
12.36,4.223397153909824e-8,3.4483893360672606e-8,0.0,3.785325001101523,0.0,0.0,0.0,1.2806248473577149,0.6
12.370000000000001,4.1488625118423476e-8,3.387532055658494e-8,0.0,3.7853250011447983,0.0,0.0,0.0,1.28062484736136,0.6
12.38,4.075447038878e-8,3.327588572995912e-8,0.0,3.7853250011966972,0.0,0.0,0.0,1.2806248473650068,0.6
12.39,4.003139654917251e-8,3.2685498412161326e-8,0.0,3.7853250012292867,0.0,0.0,0.0,1.2806248473685964,0.6
12.4,3.931928924608022e-8,3.210406523393281e-8,0.0,3.7853250012334274,0.0,0.0,0.0,1.2806248473720865,0.6
12.41,3.861803545870508e-8,3.153149391417838e-8,0.0,3.785325001231713,0.0,0.0,0.0,1.2806248473755428,0.6
12.42,3.792752127787138e-8,3.096769144644556e-8,0.0,3.7853250012026565,0.0,0.0,0.0,1.2806248473789634,0.6
12.43,3.724763146259761e-8,3.041256373686694e-8,0.0,3.7853250011943214,0.0,0.0,0.0,1.2806248473822968,0.6
12.44,3.657825121594139e-8,2.986601705413158e-8,0.0,3.7853250011887667,0.0,0.0,0.0,1.2806248473855983,0.6
12.450000000000001,3.5919263742616145e-8,2.932795603528732e-8,0.0,3.7853250012346913,0.0,0.0,0.0,1.2806248473888613,0.6
12.46,3.5270554246282395e-8,2.8798286949515466e-8,0.0,3.7853250012142827,0.0,0.0,0.0,1.280624847392168,0.6
12.47,3.46320059320311e-8,2.8276914434172123e-8,0.0,3.785325001186696,0.0,0.0,0.0,1.2806248473954036,0.6
12.48,3.4003502671189594e-8,2.77637436705931e-8,0.0,3.7853250011981925,0.0,0.0,0.0,1.2806248473985675,0.6
12.49,3.338492855777887e-8,2.725868002194285e-8,0.0,3.7853250011640527,0.0,0.0,0.0,1.2806248474017166,0.6
12.5,3.277616657533625e-8,2.6761627944679665e-8,0.0,3.7853250011255803,0.0,0.0,0.0,1.2806248474047706,0.6
12.51,3.217710148365572e-8,2.6272493345569355e-8,0.0,3.785325001164457,0.0,0.0,0.0,1.280624847407745,0.6
12.52,3.158761671072822e-8,2.5791181043965097e-8,0.0,3.785325001151274,0.0,0.0,0.0,1.2806248474107558,0.6
12.530000000000001,3.100759568447936e-8,2.531759585916671e-8,0.0,3.7853250011447908,0.0,0.0,0.0,1.280624847413694,0.6
12.540000000000001,3.043692249872485e-8,2.4851643154171023e-8,0.0,3.7853250010908046,0.0,0.0,0.0,1.28062484741659,0.6
12.55,2.987548235784811e-8,2.439322919874958e-8,0.0,3.785325001017543,0.0,0.0,0.0,1.2806248474193604,0.6
12.56,2.9323159356048342e-8,2.3942259356212334e-8,0.0,3.785325000983541,0.0,0.0,0.0,1.2806248474219744,0.6
12.57,2.8779838919605974e-8,2.349864007750898e-8,0.0,3.7853250009923305,0.0,0.0,0.0,1.2806248474245168,0.6
12.58,2.8245406030712567e-8,2.3062277450992185e-8,0.0,3.7853250009849977,0.0,0.0,0.0,1.2806248474270483,0.6
12.59,2.771974656106423e-8,2.2633078291292036e-8,0.0,3.785325000949608,0.0,0.0,0.0,1.28062484742953,0.6
12.6,2.7202747491353365e-8,2.2210950318530297e-8,0.0,3.7853250008928145,0.0,0.0,0.0,1.2806248474319182,0.6
12.61,2.6694295136104863e-8,2.1795800708905248e-8,0.0,3.7853250008539225,0.0,0.0,0.0,1.280624847434181,0.6
12.620000000000001,2.619427758716908e-8,2.138753808979532e-8,0.0,3.785325000834893,0.0,0.0,0.0,1.2806248474363564,0.6
12.63,2.570258226942164e-8,2.098607054399636e-8,0.0,3.7853250008265933,0.0,0.0,0.0,1.2806248474384772,0.6
12.64,2.5219098384330923e-8,2.0591307604886137e-8,0.0,3.785325000753503,0.0,0.0,0.0,1.2806248474405446,0.6
12.65,2.4743714466993657e-8,2.0203158261752232e-8,0.0,3.785325000703797,0.0,0.0,0.0,1.2806248474424626,0.6
12.66,2.4276320829065914e-8,1.9821532954436857e-8,0.0,3.785325000670848,0.0,0.0,0.0,1.2806248474442758,0.6
12.67,2.3816808448258196e-8,1.9446342666613398e-8,0.0,3.7853250006220542,0.0,0.0,0.0,1.280624847446004,0.6
12.68,2.3365068746632127e-8,1.90774987447664e-8,0.0,3.785325000595276,0.0,0.0,0.0,1.2806248474476358,0.6
12.69,2.292099336784727e-8,1.871491271631438e-8,0.0,3.785325000579963,0.0,0.0,0.0,1.2806248474492,0.6
12.700000000000001,2.2484476175673493e-8,1.835849792138832e-8,0.0,3.7853250005509493,0.0,0.0,0.0,1.280624847450721,0.6
12.71,2.2055410367445142e-8,1.800816715597688e-8,0.0,3.7853250005357717,0.0,0.0,0.0,1.2806248474521786,0.6
12.72,2.1633690473709996e-8,1.766383430463293e-8,0.0,3.78532500051381,0.0,0.0,0.0,1.2806248474535906,0.6
12.73,2.1219212800672297e-8,1.732541470172677e-8,0.0,3.785325000471904,0.0,0.0,0.0,1.280624847454945,0.6
12.74,2.0811872322509777e-8,1.6992822594033604e-8,0.0,3.7853250004302903,0.0,0.0,0.0,1.280624847456216,0.6
12.75,2.0411566677809726e-8,1.6665974403809945e-8,0.0,3.7853250004014205,0.0,0.0,0.0,1.2806248474574085,0.6
12.76,2.0018193948853004e-8,1.6344786915586573e-8,0.0,3.7853250003641055,0.0,0.0,0.0,1.2806248474585329,0.6
12.77,1.963167420032399e-8,1.6029194862451587e-8,0.0,3.785325000390393,0.0,0.0,0.0,1.2806248474595985,0.6
12.780000000000001,1.925191039950631e-8,1.5719119017523833e-8,0.0,3.7853250003552765,0.0,0.0,0.0,1.280624847460688,0.6
12.790000000000001,1.8878803070946063e-8,1.5414478159435316e-8,0.0,3.785325000346921,0.0,0.0,0.0,1.2806248474617123,0.6
12.8,1.851225495916917e-8,1.5115192879423965e-8,0.0,3.7853250003497614,0.0,0.0,0.0,1.2806248474627175,0.6
12.81,1.815216725498609e-8,1.482118250012437e-8,0.0,3.785325000360504,0.0,0.0,0.0,1.2806248474637238,0.6
12.82,1.7798444479253198e-8,1.4532369063142198e-8,0.0,3.7853250003895904,0.0,0.0,0.0,1.2806248474647481,0.6
12.83,1.745099070883869e-8,1.4248674247568304e-8,0.0,3.785325000422717,0.0,0.0,0.0,1.2806248474658282,0.6
12.84,1.7109711352553545e-8,1.3970020820020268e-8,0.0,3.785325000349453,0.0,0.0,0.0,1.2806248474669863,0.6
12.85,1.677451159699025e-8,1.369633136567503e-8,0.0,3.7853250002885668,0.0,0.0,0.0,1.280624847468135,0.6
12.86,1.6445300181543303e-8,1.342753137056022e-8,0.0,3.7853250002134953,0.0,0.0,0.0,1.2806248474692303,0.6
12.870000000000001,1.6121984513480348e-8,1.3163545233026452e-8,0.0,3.785325000168945,0.0,0.0,0.0,1.2806248474703652,0.6
12.88,1.5804473553878364e-8,1.2904298620104352e-8,0.0,3.785325000123274,0.0,0.0,0.0,1.2806248474714952,0.6
12.89,1.5492677152147206e-8,1.2649717924145293e-8,0.0,3.7853250000753325,0.0,0.0,0.0,1.2806248474725854,0.6
12.9,1.5186507155855238e-8,1.2399731168990247e-8,0.0,3.785325000040808,0.0,0.0,0.0,1.2806248474736448,0.6
12.91,1.488587519053689e-8,1.2154266197190233e-8,0.0,3.7853249999909147,0.0,0.0,0.0,1.280624847474648,0.6
12.92,1.4590694213957892e-8,1.1913251939058575e-8,0.0,3.785324999935639,0.0,0.0,0.0,1.2806248474756057,0.6
12.93,1.4300878738110426e-8,1.1676618593929176e-8,0.0,3.785324999881086,0.0,0.0,0.0,1.280624847476522,0.6
12.94,1.4016343496962095e-8,1.1444296542378117e-8,0.0,3.785324999839346,0.0,0.0,0.0,1.2806248474773616,0.6
12.950000000000001,1.3737005222747134e-8,1.121621779655935e-8,0.0,3.7853249997949425,0.0,0.0,0.0,1.2806248474781634,0.6
12.96,1.3462780425609795e-8,1.0992314187291114e-8,0.0,3.785324999746785,0.0,0.0,0.0,1.2806248474789277,0.6
12.97,1.3193587392190406e-8,1.0772518995894619e-8,0.0,3.7853249997000624,0.0,0.0,0.0,1.2806248474796678,0.6
12.98,1.2929345075261758e-8,1.0556766047585957e-8,0.0,3.7853249996473437,0.0,0.0,0.0,1.2806248474803819,0.6
12.99,1.2669973093641032e-8,1.0344989711404188e-8,0.0,3.7853249996068605,0.0,0.0,0.0,1.2806248474810564,0.6
13.0,1.2415393286314282e-8,1.0137126169148655e-8,0.0,3.785324999567217,0.0,0.0,0.0,1.2806248474816964,0.6
13.01,1.2165527048397124e-8,9.933111240200023e-9,0.0,3.7853249995232314,0.0,0.0,0.0,1.2806248474823418,0.6
13.02,1.1920297329548684e-8,9.732882013218403e-9,0.0,3.7853249994895157,0.0,0.0,0.0,1.2806248474829474,0.6
13.030000000000001,1.1679627967105126e-8,9.536376301649182e-9,0.0,3.7853249994371923,0.0,0.0,0.0,1.2806248474834965,0.6
13.040000000000001,1.1443444352976454e-8,9.34353318824197e-9,0.0,3.785324999408636,0.0,0.0,0.0,1.2806248474839976,0.6
13.05,1.1211672101340214e-8,9.154291937227058e-9,0.0,3.785324999381767,0.0,0.0,0.0,1.280624847484458,0.6
13.06,1.0984238158365024e-8,8.968592900400905e-9,0.0,3.7853249993563347,0.0,0.0,0.0,1.2806248474848685,0.6
13.07,1.0761070136543288e-8,8.786376973611052e-9,0.0,3.7853249993256908,0.0,0.0,0.0,1.2806248474852455,0.6
13.08,1.0542096980604084e-8,8.60758614047174e-9,0.0,3.785324999298755,0.0,0.0,0.0,1.2806248474855884,0.6
13.09,1.0327248301432182e-8,8.432162928511043e-9,0.0,3.7853249992721736,0.0,0.0,0.0,1.280624847485907,0.6
13.1,1.0116446826543167e-8,8.26004424500964e-9,0.0,3.785324999246512,0.0,0.0,0.0,1.2806248474861937,0.6
13.11,9.909631936757226e-9,8.091180594614474e-9,0.0,3.7853249992171705,0.0,0.0,0.0,1.2806248474864377,0.6
13.120000000000001,9.706736351877923e-9,7.925517043275194e-9,0.0,3.7853249991903746,0.0,0.0,0.0,1.2806248474866393,0.6
13.13,9.507693457848019e-9,7.762999200841816e-9,0.0,3.785324999163267,0.0,0.0,0.0,1.2806248474868034,0.6
13.14,9.3124379729181e-9,7.603573764989153e-9,0.0,3.7853249991427593,0.0,0.0,0.0,1.2806248474869393,0.6
13.15,9.120904615310879e-9,7.447187433369248e-9,0.0,3.7853249991254287,0.0,0.0,0.0,1.2806248474870436,0.6
13.16,8.933030546153065e-9,7.293788898256914e-9,0.0,3.7853249991098883,0.0,0.0,0.0,1.2806248474871174,0.6
13.17,8.748751815952484e-9,7.143325945110437e-9,0.0,3.785324999098812,0.0,0.0,0.0,1.2806248474871516,0.6
13.18,8.568006695903484e-9,6.995748172571057e-9,0.0,3.7853249990896467,0.0,0.0,0.0,1.2806248474871518,0.6
13.19,8.390734345643873e-9,6.851005904691063e-9,0.0,3.785324999085237,0.0,0.0,0.0,1.2806248474871256,0.6
13.200000000000001,8.21687459077786e-9,6.709050009282031e-9,0.0,3.785324999076961,0.0,0.0,0.0,1.2806248474870678,0.6
13.21,8.046367479344883e-9,6.569831535773142e-9,0.0,3.7853249990719626,0.0,0.0,0.0,1.2806248474869872,0.6
13.22,7.879155723776594e-9,6.433303709060712e-9,0.0,3.785324999070494,0.0,0.0,0.0,1.2806248474859423,0.6
13.23,7.715180482237788e-9,6.2994184849874785e-9,0.0,3.785324999076269,0.0,0.0,0.0,1.2806248474840796,0.6
13.24,7.554385577505007e-9,6.168129995042563e-9,0.0,3.7853249990681745,0.0,0.0,0.0,1.280624847482244,0.6
13.25,7.3967152764705375e-9,6.039392733334074e-9,0.0,3.785324999071968,0.0,0.0,0.0,1.2806248474804087,0.6
13.26,7.242113846227688e-9,5.91316119413425e-9,0.0,3.785324999075366,0.0,0.0,0.0,1.2806248474785993,0.6
13.27,7.0905268860750804e-9,5.789390959456419e-9,0.0,3.7853249990778197,0.0,0.0,0.0,1.2806248474768125,0.6
13.280000000000001,6.941901549610601e-9,5.668038880393939e-9,0.0,3.785324999088063,0.0,0.0,0.0,1.280624847475046,0.6
13.290000000000001,6.796184768635656e-9,5.549061626944102e-9,0.0,3.7853249990993545,0.0,0.0,0.0,1.2806248474733208,0.6
13.3,6.6533250292503616e-9,5.432417138183783e-9,0.0,3.785324999113488,0.0,0.0,0.0,1.2806248474716315,0.6
13.31,6.513271039387585e-9,5.318063534315539e-9,0.0,3.7853249991230333,0.0,0.0,0.0,1.2806248474699906,0.6
13.32,6.375971951612458e-9,5.205959298582653e-9,0.0,3.7853249991396405,0.0,0.0,0.0,1.2806248474683843,0.6
13.33,6.2416171692190255e-9,5.0962590781271266e-9,0.0,3.7853249991626976,0.0,0.0,0.0,1.2806248474668236,0.6
13.34,6.109915815700363e-9,4.988725373275585e-9,0.0,3.7853249991817637,0.0,0.0,0.0,1.2806248474653217,0.6
13.35,5.980819041395479e-9,4.883318298446849e-9,0.0,3.7853249991977975,0.0,0.0,0.0,1.2806248474638708,0.6
13.36,5.854279329718407e-9,4.779999056510939e-9,0.0,3.785324999219649,0.0,0.0,0.0,1.2806248474624673,0.6
13.370000000000001,5.730249163487006e-9,4.678728849851102e-9,0.0,3.7853249992400024,0.0,0.0,0.0,1.2806248474611215,0.6
13.38,5.608683246440905e-9,4.579470694225618e-9,0.0,3.7853249992622113,0.0,0.0,0.0,1.2806248474598323,0.6
13.39,5.4895373920530406e-9,4.482188511486213e-9,0.0,3.78532499928807,0.0,0.0,0.0,1.2806248474585984,0.6
13.4,5.372766526547103e-9,4.386845499048644e-9,0.0,3.785324999311017,0.0,0.0,0.0,1.2806248474574267,0.6
13.41,5.258326463218886e-9,4.293405578620003e-9,0.0,3.785324999338218,0.0,0.0,0.0,1.280624847456314,0.6
13.42,5.146174792230069e-9,4.201834122712302e-9,0.0,3.7853249993618228,0.0,0.0,0.0,1.2806248474552646,0.6
13.43,5.0362691037639805e-9,4.112096503855233e-9,0.0,3.785324999390499,0.0,0.0,0.0,1.2806248474542727,0.6
13.44,4.928567875975235e-9,4.024158819604005e-9,0.0,3.785324999416174,0.0,0.0,0.0,1.2806248474533484,0.6
13.450000000000001,4.823030697368132e-9,3.937988074110546e-9,0.0,3.785324999442669,0.0,0.0,0.0,1.2806248474524875,0.6
13.46,4.719616934534104e-9,3.853551090335691e-9,0.0,3.7853249994703284,0.0,0.0,0.0,1.280624847451687,0.6
13.47,4.618286619853389e-9,3.770815234854557e-9,0.0,3.7853249995010754,0.0,0.0,0.0,1.28062484745095,0.6
13.48,4.519001561966183e-9,3.6897493245524417e-9,0.0,3.7853249995354847,0.0,0.0,0.0,1.280624847450283,0.6
13.49,4.421722903685481e-9,3.610321632669012e-9,0.0,3.785324999564499,0.0,0.0,0.0,1.2806248474496913,0.6
13.5,4.32641312003875e-9,3.5325015201924954e-9,0.0,3.7853249995984117,0.0,0.0,0.0,1.2806248474491662,0.6
13.51,4.233035573777837e-9,3.456259072935039e-9,0.0,3.785324999630142,0.0,0.0,0.0,1.2806248474487116,0.6
13.52,4.141553850058227e-9,3.3815645583006026e-9,0.0,3.7853249996655802,0.0,0.0,0.0,1.280624847448325,0.6
13.530000000000001,4.05193197741745e-9,3.308388605713068e-9,0.0,3.785324999703957,0.0,0.0,0.0,1.280624847448013,0.6
13.540000000000001,3.964135317345594e-9,3.2367029329475235e-9,0.0,3.78532499973613,0.0,0.0,0.0,1.2806248474477782,0.6
13.55,3.878129009256019e-9,3.166479076454169e-9,0.0,3.785324999768416,0.0,0.0,0.0,1.280624847447612,0.6
13.56,3.79387908026302e-9,3.097689297487982e-9,0.0,3.7853249997835947,0.0,0.0,0.0,1.2806248474475121,0.6
13.57,3.7113520012412683e-9,3.030306219632769e-9,0.0,3.7853249997856495,0.0,0.0,0.0,1.2806248474474728,0.6
13.58,3.630515353908329e-9,2.9643033734717636e-9,0.0,3.785324999792985,0.0,0.0,0.0,1.2806248474474915,0.6
13.59,3.5513369416312836e-9,2.8996544705642706e-9,0.0,3.7853249997957055,0.0,0.0,0.0,1.2806248474475685,0.6
13.6,3.4737847899833807e-9,2.836333403900169e-9,0.0,3.7853249998003946,0.0,0.0,0.0,1.280624847447697,0.6
13.61,3.3978271465171945e-9,2.7743142477147008e-9,0.0,3.785324999805053,0.0,0.0,0.0,1.2806248474478736,0.6
13.620000000000001,3.323434479177403e-9,2.713572889185667e-9,0.0,3.785324999809157,0.0,0.0,0.0,1.2806248474481143,0.6
13.63,3.25057592292451e-9,2.65408412711385e-9,0.0,3.785324999820357,0.0,0.0,0.0,1.2806248474484074,0.6
13.64,3.1792226118032868e-9,2.5958243925454988e-9,0.0,3.78532499983174,0.0,0.0,0.0,1.2806248474487563,0.6
13.65,3.1093450133674077e-9,2.5387695723391632e-9,0.0,3.7853249998409826,0.0,0.0,0.0,1.2806248474491615,0.6
13.66,3.0409147056287273e-9,2.482896460038698e-9,0.0,3.7853249998501197,0.0,0.0,0.0,1.2806248474496225,0.6
13.67,2.9739041552187428e-9,2.428182574742861e-9,0.0,3.785324999867231,0.0,0.0,0.0,1.2806248474501294,0.6
13.68,2.908285383516318e-9,2.3746050720031544e-9,0.0,3.7853249998777456,0.0,0.0,0.0,1.2806248474506894,0.6
13.69,2.844031744759514e-9,2.3221421956460586e-9,0.0,3.785324999891704,0.0,0.0,0.0,1.2806248474512996,0.6
13.700000000000001,2.781115926978101e-9,2.270771645541263e-9,0.0,3.785324999884726,0.0,0.0,0.0,1.280624847451945,0.6
13.71,2.719512616401283e-9,2.220472753081462e-9,0.0,3.7853249999025502,0.0,0.0,0.0,1.2806248474526187,0.6
13.72,2.6591962770786144e-9,2.1712246682504268e-9,0.0,3.7853249999162486,0.0,0.0,0.0,1.2806248474533468,0.6
13.73,2.600141151703485e-9,2.1230063602953755e-9,0.0,3.7853249999426386,0.0,0.0,0.0,1.2806248474541122,0.6
13.74,2.5422903962443283e-9,2.0757714162588878e-9,0.0,3.7853249999704923,0.0,0.0,0.0,1.2806248474549182,0.6
13.75,2.4856542232213355e-9,2.0295281746287832e-9,0.0,3.785324999964004,0.0,0.0,0.0,1.280624847455744,0.6
13.76,2.430209761511623e-9,1.984257961211425e-9,0.0,3.785324999992572,0.0,0.0,0.0,1.2806248474565716,0.6
13.77,2.3759334753292154e-9,1.939941559118034e-9,0.0,3.785324999996084,0.0,0.0,0.0,1.280624847457424,0.6
13.780000000000001,2.3228024934097266e-9,1.8965602940394387e-9,0.0,3.7853249999983647,0.0,0.0,0.0,1.280624847458305,0.6
13.790000000000001,2.2707946102030454e-9,1.8540960352198949e-9,0.0,3.7853249999941663,0.0,0.0,0.0,1.2806248474592015,0.6
13.8,2.2198869530841914e-9,1.8125301072393097e-9,0.0,3.785325000007814,0.0,0.0,0.0,1.2806248474601212,0.6
13.81,2.170057762269548e-9,1.771844743308758e-9,0.0,3.7853250000026724,0.0,0.0,0.0,1.2806248474610606,0.6
13.82,2.121285721621141e-9,1.7320225388744656e-9,0.0,3.7853249999795837,0.0,0.0,0.0,1.280624847462021,0.6
13.83,2.073550401573186e-9,1.6930468132658198e-9,0.0,3.7853249999795078,0.0,0.0,0.0,1.280624847463009,0.6
13.84,2.0268304852771656e-9,1.6549001613488895e-9,0.0,3.78532499998399,0.0,0.0,0.0,1.2806248474640372,0.6
13.85,1.9811059900520765e-9,1.6175662673329581e-9,0.0,3.78532500000293,0.0,0.0,0.0,1.2806248474651205,0.6
13.86,1.936357374098857e-9,1.5810291754059066e-9,0.0,3.7853250000079774,0.0,0.0,0.0,1.2806248474662594,0.6
13.870000000000001,1.8925644303283423e-9,1.545272386548521e-9,0.0,3.7853250000138883,0.0,0.0,0.0,1.2806248474674076,0.6
13.88,1.8497078410694698e-9,1.5102801279484277e-9,0.0,3.7853250000126133,0.0,0.0,0.0,1.280624847468571,0.6
13.89,1.8077700653729795e-9,1.4760380774805294e-9,0.0,3.785325000019213,0.0,0.0,0.0,1.2806248474697741,0.6
13.9,1.7667315629069818e-9,1.4425302805306483e-9,0.0,3.7853250000337217,0.0,0.0,0.0,1.2806248474710125,0.6
13.91,1.7265741245449864e-9,1.4097418694092632e-9,0.0,3.7853250000279317,0.0,0.0,0.0,1.2806248474722826,0.6
13.92,1.6872802101242476e-9,1.3776585226334633e-9,0.0,3.7853250000235796,0.0,0.0,0.0,1.2806248474735564,0.6
13.93,1.6488324988716478e-9,1.3462660978512192e-9,0.0,3.785325000030939,0.0,0.0,0.0,1.280624847473728,0.6
13.94,1.6112134507082247e-9,1.3155502736480287e-9,0.0,3.785325000038322,0.0,0.0,0.0,1.2806248474739172,0.6
13.950000000000001,1.5744070771348196e-9,1.2854979954689949e-9,0.0,3.7853250000371728,0.0,0.0,0.0,1.2806248474741004,0.6
13.96,1.5383956150643985e-9,1.2560947598142875e-9,0.0,3.785325000037856,0.0,0.0,0.0,1.2806248474742932,0.6
13.97,1.503163965605453e-9,1.2273282384906143e-9,0.0,3.7853250000435574,0.0,0.0,0.0,1.2806248474744852,0.6
13.98,1.4686952537011337e-9,1.1991846530717549e-9,0.0,3.785325000044545,0.0,0.0,0.0,1.2806248474746769,0.6
13.99,1.434975047137479e-9,1.1716522197043542e-9,0.0,3.7853250000667407,0.0,0.0,0.0,1.2806248474749,0.6
14.0,1.4019871357738957e-9,1.1447177028640416e-9,0.0,3.7853250000526417,0.0,0.0,0.0,1.2806248474751245,0.6
14.01,1.369717087543123e-9,1.1183693188172428e-9,0.0,3.7853250000735446,0.0,0.0,0.0,1.280624847475361,0.6
14.02,1.3380554348909206e-9,1.0925176876801981e-9,0.0,3.785325000094125,0.0,0.0,0.0,1.2806248474756374,0.6
14.030000000000001,1.3071227474227366e-9,1.06726125412352e-9,0.0,3.785325000096473,0.0,0.0,0.0,1.280624847475931,0.6
14.040000000000001,1.276907258313051e-9,1.0425904105744029e-9,0.0,3.7853250001010013,0.0,0.0,0.0,1.2806248474762285,0.6
14.05,1.247352569213621e-9,1.0184591079743362e-9,0.0,3.7853250001047045,0.0,0.0,0.0,1.2806248474765356,0.6
14.06,1.2184449138458048e-9,9.948561062038774e-10,0.0,3.785325000104897,0.0,0.0,0.0,1.2806248474768445,0.6
14.07,1.1901716365481057e-9,9.717710719586845e-10,0.0,3.7853250001221226,0.0,0.0,0.0,1.2806248474771706,0.6
14.08,1.1625189719648273e-9,9.491927658728965e-10,0.0,3.785325000147119,0.0,0.0,0.0,1.2806248474775423,0.6
14.09,1.1354747068078084e-9,9.271112158384877e-10,0.0,3.785325000172282,0.0,0.0,0.0,1.2806248474779587,0.6
14.1,1.1090257407327862e-9,9.055157254691586e-10,0.0,3.7853250002005923,0.0,0.0,0.0,1.2806248474784268,0.6
14.11,1.0831596394186954e-9,8.843961421842733e-10,0.0,3.785325000218429,0.0,0.0,0.0,1.280624847478934,0.6
14.120000000000001,1.0578653016620703e-9,8.637434018891579e-10,0.0,3.7853250002448355,0.0,0.0,0.0,1.2806248474794835,0.6
14.13,1.033130070651763e-9,8.435471703407845e-10,0.0,3.7853250002801686,0.0,0.0,0.0,1.2806248474800932,0.6
14.14,1.0089417350479531e-9,8.237974770219413e-10,0.0,3.785325000312697,0.0,0.0,0.0,1.2806248474807633,0.6
14.15,9.852889721108441e-10,8.044850769542979e-10,0.0,3.7853250003373646,0.0,0.0,0.0,1.2806248474814808,0.6
14.16,9.62160678110938e-10,7.856009039806832e-10,0.0,3.7853250003539882,0.0,0.0,0.0,1.280624847482229,0.6
14.17,9.395466382892278e-10,7.671366177852934e-10,0.0,3.78532500037623,0.0,0.0,0.0,1.2806248474830098,0.6
14.18,9.174355310607605e-10,7.490829743327236e-10,0.0,3.7853250003870285,0.0,0.0,0.0,1.2806248474838144,0.6
14.19,8.958169211126222e-10,7.314314532256585e-10,0.0,3.7853250004103325,0.0,0.0,0.0,1.280624847484647,0.6
14.200000000000001,8.746801493705371e-10,7.141733513663962e-10,0.0,3.7853250004240233,0.0,0.0,0.0,1.2806248474855075,0.6
14.21,8.540147797727087e-10,6.973001477461616e-10,0.0,3.78532500043621,0.0,0.0,0.0,1.2806248474863837,0.6
14.22,8.338112656145877e-10,6.808040475133309e-10,0.0,3.785325000420709,0.0,0.0,0.0,1.2806248474872401,0.6
14.23,8.140600602333713e-10,6.646772558503663e-10,0.0,3.7853250004398866,0.0,0.0,0.0,1.280624847488102,0.6
14.24,7.947509491032282e-10,6.48911432631851e-10,0.0,3.785325000437185,0.0,0.0,0.0,1.2806248474889763,0.6
14.25,7.758754959421822e-10,6.334996896623955e-10,0.0,3.7853250004057895,0.0,0.0,0.0,1.2806248474898656,0.6
14.26,7.574239307065018e-10,6.184340497346976e-10,0.0,3.7853250003807637,0.0,0.0,0.0,1.2806248474907649,0.6
14.27,7.393869280252552e-10,6.037068987152756e-10,0.0,3.785325000361533,0.0,0.0,0.0,1.2806248474916564,0.6
14.280000000000001,7.217558296435984e-10,5.893111671686523e-10,0.0,3.785325000334698,0.0,0.0,0.0,1.2806248474925503,0.6
14.290000000000001,7.045221979041573e-10,5.752399657764312e-10,0.0,3.7853250003116563,0.0,0.0,0.0,1.280624847493433,0.6
14.3,6.876771509169914e-10,5.614860425058433e-10,0.0,3.7853250002909253,0.0,0.0,0.0,1.2806248474942896,0.6
14.31,6.711618465166118e-10,5.480013529299527e-10,0.0,3.785325000267321,0.0,0.0,0.0,1.2806248474951223,0.6
14.32,6.550702104896002e-10,5.348625871323644e-10,0.0,3.78532500023725,0.0,0.0,0.0,1.280624847495927,0.6
14.33,6.392943288715401e-10,5.219816337300977e-10,0.0,3.785325000217553,0.0,0.0,0.0,1.2806248474967012,0.6
14.34,6.239243521870822e-10,5.09432100318299e-10,0.0,3.7853250001964533,0.0,0.0,0.0,1.280624847497455,0.6
14.35,6.088559189310133e-10,4.971287760847811e-10,0.0,3.7853250001697067,0.0,0.0,0.0,1.2806248474981785,0.6
14.36,5.941762930117925e-10,4.851429117124392e-10,0.0,3.7853250001420395,0.0,0.0,0.0,1.280624847498887,0.6
14.370000000000001,5.797859980761275e-10,4.733932850989272e-10,0.0,3.7853250001194962,0.0,0.0,0.0,1.2806248474995792,0.6
14.38,5.65768301537773e-10,4.6194788380287835e-10,0.0,3.7853250000952716,0.0,0.0,0.0,1.2806248475002495,0.6
14.39,5.520272796701793e-10,4.50728386429535e-10,0.0,3.7853250000791188,0.0,0.0,0.0,1.2806248475008728,0.6
14.4,5.386430907212403e-10,4.398002419142357e-10,0.0,3.7853250000548506,0.0,0.0,0.0,1.2806248475014654,0.6
14.41,5.255235852581718e-10,4.2908821056017757e-10,0.0,3.785325000040205,0.0,0.0,0.0,1.2806248475020328,0.6
14.42,5.127458133219423e-10,4.1865520346237197e-10,0.0,3.7853250000174836,0.0,0.0,0.0,1.2806248475025668,0.6
14.43,5.002209567166195e-10,4.084287008675158e-10,0.0,3.785325000003832,0.0,0.0,0.0,1.280624847503056,0.6
14.44,4.880233998277303e-10,3.9846943737206643e-10,0.0,3.7853249999862415,0.0,0.0,0.0,1.280624847503524,0.6
14.450000000000001,4.760680993022783e-10,3.887079753690714e-10,0.0,3.7853249999689047,0.0,0.0,0.0,1.2806248475039523,0.6
14.46,4.6442610920238097e-10,3.792023302573108e-10,0.0,3.7853249999532914,0.0,0.0,0.0,1.2806248475043451,0.6
14.47,4.5301571667010277e-10,3.698857837676624e-10,0.0,3.785324999933798,0.0,0.0,0.0,1.2806248475047002,0.6
14.48,4.4190553269440464e-10,3.6081435653802683e-10,0.0,3.78532499991609,0.0,0.0,0.0,1.2806248475050308,0.6
14.49,4.310167317526245e-10,3.5192368779866074e-10,0.0,3.7853249998995646,0.0,0.0,0.0,1.2806248475053255,0.6
14.5,4.2041526049663785e-10,3.432676227653441e-10,0.0,3.785324999885856,0.0,0.0,0.0,1.280624847505583,0.6
14.51,4.1002517954119715e-10,3.347841571896645e-10,0.0,3.7853249998728886,0.0,0.0,0.0,1.280624847505797,0.6
14.52,3.99910215175898e-10,3.2652532336919193e-10,0.0,3.7853249998606056,0.0,0.0,0.0,1.2806248475059925,0.6
14.530000000000001,3.899977583062226e-10,3.184318362265084e-10,0.0,3.7853249998476426,0.0,0.0,0.0,1.2806248475061561,0.6
14.540000000000001,3.803484260991508e-10,3.1055318947119855e-10,0.0,3.7853249998377754,0.0,0.0,0.0,1.2806248475062874,0.6
14.55,3.7089249637043194e-10,3.028324551782067e-10,0.0,3.78532499982924,0.0,0.0,0.0,1.2806248475063644,0.6
14.56,3.6168792153270344e-10,2.9531695129430804e-10,0.0,3.7853249998128056,0.0,0.0,0.0,1.2806248475064057,0.6
14.57,3.526687539830764e-10,2.879528318272232e-10,0.0,3.7853249998031138,0.0,0.0,0.0,1.28062484750642,0.6
14.58,3.43889615732619e-10,2.80784695462233e-10,0.0,3.785324999788637,0.0,0.0,0.0,1.2806248475064121,0.6
14.59,3.352872246456814e-10,2.7376087255194524e-10,0.0,3.7853249997864995,0.0,0.0,0.0,1.2806248475058577,0.6
14.6,3.269150917975012e-10,2.6692505470633343e-10,0.0,3.785324999783796,0.0,0.0,0.0,1.2806248475052349,0.6
14.61,3.1871171212802066e-10,2.6022702325415055e-10,0.0,3.7853249997792724,0.0,0.0,0.0,1.2806248475046098,0.6
14.620000000000001,3.107285996970889e-10,2.537088392491331e-10,0.0,3.7853249997772918,0.0,0.0,0.0,1.280624847503984,0.6
14.63,3.0290713651055215e-10,2.473226412994738e-10,0.0,3.785324999777113,0.0,0.0,0.0,1.280624847503363,0.6
14.64,2.952908423732288e-10,2.411039631770094e-10,0.0,3.785324999772659,0.0,0.0,0.0,1.2806248475027415,0.6
14.65,2.878344201876395e-10,2.3501581995652207e-10,0.0,3.785324999770652,0.0,0.0,0.0,1.2806248475021198,0.6
14.66,2.805738408247541e-10,2.2908758173117178e-10,0.0,3.7853249997718637,0.0,0.0,0.0,1.2806248475015019,0.6
14.67,2.7346625105854994e-10,2.2328425898842915e-10,0.0,3.785324999770876,0.0,0.0,0.0,1.2806248475008912,0.6
14.68,2.6654673286245643e-10,2.1763449603965161e-10,0.0,3.785324999767533,0.0,0.0,0.0,1.2806248475002815,0.6
14.69,2.597730990495078e-10,2.1210384719092262e-10,0.0,3.7853249997646645,0.0,0.0,0.0,1.2806248474996709,0.6
14.700000000000001,2.5317887746120535e-10,2.067196878101939e-10,0.0,3.785324999762974,0.0,0.0,0.0,1.2806248474990622,0.6
14.71,2.4672365805239675e-10,2.0144902323376338e-10,0.0,3.7853249997640113,0.0,0.0,0.0,1.2806248474984592,0.6
14.72,2.404403030412939e-10,1.963186853504428e-10,0.0,3.7853249997607445,0.0,0.0,0.0,1.2806248474978592,0.6
14.73,2.342899521410268e-10,1.9129694486886893e-10,0.0,3.785324999762877,0.0,0.0,0.0,1.2806248474972646,0.6
14.74,2.2830391302830845e-10,1.8640936440003478e-10,0.0,3.7853249997627225,0.0,0.0,0.0,1.2806248474966777,0.6
14.75,2.224448850431876e-10,1.8162548808262374e-10,0.0,3.785324999766934,0.0,0.0,0.0,1.2806248474961015,0.6
14.76,2.1674217862297616e-10,1.7696924778848652e-10,0.0,3.785324999769007,0.0,0.0,0.0,1.2806248474955355,0.6
14.77,2.1116048808181061e-10,1.7241181654582822e-10,0.0,3.7853249997714866,0.0,0.0,0.0,1.28062484749498,0.6
14.780000000000001,2.057289003138365e-10,1.679769437042685e-10,0.0,3.7853249997696037,0.0,0.0,0.0,1.28062484749443,0.6
14.790000000000001,2.004123316133083e-10,1.6363598353801983e-10,0.0,3.7853249997752823,0.0,0.0,0.0,1.280624847493891,0.6
14.8,1.952387600738512e-10,1.5941178006486814e-10,0.0,3.785324999782527,0.0,0.0,0.0,1.2806248474933686,0.6
14.81,1.901757716145104e-10,1.5527786729853982e-10,0.0,3.7853249997902187,0.0,0.0,0.0,1.2806248474928674,0.6
14.82,1.8525001137481812e-10,1.5125600090436134e-10,0.0,3.7853249997981155,0.0,0.0,0.0,1.2806248474923865,0.6
14.83,1.8042883934174571e-10,1.4731953042329336e-10,0.0,3.7853249998058587,0.0,0.0,0.0,1.2806248474919255,0.6
14.84,1.7573912314439365e-10,1.43490393182634e-10,0.0,3.7853249998133416,0.0,0.0,0.0,1.2806248474914845,0.6
14.85,1.7115621391658243e-10,1.3974846346742403e-10,0.0,3.785324999821466,0.0,0.0,0.0,1.280624847491064,0.6
14.86,1.6668499689480312e-10,1.3609773005655537e-10,0.0,3.785324999829635,0.0,0.0,0.0,1.2806248474906634,0.6
14.870000000000001,1.6232280644010451e-10,1.325360164649384e-10,0.0,3.785324999837371,0.0,0.0,0.0,1.2806248474902826,0.6
14.88,1.5806675708140759e-10,1.2906096671530272e-10,0.0,3.7853249998374627,0.0,0.0,0.0,1.28062484748992,0.6
14.89,1.5391462910686097e-10,1.2567076842051106e-10,0.0,3.7853249998359644,0.0,0.0,0.0,1.2806248474895758,0.6
14.9,1.4986486740573538e-10,1.2236415183796997e-10,0.0,3.785324999834881,0.0,0.0,0.0,1.2806248474892508,0.6
14.91,1.4591391935680535e-10,1.191382162645955e-10,0.0,3.785324999833445,0.0,0.0,0.0,1.280624847488944,0.6
14.92,1.420600081556214e-10,1.1599151094562975e-10,0.0,3.7853249998328944,0.0,0.0,0.0,1.2806248474886555,0.6
14.93,1.3830113707114023e-10,1.1292240555700278e-10,0.0,3.7853249998327345,0.0,0.0,0.0,1.280624847488386,0.6
14.94,1.3463463994845423e-10,1.0992872319234832e-10,0.0,3.7853249998327225,0.0,0.0,0.0,1.280624847488134,0.6
14.950000000000001,1.310580749679669e-10,1.0700847011431457e-10,0.0,3.785324999832833,0.0,0.0,0.0,1.2806248474879,0.6
14.96,1.2757010899793808e-10,1.0416055782539378e-10,0.0,3.7853249998336453,0.0,0.0,0.0,1.2806248474876845,0.6
14.97,1.241683009346052e-10,1.0138299317271012e-10,0.0,3.7853249998345952,0.0,0.0,0.0,1.280624847487488,0.6
14.98,1.2085087215759645e-10,9.867432391881122e-11,0.0,3.7853249998360994,0.0,0.0,0.0,1.280624847487309,0.6
14.99,1.176158256662296e-10,9.603291951946797e-11,0.0,3.7853249998373255,0.0,0.0,0.0,1.2806248474871473,0.6
15.0,1.1446138521661851e-10,9.345732967762037e-11,0.0,3.78532499983923,0.0,0.0,0.0,1.280624847487003,0.6
15.01,1.1138555126959865e-10,9.094592177637723e-11,0.0,3.785315582674994,0.0,0.0,0.0,1.2806248474868753,0.6
15.02,1.0838610331050856e-10,8.849688257247498e-11,0.0,3.7852873312697497,0.0,0.0,0.0,1.2806248474867634,0.6
15.030000000000001,1.0546148575605319e-10,8.610894253937551e-11,0.0,3.7852404692115176,0.0,0.0,0.0,1.2806248475490758,0.6
15.040000000000001,1.0261036700732659e-10,8.378101382922131e-11,0.0,3.7851754630565075,0.0,0.0,0.0,1.2806248479479359,0.6
15.05,9.983030222115227e-11,8.151110024140548e-11,0.0,3.785092607885322,0.0,0.0,0.0,1.2806248492761192,0.6
15.06,9.711973664486535e-11,7.929793291113374e-11,0.0,3.7849920968799893,0.0,0.0,0.0,1.280624852274655,0.6
15.07,9.447733942579205e-11,7.714042461630746e-11,0.0,3.7848739631080606,0.0,0.0,0.0,1.2806248577499975,0.6
15.08,9.189644924683692e-11,7.503313660944066e-11,0.0,3.7847381228090553,0.0,0.0,0.0,1.2806248664862212,0.6
15.09,8.937839874998699e-11,7.297715680397223e-11,0.0,3.7845844230375234,0.0,0.0,0.0,1.2806248791742967,0.6
15.1,8.692296448382262e-11,7.09723031243211e-11,0.0,3.7844125478335613,0.0,0.0,0.0,1.280624896328959,0.6
15.11,8.452969975687528e-11,6.9018210661145e-11,0.0,3.7842221313214317,0.0,0.0,0.0,1.2806249182344642,0.6
15.120000000000001,8.219705260096331e-11,6.7113612411023e-11,0.0,3.78401269792526,0.0,0.0,0.0,1.2806249448747882,0.6
15.13,7.992346642448728e-11,6.525723707148577e-11,0.0,3.7837836545355903,0.0,0.0,0.0,1.2806249758698394,0.6
15.14,7.770716507765924e-11,6.344763443459258e-11,0.0,3.7835343776938424,0.0,0.0,0.0,1.2806250104325232,0.6
15.15,7.554792674142941e-11,6.168462388055544e-11,0.0,3.783264141462367,0.0,0.0,0.0,1.2806250473104295,0.6
15.16,7.344352897823261e-11,5.996639014642798e-11,0.0,3.78297211423054,0.0,0.0,0.0,1.2806250847297245,0.6
15.17,7.13924182888749e-11,5.829166543702842e-11,0.0,3.7826574464349423,0.0,0.0,0.0,1.2806251203657895,0.6
15.18,6.939481473438897e-11,5.6660628964741584e-11,0.0,3.7823191951627027,0.0,0.0,0.0,1.2806251512978757,0.6
15.19,6.744783268594335e-11,5.507092463920813e-11,0.0,3.78195633388303,0.0,0.0,0.0,1.280625173949338,0.6
15.200000000000001,6.555035923469451e-11,5.352164419371226e-11,0.0,3.7815678126452332,0.0,0.0,0.0,1.2806251840876983,0.6
15.21,6.370150767422257e-11,5.2012063087617974e-11,0.0,3.781152374927799,0.0,0.0,0.0,1.280625176448118,0.6
15.22,6.190039012521685e-11,5.0541456895331934e-11,0.0,3.780709142955677,0.0,0.0,0.0,1.2806251458981415,0.6
15.23,6.014678114980933e-11,4.9109641046545374e-11,0.0,3.780236717913144,0.0,0.0,0.0,1.2806250857157138,0.6
15.24,5.843779619425283e-11,4.7714260679898286e-11,0.0,3.779733923775771,0.0,0.0,0.0,1.2806249888128691,0.6
15.25,5.6772990713112137e-11,4.635495270325994e-11,0.0,3.779199428331181,0.0,0.0,0.0,1.2806248463814494,0.6
15.26,5.515258235113574e-11,4.503189491903718e-11,0.0,3.7786319130429016,0.0,0.0,0.0,1.2806242744103808,0.6
15.27,5.357280129526104e-11,4.374200908830109e-11,0.0,3.778030030650676,0.0,0.0,0.0,1.2806235171475868,0.6
15.280000000000001,5.20343112924306e-11,4.2485837178756374e-11,0.0,3.77739117270241,0.0,0.0,0.0,1.280622527387543,0.6
15.290000000000001,5.0535558917600716e-11,4.1262110996164595e-11,0.0,3.7767162853272196,0.0,0.0,0.0,1.2806213024004935,0.6
15.3,4.907653934342134e-11,4.0070826577668556e-11,0.0,3.776002811499568,0.0,0.0,0.0,1.280619792253661,0.6
15.31,4.765548199721227e-11,3.891053811318662e-11,0.0,3.7752493437068297,0.0,0.0,0.0,1.2806179587290623,0.6
15.32,4.627215976131851e-11,3.778106018380796e-11,0.0,3.774454435753385,0.0,0.0,0.0,1.2806157610849562,0.6
15.33,4.492679558796919e-11,3.6682574989615694e-11,0.0,3.7736166342220843,0.0,0.0,0.0,1.2806131561240366,0.6
15.34,4.3614729203265904e-11,3.56112772340777e-11,0.0,3.7727344815362533,0.0,0.0,0.0,1.2806100981715864,0.6
15.35,4.233751349117648e-11,3.4568435010527073e-11,0.0,3.7718057925924686,0.0,0.0,0.0,1.280606524566913,0.6
15.36,4.10935917629369e-11,3.355277714915038e-11,0.0,3.770830516685287,0.0,0.0,0.0,1.2806024122610646,0.6
15.370000000000001,3.988274560743357e-11,3.2564125426479795e-11,0.0,3.7698065388416033,0.0,0.0,0.0,1.2805976950107325,0.6
15.38,3.8703862089746944e-11,3.1601571064976616e-11,0.0,3.7687324180117643,0.0,0.0,0.0,1.2805923174080394,0.6
15.39,3.7556496559765616e-11,3.066475103180162e-11,0.0,3.767606727089056,0.0,0.0,0.0,1.2805862216978563,0.6
15.4,3.6440430968853776e-11,2.975348728704267e-11,0.0,3.766428054710873,0.0,0.0,0.0,1.2805793478684127,0.6
15.41,3.5353440121868256e-11,2.8865962969660814e-11,0.0,3.76519500642338,0.0,0.0,0.0,1.2805716336528286,0.6
15.42,3.429508412408274e-11,2.800181890888683e-11,0.0,3.7639062094694262,0.0,0.0,0.0,1.2805630146173215,0.6
15.43,3.3265362470630054e-11,2.7161054720590934e-11,0.0,3.7625603128903533,0.0,0.0,0.0,1.2805534242173024,0.6
15.44,3.2263608773877077e-11,2.6343126217245893e-11,0.0,3.761155991719711,0.0,0.0,0.0,1.2805427938614589,0.6
15.450000000000001,3.128871011699022e-11,2.5547124832161266e-11,0.0,3.7596913538507724,0.0,0.0,0.0,1.2805310353536599,0.6
15.46,3.033956350744825e-11,2.4772149870671102e-11,0.0,3.7581662717133124,0.0,0.0,0.0,1.2805181104298267,0.6
15.47,2.941638313928279e-11,2.4018376256484407e-11,0.0,3.7565789972985586,0.0,0.0,0.0,1.2805039281470665,0.6
15.48,2.851784420554472e-11,2.3284722228468896e-11,0.0,3.754927632639449,0.0,0.0,0.0,1.2804883913262393,0.6
15.49,2.764394381384818e-11,2.2571185607365202e-11,0.0,3.7532122914956854,0.0,0.0,0.0,1.2804714632544854,0.6
15.5,2.6794015873703987e-11,2.1877222350202524e-11,0.0,3.7514312639856695,0.0,0.0,0.0,1.280453045358284,0.6
15.51,2.596717470141139e-11,2.1202109282832026e-11,0.0,3.7495834507043226,0.0,0.0,0.0,1.2804330565252753,0.6
15.52,2.516231017846229e-11,2.0544940146864124e-11,0.0,3.747667135444974,0.0,0.0,0.0,1.2804113904209942,0.6
15.530000000000001,2.4380085610287056e-11,1.9906256543524634e-11,0.0,3.745682591299924,0.0,0.0,0.0,1.2803880110166908,0.6
15.540000000000001,2.3618951965862932e-11,1.9284793434569944e-11,0.0,3.7436282692854657,0.0,0.0,0.0,1.2803628105897904,0.6
15.55,2.28793531299582e-11,1.8680913510205326e-11,0.0,3.7415032374962798,0.0,0.0,0.0,1.280335703476585,0.6
15.56,2.215928864549483e-11,1.8092983317531058e-11,0.0,3.739306624046503,0.0,0.0,0.0,1.2803066029991492,0.6
15.57,2.1459870922171445e-11,1.7521911235103312e-11,0.0,3.737037606771128,0.0,0.0,0.0,1.2802754215360665,0.6
15.58,2.0779768529323863e-11,1.6966609956662497e-11,0.0,3.734695411761323,0.0,0.0,0.0,1.2802420707555446,0.6
15.59,2.0117870814432505e-11,1.6426172735529827e-11,0.0,3.732279314421326,0.0,0.0,0.0,1.280206461524358,0.6
15.6,1.947462503849704e-11,1.5900964654263555e-11,0.0,3.729788638696524,0.0,0.0,0.0,1.2801685041321662,0.6
15.610000000000001,1.8849142795391313e-11,1.539026054107199e-11,0.0,3.727222757552566,0.0,0.0,0.0,1.2801281083581029,0.6
15.620000000000001,1.824119998942992e-11,1.4893877318974743e-11,0.0,3.7245810939328723,0.0,0.0,0.0,1.2800851835710674,0.6
15.63,1.7650799200446465e-11,1.4411817094461616e-11,0.0,3.7218631209489654,0.0,0.0,0.0,1.2800396388284405,0.6
15.64,1.707638662517029e-11,1.3942811192534655e-11,0.0,3.7190683619045646,0.0,0.0,0.0,1.2799913829742127,0.6
15.65,1.6518187035221543e-11,1.3487043138223783e-11,0.0,3.71619639032296,0.0,0.0,0.0,1.2799403247392471,0.6
15.66,1.5975531715949605e-11,1.30439670245753e-11,0.0,3.7132468301536132,0.0,0.0,0.0,1.2798863727758185,0.6
15.67,1.5448643571331508e-11,1.2613764564270967e-11,0.0,3.7102193541569295,0.0,0.0,0.0,1.2798294359690026,0.6
15.68,1.4936414466946348e-11,1.2195531257166771e-11,0.0,3.7071128845185193,0.0,0.0,0.0,1.2797693793075127,0.6
15.69,1.4439289011307763e-11,1.1789630028431518e-11,0.0,3.7039287677299533,0.0,0.0,0.0,1.279706198502868,0.6
15.700000000000001,1.395593537925773e-11,1.1394973520812224e-11,0.0,3.7006660520093617,0.0,0.0,0.0,1.279639759764047,0.6
15.71,1.348590973346621e-11,1.1011199188075101e-11,0.0,3.697324629971247,0.0,0.0,0.0,1.279569974678707,0.6
15.72,1.3029434249379384e-11,1.0638488459461668e-11,0.0,3.693904406399456,0.0,0.0,0.0,1.279496752965245,0.6
15.73,1.2586287122218104e-11,1.0276660355288576e-11,0.0,3.690405342401637,0.0,0.0,0.0,1.2794200057700535,0.6
15.74,1.2155580549527492e-11,9.924989957880766e-12,0.0,3.6868274557331695,0.0,0.0,0.0,1.2793396448346388,0.6
15.75,1.1737758764507108e-11,9.583839898974504e-12,0.0,3.6831699340107784,0.0,0.0,0.0,1.2792555286992222,0.6
15.76,1.1332380055724366e-11,9.252849569272498e-12,0.0,3.679434566997546,0.0,0.0,0.0,1.27916767800968,0.6
15.77,1.0938554449972873e-11,8.931292303864313e-12,0.0,3.6756198225087715,0.0,0.0,0.0,1.279075895474726,0.6
15.780000000000001,1.0556728121763665e-11,8.619532417203607e-12,0.0,3.6717275918451318,0.0,0.0,0.0,1.2789802125971488,0.6
15.790000000000001,1.0185345221563538e-11,8.316299510686466e-12,0.0,3.6677572753873444,0.0,0.0,0.0,1.2788804883937723,0.6
15.8,9.825073644188846e-12,8.022138981249188e-12,0.0,3.6637091293750346,0.0,0.0,0.0,1.2787766404645668,0.6
15.81,9.47502379023065e-12,7.73632445219032e-12,0.0,3.659583459133356,0.0,0.0,0.0,1.2786685876121535,0.6
15.82,9.136085553917653e-12,7.459582519521247e-12,0.0,3.6553806113181957,0.0,0.0,0.0,1.2785562498917242,0.6
15.83,8.80648254350922e-12,7.190462886774983e-12,0.0,3.6511009703291704,0.0,0.0,0.0,1.2784395486780007,0.6
15.84,8.486879702191258e-12,6.92950825958408e-12,0.0,3.6467449552298565,0.0,0.0,0.0,1.2783184067180589,0.6
15.85,8.176834549922548e-12,6.676357452823462e-12,0.0,3.642313019007063,0.0,0.0,0.0,1.2781927481832893,0.6
15.860000000000001,7.876567083504612e-12,6.431189893484639e-12,0.0,3.637805647645459,0.0,0.0,0.0,1.2780624987121092,0.6
15.870000000000001,7.584747241109755e-12,6.192920189567118e-12,0.0,3.6332233577754676,0.0,0.0,0.0,1.2779275854760428,0.6
15.88,7.302039005848648e-12,5.962089882076313e-12,0.0,3.6285666959448393,0.0,0.0,0.0,1.2777879372156105,0.6
15.89,7.027556394493398e-12,5.737975768380637e-12,0.0,3.6238362344637416,0.0,0.0,0.0,1.2776434836417152,0.6
15.9,6.761077438969059e-12,5.520396612305823e-12,0.0,3.6190325796376066,0.0,0.0,0.0,1.2774941579096863,0.6
15.91,6.5025990775989446e-12,5.309349914003324e-12,0.0,3.6141563600285576,0.0,0.0,0.0,1.2773398930676487,0.6
15.92,6.252345956893522e-12,5.105018692155924e-12,0.0,3.609208225807575,0.0,0.0,0.0,1.2771806244422823,0.6
15.93,6.0100945578665394e-12,4.907221657550363e-12,0.0,3.6041888499082404,0.0,0.0,0.0,1.2770162890942434,0.6
15.94,5.774957472480989e-12,4.715232542888217e-12,0.0,3.5990988599080977,0.0,0.0,0.0,1.2768468193165765,0.6
15.950000000000001,5.54693234187499e-12,4.529051291778353e-12,0.0,3.5939387906634734,0.0,0.0,0.0,1.2766721379022976,0.6
15.96,5.326024180832108e-12,4.348679952060939e-12,0.0,3.588709936033515,0.0,0.0,0.0,1.276492242052495,0.6
15.97,5.112005770464065e-12,4.173934601800393e-12,0.0,3.583412728624703,0.0,0.0,0.0,1.2763070454439451,0.6
15.98,4.90487558941595e-12,4.004814148633988e-12,0.0,3.5780479130905465,0.0,0.0,0.0,1.2761164921116963,0.6
15.99,4.703973014555689e-12,3.840777883161008e-12,0.0,3.57261630665388,0.0,0.0,0.0,1.2759205338319357,0.6
16.0,4.5095193151306225e-12,3.682006306256564e-12,0.0,3.5671186775176205,0.0,0.0,0.0,1.2757191183019767,0.6
16.01,4.3210667436793066e-12,3.5281353656564684e-12,0.0,3.5615558255913027,0.0,0.0,0.0,1.2755121969958982,0.6
16.02,4.1386138582340346e-12,3.3791640650281938e-12,0.0,3.5559285411536847,0.0,0.0,0.0,1.2752997210145949,0.6
16.03,3.961722162073792e-12,3.23473259991885e-12,0.0,3.550237659842388,0.0,0.0,0.0,1.2750816477070646,0.6
16.04,3.791053037733849e-12,3.095381843425357e-12,0.0,3.544484023344975,0.0,0.0,0.0,1.2748579361792187,0.6
16.05,3.625278724458386e-12,2.9600265570318635e-12,0.0,3.5386684407380877,0.0,0.0,0.0,1.2746285430872255,0.6
16.06,3.464839129302385e-12,2.8290293025399967e-12,0.0,3.5327917442854258,0.0,0.0,0.0,1.2743934290434862,0.6
16.07,3.3097360159352275e-12,2.702386859865988e-12,0.0,3.5268547684926754,0.0,0.0,0.0,1.2741525564533178,0.6
16.080000000000002,3.1599696465100387e-12,2.5801030482892467e-12,0.0,3.5208583343786386,0.0,0.0,0.0,1.273905887462582,0.6
16.09,3.0146538674962675e-12,2.4614531241247516e-12,0.0,3.514803156225708,0.0,0.0,0.0,1.2736533719561698,0.6
16.1,2.8742268498237356e-12,2.3467948541570837e-12,0.0,3.508689383202389,0.0,0.0,0.0,1.2733948843235687,0.6
16.11,2.7382498141178848e-12,2.235769974491516e-12,0.0,3.5025186099145524,0.0,0.0,0.0,1.2731304916049113,0.6
16.12,2.6069467504152686e-12,2.1285631083747127e-12,0.0,3.496291679813735,0.0,0.0,0.0,1.2728601670634923,0.6
16.13,2.480315563785087e-12,2.0251691774523485e-12,0.0,3.4900094591143564,0.0,0.0,0.0,1.2725838886872458,0.6
16.14,2.3579100422398604e-12,1.925225487623996e-12,0.0,3.4836728036179663,0.0,0.0,0.0,1.2723016353585725,0.6
16.15,2.2392951838944304e-12,1.8283768613377258e-12,0.0,3.477283635847088,0.0,0.0,0.0,1.2720135472502778,0.6
16.16,2.1249076477118645e-12,1.7349798291439142e-12,0.0,3.470841622093883,0.0,0.0,0.0,1.271719440097847,0.6
16.17,2.0149731667691907e-12,1.6452163875522399e-12,0.0,3.464347576949729,0.0,0.0,0.0,1.2714192931346198,0.6
16.18,1.9083867231322143e-12,1.5581887862475051e-12,0.0,3.4578022903656302,0.0,0.0,0.0,1.2711130871372756,0.6
16.19,1.805812943245615e-12,1.4744400939550784e-12,0.0,3.451206540581184,0.0,0.0,0.0,1.2708008043747712,0.6
16.2,1.7061426336604289e-12,1.3930568855151348e-12,0.0,3.4445610963216513,0.0,0.0,0.0,1.2704824285727303,0.6
16.21,1.6100414531939448e-12,1.3145933416847633e-12,0.0,3.4378667145710295,0.0,0.0,0.0,1.270157944877194,0.6
16.22,1.5170802081465542e-12,1.2386877331223679e-12,0.0,3.4311241354781963,0.0,0.0,0.0,1.269827339144888,0.6
16.23,1.4283502644692767e-12,1.1662431073063778e-12,0.0,3.4243341085598487,0.0,0.0,0.0,1.2694906005924402,0.6
16.240000000000002,1.3425497143255002e-12,1.0961838125590825e-12,0.0,3.4174973367180725,0.0,0.0,0.0,1.2691477170727978,0.6
16.25,1.2587689852443285e-12,1.0277805726298576e-12,0.0,3.4106145433659543,0.0,0.0,0.0,1.2687986803556337,0.6
16.26,1.1785926415466902e-12,9.623129960530137e-13,0.0,3.4036864057584273,0.0,0.0,0.0,1.2684434807998965,0.6
16.27,1.101776133677357e-12,8.995964460953312e-13,0.0,3.396713619584423,0.0,0.0,0.0,1.268082112565798,0.6
16.28,1.0279022762035932e-12,8.39278694048061e-13,0.0,3.3896968381801065,0.0,0.0,0.0,1.2677145690102878,0.6
16.29,9.56956734465608e-13,7.813519017869307e-13,0.0,3.382636712659749,0.0,0.0,0.0,1.2673408452366808,0.6
16.3,8.887574967279945e-13,7.256674573522922e-13,0.0,3.375533878348651,0.0,0.0,0.0,1.2669609374090196,0.6
16.31,8.230904787612136e-13,6.72050561702696e-13,0.0,3.368388953080734,0.0,0.0,0.0,1.2665748427097552,0.6
16.32,7.59286558972744e-13,6.199548793456236e-13,0.0,3.3612025392608103,0.0,0.0,0.0,1.2661825592955545,0.6
16.330000000000002,6.982691028140096e-13,5.701343350151097e-13,0.0,3.3539752228353907,0.0,0.0,0.0,1.2657840862553873,0.6
16.34,6.398273951570907e-13,5.224104117762079e-13,0.0,3.346707574562283,0.0,0.0,0.0,1.265379423567386,0.6
16.35,5.837562587487784e-13,4.766280199459997e-13,0.0,3.3394001485745353,0.0,0.0,0.0,1.2649685720581825,0.6
16.36,5.305547097497945e-13,4.331961065058093e-13,0.0,3.3320534834561277,0.0,0.0,0.0,1.264551533360305,0.6
16.37,4.796261123893241e-13,3.916049025964733e-13,0.0,3.3246680999043425,0.0,0.0,0.0,1.2641283098706033,0.6
16.38,4.305724297055168e-13,3.5156091669629814e-13,0.0,3.317244503803439,0.0,0.0,0.0,1.2636989047070655,0.6
16.39,3.8414802794171796e-13,3.1365555138454126e-13,0.0,3.309783184731849,0.0,0.0,0.0,1.263263321673208,0.6
16.4,3.400869557066517e-13,2.776690128050427e-13,0.0,3.3022846102844063,0.0,0.0,0.0,1.2628215645613183,0.6
16.41,2.9853038338155403e-13,2.4373699337535656e-13,0.0,3.2947492518284407,0.0,0.0,0.0,1.2623736397058143,0.6
16.42,2.598254923182548e-13,2.1213311718062276e-13,0.0,3.2871775347148855,0.0,0.0,0.0,1.261919551415038,0.6
16.43,2.2488155903092933e-13,1.8359981864195692e-13,0.0,3.2795698995995926,0.0,0.0,0.0,1.2614593071165834,0.6
16.44,1.9326415975087322e-13,1.5778230113503117e-13,0.0,3.2719267424372998,0.0,0.0,0.0,1.260992912114158,0.6
16.45,1.6658584797846487e-13,1.3599733575042625e-13,0.0,3.264248472867803,0.0,0.0,0.0,1.260520374779025,0.6
16.46,1.4577837105320798e-13,1.190275415381577e-13,0.0,3.256535463053387,0.0,0.0,0.0,1.2600417019257497,0.6
16.47,1.3213841604355778e-13,1.0789056490877031e-13,0.0,3.248788080190964,0.0,0.0,0.0,1.2595569013974945,0.6
16.48,1.271824319410006e-13,1.0382081301867496e-13,0.0,3.2410066765737326,0.0,0.0,0.0,1.2590659813805696,0.6
16.490000000000002,1.3052238198000082e-13,1.0654919746350423e-13,0.0,3.23319159082477,0.0,0.0,0.0,1.2585689503685762,0.6
16.5,1.405791820282856e-13,1.147824214757116e-13,0.0,3.225343147141545,0.0,0.0,0.0,1.2580658171302967,0.6
16.51,1.5551181267699857e-13,1.269577609985358e-13,0.0,3.217461656691059,0.0,0.0,0.0,1.257556590676747,0.6
16.52,1.7312716890455186e-13,1.413429317665433e-13,0.0,3.2095474181341626,0.0,0.0,0.0,1.2570412802306985,0.6
16.53,1.926403314019433e-13,1.5729017193847077e-13,0.0,3.20160071796742,0.0,0.0,0.0,1.2565198951977488,0.6
16.54,2.1233110404054595e-13,1.7335646970491874e-13,0.0,3.1936218294768004,0.0,0.0,0.0,1.255992445136379,0.6
16.55,2.3228235126859657e-13,1.896479642982411e-13,0.0,3.1856110179190447,0.0,0.0,0.0,1.2554589397318692,0.6
16.56,2.514395350069255e-13,2.0529952064321197e-13,0.0,3.177568533735644,0.0,0.0,0.0,1.2549193887719872,0.6
16.57,2.7053993848438475e-13,2.208872621347543e-13,0.0,3.1694939693112736,0.0,0.0,0.0,1.2543736440222328,0.6
16.580000000000002,2.890714831711756e-13,2.3602587765297153e-13,0.0,3.161388253862402,0.0,0.0,0.0,1.2538218839715525,0.6
16.59,3.0703951897548335e-13,2.506905633350324e-13,0.0,3.153251613668456,0.0,0.0,0.0,1.253264122428044,0.6
16.6,3.2457529148262673e-13,2.650146157491848e-13,0.0,3.1450845330752433,0.0,0.0,0.0,1.2527004349339663,0.6
16.61,3.4110691386146293e-13,2.7851262889869286e-13,0.0,3.1368869687439522,0.0,0.0,0.0,1.2521307703550772,0.6
16.62,3.56677458390753e-13,2.9122592527004113e-13,0.0,3.1286591055078388,0.0,0.0,0.0,1.25155513377812,0.6
16.63,3.712927245265761e-13,3.031592400992894e-13,0.0,3.1204011626488692,0.0,0.0,0.0,1.2509735420040748,0.6
16.64,3.8534440186397393e-13,3.146323866015744e-13,0.0,3.1121132359925077,0.0,0.0,0.0,1.2503859838146651,0.6
16.65,3.984375283259044e-13,3.25319513824325e-13,0.0,3.1037955030573334,0.0,0.0,0.0,1.24979246892734,0.6
16.66,4.1110922984530314e-13,3.3566928055652064e-13,0.0,3.095448134723121,0.0,0.0,0.0,1.2491930069641013,0.6
16.67,4.2342591860632287e-13,3.4572303986273893e-13,0.0,3.0870712860343845,0.0,0.0,0.0,1.2485876052339668,0.6
16.68,4.3466333115681106e-13,3.5489861733909745e-13,0.0,3.078665133459227,0.0,0.0,0.0,1.2479762775324688,0.6
16.69,4.4531384589773715e-13,3.635949669572164e-13,0.0,3.070229824432811,0.0,0.0,0.0,1.2473590309093294,0.6
16.7,4.557364905239995e-13,3.7210523809902805e-13,0.0,3.0617655105095696,0.0,0.0,0.0,1.2467358744763528,0.6
16.71,4.649068029380008e-13,3.7959481504891773e-13,0.0,3.0532723401713167,0.0,0.0,0.0,1.2461068171945857,0.6
16.72,4.736592932990974e-13,3.86741193503356e-13,0.0,3.0447504589188954,0.0,0.0,0.0,1.245471867866966,0.6
16.73,4.817668998461996e-13,3.9335954856022883e-13,0.0,3.036200000355597,0.0,0.0,0.0,1.2448310328337817,0.6
16.740000000000002,4.89038107290794e-13,3.992966306091479e-13,0.0,3.027621126376115,0.0,0.0,0.0,1.2441843251373748,0.6
16.75,4.958472797639064e-13,4.048576085895432e-13,0.0,3.0190139666781315,0.0,0.0,0.0,1.2435317507957646,0.6
16.76,5.020350442682895e-13,4.0990887978457803e-13,0.0,3.0103786610508827,0.0,0.0,0.0,1.2428733179382192,0.6
16.77,5.075646077497878e-13,4.144238894284253e-13,0.0,3.0017153489623447,0.0,0.0,0.0,1.2422090345016459,0.6
16.78,5.128724500452754e-13,4.1875785133347467e-13,0.0,2.9930217345262218,0.0,0.0,0.0,1.2415383197537764,0.6
16.79,5.175481674860121e-13,4.22576309217739e-13,0.0,2.9843007161191037,0.0,0.0,0.0,1.2408618548608055,0.6
16.8,5.217807386271436e-13,4.2603166348517883e-13,0.0,2.975552203420067,0.0,0.0,0.0,1.240179593365523,0.6
16.81,5.253527020532347e-13,4.2894868500760844e-13,0.0,2.9667763566656293,0.0,0.0,0.0,1.2394915435814728,0.6
16.82,5.287214493550147e-13,4.3169925566152137e-13,0.0,2.9579731678631163,0.0,0.0,0.0,1.2387976727625827,0.6
16.830000000000002,5.318634611804524e-13,4.342644657755881e-13,0.0,2.9491426525665587,0.0,0.0,0.0,1.2380979546118227,0.6
16.84,5.341462851803249e-13,4.361286155649814e-13,0.0,2.9402849578612997,0.0,0.0,0.0,1.2373923945221665,0.6
16.85,5.364187739104986e-13,4.379840244871992e-13,0.0,2.931400336519617,0.0,0.0,0.0,1.2366810225020404,0.6
16.86,5.380476170616147e-13,4.393140397071188e-13,0.0,2.9224890210389134,0.0,0.0,0.0,1.2359638622999831,0.6
16.87,5.396660738983727e-13,4.406355041807108e-13,0.0,2.91355349044719,0.0,0.0,0.0,1.235241472472273,0.6
16.88,5.406392294169103e-13,4.414299473742213e-13,0.0,2.9045916339887468,0.0,0.0,0.0,1.2345133078567092,0.6
16.89,5.41383635093079e-13,4.420376871856334e-13,0.0,2.895603629433515,0.0,0.0,0.0,1.2337793745655021,0.6
16.9,5.416995103010794e-13,4.4229554259322956e-13,0.0,2.8865896462376126,0.0,0.0,0.0,1.2330396785842108,0.6
16.91,5.418044994905011e-13,4.4238121951903576e-13,0.0,2.8775498560610697,0.0,0.0,0.0,1.2322942257792646,0.6
16.92,5.414796143631439e-13,4.4211625376957054e-13,0.0,2.868484434960002,0.0,0.0,0.0,1.231543021921503,0.6
16.93,5.41143851605951e-13,4.4184210462631975e-13,0.0,2.859393558087538,0.0,0.0,0.0,1.2307860703667726,0.6
16.94,5.408164728061893e-13,4.415748009556461e-13,0.0,2.8502774228933037,0.0,0.0,0.0,1.230023378935972,0.6
16.95,5.402780205970188e-13,4.411351565678654e-13,0.0,2.8411362248224825,0.0,0.0,0.0,1.2292549530944756,0.6
16.96,5.395281371706932e-13,4.405223803323091e-13,0.0,2.8319701744889545,0.0,0.0,0.0,1.2284808004777084,0.6
16.97,5.383281750391316e-13,4.3954311433651337e-13,0.0,2.822779469708326,0.0,0.0,0.0,1.2277009241844594,0.6
16.98,5.369320113016836e-13,4.3840315141847185e-13,0.0,2.8135643235322174,0.0,0.0,0.0,1.2269153295132877,0.6
16.990000000000002,5.353229719813963e-13,4.3708937631487896e-13,0.0,2.80432495577125,0.0,0.0,0.0,1.2261240217297762,0.6
17.0,5.334859962037549e-13,4.3558949187318775e-13,0.0,2.795061593341053,0.0,0.0,0.0,1.225327006079893,0.6
17.01,5.314349560730149e-13,4.339142328189981e-13,0.0,2.7857744695925275,0.0,0.0,0.0,1.224524287804107,0.6
17.02,5.291849950577087e-13,4.320777391428747e-13,0.0,2.7764638241682924,0.0,0.0,0.0,1.22371587214968,0.6
17.03,5.269399649011456e-13,4.302446796959614e-13,0.0,2.7671299044272115,0.0,0.0,0.0,1.22290176438405,0.6
17.04,5.246882065417201e-13,4.28406126694415e-13,0.0,2.757772963680391,0.0,0.0,0.0,1.2220819698089738,0.6
17.05,5.222360831130844e-13,4.264039762989212e-13,0.0,2.748393262844451,0.0,0.0,0.0,1.2212564937729047,0.6
17.06,5.195698095738838e-13,4.2422635807055684e-13,0.0,2.738991069908954,0.0,0.0,0.0,1.2204253416859008,0.6
17.07,5.166862138101063e-13,4.218725269884438e-13,0.0,2.7295666599518884,0.0,0.0,0.0,1.2195885190332176,0.6
17.080000000000002,5.138104601342279e-13,4.1952389143192033e-13,0.0,2.720120315262673,0.0,0.0,0.0,1.2187460313892833,0.6
17.09,5.107315528461531e-13,4.170099804389339e-13,0.0,2.7106523247558276,0.0,0.0,0.0,1.2178978844313562,0.6
17.1,5.074249891108478e-13,4.143107686862959e-13,0.0,2.701162984822254,0.0,0.0,0.0,1.2170440839527379,0.6
17.11,5.039143318610521e-13,4.114443290450285e-13,0.0,2.69165259810509,0.0,0.0,0.0,1.2161846358765191,0.6
17.12,5.004092931521505e-13,4.085819389340177e-13,0.0,2.6821214762709515,0.0,0.0,0.0,1.2153195462692596,0.6
17.13,4.966973658246616e-13,4.055511893350412e-13,0.0,2.672569936075038,0.0,0.0,0.0,1.2144488213563536,0.6
17.14,4.929905430912721e-13,4.025250928637265e-13,0.0,2.6629983019391403,0.0,0.0,0.0,1.2135724675327129,0.6
17.150000000000002,4.890688053850573e-13,3.9932253928369504e-13,0.0,2.6534069051140765,0.0,0.0,0.0,1.2126904913772942,0.6
17.16,4.851499951234551e-13,3.96123312255404e-13,0.0,2.643796083077173,0.0,0.0,0.0,1.2118028996655463,0.6
17.17,4.812460938179349e-13,3.929353876197988e-13,0.0,2.6341661809850345,0.0,0.0,0.0,1.2109096993821031,0.6
17.18,4.773469578999381e-13,3.8975178481100153e-13,0.0,2.6245175501843554,0.0,0.0,0.0,1.2100108977346489,0.6
17.19,4.734596041127202e-13,3.8657781317530104e-13,0.0,2.6148505481208195,0.0,0.0,0.0,1.2091065021652396,0.6
17.2,4.695693237244494e-13,3.834017473295575e-13,0.0,2.6051655391833184,0.0,0.0,0.0,1.2081965203622749,0.6
17.21,4.65698475275313e-13,3.802412128055482e-13,0.0,2.5954628931737793,0.0,0.0,0.0,1.2072809602726737,0.6
17.22,4.618316942005648e-13,3.7708399927882026e-13,0.0,2.585742986925424,0.0,0.0,0.0,1.2063598301125467,0.6
17.23,4.577474169174526e-13,3.737492008415984e-13,0.0,2.576006202905297,0.0,0.0,0.0,1.2054331383799306,0.6
17.240000000000002,4.536673414421572e-13,3.704178331660926e-13,0.0,2.5662529291559557,0.0,0.0,0.0,1.2045008938646968,0.6
17.25,4.491539349878101e-13,3.6673256820231335e-13,0.0,2.556483559562174,0.0,0.0,0.0,1.203563105659067,0.6
17.26,4.444279900842801e-13,3.628738947435433e-13,0.0,2.546698493277824,0.0,0.0,0.0,1.202619783167799,0.6
17.27,4.397052410324501e-13,3.5901780875278556e-13,0.0,2.536898135182248,0.0,0.0,0.0,1.2016709361180118,0.6
17.28,4.3498590527257686e-13,3.5516444078113934e-13,0.0,2.527082895262486,0.0,0.0,0.0,1.2007165745692803,0.6
17.29,4.3027466429261435e-13,3.513177922547447e-13,0.0,2.5172531877834703,0.0,0.0,0.0,1.199756708922213,0.6
17.3,4.257881889268247e-13,3.4765460045816104e-13,0.0,2.507409432704628,0.0,0.0,0.0,1.198791349926443,0.6
17.31,4.213095246292164e-13,3.439975654111435e-13,0.0,2.49755204683078,0.0,0.0,0.0,1.197820506472183,0.6
17.32,4.16833748381989e-13,3.4034304667527797e-13,0.0,2.487681473620161,0.0,0.0,0.0,1.1968441944538948,0.6
17.330000000000002,4.1258576422202347e-13,3.3687453042638983e-13,0.0,2.4777981387168633,0.0,0.0,0.0,1.195862423517836,0.6
17.34,4.0834010392089837e-13,3.334082987070858e-13,0.0,2.467902478656074,0.0,0.0,0.0,1.1948752058932013,0.6
17.35,4.0409684072577953e-13,3.2994368881629484e-13,0.0,2.4579949345047165,0.0,0.0,0.0,1.1938825541962454,0.6
17.36,3.9941522774451535e-13,3.2612116782386583e-13,0.0,2.4480759507436054,0.0,0.0,0.0,1.192884481437216,0.6
17.37,3.949605107690469e-13,3.224839066443951e-13,0.0,2.4381459751020556,0.0,0.0,0.0,1.1918810010260332,0.6
17.38,3.90285573034091e-13,3.1866683596775357e-13,0.0,2.428205459026107,0.0,0.0,0.0,1.1908721267776907,0.6
17.39,3.8583438470606106e-13,3.1503245591685177e-13,0.0,2.4182548564559294,0.0,0.0,0.0,1.1898578729177973,0.6
17.400000000000002,3.813874001673677e-13,3.114015082455701e-13,0.0,2.408294624737041,0.0,0.0,0.0,1.1888382540890121,0.6
17.41,3.7672000573351763e-13,3.075905966484905e-13,0.0,2.3983252238212818,0.0,0.0,0.0,1.1878132853532517,0.6
17.42,3.7227822584400507e-13,3.0396389855546995e-13,0.0,2.3883471157075498,0.0,0.0,0.0,1.186782982191851,0.6
17.43,3.678377983956439e-13,3.003373813195403e-13,0.0,2.3783593455491427,0.0,0.0,0.0,1.1857469165492247,0.6
17.44,3.636183121635704e-13,2.9689213300579145e-13,0.0,2.368363641770737,0.0,0.0,0.0,1.1847054918195334,0.6
17.45,3.5917964393462615e-13,2.932689512114603e-13,0.0,2.3583606017041694,0.0,0.0,0.0,1.1836587663636569,0.6
17.46,3.5474613904645997e-13,2.8964900962874625e-13,0.0,2.3483509481985427,0.0,0.0,0.0,1.182606837455047,0.6
17.47,3.5053132583012157e-13,2.8620647342913765e-13,0.0,2.338334956182006,0.0,0.0,0.0,1.1815496577166351,0.6
17.48,3.4609688778618145e-13,2.8258692554714403e-13,0.0,2.328313229677272,0.0,0.0,0.0,1.180487286187277,0.6
17.490000000000002,3.4188336962716736e-13,2.791466023766321e-13,0.0,2.318286155807087,0.0,0.0,0.0,1.1794197117846243,0.6
17.5,3.3745484061448324e-13,2.755293889726637e-13,0.0,2.3082541728497383,0.0,0.0,0.0,1.1783469396830233,0.6
17.51,3.330204968316236e-13,2.719100970418733e-13,0.0,2.2982177375534123,0.0,0.0,0.0,1.1772689813635073,0.6
17.52,3.288085512725654e-13,2.684710578938485e-13,0.0,2.2881773271118293,0.0,0.0,0.0,1.1761858554983575,0.6
17.53,3.2482008503075326e-13,2.6521448884426326e-13,0.0,2.2781334226556944,0.0,0.0,0.0,1.1750975825065182,0.6
17.54,3.208358025960632e-13,2.619597909619249e-13,0.0,2.268086506900854,0.0,0.0,0.0,1.1740041837544397,0.6
17.55,3.1684543620526534e-13,2.587032153441531e-13,0.0,2.258037064552923,0.0,0.0,0.0,1.1729056817721255,0.6
17.56,3.1285818899328457e-13,2.554476416282572e-13,0.0,2.2479855809640172,0.0,0.0,0.0,1.1718020997823255,0.6
17.57,3.088724458378016e-13,2.5219329596934925e-13,0.0,2.2379325417711895,0.0,0.0,0.0,1.1706934617825047,0.6
17.580000000000002,3.048882657255091e-13,2.4893848529199633e-13,0.0,2.227878432463928,0.0,0.0,0.0,1.1695797923716404,0.6
17.59,3.0089905420875334e-13,2.4568126791959836e-13,0.0,2.2178237373118868,0.0,0.0,0.0,1.168461116393923,0.6
17.6,2.966894212822207e-13,2.4224589807435893e-13,0.0,2.207768939626904,0.0,0.0,0.0,1.1673374591992443,0.6
17.61,2.924801381803395e-13,2.3880716609046317e-13,0.0,2.1977145210106093,0.0,0.0,0.0,1.1662088462719797,0.6
17.62,2.884930498112947e-13,2.3555358879233424e-13,0.0,2.187662215413203,0.0,0.0,0.0,1.16507580658715,0.6
17.63,2.8450772872837516e-13,2.3229763334785547e-13,0.0,2.1776112068674975,0.0,0.0,0.0,1.1639378595758252,0.6
17.64,2.8052143814412775e-13,2.290427950039634e-13,0.0,2.1675619784867917,0.0,0.0,0.0,1.1627950303917554,0.6
17.650000000000002,2.763103114573907e-13,2.2560439397918343e-13,0.0,2.157514993619914,0.0,0.0,0.0,1.1616473425731408,0.6
17.66,2.72543177836276e-13,2.2253057285849653e-13,0.0,2.1474707232868187,0.0,0.0,0.0,1.1604948241603903,0.6
17.67,2.685546653101208e-13,2.1927396601790345e-13,0.0,2.137429636693595,0.0,0.0,0.0,1.1593375035337972,0.6
17.68,2.650101196999281e-13,2.163798566462387e-13,0.0,2.1273921929689528,0.0,0.0,0.0,1.1581754054448987,0.6
17.69,2.6102247622107363e-13,2.1312395937979528e-13,0.0,2.117358855536552,0.0,0.0,0.0,1.1570085570623845,0.6
17.7,2.572592780332329e-13,2.100491399499522e-13,0.0,2.1073300857357284,0.0,0.0,0.0,1.1558369859456137,0.6
17.71,2.534944543257257e-13,2.0697514187342904e-13,0.0,2.09730634335516,0.0,0.0,0.0,1.1546607200397785,0.6
17.72,2.4994343225077e-13,2.0407795785809443e-13,0.0,2.0872880866764545,0.0,0.0,0.0,1.1534797876722083,0.6
17.73,2.4640401460877155e-13,2.0118803545492743e-13,0.0,2.077275772528992,0.0,0.0,0.0,1.1522942175485316,0.6
17.740000000000002,2.428569662447254e-13,1.9828963443716754e-13,0.0,2.067269855713258,0.0,0.0,0.0,1.151104038748731,0.6
17.75,2.3931340808361083e-13,1.9539857947042986e-13,0.0,2.0572707892916378,0.0,0.0,0.0,1.1499092807225946,0.6
17.76,2.3577064828259254e-13,1.9250365516485458e-13,0.0,2.0472790247640313,0.0,0.0,0.0,1.148709973285828,0.6
17.77,2.3222872337976415e-13,1.896139586327881e-13,0.0,2.0372950115014845,0.0,0.0,0.0,1.1475061466158918,0.6
17.78,2.286820396920196e-13,1.8671810352811254e-13,0.0,2.027319196947418,0.0,0.0,0.0,1.146297831247419,0.6
17.79,2.2514753587058642e-13,1.8382988000250275e-13,0.0,2.017352026634533,0.0,0.0,0.0,1.1450850580678917,0.6
17.8,2.216026571670811e-13,1.8093781190142076e-13,0.0,2.007393944364019,0.0,0.0,0.0,1.1438678583135673,0.6
17.81,2.1805876832206172e-13,1.7804423877627455e-13,0.0,1.9974453915927968,0.0,0.0,0.0,1.142646263565184,0.6
17.82,2.145159183941092e-13,1.7515151392336125e-13,0.0,1.9807336647188833,0.0,0.0,0.0,1.1414203057432992,0.6
17.830000000000002,2.112013359338762e-13,1.7244286946874199e-13,0.0,1.9572124199569156,0.0,0.0,0.0,1.1401900171041481,0.6
17.84,2.0787706930210875e-13,1.6972862877586555e-13,0.0,1.9337373129505315,0.0,0.0,0.0,1.1389554302353733,0.6
17.85,2.0455882578036094e-13,1.6701930637726284e-13,0.0,1.9103093317917308,0.0,0.0,0.0,1.137716578052112,0.6
17.86,2.01463267722543e-13,1.6449180879873877e-13,0.0,1.8869294562263854,0.0,0.0,0.0,1.1364734937922998,0.6
17.87,1.9836892610782234e-13,1.6196530492351376e-13,0.0,1.8635986579255461,0.0,0.0,0.0,1.1352262110129057,0.6
17.88,1.9527277371421693e-13,1.5943732302324227e-13,0.0,1.8403178995597014,0.0,0.0,0.0,1.1339747635855861,0.6
17.89,1.9240229881088504e-13,1.5709360913119957e-13,0.0,1.8170881362514981,0.0,0.0,0.0,1.1327191856927277,0.6
17.900000000000002,1.8952443574964003e-13,1.5474605379183757e-13,0.0,1.7939103147969413,0.0,0.0,0.0,1.1314595118235464,0.6
17.91,1.8665309898093072e-13,1.5240161713749436e-13,0.0,1.770785373217321,0.0,0.0,0.0,1.1301957767702833,0.6
17.92,1.837793139052724e-13,1.5005518144889823e-13,0.0,1.7477142423649783,0.0,0.0,0.0,1.128928015624613,0.6
17.93,1.8135281562145206e-13,1.4807395389653192e-13,0.0,1.7246978445900554,0.0,0.0,0.0,1.127656263773816,0.6
17.94,1.789274586288094e-13,1.4609159111990545e-13,0.0,1.701737094514311,0.0,0.0,0.0,1.1263805568970207,0.6
17.95,1.7649428987382036e-13,1.441049741877386e-13,0.0,1.6788328986048981,0.0,0.0,0.0,1.125100930961887,0.6
17.96,1.7406230281338392e-13,1.4212127511553448e-13,0.0,1.6559861559952875,0.0,0.0,0.0,1.1238174222214252,0.6
17.97,1.7163625158727914e-13,1.4014041258426441e-13,0.0,1.633197758077858,0.0,0.0,0.0,1.1225300672103988,0.6
17.98,1.6920687633160178e-13,1.3815683599421342e-13,0.0,1.610468588492853,0.0,0.0,0.0,1.121238902742534,0.6
17.990000000000002,1.667828450922452e-13,1.361757672300466e-13,0.0,1.5877995233011013,0.0,0.0,0.0,1.1199439659074535,0.6
18.0,1.6435085776437529e-13,1.3419012228852697e-13,0.0,1.5651914314795659,0.0,0.0,0.0,1.1186452940675853,0.6
18.01,1.6192004302683294e-13,1.3220716151507937e-13,0.0,1.542645174756806,0.0,0.0,0.0,1.1173429248557305,0.6
18.02,1.5948971064075342e-13,1.3022280343132754e-13,0.0,1.520161607417031,0.0,0.0,0.0,1.1160368961721272,0.6
18.03,1.5706514102367112e-13,1.282415006625547e-13,0.0,1.497741577243619,0.0,0.0,0.0,1.1147272461820714,0.6
18.04,1.5463255675762533e-13,1.262553755970955e-13,0.0,1.4753859245134247,0.0,0.0,0.0,1.113414013313634,0.6
18.05,1.5220109964858695e-13,1.2427167747651137e-13,0.0,1.4530954830560858,0.0,0.0,0.0,1.1120972362554473,0.6
18.06,1.4999529082383667e-13,1.2247064211292255e-13,0.0,1.4308710797687392,0.0,0.0,0.0,1.1107769539544865,0.6
18.07,1.4778486405614752e-13,1.2066583621471324e-13,0.0,1.40871353508638,0.0,0.0,0.0,1.1094532056140252,0.6
18.080000000000002,1.4557510209773134e-13,1.1886020773910547e-13,0.0,1.3866236629798143,0.0,0.0,0.0,1.1081260306920284,0.6
18.09,1.433628115759688e-13,1.1705396432338868e-13,0.0,1.3646022709893217,0.0,0.0,0.0,1.1067954688998167,0.6
18.1,1.4115459757745293e-13,1.1525101640020639e-13,0.0,1.3426501603040393,0.0,0.0,0.0,1.1054615601997373,0.6
18.11,1.391591046453403e-13,1.1362293314788399e-13,0.0,1.3207681260896553,0.0,0.0,0.0,1.1041243448042775,0.6
18.12,1.3716715608728938e-13,1.1199651396085151e-13,0.0,1.2989569574441973,0.0,0.0,0.0,1.102783863174632,0.6
18.13,1.3517576275625508e-13,1.1037054811477972e-13,0.0,1.2772174374453773,0.0,0.0,0.0,1.1014401560197522,0.6
18.14,1.3318494955765247e-13,1.087450559448549e-13,0.0,1.255550343597323,0.0,0.0,0.0,1.100093264295094,0.6
18.150000000000002,1.3118853020667274e-13,1.0711408496839075e-13,0.0,1.233956447359654,0.0,0.0,0.0,1.0987432292018855,0.6
18.16,1.2919257762795074e-13,1.0548446048650557e-13,0.0,1.212436514808022,0.0,0.0,0.0,1.0973900921863504,0.6
18.17,1.2741767064840666e-13,1.0403532232663023e-13,0.0,1.19099130615585,0.0,0.0,0.0,1.0960338949390884,0.6
18.18,1.2564322158639646e-13,1.0258655995939738e-13,0.0,1.169621576429616,0.0,0.0,0.0,1.0946746793946596,0.6
18.19,1.23862794386998e-13,1.0113291841632726e-13,0.0,1.1483280752696872,0.0,0.0,0.0,1.0933124877313432,0.6
18.2,1.2208275342103556e-13,9.968015075851819e-14,0.0,1.127111547333637,0.0,0.0,0.0,1.0919473623707698,0.6
18.21,1.203031158329875e-13,9.822708275258646e-14,0.0,1.105972731357306,0.0,0.0,0.0,1.090579345977755,0.6
18.22,1.185238997930259e-13,9.677435893922607e-14,0.0,1.084912361788762,0.0,0.0,0.0,1.0892084814600484,0.6
18.23,1.167451245745513e-13,9.532199505510258e-14,0.0,1.0639311677762429,0.0,0.0,0.0,1.0878348119688723,0.6
18.240000000000002,1.149608467537777e-13,9.386485379757386e-14,0.0,1.043029873354789,0.0,0.0,0.0,1.086458380898912,0.6
18.25,1.1318335777514018e-13,9.24135801150507e-14,0.0,1.0222091978802663,0.0,0.0,0.0,1.0850792318891438,0.6
18.26,1.1139882064472715e-13,9.09567561758007e-14,0.0,1.0014698560406212,0.0,0.0,0.0,1.083697408822743,0.6
18.27,1.0939432590320167e-13,8.932009307285755e-14,0.0,0.980812557395176,0.0,0.0,0.0,1.0823129558278228,0.6
18.28,1.0760398166399884e-13,8.785825974060103e-14,0.0,0.9602380073074388,0.0,0.0,0.0,1.0809259172778738,0.6
18.29,1.0582051898716678e-13,8.64020919450192e-14,0.0,0.939746906402436,0.0,0.0,0.0,1.0795363377928076,0.6
18.3,1.040373759341461e-13,8.494616173892278e-14,0.0,0.9193399507287696,0.0,0.0,0.0,1.0781442622392234,0.6
18.31,1.0224750221772889e-13,8.348461293310429e-14,0.0,0.8990178318277855,0.0,0.0,0.0,1.0767497357318894,0.6
18.32,1.004577621442182e-13,8.202341931840491e-14,0.0,0.878781236879643,0.0,0.0,0.0,1.075352803634526,0.6
18.330000000000002,9.866816298605326e-14,8.056198822546513e-14,0.0,0.8586308484088736,0.0,0.0,0.0,1.0739535115606222,0.6
18.34,9.709908004775481e-14,7.928106687021939e-14,0.0,0.8385673449992912,0.0,0.0,0.0,1.072551905374418,0.6
18.35,9.553015930981765e-14,7.799970606386263e-14,0.0,0.8185914005640702,0.0,0.0,0.0,1.071148031192729,0.6
18.36,9.396140889726432e-14,7.671916910376833e-14,0.0,0.7987036849515927,0.0,0.0,0.0,1.0697419353855102,0.6
18.37,9.260539555529206e-14,7.56119888463556e-14,0.0,0.778904863827897,0.0,0.0,0.0,1.068333664577272,0.6
18.38,9.12585936634056e-14,7.451180586941443e-14,0.0,0.7591955981429515,0.0,0.0,0.0,1.0669232656485388,0.6
18.39,8.99028415761969e-14,7.340536276265179e-14,0.0,0.7395765451157985,0.0,0.0,0.0,1.0655107857371036,0.6
18.400000000000002,8.855523293937601e-14,7.230444826544161e-14,0.0,0.7200483573591305,0.0,0.0,0.0,1.0640962722398262,0.6
18.41,8.720137536728492e-14,7.119896121668357e-14,0.0,0.7006116836212131,0.0,0.0,0.0,1.0626797728135255,0.6
18.42,8.584608845210326e-14,7.009303770716146e-14,0.0,0.6812671685590337,0.0,0.0,0.0,1.061261335376793,0.6
18.43,8.449730861915495e-14,6.899176358513488e-14,0.0,0.6620154520255455,0.0,0.0,0.0,1.0598410081113194,0.6
18.44,8.314230741638043e-14,6.788540973591654e-14,0.0,0.6428571703003312,0.0,0.0,0.0,1.0584188394634564,0.6
18.45,8.17893849984168e-14,6.677998414706659e-14,0.0,0.6237929552714914,0.0,0.0,0.0,1.056994878145689,0.6
18.46,8.043688404389444e-14,6.567559625078266e-14,0.0,0.604823434644719,0.0,0.0,0.0,1.0555691731385444,0.6
18.47,7.908256621239128e-14,6.456978590842652e-14,0.0,0.5859492319809192,0.0,0.0,0.0,1.0541417736920589,0.6
18.48,7.794922029396006e-14,6.364440035116532e-14,0.0,0.5671709666387474,0.0,0.0,0.0,1.0527127293270984,0.6
18.490000000000002,7.6821998313413e-14,6.272489896293725e-14,0.0,0.5484892535013808,0.0,0.0,0.0,1.051282089837009,0.6
18.5,7.568920534088542e-14,6.179997737396952e-14,0.0,0.5299047034709403,0.0,0.0,0.0,1.049849905289159,0.6
18.51,7.455676662870897e-14,6.087534503736726e-14,0.0,0.5114179233743443,0.0,0.0,0.0,1.0484162260264354,0.6
18.52,7.342469856829642e-14,5.995101533666293e-14,0.0,0.4930289870797,0.0,0.0,0.0,1.0469810129120265,0.6
18.53,7.229301857224513e-14,5.902700248918274e-14,0.0,0.47473798499490294,0.0,0.0,0.0,1.0455442330779046,0.6
18.54,7.138276476752212e-14,5.828378336984995e-14,0.0,0.45654809771672134,0.0,0.0,0.0,1.0441063788093985,0.6
18.55,7.047809090304059e-14,5.754415636123886e-14,0.0,0.4384583584473005,0.0,0.0,0.0,1.0426672340000824,0.6
18.56,6.95687620016236e-14,5.6801679823114106e-14,0.0,0.420469368542455,0.0,0.0,0.0,1.0412268503864897,0.6
18.57,6.844362868541124e-14,5.588299626469131e-14,0.0,0.4025808146381782,0.0,0.0,0.0,1.0397851306028174,0.6
18.580000000000002,6.753277770104558e-14,5.513935067700917e-14,0.0,0.384793575613001,0.0,0.0,0.0,1.0383421819189986,0.6
18.59,6.662265582007753e-14,5.439717068941796e-14,0.0,0.36710879542354413,0.0,0.0,0.0,1.0368981549378948,0.6
18.6,6.571978768440153e-14,5.3659981943609924e-14,0.0,0.349527058777809,0.0,0.0,0.0,1.035453105590949,0.6
18.61,6.481727429835904e-14,5.292308284966473e-14,0.0,0.33204894565865106,0.0,0.0,0.0,1.0340070884582602,0.6
18.62,6.368965440676389e-14,5.2001476453456666e-14,0.0,0.3146750245477832,0.0,0.0,0.0,1.0325601571940748,0.6
18.63,6.278573784669727e-14,5.12634987391089e-14,0.0,0.2974058552763701,0.0,0.0,0.0,1.031112365421407,0.6
18.64,6.188445282756224e-14,5.052759034609713e-14,0.0,0.2802419922038315,0.0,0.0,0.0,1.0296637670806699,0.6
18.650000000000002,6.098146940684872e-14,4.97911612706407e-14,0.0,0.26318398472227345,0.0,0.0,0.0,1.028214416428207,0.6
18.66,6.008101942109668e-14,4.9055946935977745e-14,0.0,0.24623237680165522,0.0,0.0,0.0,1.0267643680188416,0.6
18.67,5.918103165509674e-14,4.832030222877987e-14,0.0,0.22938770742723835,0.0,0.0,0.0,1.0253136767331812,0.6
18.68,5.828271714002805e-14,4.7586905388181075e-14,0.0,0.21265051030468118,0.0,0.0,0.0,1.023862397769645,0.6
18.69,5.738169739624158e-14,4.685195973186065e-14,0.0,0.19602131416999513,0.0,0.0,0.0,1.022410586633449,0.6
18.7,5.6485917401872646e-14,4.6120558429194957e-14,0.0,0.17950064220396533,0.0,0.0,0.0,1.0209582991353983,0.6
18.71,5.558759296553816e-14,4.5386400658236944e-14,0.0,0.16308901272286125,0.0,0.0,0.0,1.019214176571628,0.6
18.72,5.468930334011214e-14,4.465362919052083e-14,0.0,0.1467869383924063,0.0,0.0,0.0,1.0157445737396542,0.6
18.73,5.3794401411207555e-14,4.392294482530461e-14,0.0,0.1305949269771538,0.0,0.0,0.0,1.0122693987890194,0.6
18.740000000000002,5.2899797118196e-14,4.319198029273687e-14,0.0,0.11451348026021724,0.0,0.0,0.0,1.008788725426144,0.6
18.75,5.200420223623493e-14,4.2460817886963535e-14,0.0,0.09854309523881888,0.0,0.0,0.0,1.0053026279692345,0.6
18.76,5.110913231316175e-14,4.173043178787933e-14,0.0,0.08268426301877674,0.0,0.0,0.0,1.001811181166116,0.6
18.77,5.021547454260454e-14,4.100041254026769e-14,0.0,0.06693746968381609,0.0,0.0,0.0,0.9983144604722235,0.6
18.78,4.9323149493840476e-14,4.027192786638211e-14,0.0,0.05130319551545859,0.0,0.0,0.0,0.9948125416995165,0.6
18.79,4.8429431260612793e-14,3.954246504056468e-14,0.0,0.03578191531453889,0.0,0.0,0.0,0.9913055012470093,0.6
18.8,4.753832516738263e-14,3.881487996219839e-14,0.0,0.020374098512637495,0.0,0.0,0.0,0.9877934162226473,0.6
18.81,4.6646975283205524e-14,3.80870418917525e-14,0.0,0.0050802089963504216,0.0,0.0,0.0,0.984276364192366,0.6
18.82,5.300287825780407e-7,4.327666878479029e-7,2.0,0.0,0.007495738907698886,0.0,0.0,0.9807544231893258,0.6
18.830000000000002,2.3824826527444448e-6,1.945288939253037e-6,4.0,0.0,0.018746910943362297,0.0,0.0,0.9772276720219091,0.6
18.84,6.348923863401912e-6,5.1838746262935525e-6,4.0,0.0,0.03005361136679448,0.0,0.0,0.9736968375782585,0.6
18.85,1.3221729020480581e-5,1.0795496538565407e-5,4.0,-2.220446049250313e-16,0.04143916993588303,0.0,0.0,0.97016089058032,0.6
18.86,2.379255140679292e-5,1.9426536874683423e-5,4.0,0.0,0.0528819990819563,0.0,0.0,0.9666195564158001,0.6
18.87,3.885049397939461e-5,3.172129550107477e-5,2.0,2.220446049250313e-16,0.06435629058065323,0.0,0.0,0.9630727044421911,0.6
18.88,5.9180480627101736e-5,4.8320660089321925e-5,4.0,0.0,0.07583888632975427,0.0,0.0,0.9595203205119941,0.6
18.89,8.556175530493473e-5,6.986088066434388e-5,2.0,0.0,0.08730829957410018,0.0,0.0,0.9559624948287395,0.6
18.900000000000002,0.00011876644210228171,9.697239390520987e-5,2.0,0.0,0.09874377881722425,0.0,0.0,0.9523994167651925,0.6
18.91,0.0001595581415741808,0.00013027867705430309,4.0,0.0,0.11012496386136207,0.0,0.0,0.9488313735595835,0.6
18.92,0.00020869056337458866,0.00017039513146712757,4.0,0.0,0.12143188920509049,0.0,0.0,0.94525874787035,0.6
18.93,0.0002669061961554606,0.00021792799658928587,4.0,0.0,0.13264500053295483,0.0,0.0,0.9416820150587837,0.6
18.94,0.00033493501615485823,0.0002734732955234105,2.0,0.0,0.14374517776097223,0.0,0.0,0.9381017417961287,0.6
18.95,0.0004134932370792763,0.00033761581431192625,2.0,0.0,0.15471377491591679,0.0,0.0,0.9345185834359212,0.6
18.96,0.0005032821041154726,0.00041092811725232934,2.0,2.220446049250313e-16,0.16553266350402143,0.0,0.0,0.9309332810766463,0.6
18.97,0.0006049867340160322,0.0004939695998306115,2.0,0.0,0.1761842634773836,0.0,0.0,0.9273466588300527,0.6
18.98,0.0007192749949738816,0.000587285574142858,2.0,0.0,0.186651457999127,0.0,0.0,0.923759621247705,0.6
18.990000000000002,0.0008467964379882438,0.0006914063963590317,2.0,0.0,0.19691776206534542,0.0,0.0,0.9201731488007042,0.6
19.0,0.0009881812876213554,0.0008068466426794347,2.0,2.220446049250313e-16,0.20696743834577666,0.0,0.0,0.916588299606567,0.6
19.01,0.0011440394742063583,0.0009341043191356498,4.0,-2.220446049250313e-16,0.21678524817685724,0.0,0.0,0.9130061970823332,0.6
19.02,0.0013149597221870743,0.0010736601172232098,4.0,-2.220446049250313e-16,0.22635666246814812,0.0,0.0,0.9094280326885487,0.6
19.03,0.0015015086924447046,0.0012259767136141519,4.0,0.0,0.23566783582039386,0.0,0.0,0.9058550600577647,0.6
19.04,0.0017042301813484976,0.0013914981161846631,4.0,0.0,0.24470564955446988,0.0,0.0,0.9022885910403824,0.6
19.05,0.001923644376073233,0.001570649055984402,2.0,2.220446049250313e-16,0.25345770976249393,0.0,0.0,0.8987299913347706,0.6
19.06,0.0021602471674862984,0.0017638344262111375,4.0,0.0,0.2619123702098351,0.0,0.0,0.8951806760930873,0.6
19.07,0.0024145095212779214,0.001971438768740641,2.0,0.0,0.270058746480168,0.0,0.0,0.8916421053623111,0.6
19.080000000000002,0.0026868769078870433,0.0021938258086631945,3.0,0.0,0.27788672843288464,0.0,0.0,0.888115779412503,0.6
19.09,0.0029777687916084394,0.0024313380371413606,4.0,0.0,0.28538699037397053,0.0,0.0,0.8846032339620264,0.6
19.1,0.0032875781792985424,0.002684296342929675,4.0,0.0,0.29255100170031684,0.0,0.0,0.8811060353156673,0.6
19.11,0.003616671228905008,0.00295299969274044,2.0,0.0,0.2993710348803669,0.0,0.0,0.8776257754298338,0.6
19.12,0.003965386917974579,0.003237724860581621,3.0,2.220446049250313e-16,0.30584017245892925,0.0,0.0,0.8741640669220447,0.6
19.13,0.0043340367721921005,0.0035387262061097736,2.0,0.0,0.3119523126415796,0.0,0.0,0.8707225380349254,0.6
19.14,0.004722904654066178,0.0038562355020925984,2.0,0.0,0.3177021757957539,0.0,0.0,0.8673028275825692,0.6
19.150000000000002,0.005132246611621148,0.004190461810866514,4.0,-2.220446049250313e-16,0.3230853073596774,0.0,0.0,0.8639065798778686,0.6
19.16,0.005562290787075654,0.004541591409773003,2.0,1.1102230246251565e-16,0.32809808245215166,0.0,0.0,0.8605354396684144,0.6
19.17,0.006013237385433407,0.00490978776551313,4.0,0.0,0.33273770974419137,0.0,0.0,0.8571910470952044,0.6
19.18,0.006485258702757232,0.005295191557233056,2.0,0.0,0.3370022331578168,0.0,0.0,0.8538750326774961,0.6
19.19,0.006978499214071495,0.0056979207482961754,3.0,0.0,0.34089053603901076,0.0,0.0,0.850589012355401,0.6
19.2,0.007493075720653598,0.0061180707065461686,4.0,0.0,0.34440234274453424,0.0,0.0,0.8473345825916373,0.6
19.21,0.00802907755651587,0.006555714372898656,2.0,1.1102230246251565e-16,0.3475382208268275,0.0,0.0,0.8441133155517602,0.6
19.22,0.008586566853888443,0.007010902478107128,2.0,0.0,0.3502995833670559,0.0,0.0,0.8409267543641455,0.6
19.23,0.00916557886729497,0.007483663807369596,2.0,0.0,0.3526886882385412,0.0,0.0,0.8377764085285563,0.6
19.240000000000002,0.009766122356154486,0.007974005512721743,3.0,0.0,0.35470864221944975,0.0,0.0,0.8346637493773074,0.6
19.25,0.010388180025437175,0.008481913472830886,2.0,0.0,0.35636339941376294,0.0,0.0,0.8315902057069382,0.6
19.26,0.011031709024019705,0.009007352699901319,2.0,0.0,0.35765776133074023,0.0,0.0,0.8285571595422909,0.6
19.27,0.011696641500301148,0.00955026779333291,4.0,0.0,0.3585973758278317,0.0,0.0,0.8255659420533759,0.6
19.28,0.012382885214562139,0.010110583439710096,2.0,0.0,0.3591887349313407,0.0,0.0,0.8226178296360918,0.6
19.29,0.013090324207474283,0.010688204958637768,3.0,1.1102230246251565e-16,0.35943917163451283,0.0,0.0,0.8197140401680153,0.6
19.3,0.013818819524001059,0.0112830188938037,3.0,1.1102230246251565e-16,0.35935685433141773,0.0,0.0,0.8168557294485321,0.6
19.31,0.014568209992103159,0.011894893648788879,4.0,0.0,0.3589507837158441,0.0,0.0,0.8140439869501012,0.6
19.32,0.015338313055031822,0.012523680166632054,4.0,-1.1102230246251565e-16,0.3582307807505845,0.0,0.0,0.8112798352299648,0.6
19.330000000000002,0.01612892565542018,0.013169212651687499,2.0,1.1102230246251565e-16,0.35720746649355495,0.0,0.0,0.8085642254853582,0.6
19.34,0.016939825171365146,0.013831309333932463,2.0,0.0,0.35589226993660417,0.0,0.0,0.8058980327085863,0.6
19.35,0.017770770402283226,0.01450977327391525,3.0,0.0,0.3542974017867707,0.0,0.0,0.8032820560255121,0.6
19.36,0.01862150260286987,0.0152043932069793,4.0,0.0,0.3524358358520378,0.0,0.0,0.8007170155066571,0.6
19.37,0.01949174656318524,0.01591494442514981,3.0,1.1102230246251565e-16,0.35032128602930523,0.0,0.0,0.7982035501402868,0.6
19.38,0.020381211733469542,0.016641189695541174,2.0,1.1102230246251565e-16,0.3479681913871777,0.0,0.0,0.7957422148909781,0.6
19.39,0.021289593389440455,0.017382880211818854,3.0,0.0,0.34539166078235256,0.0,0.0,0.7933334837989715,0.6
19.400000000000002,0.02221657383853712,0.018139756579093124,4.0,0.0,0.3426074840261298,0.0,0.0,0.7909777404475965,0.6
19.41,0.023161823661359104,0.01891154982754981,3.0,1.1102230246251565e-16,0.33963205490225956,0.0,0.0,0.7886752853284995,0.6
19.42,0.024125002986861124,0.019697982453642432,2.0,0.0,0.33648235499116796,0.0,0.0,0.7864263307859971,0.6
19.43,0.025105762797605544,0.020498769485826508,2.0,0.0,0.33317590532155644,0.0,0.0,0.7842310004820136,0.6
19.44,0.026103746261378045,0.021313619571819143,2.0,0.0,0.32973071780418706,0.0,0.0,0.782089330715697,0.6
19.45,0.027118590085416276,0.022142236084321976,2.0,0.0,0.3261652455632729,0.0,0.0,0.7800012689139134,0.6
19.46,0.028149925889017845,0.022984318241750987,2.0,0.0,0.322498326136286,0.0,0.0,0.7779666753257004,0.6
19.47,0.02919738159026629,0.023839562240493578,4.0,0.0,0.3187491238886119,0.0,0.0,0.7759853228198781,0.6
19.48,0.030260582802277433,0.024707662394938858,2.0,0.0,0.3149370672939228,0.0,0.0,0.7740568979344012,0.6
19.490000000000002,0.03133915423423207,0.02558831228141613,4.0,0.0,0.31108178387311536,0.0,0.0,0.7721810034297998,0.6
19.5,0.0324327210920273,0.026481205881821783,4.0,0.0,0.3072030285336052,0.0,0.0,0.7703571541920681,0.6
19.51,0.03354091047400761,0.02738603872322911,2.0,0.0,0.3033206203510818,0.0,0.0,0.7685847877564781,0.6
19.52,0.03466335275514896,0.028302509008069736,2.0,0.0,0.2994543492181495,0.0,0.0,0.7668632570313708,0.6
19.53,0.03579968295597543,0.02923031873184941,4.0,0.0,0.2956239232080558,0.0,0.0,0.7651918409290276,0.6
19.54,0.03694954208967029,0.030169174783059784,3.0,0.0,0.2918488754494252,0.0,0.0,0.7635697395947082,0.6
19.55,0.03811257848180269,0.03111879002073039,3.0,1.1102230246251565e-16,0.28814848394173437,0.0,0.0,0.761996081086949,0.6
19.56,0.039288449057869365,0.03207888432570232,3.0,0.0,0.2845417019382333,0.0,0.0,0.7604699232360513,0.6
19.57,0.04047682059233307,0.03304918562046378,4.0,-2.220446049250313e-16,0.2810470660911296,0.0,0.0,0.7589902567273392,0.6
19.580000000000002,0.041677370913325164,0.03402943085278548,4.0,0.0,0.2776826108628681,0.0,0.0,0.7575560076962535,0.6
19.59,0.04288979005956409,0.035019366940340885,2.0,0.0,0.2744658162884588,0.0,0.0,0.7561660441195771,0.6
19.6,0.044113781382020475,0.036018751670211714,3.0,0.0,0.2714134978731919,0.0,0.0,0.7548191751609888,0.6
19.61,0.045349062586354544,0.037027354550034794,3.0,2.220446049250313e-16,0.26854174556116395,0.0,0.0,0.7535141579880004,0.6
19.62,0.046595366710909164,0.03804495760652976,2.0,0.0,0.26586584437724303,0.0,0.0,0.7522497010924808,0.6
19.63,0.04785244303568473,0.03907135612767421,2.0,0.0,0.26340020364536815,0.0,0.0,0.751024468508763,0.6
19.64,0.049120057917912574,0.04010635934494633,2.0,0.0,0.2611582882432579,0.0,0.0,0.7498370841748793,0.6
19.650000000000002,0.05039799555017409,0.04114979105232672,2.0,0.0,0.2591525540062242,0.0,0.0,0.7486861364369368,0.6
19.66,0.0516860586372695,0.04220149015895936,2.0,2.220446049250313e-16,0.2573943861905951,0.0,0.0,0.747570182617044,0.6
19.67,0.052984068988557356,0.043261311172794685,2.0,0.0,0.2558940447426589,0.0,0.0,0.7464877537620987,0.6
19.68,0.05429186802282718,0.0443291246128166,2.0,5.551115123125783e-17,0.2546606139396077,0.0,0.0,0.7454373594206553,0.6
19.69,0.05560931718313291,0.04540481734775231,2.0,5.551115123125783e-17,0.2537019567051902,0.0,0.0,0.7444174925021787,0.6
19.7,0.056936298259512956,0.04648829285957245,4.0,5.551115123125783e-17,0.25302467561622577,0.0,0.0,0.7434266341877138,0.6
19.71,0.05827271361799161,0.047579471430469554,3.0,5.551115123125783e-17,0.2526340801514314,0.0,0.0,0.7424632588736242,0.6
19.72,0.05961848633471699,0.04867829025238165,2.0,5.551115123125783e-17,0.25253416019771674,0.0,0.0,0.7415258391312285,0.6
19.73,0.060973560234576236,0.04978470345852116,2.0,-5.551115123125783e-17,0.25272756610167885,0.0,0.0,0.7406128506648619,0.6
19.740000000000002,0.062337899834126055,0.05089868207677793,2.0,0.0,0.2532155956565635,0.0,0.0,0.7397227772501744,0.6
19.75,0.06371149018917562,0.05202021390527123,2.0,-5.551115123125783e-17,0.2539981879308853,0.0,0.0,0.7388541156342918,0.6
19.76,0.06509433664784343,0.053149303310721485,2.0,0.0,0.25507392393690054,0.0,0.0,0.7380053803802142,0.6
19.77,0.06648646451035559,0.054285970950676915,4.0,-5.551115123125783e-17,0.2564400335599932,0.0,0.0,0.7371751086325707,0.6
19.78,0.0678879185975439,0.05543025342119337,2.0,1.1102230246251565e-16,0.25809241237551644,0.0,0.0,0.7363618648116073,0.6
19.79,0.06929876273005078,0.05658220283160721,4.0,0.0,0.2600256391987264,0.0,0.0,0.7355642451653537,0.6
19.8,0.07071907912110025,0.057741886308734724,4.0,5.551115123125783e-17,0.2622330059375608,0.0,0.0,0.7347808822195674,0.6
19.81,0.07214896768592824,0.058909385433024486,4.0,-5.551115123125783e-17,0.2647065510063004,0.0,0.0,0.7340104490763123,0.6
19.82,0.07358854527140082,0.06008479560954306,2.0,5.551115123125783e-17,0.2674370991765285,0.0,0.0,0.7332516635534932,0.6
19.830000000000002,0.07503794480973298,0.06126822537698953,2.0,5.551115123125783e-17,0.2704143072981732,0.0,0.0,0.7325032921488067,0.6
19.84,0.07649731440053972,0.06245979565819317,2.0,5.551115123125783e-17,0.2736267149157171,0.0,0.0,0.7317641538130887,0.6
19.85,0.0779668163259033,0.0636596389559192,4.0,5.551115123125783e-17,0.27706180184544155,0.0,0.0,0.7310331235191825,0.6
19.86,0.07944662600295925,0.06486789849765921,3.0,1.1102230246251565e-16,0.28070604360676843,0.0,0.0,0.7303091357167393,0.6
19.87,0.08093693087985658,0.06608472733418583,3.0,5.551115123125783e-17,0.28454498688511526,0.0,0.0,0.7295911870543551,0.6
19.88,0.0824379292799616,0.0673102873958496,2.0,5.551115123125783e-17,0.28856331140841507,0.0,0.0,0.7288783398148426,0.6
19.89,0.0839498291996562,0.06854474851098515,2.0,5.551115123125783e-17,0.2927448993425253,0.0,0.0,0.7281697241892753,0.6
19.900000000000002,0.08547284706493033,0.06978828739067335,2.0,0.0,0.2970729031680072,0.0,0.0,0.7274645409613815,0.6
19.91,0.0870072064542624,0.07104108658597738,2.0,5.551115123125783e-17,0.30152984749490575,0.0,0.0,0.7267620629645068,0.6
19.92,0.08855313679224036,0.07230333342128888,2.0,5.551115123125783e-17,0.3060976876800257,0.0,0.0,0.7260616373952601,0.6
19.93,0.09011087202022491,0.07357521890892894,2.0,5.551115123125783e-17,0.310757895930215,0.0,0.0,0.7253626871597234,0.6
19.94,0.09168064925044607,0.07485693665022274,2.0,5.551115123125783e-17,0.31549154950879027,0.0,0.0,0.7246647123206605,0.6
19.95,0.09326270740608888,0.07614868172513398,2.0,5.551115123125783e-17,0.3202793642049443,0.0,0.0,0.7239672908160384,0.6
19.96,0.09485728586099151,0.07745064958158303,2.0,0.0,0.32510188895263964,0.0,0.0,0.7232700791197317,0.6
19.97,0.09646462307464444,0.07876303492092852,3.0,5.551115123125783e-17,0.32993944166381883,0.0,0.0,0.7225728126484724,0.6
19.98,0.09808495523664523,0.08008603059116942,2.0,0.0,0.33477231309954325,0.0,0.0,0.7218753057580845,0.6
19.990000000000002,0.09971851492169151,0.08141982648875112,2.0,5.551115123125783e-17,0.3395807824622274,0.0,0.0,0.7211774515155416,0.6
20.0,0.10136552976048868,0.0827646084733663,2.0,5.551115123125783e-17,0.3443451958545354,0.0,0.0,0.7204792210747246,0.6
20.01,0.10302622113516549,0.08412055730276612,2.0,0.0,0.34904609292514116,0.0,0.0,0.7197806569420211,0.6
20.02,0.10470080289897304,0.08548784758739891,2.0,5.551115123125783e-17,0.35366420349195415,0.0,0.0,0.7190818958881492,0.6
20.03,0.10638948012848265,0.08686664677158405,2.0,0.0,0.3581805726134068,0.0,0.0,0.7183831311000624,0.6
20.04,0.1080924479137346,0.08825711414567235,2.0,5.551115123125783e-17,0.36257664154671165,0.0,0.0,0.7176846349329206,0.6
20.05,0.1098098901881532,0.08965939989067588,2.0,0.0,0.36683427872406077,0.0,0.0,0.7169867504330019,0.6
20.06,0.11154197860179668,0.09107364415828034,3.0,5.551115123125783e-17,0.37093583655535267,0.0,0.0,0.7162898864920755,0.6
20.07,0.11328887144672553,0.0924999761934119,2.0,5.551115123125783e-17,0.37486428349706463,0.0,0.0,0.7155945291674451,0.6
20.080000000000002,0.11505071263293082,0.0939385134980862,2.0,5.551115123125783e-17,0.3786031895858651,0.0,0.0,0.7149012168082407,0.6
20.09,0.11682763071941976,0.09538936104029308,2.0,5.551115123125783e-17,0.38213679813930845,0.0,0.0,0.7142105521964021,0.6
20.1,0.11861973800393302,0.09685261051075385,2.0,0.0,0.3854500837709245,0.0,0.0,0.7135231955993586,0.6
20.11,0.120427129674581,0.09832833963023521,3.0,5.551115123125783e-17,0.3885288077919205,0.0,0.0,0.712839861392641,0.6
20.12,0.12224988302625303,0.09981661150975003,2.0,0.0,0.39135956772084113,0.0,0.0,0.7121613146245841,0.6
20.13,0.12408805674222392,0.1013174740639915,2.0,5.551115123125783e-17,0.3939298115903564,0.0,0.0,0.7114883667113007,0.6
20.14,0.1259416902450803,0.10283095948136682,2.0,5.551115123125783e-17,0.39622790666766433,0.0,0.0,0.7108218723976689,0.6
20.150000000000002,0.12781080311782453,0.10435708375133043,2.0,0.0,0.3982431608878732,0.0,0.0,0.7101627251143652,0.6
20.16,0.12969539459704854,0.10589584625056232,4.0,-5.551115123125783e-17,0.39996585960963016,0.0,0.0,0.7095118529469225,0.6
20.17,0.13159544313946328,0.10744722938904067,2.0,5.551115123125783e-17,0.40138729378650584,0.0,0.0,0.7088702143373256,0.6
20.18,0.13351090606293994,0.1090111983169531,3.0,5.551115123125783e-17,0.40249978643568307,0.0,0.0,0.7082387936890181,0.6
20.19,0.13544171926298657,0.11058770069320131,3.0,0.0,0.4032967159320965,0.0,0.0,0.7076185968904709,0.6
20.2,0.1373877970053633,0.11217666651607144,2.0,5.551115123125783e-17,0.4037725361919439,0.0,0.0,0.7070106467743141,0.6
20.21,0.13934903179531286,0.11377800801646173,2.0,0.0,0.4039227937269578,0.0,0.0,0.7064159785292448,0.6
20.22,0.14132529432367422,0.11539161961388432,4.0,-1.1102230246251565e-16,0.4037441417036725,0.0,0.0,0.705835635082075,0.6
20.23,0.14331643348993256,0.11701737793528554,2.0,5.551115123125783e-17,0.40323435096683913,0.0,0.0,0.7052706624669383,0.6
20.240000000000002,0.1453222765020449,0.118655141896553,2.0,0.0,0.40239231797085145,0.0,0.0,0.7047221051990877,0.6
20.25,0.14734262905267065,0.12030475284640756,3.0,5.551115123125783e-17,0.40121806968688284,0.0,0.0,0.70419100167029,0.6
20.26,0.14937727557122657,0.12196603477220491,2.0,5.551115123125783e-17,0.3997127654164126,0.0,0.0,0.7036783795829784,0.6
20.27,0.15142597955097098,0.12363879456699925,2.0,0.0,0.39787869547131116,0.0,0.0,0.7031852514397511,0.6
20.28,0.15348848395011447,0.12532282235704828,2.0,0.0,0.39571927672961876,0.0,0.0,0.7027126101048979,0.6
20.29,0.1555645116657253,0.12701789188875573,2.0,0.0,0.3932390448202512,0.0,0.0,0.7022614244541333,0.6
20.3,0.1576537660789993,0.1287237609738821,3.0,0.0,0.39044364323334774,0.0,0.0,0.701832635128653,0.6
20.31,0.15975593167022573,0.13044017199166236,2.0,0.0,0.3873398088784962,0.0,0.0,0.7014271504085328,0.6
20.32,0.16187067470157612,0.13216685244630072,2.0,5.551115123125783e-17,0.3839353544342449,0.0,0.0,0.7010458422209832,0.6
20.330000000000002,0.16399764396559297,0.1339035155781088,2.0,5.551115123125783e-17,0.3802391468741702,0.0,0.0,0.7006895422976828,0.6
20.34,0.16613647159701456,0.1356498610263583,2.0,0.0,0.37626108222282045,0.0,0.0,0.7003590384951971,0.6
20.35,0.16828677394551775,0.137405575541872,2.0,0.0,0.3720120592803784,0.0,0.0,0.7000550709970291,0.6
20.36,0.17044815250655573,0.13917033374705,2.0,5.551115123125783e-17,0.3675039471908332,0.0,0.0,0.6997783301680084,0.6
20.37,0.1726201949061529,0.14094379893995115,3.0,0.0,0.36274953272851834,0.0,0.0,0.6995294517060954,0.6
20.38,0.1748024759388565,0.14272562394177704,2.0,0.0,0.3577625177229598,0.0,0.0,0.6993090148947582,0.6
20.39,0.17699455865299266,0.14451545198298,2.0,5.551115123125783e-17,0.35255744009407186,0.0,0.0,0.6991175396293846,0.6
20.400000000000002,0.1791959954810801,0.14631291762624168,2.0,5.551115123125783e-17,0.34714965022862004,0.0,0.0,0.6989554835787097,0.6
20.41,0.1814063294097299,0.14811764772169286,2.0,5.551115123125783e-17,0.3415552338868464,0.0,0.0,0.6988232410491922,0.6
20.42,0.18362509518693398,0.1499292623926594,2.0,0.0,0.3357909884522391,0.0,0.0,0.6987211402137803,0.6
20.43,0.18585182056063146,0.15174737604694846,2.0,0.0,0.3298743382381777,0.0,0.0,0.6986494414686776,0.6
20.44,0.1880860275449003,0.1535715984106888,2.0,0.0,0.3238232861964798,0.0,0.0,0.6986083362532169,0.6
20.45,0.19032723370836266,0.15540153558030997,2.0,5.551115123125783e-17,0.3176563385453596,0.0,0.0,0.6985979454666631,0.6
20.46,0.19257495348298845,0.15723679109117555,2.0,0.0,0.3113924833470317,0.0,0.0,0.6986183189193759,0.6
20.47,0.1948286994812938,0.15907696699307144,2.0,5.551115123125783e-17,0.30505101359327047,0.0,0.0,0.6986694348117352,0.6
20.48,0.19708798382355036,0.16092166493386742,2.0,5.551115123125783e-17,0.29865155632579404,0.0,0.0,0.698751199137458,0.6
20.490000000000002,0.19935231946699294,0.16277048724481108,2.0,0.0,0.2922139549505908,0.0,0.0,0.6988634456897285,0.6
20.5,0.20162122153074627,0.1646230380223255,2.0,0.0,0.28575817685263455,0.0,0.0,0.6990059364931973,0.6
20.51,0.20389420861276608,0.1664789242032876,4.0,-1.1102230246251565e-16,0.2793042593080644,0.0,0.0,0.6991783620174447,0.6
20.52,0.20617080409302527,0.1683377566290748,3.0,0.0,0.27287222332589806,0.0,0.0,0.6993803419894267,0.6
20.53,0.2084505374133081,0.17019915109051273,2.0,0.0,0.2664819268109847,0.0,0.0,0.6996114268539578,0.6
20.54,0.21073294533794718,0.17206272935726286,2.0,0.0,0.2601531314853063,0.0,0.0,0.6998710986191488,0.6
20.55,0.2130175731780504,0.17392812017739942,2.0,0.0,0.25390523411167176,0.0,0.0,0.7001587726354848,0.6
20.56,0.21530397598153797,0.1757949602490706,2.0,-5.551115123125783e-17,0.24775730032178855,0.0,0.0,0.7004737994510292,0.6
20.57,0.21759171968177424,0.17766289515835249,2.0,5.551115123125783e-17,0.2417279510956093,0.0,0.0,0.7008154672402725,0.6
20.580000000000002,0.21988038220286046,0.17953158028171678,2.0,-5.551115123125783e-17,0.23583532970312196,0.0,0.0,0.701183006657554,0.6
20.59,0.22216955450247677,0.181400681637508,2.0,0.0,0.23009680148721567,0.0,0.0,0.7015755798994319,0.6
20.6,0.22445884156749496,0.18326987669885744,2.0,0.0,0.22452918355541424,0.0,0.0,0.7019923055200343,0.6
20.61,0.22674786334648853,0.18513885515507478,2.0,0.0,0.2191484931588196,0.0,0.0,0.7024322462708948,0.6
20.62,0.22903625561706842,0.1870073196198247,2.0,0.0,0.2139699079609972,0.0,0.0,0.7028944161596958,0.6
20.63,0.23132367078359303,0.1888749862824543,3.0,5.551115123125783e-17,0.2090076884497963,0.0,0.0,0.7033777838572659,0.6
20.64,0.23360977860115925,0.19074158549912923,2.0,5.551115123125783e-17,0.20427510481809563,0.0,0.0,0.7038812762060399,0.6
20.650000000000002,0.23589426682513023,0.19260686232317117,2.0,1.1102230246251565e-16,0.199784415103818,0.0,0.0,0.704403782306469,0.6
20.66,0.23817684178036194,0.19447057696982917,2.0,1.1102230246251565e-16,0.1955467629801569,0.0,0.0,0.7049441568571964,0.6
20.67,0.240457228849175,0.1963325052147068,2.0,5.551115123125783e-17,0.1915721506952246,0.0,0.0,0.7055012245612192,0.6
20.68,0.2427351728755314,0.19819243872377154,2.0,0.0,0.1878693864019018,0.0,0.0,0.7060737841553889,0.6
20.69,0.24501043848382345,0.20005018531364446,2.0,-5.551115123125783e-17,0.18444604549356466,0.0,0.0,0.7066606126408714,0.6
20.7,0.24728281031102986,0.20190556914115498,2.0,-5.551115123125783e-17,0.18130843660161508,0.0,0.0,0.7072604695913736,0.6
20.71,0.24955209315143623,0.2037584308215048,2.0,5.551115123125783e-17,0.1784615738486467,0.0,0.0,0.707872101523252,0.6
20.72,0.2518181120135862,0.20560862747476802,3.0,5.551115123125783e-17,0.17590915583761255,0.0,0.0,0.7084942463097853,0.6
20.73,0.2540807120895788,0.2074560327008227,2.0,0.0,0.17365355117249273,0.0,0.0,0.7091256376211874,0.6
20.740000000000002,0.2563397586372882,0.20930053648318403,2.0,5.551115123125783e-17,0.17169579080438124,0.0,0.0,0.7097650093722271,0.6
20.75,0.25859513677653456,0.21114204502257786,2.0,5.551115123125783e-17,0.17003556711954268,0.0,0.0,0.710411100159166,0.6
20.76,0.2608467512006739,0.21298048050145518,2.0,0.0,0.16867123975660664,0.0,0.0,0.7110626576675004,0.6
20.77,0.26309452580551024,0.21481578078100017,2.0,5.551115123125783e-17,0.16759984810772877,0.0,0.0,0.7117184430327319,0.6
20.78,0.2653384032378516,0.2166478990325278,2.0,0.0,0.16681713043805416,0.0,0.0,0.7123772351359381,0.6
20.79,0.26757834436643907,0.21847680330549887,3.0,5.551115123125783e-17,0.16631754946785676,0.0,0.0,0.7130378348163258,0.6
20.8,0.269814327678346,0.22030247603468234,2.0,0.0,0.166094324036165,0.0,0.0,0.7136990689837079,0.6
20.81,0.27204634860431764,0.22212491348929728,3.0,1.6653345369377348e-16,0.1661394669090362,0.0,0.0,0.7143597946139153,0.6
20.82,0.2742744187768268,0.22394412516721804,2.0,0.0,0.16644382787416642,0.0,0.0,0.7150189026105968,0.6
20.830000000000002,0.2764985652250334,0.22576013313766133,2.0,1.1102230246251565e-16,0.1669971438803495,0.0,0.0,0.7156753215181876,0.6
20.84,0.2787188295107044,0.22757297133566765,4.0,-1.1102230246251565e-16,0.1677880876598915,0.0,0.0,0.7163280215101373,0.6
20.85,0.2809352668102891,0.2293826848126192,2.0,-5.551115123125783e-17,0.16880433535141506,0.0,0.0,0.7169760160186681,0.6
20.86,0.28314794494831674,0.23118932894701227,2.0,1.1102230246251565e-16,0.1700326344764583,0.0,0.0,0.7176183674951152,0.6
20.87,0.2853569433851933,0.23299296861799673,2.0,1.1102230246251565e-16,0.1714588390714089,0.0,0.0,0.718254188673407,0.6
20.88,0.28756235216673465,0.2347936773476732,2.0,5.551115123125783e-17,0.17306801444640177,0.0,0.0,0.718882645762815,0.6
20.89,0.28976427083988776,0.23659153641578365,2.0,5.551115123125783e-17,0.17484449660126258,0.0,0.0,0.7195029609652206,0.6
20.900000000000002,0.2919628073394076,0.2383866339506864,2.0,-5.551115123125783e-17,0.17677195763142542,0.0,0.0,0.7201144155014992,0.6
20.91,0.294158076852569,0.24017906400239755,2.0,-5.551115123125783e-17,0.17883351011224496,0.0,0.0,0.7190969096653017,0.6
20.92,0.29635020066604545,0.2419689256010713,3.0,1.1102230246251565e-16,0.18101176472714242,0.0,0.0,0.7177092790094882,0.6
20.93,0.2985393050007248,0.24375632180563106,2.0,5.551115123125783e-17,0.18328891588609295,0.0,0.0,0.7163293955520518,0.6
20.94,0.30072551984008905,0.24554135874714544,3.0,5.551115123125783e-17,0.1856468264127937,0.0,0.0,0.7149574612517525,0.6
20.95,0.3029089777570888,0.24732414467097538,2.0,5.551115123125783e-17,0.18806710221600276,0.0,0.0,0.7135936609251324,0.6
20.96,0.30508981274355584,0.24910478898099328,2.0,5.551115123125783e-17,0.1905311537882412,0.0,0.0,0.7122381618333895,0.6
20.97,0.3072681590526951,0.250883401294482,2.0,5.551115123125783e-17,0.19302036606572437,0.0,0.0,0.710891113235562,0.6
20.98,0.3094441500525762,0.25266009050601435,2.0,0.0,0.19551606234820057,0.0,0.0,0.709552646195192,0.6
20.990000000000002,0.31161791709848,0.25443496386672826,3.0,5.551115123125783e-17,0.19799963282125055,0.0,0.0,0.708222873088388,0.6
21.0,0.31378958842934723,0.2562081260832801,2.0,5.551115123125783e-17,0.20045262148087897,0.0,0.0,0.7069018875362503,0.6
21.01,0.315959288092528,0.25797967843990716,2.0,1.6653345369377348e-16,0.2028567980082503,0.0,0.0,0.7055897642311315,0.6
21.02,0.31812713490224287,0.25974971794801444,4.0,1.1102230246251565e-16,0.20519425136099775,0.0,0.0,0.7042865628469295,0.6
21.03,0.32029324143026155,0.2615183365220669,2.0,0.0,0.2074473660744131,0.0,0.0,0.7029923123580326,0.6
21.04,0.3224577130385961,0.2632856201897872,2.0,5.551115123125783e-17,0.20959899535393242,0.0,0.0,0.7017070348889758,0.6
21.05,0.3246206469566068,0.26505164833861555,4.0,0.0,0.21163250526784674,0.0,0.0,0.700430729936067,0.6
21.06,0.32678213140384205,0.26681649299951155,2.0,1.6653345369377348e-16,0.21353180548462136,0.0,0.0,0.699163378878195,0.6
21.07,0.3289422447621932,0.2685802181710216,2.0,5.551115123125783e-17,0.21528141822270727,0.0,0.0,0.6979049453193884,0.6
21.080000000000002,0.3311010547996167,0.27034287918545036,2.0,5.551115123125783e-17,0.216866526361335,0.0,0.0,0.6966553775872247,0.6
21.09,0.33325861795034434,0.27210452212115505,2.0,5.551115123125783e-17,0.2182730652124826,0.0,0.0,0.6954145997588064,0.6
21.1,0.3354149786515016,0.273865183260897,2.0,5.551115123125783e-17,0.21948773672451488,0.0,0.0,0.6941825272597962,0.6
21.11,0.3375701687374237,0.2756248885973016,2.0,5.551115123125783e-17,0.22049804137245088,0.0,0.0,0.6929590574039518,0.6
21.12,0.33972420689484084,0.2773836533880206,4.0,0.0,0.22129234598568504,0.0,0.0,0.6917440726946219,0.6
21.13,0.3418770981793438,0.2791414817609264,2.0,5.551115123125783e-17,0.22185990479862244,0.0,0.0,0.6905374416659705,0.6
21.14,0.3440288335949078,0.28089836637079546,2.0,5.551115123125783e-17,0.22219090457533397,0.0,0.0,0.6893390197855531,0.6
21.150000000000002,0.3461793897373909,0.282654288108226,2.0,0.0,0.22227649558555743,0.0,0.0,0.6881486503039241,0.6
21.16,0.34832872850181473,0.2844092158606335,3.0,5.551115123125783e-17,0.22210880427859345,0.0,0.0,0.6869661657775685,0.6
21.17,0.35047679685370675,0.2861631063255525,2.0,0.0,0.2216809539445096,0.0,0.0,0.6857913884147154,0.6
21.18,0.35262352666568225,0.287915903877206,3.0,5.551115123125783e-17,0.22098710171057484,0.0,0.0,0.684624131715917,0.6
21.19,0.35476883461841735,0.28966754048565124,2.0,0.0,0.22002244082036443,0.0,0.0,0.6834642015433267,0.6
21.2,0.35691262216570513,0.29141793568824714,2.0,0.0,0.21878321228799,0.0,0.0,0.6823113973572296,0.6
21.21,0.3590547755631045,0.2931669966130465,3.0,5.551115123125783e-17,0.21726671364154415,0.0,0.0,0.6811655134926553,0.6
21.22,0.36119516595940065,0.2949146180534728,2.0,-5.551115123125783e-17,0.21547130265661282,0.0,0.0,0.680026340471288,0.6
21.23,0.3633336495498906,0.29666068259347794,2.0,0.0,0.213396397470626,0.0,0.0,0.6788936663427001,0.6
21.240000000000002,0.36547006779031355,0.29840506078221485,2.0,1.1102230246251565e-16,0.21104247329917716,0.0,0.0,0.6777672780496274,0.6
21.25,0.3676042476700517,0.30014761135710577,4.0,0.0,0.20841105559570558,0.0,0.0,0.676646962811521,0.6
21.26,0.36973600204305196,0.3018881815140382,2.0,0.0,0.20550470990295172,0.0,0.0,0.6755325095207038,0.6
21.27,0.3718651300147125,0.3036266072232567,3.0,1.1102230246251565e-16,0.2023270278790443,0.0,0.0,0.6744237101452085,0.6
21.28,0.3739914173828306,0.30536271358939493,2.0,0.0,0.1988826103420421,0.0,0.0,0.6733203611324369,0.6
21.29,0.376114637130525,0.30709631525394565,2.0,1.1102230246251565e-16,0.19517704671271163,0.0,0.0,0.6722222647580383,0.6
21.3,0.3782345499691458,0.30882721683854425,4.0,-1.1102230246251565e-16,0.19121689593688396,0.0,0.0,0.6711292307145464,0.6
21.31,0.3803509049279154,0.3105552134264091,4.0,0.0,0.18700964404582607,0.0,0.0,0.6700410771293529,0.6
21.32,0.3824634399891402,0.31228009108098903,3.0,0.0,0.1825636988923231,0.0,0.0,0.6689576322953634,0.6
21.330000000000002,0.38457188276441895,0.31400162739808596,2.0,0.0,0.17788832303161298,0.0,0.0,0.6678787356659293,0.6
21.34,0.3866759512113996,0.3157195920910836,2.0,0.0,0.17299364001699896,0.0,0.0,0.6668042393165458,0.6
21.35,0.3887753543861168,0.317433747605229,2.0,0.0,0.16789055903102415,0.0,0.0,0.6657340091433325,0.6
21.36,0.39086979322858445,0.319143849759066,2.0,0.0,0.16259074602226956,0.0,0.0,0.6646679260508759,0.6
21.37,0.392958961378855,0.32084964841074504,3.0,0.0,0.15710658596845392,0.0,0.0,0.6636058870694964,0.6
21.38,0.39504254601890365,0.32255088814541827,3.0,0.0,0.15145111071262563,0.0,0.0,0.6625478065111171,0.6
21.39,0.39712022873870945,0.3242473089823924,4.0,-1.1102230246251565e-16,0.14563798060026947,0.0,0.0,0.661493616920546,0.6
21.400000000000002,0.39919168642136216,0.3259386470978148,2.0,0.0,0.13968140082124406,0.0,0.0,0.6604432700290406,0.6
21.41,0.40125659214472265,0.32762463556087673,2.0,0.0,0.13359608600511663,0.0,0.0,0.6593967376647973,0.6
21.42,0.4033146160948416,0.32930500507961613,2.0,0.0,0.12739718129564168,0.0,0.0,0.6583540125202628,0.6
21.43,0.4053654264910331,0.3309794847562375,2.0,1.1102230246251565e-16,0.1211002688847566,0.0,0.0,0.6573151088855833,0.6
21.44,0.4074086905106164,0.33264780284215995,2.0,1.1102230246251565e-16,0.11472115428006864,0.0,0.0,0.6562800633126349,0.6
21.45,0.4094440752225686,0.33430968750034146,4.0,0.0,0.10827604351688315,0.0,0.0,0.6552489351356592,0.6
21.46,0.41147124851103856,0.33596486755932525,3.0,2.220446049250313e-16,0.10178119614918657,0.0,0.0,0.6542218069223634,0.6
21.47,0.4134898799942232,0.3376130732634986,2.0,0.0,0.09525303071806963,0.0,0.0,0.6531987847175,0.6
21.48,0.4154996419364371,0.33925403701779494,2.0,0.0,0.0887080886401237,0.0,0.0,0.6521799985003578,0.6
21.490000000000002,0.4175002101447402,0.3408874941197871,2.0,0.0,0.08216287590343851,0.0,0.0,0.6511656025278488,0.6
21.5,0.4194912648464366,0.3425131834761622,3.0,0.0,0.07563379467785748,0.0,0.0,0.6501557746582411,0.6
21.51,0.4214724915453157,0.34413084830183976,2.0,2.220446049250313e-16,0.06913710346249749,0.0,0.0,0.6491507167697281,0.6
21.52,0.42344358185508657,0.34574023680046745,2.0,0.0,0.06268888760075166,0.0,0.0,0.6481506551723452,0.6
21.53,0.42540423430076424,0.34734110281875086,2.0,0.0,0.05630488212658162,0.0,0.0,0.6471558394402493,0.6
21.54,0.4273541550938726,0.3489332064794037,2.0,0.0,0.05000058046656648,0.0,0.0,0.6461665425945872,0.6
21.55,0.4292930588677414,0.35051631478151546,2.0,0.0,0.04379096898950976,0.0,0.0,0.6451830605542949,0.6
21.56,0.43122066937663334,0.3520902021713861,3.0,1.1102230246251565e-16,0.037690592392583766,0.0,0.0,0.6442057115347171,0.6
21.57,0.4331367201541558,0.3536546510801171,2.0,0.0,0.03171346037400113,0.0,0.0,0.6432348355608678,0.6
21.580000000000002,0.4350409551271147,0.3552094524248211,2.0,-1.1102230246251565e-16,0.025872965729745075,0.0,0.0,0.6422707933177614,0.6
21.59,0.43693312918452565,0.35675440607321723,2.0,0.0,0.020181869850006705,0.0,0.0,0.6413139659962684,0.6
21.6,0.43881300869652834,0.35828932126732355,2.0,1.1102230246251565e-16,0.01465219067010083,0.0,0.0,0.6403647536199873,0.6
21.61,0.4406803719845047,0.3598140170073062,2.0,0.0,0.009295216335041172,0.0,0.0,0.6394235748445308,0.6
21.62,0.44253500973791426,0.36132832239182466,2.0,1.1102230246251565e-16,0.004121405188489272,0.0,0.0,0.6384908651267023,0.6
21.63,0.44437676886541466,0.3628321124223211,0.0,0.000923355159640038,0.0,0.0,0.0,0.6375670759901493,0.6
21.64,0.44620570641757773,0.36432543368039255,0.0,0.0060627076023560544,0.0,0.0,0.0,0.6366526736808912,0.6
21.650000000000002,0.44802187949125594,0.3658083327854238,0.0,0.010976688902175957,0.0,0.0,0.0,0.6357481429669952,0.6
21.66,0.4498253452175456,0.36728085638475966,0.0,0.015614915486404923,0.0,0.0,0.0,0.6348540159894273,0.6
21.67,0.45161616075029554,0.3687430511443222,0.0,0.019980116480304844,0.0,0.0,0.0,0.6339708826805113,0.6
21.68,0.45339438325513626,0.37019496373965344,0.0,0.024085118319009724,0.0,0.0,0.0,0.6330993053601724,0.6
21.69,0.4551600698990045,0.37163664084736164,0.0,0.027941507838899482,0.0,0.0,0.0,0.632239824994118,0.6
21.7,0.4569132778401413,0.37306812913695514,0.0,0.03155966897665907,0.0,0.0,0.0,0.6313929649317847,0.6
21.71,0.4586540642185405,0.3744894752630436,0.0,0.0349497721187102,0.0,0.0,0.0,0.6305592318903195,0.6
21.72,0.46038248614682853,0.3759007258578913,0.0,0.03812215575337663,0.0,0.0,0.0,0.6297391159577616,0.6
21.73,0.46209860070155406,0.3773019275243051,0.0,0.04108742280512334,0.0,0.0,0.0,0.6289330900922118,0.6
21.740000000000002,0.4638024649148713,0.3786931268288437,0.0,0.043856427426089084,0.0,0.0,0.0,0.6281416108286039,0.6
21.75,0.4654941357665964,0.3800743702953323,0.0,0.046440275418239585,0.0,0.0,0.0,0.6273651161241067,0.6
21.76,0.46717367017662237,0.381445704398669,0.0,0.04885030150179548,0.0,0.0,0.0,0.6266040271962162,0.6
21.77,0.4688411249976766,0.3828071755589113,0.0,0.05109804766206394,0.0,0.0,0.0,0.6258587468609714,0.6
21.78,0.47049655700840337,0.384158830135628,0.0,0.053195238101163556,0.0,0.0,0.0,0.6251296596095652,0.6
21.79,0.47214002290676005,0.38550071442250744,0.0,0.05515380612856369,0.0,0.0,0.0,0.6244171315873903,0.6
21.8,0.47377157930371083,0.38683287464220856,0.0,0.05698575419516061,0.0,0.0,0.0,0.6237215098190306,0.6
21.81,0.475391282717207,0.38815535694144515,0.0,0.05870323678785039,0.0,0.0,0.0,0.6230431228733473,0.6
21.82,0.4769991895664393,0.3894682073862936,0.0,0.060318475563615026,0.0,0.0,0.0,0.6223822800014169,0.6
21.830000000000002,0.47859535616635224,0.39077147195771356,0.0,0.06184372690860862,0.0,0.0,0.0,0.6217392712893509,0.6
21.84,0.4801798387224076,0.39206519654727245,0.0,0.06329128251500882,0.0,0.0,0.0,0.621114367700778,0.6
21.85,0.48175269332558834,0.3933494269530659,0.0,0.06467341516207825,0.0,0.0,0.0,0.6205078203797582,0.6
21.86,0.48331397594763037,0.39462420887582517,0.0,0.06600237065553916,0.0,0.0,0.0,0.6199198617373057,0.6
21.87,0.4848637424364747,0.3958895879152028,0.0,0.06729031858674683,0.0,0.0,0.0,0.6193507042607642,0.6
21.88,0.4864020485119286,0.39714560956623135,0.0,0.06854932951346693,0.0,0.0,0.0,0.6188005415609397,0.6
21.89,0.48792894976152945,0.3983923192159447,0.0,0.06979135536701608,0.0,0.0,0.0,0.6182695478705006,0.6
21.900000000000002,0.4894445016365991,0.39962976214015766,0.0,0.07102819805628768,0.0,0.0,0.0,0.6177578783060174,0.6
21.91,0.4909487594484852,0.4008579835003965,0.0,0.07227148684868812,0.0,0.0,0.0,0.6172656689930818,0.6
21.92,0.49244177836497877,0.4020770283409739,0.0,0.0735326657095634,0.0,0.0,0.0,0.6167930372973051,0.6
21.93,0.4939236134069002,0.4032869415862016,0.0,0.07482294208536422,0.0,0.0,0.0,0.6163400818671559,0.6
21.94,0.49539431944485035,0.40448776803773767,0.0,0.07615329639569302,0.0,0.0,0.0,0.6159068830120558,0.6
21.95,0.4968539511961157,0.4056795523720595,0.0,0.07753445382946944,0.0,0.0,0.0,0.6154935028985586,0.6
21.96,0.498302563221724,0.40686233913805936,0.0,0.07897683920615395,0.0,0.0,0.0,0.6150999858882037,0.6
21.97,0.4997402099236432,0.4080361727547585,0.0,0.08049064749579182,0.0,0.0,0.0,0.6147263588301316,0.6
21.98,0.5011669455421184,0.4092010975091312,0.0,0.08208568250757309,0.0,0.0,0.0,0.6143726313112101,0.6
21.990000000000002,0.5025828241531404,0.41035715755403934,0.0,0.08377146506284139,0.0,0.0,0.0,0.6140387961287077,0.6
22.0,0.5039878996660417,0.4115043969062686,0.0,0.08555719579231735,0.0,0.0,0.0,0.6137248296422938,0.6
22.01,0.505382225821214,0.4126428594446649,0.0,0.08745170863020724,0.0,0.0,0.0,0.6134306921582183,0.6
22.02,0.5067658561879415,0.4137725889083656,0.0,0.08946348538356619,0.0,0.0,0.0,0.6131563283638917,0.6
22.03,0.5081388441623487,0.41489362889512404,0.0,0.0916006312847506,0.0,0.0,0.0,0.6129016677198784,0.6
22.04,0.5095012429654537,0.41600602285971927,0.0,0.09387094589854461,0.0,0.0,0.0,0.6126666251324862,0.6
22.05,0.5108531056413261,0.4171098141124529,0.0,0.09628171699449672,0.0,0.0,0.0,0.6124511010286973,0.6
22.06,0.5121944850553438,0.4182050458177252,0.0,0.0988400244114106,0.0,0.0,0.0,0.6122549823266175,0.6
22.07,0.5135254338925456,0.41929176099269017,0.0,0.10155241850585728,0.0,0.0,0.0,0.6120781502757051,0.6
22.080000000000002,0.5148460046560752,0.4203700025059853,0.0,0.10442510813799988,0.0,0.0,0.0,0.6119204501413295,0.6
22.09,0.5161562496657138,0.42143981307653283,0.0,0.10746393075878102,0.0,0.0,0.0,0.6117817382689443,0.6
22.1,0.5174562210564967,0.42250123527241085,0.0,0.11067434545453914,0.0,0.0,0.0,0.6116618517676493,0.6
22.11,0.5187459707774117,0.4235543115097904,0.0,0.11406136800319344,0.0,0.0,0.0,0.611560616395483,0.6
22.12,0.5200255505901755,0.42459908405193625,0.0,0.1176296613112926,0.0,0.0,0.0,0.6114778473549465,0.6
22.13,0.5212950120680858,0.4256355950082694,0.0,0.12138353580405148,0.0,0.0,0.0,0.6114133500674206,0.6
22.14,0.5225544065949451,0.4266638863334892,0.0,0.1253268519376154,0.0,0.0,0.0,0.6113669202763181,0.6
22.150000000000002,0.5238037853640541,0.4276839998267504,0.0,0.12946312967793583,0.0,0.0,0.0,0.6113383448606959,0.6
22.16,0.5250431993772724,0.428695977130897,0.0,0.13379555008597477,0.0,0.0,0.0,0.6113274026131267,0.6
22.17,0.5262726994441422,0.4296998597317466,0.0,0.13832685981416004,0.0,0.0,0.0,0.6113338643584341,0.6
22.18,0.5274923361810759,0.4306956889574269,0.0,0.14305948225456644,0.0,0.0,0.0,0.6113574937644237,0.6
22.19,0.5287021600106011,0.43168350597775906,0.0,0.14799552552079698,0.0,0.0,0.0,0.6113980480419496,0.6
22.2,0.5299022211606637,0.4326633518036893,0.0,0.1531366777944977,0.0,0.0,0.0,0.611455282710415,0.6
22.21,0.5310925696639861,0.43363526728676455,0.0,0.15848434086188967,0.0,0.0,0.0,0.6115289344716289,0.6
22.22,0.5322732553574779,0.43459929311865086,0.0,0.16403957069861064,0.0,0.0,0.0,0.6116187485423656,0.6
22.23,0.5334443278816975,0.4355554698306946,0.0,0.16980306339881346,0.0,0.0,0.0,0.6117244612953436,0.6
22.240000000000002,0.5346058366803634,0.43650383779352275,0.0,0.17577532877460422,0.0,0.0,0.0,0.6118458052720648,0.6
22.25,0.5357578309999109,0.43744443721668147,0.0,0.18195641667188134,0.0,0.0,0.0,0.6119825097429501,0.6
22.26,0.5369003598890968,0.4383773081483128,0.0,0.1883462273333748,0.0,0.0,0.0,0.6121343012319269,0.6
22.27,0.5380334721986444,0.4393024904748656,0.0,0.1949442868451713,0.0,0.0,0.0,0.6123009040041724,0.6
22.28,0.5391572165809336,0.4402200239208415,0.0,0.20174988796997695,0.0,0.0,0.0,0.6124820406256914,0.6
22.29,0.5402716414897296,0.44112994804857414,0.0,0.2087620992352185,0.0,0.0,0.0,0.6126774362461896,0.6
22.3,0.5413767951799503,0.44203230225803897,0.0,0.21597959197527739,0.0,0.0,0.0,0.6128868037111765,0.6
22.31,0.5424727257074721,0.4429271257866948,0.0,0.22340095514118707,0.0,0.0,0.0,0.6131098674187562,0.6
22.32,0.5435594809289714,0.4438144577093544,0.0,0.23102454507030656,0.0,0.0,0.0,0.6133463478519328,0.6
22.330000000000002,0.5446371085018,0.4446943369380824,0.0,0.23884838801423647,0.0,0.0,0.0,0.6135959661968873,0.6
22.34,0.545705655883895,0.44556680222212214,0.0,0.24687039189320298,0.0,0.0,0.0,0.6138584447593401,0.6
22.35,0.5467651703337195,0.44643189214784745,0.0,0.25508824414887954,0.0,0.0,0.0,0.6141335073445959,0.6
22.36,0.5478156989102353,0.44728964513873953,0.0,0.2634994555144886,0.0,0.0,0.0,0.6144208796529309,0.6
22.37,0.5488572884729046,0.448140099455389,0.0,0.27210135090151477,0.0,0.0,0.0,0.6147202896881657,0.6
22.38,0.5498899856817205,0.4489832931955207,0.0,0.2808910952226974,0.0,0.0,0.0,0.6150314681257602,0.6
22.39,0.5509138369972648,0.449819264294041,0.0,0.28986569621438096,0.0,0.0,0.0,0.6153541486198373,0.6
22.400000000000002,0.5519288886807933,0.4506480505231069,0.0,0.2990220314065616,0.0,0.0,0.0,0.615688068278501,0.6
22.41,0.552935186794344,0.4514696894922151,0.0,0.30835684343117903,0.0,0.0,0.0,0.6160329679055168,0.6
22.42,0.5539327772008733,0.45228421864831275,0.0,0.31786671391195687,0.0,0.0,0.0,0.616388592046398,0.6
22.43,0.5549217055644133,0.4530916752759256,0.0,0.3275481985767175,0.0,0.0,0.0,0.616754690799739,0.6
22.44,0.5559020173502521,0.45389209649730605,0.0,0.3373976414844197,0.0,0.0,0.0,0.6171310158166516,0.6
22.45,0.5568737578251369,0.4546855192725986,0.0,0.347411393603396,0.0,0.0,0.0,0.6175173273767551,0.6
22.46,0.5578369720574969,0.4554719804000214,0.0,0.3575856336649347,0.0,0.0,0.0,0.6179133870156827,0.6
22.47,0.5587917049176874,0.45625151651606627,0.0,0.3679165242493048,0.0,0.0,0.0,0.6183189643378366,0.6
22.48,0.5597380010782528,0.457024164095713,0.0,0.37840016157545153,0.0,0.0,0.0,0.6187338334632222,0.6
22.490000000000002,0.5606759050142082,0.4577899594526592,0.0,0.3890325835208361,0.0,0.0,0.0,0.6191577750434575,0.6
22.5,0.561605461003339,0.45854893873956537,0.0,0.3998097234680502,0.0,0.0,0.0,0.6195905730498558,0.6
22.51,0.562526713126518,0.45930113794831356,0.0,0.41072752072101537,0.0,0.0,0.0,0.6200320195005369,0.6
22.52,0.5634397052680397,0.46004659291027983,0.0,0.42178191916243113,0.0,0.0,0.0,0.6204819123764177,0.6
22.53,0.5643444811159677,0.4607853392966191,0.0,0.43296876762375225,0.0,0.0,0.0,0.6209400552456524,0.6
22.54,0.5652410841625019,0.4615174126185636,0.0,0.4442839369778464,0.0,0.0,0.0,0.621406258169995,0.6
22.55,0.5661295577043567,0.4622428482277328,0.0,0.455723284294265,0.0,0.0,0.0,0.6218803375350841,0.6
22.56,0.567009944843155,0.4629616813164545,0.0,0.46728266374581695,0.0,0.0,0.0,0.6223621162765727,0.6
22.57,0.5678822884858356,0.4636739469180971,0.0,0.47895793605000425,0.0,0.0,0.0,0.6228514239584562,0.6
22.580000000000002,0.568746631345073,0.46437967990741374,0.0,0.49074496458523736,0.0,0.0,0.0,0.6233480960801856,0.6
22.59,0.5696030159397113,0.4650789150008951,0.0,0.5026396390000584,0.0,0.0,0.0,0.6238519752932433,0.6
22.6,0.5704514845952084,0.4657716867571328,0.0,0.5146378696701795,0.0,0.0,0.0,0.6243629104983224,0.6
22.61,0.5712920794440921,0.46645802957719185,0.0,0.526735601097996,0.0,0.0,0.0,0.6248807572267431,0.6
22.62,0.5721248424264285,0.4671379777049926,0.0,0.5389288087971422,0.0,0.0,0.0,0.6254053773828401,0.6
22.63,0.5729498152902996,0.4678115652277017,0.0,0.551213512245446,0.0,0.0,0.0,0.6259366393817677,0.6
22.64,0.5737670395922918,0.46847882607612934,0.0,0.5635859928264375,0.0,0.0,0.0,0.626474440036151,0.6
22.650000000000002,0.5745765566979943,0.46913979402513784,0.0,0.5760418537526166,0.0,0.0,0.0,0.6270186153546404,0.6
22.66,0.5753784077825055,0.46979450269405437,0.0,0.5885775709510734,0.0,0.0,0.0,0.6275690758674672,0.6
22.67,0.5761726338309506,0.47044298554709363,0.0,0.6011893735339794,0.0,0.0,0.0,0.6281257154240767,0.6
22.68,0.5769592756390065,0.4710852758937861,0.0,0.613873550497148,0.0,0.0,0.0,0.6286884337442838,0.6
22.69,0.5777383738134345,0.4717214068894136,0.0,0.6266264603300634,0.0,0.0,0.0,0.629257136530088,0.6
22.7,0.5785099687726215,0.4723514115354508,0.0,0.6394445465962986,0.0,0.0,0.0,0.6298317352918334,0.6
22.71,0.579274100747129,0.4729753226800138,0.0,0.6523242999145645,0.0,0.0,0.0,0.630412147397658,0.6
22.72,0.5800308097802488,0.47359317301831316,0.0,0.6652623158960967,0.0,0.0,0.0,0.6309982957429086,0.6
22.73,0.5807801357285656,0.4742049950931142,0.0,0.6782552642951765,0.0,0.0,0.0,0.6315901086748026,0.6
22.740000000000002,0.581522118262526,0.4748108212952011,0.0,0.6912999026100561,0.0,0.0,0.0,0.6321875198273784,0.6
22.75,0.5822567968670148,0.4754106838638469,0.0,0.704393056566623,0.0,0.0,0.0,0.6327904679846241,0.6
22.76,0.5829842108419359,0.4760046148872889,0.0,0.7175316649360641,0.0,0.0,0.0,0.6333988969011259,0.6
22.77,0.5837043993027994,0.4765926463032077,0.0,0.7307127298749683,0.0,0.0,0.0,0.6340127551323768,0.6
22.78,0.5844174011813148,0.4771748098992105,0.0,0.7439333704066725,0.0,0.0,0.0,0.6346319958628269,0.6
22.79,0.5851232552259881,0.4777511373133203,0.0,0.7571907801187749,0.0,0.0,0.0,0.6352565767089006,0.6
22.8,0.5858220000027252,0.47832166003446736,0.0,0.770482255353475,0.0,0.0,0.0,0.635886459546548,0.6
22.81,0.5865136738954392,0.47888640940298516,0.0,0.783805186907219,0.0,0.0,0.0,0.6365216103132342,0.6
22.82,0.5871983151066612,0.4794454166111102,0.0,0.7971570613310965,0.0,0.0,0.0,0.637161998814501,0.6
22.830000000000002,0.5878759616581577,0.47999871270348454,0.0,0.8105354620808926,0.0,0.0,0.0,0.6378075985267507,0.6
22.84,0.5885466513915496,0.4805463285776624,0.0,0.8237017691658639,0.0,0.0,0.0,0.6384583863974185,0.6
22.85,0.5892104219689368,0.48108829498461936,0.0,0.8297949264097159,0.0,0.0,0.0,0.6391143426436241,0.6
22.86,0.5898673108735247,0.4816246425292649,0.0,0.8359027044315759,0.0,0.0,0.0,0.6397754505492117,0.6
22.87,0.5905173554102559,0.4821554016709566,0.0,0.8420257851755614,0.0,0.0,0.0,0.6404416962609228,0.6
22.88,0.5911605927064426,0.48268060272401825,0.0,0.848164807949719,0.0,0.0,0.0,0.6411130685843491,0.6
22.89,0.5917970597124051,0.48320027585826,0.0,0.8543203686431491,0.0,0.0,0.0,0.6417895587795865,0.6
22.900000000000002,0.5924267932021103,0.4837144510994999,0.0,0.8604930191400314,0.0,0.0,0.0,0.642471160357561,0.6
22.91,0.5930498297738147,0.48422315833008955,0.0,0.8666832665600254,0.0,0.0,0.0,0.6431578688773346,0.6
22.92,0.5936662058507088,0.4847264272894392,0.0,0.8728915728944359,0.0,0.0,0.0,0.6438496817444423,0.6
22.93,0.5942759576815642,0.485224287574547,0.0,0.8791183546428932,0.0,0.0,0.0,0.6445465980114318,0.6
22.94,0.5948791213413828,0.4857167686405287,0.0,0.885363982297986,0.0,0.0,0.0,0.6452486181800805,0.6
22.95,0.5954757327320483,0.4862038998011497,0.0,0.8916287803937843,0.0,0.0,0.0,0.645955744005955,0.6
22.96,0.5960658275829788,0.4866857102293574,0.0,0.8979130272295348,0.0,0.0,0.0,0.6466679783061338,0.6
22.97,0.5966494414517816,0.4871622289578169,0.0,0.9042169550058823,0.0,0.0,0.0,0.6473853247699065,0.6
22.98,0.5972266097249099,0.48763348487944624,0.0,0.9105407486405364,0.0,0.0,0.0,0.6481077877757433,0.6
22.990000000000002,0.5977973676183201,0.48809950674795316,0.0,0.9168845528990004,0.0,0.0,0.0,0.6488353721860471,0.6
23.0,0.5983617501781309,0.4885603231783738,0.0,0.9232484540120863,0.0,0.0,0.0,0.6495680832373341,0.6
23.01,0.5989197922812833,0.4890159626476115,0.0,0.9296325150601027,0.0,0.0,0.0,0.6503059264625648,0.6
23.02,0.5994715286362025,0.48946645349497653,0.0,0.9360367215956458,0.0,0.0,0.0,0.6510489068111226,0.6
23.03,0.600016993783459,0.4899118239227267,0.0,0.9424610420425644,0.0,0.0,0.0,0.6517970296650359,0.6
23.04,0.6005562220964326,0.49035210199660906,0.0,0.94890539816589,0.0,0.0,0.0,0.6525502998163648,0.6
23.05,0.6010892477819756,0.49078731564640155,0.0,0.955369656621663,0.0,0.0,0.0,0.6533087216089956,0.6
23.06,0.601616104881077,0.4912174926664553,0.0,0.9618536550160808,0.0,0.0,0.0,0.654072298971967,0.6
23.07,0.6021368272695272,0.4916426607162375,0.0,0.9683571628419952,0.0,0.0,0.0,0.6548410343202332,0.6
23.080000000000002,0.6026514486585841,0.49206284732087474,0.0,0.9748799444650473,0.0,0.0,0.0,0.6556149298714568,0.6
23.09,0.6031600025956373,0.492478079871696,0.0,0.9814217104871147,0.0,0.0,0.0,0.6563939865183988,0.6
23.1,0.6036625224648745,0.4928883856267764,0.0,0.9879821138440161,0.0,0.0,0.0,0.6571782040372931,0.6
23.11,0.6041590414879474,0.493293791711481,0.0,0.9945607902647677,0.0,0.0,0.0,0.6579675808720779,0.6
23.12,0.6046495927246371,0.49369432511900807,0.0,1.0011573342121454,0.0,0.0,0.0,0.6587621144006365,0.6
23.13,0.6051342090735206,0.49409001271093306,0.0,1.0077713043624517,0.0,0.0,0.0,0.6595617998176456,0.6
23.14,0.6056129232726356,0.494480881217752,0.0,1.0144022174558625,0.0,0.0,0.0,0.6603666306883155,0.6
23.150000000000002,0.6060857679001468,0.494866957239425,0.0,1.0210496567307068,0.0,0.0,0.0,0.6611766206121193,0.6
23.16,0.6065527753750106,0.49524826724591897,0.0,1.02771290342984,0.0,0.0,0.0,0.6619917183627593,0.6
23.17,0.60701397795764,0.4956248375777509,0.0,1.0343914554061258,0.0,0.0,0.0,0.6628119325762667,0.6
23.18,0.6074694077505688,0.49599669444652994,0.0,1.041084709592709,0.0,0.0,0.0,0.6636372501616408,0.6
23.19,0.6079190966991164,0.49636386393549997,0.0,1.0477920367955973,0.0,0.0,0.0,0.6644676556383435,0.6
23.2,0.6083630765920498,0.4967263720000808,0.0,1.0545127758548345,0.0,0.0,0.0,0.6653031314422004,0.6
23.21,0.6088013790622474,0.4970842444684093,0.0,1.061246237912393,0.0,0.0,0.0,0.6661436578650561,0.6
23.22,0.6092340355873601,0.49743750704187994,0.0,1.0679917095550184,0.0,0.0,0.0,0.6669892130038844,0.6
23.23,0.6096610774904736,0.49778618529568497,0.0,1.0747484545417132,0.0,0.0,0.0,0.667839772717945,0.6
23.240000000000002,0.6100825359407678,0.49813030467935326,0.0,1.081515712585112,0.0,0.0,0.0,0.6686953107701441,0.6
23.25,0.610498441954177,0.4984698905172892,0.0,1.088292708954366,0.0,0.0,0.0,0.6695557980894687,0.6
23.26,0.6109088263940488,0.4988049680093104,0.0,1.0950786408180897,0.0,0.0,0.0,0.6704212038012675,0.6
23.27,0.6113137199718006,0.49913556223118444,0.0,1.1018726921352167,0.0,0.0,0.0,0.6712914949471026,0.6
23.28,0.6117131532475781,0.49946169813516555,0.0,1.108673996651859,0.0,0.0,0.0,0.6721667309527164,0.6
23.29,0.612107156630909,0.49978340055052906,0.0,1.1154816320568464,0.0,0.0,0.0,0.6730467965093828,0.6
23.3,0.6124957603813588,0.5001006941841071,0.0,1.1222948727962325,0.0,0.0,0.0,0.6739315159550217,0.6
23.31,0.6128789946091838,0.5004136036208207,0.0,1.1291128175548057,0.0,0.0,0.0,0.6748209627338081,0.6
23.32,0.6132568892759829,0.500722153324213,0.0,1.1359345870363147,0.0,0.0,0.0,0.6757150916181697,0.6
23.330000000000002,0.6136294741953486,0.5010263676369803,0.0,1.1427590078098069,0.0,0.0,0.0,0.6766139537055451,0.6
23.34,0.6139967790335169,0.5013262707815029,0.0,1.149585358142803,0.0,0.0,0.0,0.6775173929553933,0.6
23.35,0.6143588333100151,0.5016218868603739,0.0,1.1564127685102572,0.0,0.0,0.0,0.6784253477935307,0.6
23.36,0.614715666398309,0.5019132398569279,0.0,1.163240636721921,0.0,0.0,0.0,0.6793377004941931,0.6
23.37,0.615067307526448,0.5022003536357669,0.0,1.1700676431955943,0.0,0.0,0.0,0.6802545037149952,0.6
23.38,0.6154137857777097,0.5024832519432879,0.0,1.1768929458844426,0.0,0.0,0.0,0.6811756726271762,0.6
23.39,0.6157551300912418,0.502761958408206,0.0,1.1837156478424875,0.0,0.0,0.0,0.6821011403596062,0.6
23.400000000000002,0.6160913692627039,0.5030364965420788,0.0,1.1905350726479922,0.0,0.0,0.0,0.6830308101121684,0.6
23.41,0.6164225319449063,0.5033068897398278,0.0,1.1973501059208116,0.0,0.0,0.0,0.6839646515007128,0.6
23.42,0.6167486466484482,0.5035731612802601,0.0,1.2041598213455675,0.0,0.0,0.0,0.684902597134011,0.6
23.43,0.6170697417423543,0.5038353343265871,0.0,1.2109633015231338,0.0,0.0,0.0,0.6858445776247925,0.6
23.44,0.6173858454547093,0.5040934319269434,0.0,1.2177596327664404,0.0,0.0,0.0,0.6867905216414117,0.6
23.45,0.6176969858732908,0.5043474770149037,0.0,1.2245479076316599,0.0,0.0,0.0,0.6877403560070982,0.6
23.46,0.6180031909462013,0.5045974924099978,0.0,1.2313272237950104,0.0,0.0,0.0,0.6886940057151817,0.6
23.47,0.618304488482497,0.5048435008182253,0.0,1.2380966874223476,0.0,0.0,0.0,0.6896513940236669,0.6
23.48,0.6186009061528164,0.5050855248325676,0.0,1.244855413212616,0.0,0.0,0.0,0.6906124424950353,0.6
23.490000000000002,0.6188924714900067,0.5053235869335005,0.0,1.2516025250771394,0.0,0.0,0.0,0.6915770710869296,0.6
23.5,0.6191792118897474,0.5055577094895026,0.0,1.2583371567648174,0.0,0.0,0.0,0.6925451982151005,0.6
23.51,0.6194611546111737,0.5057879147575647,0.0,1.2650584534178468,0.0,0.0,0.0,0.693516740825336,0.6
23.52,0.619738326777497,0.506014224883696,0.0,1.2717655723004004,0.0,0.0,0.0,0.6944916144667852,0.6
23.53,0.6200107553766238,0.50623666190343,0.0,1.278457683444421,0.0,0.0,0.0,0.6954697333670316,0.6
23.54,0.620278467261773,0.5064552477423281,0.0,1.2851339701971867,0.0,0.0,0.0,0.6964510105076144,0.6
23.55,0.6205414891520915,0.5066700042164821,0.0,1.291793630270962,0.0,0.0,0.0,0.6974353577003435,0.6
23.56,0.6207998476332666,0.5068809530330154,0.0,1.2984358765017157,0.0,0.0,0.0,0.6984226856652764,0.6
23.57,0.6210535691581387,0.5070881157905811,0.0,1.3050599368713935,0.0,0.0,0.0,0.6994129041092975,0.6
23.580000000000002,0.6213026800473094,0.5072915139798608,0.0,1.3116650557626781,0.0,0.0,0.0,0.700405921803671,0.6
23.59,0.6215472064897506,0.5074911689840607,0.0,1.3182504939216995,0.0,0.0,0.0,0.7014016466635346,0.6
23.6,0.6217871745434095,0.5076871020794049,0.0,1.3248155295027346,0.0,0.0,0.0,0.7023999858260319,0.6
23.61,0.6220226101358115,0.5078793344356299,0.0,1.331359457905734,0.0,0.0,0.0,0.7034008457298927,0.6
23.62,0.6222535390646636,0.5080678871164749,0.0,1.3378815927845458,0.0,0.0,0.0,0.7044041321930677,0.6
23.63,0.6224799869984524,0.5082527810801717,0.0,1.3443812661351984,0.0,0.0,0.0,0.7054097504917162,0.6
23.64,0.6227019794770432,0.5084340371799326,0.0,1.3508578283144106,0.0,0.0,0.0,0.7064176054376692,0.6
23.650000000000002,0.6229195419122745,0.5086116761644374,0.0,1.3573106489233533,0.0,0.0,0.0,0.7074276014547946,0.6
23.66,0.6231326995885528,0.508785718678317,0.0,1.3637391167465203,0.0,0.0,0.0,0.7084396426560691,0.6
23.67,0.6233414776634433,0.5089561852626378,0.0,1.370142639850389,0.0,0.0,0.0,0.7094536329187878,0.6
23.68,0.6235459011682601,0.509123096355382,0.0,1.3765206457996038,0.0,0.0,0.0,0.7104694759585153,0.6
23.69,0.6237459950086534,0.5092864722919278,0.0,1.3828725819273402,0.0,0.0,0.0,0.7114870754022573,0.6
23.7,0.6239417839651952,0.5094463333055276,0.0,1.3891979153051202,0.0,0.0,0.0,0.7125063348605761,0.6
23.71,0.6241332926939626,0.509602699527784,0.0,1.3954961326643776,0.0,0.0,0.0,0.7135271579981649,0.6
23.72,0.6243205457271188,0.5097555909891244,0.0,1.4017667407016319,0.0,0.0,0.0,0.7145494486024212,0.6
23.73,0.6245035674734933,0.5099050276192747,0.0,1.4080092656436212,0.0,0.0,0.0,0.7155731106515862,0.6
23.740000000000002,0.6246823822191578,0.5100510292477292,0.0,1.4142232534704209,0.0,0.0,0.0,0.7165980483798939,0.6
23.75,0.624857014128002,0.5101936156042214,0.0,1.4204082698036289,0.0,0.0,0.0,0.7176241663420034,0.6
23.76,0.6250274872423066,0.5103328063191911,0.0,1.426563899546206,0.0,0.0,0.0,0.7186513694754747,0.6
23.77,0.6251938254833135,0.5104686209242507,0.0,1.4326897469256168,0.0,0.0,0.0,0.7196795631605719,0.6
23.78,0.6253560526517951,0.5106010788526495,0.0,1.4387854353137641,0.0,0.0,0.0,0.7207086532792926,0.6
23.79,0.6255141924286206,0.5107301994397364,0.0,1.444850607014519,0.0,0.0,0.0,0.7217385462628181,0.6
23.8,0.625668268375321,0.5108560019234204,0.0,1.45088492229169,0.0,0.0,0.0,0.7227691491728453,0.6
23.81,0.6258183039346503,0.5109785054446303,0.0,1.4568880600536764,0.0,0.0,0.0,0.723800369725766,0.6
23.82,0.625964322431147,0.5110977290477721,0.0,1.462859717557706,0.0,0.0,0.0,0.7248321163440469,0.6
23.830000000000002,0.6261063470716909,0.5112136916811837,0.0,1.4687996092622166,0.0,0.0,0.0,0.7258642982318672,0.6
23.84,0.6262444009460604,0.5113264121975902,0.0,1.4747074665801558,0.0,0.0,0.0,0.7268968254151096,0.6
23.85,0.626378507027485,0.511435909354555,0.0,1.4805830380201281,0.0,0.0,0.0,0.72792960873057,0.6
23.86,0.6265086881731976,0.5115422018149305,0.0,1.486426089717446,0.0,0.0,0.0,0.7289625599224915,0.6
23.87,0.6266349671249841,0.5116453081473074,0.0,1.4922364025383708,0.0,0.0,0.0,0.7299955916718788,0.6
23.88,0.6267573665097304,0.5117452468264604,0.0,1.4980137727124592,0.0,0.0,0.0,0.7310286176280474,0.6
23.89,0.6268759088399675,0.5118420362337942,0.0,1.5037580121294782,0.0,0.0,0.0,0.7320615524424469,0.6
23.900000000000002,0.6269906165144152,0.5119356946577869,0.0,1.5094689472627625,0.0,0.0,0.0,0.7330943118007591,0.6
23.91,0.6271015118185221,0.5120262402944311,0.0,1.515146418884116,0.0,0.0,0.0,0.7341268124562652,0.6
23.92,0.6272086169250054,0.5121136912476746,0.0,1.5207895076053155,0.0,0.0,0.0,0.7351589181585844,0.6
23.93,0.6273119538943862,0.5121980655298576,0.0,1.526398904475798,0.0,0.0,0.0,0.7361906029719615,0.6
23.94,0.6274115446755252,0.5122793810621494,0.0,1.5319745270972458,0.0,0.0,0.0,0.7372217898731893,0.6
23.95,0.627507411106154,0.5123576556749836,0.0,1.5375166994284395,0.0,0.0,0.0,0.738252433372343,0.6
23.96,0.6275995749134058,0.5124329071084899,0.0,1.5430249156107063,0.0,0.0,0.0,0.739282426648307,0.6
23.97,0.6276880577143436,0.5125051530129264,0.0,1.5484989853698607,0.0,0.0,0.0,0.7403116855217506,0.6
23.98,0.6277728810164848,0.5125744109491078,0.0,1.5539388339732816,0.0,0.0,0.0,0.7413401348635988,0.6
23.990000000000002,0.6278540662183266,0.5126406983888336,0.0,1.5593443846892334,0.0,0.0,0.0,0.7423676998730535,0.6
24.0,0.6279316346098662,0.5127040327153138,0.0,1.564715604663689,0.0,0.0,0.0,0.7433943096335891,0.6
24.01,0.6280056073731209,0.5127644312235929,0.0,1.5700524343594169,0.0,0.0,0.0,0.7444198918302125,0.6
24.02,0.628076005582645,0.5128219111209728,0.0,1.5753548351602062,0.0,0.0,0.0,0.7454443762621895,0.6
24.03,0.628142850206045,0.5128764895274323,0.0,1.5806227758555127,0.0,0.0,0.0,0.7464676939602002,0.6
24.04,0.6282061621044926,0.5129281834760469,0.0,1.5858562210703009,0.0,0.0,0.0,0.7474897760864277,0.6
24.05,0.6282659620332355,0.5129770099134051,0.0,1.591055174970806,0.0,0.0,0.0,0.7485105583661301,0.6
24.060000000000002,0.6283222706421063,0.5130229857000249,0.0,1.5962196148585628,0.0,0.0,0.0,0.7495299745287463,0.6
24.07,0.6283751084760284,0.513066127610766,0.0,1.6013495344725746,0.0,0.0,0.0,0.7505479606038403,0.6
24.080000000000002,0.6284244959755211,0.5131064523352422,0.0,1.6064449323872476,0.0,0.0,0.0,0.7515644539173857,0.6
24.09,0.6284704534772015,0.5131439764782324,0.0,1.6115058001611196,0.0,0.0,0.0,0.7525793917559018,0.6
24.1,0.6285130012142854,0.5131787165600876,0.0,1.61653215633872,0.0,0.0,0.0,0.7535927150050766,0.6
24.11,0.6285521593170841,0.5132106890171383,0.0,1.6215240104856588,0.0,0.0,0.0,0.7546043646079416,0.6
24.12,0.628587947813501,0.5132399102020992,0.0,1.6264813755068643,0.0,0.0,0.0,0.7556142826909957,0.6
24.13,0.6286203866295259,0.5132663963844729,0.0,1.6314042667728237,0.0,0.0,0.0,0.7566224125857322,0.6
24.14,0.6286494955897258,0.5132901637509505,0.0,1.636292711791218,0.0,0.0,0.0,0.7576286999470414,0.6
24.150000000000002,0.6286752944177351,0.513311228405812,0.0,1.6411467190550706,0.0,0.0,0.0,0.7586330893157198,0.6
24.16,0.6286978027367426,0.5133296063713241,0.0,1.6459663081220695,0.0,0.0,0.0,0.7596355274995318,0.6
24.17,0.6287170400699775,0.5133453135881366,0.0,1.6507514888577473,0.0,0.0,0.0,0.7606359612688173,0.6
24.18,0.6287330258411924,0.513358365915677,0.0,1.6555023002325597,0.0,0.0,0.0,0.7616343419710514,0.6
24.19,0.6287457793751441,0.5133687791325433,0.0,1.6602187532504034,0.0,0.0,0.0,0.7626306185766286,0.6
24.2,0.6287553198980735,0.5133765689368954,0.0,1.6649008662014029,0.0,0.0,0.0,0.7636247422714959,0.6
24.21,0.628761666538182,0.5133817509468444,0.0,1.6695485953219658,0.0,0.0,0.0,0.7646166576071874,0.6
24.22,0.6287648383261066,0.5133843407008402,0.0,1.6741619618548942,0.0,0.0,0.0,0.765606317948742,0.6
24.23,0.628764854195393,0.5133843536580583,0.0,1.6787409696512143,0.0,0.0,0.0,0.7665936761295019,0.6
24.240000000000002,0.6287617329829662,0.5133818051987835,0.0,1.683285322918691,0.0,0.0,0.0,0.7675786471441133,0.6
24.25,0.6287554934295996,0.5133767106247932,0.0,1.6877953973157078,0.0,0.0,0.0,0.7685612332094957,0.6
24.26,0.6287461541803807,0.5133690851597374,0.0,1.6922711912468444,0.0,0.0,0.0,0.7695413908007678,0.6
24.27,0.6287337337851773,0.5133589439495201,0.0,1.6967127075082762,0.0,0.0,0.0,0.7705190774383315,0.6
24.28,0.6287182506990983,0.5133463020626744,0.0,1.701119952881356,0.0,0.0,0.0,0.7714942526763479,0.6
24.29,0.6286997232829561,0.5133311744907408,0.0,1.7054929304848652,0.0,0.0,0.0,0.7724668768313984,0.6
24.3,0.6286781698037234,0.5133135761486403,0.0,1.7098316363219577,0.0,0.0,0.0,0.7734369107171329,0.6
24.310000000000002,0.6286536084349907,0.5132935218750472,0.0,1.714136064021167,0.0,0.0,0.0,0.7744043161033727,0.6
24.32,0.6286260572574208,0.5132710264327608,0.0,1.7184062007098575,0.0,0.0,0.0,0.7753690553188268,0.6
24.330000000000002,0.6285955342592001,0.5132461045090739,0.0,1.7226420298543066,0.0,0.0,0.0,0.7763310914699393,0.6
24.34,0.6285620573364905,0.5132187707161415,0.0,1.7268435295992064,0.0,0.0,0.0,0.7772903882974018,0.6
24.35,0.6285256442938766,0.5131890395913461,0.0,1.731010672463758,0.0,0.0,0.0,0.7782469102495926,0.6
24.36,0.6284863128448128,0.5131569255976626,0.0,1.7351434267338994,0.0,0.0,0.0,0.7792006223818039,0.6
24.37,0.6284440806120675,0.5131224431240211,0.0,1.7392417561218023,0.0,0.0,0.0,0.7801514903217859,0.6
24.38,0.6283989651281651,0.5130856064856679,0.0,1.7433056185651759,0.0,0.0,0.0,0.7810994804845462,0.6
24.39,0.628350983835827,0.5130464299245254,0.0,1.7473349662789504,0.0,0.0,0.0,0.782044559674061,0.6
24.400000000000002,0.6283001540884097,0.5130049276095497,0.0,1.7513297478288314,0.0,0.0,0.0,0.7829866953199113,0.6
24.41,0.628246493150341,0.5129611136370872,0.0,1.7552899055289295,0.0,0.0,0.0,0.7839258554861253,0.6
24.42,0.628190018197555,0.5129150020312294,0.0,1.7592153771657135,0.0,0.0,0.0,0.7848620086105776,0.6
24.43,0.6281307463179243,0.5128666067441657,0.0,1.7631060951980044,0.0,0.0,0.0,0.7857951237630452,0.6
24.44,0.6280686945116905,0.5128159416565354,0.0,1.7669619861160009,0.0,0.0,0.0,0.7867251704267453,0.6
24.45,0.628003879691893,0.5127630205777775,0.0,1.7707829722740023,0.0,0.0,0.0,0.787652118549749,0.6
24.46,0.6279363186847955,0.5127078572464783,0.0,1.7745689704527143,0.0,0.0,0.0,0.7885759385264595,0.6
24.47,0.6278660282303106,0.5126504653307195,0.0,1.7783198927016817,0.0,0.0,0.0,0.7894966011272747,0.6
24.48,0.6277930249824228,0.5125908584284226,0.0,1.7820356460434492,0.0,0.0,0.0,0.7904140775928067,0.6
24.490000000000002,0.6277173255096096,0.5125290500676924,0.0,1.785716432033095,0.0,0.0,0.0,0.7913283865445689,0.6
24.5,0.6276389462952593,0.5124650537071596,0.0,1.7893618642899307,0.0,0.0,0.0,0.7922394554486135,0.6
24.51,0.6275579037380894,0.5123988827363207,0.0,1.792971827610029,0.0,0.0,0.0,0.7931472549807754,0.6
24.52,0.6274742141525608,0.5123305504758774,0.0,1.796546198062788,0.0,0.0,0.0,0.7940517558919152,0.6
24.53,0.6273878937692914,0.5122600701780736,0.0,1.8000848925503576,0.0,0.0,0.0,0.7949529363497457,0.6
24.54,0.6272989587354674,0.5121874550270314,0.0,1.8035877477056417,0.0,0.0,0.0,0.795850763037794,0.6
24.55,0.6272074251152521,0.512112718139086,0.0,1.807054602390409,0.0,0.0,0.0,0.7967452034241169,0.6
24.560000000000002,0.6271133088901949,0.5120358725631168,0.0,1.8104853207866265,0.0,0.0,0.0,0.7976362301645983,0.6
24.57,0.6270166259596348,0.5119569312808805,0.0,1.813879763828691,0.0,0.0,0.0,0.7985238160727465,0.6
24.580000000000002,0.6269173921411061,0.5118759072073393,0.0,1.817237787187851,0.0,0.0,0.0,0.7994079341047854,0.6
24.59,0.6268156231707394,0.5117928131909903,0.0,1.8205592437081055,0.0,0.0,0.0,0.8002885573414369,0.6
24.6,0.6267113347036618,0.5117076620141914,0.0,1.8238439720376123,0.0,0.0,0.0,0.8011656574614018,0.6
24.61,0.6266045423143951,0.5116204663934859,0.0,1.8270918353542367,0.0,0.0,0.0,0.8020392107691795,0.6
24.62,0.6264952614972524,0.5115312389799279,0.0,1.830302657311167,0.0,0.0,0.0,0.802909187582569,0.6
24.63,0.6263835076667326,0.511439992359403,0.0,1.8334762941804787,0.0,0.0,0.0,0.8037755644149956,0.6
24.64,0.6262692961579124,0.5113467390529488,0.0,1.8366125735020633,0.0,0.0,0.0,0.8046383132216707,0.6
24.650000000000002,0.6261526422268385,0.5112514915170752,0.0,1.8397113273803227,0.0,0.0,0.0,0.8054974075396549,0.6
24.66,0.6260335610509153,0.5111542621440809,0.0,1.842772385923848,0.0,0.0,0.0,0.8063528209389511,0.6
24.67,0.625912067729293,0.5110550632623707,0.0,1.845795576971632,0.0,0.0,0.0,0.8072045270136533,0.6
24.68,0.6257881772832528,0.5109539071367694,0.0,1.8487807263253186,0.0,0.0,0.0,0.8080524993725873,0.6
24.69,0.6256619046565904,0.5108508059688348,0.0,1.8517276577280137,0.0,0.0,0.0,0.8088967116311021,0.6
24.7,0.6255332647159986,0.5107457718971709,0.0,1.8546361933253994,0.0,0.0,0.0,0.8097371374030169,0.6
24.71,0.6254022722514462,0.5106388169977365,0.0,1.8575061535723132,0.0,0.0,0.0,0.8105737502939231,0.6
24.72,0.6252689419765572,0.5105299532841555,0.0,1.8603373578728122,0.0,0.0,0.0,0.8114065238945599,0.6
24.73,0.6251332885289872,0.5104191927080235,0.0,1.8631296243061017,0.0,0.0,0.0,0.8122354317757122,0.6
24.740000000000002,0.6249953264707976,0.510306547159214,0.0,1.8658827593937204,0.0,0.0,0.0,0.8130604457560306,0.6
24.75,0.6248550702888293,0.5101920284661828,0.0,1.868596590828652,0.0,0.0,0.0,0.8138815410622563,0.6
24.76,0.6247125343950738,0.5100756483962721,0.0,1.871270945157931,0.0,0.0,0.0,0.814698692879893,0.6
24.77,0.6245677331270426,0.5099574186560105,0.0,1.8739056281874091,0.0,0.0,0.0,0.8155118729713178,0.6
24.78,0.6244206807481348,0.5098373508914151,0.0,1.8765004562249716,0.0,0.0,0.0,0.8163210547473304,0.6
24.79,0.6242713914480037,0.5097154566882889,0.0,1.8790552454471363,0.0,0.0,0.0,0.8171262115806448,0.6
24.8,0.6241198793429206,0.5095917475725193,0.0,1.8815698127188085,0.0,0.0,0.0,0.8179273168040191,0.6
24.810000000000002,0.6239661584761376,0.5094662350103739,0.0,1.8840439756688534,0.0,0.0,0.0,0.81872434371051,0.6
24.82,0.623810242818249,0.5093389304087947,0.0,1.8864775525766095,0.0,0.0,0.0,0.8195172655538829,0.6
24.830000000000002,0.6236521462675496,0.5092098451156923,0.0,1.888870362825731,0.0,0.0,0.0,0.8203060555492054,0.6
24.84,0.6234918826503929,0.5090789904202365,0.0,1.8912222271322188,0.0,0.0,0.0,0.8210906868743637,0.6
24.85,0.6233294657215462,0.5089463775531486,0.0,1.893532967465302,0.0,0.0,0.0,0.8218711326719709,0.6
24.86,0.6231649091645466,0.5088120176869891,0.0,1.895802407812874,0.0,0.0,0.0,0.8226473660519625,0.6
24.87,0.6229982265920504,0.5086759219364457,0.0,1.8980303734221367,0.0,0.0,0.0,0.8234193600947081,0.6
24.88,0.6228294315461869,0.5085381013586207,0.0,1.9002166921308885,0.0,0.0,0.0,0.8241870878536778,0.6
24.89,0.6226585374989059,0.5083985669533149,0.0,1.9023611936121814,0.0,0.0,0.0,0.82495052239774,0.6
24.900000000000002,0.6224855578523255,0.5082573296633119,0.0,1.9044636987848556,0.0,0.0,0.0,0.8257096348657964,0.6
24.91,0.622310505939078,0.5081144003746605,0.0,1.9065240643455525,0.0,0.0,0.0,0.8264644019263856,0.6
24.92,0.6221333950226541,0.5079697899169553,0.0,1.9085421056349392,0.0,0.0,0.0,0.8272147928856527,0.6
24.93,0.6219542382977454,0.5078235090636172,0.0,1.910517673419484,0.0,0.0,0.0,0.8279607825718889,0.6
24.94,0.6217730488905859,0.5076755685321711,0.0,1.9124506222272455,0.0,0.0,0.0,0.8287023458269864,0.6
24.95,0.6215898398592903,0.5075259789845231,0.0,1.9143407762844133,0.0,0.0,0.0,0.8294394519424041,0.6
24.96,0.621404624194192,0.5073747510272362,0.0,1.916188006937181,0.0,0.0,0.0,0.8301720776468559,0.6
24.97,0.6212174148181803,0.507221895211805,0.0,1.917992156320094,0.0,0.0,0.0,0.8309001941192875,0.6
24.98,0.6210282245870333,0.5070674220349286,0.0,1.919753080587506,0.0,0.0,0.0,0.8316237744216075,0.6
24.990000000000002,0.6208370662897518,0.5069113419387823,0.0,1.9214706396818366,0.0,0.0,0.0,0.8323427916505631,0.6
25.0,0.6206439526488903,0.5067536653112883,0.0,1.9231446973040665,0.0,0.0,0.0,0.8330572189449561,0.6
25.01,0.6204488963208865,0.5065944024863849,0.0,1.9247808314363235,0.0,0.0,0.0,0.8337670294930386,0.6
25.02,0.6202519098963901,0.5064335637442945,0.0,1.926384651676749,0.0,0.0,0.0,0.834472196540012,0.6
25.03,0.6200530059005889,0.5062711593117898,0.0,1.9279555381190279,0.0,0.0,0.0,0.8351726308180597,0.6
25.04,0.6198521967935336,0.5061071993624601,0.0,1.929493863481515,0.0,0.0,0.0,0.8358684282620555,0.6
25.05,0.6196494949704623,0.5059416940169746,0.0,1.9309989666246619,0.0,0.0,0.0,0.8365595011022847,0.6
25.060000000000002,0.6194449127621211,0.5057746533433454,0.0,1.9324706572005645,0.0,0.0,0.0,0.8372458196761311,0.6
25.07,0.6192384624350854,0.5056060873571893,0.0,1.9339088345166537,0.0,0.0,0.0,0.8379273553732192,0.6
25.080000000000002,0.6190301561920785,0.5054360060219883,0.0,1.9353134662127651,0.0,0.0,0.0,0.838604079827678,0.6
25.09,0.6188200061722888,0.5052644192493482,0.0,1.9366846146679437,0.0,0.0,0.0,0.8392759650298305,0.6
25.1,0.6186080244516858,0.5050913368992566,0.0,1.9380224184091053,0.0,0.0,0.0,0.8399429835010186,0.6
25.11,0.6183942230433341,0.5049167687803398,0.0,1.9393270714129516,0.0,0.0,0.0,0.8406051086705778,0.6
25.12,0.6181786138977067,0.5047407246501182,0.0,1.940598853232214,0.0,0.0,0.0,0.8412623147274387,0.6
25.13,0.6179612089029956,0.50456321421526,0.0,1.9418380896734275,0.0,0.0,0.0,0.8419145771641235,0.6
25.14,0.6177420198854222,0.5043842471318346,0.0,1.9430451788331198,0.0,0.0,0.0,0.8425618725698124,0.6
25.150000000000002,0.6175210586095454,0.5042038330055637,0.0,1.9442205947195452,0.0,0.0,0.0,0.8432041791232425,0.6
25.16,0.6172983367785683,0.5040219813920729,0.0,1.945364831659294,0.0,0.0,0.0,0.8438414764628424,0.6
25.17,0.6170738660346432,0.5038387017971397,0.0,1.946478459568734,0.0,0.0,0.0,0.8444737459517102,0.6
25.18,0.6168476579591762,0.5036540036769427,0.0,1.9475620921370616,0.0,0.0,0.0,0.845100970782037,0.6
25.19,0.6166197240731294,0.5034678964383079,0.0,1.9486164107797184,0.0,0.0,0.0,0.8457231360803841,0.6
25.2,0.6163900758373213,0.5032803894389545,0.0,1.9496421224582843,0.0,0.0,0.0,0.8463402290068134,0.6
25.21,0.616158724652727,0.5030914919877397,0.0,1.9506396453770307,0.0,0.0,0.0,0.846952164238655,0.6
25.22,0.6159256818607758,0.5029012133449017,0.0,1.9516104336964326,0.0,0.0,0.0,0.8475590825228752,0.6
25.23,0.6156909587436482,0.5027095627223023,0.0,1.9525548489000375,0.0,0.0,0.0,0.8481608634886215,0.6
25.240000000000002,0.6154545665245706,0.5025165492836675,0.0,1.9534740666898247,0.0,0.0,0.0,0.8487575826010691,0.6
25.25,0.6152165163681093,0.5023221821448275,0.0,1.954368833533447,0.0,0.0,0.0,0.8493491988492331,0.6
25.26,0.6149768193804631,0.5021264703739557,0.0,1.955240069697115,0.0,0.0,0.0,0.8499357133552148,0.6
25.27,0.6147354866097537,0.5019294229918057,0.0,1.9560887288628215,0.0,0.0,0.0,0.8505171297626104,0.6
25.28,0.614492529046316,0.5017310489719482,0.0,1.9569157884790234,0.0,0.0,0.0,0.8510934537198328,0.6
25.29,0.6142479576229851,0.501531357241006,0.0,1.957722247248974,0.0,0.0,0.0,0.8516646951695854,0.6
25.3,0.6140017832153842,0.5013303566788879,0.0,1.9585087258076237,0.0,0.0,0.0,0.8522307419328856,0.6
25.310000000000002,0.6137540166422091,0.5011280561190223,0.0,1.9592770796466255,0.0,0.0,0.0,0.8527918543055882,0.6
25.32,0.6135046686655127,0.5009244643485883,0.0,1.9600279134737248,0.0,0.0,0.0,0.8533479182495697,0.6
25.330000000000002,0.613253749990987,0.5007195901087472,0.0,1.9607622266230464,0.0,0.0,0.0,0.8538989309520885,0.6
25.34,0.6130012712682453,0.5005134420948716,0.0,1.9614809399230808,0.0,0.0,0.0,0.8544448515415108,0.6
25.35,0.6127472430911006,0.5003060289567738,0.0,1.9621853894199621,0.0,0.0,0.0,0.8549857916047778,0.6
25.36,0.6124916759978459,0.5000973592989337,0.0,1.9628769751957558,0.0,0.0,0.0,0.8555219221664092,0.6
25.37,0.6122345804715297,0.49988744168072463,0.0,1.9635564071314833,0.0,0.0,0.0,0.8560531350564756,0.6
25.38,0.6119759669402326,0.49967628461663893,0.0,1.964224765596397,0.0,0.0,0.0,0.8565794621582252,0.6
25.39,0.6117158457773421,0.49946389657651186,0.0,1.9648831287843835,0.0,0.0,0.0,0.8571009380176883,0.6
25.400000000000002,0.6114542273018246,0.4992502859857443,0.0,1.9655325691872036,0.0,0.0,0.0,0.8576176020227377,0.6
25.41,0.6111911217784987,0.49903546122552545,0.0,1.9661741422018024,0.0,0.0,0.0,0.8581294926823151,0.6
25.42,0.610926539418304,0.49881943063305273,0.0,1.9668089033043643,0.0,0.0,0.0,0.8586366521416489,0.6
25.43,0.6106604903785718,0.4986022025017523,0.0,1.9674378958482546,0.0,0.0,0.0,0.8591391248648426,0.6
25.44,0.6103929847632927,0.49838378508149783,0.0,1.968062150307719,0.0,0.0,0.0,0.8596369575763511,0.6
25.45,0.6101240326233817,0.4981641865788273,0.0,1.9686826350399222,0.0,0.0,0.0,0.8601301306277305,0.6
25.46,0.6098536439569453,0.49794341515716034,0.0,1.9693004773025873,0.0,0.0,0.0,0.8606188329967471,0.6
25.47,0.6095818287095447,0.49772147893701374,0.0,1.969916541077462,0.0,0.0,0.0,0.861102975879331,0.6
25.48,0.6093085967744585,0.4974983859962157,0.0,1.9705318773626632,0.0,0.0,0.0,0.8615827594252135,0.6
25.490000000000002,0.609033957992944,0.49727414437011896,0.0,1.9711473759253884,0.0,0.0,0.0,0.862058099503393,0.6
25.5,0.6087579221544979,0.4970487620518142,0.0,1.9717639798423092,0.0,0.0,0.0,0.8625291931430835,0.6
25.51,0.6084804989971143,0.49682224699234034,0.0,1.9723825526562204,0.0,0.0,0.0,0.8629960322630431,0.6
25.52,0.608201698207543,0.4965946071008953,0.0,1.973003976240006,0.0,0.0,0.0,0.8634586780053071,0.6
25.53,0.6079215294215458,0.49636585024504587,0.0,1.9736291038226763,0.0,0.0,0.0,0.8639171940910647,0.6
25.54,0.607640002224151,0.4961359842509349,0.0,1.9742587568683176,0.0,0.0,0.0,0.8643716456747952,0.6
25.55,0.6073571261499083,0.4959050169034895,0.0,1.9748937316948303,0.0,0.0,0.0,0.8648220993792007,0.6
25.560000000000002,0.6070729106831405,0.49567295594662675,0.0,1.9755347942293549,0.0,0.0,0.0,0.8652686230103349,0.6
25.57,0.6067873652581951,0.49543980908345936,0.0,1.9761826818135264,0.0,0.0,0.0,0.8657112855778344,0.6
25.580000000000002,0.6065004992596951,0.49520558397649966,0.0,1.9768381043384968,0.0,0.0,0.0,0.8661501572688023,0.6
25.59,0.606212322022787,0.49497028824786304,0.0,1.9775017396330261,0.0,0.0,0.0,0.8665853091652858,0.6
25.6,0.6059228428333893,0.49473392947947004,0.0,1.9781742354579355,0.0,0.0,0.0,0.8670168132932353,0.6
25.61,0.6056320709284384,0.4944965152132477,0.0,1.9788562088467418,0.0,0.0,0.0,0.8674447424790908,0.6
25.62,0.6053400154961345,0.49425805295133024,0.0,1.979548245258227,0.0,0.0,0.0,0.8678691702575826,0.6
25.63,0.6050466856761851,0.49401855015625745,0.0,1.9802508983389138,0.0,0.0,0.0,0.8682901707752751,0.6
25.64,0.6047520905600487,0.4937780142511741,0.0,1.9809646897346826,0.0,0.0,0.0,0.8687078186909639,0.6
25.650000000000002,0.604456239191176,0.4935364526200267,0.0,1.9816901085170668,0.0,0.0,0.0,0.8691221890772618,0.6
25.66,0.6041591405652501,0.49329387260776,0.0,1.982427613337551,0.0,0.0,0.0,0.869533357379633,0.6
25.67,0.6038608036304268,0.4930502815205123,0.0,1.983177785672415,0.0,0.0,0.0,0.8699413569452935,0.6
25.68,0.6035612372875723,0.49280568662581054,0.0,1.9839407249909597,0.0,0.0,0.0,0.8703463492320221,0.6
25.69,0.6032604503905002,0.49256009515276333,0.0,1.9847169208181907,0.0,0.0,0.0,0.8707483659660848,0.6
25.7,0.6029584517462074,0.49231351429225345,0.0,1.9855067021593358,0.0,0.0,0.0,0.8711474843161608,0.6
25.71,0.6026552501151089,0.49206595119712976,0.0,1.9863103688616417,0.0,0.0,0.0,0.8715437792763284,0.6
25.72,0.6023508542112717,0.4918174129823982,0.0,1.9871281885072123,0.0,0.0,0.0,0.8719373262930571,0.6
25.73,0.602045272702646,0.49156790672541056,0.0,1.9879603975268307,0.0,0.0,0.0,0.8723282005391487,0.6
25.740000000000002,0.6017385142112984,0.49131743946605483,0.0,1.9888071902433964,0.0,0.0,0.0,0.8727164768762886,0.6
25.75,0.6014305873136407,0.49106601820694157,0.0,1.9896689548684687,0.0,0.0,0.0,0.8731021939270328,0.6
25.76,0.6011215005406592,0.49081364991359216,0.0,1.9905454444975486,0.0,0.0,0.0,0.8734854976169034,0.6
25.77,0.6008112623781424,0.49056034151462397,0.0,1.9914371414586436,0.0,0.0,0.0,0.8738663900134458,0.6
25.78,0.6004998812669089,0.4903060999019364,0.0,1.992343754978791,0.0,0.0,0.0,0.8742450137348047,0.6
25.79,0.6001873656030317,0.4900509319308942,0.0,1.9932655130431614,0.0,0.0,0.0,0.8746214048972394,0.6
25.8,0.5998737237380632,0.48979484442051174,0.0,1.9942024566711347,0.0,0.0,0.0,0.8749956343884011,0.6
25.810000000000002,0.5995589639792591,0.48953784415363455,0.0,1.9951545905828856,0.0,0.0,0.0,0.8753677722130986,0.6
25.82,0.5992430945898005,0.4892799378771218,0.0,1.996121889554229,0.0,0.0,0.0,0.8757378874225878,0.6
25.830000000000002,0.5989261237890151,0.4890211323020266,0.0,1.9971043032599034,0.0,0.0,0.0,0.8761060480615004,0.6
25.84,0.5986080597525975,0.48876143410377554,0.0,1.9981017563569061,0.0,0.0,0.0,0.8764723211039808,0.6
25.85,0.598288910612828,0.4885008499223477,0.0,1.999114149806101,0.0,0.0,0.0,0.8768367724025623,0.6
25.86,0.5979686844587911,0.488239386362453,0.0,2.0001413611919086,0.0,0.0,0.0,0.8771994666496362,0.6
25.87,0.5976473893365927,0.48797704999370917,0.0,2.0011832462550196,0.0,0.0,0.0,0.8775604672920152,0.6
25.88,0.597325033249575,0.48771384735081796,0.0,2.002239638922475,0.0,0.0,0.0,0.8779198365132102,0.6
25.89,0.597001624158532,0.4874497849337404,0.0,2.0033103518095334,0.0,0.0,0.0,0.8782776351179368,0.6
25.900000000000002,0.5966771699819233,0.48718486920787174,0.0,2.0043951812666507,0.0,0.0,0.0,0.8786339228422925,0.6
25.91,0.5963516785960872,0.4869191066042151,0.0,2.0054938983561836,0.0,0.0,0.0,0.8789887577427723,0.6
25.92,0.5960251578354511,0.4866525035195538,0.0,2.0066062605314863,0.0,0.0,0.0,0.879342196568967,0.6
25.93,0.5956976154927435,0.48638506631662404,0.0,2.0077320079449645,0.0,0.0,0.0,0.879694294623267,0.6
25.94,0.595369059319203,0.48611680132428553,0.0,2.0088716647700364,0.0,0.0,0.0,0.8800450258805399,0.6
25.95,0.5950394970247871,0.48584771483769223,0.0,2.0100233299397714,0.0,0.0,0.0,0.8803946052558819,0.6
25.96,0.5947089362783791,0.48557781311846115,0.0,2.0111874975369837,0.0,0.0,0.0,0.8807430011144697,0.6
25.97,0.5943773847079956,0.4853071023948418,0.0,2.012363860698412,0.0,0.0,0.0,0.881090262398908,0.6
25.98,0.5940448499009915,0.4850355888618835,0.0,2.0135520855481808,0.0,0.0,0.0,0.8814364368276717,0.6
25.990000000000002,0.5937113394042646,0.4847632786816024,0.0,2.0147518294530857,0.0,0.0,0.0,0.8817815705631695,0.6
26.0,0.5933768607244588,0.48449017798314786,0.0,2.015962740285994,0.0,0.0,0.0,0.8821257082096596,0.6
26.01,0.5930414213281672,0.4842162928629673,0.0,2.017184456016743,0.0,0.0,0.0,0.8824688928074071,0.6
26.02,0.592705028642133,0.4839416293849713,0.0,2.018416609587331,0.0,0.0,0.0,0.8828111655170531,0.6
26.03,0.5923676900534505,0.483666193580697,0.0,2.019658815409232,0.0,0.0,0.0,0.8831525668570342,0.6
26.04,0.5920294129097636,0.4833899914494707,0.0,2.0209106923935902,0.0,0.0,0.0,0.8834931348006992,0.6
26.05,0.5916902045194665,0.4831130289585711,0.0,2.022171849818098,0.0,0.0,0.0,0.883832906061078,0.6
26.060000000000002,0.5913500721518985,0.482835312043389,0.0,2.023441891972841,0.0,0.0,0.0,0.8841719157818526,0.6
26.07,0.5910090230375427,0.4825568466075891,0.0,2.0247204193738497,0.0,0.0,0.0,0.8845101975490279,0.6
26.080000000000002,0.5906670643682204,0.4822776385232688,0.0,2.0260070316912207,0.0,0.0,0.0,0.884847783165399,0.6
26.09,0.5903242032972866,0.4819976936311182,0.0,2.0273013408453098,0.0,0.0,0.0,0.8851847016528339,0.6
26.1,0.5899804469398229,0.4817170177405769,0.0,2.02860305153703,0.0,0.0,0.0,0.8855209718302258,0.6
26.11,0.5896358023728309,0.4814356166299926,0.0,2.0299116216999487,0.0,0.0,0.0,0.885856632601652,0.6
26.12,0.5892902766354235,0.48115349604677704,0.0,2.0312266364133467,0.0,0.0,0.0,0.886191710662136,0.6
26.13,0.5889438767290159,0.4808706617075615,0.0,2.032547681943455,0.0,0.0,0.0,0.8865262311518864,0.6
26.14,0.5885966096175156,0.4805871192983529,0.0,2.033874349147024,0.0,0.0,0.0,0.8868602174081165,0.6
26.150000000000002,0.5882484822275114,0.48030287447468717,0.0,2.0352060977382,0.0,0.0,0.0,0.887193704901542,0.6
26.16,0.587899501448461,0.48001793286178296,0.0,2.0365426954285155,0.0,0.0,0.0,0.8875266988545115,0.6
26.17,0.5875496741328783,0.47973230005469447,0.0,2.0378837401604724,0.0,0.0,0.0,0.887859218208802,0.6
26.18,0.58719900709652,0.47944598161846386,0.0,2.039228839788685,0.0,0.0,0.0,0.8881912805653411,0.6
26.19,0.58684750711857,0.4791589830882717,0.0,2.0405776075479367,0.0,0.0,0.0,0.8885229022224271,0.6
26.2,0.586495180941825,0.478871309969588,0.0,2.0419296628424886,0.0,0.0,0.0,0.8888540982094908,0.6
26.21,0.5861420352728766,0.47858296773832215,0.0,2.0432846303129804,0.0,0.0,0.0,0.8891848823204206,0.6
26.22,0.585788076782294,0.47829396184097117,0.0,2.0446421439127525,0.0,0.0,0.0,0.8895152671194394,0.6
26.23,0.5854333121048069,0.47800429769476904,0.0,2.046001836455848,0.0,0.0,0.0,0.889845264087337,0.6
26.240000000000002,0.5850777478394846,0.4777139806878334,0.0,2.0473633619447393,0.0,0.0,0.0,0.890174883463349,0.6
26.25,0.5847213905499171,0.4774230161793127,0.0,2.0487263677817684,0.0,0.0,0.0,0.890504134504449,0.6
26.26,0.5843642467643927,0.4771314094995325,0.0,2.050090524343949,0.0,0.0,0.0,0.8908330252998358,0.6
26.27,0.5840063229760772,0.47683916595014025,0.0,2.0514554968414904,0.0,0.0,0.0,0.8911615630371895,0.6
26.28,0.5836476256431913,0.4765462908042509,0.0,2.052820971938929,0.0,0.0,0.0,0.8914897538341229,0.6
26.29,0.5832881611891851,0.4762527893065899,0.0,2.0541866393684716,0.0,0.0,0.0,0.8918176029009246,0.6
26.3,0.5829279360029157,0.4759586666736368,0.0,2.0555522000005775,0.0,0.0,0.0,0.8921451145476947,0.6
26.310000000000002,0.58256695643882,0.47566392809376795,0.0,2.056917365235671,0.0,0.0,0.0,0.8924722922245554,0.6
26.32,0.5822052288170899,0.4753685787273983,0.0,2.0582818569659698,0.0,0.0,0.0,0.8927991385615325,0.6
26.330000000000002,0.5818427594238439,0.47507262370712183,0.0,2.0596454085658333,0.0,0.0,0.0,0.8931256554092296,0.6
26.34,0.5814795545112994,0.47477606813785306,0.0,2.0610077634301067,0.0,0.0,0.0,0.8934518438799308,0.6
26.35,0.5811156202979444,0.4744789170969662,0.0,2.062368676977048,0.0,0.0,0.0,0.8937777043862584,0.6
26.36,0.5807509629687073,0.47418117563443385,0.0,2.06372791559587,0.0,0.0,0.0,0.8941032366831169,0.6
26.37,0.5803855886751264,0.4738828487729661,0.0,2.0650852572349425,0.0,0.0,0.0,0.8944284399069571,0.6
26.38,0.580019503535518,0.47358394150814753,0.0,2.0664404915833137,0.0,0.0,0.0,0.8947533126156118,0.6
26.39,0.5796527136351455,0.4732844588085745,0.0,2.067793419816958,0.0,0.0,0.0,0.8950778528283715,0.6
26.400000000000002,0.579285225026385,0.47298440561599164,0.0,2.069143854806862,0.0,0.0,0.0,0.8954020580647555,0.6
26.41,0.5789170437288919,0.47268378684542683,0.0,2.0704916230929773,0.0,0.0,0.0,0.8957259253436588,0.6
26.42,0.5785481757297659,0.47238260738532695,0.0,2.071836556113018,0.0,0.0,0.0,0.8960494513791136,0.6
26.43,0.5781786269837167,0.4720808720976917,0.0,2.0731785091417927,0.0,0.0,0.0,0.8963726323420363,0.6
26.44,0.5778084034132258,0.471778585818207,0.0,2.0745173358363793,0.0,0.0,0.0,0.896695464218946,0.6
26.45,0.5774375109087105,0.4714757533563786,0.0,2.0758529136368007,0.0,0.0,0.0,0.8970179425174225,0.6
26.46,0.5770659553286857,0.4711723794956637,0.0,2.0771851204021976,0.0,0.0,0.0,0.8973400626409676,0.6
26.47,0.576693742499925,0.4708684689936032,0.0,2.0785138543438633,0.0,0.0,0.0,0.8976618196236397,0.6
26.48,0.5763208782176217,0.4705640265819523,0.0,2.0798390221554035,0.0,0.0,0.0,0.8979832083358332,0.6
26.490000000000002,0.575947368245547,0.470259056966811,0.0,2.0811605394911847,0.0,0.0,0.0,0.8983042234765228,0.6
26.5,0.5755732183162106,0.4699535648287534,0.0,2.0824783350827887,0.0,0.0,0.0,0.8986248596030535,0.6
26.51,0.5751984341310175,0.4696475548229575,0.0,2.0837923481968517,0.0,0.0,0.0,0.8989451111651516,0.6
26.52,0.5748230213604263,0.46934103157933316,0.0,2.0851025288405003,0.0,0.0,0.0,0.8992649725349209,0.6
26.53,0.5744469856441045,0.46903399970264975,0.0,2.0864088373791114,0.0,0.0,0.0,0.8995844380365078,0.6
26.54,0.5740703325910851,0.46872646377266347,0.0,2.0877112444801624,0.0,0.0,0.0,0.8999035019748172,0.6
26.55,0.5736930677799214,0.4684184283442439,0.0,2.0890097310675477,0.0,0.0,0.0,0.9002221586636697,0.6
26.560000000000002,0.5733151967588407,0.46810989794749985,0.0,2.090304287753171,0.0,0.0,0.0,0.9005404024526759,0.6
26.57,0.5729367250458982,0.46780087708790447,0.0,2.0915948193742944,0.0,0.0,0.0,0.9008582162477159,0.6
26.580000000000002,0.5725576581291297,0.46749137024642007,0.0,2.092881426729069,0.0,0.0,0.0,0.9011756061064516,0.6
26.59,0.5721780014667033,0.46718138187962244,0.0,2.0941641377781215,0.0,0.0,0.0,0.9014925669808567,0.6
26.6,0.5717977604870701,0.46687091641982337,0.0,2.095442981012827,0.0,0.0,0.0,0.9018090938561175,0.6
26.61,0.5714169405891155,0.46655997827519424,0.0,2.096718036926828,0.0,0.0,0.0,0.9021251873662667,0.6
26.62,0.571035547142308,0.46624857182988777,0.0,2.0979893139312984,0.0,0.0,0.0,0.9024408381264374,0.6
26.63,0.5706535854868489,0.46593670144415994,0.0,2.0992568572110772,0.0,0.0,0.0,0.9027560410133544,0.6
26.64,0.5702710609338195,0.46562437145449054,0.0,2.1005207132470165,0.0,0.0,0.0,0.9030707899249842,0.6
26.650000000000002,0.5698879787653295,0.46531158617370394,0.0,2.101780946944126,0.0,0.0,0.0,0.9033850805527226,0.6
26.66,0.5695043442346631,0.46499834989108896,0.0,2.103037629427601,0.0,0.0,0.0,0.9036989088289737,0.6
26.67,0.5691201625664247,0.4646846668725173,0.0,2.104290838381594,0.0,0.0,0.0,0.9040122707657203,0.6
26.68,0.5687354389566852,0.46437054136056277,0.0,2.105540661600908,0.0,0.0,0.0,0.9043251631713864,0.6
26.69,0.5683501785731253,0.4640559775746192,0.0,2.10678718622945,0.0,0.0,0.0,0.9046375826106816,0.6
26.7,0.5679643865551803,0.46374097971101796,0.0,2.1080305079808968,0.0,0.0,0.0,0.9049495261143565,0.6
26.71,0.5675780680141824,0.46342555194314417,0.0,2.10927072741322,0.0,0.0,0.0,0.9052609910159202,0.6
26.72,0.5671912280335035,0.46310969842155375,0.0,2.110507949296615,0.0,0.0,0.0,0.9055719749604033,0.6
26.73,0.5668038716686967,0.4627934232740884,0.0,2.1117422822475245,0.0,0.0,0.0,0.905882475716705,0.6
26.740000000000002,0.5664160039476377,0.4624767306059915,0.0,2.112973840005536,0.0,0.0,0.0,0.9061924919602078,0.6
26.75,0.5660276298706644,0.4621596245000218,0.0,2.1142027393947256,0.0,0.0,0.0,0.9065020221214573,0.6
26.76,0.5656387544107166,0.46184210901656775,0.0,2.1154291000700605,0.0,0.0,0.0,0.906811065158319,0.6
26.77,0.5652493825134755,0.461524188193761,0.0,2.116652819227463,0.0,0.0,0.0,0.9071195716331407,0.6
26.78,0.5648595190975009,0.4612058660475889,0.0,2.1178744849731737,0.0,0.0,0.0,0.9074276386822971,0.6
26.79,0.5644691690543697,0.46088714657200736,0.0,2.119093987748206,0.0,0.0,0.0,0.9077352174921504,0.6
26.8,0.564078337248812,0.4605680337390516,0.0,2.1203113339972153,0.0,0.0,0.0,0.9080422775847121,0.6
26.810000000000002,0.5636870285188471,0.4602485314989481,0.0,2.121526713646803,0.0,0.0,0.0,0.9083488285775743,0.6
26.82,0.5632952476759199,0.459928643780225,0.0,2.122740426607987,0.0,0.0,0.0,0.9086549160746297,0.6
26.830000000000002,0.5629029995050348,0.45960837448982234,0.0,2.1239524850453475,0.0,0.0,0.0,0.908960508555593,0.6
26.84,0.5625102887648904,0.4592877275132009,0.0,2.1251630755938073,0.0,0.0,0.0,0.9092656234452858,0.6
26.85,0.5621171201880121,0.45896670671445144,0.0,2.1263722983505993,0.0,0.0,0.0,0.9095702514131473,0.6
26.86,0.5617234984808858,0.45864531593640384,0.0,2.127580300492133,0.0,0.0,0.0,0.9098743983892977,0.6
26.87,0.5613294283240894,0.4583235590007339,0.0,2.1287872227270084,0.0,0.0,0.0,0.9101780694281639,0.6
26.88,0.5609349143724247,0.45800143970807145,0.0,2.129993200642938,0.0,0.0,0.0,0.9104812687643635,0.6
26.89,0.560539961255048,0.4576789618381067,0.0,2.1311983670864714,0.0,0.0,0.0,0.91078400042839,0.6
26.900000000000002,0.5601445735756003,0.4573561291496966,0.0,2.1324028525057703,0.0,0.0,0.0,0.9110862684519897,0.6
26.91,0.5597487559123363,0.4570329453809707,0.0,2.1336067857831145,0.0,0.0,0.0,0.9113880769920003,0.6
26.92,0.5593525128182543,0.4567094142494366,0.0,2.134810293531183,0.0,0.0,0.0,0.9116894303764363,0.6
26.93,0.5589558488212235,0.4563855394520839,0.0,2.1360135006420564,0.0,0.0,0.0,0.9119903331581002,0.6
26.94,0.5585587684241125,0.45606132466548926,0.0,2.137216529983779,0.0,0.0,0.0,0.9122907901102922,0.6
26.95,0.5581612761049151,0.4557367735459195,0.0,2.138419502028833,0.0,0.0,0.0,0.9125908051949644,0.6
26.96,0.5577633763168771,0.4554118897294347,0.0,2.139622536146611,0.0,0.0,0.0,0.9128903821566693,0.6
26.97,0.5573650734886229,0.4550866768319912,0.0,2.1408257501992916,0.0,0.0,0.0,0.9131895270735619,0.6
26.98,0.5569663720242787,0.45476113844954325,0.0,2.142029258806783,0.0,0.0,0.0,0.9134882460855814,0.6
26.990000000000002,0.5565672763035989,0.4544352781581454,0.0,2.1432331733533614,0.0,0.0,0.0,0.9137865455023853,0.6
27.0,0.5561677906820888,0.4541090995140525,0.0,2.1444376020119846,0.0,0.0,0.0,0.9140844317866453,0.6
27.01,0.5557679194911274,0.4537826060538211,0.0,2.145642649365957,0.0,0.0,0.0,0.9143819115694762,0.6
27.02,0.5553676670380916,0.45345580129440954,0.0,2.146848416733391,0.0,0.0,0.0,0.9146789916434152,0.6
27.03,0.5549670376064766,0.4531286887332768,0.0,2.1480550016973385,0.0,0.0,0.0,0.9149756789572977,0.6
27.04,0.554566035456018,0.4528012718484827,0.0,2.1492624983149757,0.0,0.0,0.0,0.915271980608895,0.6
27.05,0.5541646648228123,0.4524735540987854,0.0,2.1504709966125817,0.0,0.0,0.0,0.9155679038369375,0.6
27.060000000000002,0.5537629299194373,0.4521455389237404,0.0,2.151680582939022,0.0,0.0,0.0,0.9158634560135697,0.6
27.07,0.5533608349350723,0.45181722974379807,0.0,2.1528913397002856,0.0,0.0,0.0,0.9161586446333916,0.6
27.080000000000002,0.5529583840356146,0.4514886299603996,0.0,2.154103345411255,0.0,0.0,0.0,0.9164534773021668,0.6
27.09,0.5525555813638013,0.45115974295607564,0.0,2.155316674313384,0.0,0.0,0.0,0.9167479617321816,0.6
27.1,0.5521524310393249,0.4508305720945407,0.0,2.156531396728009,0.0,0.0,0.0,0.9170421057186618,0.6
27.11,0.5517489371589506,0.45050112072078985,0.0,2.1577475786457487,0.0,0.0,0.0,0.9173359171398977,0.6
27.12,0.551345103796634,0.4501713921611938,0.0,2.158965281771377,0.0,0.0,0.0,0.9176294039444167,0.6
27.13,0.550940935003636,0.44984138972359317,0.0,2.160184563876079,0.0,0.0,0.0,0.9179225741344105,0.6
27.14,0.5505364348086386,0.44951111669739324,0.0,2.161405478281459,0.0,0.0,0.0,0.9182154357592156,0.6
27.150000000000002,0.5501316072178605,0.44918057635365766,0.0,2.162628074178551,0.0,0.0,0.0,0.9185079968987314,0.6
27.16,0.5497264562151705,0.4488497719452018,0.0,2.163852396145529,0.0,0.0,0.0,0.918800265661107,0.6
27.17,0.5493209857622013,0.44851870670668526,0.0,2.1650784850868208,0.0,0.0,0.0,0.9190922501557973,0.6
27.18,0.5489151997984637,0.44818738385470497,0.0,2.1663063771762476,0.0,0.0,0.0,0.9193839585005981,0.6
27.19,0.5485091022414575,0.4478558065878864,0.0,2.167536104575378,0.0,0.0,0.0,0.9196753988030714,0.6
27.2,0.5481026969867854,0.4475239780869755,0.0,2.168767695148524,0.0,0.0,0.0,0.9199665791415548,0.6
27.21,0.5476959879082627,0.4471919015149296,0.0,2.1700011728855135,0.0,0.0,0.0,0.9202575075643828,0.6
27.22,0.5472889788580302,0.44685958001700804,0.0,2.1712365572360626,0.0,0.0,0.0,0.9205481920832672,0.6
27.23,0.5468816736666624,0.4465270167208621,0.0,2.1724738650196866,0.0,0.0,0.0,0.9208386404857279,0.6
27.240000000000002,0.5464740761432791,0.44619421473662507,0.0,2.1737131154781006,0.0,0.0,0.0,0.9211288596847961,0.6
27.25,0.5460661900756539,0.4458611771570011,0.0,2.1749543178521487,0.0,0.0,0.0,0.9214188574337707,0.6
27.26,0.5456580192303231,0.44552790705735396,0.0,2.1761974771330594,0.0,0.0,0.0,0.9217086414640291,0.6
27.27,0.5452495673526937,0.44519440749579614,0.0,2.1774425946924856,0.0,0.0,0.0,0.921998219412035,0.6
27.28,0.544840838167151,0.44486068151327507,0.0,2.1786896679058563,0.0,0.0,0.0,0.922287598822611,0.6
27.29,0.5444318353771663,0.44452673213366267,0.0,2.1799386905458524,0.0,0.0,0.0,0.9225767871385111,0.6
27.3,0.5440225626654033,0.4441925623638412,0.0,2.1811896528378245,0.0,0.0,0.0,0.9228657916921031,0.6
27.310000000000002,0.5436130236938232,0.44385817519378934,0.0,2.182442389181937,0.0,0.0,0.0,0.9231546357704994,0.6
27.32,0.5432032221037918,0.44352357359667,0.0,2.18369703114683,0.0,0.0,0.0,0.9234433094058476,0.6
27.330000000000002,0.5427931615161831,0.44318876052891415,0.0,2.184953564798893,0.0,0.0,0.0,0.9237318194871093,0.6
27.34,0.5423828455314843,0.4428537389303076,0.0,2.186211967988163,0.0,0.0,0.0,0.9240201727640107,0.6
27.35,0.5419722777299004,0.44251851172407536,0.0,2.1874722159230706,0.0,0.0,0.0,0.92430837583734,0.6
27.36,0.5415614616714564,0.4421830818169656,0.0,2.1887342816651505,0.0,0.0,0.0,0.9245964351525033,0.6
27.37,0.5411504008961013,0.44184745209933474,0.0,2.1899981352912206,0.0,0.0,0.0,0.924884356996822,0.6
27.38,0.5407390989238097,0.4415116254452297,0.0,2.1912637441717084,0.0,0.0,0.0,0.9251721474932403,0.6
27.39,0.5403275592546842,0.4411756047124727,0.0,2.1925310733505285,0.0,0.0,0.0,0.9254598125911133,0.6
27.400000000000002,0.5399157853690566,0.44083939274274236,0.0,2.193800193469265,0.0,0.0,0.0,0.9257473490425161,0.6
27.41,0.5395037807275886,0.44050299236165746,0.0,2.1950709850744174,0.0,0.0,0.0,0.9260347695454455,0.6
27.42,0.5390915487713729,0.4401664063788582,0.0,2.196343344386282,0.0,0.0,0.0,0.926322084511987,0.6
27.43,0.538679092922032,0.4398296375880876,0.0,2.197617237169489,0.0,0.0,0.0,0.9266092982450369,0.6
27.44,0.5382664165818182,0.43949268876727327,0.0,2.198892635148837,0.0,0.0,0.0,0.9268964142939623,0.6
27.45,0.5378535231337124,0.4391555626786074,0.0,2.2001695017456124,0.0,0.0,0.0,0.927183436621957,0.6
27.46,0.5374404159415225,0.43881826206862773,0.0,2.20144785630025,0.0,0.0,0.0,0.9274703646066185,0.6
27.47,0.5370270983499815,0.4384807896682973,0.0,2.2027275342620736,0.0,0.0,0.0,0.9277572114429885,0.6
27.48,0.5366135736848443,0.4381431481930835,0.0,2.2040084972683402,0.0,0.0,0.0,0.9280439802780984,0.6
27.490000000000002,0.536199845252985,0.4378053403430378,0.0,2.2052906710549083,0.0,0.0,0.0,0.9283306767376702,0.6
27.5,0.5357859163424935,0.43746736880287435,0.0,2.206574051159716,0.0,0.0,0.0,0.9286173008859568,0.6
27.51,0.5353717902227713,0.43712923624204825,0.0,2.2078585850630374,0.0,0.0,0.0,0.9289038561330979,0.6
27.52,0.5349574701446262,0.43679094531483315,0.0,2.209144229375788,0.0,0.0,0.0,0.9291903448961822,0.6
27.53,0.5345429593403692,0.43645249866039965,0.0,2.2104309012687295,0.0,0.0,0.0,0.9294767723886748,0.6
27.54,0.5341282610239069,0.43611389890289165,0.0,2.2117185373503716,0.0,0.0,0.0,0.929763142141582,0.6
27.55,0.5337133783908367,0.4357751486515035,0.0,2.21300707899743,0.0,0.0,0.0,0.9300494571157512,0.6
27.560000000000002,0.5332983146185403,0.43543625050055657,0.0,2.214296450206256,0.0,0.0,0.0,0.9303357216017086,0.6
27.57,0.5328830728662766,0.4350972070295749,0.0,2.215586618074494,0.0,0.0,0.0,0.9306219360861456,0.6
27.580000000000002,0.5324676562752744,0.43475802080336096,0.0,2.2168775277002153,0.0,0.0,0.0,0.9309081025604384,0.6
27.59,0.5320520679688246,0.43441869437207115,0.0,2.2181691253109,0.0,0.0,0.0,0.9311942226212678,0.6
27.6,0.531636311052372,0.43407923027129053,0.0,2.21946134878578,0.0,0.0,0.0,0.9314802984550905,0.6
27.61,0.531220388613606,0.433739631022107,0.0,2.2207541406461053,0.0,0.0,0.0,0.9317663315744967,0.6
27.62,0.5308043037225526,0.43339989913118615,0.0,2.222047424969201,0.0,0.0,0.0,0.9320523259015614,0.6
27.63,0.5303880594316633,0.4330600370908443,0.0,2.223341161611786,0.0,0.0,0.0,0.9323382808207521,0.6
27.64,0.5299716587759061,0.43272004737912256,0.0,2.224635292087432,0.0,0.0,0.0,0.932624197618629,0.6
27.650000000000002,0.5295551047728547,0.43237993245985934,0.0,2.2259297584364344,0.0,0.0,0.0,0.9329100774405537,0.6
27.66,0.529138400422777,0.4320396947827633,0.0,2.2272245038464007,0.0,0.0,0.0,0.9331959212563883,0.6
27.67,0.5287215487087246,0.43169933678348554,0.0,2.228519472452824,0.0,0.0,0.0,0.9334817298537209,0.6
27.68,0.5283045525966195,0.4313588608836915,0.0,2.2298146093235154,0.0,0.0,0.0,0.9337675038553853,0.6
27.69,0.5278874150353432,0.431018269491133,0.0,2.2311098606394175,0.0,0.0,0.0,0.9340532437267095,0.6
27.7,0.5274701389568234,0.4306775649997186,0.0,2.2324051735770305,0.0,0.0,0.0,0.9343389497815724,0.6
27.71,0.5270527272761206,0.4303367497895854,0.0,2.2337004962313305,0.0,0.0,0.0,0.9346246221870058,0.6
27.72,0.5266351828915145,0.429995826227169,0.0,2.234995777934234,0.0,0.0,0.0,0.9349102609722155,0.6
27.73,0.52621750868459,0.4296547966652735,0.0,2.2362909693439583,0.0,0.0,0.0,0.9351958660314705,0.6
27.740000000000002,0.5257997075203232,0.4293136634431421,0.0,2.2375860220914574,0.0,0.0,0.0,0.9354814371301468,0.6
27.75,0.5253817822471658,0.4289724288865257,0.0,2.2388808892145566,0.0,0.0,0.0,0.9357669739112486,0.6
27.76,0.5249637356971296,0.42863109530775256,0.0,2.2401755249251822,0.0,0.0,0.0,0.9360524758985957,0.6
27.77,0.5245455706858718,0.4282896650057969,0.0,2.2414698849803876,0.0,0.0,0.0,0.936337942504324,0.6
27.78,0.5241272900127778,0.4279481402663474,0.0,2.242763926368138,0.0,0.0,0.0,0.9366233730323945,0.6
27.79,0.5237088964610445,0.427606523361875,0.0,2.244057607526239,0.0,0.0,0.0,0.9369087666849,0.6
27.8,0.5232903927977641,0.42726481655170095,0.0,2.245350888276995,0.0,0.0,0.0,0.9371941225668349,0.6
27.810000000000002,0.5228717817740065,0.4269230220820642,0.0,2.2466437299946427,0.0,0.0,0.0,0.9374794396918731,0.6
27.82,0.5224530661249005,0.42658114218618814,0.0,2.2479360957438166,0.0,0.0,0.0,0.9377647169871034,0.6
27.830000000000002,0.5220342485697167,0.4262391790843481,0.0,2.2492279497852947,0.0,0.0,0.0,0.9380499532981376,0.6
27.84,0.521615331811948,0.42589713498393666,0.0,2.250519258173039,0.0,0.0,0.0,0.9383351473957887,0.6
27.85,0.5211963185393912,0.42555501207953067,0.0,2.251809988311606,0.0,0.0,0.0,0.9386202979786386,0.6
27.86,0.5207772114242267,0.42521281255295645,0.0,2.253100109297639,0.0,0.0,0.0,0.9389054036805137,0.6
27.87,0.5203580131230994,0.42487053857335516,0.0,2.2543895918929175,0.0,0.0,0.0,0.9391904630758737,0.6
27.88,0.5199387262771976,0.4245281922972486,0.0,2.2556784084301453,0.0,0.0,0.0,0.9394754746819973,0.6
27.89,0.5195193535123335,0.4241857758686028,0.0,2.2569665326662403,0.0,0.0,0.0,0.939760436968195,0.6
27.900000000000002,0.5190998974390207,0.4238432914188935,0.0,2.258253940194032,0.0,0.0,0.0,0.9400453483577595,0.6
27.91,0.5186803606525537,0.4235007410671699,0.0,2.2595406080876517,0.0,0.0,0.0,0.9403302072338467,0.6
27.92,0.5182607457330856,0.42315812692011784,0.0,2.2608265149367086,0.0,0.0,0.0,0.940615011944827,0.6
27.93,0.5178410552457059,0.4228154510721243,0.0,2.2621116410996116,0.0,0.0,0.0,0.9408997608100801,0.6
27.94,0.5174212917405179,0.4224727156053401,0.0,2.2633959684476843,0.0,0.0,0.0,0.9411844521219637,0.6
27.95,0.5170014577527156,0.4221299225897423,0.0,2.2646794803441406,0.0,0.0,0.0,0.9414690841545525,0.6
27.96,0.5165815558026604,0.4217870740831973,0.0,2.2659621617508012,0.0,0.0,0.0,0.9417536551642185,0.6
27.97,0.5161615883959572,0.4214441721315231,0.0,2.2672439991669893,0.0,0.0,0.0,0.9420381633978626,0.6
27.98,0.5157415580235298,0.42110121876855044,0.0,2.2685249806320607,0.0,0.0,0.0,0.9423226070968487,0.6
27.990000000000002,0.5153214671616974,0.42075821601618535,0.0,2.2698050955322056,0.0,0.0,0.0,0.9426069844964695,0.6
28.0,0.5149013182722484,0.4204151658844696,0.0,2.271084334999544,0.0,0.0,0.0,0.9428912938408487,0.6
28.01,0.5144811138025156,0.42007207037164224,0.0,2.272362691468209,0.0,0.0,0.0,0.9431755333791495,0.6
28.02,0.5140608561854509,0.4197289314642001,0.0,2.273640158514576,0.0,0.0,0.0,0.9434597013651419,0.6
28.03,0.5136405478396986,0.419385751136958,0.0,2.2749167315152095,0.0,0.0,0.0,0.9437437960766742,0.6
28.04,0.5132201911696691,0.41904253135310865,0.0,2.2761923665305304,0.0,0.0,0.0,0.9440278125002661,0.6
28.05,0.5127997885656126,0.4186992740642835,0.0,2.2774670935042773,0.0,0.0,0.0,0.9443117514843306,0.6
28.060000000000002,0.5123793424036909,0.4183559812106102,0.0,2.278740926373023,0.0,0.0,0.0,0.9445956125911796,0.6
28.07,0.5119588550460509,0.4180126547207738,0.0,2.280013855241571,0.0,0.0,0.0,0.9448793933181667,0.6
28.080000000000002,0.5115383288408961,0.41766929651207435,0.0,2.2812858823300135,0.0,0.0,0.0,0.9451630921107607,0.6
28.09,0.5111177661225583,0.4173259084904859,0.0,2.2825570102834405,0.0,0.0,0.0,0.9454467073729681,0.6
28.1,0.5106971692115697,0.4169824925507149,0.0,2.283827243040366,0.0,0.0,0.0,0.9457302375915964,0.6
28.11,0.5102765404147326,0.4166390505762576,0.0,2.2850965768314553,0.0,0.0,0.0,0.9460136804558081,0.6
28.12,0.5098558820251912,0.4162955844394586,0.0,2.2863650140637906,0.0,0.0,0.0,0.9462970341319553,0.6
28.13,0.5094351963225018,0.4159520960015675,0.0,2.2876325603431464,0.0,0.0,0.0,0.9465802970405967,0.6
28.14,0.5090144855727019,0.41560858711279636,0.0,2.2888992221986992,0.0,0.0,0.0,0.9468634676268659,0.6
28.150000000000002,0.5085937520283809,0.41526505961237664,0.0,2.2901650069805672,0.0,0.0,0.0,0.9471465443696591,0.6
28.16,0.5081729979287483,0.41492151532861526,0.0,2.2914299227757553,0.0,0.0,0.0,0.9474295257841252,0.6
28.17,0.5077522254997033,0.4145779560789515,0.0,2.2926939232919628,0.0,0.0,0.0,0.9477124045415537,0.6
28.18,0.5073314369539036,0.4142343836700124,0.0,2.293957101375251,0.0,0.0,0.0,0.9479951879024936,0.6
28.19,0.5069106344908326,0.4138907998976691,0.0,2.2952194420504406,0.0,0.0,0.0,0.9482778719210186,0.6
28.2,0.5064898202968682,0.41354720654709115,0.0,2.2964809579708154,0.0,0.0,0.0,0.948560455441703,0.6
28.21,0.5060689965453496,0.41320360539280315,0.0,2.29774166373147,0.0,0.0,0.0,0.9488429375629978,0.6
28.22,0.5056481653966457,0.41285999819873836,0.0,2.299001575562578,0.0,0.0,0.0,0.9491253175860346,0.6
28.23,0.5052273289982202,0.41251638671829405,0.0,2.300260712773673,0.0,0.0,0.0,0.9494075952393262,0.6
28.240000000000002,0.5048064894846996,0.4121727726943852,0.0,2.3015191004517925,0.0,0.0,0.0,0.9496897710466431,0.6
28.25,0.5043856489779389,0.41182915785949914,0.0,2.302776724237886,0.0,0.0,0.0,0.9499718405929772,0.6
28.26,0.5039648095870873,0.41148554393574915,0.0,2.3040335917912618,0.0,0.0,0.0,0.9502538020370683,0.6
28.27,0.5035439734086536,0.4111419326349274,0.0,2.305289716636891,0.0,0.0,0.0,0.9505356542798598,0.6
28.28,0.5031231425265722,0.41079832565855906,0.0,2.306545046667414,0.0,0.0,0.0,0.9508173871710184,0.6
28.29,0.5027023190122667,0.4104547246979547,0.0,2.3077997561094303,0.0,0.0,0.0,0.9510990216560865,0.6
28.3,0.5022815049247159,0.4101111314342632,0.0,2.3090537822244275,0.0,0.0,0.0,0.9513805465781069,0.6
28.310000000000002,0.5018607023105166,0.409767547538524,0.0,2.310307145454752,0.0,0.0,0.0,0.9516619620027522,0.6
28.32,0.5014399132039487,0.40942397467171965,0.0,2.311559846163722,0.0,0.0,0.0,0.9519432651036872,0.6
28.330000000000002,0.5010191396270377,0.4090804144848271,0.0,2.312811887941504,0.0,0.0,0.0,0.9522244534236775,0.6
28.34,0.5005983835896193,0.4087368686188703,0.0,2.3140632936084593,0.0,0.0,0.0,0.9525055274346796,0.6
28.35,0.5001776470894008,0.40839333870497047,0.0,2.3153140818446984,0.0,0.0,0.0,0.952786487094918,0.6
28.36,0.499756932112025,0.40804982636439796,0.0,2.3165642695197306,0.0,0.0,0.0,0.9530673321649624,0.6
28.37,0.4993362406311314,0.40770633320862293,0.0,2.3178138730732054,0.0,0.0,0.0,0.9533480623989946,0.6
28.38,0.49891557460841957,0.40736286083936624,0.0,2.3190629083349448,0.0,0.0,0.0,0.9536286775391973,0.6
28.39,0.4984949359937096,0.4070194108486494,0.0,2.3203113906424058,0.0,0.0,0.0,0.9539091773233489,0.6
28.400000000000002,0.49807432672500396,0.40667598481884465,0.0,2.321559334937219,0.0,0.0,0.0,0.9541895614989081,0.6
28.41,0.4976537487285487,0.4063325843227255,0.0,2.3228067557192076,0.0,0.0,0.0,0.9544698298304074,0.6
28.42,0.49723320391889386,0.4059892109235154,0.0,2.324053667190276,0.0,0.0,0.0,0.9547499821062676,0.6
28.43,0.49681269419895435,0.40564586617493786,0.0,2.3253000831904975,0.0,0.0,0.0,0.9550300181422666,0.6
28.44,0.4963922214600698,0.40530255162126533,0.0,2.326546017217656,0.0,0.0,0.0,0.9553099377831312,0.6
28.45,0.49597178758206434,0.40495926879736777,0.0,2.327791482371975,0.0,0.0,0.0,0.955589740903074,0.6
28.46,0.4955513944333069,0.40461601922876184,0.0,2.3290364913858177,0.0,0.0,0.0,0.9558694274080594,0.6
28.47,0.4951310438707693,0.4042728044316588,0.0,2.3302810566496683,0.0,0.0,0.0,0.9561489972350777,0.6
28.48,0.494710737740086,0.40392962591301296,0.0,2.331525190119928,0.0,0.0,0.0,0.9564284503515553,0.6
28.490000000000002,0.4942904778756128,0.4035864851705694,0.0,2.3327689033489056,0.0,0.0,0.0,0.9567077867515006,0.6
28.5,0.4938702661004844,0.40324338369291146,0.0,2.3340122074735605,0.0,0.0,0.0,0.9569870064598239,0.6
28.51,0.49345010422667346,0.40290032295950867,0.0,2.33525511316101,0.0,0.0,0.0,0.9572661095269702,0.6
28.52,0.49302999405504827,0.40255730444076365,0.0,2.3364976306209213,0.0,0.0,0.0,0.9575450960286388,0.6
28.53,0.4926099373754291,0.4022143295980587,0.0,2.3377397696110056,0.0,0.0,0.0,0.957823966067419,0.6
28.54,0.4921899359666468,0.40187139988380316,0.0,2.33898153940311,0.0,0.0,0.0,0.958102719767275,0.6
28.55,0.4917699915965991,0.40152851674147944,0.0,2.340222948760645,0.0,0.0,0.0,0.958381357272736,0.6
28.560000000000002,0.4913501060223075,0.40118568160568946,0.0,2.341464005955145,0.0,0.0,0.0,0.9586598787515852,0.6
28.57,0.49093028098997293,0.4008428959022004,0.0,2.342704718736581,0.0,0.0,0.0,0.9589382843890356,0.6
28.580000000000002,0.4905105182350328,0.4005001610479909,0.0,2.343945094387482,0.0,0.0,0.0,0.9592165743879904,0.6
28.59,0.49009081948221583,0.4001574784512963,0.0,2.345185139583524,0.0,0.0,0.0,0.9594947489650805,0.6
28.6,0.4896711864455982,0.39981484951165364,0.0,2.3464248605322764,0.0,0.0,0.0,0.9597728083540996,0.6
28.61,0.489251620828659,0.39947227561994786,0.0,2.3476642628789546,0.0,0.0,0.0,0.9600507528003448,0.6
28.62,0.488832124324334,0.3991297581584553,0.0,2.348903351764717,0.0,0.0,0.0,0.9603285825597994,0.6
28.63,0.48841269861507125,0.3987872985008893,0.0,2.350142131778155,0.0,0.0,0.0,0.9606062978994101,0.6
28.64,0.487993345372886,0.39844489801244404,0.0,2.3513806069482026,0.0,0.0,0.0,0.960883899093797,0.6
28.650000000000002,0.48757406625941346,0.39810255804983924,0.0,2.352618780798529,0.0,0.0,0.0,0.9611613864261382,0.6
28.66,0.4871548629259635,0.3977602799613638,0.0,2.3538566563317156,0.0,0.0,0.0,0.9614387601858484,0.6
28.67,0.48673573701357387,0.3974180650869195,0.0,2.3550942359922256,0.0,0.0,0.0,0.9617160206638422,0.6
28.68,0.4863166901530639,0.3970759147580646,0.0,2.3563315217086296,0.0,0.0,0.0,0.9619931681575341,0.6
28.69,0.4858977239650874,0.3967338302980574,0.0,2.357568514892204,0.0,0.0,0.0,0.9622702029632219,0.6
28.7,0.485478840060185,0.39639181302189896,0.0,2.358805216452642,0.0,0.0,0.0,0.962547125381383,0.6
28.71,0.48506004003883735,0.39604986423637617,0.0,2.360041626797095,0.0,0.0,0.0,0.9628239357100734,0.6
28.72,0.48464132549151684,0.3957079852401043,0.0,2.36127774585447,0.0,0.0,0.0,0.9631006342465814,0.6
28.73,0.48422269799874024,0.3953661773235698,0.0,2.3625135729956015,0.0,0.0,0.0,0.9633772212857443,0.6
28.740000000000002,0.48380415913111935,0.395024441769172,0.0,2.3637491072004013,0.0,0.0,0.0,0.9636536971208216,0.6
28.75,0.4833857104494135,0.39468277985126543,0.0,2.364984346968762,0.0,0.0,0.0,0.9639300620407193,0.6
28.76,0.48296735350458003,0.39434119283620167,0.0,2.3662192903466046,0.0,0.0,0.0,0.9642063163302882,0.6
28.77,0.4825490898378258,0.3939996819823705,0.0,2.3674539349371617,0.0,0.0,0.0,0.9644824602702866,0.6
28.78,0.4821309209806575,0.3936582485402421,0.0,2.3686882779465503,0.0,0.0,0.0,0.9647584941369176,0.6
28.79,0.48171284845493256,0.3933168937524078,0.0,2.3699223162157117,0.0,0.0,0.0,0.9650344182013494,0.6
28.8,0.4812948737729082,0.39297561885362053,0.0,2.371156046159614,0.0,0.0,0.0,0.9653102327331126,0.6
28.810000000000002,0.48087699843729287,0.3926344250708366,0.0,2.372389463862687,0.0,0.0,0.0,0.9655859379954522,0.6
28.82,0.48045922394129503,0.39229331362325554,0.0,2.3736225651315035,0.0,0.0,0.0,0.9658615342502961,0.6
28.830000000000002,0.48004155176867264,0.39195228572236074,0.0,2.3748553454393795,0.0,0.0,0.0,0.9661370217676853,0.6
28.84,0.47962398339378237,0.39161134257195934,0.0,2.3760877999744596,0.0,0.0,0.0,0.9664124008093973,0.6
28.85,0.4792065202816289,0.3912704853682227,0.0,2.3773199237804,0.0,0.0,0.0,0.9666876716528576,0.6
28.86,0.4787891638879133,0.39092971529972553,0.0,2.3785517116495454,0.0,0.0,0.0,0.9669628345800552,0.6
28.87,0.47837191565908127,0.39058903354748603,0.0,2.3797831581992854,0.0,0.0,0.0,0.9672378898737759,0.6
28.88,0.4779547770323718,0.39024844128500485,0.0,2.3810142582069544,0.0,0.0,0.0,0.9675128378692913,0.6
28.89,0.4775377494358647,0.3899079396783043,0.0,2.382245006338957,0.0,0.0,0.0,0.9677876789369046,0.6
28.900000000000002,0.4771208342885287,0.3895675298859675,0.0,2.3834753905227677,0.0,0.0,0.0,0.9680624119726196,0.6
28.91,0.47670403300026876,0.389227213059177,0.0,2.3847054005492607,0.0,0.0,0.0,0.9683370363840622,0.6
28.92,0.476287346971973,0.38888699034175317,0.0,2.3859350282135985,0.0,0.0,0.0,0.9686115520867792,0.6
28.93,0.4758707775955603,0.38854686287019297,0.0,2.3871642652259153,0.0,0.0,0.0,0.9688859590146328,0.6
28.94,0.47545432625402667,0.38820683177370796,0.0,2.388393104172273,0.0,0.0,0.0,0.9691602573143665,0.6
28.95,0.47503799432149185,0.3878668981742623,0.0,2.3896215352737613,0.0,0.0,0.0,0.9694344466469333,0.6
28.96,0.4746217831632456,0.38752706318661023,0.0,2.3908495000415213,0.0,0.0,0.0,0.9697085168280991,0.6
28.97,0.4742056941357936,0.3871873279183341,0.0,2.3920770626427137,0.0,0.0,0.0,0.9699824828377576,0.6
28.98,0.47378972858690405,0.38684769346988207,0.0,2.3933041792033674,0.0,0.0,0.0,0.970256337483372,0.6
28.990000000000002,0.4733738878556519,0.38650816093460416,0.0,2.3945308503120675,0.0,0.0,0.0,0.9705300825150783,0.6
29.0,0.4729581732724653,0.38616873139879065,0.0,2.395757072353749,0.0,0.0,0.0,0.9708037188141765,0.6
29.01,0.4725425861591708,0.38582940594170806,0.0,2.3969828387141163,0.0,0.0,0.0,0.971077246624896,0.6
29.02,0.4721271278290375,0.3854901856356363,0.0,2.398208195703165,0.0,0.0,0.0,0.9713506760907861,0.6
29.03,0.47171179958682224,0.38515107154590483,0.0,2.3994330766871026,0.0,0.0,0.0,0.9716239957975438,0.6
29.04,0.47129660272881385,0.38481206473092905,0.0,2.40065747845504,0.0,0.0,0.0,0.9718972065463877,0.6
29.05,0.47088153854287773,0.38447316624224664,0.0,2.4018813933940706,0.0,0.0,0.0,0.9721703083571268,0.6
29.060000000000002,0.4704666083084994,0.3841343771245532,0.0,2.403104810098119,0.0,0.0,0.0,0.9724433005353232,0.6
29.07,0.4700518132968287,0.38379569841573824,0.0,2.4043277205129505,0.0,0.0,0.0,0.9727161829789471,0.6
29.080000000000002,0.46963715477072326,0.3834571311469206,0.0,2.4055501153481265,0.0,0.0,0.0,0.9729889553387967,0.6
29.09,0.4692226339847915,0.38311867634248387,0.0,2.406771985385701,0.0,0.0,0.0,0.973261617252237,0.6
29.1,0.4688082521854366,0.3827803350201118,0.0,2.4079933214834526,0.0,0.0,0.0,0.9735341683562431,0.6
29.11,0.46839401061089797,0.38244210819082286,0.0,2.409214114540117,0.0,0.0,0.0,0.9738066082674668,0.6
29.12,0.46797991049129567,0.3821039968590059,0.0,2.4104343555839662,0.0,0.0,0.0,0.9740789365928088,0.6
29.13,0.4675659530486718,0.38176600202245403,0.0,2.4116540316672737,0.0,0.0,0.0,0.9743511522491815,0.6
29.14,0.4671521394970332,0.3814281246723995,0.0,2.4128731312508123,0.0,0.0,0.0,0.974623254383061,0.6
29.150000000000002,0.4667384710423932,0.3810903657935482,0.0,2.4140916461526323,0.0,0.0,0.0,0.9748952426794195,0.6
29.16,0.4663249488828137,0.3807527263641137,0.0,2.4153095687409047,0.0,0.0,0.0,0.9751671168751714,0.6
29.17,0.46591157420844664,0.380415207355851,0.0,2.416526891597385,0.0,0.0,0.0,0.9754388766909463,0.6
29.18,0.46549834820157604,0.3800778097340907,0.0,2.4177436071703617,0.0,0.0,0.0,0.975710521780197,0.6
29.19,0.4650852720366582,0.37974053445777256,0.0,2.4189597077778098,0.0,0.0,0.0,0.9759820517341606,0.6
29.2,0.4646723468803634,0.3794033824794788,0.0,2.4201751859032683,0.0,0.0,0.0,0.9762534661213932,0.6
29.21,0.46425957389161665,0.3790663547454678,0.0,2.4213900339618086,0.0,0.0,0.0,0.9765247644581998,0.6
29.22,0.46384695422163785,0.37872945219570664,0.0,2.4226042445674945,0.0,0.0,0.0,0.976795946255609,0.6
29.23,0.46343448901398326,0.378392675763905,0.0,2.423817810492572,0.0,0.0,0.0,0.9770670110077928,0.6
29.240000000000002,0.4630221794045842,0.37805602637754704,0.0,2.425030724644206,0.0,0.0,0.0,0.9773379581909948,0.6
29.25,0.4626100265217883,0.37771950495792456,0.0,2.426242980132577,0.0,0.0,0.0,0.9776087872699576,0.6
29.26,0.46219803148639815,0.37738311242016936,0.0,2.4274545702511254,0.0,0.0,0.0,0.9778794977015723,0.6
29.27,0.46178619541171245,0.3770468496732858,0.0,2.42866548845308,0.0,0.0,0.0,0.9781500889226683,0.6
29.28,0.46137451940356383,0.3767107176201825,0.0,2.4298757284175996,0.0,0.0,0.0,0.9784205603592279,0.6
29.29,0.4609630045603589,0.37637471715770465,0.0,2.431085283971475,0.0,0.0,0.0,0.9786909114392103,0.6
29.3,0.460551651973117,0.37603884917666586,0.0,2.432294149299066,0.0,0.0,0.0,0.9789611415827887,0.6
29.310000000000002,0.4601404627255089,0.3757031145618797,0.0,2.433502318588242,0.0,0.0,0.0,0.9792312501897718,0.6
29.32,0.459729437893896,0.3753675141921913,0.0,2.4347097864082463,0.0,0.0,0.0,0.9795012366756423,0.6
29.330000000000002,0.45931857854736763,0.37503204894050873,0.0,2.435916547463344,0.0,0.0,0.0,0.9797711004313889,0.6
29.34,0.4589078857477806,0.3746967196738342,0.0,2.4371225967516477,0.0,0.0,0.0,0.980040840857846,0.6
29.35,0.45849736054979573,0.37436152725329497,0.0,2.4383279293368716,0.0,0.0,0.0,0.9803104573308407,0.6
29.36,0.45808700400091723,0.3740264725341743,0.0,2.4395325407685706,0.0,0.0,0.0,0.9805799492560385,0.6
29.37,0.4576768171415291,0.37369155636594237,0.0,2.440736426520245,0.0,0.0,0.0,0.9808493160024864,0.6
29.38,0.4572668010049331,0.3733567795922866,0.0,2.4419395825160857,0.0,0.0,0.0,0.9811185569643057,0.6
29.39,0.4568569566173864,0.37302214305114234,0.0,2.443142004856495,0.0,0.0,0.0,0.9813876715361313,0.6
29.400000000000002,0.45644728499813775,0.37268764757472256,0.0,2.4443436898251902,0.0,0.0,0.0,0.9816566590966279,0.6
29.41,0.456037787159465,0.3723532939895491,0.0,2.4455446340199414,0.0,0.0,0.0,0.981925519048662,0.6
29.42,0.45562846410671176,0.37201908311648113,0.0,2.446744834261857,0.0,0.0,0.0,0.9821942507879429,0.6
29.43,0.45521931683832356,0.3716850157707463,0.0,2.4479442874853548,0.0,0.0,0.0,0.9824628536969777,0.6
29.44,0.45481034634588474,0.3713510927619697,0.0,2.4491429908759565,0.0,0.0,0.0,0.9827313271767544,0.6
29.45,0.454401553614154,0.3710173148942034,0.0,2.4503409420830615,0.0,0.0,0.0,0.9829996706636565,0.6
29.46,0.4539929396211007,0.3706836829659562,0.0,2.4515381388737487,0.0,0.0,0.0,0.9832678835807016,0.6
29.47,0.45358450533794065,0.3703501977702223,0.0,2.4527345790994715,0.0,0.0,0.0,0.9835359653389659,0.6
29.48,0.4531762517291717,0.37001686009451096,0.0,2.4539302609764846,0.0,0.0,0.0,0.9838039153862347,0.6
29.490000000000002,0.4527681797526088,0.36968367072087494,0.0,2.455125183104713,0.0,0.0,0.0,0.9840717331891963,0.6
29.5,0.4523602903594199,0.3693506304259395,0.0,2.456319338070549,0.0,0.0,0.0,0.9843394172718806,0.6
29.51,0.45195258449416037,0.36901773998093096,0.0,2.457512724026908,0.0,0.0,0.0,0.9846069669824762,0.6
29.52,0.4515450630948086,0.3686850001517054,0.0,2.458705339377258,0.0,0.0,0.0,0.9848743817015763,0.6
29.53,0.4511377270927999,0.3683524116987765,0.0,2.459897182621903,0.0,0.0,0.0,0.9851416607938123,0.6
29.54,0.4507305774130618,0.3680199753773445,0.0,2.461088252386875,0.0,0.0,0.0,0.9854088036277194,0.6
29.55,0.4503236149740476,0.3676876919373234,0.0,2.4622785474571613,0.0,0.0,0.0,0.9856758095718503,0.6
29.560000000000002,0.4499168406877715,0.36735556212336967,0.0,2.4634680668920765,0.0,0.0,0.0,0.9859426780137468,0.6
29.57,0.4495102554598418,0.36702358667490936,0.0,2.464656809774905,0.0,0.0,0.0,0.986209408328944,0.6
29.580000000000002,0.44910386018949533,0.36669176632616635,0.0,2.4658447754320254,0.0,0.0,0.0,0.9864759999102044,0.6
29.59,0.4486976557696306,0.366360101806189,0.0,2.4670319633117592,0.0,0.0,0.0,0.9867424521576419,0.6
29.6,0.44829164308684194,0.36602859383887876,0.0,2.4682183729918554,0.0,0.0,0.0,0.9870087644653506,0.6
29.61,0.4478858230214522,0.3656972431430162,0.0,2.4694040042526284,0.0,0.0,0.0,0.9872749362514359,0.6
29.62,0.4474801964475464,0.36536605043228865,0.0,2.470588856954941,0.0,0.0,0.0,0.9875409669347774,0.6
29.63,0.4470747642330042,0.365035016415317,0.0,2.471772932908916,0.0,0.0,0.0,0.9878068562357435,0.6
29.64,0.4466695272395337,0.3647041417956828,0.0,2.4729562302865755,0.0,0.0,0.0,0.988072603270721,0.6
29.650000000000002,0.44626448632270266,0.36437342727195443,0.0,2.4741387492690703,0.0,0.0,0.0,0.988338207466666,0.6
29.66,0.44585964233197256,0.36404287353771425,0.0,2.475320490306797,0.0,0.0,0.0,0.9886036682926598,0.6
29.67,0.44545499611072975,0.3637124812815841,0.0,2.4765014536928525,0.0,0.0,0.0,0.98886898518123,0.6
29.68,0.4450505484963184,0.3633822511872529,0.0,2.477681560609658,0.0,0.0,0.0,0.9891341443245945,0.6
29.69,0.44464630032007185,0.36305218393350125,0.0,2.4788608984780574,0.0,0.0,0.0,0.9893991596776938,0.6
29.7,0.4442422524073453,0.3627222801942291,0.0,2.480039462457692,0.0,0.0,0.0,0.9896640298426976,0.6
29.71,0.4438384055775464,0.36239254063847975,0.0,2.4812172480965327,0.0,0.0,0.0,0.9899287533777493,0.6
29.72,0.4434347606441678,0.36206296593046733,0.0,2.4823942616310513,0.0,0.0,0.0,0.990193330642547,0.6
29.73,0.443031318414818,0.3617335567296014,0.0,2.483570509023573,0.0,0.0,0.0,0.9904577619736307,0.6
29.740000000000002,0.44262807969125306,0.36140431369051296,0.0,2.4847460100865186,0.0,0.0,0.0,0.9907220501100834,0.6
29.75,0.4422250452694065,0.36107523746307896,0.0,2.4859208444844887,0.0,0.0,0.0,0.9909862081019448,0.6
29.76,0.4418222159394215,0.3607463286924488,0.0,2.4870947891759827,0.0,0.0,0.0,0.9912501967998317,0.6
29.77,0.44141959248568113,0.3604175880190685,0.0,2.4882679777931,0.0,0.0,0.0,0.9915140385386289,0.6
29.78,0.4410171756868386,0.3600890160787057,0.0,2.4894405207962667,0.0,0.0,0.0,0.991777752091684,0.6
29.79,0.44061496631584857,0.3597606135024753,0.0,2.4906121762831033,0.0,0.0,0.0,0.992041294563332,0.6
29.8,0.4402129651399964,0.3594323809168631,0.0,2.491783069597294,0.0,0.0,0.0,0.9923046870951134,0.6
29.810000000000002,0.4398111729209291,0.3591043189437511,0.0,2.492953226867525,0.0,0.0,0.0,0.9925679338058976,0.6
29.82,0.4394095904146846,0.3587764282004421,0.0,2.494122605169405,0.0,0.0,0.0,0.9928310264614855,0.6
29.830000000000002,0.4390082183717221,0.35844870929968325,0.0,2.495291224434133,0.0,0.0,0.0,0.9930939679271077,0.6
29.84,0.43860705753695184,0.35812116284969125,0.0,2.4964590880228426,0.0,0.0,0.0,0.9933567581873849,0.6
29.85,0.43820610864976406,0.3577937894541756,0.0,2.4976261982042804,0.0,0.0,0.0,0.9936193970346081,0.6
29.86,0.43780537244405865,0.35746658971236334,0.0,2.4987925570570653,0.0,0.0,0.0,0.9938818842315044,0.6
29.87,0.43740484964827486,0.3571395642190222,0.0,2.49995816640636,0.0,0.0,0.0,0.9941442195062061,0.6
29.88,0.43700454098541947,0.3568127135644851,0.0,2.5011230277378482,0.0,0.0,0.0,0.9944064025418702,0.6
29.89,0.43660444717309616,0.3564860383346727,0.0,2.5022871423921096,0.0,0.0,0.0,0.9946684330072109,0.6
29.900000000000002,0.43620456892353465,0.35615953911111836,0.0,2.5034505886500273,0.0,0.0,0.0,0.994930324672567,0.6
29.91,0.4358049069436186,0.3558332164709901,0.0,2.5046132941110635,0.0,0.0,0.0,0.9951920637656588,0.6
29.92,0.4354054619349151,0.355507070987115,0.0,2.5057752585350395,0.0,0.0,0.0,0.9954536496551729,0.6
29.93,0.4350062345937015,0.35518110322800117,0.0,2.506936478726817,0.0,0.0,0.0,0.9957150812651355,0.6
29.94,0.43460722561099535,0.3548553137578622,0.0,2.5080969555422277,0.0,0.0,0.0,0.9959763583049979,0.6
29.95,0.4342084356725814,0.3545297031366388,0.0,2.5092566900252566,0.0,0.0,0.0,0.9962374805253011,0.6
29.96,0.43380986545903966,0.3542042719200224,0.0,2.5104156832486875,0.0,0.0,0.0,0.9964984476932448,0.6
29.97,0.43341151564577335,0.3538790206594772,0.0,2.51157393804949,0.0,0.0,0.0,0.9967592599129926,0.6
29.98,0.4330133869030367,0.3535539499022636,0.0,2.5127314536742107,0.0,0.0,0.0,0.9970199166361067,0.6
29.990000000000002,0.43261547989596183,0.35322906019145983,0.0,2.5138882308043664,0.0,0.0,0.0,0.9972804175948171,0.6
30.0,0.4322177952845868,0.3529043520659845,0.0,2.515044270032095,0.0,0.0,0.0,0.9975407625179336,0.6
30.01,0.4318203337238826,0.3525798260606193,0.0,2.5161995719741306,0.0,0.0,0.0,0.997800951156886,0.6
30.02,0.43142309586378,0.3522554827060306,0.0,2.5173541371931654,0.0,0.0,0.0,0.9980609832664096,0.6
30.03,0.4310260823491969,0.35193132252879133,0.0,2.5185079661703513,0.0,0.0,0.0,0.9983208586017197,0.6
30.04,0.4306292938200648,0.3516073460514036,0.0,2.5196610593357773,0.0,0.0,0.0,0.9985805769225039,0.6
30.05,0.4302327309113554,0.3512835537923197,0.0,2.5208134170077234,0.0,0.0,0.0,0.9988401379861669,0.6
30.060000000000002,0.4298363942531077,0.3509599462659641,0.0,2.521965039519938,0.0,0.0,0.0,0.9990995415655385,0.6
30.07,0.42944028447045396,0.35063652398275535,0.0,2.5231159270727863,0.0,0.0,0.0,0.9993587874209422,0.6
30.080000000000002,0.429044402183646,0.35031328744912676,0.0,2.5242660798088643,0.0,0.0,0.0,0.9996178753226778,0.6
30.09,0.4286487480080813,0.3499902371675484,0.0,2.525415497836205,0.0,0.0,0.0,0.9998768050449409,0.6
30.1,0.4282533225543294,0.3496673736365482,0.0,2.5265641811656785,0.0,0.0,0.0,1.0001355763621276,0.6
30.11,0.4278581264281573,0.3493446973507328,0.0,2.527712129790335,0.0,0.0,0.0,1.0003941890555759,0.6
30.12,0.42746316023055536,0.3490222088008088,0.0,2.528859343598905,0.0,0.0,0.0,1.000652642906924,0.6
30.13,0.42706842455776317,0.3486999084736036,0.0,2.530005822438753,0.0,0.0,0.0,1.0009109376993517,0.6
30.14,0.4266739200012945,0.3483777968520866,0.0,2.5311515660907293,0.0,0.0,0.0,1.001169073219552,0.6
30.150000000000002,0.42627964714796335,0.3480558744153891,0.0,2.5322965742712893,0.0,0.0,0.0,1.0014270492552901,0.6
30.16,0.42588560657990865,0.34773414163882554,0.0,2.5334408466522356,0.0,0.0,0.0,1.0016848656008637,0.6
30.17,0.4254917988746193,0.34741259899391386,0.0,2.5345843828139287,0.0,0.0,0.0,1.001942522045364,0.6
30.18,0.4250982246049597,0.3470912469483957,0.0,2.535727182322315,0.0,0.0,0.0,1.0022000183875508,0.6
30.19,0.4247048843391939,0.3467700859662567,0.0,2.5368692446472227,0.0,0.0,0.0,1.0024573544209159,0.6
30.2,0.4243117786410112,0.34644911650774735,0.0,2.538010569226642,0.0,0.0,0.0,1.0027145299454288,0.6
30.21,0.4239189080695496,0.34612833902940193,0.0,2.539151155431571,0.0,0.0,0.0,1.0029715447594354,0.6
30.22,0.4235262731794215,0.3458077539840594,0.0,2.5402910025624905,0.0,0.0,0.0,1.0032283986598585,0.6
30.23,0.423133874520737,0.34548736182088285,0.0,2.5414301098981684,0.0,0.0,0.0,1.0034850914499764,0.6
30.240000000000002,0.4227417126391287,0.3451671629853795,0.0,2.542568401042021,0.0,0.0,0.0,1.003741608218749,0.6
30.25,0.4223497880757758,0.34484715791942017,0.0,2.5437059491933502,0.0,0.0,0.0,1.0039979632507694,0.6
30.26,0.42195810136742784,0.34452734706125926,0.0,2.5448427639190587,0.0,0.0,0.0,1.0042541584450961,0.6
30.27,0.4215666530464286,0.34420773084555345,0.0,2.5459788294417485,0.0,0.0,0.0,1.0045101906640186,0.6
30.28,0.4211754436407401,0.343888309703382,0.0,2.5471141497907794,0.0,0.0,0.0,1.004766060624652,0.6
30.29,0.4207844736739657,0.34356908406226533,0.0,2.548248725656956,0.0,0.0,0.0,1.0050217684301075,0.6
30.3,0.4203937436653743,0.34325005434618455,0.0,2.5493825561922208,0.0,0.0,0.0,1.0052773138911129,0.6
30.310000000000002,0.4200032541299231,0.34293122097560064,0.0,2.55051564063391,0.0,0.0,0.0,1.005532696840837,0.6
30.32,0.4196130055782812,0.34261258436747305,0.0,2.5516479782114376,0.0,0.0,0.0,1.0057879171213162,0.6
30.330000000000002,0.41922299851685263,0.34229414493527893,0.0,2.552779568100274,0.0,0.0,0.0,1.006042974573945,0.6
30.34,0.4188332334477993,0.3419759030890318,0.0,2.553910409416698,0.0,0.0,0.0,1.0062978690366833,0.6
30.35,0.41844371086906407,0.34165785923530034,0.0,2.555040501273902,0.0,0.0,0.0,1.0065526003535885,0.6
30.36,0.41805443127439346,0.3413400137772269,0.0,2.556169842806401,0.0,0.0,0.0,1.0068071683820823,0.6
30.37,0.41766539515336026,0.34102236711454587,0.0,2.5572984330860478,0.0,0.0,0.0,1.007061572973527,0.6
30.38,0.41727660299138614,0.3407049196436026,0.0,2.5584262712557546,0.0,0.0,0.0,1.0073158139980443,0.6
30.39,0.41688805526976447,0.3403876717573713,0.0,2.5595533564295248,0.0,0.0,0.0,1.007569891329904,0.6
30.400000000000002,0.41649975246568194,0.3400706238454732,0.0,2.5606796877233142,0.0,0.0,0.0,1.0078238048451051,0.6
30.41,0.41611169505224105,0.3397537762941951,0.0,2.5618052643133202,0.0,0.0,0.0,1.0080775544390377,0.6
30.42,0.4157238834984827,0.33943712948650717,0.0,2.5629300852973254,0.0,0.0,0.0,1.0083311399946198,0.6
30.43,0.4153363182694073,0.3391206838020806,0.0,2.564054168981846,0.0,0.0,0.0,1.0085845651409395,0.6
30.44,0.41494899982599787,0.33880443961730655,0.0,2.5651774670079934,0.0,0.0,0.0,1.0088378205027093,0.6
30.45,0.41456192862524033,0.33848839730531244,0.0,2.5663000201782236,0.0,0.0,0.0,1.0090909141201054,0.6
30.46,0.41417510512014627,0.33817255723598066,0.0,2.567421804585626,0.0,0.0,0.0,1.009343841422628,0.6
30.47,0.4137885297597741,0.3378569197759659,0.0,2.5685428212973433,0.0,0.0,0.0,1.0095966027011845,0.6
30.48,0.41340220298925073,0.3375414852887127,0.0,2.5696631833070294,0.0,0.0,0.0,1.0098492200456068,0.6
30.490000000000002,0.4130161252497924,0.33722625413447277,0.0,2.5707826528758235,0.0,0.0,0.0,1.010101647129117,0.6
30.5,0.4126302969787266,0.33691122667032225,0.0,2.571901376478267,0.0,0.0,0.0,1.0103539126223824,0.6
30.51,0.4122447186095124,0.33659640325017914,0.0,2.573019323497417,0.0,0.0,0.0,1.0106060107847996,0.6
30.52,0.4118593905717621,0.3362817842248204,0.0,2.574136609264723,0.0,0.0,0.0,1.0108579641387494,0.6
30.53,0.41147431329126194,0.33596736994189913,0.0,2.575253001314395,0.0,0.0,0.0,1.011109727411521,0.6
30.54,0.4110894871899929,0.3356531607459612,0.0,2.5763687380479285,0.0,0.0,0.0,1.011361347092122,0.6
30.55,0.4107049126861511,0.33533915697846245,0.0,2.577483583276181,0.0,0.0,0.0,1.0116127773788206,0.6
30.560000000000002,0.410320590194169,0.3350253589777854,0.0,2.578597657239882,0.0,0.0,0.0,1.0118640417838598,0.6
30.57,0.4099365201247352,0.334711767079256,0.0,2.5797109356056778,0.0,0.0,0.0,1.0121151357876692,0.6
30.580000000000002,0.4095527028848155,0.3343983816151605,0.0,2.5808234316700265,0.0,0.0,0.0,1.0123660620744674,0.6
30.59,0.4091691388776724,0.33408520291476124,0.0,2.5819351452083668,0.0,0.0,0.0,1.0126168206630781,0.6
30.6,0.4087858285028863,0.33377223130431416,0.0,2.5830460759735874,0.0,0.0,0.0,1.0128674115572824,0.6
30.61,0.40840277215637416,0.33345946710708435,0.0,2.5841562230667448,0.0,0.0,0.0,1.0131178346299323,0.6
30.62,0.408019970230411,0.3331469106433628,0.0,2.5852655852129054,0.0,0.0,0.0,1.0133680896800505,0.6
30.63,0.4076374231136487,0.3328345622304827,0.0,2.58637416086894,0.0,0.0,0.0,1.013618176454352,0.6
30.64,0.40725513119113615,0.3325224221828349,0.0,2.5874819482481057,0.0,0.0,0.0,1.0138680946499752,0.6
30.650000000000002,0.406873094844339,0.33221049081188486,0.0,2.5885889455164666,0.0,0.0,0.0,1.0141178439566867,0.6
30.66,0.4064913144511588,0.33189876842618804,0.0,2.5896951509801043,0.0,0.0,0.0,1.0143674240873892,0.6
30.67,0.40610979038595324,0.33158725533140604,0.0,2.590800563021947,0.0,0.0,0.0,1.0146168347683482,0.6
30.68,0.40572852301955453,0.3312759518303222,0.0,2.5919051803430397,0.0,0.0,0.0,1.014866075784996,0.6
30.69,0.40534751271928965,0.3309648582228577,0.0,2.5930090018301457,0.0,0.0,0.0,1.0151151469542015,0.6
30.7,0.40496675984899877,0.3306539748060868,0.0,2.594112026412013,0.0,0.0,0.0,1.0153640480959294,0.6
30.71,0.4045862647690547,0.33034330187425265,0.0,2.5952142531021183,0.0,0.0,0.0,1.0156127790424425,0.6
30.72,0.40420602783638176,0.3300328397187828,0.0,2.5963156809246852,0.0,0.0,0.0,1.0158613396196983,0.6
30.73,0.4038260494044747,0.32972258862830434,0.0,2.5974163088566256,0.0,0.0,0.0,1.016109729643156,0.6
30.740000000000002,0.4034463298234173,0.32941254888865973,0.0,2.598516135907672,0.0,0.0,0.0,1.016357948928607,0.6
30.75,0.40306686943990133,0.32910272078292147,0.0,2.599615161105699,0.0,0.0,0.0,1.0166059972882786,0.6
30.76,0.4026876685972454,0.328793104591408,0.0,2.600713383467761,0.0,0.0,0.0,1.0168538745299183,0.6
30.77,0.4023087276354126,0.328483700591698,0.0,2.601810802055141,0.0,0.0,0.0,1.0171015804631496,0.6
30.78,0.4019300468910294,0.328174509058646,0.0,2.6029074159218215,0.0,0.0,0.0,1.0173491148932405,0.6
30.79,0.4015516266974045,0.32786553026439713,0.0,2.604003224201213,0.0,0.0,0.0,1.0175964776334188,0.6
30.8,0.4011734673845458,0.327556764478402,0.0,2.605098226032762,0.0,0.0,0.0,1.017843668494987,0.6
30.810000000000002,0.40079556927917964,0.3272482119674315,0.0,2.6061924205699336,0.0,0.0,0.0,1.0180906872867266,0.6
30.82,0.4004179327047683,0.3269398729955913,0.0,2.6072858070502565,0.0,0.0,0.0,1.0183375338285439,0.6
30.830000000000002,0.40004055798152827,0.32663174782433735,0.0,2.6083783846776027,0.0,0.0,0.0,1.0185842079302083,0.6
30.84,0.39966344542644777,0.32632383671248916,0.0,2.6094701527379214,0.0,0.0,0.0,1.0188307094101292,0.6
30.85,0.39928659535330446,0.3260161399162453,0.0,2.610561110547116,0.0,0.0,0.0,1.019077038090346,0.6
30.86,0.39891000807268373,0.3257086576891976,0.0,2.611651257449415,0.0,0.0,0.0,1.0193231937923704,0.6
30.87,0.39853368389199545,0.32540139028234516,0.0,2.6127405928318996,0.0,0.0,0.0,1.019569176341171,0.6
30.88,0.3981576231154919,0.325094337944109,0.0,2.6138291161090437,0.0,0.0,0.0,1.0198149855640515,0.6
30.89,0.39778182604428536,0.3247875009203462,0.0,2.6149168267341136,0.0,0.0,0.0,1.020060621290292,0.6
30.900000000000002,0.3974062929763649,0.3244808794543639,0.0,2.6160037241581056,0.0,0.0,0.0,1.0203060833438813,0.6
30.91,0.3970310242066143,0.32417447378693354,0.0,2.6170898079433362,0.0,0.0,0.0,1.0205513715673733,0.6
30.92,0.39665602002682826,0.3238682841563047,0.0,2.6181750776669874,0.0,0.0,0.0,1.0207964858020495,0.6
30.93,0.39628128072573027,0.323562310798219,0.0,2.6192595330021513,0.0,0.0,0.0,1.0210414259037792,0.6
30.94,0.3959068065889895,0.3232565539459243,0.0,2.620343198729752,0.0,0.0,0.0,1.0212861966395472,0.6
30.95,0.39553259789923684,0.32295101383018776,0.0,2.621426031724431,0.0,0.0,0.0,1.0215307894538914,0.6
30.96,0.3951586549360829,0.32264569067931054,0.0,2.6225080513925567,0.0,0.0,0.0,1.02177520805349,0.6
30.970000000000002,0.3947849779761336,0.32234058471914045,0.0,2.6235892610205367,0.0,0.0,0.0,1.0220194530187081,0.6
30.98,0.39441156729300786,0.32203569617308636,0.0,2.6246696467335715,0.0,0.0,0.0,1.0222635215264169,0.6
30.990000000000002,0.3940384231573527,0.32173102526213077,0.0,2.625749216721176,0.0,0.0,0.0,1.022507415094682,0.6
31.0,0.393665545836862,0.32142657220484455,0.0,2.626827969520189,0.0,0.0,0.0,1.022751133344679,0.6
31.01,0.39329293559628997,0.3211223372173989,0.0,2.6279059011374626,0.0,0.0,0.0,1.0229946753897698,0.6
31.02,0.3929205926974699,0.3208183205135795,0.0,2.6289830141827264,0.0,0.0,0.0,1.0232380416403886,0.6
31.03,0.39254851739932867,0.3205145223047996,0.0,2.6300593075047596,0.0,0.0,0.0,1.0234812317615083,0.6
31.04,0.39217670995790416,0.3202109428001129,0.0,2.6311347797279887,0.0,0.0,0.0,1.0237242453742557,0.6
31.05,0.3918051706263603,0.3199075822062272,0.0,2.6322094311151454,0.0,0.0,0.0,1.0239670824201212,0.6
31.060000000000002,0.39143389965500347,0.3196044407275167,0.0,2.6332832614363664,0.0,0.0,0.0,1.0242097427358239,0.6
31.07,0.3910628972912986,0.31930151856603556,0.0,2.6343562700295973,0.0,0.0,0.0,1.0244522260741282,0.6
31.080000000000002,0.3906921637798843,0.31899881592153045,0.0,2.6354284569810544,0.0,0.0,0.0,1.0246945323275685,0.6
31.09,0.39032169936258915,0.3186963329914536,0.0,2.6364998215639917,0.0,0.0,0.0,1.024936661231547,0.6
31.1,0.38995150427844727,0.31839406997097547,0.0,2.63757036339838,0.0,0.0,0.0,1.025178612580666,0.6
31.11,0.38958157876371347,0.31809202705299733,0.0,2.6386400829213166,0.0,0.0,0.0,1.0254203863315219,0.6
31.12,0.3892119230518791,0.3177902044281642,0.0,2.6397089792472452,0.0,0.0,0.0,1.02566198218065,0.6
31.13,0.3888425373736873,0.31748860228487685,0.0,2.640777052112938,0.0,0.0,0.0,1.0259033999347626,0.6
31.14,0.3884734219571484,0.31718722080930517,0.0,2.641844426007485,0.0,0.0,0.0,1.026144664200267,0.6
31.150000000000002,0.38810457702755524,0.31688606018539983,0.0,2.6429108520733924,0.0,0.0,0.0,1.0263857252506599,0.6
31.16,0.387736002807498,0.31658512059490496,0.0,2.6439764545303364,0.0,0.0,0.0,1.0266266076655668,0.6
31.17,0.38736769951687966,0.3162844022173707,0.0,2.6450412412786672,0.0,0.0,0.0,1.026867313043743,0.6
31.18,0.3869996673729305,0.3159839052301647,0.0,2.6461052217497354,0.0,0.0,0.0,1.0271078431518934,0.6
31.19,0.38663190659022384,0.31568362980848536,0.0,2.647168368255069,0.0,0.0,0.0,1.0273481922612573,0.6
31.2,0.3862644173806899,0.31538357612537293,0.0,2.6482306911288447,0.0,0.0,0.0,1.0275883622784776,0.6
31.21,0.3858971999536314,0.3150837443517226,0.0,2.649292199122156,0.0,0.0,0.0,1.027828354824266,0.6
31.220000000000002,0.38553025451573797,0.31478413465629557,0.0,2.650352872936474,0.0,0.0,0.0,1.0280681658848172,0.6
31.23,0.3851635812711008,0.31448474720573166,0.0,2.651412852077423,0.0,0.0,0.0,1.0283078232632563,0.6
31.240000000000002,0.3847971804212266,0.3141855821645604,0.0,2.6524718847828246,0.0,0.0,0.0,1.0285472762510963,0.6
31.25,0.3844310521650536,0.31388663969521396,0.0,2.653530117808239,0.0,0.0,0.0,1.02878655413333,0.6
31.26,0.38406519669896405,0.31358791995803814,0.0,2.654587617294334,0.0,0.0,0.0,1.0290256702048954,0.6
31.27,0.3836996142167998,0.313289423111304,0.0,2.6556442260808306,0.0,0.0,0.0,1.0292645926641635,0.6
31.28,0.3833343049098768,0.31299114931122024,0.0,2.6566999940820626,0.0,0.0,0.0,1.0295033313681972,0.6
31.29,0.38296926896699773,0.3126930987119437,0.0,2.6577550533623233,0.0,0.0,0.0,1.0297419128956484,0.6
31.3,0.38260450657446776,0.31239527146559204,0.0,2.6588092029476673,0.0,0.0,0.0,1.0299802965605829,0.6
31.310000000000002,0.3822400179161079,0.3120976677222543,0.0,2.6598625096920894,0.0,0.0,0.0,1.0302184956633829,0.6
31.32,0.38187580317326897,0.3118002876300028,0.0,2.660914995825872,0.0,0.0,0.0,1.0304565146987097,0.6
31.330000000000002,0.38151186252484515,0.3115031313349041,0.0,2.6619666594389084,0.0,0.0,0.0,1.0306943531917616,0.6
31.34,0.3811481961472885,0.3112061989810307,0.0,2.663017618661808,0.0,0.0,0.0,1.030932034875276,0.6
31.35,0.3807848042146227,0.31090949071047236,0.0,2.664067631449993,0.0,0.0,0.0,1.0311695105116583,0.6
31.36,0.38042168689845574,0.31061300666334635,0.0,2.6651168361475324,0.0,0.0,0.0,1.031406807983627,0.6
31.37,0.380058844367995,0.31031674697781003,0.0,2.6661652261667763,0.0,0.0,0.0,1.0316439259730972,0.6
31.38,0.37969627679005946,0.3100207117900704,0.0,2.6672129051268825,0.0,0.0,0.0,1.0318808853708632,0.6
31.39,0.37933398432909377,0.309724901234396,0.0,2.6682596393695084,0.0,0.0,0.0,1.0321176384734738,0.6
31.400000000000002,0.37897196714718207,0.30942931544312796,0.0,2.6693055723696206,0.0,0.0,0.0,1.0323542143102356,0.6
31.41,0.37861022540406036,0.30913395454669024,0.0,2.670350777672439,0.0,0.0,0.0,1.0325906278570396,0.6
31.42,0.37824875925713075,0.3088388186736011,0.0,2.6713950618153297,0.0,0.0,0.0,1.0328268395271802,0.6
31.43,0.37788756886147395,0.3085439079504834,0.0,2.672438537232962,0.0,0.0,0.0,1.0330628720761812,0.6
31.44,0.3775266543698628,0.3082492225020757,0.0,2.673481285382113,0.0,0.0,0.0,1.0332987421111144,0.6
31.45,0.37716601593277505,0.30795476245124237,0.0,2.6745231150807824,0.0,0.0,0.0,1.0335344104225765,0.6
31.46,0.3768056536984067,0.3076605279189851,0.0,2.675564138550553,0.0,0.0,0.0,1.033769899786187,0.6
31.470000000000002,0.37644556781268457,0.30736651902445267,0.0,2.6766044541296568,0.0,0.0,0.0,1.0340052302936686,0.6
31.48,0.3760857584192796,0.3070727358849518,0.0,2.6776438254240187,0.0,0.0,0.0,1.0342403533922115,0.6
31.490000000000002,0.37572622565961905,0.3067791786159575,0.0,2.678682399709888,0.0,0.0,0.0,1.0344752990912114,0.6
31.5,0.3753669696729002,0.30648584733112366,0.0,2.679720242549274,0.0,0.0,0.0,1.0347100808534393,0.6
31.51,0.37500799059610174,0.30619274214229314,0.0,2.680757167147905,0.0,0.0,0.0,1.0349446602019952,0.6
31.52,0.37464928856399726,0.305899863159508,0.0,2.681793286329235,0.0,0.0,0.0,1.0351790601517763,0.6
31.53,0.3742908637091677,0.30560721049102024,0.0,2.6828286996397135,0.0,0.0,0.0,1.0354133011371562,0.6
31.54,0.3739327161620139,0.30531478424330155,0.0,2.6838631695539403,0.0,0.0,0.0,1.0356473341806782,0.6
31.55,0.3735748460507685,0.30502258452105346,0.0,2.684896844686679,0.0,0.0,0.0,1.035881189704844,0.6
31.560000000000002,0.37321725350150864,0.3047306114272176,0.0,2.685929809291328,0.0,0.0,0.0,1.036114885075791,0.6
31.57,0.3728599386381686,0.30443886506298573,0.0,2.686961830755958,0.0,0.0,0.0,1.0363483722345612,0.6
31.580000000000002,0.37250290158255106,0.3041473455278095,0.0,2.6879930549724165,0.0,0.0,0.0,1.0365816811113904,0.6
31.59,0.37214614245434036,0.3038560529194107,0.0,2.689023551327841,0.0,0.0,0.0,1.036814826051008,0.6
31.6,0.3717896613711138,0.30356498733379084,0.0,2.690053130330244,0.0,0.0,0.0,1.0370477678170582,0.6
31.61,0.3714334584483543,0.3032741488652413,0.0,2.6910819049038395,0.0,0.0,0.0,1.0372805295927008,0.6
31.62,0.3710775337994617,0.30298353760635255,0.0,2.692109974653814,0.0,0.0,0.0,1.037513131960411,0.6
31.63,0.3707218875357652,0.30269315364802457,0.0,2.6931371027070736,0.0,0.0,0.0,1.0377455258252222,0.6
31.64,0.3703665197665349,0.3024029970794761,0.0,2.6941634356941124,0.0,0.0,0.0,1.0379777413869096,0.6
31.650000000000002,0.37001143059899394,0.30211306798825455,0.0,2.6951890386209993,0.0,0.0,0.0,1.0382097921423858,0.6
31.66,0.36965662013833,0.301823366460245,0.0,2.6962137265429145,0.0,0.0,0.0,1.0384416396768172,0.6
31.67,0.36930208848770707,0.3015338925796807,0.0,2.6972376091616117,0.0,0.0,0.0,1.0386733066030973,0.6
31.68,0.3689478357482765,0.30124464642915144,0.0,2.6982607892573434,0.0,0.0,0.0,1.03890481423643,0.6
31.69,0.36859386201918964,0.3009556280896138,0.0,2.6992830285328573,0.0,0.0,0.0,1.0391361130424503,0.6
31.7,0.36824016739760856,0.3006668376404004,0.0,2.700304472302646,0.0,0.0,0.0,1.0393672330562007,0.6
31.71,0.36788675197871773,0.3003782751592288,0.0,2.7013251880609643,0.0,0.0,0.0,1.039598188341597,0.6
31.720000000000002,0.36753361585573496,0.3000899407222113,0.0,2.7023449896142706,0.0,0.0,0.0,1.0398289401235408,0.6
31.73,0.3671807591199235,0.29980183440386393,0.0,2.7033639842211836,0.0,0.0,0.0,1.0400595105870079,0.6
31.740000000000002,0.36682818186060284,0.2995139562771158,0.0,2.7043822572019653,0.0,0.0,0.0,1.040289917496838,0.6
31.75,0.3664758841651598,0.2992263064133178,0.0,2.705399617208552,0.0,0.0,0.0,1.0405201209604298,0.6
31.76,0.36612386611906006,0.2989388848822525,0.0,2.7064161722145204,0.0,0.0,0.0,1.040750143342295,0.6
31.77,0.3657721278058586,0.2986516917521423,0.0,2.7074320242995134,0.0,0.0,0.0,1.0409800059145211,0.6
31.78,0.36542066930721173,0.29836472708965905,0.0,2.7084469373284104,0.0,0.0,0.0,1.041209659411338,0.6
31.79,0.3650694907028873,0.2980779909599332,0.0,2.709461050878933,0.0,0.0,0.0,1.0414391328163684,0.6
31.8,0.36471859207077534,0.2977914834265617,0.0,2.71047444415347,0.0,0.0,0.0,1.0416684427025986,0.6
31.810000000000002,0.36436797348690037,0.29750520455161805,0.0,2.7114869532766255,0.0,0.0,0.0,1.0418975548090788,0.6
31.82,0.3640176350254304,0.2972191543956604,0.0,2.7124986330786323,0.0,0.0,0.0,1.042126480461864,0.6
31.830000000000002,0.3636675767586887,0.2969333330177403,0.0,2.7135096008058266,0.0,0.0,0.0,1.04235524415355,0.6
31.84,0.36331779875716436,0.29664774047541187,0.0,2.7145196378356964,0.0,0.0,0.0,1.042583800219047,0.6
31.85,0.3629683010895231,0.29636237682474065,0.0,2.7155288552880035,0.0,0.0,0.0,1.0428121717945857,0.6
31.86,0.3626190838226174,0.2960772421203112,0.0,2.716537289644772,0.0,0.0,0.0,1.043040366598021,0.6
31.87,0.3622701470214971,0.29579233641523667,0.0,2.7175448830058526,0.0,0.0,0.0,1.0432683724833742,0.6
31.88,0.3619214907494206,0.29550765976116716,0.0,2.718551660292727,0.0,0.0,0.0,1.0434961945726628,0.6
31.89,0.3615731150678642,0.29522321220829795,0.0,2.7195577500601815,0.0,0.0,0.0,1.0437238596749279,0.6
31.900000000000002,0.3612250200365331,0.29493899380537814,0.0,2.7205629011088828,0.0,0.0,0.0,1.0439513151538689,0.6
31.91,0.36087720571337184,0.2946550045997193,0.0,2.721567263287108,0.0,0.0,0.0,1.0441785922723976,0.6
31.92,0.3605296721545742,0.29437124463720343,0.0,2.722570914090692,0.0,0.0,0.0,1.0444057073296706,0.6
31.93,0.3601824194145933,0.2940877139622914,0.0,2.723573628032218,0.0,0.0,0.0,1.0446326130444346,0.6
31.94,0.35983544754615276,0.29380441261803153,0.0,2.724575534247343,0.0,0.0,0.0,1.0448593364014735,0.6
31.95,0.3594887566002553,0.2935213406460677,0.0,2.725576645406763,0.0,0.0,0.0,1.0450858801770242,0.6
31.96,0.3591423466261938,0.29323849808664715,0.0,2.7265769221777507,0.0,0.0,0.0,1.045312236093369,0.6
31.970000000000002,0.3587962176715611,0.2929558849786295,0.0,2.727576387534661,0.0,0.0,0.0,1.0455384088963395,0.6
31.98,0.35845036978226,0.2926735013594941,0.0,2.728575160929851,0.0,0.0,0.0,1.0457644235610961,0.6
31.990000000000002,0.3581048030025127,0.29239134726534827,0.0,2.729572997407604,0.0,0.0,0.0,1.0459902286210152,0.6
32.0,0.3577595173748715,0.29210942273093576,0.0,2.7305700416872343,0.0,0.0,0.0,1.0462158543770494,0.6
32.01,0.3574145129402277,0.29182772778964416,0.0,2.7315663590592747,0.0,0.0,0.0,1.046441314616253,0.6
32.02,0.3570697897378221,0.2915462624735136,0.0,2.7325617949220753,0.0,0.0,0.0,1.0466665768187662,0.6
32.03,0.35672534780525417,0.2912650268132437,0.0,2.733556397034152,0.0,0.0,0.0,1.046891650948822,0.6
32.04,0.3563811871784918,0.2909840208382023,0.0,2.7345501775921113,0.0,0.0,0.0,1.0471165396629958,0.6
32.05,0.35603730789188115,0.2907032445764329,0.0,2.73554315552625,0.0,0.0,0.0,1.0473412469590562,0.6
32.06,0.35569370997815614,0.2904226980546624,0.0,2.7365354320480213,0.0,0.0,0.0,1.0475657940197538,0.6
32.07,0.35535039346844743,0.2901423812983092,0.0,2.737526772386106,0.0,0.0,0.0,1.047790131401943,0.6
32.08,0.3550073583922928,0.2898622943314907,0.0,2.7385173050562424,0.0,0.0,0.0,1.048014286087587,0.6
32.09,0.35466460477764566,0.2895824371770307,0.0,2.739507046719061,0.0,0.0,0.0,1.048238261708295,0.6
32.1,0.354322132650885,0.2893028098564676,0.0,2.740495956025343,0.0,0.0,0.0,1.0484620495479255,0.6
32.11,0.3539799420368245,0.28902341239006163,0.0,2.741484052654487,0.0,0.0,0.0,1.048685653679268,0.6
32.12,0.3536380329587213,0.2887442447968023,0.0,2.7424713451398315,0.0,0.0,0.0,1.048909075885017,0.6
32.13,0.3532964054382865,0.2884653070944165,0.0,2.7434578093699082,0.0,0.0,0.0,1.0491323110527058,0.6
32.14,0.35295505949569284,0.2881865992993752,0.0,2.7444435882446063,0.0,0.0,0.0,1.0493553891909098,0.6
32.15,0.3526139951495846,0.2879081214269014,0.0,2.7454284334022216,0.0,0.0,0.0,1.0495782579234874,0.6
32.160000000000004,0.3522732124170868,0.2876298734909778,0.0,2.7464124863929023,0.0,0.0,0.0,1.0498009470109118,0.6
32.17,0.3519327113138136,0.28735185550435305,0.0,2.747395814606351,0.0,0.0,0.0,1.050023470751592,0.6
32.18,0.35159249185387803,0.28707406747855063,0.0,2.748378259796315,0.0,0.0,0.0,1.0502457957319877,0.6
32.19,0.35125255404990013,0.28679650942387463,0.0,2.749359883773094,0.0,0.0,0.0,1.0504679349141348,0.6
32.2,0.3509128979130166,0.28651918134941806,0.0,2.7503407773018678,0.0,0.0,0.0,1.0506899075079768,0.6
32.21,0.35057352345288895,0.2862420832630696,0.0,2.7513208665516014,0.0,0.0,0.0,1.0509116978901085,0.6
32.22,0.3502344306777128,0.285965215171521,0.0,2.752300036141531,0.0,0.0,0.0,1.0511332816482835,0.6
32.230000000000004,0.3498956195942266,0.2856885770802741,0.0,2.75327840448041,0.0,0.0,0.0,1.0513546838655576,0.6
32.24,0.3495570902077197,0.2854121689936478,0.0,2.7542559525947494,0.0,0.0,0.0,1.051575900672774,0.6
32.25,0.34921884252204194,0.2851359909147852,0.0,2.7552327172488256,0.0,0.0,0.0,1.0517969397850433,0.6
32.26,0.3488808765396115,0.28486004284566074,0.0,2.756208656905543,0.0,0.0,0.0,1.0520177923574376,0.6
32.27,0.34854319226142383,0.28458432478708756,0.0,2.7571837766466585,0.0,0.0,0.0,1.0522384594096665,0.6
32.28,0.3482057896870602,0.2843088367387234,0.0,2.7581580993562693,0.0,0.0,0.0,1.052458945757621,0.6
32.29,0.3478686688146961,0.2840335786990787,0.0,2.759131597152595,0.0,0.0,0.0,1.0526792454862743,0.6
32.3,0.34753182964110935,0.28375855066552264,0.0,2.7601042863795784,0.0,0.0,0.0,1.0528993620096392,0.6
32.31,0.34719527216168933,0.2834837526342905,0.0,2.7610761686884713,0.0,0.0,0.0,1.0531192956576307,0.6
32.32,0.3468589963704441,0.28320918460049,0.0,2.7620472301138874,0.0,0.0,0.0,1.0533390434386614,0.6
32.33,0.3465230022600101,0.28293484655810885,0.0,2.7630176054813096,0.0,0.0,0.0,1.0535586337914054,0.6
32.34,0.3461872898216593,0.2826607385000205,0.0,2.7639870500536237,0.0,0.0,0.0,1.053778014861643,0.6
32.35,0.3458518590453081,0.28238686041799177,0.0,2.7649557028780767,0.0,0.0,0.0,1.0539972160191167,0.6
32.36,0.34551670991952477,0.28211321230268877,0.0,2.765923635316024,0.0,0.0,0.0,1.0542162524618985,0.6
32.37,0.3451818424315386,0.28183979414368426,0.0,2.7668906850176205,0.0,0.0,0.0,1.0544350897547612,0.6
32.38,0.34484725656724713,0.2815666059294635,0.0,2.7678569148018024,0.0,0.0,0.0,1.0546537411303558,0.6
32.39,0.34451295231122475,0.28129364764743164,0.0,2.768822420328477,0.0,0.0,0.0,1.054872226918778,0.6
32.4,0.34417892964673025,0.2810209192839195,0.0,2.7697871217806775,0.0,0.0,0.0,1.0550905301542584,0.6
32.410000000000004,0.3438451885557151,0.2807484208241906,0.0,2.770750907628375,0.0,0.0,0.0,1.0553086271168373,0.6
32.42,0.34351172901883126,0.2804761522524471,0.0,2.771713895415075,0.0,0.0,0.0,1.0555265428199172,0.6
32.43,0.34317855101543904,0.2802041135518371,0.0,2.7726760649871176,0.0,0.0,0.0,1.0557442731205633,0.6
32.44,0.3428456545236153,0.2799323047044601,0.0,2.7736374539800557,0.0,0.0,0.0,1.0559618259545125,0.6
32.45,0.34251303952016077,0.27966072569137423,0.0,2.7745980210895067,0.0,0.0,0.0,1.0561791924756243,0.6
32.46,0.3421807059806077,0.2793893764926016,0.0,2.7755577712019193,0.0,0.0,0.0,1.0563963736566138,0.6
32.47,0.34184865387922836,0.2791182570871355,0.0,2.7765167275459657,0.0,0.0,0.0,1.0566133744164865,0.6
32.480000000000004,0.3415168831890421,0.2788473674529464,0.0,2.777474861854095,0.0,0.0,0.0,1.0568301887222602,0.6
32.49,0.3411853938818229,0.27857670756698777,0.0,2.7784321906800904,0.0,0.0,0.0,1.0570468200408711,0.6
32.5,0.3408541859281075,0.2783062774052031,0.0,2.779388716040297,0.0,0.0,0.0,1.0572632687748533,0.6
32.51,0.34052325929720256,0.2780360769425313,0.0,2.7803444237800052,0.0,0.0,0.0,1.0574795318745192,0.6
32.52,0.3401926139571925,0.2777661061529134,0.0,2.781299448275086,0.0,0.0,0.0,1.0576956378191247,0.6
32.53,0.33986224987494634,0.2774963650092981,0.0,2.7822535467229788,0.0,0.0,0.0,1.05791153490385,0.6
32.54,0.33953216701612604,0.2772268534836484,0.0,2.783206857765497,0.0,0.0,0.0,1.0581272525494012,0.6
32.55,0.33920236534519316,0.27695757154694756,0.0,2.7841594497405433,0.0,0.0,0.0,1.0583428053834256,0.6
32.56,0.33887284482541685,0.2766885191692046,0.0,2.785111164408719,0.0,0.0,0.0,1.0585581596654365,0.6
32.57,0.3385436054188805,0.276419696319461,0.0,2.786062063719041,0.0,0.0,0.0,1.0587733285104264,0.6
32.58,0.3382146470864897,0.2761511029657962,0.0,2.7870122402792297,0.0,0.0,0.0,1.0589883316899389,0.6
32.59,0.33788596978797936,0.2758827390753339,0.0,2.787961618482949,0.0,0.0,0.0,1.0592031530462789,0.6
32.6,0.33755757348192,0.2756146046142471,0.0,2.7889100856879727,0.0,0.0,0.0,1.0594177684955668,0.6
32.61,0.3372294581257266,0.2753466995477653,0.0,2.7898577562646123,0.0,0.0,0.0,1.0596322025002387,0.6
32.62,0.33690162367566434,0.2750790238401791,0.0,2.7908046165886926,0.0,0.0,0.0,1.0598464522782611,0.6
32.63,0.33657407008685614,0.27481157745484663,0.0,2.7917506980684945,0.0,0.0,0.0,1.0600605244763186,0.6
32.64,0.3362467973132903,0.27454436035419943,0.0,2.792695961596672,0.0,0.0,0.0,1.060274410667527,0.6
32.65,0.3359198053078268,0.2742773724997477,0.0,2.7936404144241256,0.0,0.0,0.0,1.0604881123335632,0.6
32.660000000000004,0.3355930940222041,0.27401061385208636,0.0,2.7945840765657586,0.0,0.0,0.0,1.060701633722186,0.6
32.67,0.3352666634070472,0.2737440843709006,0.0,2.7955269212165934,0.0,0.0,0.0,1.0609149690786468,0.6
32.68,0.3349405134118736,0.2734777840149717,0.0,2.796469082645104,0.0,0.0,0.0,1.0611281469720062,0.6
32.69,0.3346146439851002,0.2732117127421824,0.0,2.7974103242405413,0.0,0.0,0.0,1.0613411168005527,0.6
32.7,0.3342890550740512,0.2729458705095229,0.0,2.798350777148794,0.0,0.0,0.0,1.0615539065152806,0.6
32.71,0.33396374662496353,0.2726802572730959,0.0,2.799290520869084,0.0,0.0,0.0,1.061766533186394,0.6
32.72,0.3336387185829942,0.27241487298812234,0.0,2.8002293887187286,0.0,0.0,0.0,1.061978961122213,0.6
32.730000000000004,0.33331397089222764,0.2721497176089473,0.0,2.801167446993754,0.0,0.0,0.0,1.06219120441121,0.6
32.74,0.33298950349568146,0.27188479108904473,0.0,2.802104786188325,0.0,0.0,0.0,1.062403282459739,0.6
32.75,0.3326653163353136,0.2716200933810237,0.0,2.803041331796499,0.0,0.0,0.0,1.0626151792689085,0.6
32.76,0.3323414093520292,0.2713556244366334,0.0,2.803976971312895,0.0,0.0,0.0,1.0628268706840636,0.6
32.77,0.3320177824856865,0.2710913842067682,0.0,2.8049118165225067,0.0,0.0,0.0,1.0630383807125767,0.6
32.78,0.3316944356751042,0.2708273726414738,0.0,2.8058458589473414,0.0,0.0,0.0,1.0632497076648884,0.6
32.79,0.33137136885806734,0.270563589689952,0.0,2.8067791249875573,0.0,0.0,0.0,1.063460857139952,0.6
32.8,0.33104858197133424,0.2703000353005661,0.0,2.8077115773446413,0.0,0.0,0.0,1.0636718210622416,0.6
32.81,0.330726074950643,0.2700367094208465,0.0,2.8086432252343743,0.0,0.0,0.0,1.0638826013393408,0.6
32.82,0.3304038477307176,0.26977361199749567,0.0,2.8095741939123844,0.0,0.0,0.0,1.0640932247482484,0.6
32.83,0.3300819002452744,0.26951074297639294,0.0,2.8105042460278726,0.0,0.0,0.0,1.0643036403291983,0.6
32.84,0.3297602324270288,0.26924810230260093,0.0,2.8114335110575923,0.0,0.0,0.0,1.0645138757777293,0.6
32.85,0.32943884420770103,0.2689856899203693,0.0,2.812361984049526,0.0,0.0,0.0,1.0647239301556808,0.6
32.86,0.3291177355180232,0.26872350577314125,0.0,2.8132897648187885,0.0,0.0,0.0,1.0649338248056635,0.6
32.87,0.3287969062877448,0.2684615498035573,0.0,2.814216631840868,0.0,0.0,0.0,1.0651435120881594,0.6
32.88,0.3284763564456395,0.2681998219534614,0.0,2.8151427043043196,0.0,0.0,0.0,1.0653530175380936,0.6
32.89,0.3281560859195112,0.2679383221639058,0.0,2.8160680036163273,0.0,0.0,0.0,1.0655623458799424,0.6
32.9,0.3278360946362,0.2676770503751555,0.0,2.816992488455661,0.0,0.0,0.0,1.065771488206584,0.6
32.910000000000004,0.3275163825215886,0.26741600652669406,0.0,2.8179161749320896,0.0,0.0,0.0,1.0659804479030552,0.6
32.92,0.32719694950060824,0.2671551905572282,0.0,2.8188391860597997,0.0,0.0,0.0,1.0661892513405404,0.6
32.93,0.3268777954972448,0.26689460240469254,0.0,2.819761284368296,0.0,0.0,0.0,1.0663978473861275,0.6
32.94,0.326558920434545,0.2666342420062551,0.0,2.82068260386892,0.0,0.0,0.0,1.0666062647852275,0.6
32.95,0.3262403242346224,0.26637410929832167,0.0,2.821603218114093,0.0,0.0,0.0,1.0668145194540777,0.6
32.96,0.3259220068186631,0.2661142042165412,0.0,2.8225229672678886,0.0,0.0,0.0,1.0670225769374493,0.6
32.97,0.32560396810693176,0.2658545266958099,0.0,2.8234419159775137,0.0,0.0,0.0,1.0672304510707467,0.6
32.980000000000004,0.3252862080187781,0.26559507667027715,0.0,2.8243601707976307,0.0,0.0,0.0,1.0674381648275815,0.6
32.99,0.3249687264726421,0.2653358540733494,0.0,2.8252775469016775,0.0,0.0,0.0,1.0676456783887394,0.6
33.0,0.32465152338605974,0.26507685883769516,0.0,2.826194116445141,0.0,0.0,0.0,1.067853007234378,0.6
33.01,0.3243345986756698,0.2648180908952503,0.0,2.827109894780307,0.0,0.0,0.0,1.0680601547824955,0.6
33.02,0.3240179522572185,0.2645595501772219,0.0,2.828024877946323,0.0,0.0,0.0,1.0682671201911644,0.6
33.03,0.3237015840455663,0.2643012366140936,0.0,2.8289390771489824,0.0,0.0,0.0,1.0684739058267019,0.6
33.04,0.32338549395469285,0.2640431501356301,0.0,2.8298524730655967,0.0,0.0,0.0,1.0686805074803636,0.6
33.05,0.32306968189770285,0.2637852906708821,0.0,2.830765081397011,0.0,0.0,0.0,1.0688869284973537,0.6
33.06,0.32275414778683226,0.2635276581481901,0.0,2.8316768997378685,0.0,0.0,0.0,1.0690931683331684,0.6
33.07,0.3224388915334532,0.26327025249519,0.0,2.832587920291264,0.0,0.0,0.0,1.0692992252680003,0.6
33.08,0.32212391304808013,0.2630130736388171,0.0,2.8334982723839586,0.0,0.0,0.0,1.0695051271283529,0.6
33.09,0.32180921224037506,0.2627561215053108,0.0,2.834407720214081,0.0,0.0,0.0,1.069710822942216,0.6
33.1,0.3214947890191538,0.26249939602021927,0.0,2.8353164031523077,0.0,0.0,0.0,1.069916342729443,0.6
33.11,0.3211806432923903,0.26224289710840387,0.0,2.8362243100045315,0.0,0.0,0.0,1.0701216841942311,0.6
33.12,0.32086677496722327,0.2619866246940435,0.0,2.8371315123003664,0.0,0.0,0.0,1.0703268627087588,0.6
33.13,0.32055318394996096,0.26173057870063915,0.0,2.838037814480673,0.0,0.0,0.0,1.070531835955133,0.6
33.14,0.3202398701460869,0.26147475905101863,0.0,2.8389433276244125,0.0,0.0,0.0,1.0707366279324306,0.6
33.15,0.3199268334602657,0.2612191656673406,0.0,2.8398480851276795,0.0,0.0,0.0,1.0709412459966439,0.6
33.160000000000004,0.31961407379634726,0.26096379847109913,0.0,2.8407520325587265,0.0,0.0,0.0,1.0711456783489053,0.6
33.17,0.31930159105737366,0.26070865738312826,0.0,2.841655192691008,0.0,0.0,0.0,1.0713499298405107,0.6
33.18,0.31898938514558306,0.2604537423236058,0.0,2.84255768780547,0.0,0.0,0.0,1.0715540268653383,0.6
33.19,0.3186774559624161,0.2601990532120584,0.0,2.843459281436586,0.0,0.0,0.0,1.071757918196247,0.6
33.2,0.3183658034085204,0.2599445899673652,0.0,2.8443601088870745,0.0,0.0,0.0,1.0719616330459576,0.6
33.21,0.3180544273837564,0.25969035250776246,0.0,2.8452602346996336,0.0,0.0,0.0,1.0721651854829926,0.6
33.22,0.3177433277872022,0.259436340750848,0.0,2.846159508666954,0.0,0.0,0.0,1.0723685429381935,0.6
33.230000000000004,0.3174325045171591,0.2591825546135851,0.0,2.847057991956867,0.0,0.0,0.0,1.0725717185958372,0.6
33.24,0.31712195747115607,0.25892899401230635,0.0,2.847955789881029,0.0,0.0,0.0,1.0727747353093524,0.6
33.25,0.3168116865459559,0.2586756588627191,0.0,2.8488527203502274,0.0,0.0,0.0,1.0729775536225348,0.6
33.26,0.31650169163755915,0.25842254907990825,0.0,2.8497488549329555,0.0,0.0,0.0,1.0731801889909183,0.6
33.27,0.3161919726412106,0.25816966457834123,0.0,2.850644207424784,0.0,0.0,0.0,1.073382644529947,0.6
33.28,0.31588252945140294,0.2579170052718719,0.0,2.851538775294466,0.0,0.0,0.0,1.0735849197150107,0.6
33.29,0.31557336196188285,0.2576645710737447,0.0,2.8524325692399373,0.0,0.0,0.0,1.0737870168245272,0.6
33.3,0.31526447006565517,0.2574123618965985,0.0,2.853325570268617,0.0,0.0,0.0,1.0739889317109848,0.6
33.31,0.31495585365498874,0.2571603776524712,0.0,2.8542177937908093,0.0,0.0,0.0,1.07419066768737,0.6
33.32,0.3146475126214205,0.25690861825280303,0.0,2.855109237363152,0.0,0.0,0.0,1.0743922242097366,0.6
33.33,0.3143394468557612,0.25665708360844136,0.0,2.855999893585279,0.0,0.0,0.0,1.0745935996440972,0.6
33.34,0.31403165624809953,0.2564057736296439,0.0,2.856889889399633,0.0,0.0,0.0,1.0747948214588152,0.6
33.35,0.31372414068780774,0.2561546882260836,0.0,2.8577789931202497,0.0,0.0,0.0,1.074995839319067,0.6
33.36,0.3134169000635459,0.2559038273068517,0.0,2.8586673399469715,0.0,0.0,0.0,1.0751966825117227,0.6
33.37,0.313109934263267,0.2556531907804622,0.0,2.8595550063467408,0.0,0.0,0.0,1.0753973677207187,0.6
33.38,0.312803243174222,0.255402778554856,0.0,2.860441782402371,0.0,0.0,0.0,1.0755978493361584,0.6
33.39,0.31249682668296364,0.25515259053740363,0.0,2.861327782450519,0.0,0.0,0.0,1.0757981521495494,0.6
33.4,0.31219068467535266,0.254902626634911,0.0,2.862213027288922,0.0,0.0,0.0,1.0759982808219017,0.6
33.410000000000004,0.3118848170365613,0.25465288675362135,0.0,2.8630974795275677,0.0,0.0,0.0,1.0761982272195945,0.6
33.42,0.3115792236510783,0.25440337079922043,0.0,2.8639811523880625,0.0,0.0,0.0,1.0763979941591921,0.6
33.43,0.3112739044027141,0.25415407867683953,0.0,2.8648641658230964,0.0,0.0,0.0,1.0765976076497632,0.6
33.44,0.31096885917460465,0.2539050102910599,0.0,2.865746290576785,0.0,0.0,0.0,1.0767970178131558,0.6
33.45,0.31066408784921673,0.2536561655459158,0.0,2.8666276538632616,0.0,0.0,0.0,1.0769962522547032,0.6
33.46,0.3103595903083522,0.25340754434489904,0.0,2.8675083299974973,0.0,0.0,0.0,1.0771953272304708,0.6
33.47,0.31005536643315285,0.2531591465909622,0.0,2.8683881602511514,0.0,0.0,0.0,1.0773942081897583,0.6
33.480000000000004,0.30975141610410456,0.2529109721865224,0.0,2.8692672082415402,0.0,0.0,0.0,1.0775929089166922,0.6
33.49,0.3094477392010422,0.2526630210334653,0.0,2.8701455647458367,0.0,0.0,0.0,1.0777914492210428,0.6
33.5,0.3091443356031535,0.252415293033148,0.0,2.871023154703427,0.0,0.0,0.0,1.0779898127324605,0.6
33.51,0.3088412051889848,0.252167788086404,0.0,2.871899871938049,0.0,0.0,0.0,1.0781879762959048,0.6
33.52,0.3085383478364441,0.2519205060935457,0.0,2.872775819402797,0.0,0.0,0.0,1.0783859624202263,0.6
33.53,0.30823576342280623,0.2516734469543684,0.0,2.8736509962745367,0.0,0.0,0.0,1.0785837710722512,0.6
33.54,0.30793345182471726,0.25142661056815396,0.0,2.8745254212466684,0.0,0.0,0.0,1.078781406293756,0.6
33.55,0.3076314129181987,0.25117999683367437,0.0,2.875399062570828,0.0,0.0,0.0,1.0789788611045772,0.6
33.56,0.3073296465786518,0.25093360564919526,0.0,2.876271929640478,0.0,0.0,0.0,1.079176137512798,0.6
33.57,0.3070281526808621,0.2506874369124794,0.0,2.877144139837072,0.0,0.0,0.0,1.079373261020607,0.6
33.58,0.30672693109900395,0.2504414905207906,0.0,2.8780154685470194,0.0,0.0,0.0,1.0795701826702297,0.6
33.59,0.3064259817066437,0.2501957663708962,0.0,2.878886036743551,0.0,0.0,0.0,1.0797669287670015,0.6
33.6,0.30612530437674584,0.24995026435907206,0.0,2.879755841207942,0.0,0.0,0.0,1.0799634987544735,0.6
33.61,0.30582489898167514,0.24970498438110472,0.0,2.8806249788403764,0.0,0.0,0.0,1.08015991368693,0.6
33.62,0.30552476539320284,0.24945992633229558,0.0,2.8814932378109086,0.0,0.0,0.0,1.0803561273431934,0.6
33.63,0.3052249034825094,0.2492150901074639,0.0,2.882360728873764,0.0,0.0,0.0,1.080552163834716,0.6
33.64,0.3049253131201896,0.2489704756009509,0.0,2.8832274749153486,0.0,0.0,0.0,1.0807480282907516,0.6
33.65,0.3046259941762557,0.24872608270662194,0.0,2.8840934393818847,0.0,0.0,0.0,1.0809437127412254,0.6
33.660000000000004,0.30432694652014286,0.2484819113178713,0.0,2.8849586320857417,0.0,0.0,0.0,1.0811392192722005,0.6
33.67,0.3040281700207123,0.2482379613276248,0.0,2.8858231734362567,0.0,0.0,0.0,1.0813345740838725,0.6
33.68,0.30372966454625566,0.24799423262834272,0.0,2.8866868380817667,0.0,0.0,0.0,1.081529727990516,0.6
33.69,0.30343142996449923,0.24775072511202417,0.0,2.887549747376127,0.0,0.0,0.0,1.0817247074114233,0.6
33.7,0.3031334661426077,0.24750743867020963,0.0,2.8884118942324823,0.0,0.0,0.0,1.0819195109502997,0.6
33.71,0.3028357729471889,0.24726437319398467,0.0,2.889273379549196,0.0,0.0,0.0,1.0821141605654985,0.6
33.72,0.3025383502442964,0.24702152857398266,0.0,2.8901339913302575,0.0,0.0,0.0,1.0823086099384043,0.6
33.730000000000004,0.30224119789943493,0.24677890470038868,0.0,2.8909938398071313,0.0,0.0,0.0,1.0825028830955092,0.6
33.74,0.3019443157775638,0.2465365014629423,0.0,2.8918529457016007,0.0,0.0,0.0,1.0826969847083547,0.6
33.75,0.30164770374310074,0.2462943187509412,0.0,2.8927112757978666,0.0,0.0,0.0,1.0828909075201623,0.6
33.76,0.3013513616599257,0.24605235645324378,0.0,2.893568838027087,0.0,0.0,0.0,1.0830846532145384,0.6
33.77,0.30105528939138543,0.24581061445827312,0.0,2.8944257519966667,0.0,0.0,0.0,1.0832782478525333,0.6
33.78,0.3007594868002963,0.24556909265401924,0.0,2.8952817945909826,0.0,0.0,0.0,1.0834716426690818,0.6
33.79,0.3004639537489494,0.24532779092804344,0.0,2.8961370854183635,0.0,0.0,0.0,1.083664863742527,0.6
33.8,0.3001686900991133,0.24508670916747996,0.0,2.8969916187223035,0.0,0.0,0.0,1.0838579099637202,0.6
33.81,0.29987369571203826,0.24484584725904035,0.0,2.8978454937201064,0.0,0.0,0.0,1.084050802956873,0.6
33.82,0.29957897044846055,0.24460520508901615,0.0,2.8986985004267725,0.0,0.0,0.0,1.0842434967769612,0.6
33.83,0.29928451416860535,0.24436478254328164,0.0,2.899550747263581,0.0,0.0,0.0,1.084436015094445,0.6
33.84,0.29899032673219095,0.2441245795072974,0.0,2.9004022565796794,0.0,0.0,0.0,1.0846283629364122,0.6
33.85,0.2986964079984328,0.24388459586611322,0.0,2.9012529944427525,0.0,0.0,0.0,1.0848205328860532,0.6
33.86,0.29840275782604636,0.24364483150437088,0.0,2.902102968190409,0.0,0.0,0.0,1.085012526501085,0.6
33.87,0.29810937607325183,0.2434052863063076,0.0,2.902952297664695,0.0,0.0,0.0,1.085204369925665,0.6
33.88,0.29781626259777694,0.24316596015575853,0.0,2.903800760976196,0.0,0.0,0.0,1.0853960146037955,0.6
33.89,0.29752341725686143,0.24292685293616037,0.0,2.9046484763835902,0.0,0.0,0.0,1.085587486348783,0.6
33.9,0.29723083990725996,0.24268796453055377,0.0,2.905495439007108,0.0,0.0,0.0,1.0857787842449647,0.6
33.910000000000004,0.2969385304052459,0.24244929482158664,0.0,2.9063417468089656,0.0,0.0,0.0,1.085969929670547,0.6
33.92,0.2966464886066154,0.24221084369151685,0.0,2.907187191570629,0.0,0.0,0.0,1.086160877013051,0.6
33.93,0.2963547143666906,0.2419726110222154,0.0,2.908031880496077,0.0,0.0,0.0,1.0863516497033001,0.6
33.94,0.296063207540323,0.24173459669516917,0.0,2.9088758362566436,0.0,0.0,0.0,1.0865422528448845,0.6
33.95,0.2957719679818973,0.24149680059148373,0.0,2.9097190253333323,0.0,0.0,0.0,1.0867326791069263,0.6
33.96,0.2954809955453353,0.24125922259188667,0.0,2.910561454198938,0.0,0.0,0.0,1.0869229298564735,0.6
33.97,0.29519029008409836,0.24102186257672967,0.0,2.911403242710727,0.0,0.0,0.0,1.0871130312714048,0.6
33.980000000000004,0.29489985145119185,0.24078472042599217,0.0,2.9122441705427016,0.0,0.0,0.0,1.0873029350850387,0.6
33.99,0.2946096794991683,0.24054779601928383,0.0,2.9130843544498397,0.0,0.0,0.0,1.0874926668170672,0.6
34.0,0.2943197740801307,0.24031108923584724,0.0,2.9139237893505987,0.0,0.0,0.0,1.087682225499886,0.6
34.01,0.29403013504573594,0.24007459995456068,0.0,2.914762574002572,0.0,0.0,0.0,1.0878716327101696,0.6
34.02,0.29374076224719864,0.23983832805394148,0.0,2.915600501041385,0.0,0.0,0.0,1.0880608429716254,0.6
34.03,0.2934516555352941,0.2396022734121482,0.0,2.916437676793319,0.0,0.0,0.0,1.0882498795499713,0.6
34.04,0.29316281476036204,0.23936643590698364,0.0,2.9172741229501473,0.0,0.0,0.0,1.0884387473464023,0.6
34.05,0.29287423977230914,0.2391308154158972,0.0,2.9181098072989915,0.0,0.0,0.0,1.0886274392987167,0.6
34.06,0.29258593042061365,0.23889541181598842,0.0,2.918944736840501,0.0,0.0,0.0,1.0888159568987563,0.6
34.07,0.2922978865543279,0.23866022498400893,0.0,2.9197790288416736,0.0,0.0,0.0,1.089004325786291,0.6
34.08,0.29201010802208166,0.23842525479636548,0.0,2.9206124657085053,0.0,0.0,0.0,1.0891924982389178,0.6
34.09,0.2917225946720855,0.23819050112912252,0.0,2.9214451626226716,0.0,0.0,0.0,1.089380499462071,0.6
34.1,0.29143534635213425,0.23795596385800508,0.0,2.922277115644334,0.0,0.0,0.0,1.0895683287372009,0.6
34.11,0.2911483629096098,0.23772164285840108,0.0,2.923108421947173,0.0,0.0,0.0,1.0897560073176376,0.6
34.12,0.29086164419148514,0.23748753800536423,0.0,2.9239388761666314,0.0,0.0,0.0,1.0899434901168588,0.6
34.13,0.2905751900443265,0.23725364917361666,0.0,2.924768583398101,0.0,0.0,0.0,1.0901308001562031,0.6
34.14,0.2902890003142976,0.23701997623755144,0.0,2.925597565365852,0.0,0.0,0.0,1.090317942350427,0.6
34.15,0.2900030748471622,0.23678651907123524,0.0,2.9264257905862436,0.0,0.0,0.0,1.0905049097908142,0.6
34.160000000000004,0.2897174134882872,0.23655327754841063,0.0,2.9272532646999525,0.0,0.0,0.0,1.0906917036689345,0.6
34.17,0.2894320160826464,0.23632025154249925,0.0,2.928080105873617,0.0,0.0,0.0,1.0908783498564143,0.6
34.18,0.28914688247482306,0.23608744092660391,0.0,2.9289060975006387,0.0,0.0,0.0,1.0910648007918513,0.6
34.19,0.2888620125090132,0.23585484557351116,0.0,2.9297313538976004,0.0,0.0,0.0,1.0912510815168521,0.6
34.2,0.28857740602902876,0.23562246535569398,0.0,2.930555869944523,0.0,0.0,0.0,1.0914371910567262,0.6
34.21,0.28829306287830064,0.23539030014531426,0.0,2.9313797438634674,0.0,0.0,0.0,1.0916231509202636,0.6
34.22,0.2880089828998816,0.23515834981422512,0.0,2.932202771321434,0.0,0.0,0.0,1.0918089161966114,0.6
34.230000000000004,0.2877251659364498,0.23492661423397376,0.0,2.9330250566902474,0.0,0.0,0.0,1.0919945097745969,0.6
34.24,0.28744161183031125,0.2346950932758036,0.0,2.9338466198521234,0.0,0.0,0.0,1.0921799361685167,0.6
34.25,0.28715832042340317,0.23446378681065694,0.0,2.934667432272523,0.0,0.0,0.0,1.0923651891122848,0.6
34.26,0.28687529155729674,0.23423269470917718,0.0,2.9354874980788352,0.0,0.0,0.0,1.0925502694674973,0.6
34.27,0.2865925250732006,0.2340018168417117,0.0,2.9363069346248567,0.0,0.0,0.0,1.0927352029554516,0.6
34.28,0.28631002081196316,0.23377115307831384,0.0,2.9371255272577157,0.0,0.0,0.0,1.092919942390631,0.6
34.29,0.28602777861407597,0.23354070328874546,0.0,2.93794338901656,0.0,0.0,0.0,1.0931045125660523,0.6
34.300000000000004,0.2857457983196766,0.23331046734247937,0.0,2.938760515156215,0.0,0.0,0.0,1.0932889125844947,0.6
34.31,0.2854640797685514,0.23308044510870174,0.0,2.939577003336074,0.0,0.0,0.0,1.0934731638587802,0.6
34.32,0.2851826228001386,0.2328506364563144,0.0,2.9403926506680977,0.0,0.0,0.0,1.0936572217471556,0.6
34.33,0.28490142725353124,0.23262104125393734,0.0,2.94120756085993,0.0,0.0,0.0,1.0938411090157056,0.6
34.34,0.2846204929674795,0.2323916593699107,0.0,2.942021752440115,0.0,0.0,0.0,1.0940248298855666,0.6
34.35,0.28433981978039446,0.23216249067229774,0.0,2.942835199123328,0.0,0.0,0.0,1.0942083785809984,0.6
34.36,0.28405940753035014,0.2319335350288863,0.0,2.94364790343032,0.0,0.0,0.0,1.094391755613076,0.6
34.37,0.28377925605508697,0.23170479230719207,0.0,2.944459982460147,0.0,0.0,0.0,1.0945749866722643,0.6
34.38,0.2834993651920138,0.2314762623744599,0.0,2.945271223471212,0.0,0.0,0.0,1.0947580249472875,0.6
34.39,0.28321973477821166,0.23124794509766705,0.0,2.9460817382618103,0.0,0.0,0.0,1.0949408949855417,0.6
34.4,0.2829403646504359,0.23101984034352482,0.0,2.9468915214751803,0.0,0.0,0.0,1.0951235957502645,0.6
34.410000000000004,0.28266125464511893,0.2307919479784808,0.0,2.947700671337175,0.0,0.0,0.0,1.0953061488008575,0.6
34.42,0.2823824045983736,0.2305642678687217,0.0,2.9485089861828895,0.0,0.0,0.0,1.0954885097284925,0.6
34.43,0.282103814345995,0.23033679988017475,0.0,2.9493165687464318,0.0,0.0,0.0,1.0956707011064226,0.6
34.44,0.28182548372346405,0.23010954387851068,0.0,2.9501234363168614,0.0,0.0,0.0,1.0958527268809237,0.6
34.45,0.28154741256594956,0.22988249972914546,0.0,2.9509295647317546,0.0,0.0,0.0,1.0960345817419141,0.6
34.46,0.2812696007083114,0.22965566729724282,0.0,2.9517349554424377,0.0,0.0,0.0,1.0962162659681172,0.6
34.47,0.2809920479851031,0.22942904644771595,0.0,2.9525397248046956,0.0,0.0,0.0,1.0963978051129337,0.6
34.480000000000004,0.28071475423057407,0.22920263704523042,0.0,2.953343662022813,0.0,0.0,0.0,1.0965791527452005,0.6
34.49,0.2804377192786729,0.22897643895420564,0.0,2.9541468776648543,0.0,0.0,0.0,1.0967603331689455,0.6
34.5,0.2801609429630492,0.22875045203881714,0.0,2.954949449260912,0.0,0.0,0.0,1.0969413635477765,0.6
34.51,0.27988442511705747,0.22852467616299935,0.0,2.9557512977024025,0.0,0.0,0.0,1.0971222264089362,0.6
34.52,0.2796081655737581,0.22829911119044682,0.0,2.9565523230627204,0.0,0.0,0.0,1.0973028996885559,0.6
34.53,0.27933216416592144,0.2280737569846169,0.0,2.95735273005402,0.0,0.0,0.0,1.097483428521209,0.6
34.54,0.27905642072602954,0.2278486134087318,0.0,2.958152336733064,0.0,0.0,0.0,1.0976637729605032,0.6
34.550000000000004,0.2787809350862784,0.2276236803257803,0.0,2.958951292393342,0.0,0.0,0.0,1.09784396578673,0.6
34.56,0.27850570707858174,0.22739895759852047,0.0,2.9597494337062695,0.0,0.0,0.0,1.0980239711163815,0.6
34.57,0.2782307365345726,0.2271744450894812,0.0,2.9605469407447647,0.0,0.0,0.0,1.098203828582825,0.6
34.58,0.2779560232856059,0.22695014266096428,0.0,2.9613436424518333,0.0,0.0,0.0,1.0983835006074227,0.6
34.59,0.2776815671627615,0.22672605017504716,0.0,2.9621397008996855,0.0,0.0,0.0,1.0985630228215486,0.6
34.6,0.27740736799684584,0.22650216749358376,0.0,2.9629350321247694,0.0,0.0,0.0,1.0987423767749172,0.6
34.61,0.2771334256183953,0.22627849447820772,0.0,2.9637295597175926,0.0,0.0,0.0,1.0989215456253494,0.6
34.62,0.2768597398576782,0.22605503099033358,0.0,2.964523358909969,0.0,0.0,0.0,1.0991005460411025,0.6
34.63,0.27658631054469707,0.22583177689115908,0.0,2.965316424113783,0.0,0.0,0.0,1.09927937693494,0.6
34.64,0.27631313750919195,0.22560873204166754,0.0,2.966108768964069,0.0,0.0,0.0,1.0994580413128783,0.6
34.65,0.2760402205806416,0.22538589630262887,0.0,2.9669004147881695,0.0,0.0,0.0,1.09963654382736,0.6
34.660000000000004,0.275767559588267,0.2251632695346026,0.0,2.9676913268587652,0.0,0.0,0.0,1.0998148767711238,0.6
34.67,0.275495154361033,0.22494085159793922,0.0,2.968481513192284,0.0,0.0,0.0,1.0999930418733188,0.6
34.68,0.27522300472765104,0.22471864235278213,0.0,2.9692709880463166,0.0,0.0,0.0,1.1001710422758721,0.6
34.69,0.27495111051658166,0.2244966416590699,0.0,2.9700597337195127,0.0,0.0,0.0,1.1003488740698655,0.6
34.7,0.2746794715560366,0.22427484937653813,0.0,2.97084786396899,0.0,0.0,0.0,1.1005265622494365,0.6
34.71,0.27440808767398117,0.22405326536472095,0.0,2.9716351760877346,0.0,0.0,0.0,1.1007040620923665,0.6
34.72,0.27413695869813676,0.22383188948295357,0.0,2.9724217784346574,0.0,0.0,0.0,1.1008813974485783,0.6
34.730000000000004,0.27386608445598304,0.22361072159037368,0.0,2.973207743972742,0.0,0.0,0.0,1.101058584497743,0.6
34.74,0.2735954647747602,0.2233897615459235,0.0,2.973992922930447,0.0,0.0,0.0,1.1012355901870887,0.6
34.75,0.2733250994814715,0.2231690092083517,0.0,2.9747773761901346,0.0,0.0,0.0,1.101412427900915,0.6
34.76,0.2730549884028852,0.2229484644362153,0.0,2.9755611955790147,0.0,0.0,0.0,1.1015891179475967,0.6
34.77,0.2727851313655372,0.22272812708788142,0.0,2.9763443032551944,0.0,0.0,0.0,1.101765643116159,0.6
34.78,0.27251552819573327,0.22250799702152918,0.0,2.9771266061698505,0.0,0.0,0.0,1.1019419828167558,0.6
34.79,0.27224617871955065,0.22228807409515144,0.0,2.977908299417763,0.0,0.0,0.0,1.1021181801374003,0.6
34.800000000000004,0.2719770827628413,0.22206835816655676,0.0,2.9786892063984785,0.0,0.0,0.0,1.1022941962170596,0.6
34.81,0.27170824015123346,0.22184884909337133,0.0,2.9794694731221267,0.0,0.0,0.0,1.1024700631741136,0.6
34.82,0.2714396507101339,0.2216295467330402,0.0,2.9802489394693485,0.0,0.0,0.0,1.1026457457580099,0.6
34.83,0.2711713142647305,0.22141045094283002,0.0,2.9810277827142735,0.0,0.0,0.0,1.1028212830603739,0.6
34.84,0.27090323063999383,0.2211915615798298,0.0,2.9818058355381756,0.0,0.0,0.0,1.10299663824197,0.6
34.85,0.27063539966068,0.2209728785009536,0.0,2.982583254855902,0.0,0.0,0.0,1.1031718458655275,0.6
34.86,0.2703678211513325,0.22075440156294157,0.0,2.9833599610818644,0.0,0.0,0.0,1.1033468884020547,0.6
34.87,0.270100494936284,0.22053613062236213,0.0,2.9841358780946203,0.0,0.0,0.0,1.103521749031764,0.6
34.88,0.2698334208396592,0.22031806553561364,0.0,2.984911076567372,0.0,0.0,0.0,1.1036964434489611,0.6
34.89,0.2695665986853765,0.22010020615892603,0.0,2.985685557410334,0.0,0.0,0.0,1.1038709719904762,0.6
34.9,0.26930002829715005,0.21988255234836257,0.0,2.9864593315289265,0.0,0.0,0.0,1.1040453370633798,0.6
34.910000000000004,0.2690337094984924,0.21966510395982183,0.0,2.987232414315287,0.0,0.0,0.0,1.10421954200898,0.6
34.92,0.2687676421127158,0.21944786084903883,0.0,2.9880047798834446,0.0,0.0,0.0,1.1043935810640308,0.6
34.93,0.2685018259629349,0.21923082287158735,0.0,2.988776431391978,0.0,0.0,0.0,1.1045674548861264,0.6
34.94,0.2682362608720687,0.21901398988288137,0.0,2.9895474786690666,0.0,0.0,0.0,1.1047411876703843,0.6
34.95,0.2679709466628422,0.21879736173817638,0.0,2.9903177454785554,0.0,0.0,0.0,1.1049147404429587,0.6
34.96,0.2677058831577893,0.21858093829257197,0.0,2.9910872914893742,0.0,0.0,0.0,1.1050881263305732,0.6
34.97,0.2674410701792537,0.21836471940101235,0.0,2.991856224229775,0.0,0.0,0.0,1.1052613691596058,0.6
34.980000000000004,0.2671765075493921,0.2181487049182891,0.0,2.992624442849113,0.0,0.0,0.0,1.1054344466252752,0.6
34.99,0.2669121950901751,0.2179328946990418,0.0,2.993391864884116,0.0,0.0,0.0,1.1056073404427418,0.6
35.0,0.26664813262339027,0.21771728859776066,0.0,2.994158585797688,0.0,0.0,0.0,1.1057800718312902,0.6
35.01,0.2663843199706433,0.2175018864687873,0.0,2.9949246056364145,0.0,0.0,0.0,1.1059526409446057,0.6
35.02,0.2661207569533603,0.21728668816631672,0.0,2.9956899342508203,0.0,0.0,0.0,1.1061250499272846,0.6
35.03,0.26585744339278994,0.2170716935443991,0.0,2.9964545542853145,0.0,0.0,0.0,1.106297294878766,0.6
35.04,0.26559437911000505,0.21685690245694106,0.0,2.9972184670455517,0.0,0.0,0.0,1.1064693760560547,0.6
35.050000000000004,0.2653315639259051,0.21664231475770757,0.0,2.997981780975717,0.0,0.0,0.0,1.106641317373821,0.6
35.06,0.2650689976612172,0.21642793030032295,0.0,2.9987442969400218,0.0,0.0,0.0,1.1068130747602583,0.6
35.07,0.2648066801364992,0.21621374893827328,0.0,2.9995061211458234,0.0,0.0,0.0,1.1069846716584641,0.6
35.08,0.2645446111721409,0.2159997705249073,0.0,3.0002673223915552,0.0,0.0,0.0,1.1071561233747667,0.6
35.09,0.2642827905883657,0.21578599491343833,0.0,3.0010277574014705,0.0,0.0,0.0,1.1073273981969232,0.6
35.1,0.26402121820523305,0.21557242195694543,0.0,3.0017874853637383,0.0,0.0,0.0,1.1074985091662068,0.6
35.11,0.2637598938426406,0.2153590515083756,0.0,3.0025465944650924,0.0,0.0,0.0,1.1076694758650814,0.6
35.12,0.263498817320325,0.21514588342054447,0.0,3.0033050107818426,0.0,0.0,0.0,1.1078402818850361,0.6
35.13,0.2632379884578647,0.2149329175461384,0.0,3.0040626426874706,0.0,0.0,0.0,1.1080109068960118,0.6
35.14,0.26297740707468176,0.21472015373771608,0.0,3.004819679181641,0.0,0.0,0.0,1.108181392765409,0.6
35.15,0.26271707299004293,0.21450759184770954,0.0,3.005575951026735,0.0,0.0,0.0,1.1083517021439453,0.6
35.160000000000004,0.262456986023062,0.21429523172842574,0.0,3.0063315987690413,0.0,0.0,0.0,1.1085218660437768,0.6
35.17,0.26219714599270194,0.2140830732320486,0.0,3.0070864680255442,0.0,0.0,0.0,1.1086918503736845,0.6
35.18,0.2619375527177762,0.21387111621063992,0.0,3.0078407214000626,0.0,0.0,0.0,1.1088616910991764,0.6
35.19,0.2616782060169506,0.21365936051614093,0.0,3.0085942821626386,0.0,0.0,0.0,1.1090313712879925,0.6
35.2,0.26141910570874544,0.21344780600037405,0.0,3.0093470755488405,0.0,0.0,0.0,1.1092008743605597,0.6
35.21,0.2611602516115367,0.21323645251504406,0.0,3.01009924266907,0.0,0.0,0.0,1.1093702315973621,0.6
35.22,0.26090164354355855,0.21302529991173955,0.0,3.0108506248954234,0.0,0.0,0.0,1.1095394080116872,0.6
35.230000000000004,0.2606432813229044,0.2128143480419345,0.0,3.011601340363437,0.0,0.0,0.0,1.1097084297446598,0.6
35.24,0.26038516476752904,0.21260359675698973,0.0,3.012351353158825,0.0,0.0,0.0,1.1098772889265176,0.6
35.25,0.26012729369525023,0.2123930459081539,0.0,3.0131006833719947,0.0,0.0,0.0,1.110045989966883,0.6
35.26,0.259869667923751,0.21218269534656592,0.0,3.0138493269788174,0.0,0.0,0.0,1.110214531940177,0.6
35.27,0.2596122872705802,0.211972544923255,0.0,3.0145972670770504,0.0,0.0,0.0,1.1103829110791275,0.6
35.28,0.25935515155315525,0.21176259448914314,0.0,3.015344618264079,0.0,0.0,0.0,1.1105511526900484,0.6
35.29,0.25909826058876345,0.211552843895046,0.0,3.0160912066347536,0.0,0.0,0.0,1.1107192182272898,0.6
35.300000000000004,0.2588416141945638,0.2113432929916746,0.0,3.0168370916422274,0.0,0.0,0.0,1.1108871208131144,0.6
35.31,0.2585852121875884,0.21113394162963614,0.0,3.0175823644004747,0.0,0.0,0.0,1.1110548807179659,0.6
35.32,0.25832905438474435,0.21092478965943606,0.0,3.0183269538320214,0.0,0.0,0.0,1.1112224821732462,0.6
35.33,0.2580731406028157,0.210715836931479,0.0,3.0190707737172553,0.0,0.0,0.0,1.1113899060250898,0.6
35.34,0.25781747065846433,0.2105070832960701,0.0,3.019814005039327,0.0,0.0,0.0,1.111557192407091,0.6
35.35,0.25756204436823227,0.21029852860341658,0.0,3.020556482337261,0.0,0.0,0.0,1.1117243047604464,0.6
35.36,0.25730686154854304,0.2100901727036289,0.0,3.0212983442844052,0.0,0.0,0.0,1.111891273721192,0.6
35.37,0.2570519220157037,0.20988201544672225,0.0,3.022039437998636,0.0,0.0,0.0,1.1120580654925705,0.6
35.38,0.2567972255859057,0.20967405668261763,0.0,3.0227799274285747,0.0,0.0,0.0,1.112224716385972,0.6
35.39,0.25654277207522724,0.2094662962611436,0.0,3.0235197331724195,0.0,0.0,0.0,1.112391208849733,0.6
35.4,0.25628856129963407,0.2092587340320368,0.0,3.024258782563997,0.0,0.0,0.0,1.1125575267570809,0.6
35.410000000000004,0.25603459307498205,0.20905136984494416,0.0,3.0249972152979443,0.0,0.0,0.0,1.112723701102356,0.6
35.42,0.25578086721701815,0.20884420354942368,0.0,3.0257348749763495,0.0,0.0,0.0,1.1128896973578724,0.6
35.43,0.25552738354138205,0.20863723499494582,0.0,3.0264718766747816,0.0,0.0,0.0,1.113055541012145,0.6
35.44,0.25527414186360775,0.20843046403089469,0.0,3.0272081868842817,0.0,0.0,0.0,1.1132212247238211,0.6
35.45,0.2550211419991251,0.20822389050656942,0.0,3.027943824010265,0.0,0.0,0.0,1.1133867525325936,0.6
35.46,0.25476838376326144,0.20801751427118542,0.0,3.028678784592884,0.0,0.0,0.0,1.1135521236357904,0.6
35.47,0.2545158669712432,0.20781133517387565,0.0,3.0294130529070866,0.0,0.0,0.0,1.1137173345287597,0.6
35.480000000000004,0.25426359143819716,0.20760535306369182,0.0,3.030146740145769,0.0,0.0,0.0,1.1138824097875013,0.6
35.49,0.25401155697915206,0.2073995677896056,0.0,3.030879675634451,0.0,0.0,0.0,1.114047311547291,0.6
35.5,0.2537597634090405,0.20719397920051,0.0,3.0316119177677914,0.0,0.0,0.0,1.114212052704261,0.6
35.51,0.2535082105426999,0.2069885871452203,0.0,3.0323434767028052,0.0,0.0,0.0,1.1143766356495801,0.6
35.52,0.25325689819487435,0.20678339147247582,0.0,3.033074362979347,0.0,0.0,0.0,1.114541062761578,0.6
35.53,0.2530058261802158,0.20657839203094047,0.0,3.0338046671753447,0.0,0.0,0.0,1.114705354047911,0.6
35.54,0.25275499431328574,0.20637358866920436,0.0,3.034534224873179,0.0,0.0,0.0,1.1148694729755309,0.6
35.550000000000004,0.2525044024085567,0.20616898123578495,0.0,3.0352630919274013,0.0,0.0,0.0,1.1150334318958746,0.6
35.56,0.25225405028041376,0.20596456957912826,0.0,3.035991372988029,0.0,0.0,0.0,1.1151972540982003,0.6
35.57,0.25200393774315566,0.20576035354760983,0.0,3.0367189705010094,0.0,0.0,0.0,1.1153609179299413,0.6
35.58,0.25175406461099664,0.20555633298953632,0.0,3.0374458075452826,0.0,0.0,0.0,1.1155244062767722,0.6
35.59,0.25150443069806755,0.20535250775314606,0.0,3.0381719707568813,0.0,0.0,0.0,1.1156877384819495,0.6
35.6,0.2512550358184177,0.20514887768661108,0.0,3.038897466366072,0.0,0.0,0.0,1.1158509160724912,0.6
35.61,0.2510058797860156,0.20494544263803727,0.0,3.0396222982968992,0.0,0.0,0.0,1.1160139398972988,0.6
35.62,0.2507569624147512,0.20474220245546634,0.0,3.040346453461922,0.0,0.0,0.0,1.1161768069999225,0.6
35.63,0.25050828351843674,0.20453915698687675,0.0,3.041069932438303,0.0,0.0,0.0,1.116339517485322,0.6
35.64,0.25025984291080833,0.20433630608018455,0.0,3.04179283798779,0.0,0.0,0.0,1.1165020940961614,0.6
35.65,0.2500116404055272,0.2041336495832448,0.0,3.042515004475781,0.0,0.0,0.0,1.116664500039271,0.6
35.660000000000004,0.24976367581618122,0.20393118734385265,0.0,3.0432364885400958,0.0,0.0,0.0,1.1168267478396017,0.6
35.67,0.24951594895628607,0.20372891920974437,0.0,3.043957388177006,0.0,0.0,0.0,1.1169888593280717,0.6
35.68,0.2492684596392873,0.2035268450285988,0.0,3.0446775422169505,0.0,0.0,0.0,1.1171507987545182,0.6
35.69,0.2490212076785606,0.2033249646480378,0.0,3.0453970160626485,0.0,0.0,0.0,1.1173125806092075,0.6
35.7,0.24877419288741387,0.20312327791562787,0.0,3.046115829069481,0.0,0.0,0.0,1.1174742093168972,0.6
35.71,0.2485274150790885,0.20292178467888136,0.0,3.0468340636232467,0.0,0.0,0.0,1.1176357031365176,0.6
35.72,0.2482808740667605,0.20272048478525703,0.0,3.047551609991043,0.0,0.0,0.0,1.1177970376247008,0.6
35.730000000000004,0.24803456966354173,0.20251937808216147,0.0,3.0482684176401715,0.0,0.0,0.0,1.117958201520014,0.6
35.74,0.2477885016824817,0.2023184644169502,0.0,3.04898463808189,0.0,0.0,0.0,1.118119228552106,0.6
35.75,0.24754266993656865,0.20211774363692867,0.0,3.0497002022683386,0.0,0.0,0.0,1.1182801034570482,0.6
35.76,0.24729707423873035,0.20191721558935313,0.0,3.050415035539655,0.0,0.0,0.0,1.1184408096099547,0.6
35.77,0.24705171440183624,0.20171688012143216,0.0,3.0511292751947847,0.0,0.0,0.0,1.1186013775152461,0.6
35.78,0.24680659023869828,0.20151673708032716,0.0,3.0518428517127423,0.0,0.0,0.0,1.118761791805845,0.6
35.79,0.246561701562072,0.20131678631315394,0.0,3.052555691241969,0.0,0.0,0.0,1.1189220360688992,0.6
35.800000000000004,0.24631704818465822,0.20111702766698317,0.0,3.0532678592935376,0.0,0.0,0.0,1.1190821249482366,0.6
35.81,0.24607262991910422,0.20091746098884206,0.0,3.0539793620267823,0.0,0.0,0.0,1.1192420599442658,0.6
35.82,0.2458284465780048,0.2007180861257148,0.0,3.0546902244075462,0.0,0.0,0.0,1.1194018465939088,0.6
35.83,0.24558449797390353,0.20051890292454402,0.0,3.05540041616065,0.0,0.0,0.0,1.1195614781316072,0.6
35.84,0.24534078391929423,0.20031991123223156,0.0,3.05610993898148,0.0,0.0,0.0,1.1197209548983769,0.6
35.85,0.24509730422662215,0.20012111089563947,0.0,3.056818809787697,0.0,0.0,0.0,1.1198802806549446,0.6
35.86,0.24485405870828497,0.19992250176159113,0.0,3.0575270139104234,0.0,0.0,0.0,1.1200394521488217,0.6
35.87,0.2446110471766343,0.19972408367687236,0.0,3.0582345565724762,0.0,0.0,0.0,1.1201984705279797,0.6
35.88,0.24436826944397672,0.19952585648823204,0.0,3.058941535676353,0.0,0.0,0.0,1.1203573574697758,0.6
35.89,0.244125725322575,0.19932782004238345,0.0,3.05964778975394,0.0,0.0,0.0,1.1205160770796383,0.6
35.9,0.24388341462464955,0.19912997418600503,0.0,3.06035337386652,0.0,0.0,0.0,1.1206746415446454,0.6
35.910000000000004,0.24364133716237915,0.19893231876574155,0.0,3.0610583831227522,0.0,0.0,0.0,1.1208330720623225,0.6
35.92,0.24339949274790243,0.1987348536282049,0.0,3.061762660127367,0.0,0.0,0.0,1.1209913337087314,0.6
35.93,0.24315788119331935,0.19853757861997515,0.0,3.0624662686236794,0.0,0.0,0.0,1.1211494406152411,0.6
35.94,0.24291650231069156,0.19834049358760145,0.0,3.063169230166115,0.0,0.0,0.0,1.1213073976935386,0.6
35.95,0.24267535591204434,0.19814359837760293,0.0,3.0638716229480076,0.0,0.0,0.0,1.1214652222843218,0.6
35.96,0.24243444180936738,0.19794689283646996,0.0,3.064573341229873,0.0,0.0,0.0,1.1216228908109658,0.6
35.97,0.2421937598146162,0.1977503768106647,0.0,3.0652743336261152,0.0,0.0,0.0,1.121780391823401,0.6
35.980000000000004,0.24195330973971285,0.19755405014662236,0.0,3.065974748731453,0.0,0.0,0.0,1.1219377584186276,0.6
35.99,0.2417130913965473,0.19735791269075154,0.0,3.0666745191587976,0.0,0.0,0.0,1.1220949756965621,0.6
36.0,0.24147310459697888,0.1971619642894361,0.0,3.0673735710645142,0.0,0.0,0.0,1.122252027207661,0.6
36.01,0.24123334915283695,0.1969662047890354,0.0,3.0680720467821185,0.0,0.0,0.0,1.122408944584543,0.6
36.02,0.24099382487592197,0.19677063403588516,0.0,3.0687697998765495,0.0,0.0,0.0,1.1225656954103567,0.6
36.03,0.2407545315780072,0.19657525187629885,0.0,3.069466973138678,0.0,0.0,0.0,1.1227223113415552,0.6
36.04,0.24051546907083923,0.1963800581565682,0.0,3.0701634928185273,0.0,0.0,0.0,1.1228787760432413,0.6
36.050000000000004,0.24027663716613934,0.19618505272296424,0.0,3.070859287837351,0.0,0.0,0.0,1.1230350737271064,0.6
36.06,0.24003803567560447,0.1959902354217383,0.0,3.071554430073488,0.0,0.0,0.0,1.1231912204557961,0.6
36.07,0.23979966441090847,0.19579560609912255,0.0,3.0722489164739653,0.0,0.0,0.0,1.123347215683595,0.6
36.08,0.23956152318370297,0.19560116460133134,0.0,3.0729427749174194,0.0,0.0,0.0,1.1235030655892027,0.6
36.09,0.23932361180561854,0.19540691077456163,0.0,3.073635978134576,0.0,0.0,0.0,1.1236587640729878,0.6
36.1,0.23908593008826612,0.19521284446499435,0.0,3.074328524027745,0.0,0.0,0.0,1.123814310635274,0.6
36.11,0.23884847784323723,0.19501896551879463,0.0,3.0750204304679523,0.0,0.0,0.0,1.12396970924847,0.6
36.12,0.23861125488210597,0.19482527378211337,0.0,3.0757116846580423,0.0,0.0,0.0,1.1241249570697909,0.6
36.13,0.2383742610164294,0.19463176910108762,0.0,3.076402289483106,0.0,0.0,0.0,1.1242800547289074,0.6
36.14,0.23813749605774892,0.19443845132184154,0.0,3.0770923413826416,0.0,0.0,0.0,1.1244350235889122,0.6
36.15,0.23790095981759124,0.1942453202904873,0.0,3.0777816810931253,0.0,0.0,0.0,1.1245898282284794,0.6
36.160000000000004,0.23766465210746926,0.19405237585312582,0.0,3.0784703631096786,0.0,0.0,0.0,1.1247444807205282,0.6
36.17,0.23742857273888338,0.19385961785584785,0.0,3.0791584850544638,0.0,0.0,0.0,1.124899002818132,0.6
36.18,0.23719272152332213,0.19366704614473446,0.0,3.0798459553526523,0.0,0.0,0.0,1.125053374168477,0.6
36.19,0.23695709827226374,0.19347466056585827,0.0,3.080532701492781,0.0,0.0,0.0,1.125207578610265,0.6
36.2,0.2367217027971764,0.19328246096528354,0.0,3.0812188980751216,0.0,0.0,0.0,1.125361655000508,0.6
36.21,0.23648653490952,0.19309044718906812,0.0,3.0819043835091375,0.0,0.0,0.0,1.1255155675516506,0.6
36.22,0.23625159442074672,0.19289861908326325,0.0,3.0825892939454937,0.0,0.0,0.0,1.1256693464274818,0.6
36.230000000000004,0.23601688114230202,0.19270697649391477,0.0,3.083273481352289,0.0,0.0,0.0,1.1258229588293507,0.6
36.24,0.2357823948856257,0.19251551926706403,0.0,3.083957116453943,0.0,0.0,0.0,1.1259764426567314,0.6
36.25,0.23554813546215286,0.19232424724874836,0.0,3.084640039179795,0.0,0.0,0.0,1.1261297624251978,0.6
36.26,0.2353141026833151,0.19213316028500235,0.0,3.085322391607663,0.0,0.0,0.0,1.126282949631977,0.6
36.27,0.235080296360541,0.19194225822185795,0.0,3.0860041042356845,0.0,0.0,0.0,1.126435988878507,0.6
36.28,0.2348467163052576,0.19175154090534602,0.0,3.0866851055481517,0.0,0.0,0.0,1.1265888642708717,0.6
36.29,0.23461336232889082,0.19156100818149666,0.0,3.0873654625700855,0.0,0.0,0.0,1.1267415907926668,0.6
36.300000000000004,0.2343802342428668,0.1913706598963398,0.0,3.0880451788107823,0.0,0.0,0.0,1.126894169354017,0.6
36.31,0.23414733185861278,0.19118049589590652,0.0,3.0887242765018357,0.0,0.0,0.0,1.1270466048815373,0.6
36.32,0.23391465498755803,0.1909905160262294,0.0,3.089402730564271,0.0,0.0,0.0,1.1271988917531928,0.6
36.33,0.2336822034411348,0.19080072013334345,0.0,3.0900805403507916,0.0,0.0,0.0,1.127351029793383,0.6
36.34,0.233449977030779,0.1906111080632868,0.0,3.0907577214512467,0.0,0.0,0.0,1.127503022464186,0.6
36.35,0.23321797556793117,0.19042167966210133,0.0,3.0914342620949857,0.0,0.0,0.0,1.1276548671495612,0.6
36.36,0.23298619886403799,0.19023243477583388,0.0,3.0921101654749696,0.0,0.0,0.0,1.1278065645445257,0.6
36.37,0.23275464673055257,0.19004337325053652,0.0,3.0927855265841044,0.0,0.0,0.0,1.1279581356987203,0.6
36.38,0.23252331897893513,0.18985449493226716,0.0,3.0934601890144307,0.0,0.0,0.0,1.128109545807546,0.6
36.39,0.23229221542065476,0.189665799667091,0.0,3.0941342067001307,0.0,0.0,0.0,1.1282608068153963,0.6
36.4,0.23206133586718966,0.1894772873010806,0.0,3.0948076726818283,0.0,0.0,0.0,1.1284119394756695,0.6
36.410000000000004,0.2318306801300281,0.18928895768031687,0.0,3.0954804335692208,0.0,0.0,0.0,1.128562909711062,0.6
36.42,0.23160024802066947,0.18910081065088957,0.0,3.0961525525681464,0.0,0.0,0.0,1.128713731545764,0.6
36.43,0.23137003935062525,0.18891284605889852,0.0,3.096824046276511,0.0,0.0,0.0,1.1288644087831112,0.6
36.44,0.23114005393141943,0.18872506375045375,0.0,3.0974949948894737,0.0,0.0,0.0,1.1290149592279943,0.6
36.45,0.23091029157458973,0.18853746357167647,0.0,3.098165297222099,0.0,0.0,0.0,1.1291653602976033,0.6
36.46,0.2306807520916888,0.18835004536869993,0.0,3.098834898957818,0.0,0.0,0.0,1.129315599864526,0.6
36.47,0.23045143529428397,0.1881628089876696,0.0,3.099503961619472,0.0,0.0,0.0,1.1294657139208228,0.6
36.480000000000004,0.23022234099395944,0.1879757542747446,0.0,3.1001723313148055,0.0,0.0,0.0,1.1296156683460492,0.6
36.49,0.229993469002316,0.18778888107609762,0.0,3.1008401380295716,0.0,0.0,0.0,1.1297654919600795,0.6
36.5,0.22976481913097274,0.18760218923791627,0.0,3.1015072389233884,0.0,0.0,0.0,1.1299151530850746,0.6
36.51,0.2295363911915672,0.1874156786064033,0.0,3.102173795002135,0.0,0.0,0.0,1.130064687493728,0.6
36.52,0.2293081849957567,0.1872293490277775,0.0,3.1028396551525916,0.0,0.0,0.0,1.1302140616725604,0.6
36.53,0.2290802003552188,0.18704320034827426,0.0,3.1035049581650695,0.0,0.0,0.0,1.1303633064201295,0.6
36.54,0.22885243708165234,0.18685723241414634,0.0,3.1041696349578953,0.0,0.0,0.0,1.1305124064138738,0.6
36.550000000000004,0.22862489498677835,0.18667144507166458,0.0,3.104833615880005,0.0,0.0,0.0,1.1306613461600645,0.6
36.56,0.22839757388234047,0.18648583816711833,0.0,3.105496965732971,0.0,0.0,0.0,1.1308101401598352,0.6
36.57,0.22817047358010625,0.18630041154681637,0.0,3.106159690240387,0.0,0.0,0.0,1.1309587898149518,0.6
36.58,0.2279435938918673,0.18611516505708728,0.0,3.1068218081660737,0.0,0.0,0.0,1.1311072992892495,0.6
36.59,0.22771693462944068,0.18593009854428033,0.0,3.1074832970262554,0.0,0.0,0.0,1.1312556635265256,0.6
36.6,0.22749049560466963,0.18574521185476617,0.0,3.10814415638126,0.0,0.0,0.0,1.131403882406594,0.6
36.61,0.22726427662942394,0.18556050483493713,0.0,3.1088043996819006,0.0,0.0,0.0,1.1315519589136005,0.6
36.62,0.2270382775156014,0.18537597733120828,0.0,3.10946401709681,0.0,0.0,0.0,1.1316998908639126,0.6
36.63,0.2268124980751276,0.18519162919001772,0.0,3.1101230114511744,0.0,0.0,0.0,1.13184767886803,0.6
36.64,0.2265869381199577,0.1850074602578273,0.0,3.110781475625303,0.0,0.0,0.0,1.1319953435251873,0.6
36.65,0.22636159746207665,0.1848234703811234,0.0,3.1114392565559212,0.0,0.0,0.0,1.1321428507499927,0.6
36.660000000000004,0.2261364759135001,0.1846396594064175,0.0,3.112096407243139,0.0,0.0,0.0,1.1322902122884868,0.6
36.67,0.22591157328627517,0.1844560271802467,0.0,3.112753017906591,0.0,0.0,0.0,1.1324374482853112,0.6
36.68,0.22568688939248088,0.1842725735491741,0.0,3.113408939231039,0.0,0.0,0.0,1.1325845255431044,0.6
36.69,0.2254624240442293,0.18408929835979,0.0,3.1140642332051827,0.0,0.0,0.0,1.132731457822438,0.6
36.7,0.22523817705366644,0.183906201458712,0.0,3.1147189144744742,0.0,0.0,0.0,1.1328782485061049,0.6
36.71,0.22501414823297242,0.18372328269258612,0.0,3.115373063438482,0.0,0.0,0.0,1.1330249154503773,0.6
36.72,0.22479033739436238,0.18354054190808644,0.0,3.1160265820179336,0.0,0.0,0.0,1.1331714367481849,0.6
36.730000000000004,0.22456674435008786,0.18335797895191708,0.0,3.1166794140916756,0.0,0.0,0.0,1.1333177998663826,0.6
36.74,0.2243433689124364,0.1831755936708114,0.0,3.1173317185797824,0.0,0.0,0.0,1.1334640402412666,0.6
36.75,0.22412021089373305,0.18299338591153352,0.0,3.1179833455497157,0.0,0.0,0.0,1.133610124614727,0.6
36.76,0.2238972701063411,0.18281135552087865,0.0,3.1186344220600577,0.0,0.0,0.0,1.1337560811758516,0.6
36.77,0.22367454636266218,0.18262950234567338,0.0,3.1192848082372486,0.0,0.0,0.0,1.1339018788863386,0.6
36.78,0.22345203947513761,0.18244782623277683,0.0,3.119934661898231,0.0,0.0,0.0,1.13404755283465,0.6
36.79,0.22322974925624905,0.18226632702908058,0.0,3.1205838350971584,0.0,0.0,0.0,1.1341930701918057,0.6
36.800000000000004,0.22300767551851847,0.18208500458150975,0.0,3.121232463233678,0.0,0.0,0.0,1.1343384610203207,0.6
36.81,0.22278581807450965,0.18190385873702322,0.0,3.1218804792009216,0.0,0.0,0.0,1.1344837104303307,0.6
36.82,0.22256417673682868,0.1817228893426144,0.0,3.122527814359213,0.0,0.0,0.0,1.13462880314549,0.6
36.83,0.22234275131812442,0.1815420962453119,0.0,3.1231745325931115,0.0,0.0,0.0,1.1347737534737559,0.6
36.84,0.22212154163108927,0.1813614792921796,0.0,3.123820640104909,0.0,0.0,0.0,1.1349185629190157,0.6
36.85,0.22190054748845991,0.18118103833031768,0.0,3.1244661530926088,0.0,0.0,0.0,1.1350632350766563,0.6
36.86,0.2216797687030181,0.18100077320686303,0.0,3.1251110516929685,0.0,0.0,0.0,1.1352077654867443,0.6
36.87,0.22145920508759095,0.18082068376898977,0.0,3.1257553347381926,0.0,0.0,0.0,1.1353521538526246,0.6
36.88,0.22123885645505204,0.18064076986390964,0.0,3.126399015213408,0.0,0.0,0.0,1.13549640306831,0.6
36.89,0.22101872261832176,0.18046103133887284,0.0,3.1270420838337913,0.0,0.0,0.0,1.1356405110623897,0.6
36.9,0.22079880339036798,0.18028146804116835,0.0,3.1276845434893774,0.0,0.0,0.0,1.1357844784715942,0.6
36.910000000000004,0.22057909858420702,0.18010207981812457,0.0,3.128326484423036,0.0,0.0,0.0,1.1359283253179164,0.6
36.92,0.22035960801290372,0.1799228665171096,0.0,3.1289677567202463,0.0,0.0,0.0,1.1360720182024122,0.6
36.93,0.2201403314895729,0.17974382798553223,0.0,3.129608412672809,0.0,0.0,0.0,1.1362155687193565,0.6
36.94,0.21992126882737895,0.17956496407084194,0.0,3.1302485415884247,0.0,0.0,0.0,1.1363589968217485,0.6
36.95,0.21970241983953753,0.17938627462052995,0.0,3.1308880595398025,0.0,0.0,0.0,1.1365022838156305,0.6
36.96,0.21948378433931554,0.17920775948212928,0.0,3.1315268991082643,0.0,0.0,0.0,1.136645414655066,0.6
36.97,0.21926536214003167,0.17902941850321524,0.0,3.132165220642899,0.0,0.0,0.0,1.1367884250896954,0.6
36.980000000000004,0.21904715305505762,0.17885125153140655,0.0,3.1328028761904667,0.0,0.0,0.0,1.1369312822934676,0.6
36.99,0.21882915689781812,0.17867325841436518,0.0,3.1334399921638636,0.0,0.0,0.0,1.1370740143263591,0.6
37.0,0.21861137348179202,0.17849543899979703,0.0,3.1340764301441455,0.0,0.0,0.0,1.1372165904635039,0.6
37.01,0.21839380262051225,0.17831779313545265,0.0,3.1347123480187147,0.0,0.0,0.0,1.1373590458188452,0.6
37.02,0.2181764441275674,0.17814032066912755,0.0,3.1353475978370335,0.0,0.0,0.0,1.137501347550661,0.6
37.03,0.21795929781660117,0.17796302144866255,0.0,3.135982312446186,0.0,0.0,0.0,1.1376435251610821,0.6
37.04,0.21774236350131404,0.17778589532194472,0.0,3.13661642686973,0.0,0.0,0.0,1.1377855642245376,0.6
37.050000000000004,0.21752564099546304,0.17760894213690734,0.0,3.1372498730014824,0.0,0.0,0.0,1.1379274495909546,0.6
37.06,0.21730913011286304,0.17743216174153081,0.0,3.1378827139339327,0.0,0.0,0.0,1.1380691953873843,0.6
37.07,0.21709283066738652,0.17725555398384268,0.0,3.138514956581995,0.0,0.0,0.0,1.138210803276179,0.6
37.08,0.21687674247296504,0.1770791187119187,0.0,3.13914661484045,0.0,0.0,0.0,1.1383522763436607,0.6
37.09,0.2166608653435892,0.17690285577388282,0.0,3.1397776709754797,0.0,0.0,0.0,1.1384936105954848,0.6
37.1,0.2164451990933093,0.17672676501790777,0.0,3.1404081235059214,0.0,0.0,0.0,1.1386348056772835,0.6
37.11,0.21622974353623622,0.1765508462922157,0.0,3.141037984184412,0.0,0.0,0.0,1.1387758641998338,0.6
37.12,0.2160144984865415,0.1763750994450784,0.0,3.1416672455392076,0.0,0.0,0.0,1.1389167845059465,0.6
37.13,0.21579946375845854,0.17619952432481795,0.0,3.142295908833631,0.0,0.0,0.0,1.1390575668594052,0.6
37.14,0.21558463916628268,0.17602412077980717,0.0,3.1429240635465363,0.0,0.0,0.0,1.1391982311250874,0.6
37.15,0.2153700245243717,0.17584888865846982,0.0,3.143551561885207,0.0,0.0,0.0,1.1393387443689968,0.6
37.160000000000004,0.2151556196471468,0.17567382780928145,0.0,3.144178455500742,0.0,0.0,0.0,1.1394791180468686,0.6
37.17,0.21494142434909266,0.17549893808076947,0.0,3.1448048328004186,0.0,0.0,0.0,1.1396193719100423,0.6
37.18,0.21472743844475853,0.1753242193215139,0.0,3.1454306105503895,0.0,0.0,0.0,1.1397594874148063,0.6
37.19,0.21451366174875827,0.17514967138014767,0.0,3.146055723630565,0.0,0.0,0.0,1.1398994500287618,0.6
37.2,0.21430009407577108,0.17497529410535695,0.0,3.146680327810671,0.0,0.0,0.0,1.140039294483633,0.6
37.21,0.2140867352405422,0.17480108734588182,0.0,3.1473042784683116,0.0,0.0,0.0,1.1401789886897544,0.6
37.22,0.21387358505788304,0.17462705095051653,0.0,3.1479276998310257,0.0,0.0,0.0,1.1403185602326071,0.6
37.230000000000004,0.21366064334267215,0.17445318476810992,0.0,3.1485504559129716,0.0,0.0,0.0,1.140457978922687,0.6
37.24,0.21344790990985554,0.17427948864756615,0.0,3.1491727025011507,0.0,0.0,0.0,1.1405972794068324,0.6
37.25,0.2132353845744472,0.17410596243784474,0.0,3.1497942934484535,0.0,0.0,0.0,1.1407364292391269,0.6
37.26,0.21302306715152947,0.17393260598796098,0.0,3.1504153596839855,0.0,0.0,0.0,1.1408754574987812,0.6
37.27,0.21281095745625386,0.17375941914698687,0.0,3.1510358372025573,0.0,0.0,0.0,1.1410143499804526,0.6
37.28,0.2125990553038415,0.1735864017640509,0.0,3.1516556591227185,0.0,0.0,0.0,1.1411530917945831,0.6
37.29,0.2123873605095833,0.17341355368833888,0.0,3.1522748874379753,0.0,0.0,0.0,1.1412916968303324,0.6
37.300000000000004,0.21217587288884093,0.17324087476909422,0.0,3.152893529705869,0.0,0.0,0.0,1.1414301668888456,0.6
37.31,0.21196459225704709,0.17306836485561827,0.0,3.1535115974462786,0.0,0.0,0.0,1.1415685045246136,0.6
37.32,0.21175351842970577,0.17289602379727076,0.0,3.154129075593243,0.0,0.0,0.0,1.1417067063462067,0.6
37.33,0.21154265122239324,0.17272385144347033,0.0,3.154745961625456,0.0,0.0,0.0,1.141844771761173,0.6
37.34,0.2113319904507585,0.17255184764369497,0.0,3.155362266725286,0.0,0.0,0.0,1.1419827032646361,0.6
37.35,0.21112153593052288,0.1723800122474818,0.0,3.155977984122531,0.0,0.0,0.0,1.1421204993441314,0.6
37.36,0.21091128747748178,0.17220834510442842,0.0,3.1565931153362445,0.0,0.0,0.0,1.1422581603257742,0.6
37.37,0.21070124490750453,0.1720368460641927,0.0,3.157207747555596,0.0,0.0,0.0,1.1423957055647609,0.6
37.38,0.2104914080365346,0.17186551497649316,0.0,3.157821735581327,0.0,0.0,0.0,1.142533102699224,0.6
37.39,0.21028177668059067,0.17169435169110972,0.0,3.1584351302072022,0.0,0.0,0.0,1.1426703630043686,0.6
37.4,0.21007235065576674,0.17152335605788369,0.0,3.1590480194094415,0.0,0.0,0.0,1.1428075061366718,0.6
37.410000000000004,0.20986312977823243,0.17135252792671826,0.0,3.1596603202946145,0.0,0.0,0.0,1.142944513624755,0.6
37.42,0.20965411386423422,0.1711818671475792,0.0,3.1602719698315274,0.0,0.0,0.0,1.1430813713899701,0.6
37.43,0.20944530273009493,0.17101137357049487,0.0,3.160883119790451,0.0,0.0,0.0,1.1432181132822308,0.6
37.44,0.20923669619221474,0.17084104704555653,0.0,3.1614936289075315,0.0,0.0,0.0,1.1433547079615372,0.6
37.45,0.20902829406707155,0.17067088742291903,0.0,3.1621036191012806,0.0,0.0,0.0,1.1434911824894574,0.6
37.46,0.20882009617122152,0.1705008945528011,0.0,3.1627129565249072,0.0,0.0,0.0,1.1436275071587878,0.6
37.47,0.2086121023212991,0.17033106828548547,0.0,3.1633217945603365,0.0,0.0,0.0,1.1437637160837357,0.6
37.480000000000004,0.20840431233401813,0.17016140847131953,0.0,3.163929989544348,0.0,0.0,0.0,1.1438997773625739,0.6
37.49,0.20819672602617195,0.16999191496071572,0.0,3.1645376700771877,0.0,0.0,0.0,1.1440357195612811,0.6
37.5,0.20798934321463344,0.16982258760415134,0.0,3.1651447732427713,0.0,0.0,0.0,1.1441715287172705,0.6
37.51,0.20778216371635622,0.16965342625216967,0.0,3.1657512331993836,0.0,0.0,0.0,1.1443071901694735,0.6
37.52,0.20757518734837446,0.1694844307553797,0.0,3.166357111264916,0.0,0.0,0.0,1.1444427176570666,0.6
37.53,0.20736841392780392,0.1693156009644571,0.0,3.1669624152389813,0.0,0.0,0.0,1.1445781130341033,0.6
37.54,0.20716184327184145,0.1691469367301438,0.0,3.167567154676835,0.0,0.0,0.0,1.144713378420361,0.6
37.550000000000004,0.20695547519776666,0.16897843790324907,0.0,3.1681713164437206,0.0,0.0,0.0,1.1448485108440258,0.6
37.56,0.20674930952294102,0.1688101043346493,0.0,3.168774898206595,0.0,0.0,0.0,1.1449835097697285,0.6
37.57,0.20654334606480937,0.1686419358752887,0.0,3.1693779092173324,0.0,0.0,0.0,1.145118377248908,0.6
37.58,0.20633758464089974,0.16847393237617964,0.0,3.1699803447455817,0.0,0.0,0.0,1.1452531122310345,0.6
37.59,0.20613202506882375,0.16830609368840269,0.0,3.1705822053615718,0.0,0.0,0.0,1.1453877148336447,0.6
37.6,0.20592666716627747,0.1681384196631071,0.0,3.1711835764983056,0.0,0.0,0.0,1.1455222040193571,0.6
37.61,0.20572151075104148,0.16797091015151153,0.0,3.1717843156601493,0.0,0.0,0.0,1.1456565480279437,0.6
37.62,0.20551655564098098,0.1678035650049035,0.0,3.1723844726516828,0.0,0.0,0.0,1.1457907579150757,0.6
37.63,0.20531180165404703,0.16763638407464057,0.0,3.17298413494022,0.0,0.0,0.0,1.1459248532171156,0.6
37.64,0.20510724860827623,0.1674693672121504,0.0,3.173583220128163,0.0,0.0,0.0,1.1460588155787081,0.6
37.65,0.2049028963217912,0.16730251426893059,0.0,3.174181667278238,0.0,0.0,0.0,1.1461926313894892,0.6
37.660000000000004,0.20469874461280155,0.16713582509654998,0.0,3.1747796239160624,0.0,0.0,0.0,1.146326333552572,0.6
37.67,0.2044947932996032,0.1669692995466478,0.0,3.1753769526780458,0.0,0.0,0.0,1.1464598915875488,0.6
37.68,0.20429104220058006,0.16680293747093516,0.0,3.175973772411358,0.0,0.0,0.0,1.146593331883847,0.6
37.69,0.2040874911342034,0.1666367387211944,0.0,3.176569952126814,0.0,0.0,0.0,1.1467266253619903,0.6
37.7,0.20388413991903268,0.16647070314928006,0.0,3.177165642125258,0.0,0.0,0.0,1.1468598054549135,0.6
37.71,0.2036809883737158,0.1663048306071186,0.0,3.177760701566306,0.0,0.0,0.0,1.1469928408838983,0.6
37.72,0.20347803631698955,0.16613912094670938,0.0,3.178355256920626,0.0,0.0,0.0,1.1471257597458406,0.6
37.730000000000004,0.20327528356768002,0.16597357402012444,0.0,3.1789492460105477,0.0,0.0,0.0,1.14725854824163,0.6
37.74,0.20307272994470257,0.16580818967950883,0.0,3.1795426041225414,0.0,0.0,0.0,1.147391191959722,0.6
37.75,0.20287037526706317,0.16564296777708154,0.0,3.1801353919297717,0.0,0.0,0.0,1.1475237044922741,0.6
37.76,0.20266821935385745,0.16547790816513475,0.0,3.180727634541952,0.0,0.0,0.0,1.1476560915348735,0.6
37.77,0.20246626202427218,0.16531301069603507,0.0,3.181319307246996,0.0,0.0,0.0,1.1477883475741886,0.6
37.78,0.2022645030975851,0.16514827522222342,0.0,3.1819104081549363,0.0,0.0,0.0,1.1479204721534078,0.6
37.79,0.2020629423931651,0.1649837015962151,0.0,3.1825009512637186,0.0,0.0,0.0,1.148052468387895,0.6
37.800000000000004,0.20186157973047325,0.16481928967060072,0.0,3.183090928520619,0.0,0.0,0.0,1.148184334482154,0.6
37.81,0.2016604149290624,0.1646550392980457,0.0,3.1836803411291923,0.0,0.0,0.0,1.1483160706999052,0.6
37.82,0.2014594478085782,0.1644909503312915,0.0,3.184269271413561,0.0,0.0,0.0,1.1484476953102007,0.6
37.83,0.20125867818875876,0.16432702262315474,0.0,3.184857577811014,0.0,0.0,0.0,1.1485791767759121,0.6
37.84,0.20105810588943573,0.1641632560265287,0.0,3.1854453199719375,0.0,0.0,0.0,1.1487105283329277,0.6
37.85,0.20085773073053398,0.16399965039438255,0.0,3.186032572654827,0.0,0.0,0.0,1.1488417666939796,0.6
37.86,0.20065755253207238,0.1638362055797624,0.0,3.1866192580655994,0.0,0.0,0.0,1.1489728745205405,0.6
37.87,0.20045757111416374,0.16367292143579093,0.0,3.187205334502227,0.0,0.0,0.0,1.1491038424833577,0.6
37.88,0.20025778629701582,0.16350979781566838,0.0,3.187790904898661,0.0,0.0,0.0,1.149234693556047,0.6
37.89,0.20005819790093107,0.16334683457267232,0.0,3.1883759261498987,0.0,0.0,0.0,1.1493654181964088,0.6
37.9,0.19985880574630674,0.16318403156015776,0.0,3.1889603232522306,0.0,0.0,0.0,1.1494959997035417,0.6
37.910000000000004,0.19965960965363622,0.16302138863155813,0.0,3.1895442338985474,0.0,0.0,0.0,1.1496264687476745,0.6
37.92,0.19946060944350827,0.16285890564038474,0.0,3.1901276039475572,0.0,0.0,0.0,1.1497568133282434,0.6
37.93,0.1992618049366079,0.16269658244022753,0.0,3.190710340358298,0.0,0.0,0.0,1.1498870127055787,0.6
37.94,0.19906319595371683,0.1625344188847555,0.0,3.191292585252344,0.0,0.0,0.0,1.1500170985383649,0.6
37.95,0.19886478231571328,0.16237241482771614,0.0,3.1918742554555743,0.0,0.0,0.0,1.1501470524210557,0.6
37.96,0.19866656384357276,0.1622105701229367,0.0,3.192455390428956,0.0,0.0,0.0,1.1502768830755912,0.6
37.97,0.19846854035836806,0.16204888462432362,0.0,3.1930358923140547,0.0,0.0,0.0,1.150406568806014,0.6
37.980000000000004,0.1982707116812699,0.16188735818586353,0.0,3.1936158569527437,0.0,0.0,0.0,1.1505361310049258,0.6
37.99,0.19807307763354687,0.16172599066162283,0.0,3.194195256549299,0.0,0.0,0.0,1.150665563591799,0.6
38.0,0.19787563803656605,0.16156478190574822,0.0,3.1947741148175983,0.0,0.0,0.0,1.150794871808567,0.6
38.01,0.197678392711793,0.16140373177246703,0.0,3.1953524122712342,0.0,0.0,0.0,1.1509240512959131,0.6
38.02,0.19748134148079238,0.16124284011608744,0.0,3.1959302340207967,0.0,0.0,0.0,1.151053120913139,0.6
38.03,0.1972844841652281,0.16108210679099857,0.0,3.196507456465886,0.0,0.0,0.0,1.1511820531210009,0.6
38.04,0.1970878205868635,0.16092153165167086,0.0,3.1970841095172036,0.0,0.0,0.0,1.1513108545462896,0.6
38.050000000000004,0.19689135056756185,0.1607611145526563,0.0,3.197660280217045,0.0,0.0,0.0,1.1514395446036638,0.6
38.06,0.19669507392928662,0.16060085534858856,0.0,3.1982358494311325,0.0,0.0,0.0,1.151568096813263,0.6
38.07,0.19649899049410147,0.16044075389418336,0.0,3.1988109216537457,0.0,0.0,0.0,1.151696534351385,0.6
38.08,0.19630310008417112,0.16028081004423866,0.0,3.199385375507522,0.0,0.0,0.0,1.1518248302919216,0.6
38.09,0.19610740252176093,0.16012102365363487,0.0,3.199959350852923,0.0,0.0,0.0,1.1519530157365083,0.6
38.1,0.1959118976292378,0.15996139457733508,0.0,3.2005327742985656,0.0,0.0,0.0,1.1520810743953063,0.6
38.11,0.19571658522907015,0.1598019226703854,0.0,3.201105588093831,0.0,0.0,0.0,1.1522089933901332,0.6
38.12,0.1955214651438281,0.15964260778791492,0.0,3.201677846449877,0.0,0.0,0.0,1.1523367848648334,0.6
38.13,0.19532653719618395,0.1594834497851362,0.0,3.202249577665178,0.0,0.0,0.0,1.1524644552157888,0.6
38.14,0.19513180120891246,0.15932444851734548,0.0,3.202820757402236,0.0,0.0,0.0,1.1525919990109803,0.6
38.15,0.19493725700489115,0.1591656038399228,0.0,3.2033913821635838,0.0,0.0,0.0,1.1527194154270208,0.6
38.160000000000004,0.19474290440710015,0.159006915608332,0.0,3.20396146719973,0.0,0.0,0.0,1.1528467078491549,0.6
38.17,0.19454874323862315,0.15884838367812162,0.0,3.204531004166083,0.0,0.0,0.0,1.1529738744183538,0.6
38.18,0.1943547733226471,0.15869000790492432,0.0,3.2050999938579343,0.0,0.0,0.0,1.1531009152984903,0.6
38.19,0.19416099448246257,0.1585317881444575,0.0,3.2056685175417803,0.0,0.0,0.0,1.1532278485195582,0.6
38.2,0.19396740654146455,0.15837372425252377,0.0,3.206236437706759,0.0,0.0,0.0,1.1533546434413269,0.6
38.21,0.19377400932315175,0.15821581608501042,0.0,3.2068038126815717,0.0,0.0,0.0,1.1534813130049355,0.6
38.22,0.19358080265112787,0.15805806349789056,0.0,3.207370707701999,0.0,0.0,0.0,1.1536078717952727,0.6
38.230000000000004,0.19338778634910103,0.1579004663472223,0.0,3.207937057725054,0.0,0.0,0.0,1.153734305307058,0.6
38.24,0.19319496024088464,0.15774302448914998,0.0,3.2085028177751793,0.0,0.0,0.0,1.1538606034845074,0.6
38.25,0.19300232415039703,0.15758573777990362,0.0,3.209068120512366,0.0,0.0,0.0,1.1539867958896417,0.6
38.26,0.1928098779016626,0.15742860607579953,0.0,3.209632794569974,0.0,0.0,0.0,1.1541128444568276,0.6
38.27,0.19261762131881072,0.15727162923324017,0.0,3.2101969585506827,0.0,0.0,0.0,1.1542387755651098,0.6
38.28,0.19242555422607766,0.15711480710871487,0.0,3.2107606234160833,0.0,0.0,0.0,1.1543645917314218,0.6
38.29,0.1922336764478053,0.15695813955879945,0.0,3.211323699755371,0.0,0.0,0.0,1.1544902730355926,0.6
38.300000000000004,0.19204198780844234,0.15680162644015694,0.0,3.211886176095468,0.0,0.0,0.0,1.1546158169592633,0.6
38.31,0.19185048813254393,0.15664526760953715,0.0,3.212448150810146,0.0,0.0,0.0,1.1547412455125725,0.6
38.32,0.1916591772447725,0.15648906292377765,0.0,3.2130096063619114,0.0,0.0,0.0,1.1548665548286317,0.6
38.33,0.1914680549698978,0.1563330122398033,0.0,3.2135705020897283,0.0,0.0,0.0,1.1549917357616286,0.6
38.34,0.19127712113279646,0.15617711541462667,0.0,3.2141309440697206,0.0,0.0,0.0,1.1551168118400346,0.6
38.35,0.19108637555845326,0.15602137230534843,0.0,3.2146908434486976,0.0,0.0,0.0,1.1552417632431795,0.6
38.36,0.19089581807196077,0.15586578276915708,0.0,3.2152501426836566,0.0,0.0,0.0,1.1553665771163444,0.6
38.37,0.19070544849851964,0.15571034666332975,0.0,3.2158089626995405,0.0,0.0,0.0,1.155491280448611,0.6
38.38,0.19051526666343888,0.15555506384523174,0.0,3.2163672611805327,0.0,0.0,0.0,1.1556158638829164,0.6
38.39,0.19032527239213612,0.1553999341723172,0.0,3.216924969305128,0.0,0.0,0.0,1.1557403120633543,0.6
38.4,0.1901354655101378,0.155244957502129,0.0,3.217482208029308,0.0,0.0,0.0,1.1558646519225872,0.6
38.410000000000004,0.18994584584307941,0.15509013369229918,0.0,3.2180389126315783,0.0,0.0,0.0,1.1559888691011964,0.6
38.42,0.18975641321670544,0.1549354626005487,0.0,3.218595024408379,0.0,0.0,0.0,1.1561129505050785,0.6
38.43,0.18956716745687016,0.15478094408468807,0.0,3.2191506714450577,0.0,0.0,0.0,1.1562369246862312,0.6
38.44,0.18937810838953736,0.15462657800261748,0.0,3.219705802278188,0.0,0.0,0.0,1.1563607802271318,0.6
38.45,0.1891892358407808,0.1544723642123266,0.0,3.2202603271679155,0.0,0.0,0.0,1.1564844971162604,0.6
38.46,0.1890005496367842,0.15431830257189522,0.0,3.22081438296599,0.0,0.0,0.0,1.156608105842945,0.6
38.47,0.18881204960384165,0.15416439293949283,0.0,3.2213678909151895,0.0,0.0,0.0,1.1567315889851233,0.6
38.480000000000004,0.18862373556835788,0.15401063517337968,0.0,3.2219208805580912,0.0,0.0,0.0,1.1568549530584658,0.6
38.49,0.18843560735684808,0.15385702913190585,0.0,3.2224732690999702,0.0,0.0,0.0,1.1569781797111625,0.6
38.5,0.18824766479593863,0.15370357467351245,0.0,3.2230251478824097,0.0,0.0,0.0,1.1571012893383554,0.6
38.51,0.18805990771236675,0.15355027165673107,0.0,3.223576502984435,0.0,0.0,0.0,1.1572242789194285,0.6
38.52,0.18787233593298122,0.15339711994018423,0.0,3.2241273235440917,0.0,0.0,0.0,1.1573471459959281,0.6
38.53,0.1876849492847423,0.15324411938258564,0.0,3.224677614488309,0.0,0.0,0.0,1.1574698916360635,0.6
38.54,0.18749774759472182,0.15309126984274007,0.0,3.225227378702784,0.0,0.0,0.0,1.157592516484385,0.6
38.550000000000004,0.1873107306901037,0.15293857117954365,0.0,3.2257766132511865,0.0,0.0,0.0,1.1577150198791184,0.6
38.56,0.18712389839818397,0.15278602325198434,0.0,3.2263253203392805,0.0,0.0,0.0,1.1578374023025575,0.6
38.57,0.18693725054637075,0.1526336259191413,0.0,3.226873501319672,0.0,0.0,0.0,1.1579596640466245,0.6
38.58,0.1867507869621849,0.15248137904018608,0.0,3.2274211554477734,0.0,0.0,0.0,1.1580818049382506,0.6
38.59,0.18656450747325973,0.1523292824743817,0.0,3.2279683601660083,0.0,0.0,0.0,1.1582038421578265,0.6
38.6,0.18637841190734158,0.1521773360810837,0.0,3.2285149843333247,0.0,0.0,0.0,1.1583257464748282,0.6
38.61,0.18619250009228988,0.15202553971973992,0.0,3.229061083616427,0.0,0.0,0.0,1.1584475302463637,0.6
38.62,0.18600677185607703,0.1518738932498904,0.0,3.2296067163168036,0.0,0.0,0.0,1.158569206514588,0.6
38.63,0.18582122702678902,0.1517223965311679,0.0,3.230151824823363,0.0,0.0,0.0,1.1586907624274716,0.6
38.64,0.18563586543262545,0.15157104942329805,0.0,3.230696363524003,0.0,0.0,0.0,1.1588121878023898,0.6
38.65,0.18545068690189961,0.1514198517860992,0.0,3.2312404355083952,0.0,0.0,0.0,1.1589335056284258,0.6
38.660000000000004,0.18526569126303885,0.15126880347948282,0.0,3.2317839913649786,0.0,0.0,0.0,1.1590547049556719,0.6
38.67,0.18508087834458448,0.1511179043634536,0.0,3.232326964673633,0.0,0.0,0.0,1.159175770982962,0.6
38.68,0.1848962479751922,0.15096715429810936,0.0,3.232869480596847,0.0,0.0,0.0,1.1592967316052207,0.6
38.69,0.18471179998363227,0.15081655314364165,0.0,3.233411471191745,0.0,0.0,0.0,1.1594175717600665,0.6
38.7,0.18452753419878928,0.15066610076033543,0.0,3.2339528802382116,0.0,0.0,0.0,1.159538278921943,0.6
38.71,0.18434345044966297,0.15051579700856946,0.0,3.2344937716336117,0.0,0.0,0.0,1.159658867390425,0.6
38.72,0.18415954856536781,0.15036564174881625,0.0,3.2350341572808174,0.0,0.0,0.0,1.1597793399118186,0.6
38.730000000000004,0.18397582837513363,0.15021563484164266,0.0,3.2355740201461507,0.0,0.0,0.0,1.1598996926729717,0.6
38.74,0.18379228970830527,0.15006577614770927,0.0,3.236113359268438,0.0,0.0,0.0,1.1600199254262669,0.6
38.75,0.18360893239434325,0.1499160655277712,0.0,3.236652183935853,0.0,0.0,0.0,1.160140040238659,0.6
38.76,0.18342575626282365,0.1497665028426778,0.0,3.2371904896361694,0.0,0.0,0.0,1.160260036103337,0.6
38.77,0.18324276114343815,0.14961708795337317,0.0,3.2377282768106026,0.0,0.0,0.0,1.1603799131120383,0.6
38.78,0.1830599468659949,0.14946782072089587,0.0,3.2382656209726277,0.0,0.0,0.0,1.1604996880242884,0.6
38.79,0.18287731326041748,0.14931870100637942,0.0,3.2388023912504034,0.0,0.0,0.0,1.1606193316785818,0.6
38.800000000000004,0.18269486015674608,0.14916972867105205,0.0,3.239338643592286,0.0,0.0,0.0,1.1607388564999361,0.6
38.81,0.18251258738513715,0.14902090357623715,0.0,3.2398744468633147,0.0,0.0,0.0,1.1608582778775551,0.6
38.82,0.182330494775864,0.1488722255833534,0.0,3.2404097290852185,0.0,0.0,0.0,1.1609775797713526,0.6
38.83,0.18214858215931629,0.14872369455391457,0.0,3.240944451168524,0.0,0.0,0.0,1.1610967534337289,0.6
38.84,0.1819668493660006,0.1485753103495299,0.0,3.2414787098204627,0.0,0.0,0.0,1.1612158204444225,0.6
38.85,0.18178529622654055,0.14842707283190407,0.0,3.2420124641032046,0.0,0.0,0.0,1.1613347717473759,0.6
38.86,0.1816039225716771,0.1482789818628377,0.0,3.242545644589242,0.0,0.0,0.0,1.1614535918793587,0.6
38.87,0.18142272823226815,0.14813103730422678,0.0,3.243078378286524,0.0,0.0,0.0,1.1615723091322216,0.6
38.88,0.1812417130392892,0.14798323901806357,0.0,3.243610594703478,0.0,0.0,0.0,1.1616909078820064,0.6
38.89,0.1810608768238333,0.1478355868664359,0.0,3.2441422396827146,0.0,0.0,0.0,1.161809376055378,0.6
38.9,0.18088021941711133,0.14768808071152814,0.0,3.244673375233579,0.0,0.0,0.0,1.1619277275306557,0.6
38.910000000000004,0.18069974065045175,0.1475407204156205,0.0,3.245204013639235,0.0,0.0,0.0,1.162045965139818,0.6
38.92,0.18051944035530132,0.14739350584108993,0.0,3.2457341382501173,0.0,0.0,0.0,1.1621640851600772,0.6
38.93,0.1803393183632246,0.14724643685040942,0.0,3.246263747766631,0.0,0.0,0.0,1.1622820872708972,0.6
38.94,0.1801593745059047,0.14709951330614873,0.0,3.246792851532155,0.0,0.0,0.0,1.1623999735480652,0.6
38.95,0.17997960861514292,0.14695273507097437,0.0,3.24732144502789,0.0,0.0,0.0,1.1625177429864877,0.6
38.96,0.17980002052285912,0.1468061020076493,0.0,3.2478495286218116,0.0,0.0,0.0,1.1626353956645057,0.6
38.97,0.179620610061092,0.14665961397903376,0.0,3.248377176583192,0.0,0.0,0.0,1.1627529480591876,0.6
38.980000000000004,0.17944137706199864,0.1465132708480846,0.0,3.24890425955597,0.0,0.0,0.0,1.1628703713600363,0.6
38.99,0.17926232135785541,0.14636707247785602,0.0,3.2494308330295905,0.0,0.0,0.0,1.1629876778826675,0.6
39.0,0.17908344278105756,0.1462210187314993,0.0,3.249956965975823,0.0,0.0,0.0,1.1631048830420854,0.6
39.01,0.17890474116411928,0.146075109472263,0.0,3.250482586175765,0.0,0.0,0.0,1.163221970736123,0.6
39.02,0.1787262163396745,0.1459293445634931,0.0,3.25100765503574,0.0,0.0,0.0,1.1633389323400658,0.6
39.03,0.17854786814047613,0.14578372386863298,0.0,3.2515322994522693,0.0,0.0,0.0,1.1634557961261538,0.6
39.04,0.17836969639939676,0.14563824725122373,0.0,3.2520563647435345,0.0,0.0,0.0,1.1635725277598883,0.6
39.050000000000004,0.1781917009494288,0.1454929145749042,0.0,3.2525799731612017,0.0,0.0,0.0,1.163689154402708,0.6
39.06,0.17801388162368395,0.1453477257034107,0.0,3.253103109880625,0.0,0.0,0.0,1.1638056728097086,0.6
39.07,0.1778362382553944,0.1452026805005778,0.0,3.253625672431686,0.0,0.0,0.0,1.163922060183165,0.6
39.08,0.17765877067791164,0.1450577788303376,0.0,3.2541477753255785,0.0,0.0,0.0,1.1640383420204428,0.6
39.09,0.17748147872470796,0.14491302055672078,0.0,3.254669313932799,0.0,0.0,0.0,1.164154495182587,0.6
39.1,0.1773043622293754,0.1447684055438559,0.0,3.2551903598781986,0.0,0.0,0.0,1.1642705356188663,0.6
39.11,0.17712742102562637,0.14462393365596954,0.0,3.2557109130135395,0.0,0.0,0.0,1.1643864633575822,0.6
39.12,0.17695065494729387,0.14447960475738705,0.0,3.25623096157712,0.0,0.0,0.0,1.1645022757613985,0.6
39.13,0.17677406382833136,0.14433541871253194,0.0,3.256750505731385,0.0,0.0,0.0,1.1646179728353734,0.6
39.14,0.17659764750281304,0.14419137538592638,0.0,3.257269551569055,0.0,0.0,0.0,1.1647335559365852,0.6
39.15,0.17642140580493368,0.14404747464219098,0.0,3.257788096203875,0.0,0.0,0.0,1.1648490244254657,0.6
39.160000000000004,0.176245338569009,0.14390371634604512,0.0,3.2583061400018294,0.0,0.0,0.0,1.1649643783706425,0.6
39.17,0.17606944562947588,0.14376010036230702,0.0,3.258823755214399,0.0,0.0,0.0,1.1650796337975005,0.6
39.18,0.17589372682089197,0.14361662655589352,0.0,3.2593408668357244,0.0,0.0,0.0,1.1651947739595399,0.6
39.19,0.1757181819779363,0.14347329479182075,0.0,3.259857422079201,0.0,0.0,0.0,1.1653097870868367,0.6
39.2,0.1755428109354091,0.14333010493520354,0.0,3.2603735424324527,0.0,0.0,0.0,1.1654247002523357,0.6
39.21,0.17536761352823188,0.14318705685125593,0.0,3.26088916935661,0.0,0.0,0.0,1.1655395005012719,0.6
39.22,0.17519258959144782,0.14304415040529125,0.0,3.2614042455536474,0.0,0.0,0.0,1.1656541750538048,0.6
39.230000000000004,0.1750177389602215,0.1429013854627219,0.0,3.2619188860016575,0.0,0.0,0.0,1.165768749507618,0.6
39.24,0.1748430614698391,0.14275876188905964,0.0,3.262433027985288,0.0,0.0,0.0,1.1658832099672019,0.6
39.25,0.174668556955709,0.14261627954991593,0.0,3.262946616507624,0.0,0.0,0.0,1.1659975441892687,0.6
39.26,0.17449422525336075,0.14247393831100133,0.0,3.2634597071343747,0.0,0.0,0.0,1.1661117646051349,0.6
39.27,0.17432006619844637,0.1423317380381262,0.0,3.2639723188925642,0.0,0.0,0.0,1.166225875539463,0.6
39.28,0.1741460796267397,0.14218967859720033,0.0,3.2644844334426573,0.0,0.0,0.0,1.1663398729025318,0.6
39.29,0.17397226537413674,0.1420477598542335,0.0,3.2649960478565117,0.0,0.0,0.0,1.16645375600228,0.6
39.300000000000004,0.1737986232766556,0.14190598167533505,0.0,3.265507173175017,0.0,0.0,0.0,1.166567527291462,0.6
39.31,0.17362515317043692,0.1417643439267143,0.0,3.2660178044759873,0.0,0.0,0.0,1.1666811856789183,0.6
39.32,0.1734518548917434,0.14162284647468038,0.0,3.266527941522461,0.0,0.0,0.0,1.166794731100612,0.6
39.33,0.1732787282769606,0.14148148918564266,0.0,3.2670376573517643,0.0,0.0,0.0,1.1669081797495877,0.6
39.34,0.17310577316259612,0.14134027192611007,0.0,3.2675468260034948,0.0,0.0,0.0,1.1670215035858944,0.6
39.35,0.1729329893852808,0.14119919456269234,0.0,3.2680555012880315,0.0,0.0,0.0,1.1671347145519448,0.6
39.36,0.17276037678176753,0.14105825696209875,0.0,3.2685637498392213,0.0,0.0,0.0,1.1672478275183396,0.6
39.37,0.17258793518893267,0.1409174589911394,0.0,3.269071501851188,0.0,0.0,0.0,1.1673608269394815,0.6
39.38,0.17241566444377507,0.14077680051672425,0.0,3.269578719668509,0.0,0.0,0.0,1.1674737044011176,0.6
39.39,0.17224356438341634,0.14063628140586398,0.0,3.270085526973176,0.0,0.0,0.0,1.1675864874365711,0.6
39.4,0.17207163484510168,0.14049590152566954,0.0,3.270591769822738,0.0,0.0,0.0,1.1676991418984652,0.6
39.410000000000004,0.17189987566619902,0.14035566074335257,0.0,3.271097484449926,0.0,0.0,0.0,1.1678116758577675,0.6
39.42,0.1717282866841994,0.14021555892622498,0.0,3.27160274186676,0.0,0.0,0.0,1.1679241052360858,0.6
39.43,0.1715568677367174,0.1400755959416997,0.0,3.2721075239964135,0.0,0.0,0.0,1.1680364260379301,0.6
39.44,0.17138561866149077,0.13993577165729018,0.0,3.2726118055665894,0.0,0.0,0.0,1.168148632563358,0.6
39.45,0.17121453929638067,0.13979608594061047,0.0,3.2731156733277977,0.0,0.0,0.0,1.168260744031774,0.6
39.46,0.17104362947937166,0.1396565386593756,0.0,3.273619049347114,0.0,0.0,0.0,1.1683727430689137,0.6
39.47,0.17087288904857198,0.1395171296814016,0.0,3.274121897570705,0.0,0.0,0.0,1.1684846216184825,0.6
39.480000000000004,0.17070231784221349,0.13937785887460513,0.0,3.2746242836614528,0.0,0.0,0.0,1.1685963943487945,0.6
39.49,0.17053191569865164,0.13923872610700413,0.0,3.275126210956196,0.0,0.0,0.0,1.1687080620621861,0.6
39.5,0.17036168245636554,0.13909973124671732,0.0,3.275627652020682,0.0,0.0,0.0,1.1688196186257855,0.6
39.51,0.17019161795395832,0.13896087416196468,0.0,3.27612856366704,0.0,0.0,0.0,1.1689310544487472,0.6
39.52,0.17002172203015695,0.13882215472106726,0.0,3.2766290510633937,0.0,0.0,0.0,1.1690423929564842,0.6
39.53,0.1698519945238121,0.1386835727924473,0.0,3.2771290321917315,0.0,0.0,0.0,1.1691536159685396,0.6
39.54,0.16968243527389879,0.13854512824462845,0.0,3.277628490844802,0.0,0.0,0.0,1.1692647198634367,0.6
39.550000000000004,0.16951304411951576,0.1384068209462353,0.0,3.2781274728084364,0.0,0.0,0.0,1.16937571490059,0.6
39.56,0.1693438208998862,0.13826865076599418,0.0,3.278625978288347,0.0,0.0,0.0,1.1694866011884735,0.6
39.57,0.16917476545435728,0.13813061757273262,0.0,3.2791240022408887,0.0,0.0,0.0,1.1695973775857011,0.6
39.58,0.16900587762240038,0.13799272123537956,0.0,3.2796215414993273,0.0,0.0,0.0,1.1697080433620588,0.6
39.59,0.16883715724361137,0.13785496162296546,0.0,3.2801186017519037,0.0,0.0,0.0,1.1698185997760933,0.6
39.6,0.16866860415771043,0.1377173386046225,0.0,3.2806151817256928,0.0,0.0,0.0,1.1699290465470884,0.6
39.61,0.16850021820454192,0.13757985204958414,0.0,3.281111280903486,0.0,0.0,0.0,1.1700393835490355,0.6
39.62,0.1683319992240749,0.1374425018271857,0.0,3.2816069698607637,0.0,0.0,0.0,1.1701496264261955,0.6
39.63,0.16816394705640292,0.13730528780686405,0.0,3.2821021260873016,0.0,0.0,0.0,1.1702597479159196,0.6
39.64,0.1679960615417441,0.13716820985815786,0.0,3.2825968023760157,0.0,0.0,0.0,1.170369759724915,0.6
39.65,0.1678283425204412,0.13703126785070752,0.0,3.2830910589742004,0.0,0.0,0.0,1.1704796753107662,0.6
39.660000000000004,0.16766078983296165,0.13689446165425515,0.0,3.2835848349101076,0.0,0.0,0.0,1.1705894810919883,0.6
39.67,0.1674934033198973,0.1367577911386447,0.0,3.284078090205434,0.0,0.0,0.0,1.1706991681397223,0.6
39.68,0.16732618282196554,0.13662125617382237,0.0,3.2845709466161246,0.0,0.0,0.0,1.1708087635558386,0.6
39.69,0.1671591281800077,0.1364848566298357,0.0,3.2850632567345777,0.0,0.0,0.0,1.1709182346449631,0.6
39.7,0.16699223923499062,0.13634859237683467,0.0,3.2855551363580933,0.0,0.0,0.0,1.1710276071071573,0.6
39.71,0.16682551582800578,0.13621246328507086,0.0,3.2860464821255375,0.0,0.0,0.0,1.1711368580785557,0.6
39.72,0.16665895780026968,0.13607646922489833,0.0,3.286537423432376,0.0,0.0,0.0,1.1712460163035656,0.6
39.730000000000004,0.16649256499312381,0.13594061006677274,0.0,3.2870279039761203,0.0,0.0,0.0,1.1713550692732808,0.6
39.74,0.1663263372480349,0.1358048856812523,0.0,3.2875178427945015,0.0,0.0,0.0,1.1714639989580853,0.6
39.75,0.16616027440659428,0.1356692959389969,0.0,3.288007365298934,0.0,0.0,0.0,1.1715728332586526,0.6
39.76,0.16599437631051905,0.1355338407107691,0.0,3.2884964093977502,0.0,0.0,0.0,1.1716815584628533,0.6
39.77,0.16582864280165122,0.1353985198674333,0.0,3.2889849338932438,0.0,0.0,0.0,1.1717901653987561,0.6
39.78,0.16566307372195774,0.13526333327995624,0.0,3.2894729903639277,0.0,0.0,0.0,1.1718986655893695,0.6
39.79,0.16549766891353135,0.1351282808194071,0.0,3.289960568508894,0.0,0.0,0.0,1.1720070568302239,0.6
39.800000000000004,0.16533242821858962,0.13499336235695705,0.0,3.29044767580945,0.0,0.0,0.0,1.1721153407794076,0.6
39.81,0.1651673514794758,0.1348585777638799,0.0,3.290934310422283,0.0,0.0,0.0,1.1722235170183122,0.6
39.82,0.1650024385386584,0.13472392691155174,0.0,3.2914205400402547,0.0,0.0,0.0,1.1723316005261526,0.6
39.83,0.16483768923873107,0.1345894096714509,0.0,3.2919062572415894,0.0,0.0,0.0,1.1724395674027792,0.6
39.84,0.16467310342241345,0.13445502591515832,0.0,3.292391549572345,0.0,0.0,0.0,1.172547437030829,0.6
39.85,0.16450868093255017,0.1343207755143573,0.0,3.292876364712354,0.0,0.0,0.0,1.1726551978325128,0.6
39.86,0.16434442161211163,0.13418665834083374,0.0,3.293360696676338,0.0,0.0,0.0,1.1727628484742956,0.6
39.87,0.16418032530419369,0.13405267426647588,0.0,3.293844529134428,0.0,0.0,0.0,1.1728703854007447,0.6
39.88,0.16401639185201772,0.1339188231632745,0.0,3.29432788839071,0.0,0.0,0.0,1.1729778145362793,0.6
39.89,0.1638526210989309,0.13378510490332315,0.0,3.2948107878667314,0.0,0.0,0.0,1.173085138907724,0.6
39.9,0.16368901288840598,0.1336515193588179,0.0,3.2952932217822126,0.0,0.0,0.0,1.1731923572141647,0.6
39.910000000000004,0.16352556706404114,0.1335180664020571,0.0,3.2957751828806097,0.0,0.0,0.0,1.1732994678174324,0.6
39.92,0.1633622834695606,0.1333847459054421,0.0,3.2962566795939816,0.0,0.0,0.0,1.1734064725796067,0.6
39.93,0.16319916194881412,0.1332515577414769,0.0,3.2967377103830717,0.0,0.0,0.0,1.1735133711560175,0.6
39.94,0.16303620234577726,0.13311850178276796,0.0,3.2972182739367195,0.0,0.0,0.0,1.1736201632464893,0.6
39.95,0.16287340450455126,0.1329855779020245,0.0,3.2976984394228546,0.0,0.0,0.0,1.1737268641671328,0.6
39.96,0.16271076826936337,0.13285278597205868,0.0,3.2981780873812507,0.0,0.0,0.0,1.1738334473454597,0.6
39.97,0.16254829348456656,0.1327201258657851,0.0,3.298657269567302,0.0,0.0,0.0,1.1739399242514186,0.6
39.980000000000004,0.16238597999463947,0.13258759745622115,0.0,3.2991360448293414,0.0,0.0,0.0,1.1740463080161174,0.6
39.99,0.1622238276441868,0.13245520061648716,0.0,3.299614353484687,0.0,0.0,0.0,1.1741525853505779,0.6
40.0,0.1620618362779393,0.1323229352198063,0.0,3.300092166453351,0.0,0.0,0.0,1.1742587497519068,0.6
