time,referenceVector[3],quadChassisTest17_1.body.r_0[3],controllerDiagnostics[11],controllerDiagnostics[12],controllerDiagnostics[13],controllerDiagnostics[14],controllerDiagnostics[15],max_motor_q,q_domain_usage_percent
0.0,0.0,0.0,1.0,1.0,0.0,0.0,3600.0,216.59049801000003,6.016402722500001
0.05,0.015,0.0002743822758501,1.0,1.0,0.0,-0.2034920774844673,3600.0,216.77693694355324,6.021581581765368
0.1,0.03,0.00066471958717,1.0,1.0,0.0,-0.3026897676300386,3600.0,218.235659228992,6.062101645249778
0.15,0.045,0.0006971063616712,1.0921108089773872,1.0,1.0,0.0185180036031818,3600.0,219.2513192591202,6.09031442386445
0.2,0.06,0.0007553335221015,1.0942559570555102,1.0,1.0,-0.0451771571908863,3600.0,220.2132885143762,6.117035792066005
0.25,0.075,0.0008205881454985,1.0968285124812125,1.03472,1.0,-0.0944495657597389,3600.0,228.53104853907317,6.3480846816409215
0.3,0.09,0.0015274808374029,1.10116642615098,1.0781200000000002,1.0,-0.0737261442357559,3600.0,237.7459174332442,6.604053262034561
0.35,0.105,0.003827649981394,1.1037566380099644,1.1037566380099644,1.0,-0.0436780511959579,3600.0,241.80632867598152,6.71684246322171
0.4,0.12,0.0082495858484101,1.1050142099813007,1.1050142099813007,1.0,-0.0360965294041809,3600.0,240.25895964746715,6.673859990207421
0.45,0.135,0.0146700092708555,1.105883849775029,1.105883849775029,1.0,-0.0304879131612941,3600.0,238.69956967846232,6.630543602179509
0.5,0.15,0.0229169432006661,1.106516105955775,1.106516105955775,1.0,-0.0264390202239404,3600.0,237.17127768246448,6.588091046735124
0.55,0.165,0.0328214983436117,1.10699773404666,1.10699773404666,1.0,-0.0233915179999827,3600.0,235.69948008080516,6.547207780022365
0.6,0.18,0.0442207107602556,1.1073778195088968,1.1073778195088968,1.0,-0.0210195993895664,3600.0,234.29792788981837,6.508275774717177
0.65,0.195,0.0569591988199685,1.1076861933334097,1.1076861933334097,1.0,-0.0191245984790104,3600.0,232.97402245657065,6.471500623793629
0.7000000000000001,0.21,0.0708900555717243,1.1079420278291612,1.1079420278291612,1.0,-0.0175783100508129,3600.0,231.7313984747647,6.436983290965686
0.75,0.225,0.0858752946837932,1.108158204222064,1.108158204222064,1.0,-0.0162943433311246,3600.0,230.57130752565075,6.404758542379187
0.8,0.24,0.1017860171404595,1.1083436948353096,1.1083436948353096,1.0,-0.0152122084108387,3600.0,229.49341974487385,6.374817215135385
0.85,0.255,0.1185023936304742,1.1085049401849123,1.1085049401849123,1.0,-0.0142884848468239,3600.0,228.4963218038327,6.347120050106463
0.9,0.27,0.1359135212271001,1.1086466820880214,1.1086466820880214,1.0,-0.0134908842539367,3600.0,227.577842205297,6.321606727924917
0.95,0.285,0.1539171927945599,1.108772487403959,1.108772487403959,1.0,-0.0127952898819997,3600.0,226.7352752366325,6.298202089906459
1.0,0.3,0.1724196051287416,1.108885091193903,1.108885091193903,1.0,-0.0121831368061023,3600.0,225.96554172388778,6.276820603441328
1.05,0.315,0.1913350234932876,1.1089866245062123,1.1089866245062123,1.0,-0.0116399914997335,3600.0,225.26530667992282,6.257369629997856
1.1,0.33,0.2105854168326987,1.1090787733876728,1.1090787733876728,1.0,-0.0111542703777911,3600.0,224.63107003240145,6.2397519453444845
1.15,0.345,0.2301000737037172,1.1091628881949198,1.1091628881949198,1.0,-0.0107168028863661,3600.0,224.05923555648528,6.223867654346813
1.2,0.36,0.2498152066948953,1.1092400637158877,1.1092400637158877,1.0,-0.0103202842635076,3600.0,223.5461661872013,6.209615727422259
1.25,0.375,0.26967355175287,1.1093111971256044,1.1093111971256044,1.0,-0.0099584659641826,3600.0,223.08822706862713,6.196895196350754
1.3,0.39,0.289623967301977,1.1093770302945936,1.1093770302945936,1.0,-0.0096265406432682,3600.0,222.6818205816331,6.185606127267587
1.35,0.4050000000000001,0.30962103693535,1.1094381826226214,1.1094381826226214,1.0,-0.0093205189296705,3600.0,222.32341413949428,6.17565039276373
1.4,0.42,0.3296246790758178,1.1094951752886035,1.1094951752886035,1.0,-0.0090367834355264,3600.0,222.0095617216059,6.166932270044608
1.45,0.4349999999999999,0.3495997659318171,1.1095484504902755,1.1095484504902755,1.0,-0.0087725760370693,3600.0,221.7369224111578,6.159358955865494
1.5,0.45,0.3695157537701435,1.1095983854993596,1.1095983854993596,1.0,-0.008525455707314,3600.0,221.50227285145058,6.152840912540294
1.55,0.465,0.3893463259456618,1.1096453048947388,1.1096453048947388,1.0,-0.0082934048418439,3600.0,221.30251851067965,6.1472921808522125
1.6,0.4800000000000001,0.4090690503212513,1.1096894894154754,1.1096894894154754,1.0,-0.0080747280969228,3600.0,221.1347009129091,6.142630580914142
1.65,0.495,0.4286650510450822,1.1097311832421075,1.1097311832421075,1.0,-0.007867917875568,3600.0,220.99600281729474,6.138777856035964
1.7,0.51,0.4481186965955176,1.1097706002508472,1.1097706002508472,1.0,-0.0076717356691216,3600.0,220.88375200456343,6.135659777904539
1.75,0.525,0.4674173030111886,1.1098079284455498,1.1098079284455498,1.0,-0.0074851794867245,3600.0,220.79542252723135,6.133206181311982
1.8,0.54,0.4865508538746123,1.109843334065416,1.109843334065416,1.0,-0.0073072539444801,3600.0,220.72863484614817,6.13135096794856
1.85,0.555,0.5055117360917287,1.109876964634306,1.109876964634306,1.0,-0.0071371987100077,3600.0,220.68115491864137,6.130032081073371
1.9,0.5700000000000001,0.5242944916112946,1.1099089519996423,1.1099089519996423,1.0,-0.006974324305937,3600.0,220.65089241342793,6.129191455928554
1.95,0.585,0.5428955858987782,1.109939414147339,1.109939414147339,1.0,-0.0068180670652429,3600.0,220.63589737266275,6.12877492701841
2.0,0.6,0.561313190494419,1.1099684571907489,1.1099684571907489,1.0,-0.006667855961322,3600.0,220.63435665030497,6.128732129175138
2.05,0.615,0.5795469815958298,1.1099961771688829,1.1099961771688829,1.0,-0.0065233175779683,3600.0,220.64459030946557,6.129016397485155
2.1,0.6300000000000001,0.5975979499436712,1.110022660799966,1.110022660799966,1.0,-0.006384023437597,3600.0,220.66504615467036,6.12958461540751
2.15,0.6449999999999999,0.6154682405244913,1.1100479871211926,1.1100479871211926,1.0,-0.0062496227286504,3600.0,220.69429475781027,6.130397076605841
2.2,0.66,0.633160976403996,1.1100722282382895,1.1100722282382895,1.0,-0.0061198373450781,3600.0,220.73102505976607,6.13141736277128
2.25,0.675,0.6506801236016734,1.110095450102346,1.110095450102346,1.0,-0.005994405633398,3600.0,220.77403804189194,6.132612167830332
2.3000000000000003,0.6900000000000001,0.6680303545181251,1.1101177132783102,1.1101177132783102,1.0,-0.0058730715065942,3600.0,220.8222414288968,6.133951150802689
2.35,0.7050000000000001,0.6852169268467722,1.1101390734555998,1.1101390734555998,1.0,-0.0057555600508881,3600.0,220.87464382852158,6.135406773014489
2.4,0.72,0.7022455726084172,1.110159581949991,1.110159581949991,1.0,-0.0056418760819476,3600.0,220.93034940418931,6.13695415011637
2.45,0.7350000000000001,0.7191223983337646,1.1101792863219082,1.1101792863219082,1.0,-0.0055317621970414,3600.0,220.98855182161878,6.1385708839338555
2.5,0.75,0.7358537952142535,1.1101982306329488,1.1101982306329488,1.0,-0.0054249034997031,3600.0,221.04852872440304,6.140236909011196
2.5500000000000003,0.765,0.7524463586152567,1.1102164556897895,1.1102164556897895,1.0,-0.0053214292665361,3600.0,221.10963665121218,6.14193435142256
2.6,0.78,0.7689068157106754,1.110233999583712,1.110233999583712,1.0,-0.0052209524230291,3600.0,221.17130499681033,6.143647361022509
2.65,0.7949999999999999,0.785241962167235,1.110250897686102,1.110250897686102,1.0,-0.0051235620908748,3600.0,221.2330314983046,6.1453619860640165
2.7,0.8100000000000002,0.8014586060761366,1.1102671831713211,1.1102671831713211,1.0,-0.0050290063606886,3600.0,221.29437671583028,6.147066019884175
2.75,0.825,0.8175635182145241,1.1102828868770054,1.1102828868770054,1.0,-0.0049373527106559,3600.0,221.35495944586614,6.148748873496282
2.8000000000000003,0.8400000000000001,0.833563389520076,1.110298037868731,1.110298037868731,1.0,-0.0048482186203416,3600.0,221.41445179389598,6.150401438719332
2.85,0.8550000000000001,0.8494647946316863,1.1103126632466402,1.1103126632466402,1.0,-0.004761765766446,3600.0,221.47257527426558,6.15201597984071
2.9,0.8699999999999999,0.8652741603593619,1.1103267884388763,1.1103267884388763,1.0,-0.0046779489950561,3600.0,221.52909597467973,6.153585999296659
2.95,0.8850000000000001,0.880997739194706,1.1103404375134656,1.1103404375134656,1.0,-0.0045963912939534,3600.0,221.5838207426617,6.155106131740602
3.0,0.9,0.8966415880139427,1.1103536328901351,1.1103536328901351,1.0,-0.0045174146203552,3600.0,221.6365938299043,6.156572050830675
3.0500000000000003,0.915,0.9122115500554178,1.1103663958983925,1.1103663958983925,1.0,-0.0044404820510252,3600.0,221.6872923425858,6.157980342849605
3.1,0.93,0.9277132411492456,1.1103787464245127,1.1103787464245127,1.0,-0.0043658624443503,3600.0,221.73582401903883,6.159328444973301
3.15,0.945,0.9431520392359312,1.1103907033617664,1.1103907033617664,1.0,-0.0042933862559199,3600.0,221.7821232560564,6.160614534890455
3.2,0.9600000000000002,0.9585330767232624,1.1104022845081551,1.1104022845081551,1.0,-0.0042229866917781,3600.0,221.82614849204634,6.161837458112398
3.25,0.975,0.9738612357326772,1.1104135066752865,1.1104135066752865,1.0,-0.004154603469435,3600.0,221.8678794174313,6.162996650484203
3.3000000000000003,0.99,0.9891411454078248,1.1104243857616003,1.1104243857616003,1.0,-0.0040881589508127,3600.0,221.90731442502056,6.164092067361683
3.35,1.005,1.0043771817493172,1.1104349367885866,1.1104349367885866,1.0,-0.0040236046806566,3600.0,221.9444682496446,6.165124118045683
3.4,1.02,1.0195734689603697,1.110445173978657,1.110445173978657,1.0,-0.0039608758314162,3600.0,221.97936979190322,6.166093605330645
3.45,1.035,1.0347338825251822,1.1104551108015586,1.1104551108015586,1.0,-0.0038999163665631,3600.0,222.01206014477225,6.167001670688118
3.5,1.05,1.0498620535308592,1.110464760015244,1.110464760015244,1.0,-0.0038406667876216,3600.0,222.0425907409712,6.167849742804756
3.5500000000000003,1.065,1.06496137425062,1.110474133712843,1.110474133712843,1.0,-0.0037830734763895,3600.0,222.07102168719908,6.168639491311085
3.6,1.08,1.0800350046774772,1.1104832433625182,1.1104832433625182,1.0,-0.0037270822661775,3600.0,222.09742024188128,6.1693727844967015
3.65,1.095,1.0950858798768537,1.1104920998446437,1.1104920998446437,1.0,-0.0036726366016499,3600.0,222.1218594310599,6.170051650862775
3.7,1.11,1.1101167179553617,1.1105007134804268,1.1105007134804268,1.0,-0.0036196905088562,3600.0,222.14441680504575,6.170678244584605
3.75,1.125,1.1251300284716654,1.1105090940935751,1.1105090940935751,1.0,-0.0035682018054992,3600.0,222.1651733733361,6.1712548159260034
3.8,1.14,1.1401281215677117,1.1105172509593326,1.1105172509593326,1.0,-0.0035181194875315,3600.0,222.18421241329756,6.171783678147155
3.85,1.155,1.1551131169185933,1.1105251929469513,1.1105251929469513,1.0,-0.0034693678679145,3600.0,222.2016188102102,6.172267189172506
3.9,1.17,1.1700869531435685,1.1105329284726078,1.1105329284726078,1.0,-0.0034219239671158,3600.0,222.217478190698,6.172707727519389
3.95,1.185,1.185051396985087,1.1105404655251618,1.1105404655251618,1.0,-0.0033755968785467,3600.0,222.23187599285262,6.173107666468129
4.0,1.2,1.2000080538463231,1.110547811712403,1.110547811712403,1.0,-0.0033307966099576,3600.0,222.24489775407613,6.17346938205767
4.05,1.215,1.214958375470088,1.110554974283943,1.110554974283943,1.0,-0.0032870150337917,3600.0,222.2566268758469,6.173795190995748
4.1,1.23,1.2299036703837884,1.110561960128003,1.110561960128003,1.0,-0.003244376913613,3600.0,222.26714592578261,6.174087386827295
4.15,1.245,1.2448451126256035,1.110568775802817,1.110568775802817,1.0,-0.0032028369766564,3600.0,222.27653531177464,6.174348203104851
4.2,1.2600000000000002,1.2597837509207683,1.110575427541146,1.110575427541146,1.0,-0.0031623877268566,3600.0,222.28487317398026,6.174579810388341
4.25,1.275,1.274720516885903,1.110581921378982,1.110581921378982,1.0,-0.0031228598052011,3600.0,222.29223518248023,6.17478431062445
4.3,1.2899999999999998,1.2896562337803772,1.110588262927707,1.110588262927707,1.0,-0.0030843242318664,3600.0,222.2986941845421,6.174963727348391
4.3500000000000005,1.3050000000000002,1.304591624353814,1.1105944575900644,1.1105944575900644,1.0,-0.0030468256775931,3600.0,222.3043202330125,6.17512000647257
4.4,1.32,1.3195273186975796,1.1106005105849994,1.1106005105849994,1.0,-0.0030102389523654,3600.0,222.30918029722133,6.175255008256148
4.45,1.3350000000000002,1.3344638616428508,1.1106064268251896,1.1106064268251896,1.0,-0.0029745346370581,3600.0,222.31333817202503,6.175370504778473
4.5,1.35,1.3494017198598576,1.110612211040648,1.110612211040648,1.0,-0.0029396483220918,3600.0,222.31685453734747,6.1754681815929855
4.55,1.3649999999999998,1.364341288538043,1.110617867690304,1.110617867690304,1.0,-0.0029055948307743,3600.0,222.3197868014966,6.175549633374906
4.6000000000000005,1.38,1.37928289777828,1.1106234010924136,1.1106234010924136,1.0,-0.0028723114632191,3600.0,222.32218927754002,6.175616368820556
4.65,1.395,1.3942268186724571,1.1106288153045736,1.1106288153045736,1.0,-0.0028397994386649,3600.0,222.32411294821623,6.175669804117117
4.7,1.41,1.409173268843105,1.1106341142893636,1.1106341142893636,1.0,-0.002808087326313,3600.0,222.32560595830103,6.175711276619473
4.75,1.425,1.4241224179260936,1.1106393018194969,1.1106393018194969,1.0,-0.0027770506690246,3600.0,222.32671314391862,6.175742031775518
4.8,1.44,1.4390743924542917,1.110644381471047,1.110644381471047,1.0,-0.0027467056785699,3600.0,222.32747633031178,6.175763231397549
4.8500000000000005,1.455,1.4540292881787995,1.110649356671381,1.110649356671381,1.0,-0.002717070785449,3600.0,222.3279340847673,6.175775946799091
4.9,1.4700000000000002,1.4689871716189518,1.1106542307189626,1.1106542307189626,1.0,-0.0026879659880063,3600.0,222.3281215797486,6.175781154993016
4.95,1.485,1.483948049186652,1.1106590067342852,1.1106590067342852,1.0,-0.0026595455180771,3600.0,222.3280737305829,6.175779825849525
5.0,1.5,1.4989119311954426,1.1106636877703022,1.1106636877703022,1.0,-0.0026317445504938,3600.0,203.98008500909845,5.666113472474956
5.05,1.5,1.5129060744175795,1.110624962069349,1.110624962069349,1.0,-0.0062336710770607,3600.0,205.4156673281794,5.705990759116094
5.1000000000000005,1.5,1.5250006839460228,1.110633154161688,1.110633154161688,1.0,-0.0046205844433049,3600.0,206.79857468585718,5.744404852384921
5.15,1.5,1.535369530730137,1.110640498244576,1.110640498244576,1.0,-0.0044990570805888,3600.0,208.11543821846794,5.780984394957443
5.2,1.5,1.544158634809034,1.1106476363248965,1.1106476363248965,1.0,-0.0043771160007636,3600.0,209.3655256703226,5.81570904639785
5.25,1.5,1.5515066452830804,1.1106545647230095,1.1106545647230095,1.0,-0.004254637883942,3600.0,210.54844989709912,5.848568052697198
5.3,1.5,1.5575448081096737,1.110661281298341,1.110661281298341,1.0,-0.0041323870138228,3600.0,211.6643507313527,5.879565298093131
5.3500000000000005,1.5,1.5623969745658897,1.1106677856904628,1.1106677856904628,1.0,-0.0040111760084558,3600.0,212.71382728762805,5.908717424656334
5.4,1.5,1.5661796626546445,1.1106740788039389,1.1106740788039389,1.0,-0.0038917272910093,3600.0,213.6978741748565,5.936052060412681
5.45,1.5,1.5690021620847026,1.1106801628375669,1.1106801628375669,1.0,-0.0037741807532319,3600.0,214.61782409270427,5.9616062247973405
5.5,1.5,1.5709666774549298,1.1106860409055717,1.1106860409055717,1.0,-0.0036596217540099,3600.0,215.47529641702516,5.985424900472921
5.55,1.5,1.57216850339085,1.11069171729336,1.11069171729336,1.0,-0.0035479072299747,3600.0,216.2721480079504,6.00755966688751
5.6000000000000005,1.5,1.5726962268249434,1.110697196774471,1.110697196774471,1.0,-0.0034393763314646,3600.0,217.0104300903593,6.02806750250998
5.65,1.5,1.5726319510476712,1.1107024848831348,1.1107024848831348,1.0,-0.0033346067303101,3600.0,217.69234984149585,6.047009717819329
5.7,1.5,1.5720515371848625,1.1107075875986008,1.1107075875986008,1.0,-0.0032335504492865,3600.0,218.32023337588745,6.064450927107984
5.75,1.5,1.5710248595215386,1.1107125113650214,1.1107125113650214,1.0,-0.0031363533771373,3600.0,218.89649531143314,6.080458203095365
5.8,1.5,1.569616070841957,1.1107172628495476,1.1107172628495476,1.0,-0.003043142530102,3600.0,219.42360971097594,6.095100269749332
5.8500000000000005,1.5,1.5678838746398007,1.1107218489136783,1.1107218489136783,1.0,-0.0029539910962177,3600.0,219.9040850715634,6.1084468075434275
5.9,1.5,1.565881801281825,1.1107262765589991,1.1107262765589991,1.0,-0.0028688118852018,3600.0,220.34044205126773,6.120567834757438
5.95,1.5,1.5636584862229606,1.1107305528652565,1.1107305528652565,1.0,-0.0027876746238062,3600.0,220.73519439402622,6.131533177611839
6.0,1.5,1.5612579469402723,1.1107346848049746,1.1107346848049746,1.0,-0.0027106379175109,3600.0,221.09083137490433,6.141411982636232
6.05,1.5,1.558719858069484,1.1107386794116367,1.1107386794116367,1.0,-0.0026374892788976,3600.0,221.40980360395884,6.15027232233219
6.1000000000000005,1.5,1.5560798220365424,1.1107425434613851,1.1107425434613851,1.0,-0.0025681215251058,3600.0,221.69451008517527,6.158180835699313
6.15,1.5,1.553369634304616,1.1107462836571462,1.1107462836571462,1.0,-0.0025026960341153,3600.0,221.94728861196535,6.1652024614434815
6.2,1.5,1.550617541845572,1.1107499065572808,1.1107499065572808,1.0,-0.0024408262909438,3600.0,222.17040590610898,6.171400164058583
6.25,1.5,1.5478484940697912,1.1107534184299896,1.1107534184299896,1.0,-0.0023824780264313,3600.0,222.3660511632736,6.176834754535378
6.3,1.5,1.5450843851637808,1.110756825339775,1.110756825339775,1.0,-0.0023275566376124,3600.0,222.53633023788757,6.18156472883021
6.3500000000000005,1.5,1.542344287306012,1.110760133159834,1.110760133159834,1.0,-0.0022758815346845,3600.0,222.68326133727282,6.185646148257578
6.4,1.5,1.539644674269071,1.1107633474081158,1.1107633474081158,1.0,-0.0022273651918114,3600.0,222.80877153468379,6.189132542630105
6.45,1.5,1.536999635014488,1.110766473446516,1.110766473446516,1.0,-0.0021817262442443,3600.0,222.91469501888614,6.192074861635725
6.5,1.5,1.534421077180243,1.1107695162812783,1.1107695162812783,1.0,-0.0021390554421029,3600.0,223.0027718578275,6.194521440495208
6.55,1.5,1.5319189198886154,1.1107724807185413,1.1107724807185413,1.0,-0.0020990073453296,3600.0,223.07464725472084,6.196517979297801
6.6000000000000005,1.5,1.5295012763823326,1.1107753713087554,1.1107753713087554,1.0,-0.0020614279501133,3600.0,223.1318723940468,6.1981075665013
6.65,1.5,1.5271746263394597,1.110778192251935,1.110778192251935,1.0,-0.0020263731944932,3600.0,223.1759050917185,6.199330696992181
6.7,1.5,1.5249439775361875,1.1107809475953825,1.1107809475953825,1.0,-0.0019935083967028,3600.0,223.20811131269755,6.200225314241599
6.75,1.5,1.522813017666484,1.1107836410759078,1.1107836410759078,1.0,-0.0019627614907535,3600.0,223.22976728364137,6.200826868990038
6.8,1.5,1.5207842557653413,1.1107862762210468,1.1107862762210468,1.0,-0.0019339593134874,3600.0,223.242061809928,6.201168383609112
6.8500000000000005,1.5,1.5188591553112725,1.1107888563170107,1.1107888563170107,1.0,-0.0019070757482631,3600.0,223.2460990204906,6.2012805283469605
6.9,1.5,1.5170384928684877,1.1107913843976018,1.1107913843976018,1.0,-0.0018818370601618,3600.0,223.2428861712112,6.201191282533645
6.95,1.5,1.515321522995004,1.1107938633798613,1.1107938633798613,1.0,-0.0018581531311802,3600.0,223.23339835668008,6.200927732130002
7.0,1.5,1.5137075082947269,1.1107962958763309,1.1107962958763309,1.0,-0.0018360059627846,3600.0,223.21848690961178,6.200513525266994
7.05,1.5,1.5121948661959466,1.1107986843587876,1.1107986843587876,1.0,-0.0018152219349143,3600.0,223.19894799870718,6.199970777741866
7.1000000000000005,1.5,1.5107814943298616,1.1108010310994842,1.1108010310994842,1.0,-0.0017957163685094,3600.0,223.17550942990445,6.199319706386235
7.15,1.5,1.509464851836041,1.1108033382178133,1.1108033382178133,1.0,-0.001777344165848,3600.0,223.14883405183605,6.198578723662113
7.2,1.5,1.508242033668235,1.1108056076577904,1.1108056076577904,1.0,-0.0017600483575237,3600.0,223.1195234005451,6.19776453890403
7.25,1.5,1.5071098368299207,1.110807841223704,1.110807841223704,1.0,-0.0017437282814095,3600.0,223.0881211729557,6.196892254804325
7.3,1.5,1.5060648215603556,1.1108100405772063,1.1108100405772063,1.0,-0.0017283006780107,3600.0,223.0551167427461,6.19597546507628
7.35,1.5,1.5051033657668351,1.1108122072481763,1.1108122072481763,1.0,-0.0017136852563442,3600.0,223.02094857599317,6.195026349333143
7.4,1.5,1.504221713977088,1.1108143426467072,1.1108143426467072,1.0,-0.0016998103143141,3600.0,222.9860076273664,6.194055767426845
7.45,1.5,1.5034160210091658,1.1108164480703246,1.1108164480703246,1.0,-0.0016866060790806,3600.0,222.95064057337314,6.193073349260365
7.5,1.5,1.5026823907155502,1.110818524712019,1.110818524712019,1.0,-0.0016740091481477,3600.0,222.91515302033642,6.192087583898234
7.55,1.5,1.5020169101600598,1.1108205736688403,1.1108205736688403,1.0,-0.0016619602105641,3600.0,222.87981252754602,6.191105903542945
7.6,1.5,1.5014156795657871,1.1108225959490416,1.1108225959490416,1.0,-0.0016504043042998,3600.0,222.84485156078864,6.190134765577462
7.65,1.5,1.5008748383583386,1.1108245924792648,1.1108245924792648,1.0,-0.0016392910584651,3600.0,222.81047030846827,6.189179730790785
7.7,1.5,1.500390587616097,1.110826564111318,1.110826564111318,1.0,-0.0016285738587392,3600.0,222.7768393728441,6.1882455381345585
7.75,1.5,1.4999592092243956,1.1108285116282144,1.1108285116282144,1.0,-0.0016182092240212,3600.0,222.74410228467187,6.187336174574218
7.8,1.5,1.4995770820179632,1.1108304357509764,1.1108304357509764,1.0,-0.0016081621563638,3600.0,222.71237799320275,6.186454944255632
7.85,1.5,1.4992406951892183,1.1108323371436375,1.1108323371436375,1.0,-0.0015983933407478,3600.0,222.68176309563182,6.185604530434218
7.9,1.5,1.498946659189382,1.1108342164174252,1.1108342164174252,1.0,-0.0015888717802762,3600.0,222.65233402289806,6.184787056191613
7.95,1.5,1.4986917143924137,1.1108360741367618,1.1108360741367618,1.0,-0.0015795683957746,3600.0,222.62414903948653,6.184004139985737
8.0,1.5,1.4984727377301983,1.1108379108232431,1.1108379108232431,1.0,-0.0015704570771026,3600.0,222.59725016628585,6.183256949063495
8.05,1.5,1.4982867475130486,1.1108397269597134,1.1108397269597134,1.0,-0.0015615141333466,3600.0,222.5716649347137,6.182546248186491
8.1,1.5,1.4981309066090525,1.110841522993616,1.110841522993616,1.0,-0.0015527229497467,3600.0,222.54740803963506,6.181872445545418
8.15,1.5,1.4980025242387742,1.1108432993438144,1.1108432993438144,1.0,-0.001544075403923,3600.0,222.52448288813633,6.181235635781565
8.2,1.5,1.4978990565820722,1.1108450563892789,1.1108450563892789,1.0,-0.0015354957294613,3600.0,222.5028828643374,6.180635635120484
8.25,1.5,1.4978181059524094,1.1108467945091882,1.1108467945091882,1.0,-0.0015270420348094,3600.0,222.4825930161751,6.180072028227086
8.3,1.5,1.4977574193433296,1.110848514032812,1.110848514032812,1.0,-0.0015186679099565,3600.0,222.46359077520344,6.179544188200095
8.35,1.5,1.497714886038878,1.1108502152835629,1.1108502152835629,1.0,-0.0015103673788141,3600.0,222.44584739433196,6.179051316509222
8.4,1.5,1.4976885345564614,1.1108518985618805,1.1108518985618805,1.0,-0.0015021434230048,3600.0,222.42932880885226,6.178592466912563
8.45,1.5,1.497676529021347,1.1108535641540698,1.1108535641540698,1.0,-0.001493976003573,3600.0,222.41399658035985,6.1781665716766625
8.5,1.5,1.4976771642958917,1.1108552123705842,1.1108552123705842,1.0,-0.0014857137977298,3600.0,222.39980875472168,6.177772465408935
8.55,1.5,1.4976888625723668,1.1108568433637325,1.1108568433637325,1.0,-0.0014777401854139,3600.0,222.38672055629013,6.177408904341393
8.6,1.5,1.4977101676466351,1.110858457482797,1.110858457482797,1.0,-0.0014696903915269,3600.0,222.37468512439932,6.17707458678887
8.65,1.5,1.4977397399485657,1.1108600549340424,1.1108600549340424,1.0,-0.0014616736946983,3600.0,222.36365405598318,6.176768168221755
8.700000000000001,1.5,1.497776351253744,1.110861635944352,1.110861635944352,1.0,-0.0014536915210132,3600.0,222.35357797813947,6.176488277170541
8.75,1.5,1.4978188793551708,1.1108632007430508,1.1108632007430508,1.0,-0.0014457373483157,3600.0,222.34440702091618,6.176233528358783
8.8,1.5,1.4978663020898604,1.1108647495553932,1.1108647495553932,1.0,-0.0014377551057173,3600.0,222.33609122744008,6.1760025340955576
8.85,1.5,1.4979176926107496,1.1108662825474822,1.1108662825474822,1.0,-0.0014299104698768,3600.0,222.3285809067332,6.175793914075923
8.9,1.5,1.497972213182558,1.1108677999594905,1.1108677999594905,1.0,-0.0014220341135855,3600.0,222.32182694816998,6.175606304115833
8.950000000000001,1.5,1.498029110249915,1.110869302004472,1.110869302004472,1.0,-0.0014141811409824,3600.0,222.31578125774266,6.17543836827063
9.0,1.5,1.4980877088528997,1.1108707888498577,1.1108707888498577,1.0,-0.0014063307092058,3600.0,222.3103965734114,6.175288793705872
9.05,1.5,1.4981474074977403,1.11087226068636,1.11087226068636,1.0,-0.0013985247505618,3600.0,222.30562711894873,6.175156308859687
9.1,1.5,1.4982076730685632,1.1108737177189192,1.1108737177189192,1.0,-0.0013907489807581,3600.0,222.30142860076512,6.175039683354587
9.15,1.5,1.4982680359278704,1.1108751601103224,1.1108751601103224,1.0,-0.0013830307950673,3600.0,222.2977581654567,6.174937726818243
9.2,1.5,1.4983280851842884,1.1108765880792597,1.1108765880792597,1.0,-0.0013753059324124,3600.0,222.29457483839738,6.174849301066594
9.25,1.5,1.4983874641350248,1.1108780017933424,1.1108780017933424,1.0,-0.0013676171808984,3600.0,222.2918392526791,6.174773312574419
9.3,1.5,1.4984458659273132,1.110879401426527,1.110879401426527,1.0,-0.0013600203025033,3600.0,222.28951397301108,6.1747087214725305
9.35,1.5,1.4985030293690424,1.110880787163131,1.110880787163131,1.0,-0.0013524034351397,3600.0,222.28756324176646,6.174654534493513
9.4,1.5,1.4985587350319929,1.1108821592005678,1.1108821592005678,1.0,-0.001344742213087,3600.0,222.28595337549382,6.1746098159859395
9.45,1.5,1.4986127995034364,1.1108835176603975,1.1108835176603975,1.0,-0.0013372313858756,3600.0,222.2846525998959,6.174573683330442
9.5,1.5,1.4986650796244645,1.1108848627652317,1.1108848627652317,1.0,-0.0013296683381368,3600.0,222.28363057159658,6.174545293655461
9.55,1.5,1.4987154575541275,1.110886194656537,1.110886194656537,1.0,-0.001322183334141,3600.0,222.28285930915098,6.174523869698638
9.6,1.5,1.4987638453509051,1.1108875135168903,1.1108875135168903,1.0,-0.00131474939984,3600.0,222.28231246242993,6.174508679511943
9.65,1.5,1.4988101755594083,1.110888819515874,1.110888819515874,1.0,-0.0013073639662019,3600.0,222.28196559552677,6.174499044320188
9.7,1.5,1.4988544167238282,1.1108901128252937,1.1108901128252937,1.0,-0.0012999998228324,3600.0,222.28179514489932,6.174494309580537
9.75,1.5,1.4988965159570384,1.110891393602411,1.110891393602411,1.0,-0.0012926985576048,3600.0,222.28178213315005,6.1744939481430565
9.8,1.5,1.4989364895124395,1.1108926620229256,1.1108926620229256,1.0,-0.0012854246279654,3600.0,222.28190527821928,6.1744973688394245
9.85,1.5,1.4989743581494082,1.1108939182377413,1.1108939182377413,1.0,-0.0012782037252287,3600.0,222.28214591516416,6.174504053199004
9.9,1.5,1.4990101742997044,1.110895162395857,1.110895162395857,1.0,-0.0012710382125627,3600.0,222.2824856210171,6.174513489472696
9.95,1.5,1.4990439432325,1.110896394686832,1.110896394686832,1.0,-0.0012639000518247,3600.0,222.28291144151822,6.174525317819951
10.0,1.5,1.4990757157212735,1.110897615248584,1.110897615248584,1.0,-0.0012567707961451,3600.0,222.2834089595154,6.174539137764317
10.05,1.5,1.4991055526909491,1.1108988242304776,1.1108988242304776,1.0,-0.0012497924881728,3600.0,222.28396540247218,6.174554594513116
10.1,1.5,1.4991335063370217,1.1109000218134295,1.1109000218134295,1.0,-0.0012428184104151,3600.0,222.2845696683268,6.174571379675744
10.15,1.5,1.4991596427667029,1.1109012081391656,1.1109012081391656,1.0,-0.0012358946711432,3600.0,222.28521155560045,6.174589209877791
10.2,1.5,1.4991840323512042,1.110902383360039,1.110902383360039,1.0,-0.0012290245262448,3600.0,222.28588166298235,6.174607823971732
10.25,1.5,1.4992067486801866,1.110903547626536,1.110903547626536,1.0,-0.0012222063965734,3600.0,222.28657171428864,6.1746269920635735
10.3,1.5,1.49922786763875,1.1109047010864594,1.1109047010864594,1.0,-0.0012154415422147,3600.0,222.28727427791074,6.174646507719743
10.35,1.5,1.49924746657896,1.110905843887543,1.110905843887543,1.0,-0.0012087293333654,3600.0,222.28798281443522,6.1746661892898675
10.4,1.5,1.49926562358259,1.110906976172931,1.110906976172931,1.0,-0.0012020701598127,3600.0,222.28869149847785,6.174685874957718
10.45,1.5,1.4992824168203835,1.110908098086676,1.110908098086676,1.0,-0.00119546563996,3600.0,222.28939538385637,6.174705427329344
10.5,1.5,1.4992979239859536,1.1109092097699256,1.1109092097699256,1.0,-0.0011889146767417,3600.0,222.2900901046321,6.174724725128669
10.55,1.5,1.4993122218118204,1.110910311360459,1.110910311360459,1.0,-0.0011824177326782,3600.0,222.29077189601622,6.174743663778228
10.6,1.5,1.499325385645723,1.1109114029969087,1.1109114029969087,1.0,-0.0011759763030413,3600.0,222.29143754163715,6.174762153934365
10.65,1.5,1.4993374890956002,1.1109124848155694,1.1109124848155694,1.0,-0.001169585156923,3600.0,222.29208443480366,6.174780123188991
10.7,1.5,1.4993486037324426,1.1109135569480098,1.1109135569480098,1.0,-0.0011632530606203,3600.0,222.2927104448076,6.174797512355767
10.75,1.5,1.4993587988407509,1.1109146195272075,1.1109146195272075,1.0,-0.0011569692553665,3600.0,222.29331373222658,6.174814270339628
10.8,1.5,1.4993681412206643,1.11091567268262,1.11091567268262,1.0,-0.0011507409819693,3600.0,222.2938929461688,6.174830359615799
10.85,1.5,1.4993766950380203,1.1109167165403786,1.1109167165403786,1.0,-0.0011445683264622,3600.0,222.29444706081222,6.174845751689229
10.9,1.5,1.4993845216981725,1.1109177512280164,1.1109177512280164,1.0,-0.0011384431131538,3600.0,222.29497537850872,6.174860427180798
10.95,1.5,1.4993916797725138,1.1109187768669226,1.1109187768669226,1.0,-0.0011323745008207,3600.0,222.29547741653528,6.174874372681535
11.0,1.5,1.4993982249330955,1.110919793582208,1.110919793582208,1.0,-0.0011263570637179,3600.0,222.29595301606994,6.174887583779721
11.05,1.5,1.4994042099431275,1.1109208014904814,1.1109208014904814,1.0,-0.001120393168378,3600.0,222.29640210885907,6.174900058579419
11.1,1.5,1.4994096826293275,1.1109218007200696,1.1109218007200696,1.0,-0.0011144754636794,3600.0,222.29682522167093,6.174911811713081
11.15,1.5,1.49941469178851,1.1109227913684248,1.1109227913684248,1.0,-0.0011086109399617,3600.0,222.2972223077923,6.17492284188312
11.2,1.5,1.4994192820780998,1.1109237735593314,1.1109237735593314,1.0,-0.0011028014040086,3600.0,222.29759392950373,6.174933164708437
11.25,1.5,1.4994234954792518,1.1109247474049462,1.1109247474049462,1.0,-0.0010970289450105,3600.0,222.29794073177806,6.174942798104946
11.3,1.5,1.4994273700205278,1.1109257130165848,1.1109257130165848,1.0,-0.001091326415491,3600.0,222.29826361982717,6.174951767217421
11.35,1.5,1.49943094114629,1.1109266705055356,1.1109266705055356,1.0,-0.0010856571090335,3600.0,222.29856294820448,6.174960081894569
11.4,1.5,1.4994342419981452,1.110927619972528,1.110927619972528,1.0,-0.0010800348948497,3600.0,222.29883983176802,6.174967773104667
11.45,1.5,1.4994373033798818,1.1109285615252174,1.1109285615252174,1.0,-0.0010744722253483,3600.0,222.2990951444727,6.174974865124241
11.5,1.5,1.4994401537121114,1.1109294952680215,1.1109294952680215,1.0,-0.0010689454471957,3600.0,222.29933000957382,6.174981389154828
11.55,1.5,1.499442819148424,1.1109304213008526,1.1109304213008526,1.0,-0.0010634717275171,3600.0,222.2995453113304,6.174987369759178
11.6,1.5,1.499445323649367,1.1109313397241185,1.1109313397241185,1.0,-0.0010580424920381,3600.0,222.29974192498105,6.174992831249474
11.65,1.5,1.4994476891176491,1.1109322506353356,1.1109322506353356,1.0,-0.0010526595196541,3600.0,222.29992092095551,6.174997803359876
11.7,1.5,1.4994499355000863,1.110933154131271,1.110933154131271,1.0,-0.0010473209880262,3600.0,222.3000833011143,6.175002313919842
11.75,1.5,1.4994520808950085,1.1109340503072196,1.1109340503072196,1.0,-0.0010420266935418,3600.0,222.3002299851118,6.175006388475328
11.8,1.5,1.4994541416595637,1.1109349392562546,1.1109349392562546,1.0,-0.0010367725818747,3600.0,222.3003620014089,6.175010055594692
11.85,1.5,1.4994561325297548,1.110935821068534,1.110935821068534,1.0,-0.001031569319518,3600.0,222.30048028783133,6.175013341328649
11.9,1.5,1.4994580667086184,1.1109366958348472,1.1109366958348472,1.0,-0.001026404648764,3600.0,222.30058572895257,6.175016270248682
11.95,1.5,1.499459955972726,1.1109375636434158,1.1109375636434158,1.0,-0.0010212828604425,3600.0,222.30067925950237,6.17501886831951
12.0,1.5,1.4994618103228952,1.1109384245845455,1.1109384245845455,1.0,-0.0010162024755879,3600.0,222.3007617953917,6.1750211609831025
12.05,1.5,1.4994636395387404,1.1109392787370322,1.1109392787370322,1.0,-0.0010111624171757,3600.0,222.3008340686014,6.175023168572261
12.1,1.5,1.499465451766245,1.110940126187992,1.110940126187992,1.0,-0.0010061630514063,3600.0,222.30089693005849,6.1750249147238465
12.15,1.5,1.499467253980912,1.1109409670207202,1.1109409670207202,1.0,-0.0010012054826561,3600.0,222.30095113830407,6.175026420508447
12.2,1.5,1.4994690522579923,1.110941801315391,1.110941801315391,1.0,-0.0009962848121991,3600.0,222.30099742827937,6.175027706341093
12.25,1.5,1.499470851774671,1.110942629151937,1.110942629151937,1.0,-0.0009914047280938,3600.0,222.30103647936528,6.17502879109348
12.3,1.5,1.4994726569120551,1.1109434506094529,1.1109434506094529,1.0,-0.0009865627661648,3600.0,222.30106896778602,6.175029693549612
12.35,1.5,1.499474471360963,1.1109442657644046,1.1109442657644046,1.0,-0.0009817594441989,3600.0,222.30109550449427,6.175030430680396
12.4,1.5,1.499476298143975,1.1109450746930511,1.1109450746930511,1.0,-0.000976991635948,3600.0,222.30111666954517,6.175031018598476
12.45,1.5,1.4994781395982808,1.1109458774693728,1.1109458774693728,1.0,-0.0009722619140689,3600.0,222.3011330199138,6.175031472775383
12.5,1.5,1.4994799975389987,1.1109466741669236,1.1109466741669236,1.0,-0.0009675687479221,3600.0,222.30114506375253,6.175031807326459
12.55,1.5,1.4994818732520436,1.1109474648578117,1.1109474648578117,1.0,-0.0009629113267099,3600.0,222.30115327933856,6.175032035537183
12.6,1.5,1.4994837677408572,1.110948249613042,1.110948249613042,1.0,-0.0009582897035758,3600.0,222.30115811258474,6.1750321697940205
12.65,1.5,1.4994856818202875,1.1109490285022714,1.1109490285022714,1.0,-0.0009537030540554,3600.0,222.30115995312914,6.1750322209202535
12.7,1.5,1.4994876155722037,1.1109498015940642,1.1109498015940642,1.0,-0.0009491509354439,3600.0,222.30115919356024,6.175032199821118
12.75,1.5,1.4994895688804115,1.1109505689558996,1.1109505689558996,1.0,-0.0009446332908821,3600.0,222.3011561867879,6.175032116299663
12.8,1.5,1.4994915411723762,1.110951330654305,1.110951330654305,1.0,-0.0009401491672943,3600.0,222.30115126869921,6.175031979686089
12.85,1.5,1.499493532148264,1.1109520867544505,1.1109520867544505,1.0,-0.0009356984506362,3600.0,222.30114471324754,6.175031797590209
12.9,1.5,1.4994955411373263,1.1109528373205948,1.1109528373205948,1.0,-0.000931280721101,3600.0,222.3011367889837,6.17503157747177
12.95,1.5,1.4994975673331137,1.1109535824160548,1.1109535824160548,1.0,-0.0009268952655825,3600.0,222.30112773466266,6.175031325962852
13.0,1.5,1.499499609723306,1.1109543221030134,1.1109543221030134,1.0,-0.0009225421802277,3600.0,222.30111777175637,6.1750310492154545
13.05,1.5,1.4995016672014656,1.1109550564427093,1.1109550564427093,1.0,-0.0009182207947322,3600.0,222.30110709459788,6.175030752627719
13.1,1.5,1.4995037385878145,1.1109557854955134,1.1109557854955134,1.0,-0.0009139307185692,3600.0,222.30109588894152,6.175030441359487
13.15,1.5,1.4995058226459073,1.110956509320698,1.110956509320698,1.0,-0.0009096716279755,3600.0,222.3010843079418,6.175030119665051
13.2,1.5,1.499507918099022,1.1109572279766735,1.1109572279766735,1.0,-0.0009054432179563,3600.0,222.30107249660134,6.17502979157226
13.25,1.5,1.4995100236445598,1.110957941521016,1.110957941521016,1.0,-0.0009012449994528,3600.0,222.30106058261515,6.175029460628198
13.3,1.5,1.4995121379674954,1.110958650010352,1.110958650010352,1.0,-0.0008970765606262,3600.0,222.30104866780172,6.1750291296611595
13.35,1.5,1.4995142597530675,1.1109593535002644,1.1109593535002644,1.0,-0.0008929378091729,3600.0,222.30103684373125,6.175028801214758
13.4,1.5,1.4995163876963318,1.110960052045821,1.110960052045821,1.0,-0.0008888280350612,3600.0,222.3010251987144,6.175028477742067
13.45,1.5,1.499518520511971,1.110960745700917,1.110960745700917,1.0,-0.0008847473742512,3600.0,222.30101380421272,6.175028161228131
13.5,1.5,1.4995206569412145,1.110961434518992,1.110961434518992,1.0,-0.0008806950726694,3600.0,222.30100271920472,6.175027853311243
13.55,1.5,1.499522795759286,1.110962118552349,1.110962118552349,1.0,-0.0008766710581434,3600.0,222.30099199646767,6.175027555457436
13.6,1.5,1.499524935780749,1.1109627978526548,1.1109627978526548,1.0,-0.000872675168607,3600.0,222.3009816619468,6.175027268387411
13.65,1.5,1.4995270758636423,1.1109634724708968,1.1109634724708968,1.0,-0.0008687065203814,3600.0,222.3009717640267,6.1750269934451865
13.7,1.5,1.4995292149140296,1.1109641424570262,1.1109641424570262,1.0,-0.0008647652936508,3600.0,222.30096231941772,6.1750267310949365
13.75,1.5,1.4995313518882076,1.1109648078604806,1.1109648078604806,1.0,-0.0008608509233238,3600.0,222.30095335329415,6.175026482035948
13.8,1.5,1.4995334857949898,1.110965468729975,1.110965468729975,1.0,-0.0008569634168166,3600.0,222.30094486531686,6.175026246258802
13.85,1.5,1.4995356156968245,1.1109661251134275,1.1109661251134275,1.0,-0.0008531022600889,3600.0,222.30093687117744,6.175026024199373
13.9,1.5,1.4995377407108692,1.1109667770580811,1.1109667770580811,1.0,-0.0008492671025669,3600.0,222.30092937861346,6.175025816072597
13.95,1.5,1.4995398599997083,1.1109674246103924,1.1109674246103924,1.0,-0.0008454580843764,3600.0,222.30092237494722,6.175025621526312
14.0,1.5,1.4995419727818304,1.1109680678163685,1.1109680678163685,1.0,-0.0008416743564256,3600.0,222.30091586463593,6.1750254406843315
14.05,1.5,1.499544078333415,1.1109687067212022,1.1109687067212022,1.0,-0.0008379159576552,3600.0,222.3009098380548,6.1750252732793
14.1,1.5,1.499546175984222,1.1109693413694033,1.1109693413694033,1.0,-0.0008341827509372,3600.0,222.3009042828383,6.1750251189677305
14.15,1.5,1.499548265116048,1.1109699718049753,1.1109699718049753,1.0,-0.0008304741185981,3600.0,222.30089919025517,6.175024977507087
14.2,1.5,1.499550345161906,1.1109705980711766,1.1109705980711766,1.0,-0.0008267900979888,3600.0,222.30089454365944,6.175024848434985
14.25,1.5,1.4995524156040752,1.11097122021072,1.11097122021072,1.0,-0.0008231302400049,3600.0,222.30089032635982,6.175024731287772
14.3,1.5,1.4995544759726354,1.1109718382656724,1.1109718382656724,1.0,-0.0008194944382027,3600.0,222.3008865248122,6.175024625689228
14.35,1.5,1.4995565258481736,1.110972452277543,1.110972452277543,1.0,-0.0008158823792655,3600.0,222.30088311834038,6.175024531065011
14.4,1.5,1.4995585648460843,1.1109730622872451,1.1109730622872451,1.0,-0.0008122938729956,3600.0,222.30088008893216,6.175024446914782
14.45,1.5,1.499560592627865,1.1109736683351297,1.1109736683351297,1.0,-0.0008087286069399,3600.0,222.30087741844454,6.175024372734571
14.5,1.5,1.4995626088948064,1.1109742704609868,1.1109742704609868,1.0,-0.0008051864122581,3600.0,222.3008750883133,6.175024308008703
14.55,1.5,1.499564613175727,1.1109748687040204,1.1109748687040204,1.0,-0.000801667025608,3600.0,222.30087309169932,6.175024252547203
14.6,1.5,1.4995666054590877,1.1109754631029822,1.1109754631029822,1.0,-0.0007981702406379,3600.0,222.30087139540947,6.175024205428041
14.65,1.5,1.4995685855596814,1.110976053695997,1.110976053695997,1.0,-0.000794695760194,3600.0,222.30086997782547,6.175024166050707
14.7,1.5,1.4995705533252237,1.1109766405206944,1.1109766405206944,1.0,-0.0007912434647128,3600.0,222.3008688224062,6.175024133955728
14.75,1.5,1.4995725086489946,1.110977223614203,1.110977223614203,1.0,-0.0007878131413251,3600.0,222.30086790809608,6.175024108558224
14.8,1.5,1.4995744514440577,1.110977803013164,1.110977803013164,1.0,-0.0007844043986966,3600.0,222.30086721824424,6.175024089395674
14.85,1.5,1.4995763816199996,1.11097837875365,1.11097837875365,1.0,-0.0007810172362508,3600.0,222.3008667340987,6.175024075947185
14.9,1.5,1.4995782990556006,1.1109789508713508,1.1109789508713508,1.0,-0.0007776513047277,3600.0,222.30086644731344,6.175024067980929
14.95,1.5,1.4995802038184445,1.11097951940141,1.11097951940141,1.0,-0.0007743065503597,3600.0,222.30086633300087,6.17502406480558
15.0,1.5,1.499582095802575,1.1109800843785045,1.1109800843785045,1.0,-0.0007709825886536,3600.0,222.3008663807994,6.175024066133316
15.05,1.5,1.4995839750613598,1.1109806458368574,1.1109806458368574,1.0,-0.0007676793270264,3600.0,222.30086657592335,6.175024071553427
15.1,1.5,1.4995858417063197,1.1109812038102238,1.1109812038102238,1.0,-0.0007643965566861,3600.0,222.30086689790204,6.17502408049728
15.15,1.5,1.4995876954493794,1.1109817583320032,1.1109817583320032,1.0,-0.0007611341530445,3600.0,222.30086735496803,6.1750240931935565
15.2,1.5,1.4995895365428489,1.1109823094350029,1.1109823094350029,1.0,-0.0007578917001965,3600.0,222.30086792035706,6.175024108898807
15.25,1.5,1.4995913650686918,1.1109828571516542,1.1109828571516542,1.0,-0.0007546692555109,3600.0,222.30086858154144,6.17502412726504
15.3,1.5,1.4995931810963945,1.1109834015140316,1.1109834015140316,1.0,-0.0007514664580561,3600.0,222.30086932576472,6.175024147937909
15.35,1.5,1.4995949847048118,1.1109839425536976,1.1109839425536976,1.0,-0.0007482831924177,3600.0,222.30087014617234,6.17502417072701
15.4,1.5,1.499596775951985,1.1109844803018714,1.1109844803018714,1.0,-0.0007451193653802,3600.0,222.30087103144567,6.175024195317936
15.45,1.5,1.4995985549097406,1.1109850147893416,1.1109850147893416,1.0,-0.0007419746520518,3600.0,222.300871976469,6.175024221568584
15.5,1.5,1.4996003217238207,1.1109855460464857,1.1109855460464857,1.0,-0.0007388489351601,3600.0,222.30087297137527,6.175024249204869
15.55,1.5,1.499602076504842,1.1109860741032933,1.1109860741032933,1.0,-0.0007357420260962,3600.0,222.30087400684812,6.175024277968004
15.6,1.5,1.4996038193676615,1.1109865989893726,1.1109865989893726,1.0,-0.0007326537678964,3600.0,222.30087507645212,6.175024307679225
15.65,1.5,1.499605550430663,1.1109871207339574,1.1109871207339574,1.0,-0.0007295839489905,3600.0,222.30087617421512,6.175024338172642
15.7,1.5,1.499607269815162,1.1109876393658995,1.1109876393658995,1.0,-0.0007265324678768,3600.0,222.30087729262544,6.175024369239596
15.75,1.5,1.499608977644755,1.1109881549136886,1.1109881549136886,1.0,-0.0007234991094389,3600.0,222.30087842694832,6.175024400748565
15.8,1.5,1.4996106740448254,1.1109886674054437,1.1109886674054437,1.0,-0.0007204837343257,3600.0,222.30087957341118,6.175024432594755
15.85,1.5,1.4996123591419812,1.1109891768689433,1.1109891768689433,1.0,-0.0007174861468634,3600.0,222.3008807271423,6.175024464642841
15.9,1.5,1.499614033063616,1.1109896833315982,1.1109896833315982,1.0,-0.0007145062075917,3600.0,222.3008818837571,6.17502449677103
15.95,1.5,1.4996156959374538,1.1109901868204897,1.1109901868204897,1.0,-0.0007115437753366,3600.0,222.30088304002413,6.175024528889559
16.0,1.5,1.499617347891166,1.1109906873623565,1.1109906873623565,1.0,-0.0007085986859843,3600.0,222.3008841941501,6.175024560948613
16.05,1.5,1.4996189890521026,1.1109911849835814,1.1109911849835814,1.0,-0.0007056707761782,3600.0,222.3008853401896,6.1750245927830445
16.1,1.5,1.4996206195469182,1.1109916797102497,1.1109916797102497,1.0,-0.0007027598461093,3600.0,222.3008864778844,6.175024624385678
16.15,1.5,1.4996222395013663,1.1109921715681008,1.1109921715681008,1.0,-0.0006998658333234,3600.0,222.30088760526488,6.175024655701802
16.2,1.5,1.4996238490399665,1.1109926605825686,1.1109926605825686,1.0,-0.0006969885181531,3600.0,222.3008887202229,6.175024686672859
16.25,1.5,1.4996254482859004,1.1109931467787642,1.1109931467787642,1.0,-0.000694127793274,3600.0,222.30088982129197,6.17502471725811
16.3,1.5,1.4996270373607727,1.1109936301814989,1.1109936301814989,1.0,-0.0006912835189544,3600.0,222.30089090667093,6.175024747407526
16.35,1.5,1.4996286163844674,1.1109941108152774,1.1109941108152774,1.0,-0.0006884555154453,3600.0,222.30089197574674,6.175024777104076
16.4,1.5,1.499630185475102,1.11099458870429,1.11099458870429,1.0,-0.0006856436616974,3600.0,222.30089302699275,6.175024806305354
16.45,1.5,1.499631744748878,1.1109950638724462,1.1109950638724462,1.0,-0.0006828477803975,3600.0,222.30089406011862,6.1750248350032955
16.5,1.5,1.499633294319996,1.1109955363433597,1.1109955363433597,1.0,-0.0006800678129528,3600.0,222.30089507461827,6.175024863183841
16.55,1.5,1.499634834300545,1.110996006140369,1.110996006140369,1.0,-0.000677303537818,3600.0,222.30089607032062,6.17502489084224
16.6,1.5,1.4996363648005608,1.1109964732865127,1.1109964732865127,1.0,-0.0006745548803527,3600.0,222.3008970464306,6.1750249179564065
16.65,1.5,1.4996378859279162,1.110996937804563,1.110996937804563,1.0,-0.0006718216705402,3600.0,222.30089800299513,6.175024944527642
16.7,1.5,1.499639397788343,1.110997399717014,1.110997399717014,1.0,-0.000669103802367,3600.0,222.3008989398494,6.175024970551372
16.75,1.5,1.4996409004853946,1.1109978590461014,1.1109978590461014,1.0,-0.000666401130938,3600.0,222.30089985688244,6.175024996024511
16.8,1.5,1.4996423941204828,1.1109983158137744,1.1109983158137744,1.0,-0.0006637135351659,3600.0,222.30090075535492,6.175025020982082
16.85,1.5,1.499643878812939,1.1109987700417483,1.1109987700417483,1.0,-0.0006610409383536,3600.0,222.30090163543554,6.175025045428765
16.9,1.5,1.4996453546672537,1.110999221751467,1.110999221751467,1.0,-0.000658383018437,3600.0,222.30090248991385,6.175025069164274
16.95,1.5,1.4996468217466556,1.1109996709641052,1.1109996709641052,1.0,-0.0006557398572981,3600.0,222.30090332854851,6.1750250924596815
17.0,1.5,1.4996482801439155,1.1110001177006157,1.1110001177006157,1.0,-0.0006531112732304,3600.0,222.30090415097104,6.175025115304751
17.05,1.5,1.4996497299498204,1.1110005619817065,1.1110005619817065,1.0,-0.000650497126497,3600.0,222.30090495600527,6.175025137666813
17.1,1.5,1.4996511712532707,1.1110010038277909,1.1110010038277909,1.0,-0.0006478973323844,3600.0,222.30090574130324,6.175025159480646
17.150000000000002,1.5,1.499652604141313,1.1110014432591069,1.1110014432591069,1.0,-0.0006453117610012,3600.0,222.30090651273727,6.175025180909369
17.2,1.5,1.499654028699156,1.1110018802956254,1.1110018802956254,1.0,-0.000642740183946,3600.0,222.30090726773525,6.175025201881534
17.25,1.5,1.4996554450101809,1.111002314957123,1.111002314957123,1.0,-0.0006401826190454,3600.0,222.30090800562567,6.175025222378491
17.3,1.5,1.4996568531560233,1.111002747263066,1.111002747263066,1.0,-0.0006376389753898,3600.0,222.3009087293036,6.175025242480656
17.35,1.5,1.4996582532166916,1.1110031772327864,1.1110031772327864,1.0,-0.0006351089652688,3600.0,222.3009094376511,6.175025262156975
17.400000000000002,1.5,1.499659645270604,1.1110036048853176,1.1110036048853176,1.0,-0.0006325926462588,3600.0,222.30091013256668,6.175025281460186
17.45,1.5,1.4996610293944503,1.111004030239552,1.111004030239552,1.0,-0.0006300899364782,3600.0,222.30091081407267,6.1750253003909075
17.5,1.5,1.499662405663453,1.1110044533140946,1.1110044533140946,1.0,-0.0006276005410019,3600.0,222.30091148004212,6.175025318890059
17.55,1.5,1.49966377415138,1.1110048741273888,1.1110048741273888,1.0,-0.0006251245006287,3600.0,222.3009121346785,6.175025337074403
17.6,1.5,1.4996651349305228,1.1110052926976268,1.1110052926976268,1.0,-0.0006226615322036,3600.0,222.30091277653003,6.175025354903612
17.650000000000002,1.5,1.4996664880719444,1.1110057090428145,1.1110057090428145,1.0,-0.0006202117903263,3600.0,222.30091340674764,6.175025372409657
17.7,1.5,1.4996678336452602,1.1110061231807546,1.1110061231807546,1.0,-0.0006177748850419,3600.0,222.30091402346457,6.175025389540683
17.75,1.5,1.4996691717188395,1.1110065351290537,1.1110065351290537,1.0,-0.0006153510813157,3600.0,222.30091462963358,6.175025406378711
17.8,1.5,1.4996705023596644,1.1110069449051545,1.1110069449051545,1.0,-0.0006129399332704,3600.0,222.30091522635007,6.175025422954169
17.85,1.5,1.499671825634124,1.1110073525262198,1.1110073525262198,1.0,-0.0006105414830322,3600.0,222.30091581220898,6.175025439228027
17.900000000000002,1.5,1.4996731416065094,1.1110077580092743,1.1110077580092743,1.0,-0.0006081556298624,3600.0,222.30091638825076,6.175025455229188
17.95,1.5,1.49967445034033,1.1110081613711815,1.1110081613711815,1.0,-0.0006057821947733,3600.0,222.30091695317884,6.175025470921635
18.0,1.5,1.4996757518981805,1.1110085626285355,1.1110085626285355,1.0,-0.0006034211745954,3600.0,222.30091751016928,6.175025486393591
18.05,1.5,1.4996770463416635,1.1110089617978065,1.1110089617978065,1.0,-0.0006010724620641,3600.0,222.3009180570636,6.1750255015851
18.1,1.5,1.4996783337312758,1.1110093588952956,1.1110093588952956,1.0,-0.0005987359576211,3600.0,222.30091859879767,6.175025516633268
18.15,1.5,1.499679614126544,1.111009753937082,1.111009753937082,1.0,-0.0005964115032809,3600.0,222.30091912797792,6.17502553133272
18.2,1.5,1.4996808875861771,1.1110101469390987,1.1110101469390987,1.0,-0.0005940990078233,3600.0,222.30091965120118,6.175025545866699
18.25,1.5,1.4996821541679477,1.11101053791707,1.11101053791707,1.0,-0.000591798465513,3600.0,222.30092016673714,6.1750255601871435
18.3,1.5,1.4996834139288615,1.1110109268865596,1.1110109268865596,1.0,-0.0005895097486359,3600.0,222.30092067424494,6.175025574284581
18.35,1.5,1.4996846669250397,1.1110113138630018,1.1110113138630018,1.0,-0.0005872327978911,3600.0,222.30092117514081,6.1750255881983565
18.4,1.5,1.4996859132117897,1.1110116988616217,1.1110116988616217,1.0,-0.000584967395059,3600.0,222.30092166819455,6.175025601894292
18.45,1.5,1.4996871528436526,1.1110120818974965,1.1110120818974965,1.0,-0.0005827136054956,3600.0,222.3009221568087,6.175025615466908
18.5,1.5,1.4996883858744323,1.111012462985526,1.111012462985526,1.0,-0.000580471255115,3600.0,222.30092263575827,6.1750256287710625
18.55,1.5,1.4996896123572494,1.1110128421404653,1.1110128421404653,1.0,-0.0005782403449311,3600.0,222.30092311051447,6.175025641958736
18.6,1.5,1.499690832344446,1.111013219376926,1.111013219376926,1.0,-0.0005760206649262,3600.0,222.30092357921183,6.175025654978106
18.65,1.5,1.4996920458877967,1.111013594709306,1.111013594709306,1.0,-0.0005738121339426,3600.0,222.3009240409792,6.175025667804977
18.7,1.5,1.4996932530383895,1.11101396815192,1.11101396815192,1.0,-0.0005716147719364,3600.0,222.3009244996033,6.175025680544535
18.75,1.5,1.4996944538466166,1.111014339718875,1.111014339718875,1.0,-0.0005694284305519,3600.0,222.30092495035785,6.175025693065495
18.8,1.5,1.4996956483623542,1.1110147094241654,1.1110147094241654,1.0,-0.0005672530411267,3600.0,222.30092539524102,6.175025705423362
18.85,1.5,1.4996968366684755,1.111015077281608,1.111015077281608,1.0,-0.0005650885095179,3600.0,222.30092583298276,6.175025717582854
18.9,1.5,1.4996980187818711,1.1110154433048856,1.1110154433048856,1.0,-0.0005629348325215,3600.0,222.3009262680673,6.175025729668535
18.95,1.5,1.4996991947331182,1.1110158075075722,1.1110158075075722,1.0,-0.0005607917440543,3600.0,222.3009266984961,6.175025741624892
19.0,1.5,1.4997003645847828,1.1110161699030316,1.1110161699030316,1.0,-0.0005586594331107,3600.0,222.30092712246116,6.175025753401698
19.05,1.5,1.499701528383799,1.111016530504551,1.111016530504551,1.0,-0.0005565376358685,3600.0,222.30092754201905,6.175025765056085
19.1,1.5,1.4997026861765606,1.1110168893252363,1.1110168893252363,1.0,-0.0005544262498732,3600.0,222.3009279601487,6.175025776670797
19.15,1.5,1.499703838008993,1.1110172463780923,1.1110172463780923,1.0,-0.000552325352842,3600.0,222.30092836815768,6.175025788004381
19.2,1.5,1.4997049839264252,1.1110176016759687,1.1110176016759687,1.0,-0.0005502347434654,3600.0,222.3009287740028,6.175025799277856
19.25,1.5,1.4997061239737408,1.111017955231575,1.111017955231575,1.0,-0.0005481543940247,3600.0,222.30092917601817,6.175025810444949
19.3,1.5,1.4997072581953936,1.1110183070575144,1.1110183070575144,1.0,-0.000546084229289,3600.0,222.30092957604768,6.17502582155688
19.35,1.5,1.4997083866352854,1.111018657166245,1.111018657166245,1.0,-0.000544024091784,3600.0,222.30092996907018,6.175025832474171
19.4,1.5,1.499709509336986,1.111019005570076,1.111019005570076,1.0,-0.0005419740562201,3600.0,222.3009303586428,6.175025843295633
19.45,1.5,1.4997106263435425,1.1110193522812222,1.1110193522812222,1.0,-0.000539933975194,3600.0,222.30093074416789,6.175025854004663
19.5,1.5,1.4997117376976146,1.1110196973117632,1.1110196973117632,1.0,-0.0005379037851392,3600.0,222.30093112705694,6.17502586464047
19.55,1.5,1.4997128434413398,1.1110200406736686,1.1110200406736686,1.0,-0.0005358834283734,3600.0,222.30093150551798,6.175025875153278
19.6,1.5,1.4997139436164286,1.111020382378788,1.111020382378788,1.0,-0.0005338727336637,3600.0,222.30093187985528,6.175025885551535
19.65,1.5,1.49971503826426,1.111020722438788,1.111020722438788,1.0,-0.000531871755403,3600.0,222.3009322509666,6.175025895860184
19.7,1.5,1.4997161274258162,1.1110210608652888,1.1110210608652888,1.0,-0.0005298803871322,3600.0,222.30093261703612,6.1750259060287815
19.75,1.5,1.499717211141661,1.111021397669768,1.111021397669768,1.0,-0.0005278987020837,3600.0,222.3009329795605,6.175025916098903
19.8,1.5,1.4997182894518122,1.1110217328636278,1.1110217328636278,1.0,-0.0005259263207154,3600.0,222.30093333952254,6.175025926097848
19.85,1.5,1.499719362395902,1.1110220664581063,1.1110220664581063,1.0,-0.000523963408306,3600.0,222.30093369437887,6.175025935954968
19.9,1.5,1.4997204300132685,1.111022398464319,1.111022398464319,1.0,-0.0005220097895804,3600.0,222.3009340466562,6.17502594574045
19.95,1.5,1.499721492342743,1.1110227288933512,1.1110227288933512,1.0,-0.000520065514688,3600.0,222.30093439578684,6.175025955438523
20.0,1.5,1.4997225494228243,1.1110230577560702,1.1110230577560702,1.0,-0.0005181305158301,3600.0,222.30093474181947,6.175025965050541
20.05,1.5,1.499723601291605,1.1110233850633298,1.1110233850633298,1.0,-0.0005162045455929,3600.0,222.3009350824821,6.1750259745133915
20.1,1.5,1.4997246479868886,1.1110237108258092,1.1110237108258092,1.0,-0.0005142876776548,3600.0,222.30093542049082,6.175025983902523
20.15,1.5,1.499725689545968,1.1110240350541285,1.1110240350541285,1.0,-0.0005123798902952,3600.0,222.30093575746912,6.175025993263032
20.2,1.5,1.4997267260058704,1.1110243577587795,1.1110243577587795,1.0,-0.0005104811254434,3600.0,222.30093608915203,6.175026002476445
20.25,1.5,1.4997277574031205,1.1110246789501856,1.1110246789501856,1.0,-0.0005085910159173,3600.0,222.30093641680065,6.1750260115777955
20.3,1.5,1.4997287837740942,1.1110249986385834,1.1110249986385834,1.0,-0.0005067099647904,3600.0,222.30093674110097,6.175026020586138
20.35,1.5,1.4997298051547143,1.1110253168342048,1.1110253168342048,1.0,-0.0005048376700688,3600.0,222.3009370638499,6.175026029551386
20.4,1.5,1.4997308215804357,1.1110256335471504,1.1110256335471504,1.0,-0.00050297406199,3600.0,222.30093738199042,6.175026038388623
20.45,1.5,1.4997318330865017,1.1110259487873997,1.1110259487873997,1.0,-0.0005011191481222,3600.0,222.30093769858723,6.175026047182978
20.5,1.5,1.4997328397078205,1.1110262625648497,1.1110262625648497,1.0,-0.0004992728048412,3600.0,222.30093801166484,6.175026055879579
20.55,1.5,1.4997338414789383,1.1110265748893375,1.1110265748893375,1.0,-0.000497435066457,3600.0,222.30093832031758,6.175026064453266
20.6,1.5,1.4997348384338836,1.111026885770554,1.111026885770554,1.0,-0.0004956057091673,3600.0,222.30093862542546,6.1750260729284845
20.65,1.5,1.499735830606578,1.1110271952181308,1.1110271952181308,1.0,-0.0004937849269067,3600.0,222.30093893006153,6.175026081390598
20.7,1.5,1.4997368180304778,1.1110275032415788,1.1110275032415788,1.0,-0.0004919724222171,3600.0,222.300939230404,6.175026089733445
20.75,1.5,1.4997378007388509,1.111027809850333,1.111027809850333,1.0,-0.0004901683362246,3600.0,222.3009395271113,6.175026097975314
20.8,1.5,1.4997387787644951,1.1110281150537735,1.1110281150537735,1.0,-0.0004883724331456,3600.0,222.30093982114767,6.17502610614299
20.85,1.5,1.4997397521399114,1.1110284188611403,1.1110284188611403,1.0,-0.0004865847658273,3600.0,222.30094011306466,6.1750261142517955
20.9,1.5,1.4997407208972804,1.1110287212816174,1.1110287212816174,1.0,-0.0004848053007214,3600.0,222.30094040403006,6.175026122334168
20.95,1.5,1.499741685068527,1.1110290223242694,1.1110290223242694,1.0,-0.0004830338494176,3600.0,222.30094068910637,6.175026130252954
21.0,1.5,1.499742644685234,1.111029321998109,1.111029321998109,1.0,-0.0004812705129105,3600.0,222.30094097172034,6.175026138103343
21.05,1.5,1.4997435997787143,1.111029620312046,1.111029620312046,1.0,-0.0004795152109857,3600.0,222.30094125245503,6.175026145901529
21.1,1.5,1.4997445503798514,1.1110299172749436,1.1110299172749436,1.0,-0.000477767875729,3600.0,222.30094153266958,6.175026153685266
21.15,1.5,1.499745496519292,1.1110302128955312,1.1110302128955312,1.0,-0.0004760282439262,3600.0,222.30094180629877,6.175026161286077
21.2,1.5,1.499746438227545,1.1110305071824524,1.1110305071824524,1.0,-0.0004742966528223,3600.0,222.30094207827023,6.17502616884084
21.25,1.5,1.4997473755347146,1.111030800144312,1.111030800144312,1.0,-0.0004725728332714,3600.0,222.30094234905587,6.175026176362663
21.3,1.5,1.4997483084705825,1.1110310917896495,1.1110310917896495,1.0,-0.0004708566932931,3600.0,222.30094261584284,6.175026183773412
21.35,1.5,1.499749237064656,1.111031382126873,1.111031382126873,1.0,-0.0004691483027494,3600.0,222.30094287948396,6.1750261910967765
21.4,1.5,1.499750161346124,1.111031671164347,1.111031671164347,1.0,-0.0004674475274502,3600.0,222.30094314137924,6.175026198371646
21.45,1.5,1.49975108134393,1.1110319589103412,1.1110319589103412,1.0,-0.0004657543731405,3600.0,222.30094340169697,6.175026205602694
21.5,1.5,1.4997519970867963,1.111032245373065,1.111032245373065,1.0,-0.0004640687455289,3600.0,222.30094365913774,6.175026212753826
21.55,1.5,1.499752908603046,1.1110325305606497,1.1110325305606497,1.0,-0.0004623907029158,3600.0,222.3009439149842,6.175026219860672
21.6,1.5,1.4997538159207644,1.1110328144811497,1.1110328144811497,1.0,-0.0004607199573147,3600.0,222.30094416573084,6.175026226825857
21.65,1.5,1.499754719067941,1.1110330971425106,1.1110330971425106,1.0,-0.0004590567211301,3600.0,222.3009444170991,6.175026233808308
21.7,1.5,1.4997556180721912,1.1110333785526754,1.1110333785526754,1.0,-0.0004574008983203,3600.0,222.30094466397026,6.175026240665841
21.75,1.5,1.4997565129607184,1.111033658719503,1.111033658719503,1.0,-0.0004557523345832,3600.0,222.30094490895098,6.175026247470861
21.8,1.5,1.499757403760651,1.1110339376507208,1.1110339376507208,1.0,-0.0004541109630835,3600.0,222.30094515156765,6.175026254210213
21.85,1.5,1.499758290498916,1.1110342153540236,1.1110342153540236,1.0,-0.0004524769839472,3600.0,222.300945394976,6.175026260971555
21.9,1.5,1.4997591732019715,1.11103449183708,1.11103449183708,1.0,-0.0004508500552926,3600.0,222.30094563230995,6.175026267564165
21.95,1.5,1.4997600518961711,1.111034767107424,1.111034767107424,1.0,-0.0004492302813424,3600.0,222.3009458667777,6.175026274077158
22.0,1.5,1.4997609266076397,1.1110350411725285,1.1110350411725285,1.0,-0.0004476176476162,3600.0,222.30094610106156,6.175026280585043
22.05,1.5,1.4997617973621835,1.1110353140398674,1.1110353140398674,1.0,-0.0004460120111519,3600.0,222.30094633369117,6.175026287046977
22.1,1.5,1.4997626641854174,1.1110355857167629,1.1110355857167629,1.0,-0.0004444134448155,3600.0,222.30094656266314,6.17502629340731
22.15,1.5,1.4997635271026697,1.1110358562105482,1.1110358562105482,1.0,-0.0004428217305924,3600.0,222.30094679028068,6.175026299730019
22.2,1.5,1.4997643861390166,1.1110361255284371,1.1110361255284371,1.0,-0.0004412370556401,3600.0,222.3009470166097,6.175026306016936
22.25,1.5,1.4997652413193596,1.1110363936775889,1.1110363936775889,1.0,-0.0004396591155155,3600.0,222.30094723904415,6.175026312195671
22.3,1.5,1.4997660926685104,1.1110366606650903,1.1110366606650903,1.0,-0.0004380881473422,3600.0,222.30094746083574,6.175026318356548
22.35,1.5,1.4997669402510587,1.1110369264980366,1.1110369264980366,1.0,-0.0004365238840655,3600.0,222.30094767827123,6.1750263243964225
22.4,1.5,1.499767784050153,1.1110371911833774,1.1110371911833774,1.0,-0.0004349664470716,3600.0,222.30094789245004,6.175026330345835
22.45,1.5,1.4997686241100614,1.1110374547280546,1.1110374547280546,1.0,-0.0004334156959435,3600.0,222.30094810411975,6.175026336225549
22.5,1.5,1.4997694604138154,1.111037717138913,1.111037717138913,1.0,-0.0004318715732088,3600.0,222.300948316743,6.1750263421317495
22.55,1.5,1.4997702930250552,1.1110379784227495,1.1110379784227495,1.0,-0.0004303341534426,3600.0,222.30094852587936,6.175026347941094
22.6,1.5,1.4997711219268932,1.111038238586323,1.111038238586323,1.0,-0.0004288032623656,3600.0,222.30094873424713,6.175026353729087
22.65,1.5,1.4997719471821445,1.111038497636313,1.111038497636313,1.0,-0.0004272789547159,3600.0,222.30094893913858,6.175026359420516
22.7,1.5,1.4997727687739166,1.1110387555793648,1.1110387555793648,1.0,-0.0004257611476056,3600.0,222.3009491453902,6.175026365149728
22.75,1.5,1.4997735867642277,1.1110390124220395,1.1110390124220395,1.0,-0.000424249826684,3600.0,222.30094934810077,6.175026370780577
22.8,1.5,1.4997744011362977,1.1110392681708483,1.1110392681708483,1.0,-0.0004227449648949,3600.0,222.30094955050836,6.175026376403011
22.85,1.5,1.4997752119514138,1.1110395228322536,1.1110395228322536,1.0,-0.0004212464245997,3600.0,222.30094974912768,6.175026381920214
22.9,1.5,1.4997760191928684,1.11103977641267,1.11103977641267,1.0,-0.0004197543014015,3600.0,222.30094994927342,6.175026387479817
22.95,1.5,1.499776822921143,1.11104002891843,1.11104002891843,1.0,-0.0004182685098408,3600.0,222.30095014612576,6.175026392947938
23.0,1.5,1.4997776231195925,1.1110402803558532,1.1110402803558532,1.0,-0.0004167889330884,3600.0,222.30095034107072,6.175026398363075
23.05,1.5,1.4997784198479944,1.1110405307311604,1.1110405307311604,1.0,-0.000415315699002,3600.0,222.3009505341555,6.175026403726541
23.1,1.5,1.4997792130897216,1.1110407800505613,1.1110407800505613,1.0,-0.0004138486451683,3600.0,222.30095072604342,6.175026409056762
23.15,1.5,1.499780002903749,1.111041028320194,1.111041028320194,1.0,-0.0004123877201775,3600.0,222.3009509158447,6.175026414329019
23.2,1.5,1.499780789273532,1.111041275546142,1.111041275546142,1.0,-0.0004109329958225,3600.0,222.30095110529294,6.175026419591471
23.25,1.5,1.4997815722572954,1.1110415217344516,1.1110415217344516,1.0,-0.0004094843446399,3600.0,222.30095129191034,6.175026424775288
23.3,1.5,1.4997823518385314,1.1110417668911028,1.1110417668911028,1.0,-0.000408041765697,3600.0,222.3009514780946,6.175026429947072
23.35,1.5,1.4997831280747569,1.1110420110220367,1.1110420110220367,1.0,-0.0004066052653554,3600.0,222.3009516619762,6.175026435054895
23.4,1.5,1.4997839009493978,1.1110422541331602,1.1110422541331602,1.0,-0.000405174713469,3600.0,222.30095184480777,6.17502644013355
23.45,1.5,1.4997846705192055,1.1110424962303005,1.1110424962303005,1.0,-0.0004037501647515,3600.0,222.3009520252174,6.175026445144928
23.5,1.5,1.4997854367677317,1.1110427373192502,1.1110427373192502,1.0,-0.0004023315217833,3600.0,222.3009522045777,6.175026450127159
23.55,1.5,1.499786199751019,1.1110429774057529,1.1110429774057529,1.0,-0.0004009188016038,3600.0,222.30095238190486,6.175026455052913
23.6,1.5,1.4997869594526734,1.1110432164955069,1.1110432164955069,1.0,-0.000399511906635,3600.0,222.30095255922402,6.1750264599784455
23.65,1.5,1.4997877159280395,1.1110434545941643,1.1110434545941643,1.0,-0.000398110878255,3600.0,222.3009527328187,6.17502646480052
23.7,1.5,1.4997884691607013,1.1110436917073452,1.1110436917073452,1.0,-0.0003967156181339,3600.0,222.30095290663596,6.175026469628776
23.75,1.5,1.4997892192052884,1.1110439278405957,1.1110439278405957,1.0,-0.0003953261809147,3600.0,222.30095307810637,6.175026474391843
23.8,1.5,1.499789966045422,1.11104416299944,1.11104416299944,1.0,-0.0003939424095741,3600.0,222.30095324881734,6.175026479133815
23.85,1.5,1.499790709735089,1.1110443971893351,1.1110443971893351,1.0,-0.0003925643634327,3600.0,222.30095341793373,6.175026483831493
23.9,1.5,1.499791450258008,1.111044630415714,1.111044630415714,1.0,-0.000391192008578,3600.0,222.30095358537082,6.175026488482523
23.95,1.5,1.4997921876674123,1.1110448626839662,1.1110448626839662,1.0,-0.0003898252854858,3600.0,222.30095375123713,6.175026493089921
24.0,1.5,1.4997929219470567,1.1110450939994208,1.1110450939994208,1.0,-0.0003884641431057,3600.0,222.30095391643232,6.175026497678676
24.05,1.5,1.4997936531495513,1.1110453243673868,1.1110453243673868,1.0,-0.0003871085965891,3600.0,222.30095407894603,6.175026502192946
24.1,1.5,1.4997943812586148,1.111045553793122,1.111045553793122,1.0,-0.0003857586030467,3600.0,222.30095424182144,6.175026506717263
24.15,1.5,1.4997951063261823,1.1110457822818305,1.1110457822818305,1.0,-0.000384414083324,3600.0,222.30095440169202,6.175026511158112
24.2,1.5,1.4997958283360942,1.1110460098386834,1.1110460098386834,1.0,-0.0003830750859738,3600.0,222.30095456102816,6.175026515584116
24.25,1.5,1.4997965473396189,1.1110462364688172,1.1110462364688172,1.0,-0.0003817415277448,3600.0,222.30095471864084,6.175026519962245
24.3,1.5,1.4997972633206598,1.1110464621773168,1.1110464621773168,1.0,-0.0003804133652594,3600.0,222.3009548753761,6.175026524316003
24.35,1.5,1.4997979763298677,1.1110466869692304,1.1110466869692304,1.0,-0.0003790906595887,3600.0,222.30095503033115,6.17502652862031
24.4,1.5,1.499798686351152,1.1110469108495808,1.1110469108495808,1.0,-0.0003777732511141,3600.0,222.30095518446788,6.175026532901886
24.45,1.5,1.4997993934345737,1.1110471338233183,1.1110471338233183,1.0,-0.000376461206092,3600.0,222.3009553365045,6.175026537125125
24.5,1.5,1.4998000975640973,1.1110473558954002,1.1110473558954002,1.0,-0.0003751544638197,3600.0,222.3009554879212,6.175026541331144
24.55,1.5,1.4998007987891542,1.1110475770707,1.1110475770707,1.0,-0.0003738529999796,3600.0,222.30095563781563,6.1750265454948785
24.6,1.5,1.4998014970937164,1.111047797354092,1.111047797354092,1.0,-0.0003725568332302,3600.0,222.3009557872413,6.175026549645591
24.65,1.5,1.499802192526558,1.1110480167503922,1.1110480167503922,1.0,-0.000371265812723,3600.0,222.3009559339059,6.175026553719608
24.7,1.5,1.4998028850717835,1.111048235264371,1.111048235264371,1.0,-0.0003699799954823,3600.0,222.30095608166877,6.175026557824133
24.75,1.5,1.4998035747776326,1.1110484529007705,1.1110484529007705,1.0,-0.0003686993558356,3600.0,222.30095622605734,6.175026561834926
24.8,1.5,1.4998042616282523,1.1110486696643045,1.1110486696643045,1.0,-0.00036742384669,3600.0,222.3009563704617,6.175026565846159
24.85,1.5,1.4998049456712637,1.1110488855596476,1.1110488855596476,1.0,-0.0003661534705632,3600.0,222.3009565127688,6.175026569799133
24.9,1.5,1.4998056268908562,1.1110491005914294,1.1110491005914294,1.0,-0.0003648881610602,3600.0,222.30095665501813,6.175026573750504
24.95,1.5,1.4998063053341093,1.1110493147642522,1.1110493147642522,1.0,-0.0003636279025558,3600.0,222.30095679499672,6.175026577638797
25.0,1.5,1.4998069809852634,1.111049528082679,1.111049528082679,1.0,-0.0003623726533519,3600.0,222.30095693503216,6.175026581528671
25.05,1.5,1.4998076538908445,1.1110497405512447,1.1110497405512447,1.0,-0.000361122440789,3600.0,222.30095707251922,6.175026585347757
25.1,1.5,1.4998083240351068,1.111049952174448,1.111049952174448,1.0,-0.00035987718355,3600.0,222.30095721023739,6.175026589173261
25.15,1.5,1.4998089914640456,1.1110501629567429,1.1110501629567429,1.0,-0.0003586368866696,3600.0,222.3009573464027,6.17502659295563
25.2,1.5,1.499809656162003,1.1110503729025607,1.1110503729025607,1.0,-0.0003574014726602,3600.0,222.3009574807461,6.175026596687391
25.25,1.5,1.4998103181744231,1.111050582016294,1.111050582016294,1.0,-0.0003561710517566,3600.0,222.3009576146614,6.175026600407261
25.3,1.5,1.4998109774856612,1.1110507903023208,1.1110507903023208,1.0,-0.0003549453704855,3600.0,222.30095774764737,6.1750266041013155
25.35,1.5,1.4998116341406518,1.1110509977649503,1.1110509977649503,1.0,-0.0003537246283711,3600.0,222.3009578795771,6.175026607766031
25.4,1.5,1.499812288123851,1.111051204408485,1.111051204408485,1.0,-0.0003525086189454,3600.0,222.30095801122837,6.17502661142301
25.45,1.5,1.4998129394796718,1.111051410237197,1.111051410237197,1.0,-0.0003512974853388,3600.0,222.30095814046783,6.175026615012995
25.5,1.5,1.4998135881926078,1.11105161525531,1.11105161525531,1.0,-0.0003500910840356,3600.0,222.30095826907692,6.17502661858547
25.55,1.5,1.4998142343065448,1.11105181946703,1.11105181946703,1.0,-0.0003488894484693,3600.0,222.30095839584865,6.175026622106907
25.6,1.5,1.4998148778060958,1.1110520228765266,1.1110520228765266,1.0,-0.0003476925203217,3600.0,222.30095852342754,6.175026625650765
25.65,1.5,1.4998155187345894,1.1110522254879485,1.1110522254879485,1.0,-0.0003465002640001,3600.0,222.30095864877907,6.175026629132752
25.7,1.5,1.499816157076713,1.1110524273053892,1.1110524273053892,1.0,-0.0003453127422653,3600.0,222.30095877376834,6.175026632604677
25.75,1.5,1.4998167928752753,1.1110526283329487,1.1110526283329487,1.0,-0.0003441298196261,3600.0,222.30095889726542,6.175026636035151
25.8,1.5,1.499817426115022,1.1110528285746646,1.1110528285746646,1.0,-0.0003429515293246,3600.0,222.30095902099472,6.175026639472076
25.85,1.5,1.499818056838319,1.1110530280345543,1.1110530280345543,1.0,-0.0003417778728996,3600.0,222.3009591421313,6.17502664283698
25.9,1.5,1.499818685029949,1.1110532267166198,1.1110532267166198,1.0,-0.0003406087177815,3600.0,222.30095926360562,6.1750266462112675
25.95,1.5,1.4998193107318176,1.1110534246248076,1.1110534246248076,1.0,-0.0003394441751529,3600.0,222.30095938345056,6.1750266495402935
26.0,1.5,1.499819933928802,1.1110536217630624,1.1110536217630624,1.0,-0.0003382841593066,3600.0,222.30095950316496,6.175026652865693
26.05,1.5,1.4998205546622647,1.1110538181352805,1.1110538181352805,1.0,-0.0003371286765572,3600.0,222.30095962120944,6.1750266561447065
26.1,1.5,1.4998211729171804,1.111054013745351,1.111054013745351,1.0,-0.0003359775979973,3600.0,222.30095973917636,6.175026659421565
26.15,1.5,1.4998217887344902,1.1110542085971045,1.1110542085971045,1.0,-0.000334831039431,3600.0,222.30095985453033,6.175026662625843
26.2,1.5,1.499822402099225,1.11105440269437,1.11105440269437,1.0,-0.0003336889106105,3600.0,222.30095997080014,6.175026665855559
26.25,1.5,1.499823013051845,1.1110545960409457,1.1110545960409457,1.0,-0.0003325512025764,3600.0,222.3009600851875,6.175026669032986
26.3,1.5,1.4998236215774647,1.111054788640588,1.111054788640588,1.0,-0.0003314178599761,3600.0,222.30096019981826,6.175026672217173
26.35,1.5,1.4998242277160976,1.1110549804970449,1.1110549804970449,1.0,-0.0003302889361755,3600.0,222.30096031240728,6.175026675344647
26.4,1.5,1.499824831452931,1.111055171614019,1.111055171614019,1.0,-0.0003291643022027,3600.0,222.30096042480298,6.175026678466749
26.45,1.5,1.499825432827519,1.1110553619952173,1.1110553619952173,1.0,-0.0003280441113711,3600.0,222.30096053646938,6.175026681568594
26.5,1.5,1.499826031825055,1.1110555516442857,1.1110555516442857,1.0,-0.0003269280953829,3600.0,222.30096064741983,6.17502668465055
26.55,1.5,1.4998266284847237,1.1110557405648525,1.1110557405648525,1.0,-0.0003258164822016,3600.0,222.30096075589503,6.175026687663751
26.6,1.5,1.4998272227917864,1.1110559287605546,1.1110559287605546,1.0,-0.0003247090420471,3600.0,222.30096086737817,6.175026690760505
26.65,1.5,1.4998278147849782,1.1110561162349282,1.1110561162349282,1.0,-0.0003236058490199,3600.0,222.30096097281537,6.175026693689316
26.7,1.5,1.4998284044497934,1.111056302991564,1.111056302991564,1.0,-0.0003225069421211,3600.0,222.30096108168584,6.175026696713496
26.75,1.5,1.4998289918243743,1.111056489034001,1.111056489034001,1.0,-0.0003214122203148,3600.0,222.3009611880279,6.175026699667442
26.8,1.5,1.4998295768942274,1.1110566743657346,1.1110566743657346,1.0,-0.0003203216554035,3600.0,222.3009612935735,6.175026702599264
26.85,1.5,1.499830159697227,1.1110568589902436,1.1110568589902436,1.0,-0.0003192352632114,3600.0,222.30096139784933,6.1750267054958154
26.9,1.5,1.4998307402189324,1.111057042911006,1.111057042911006,1.0,-0.000318152981737,3600.0,222.30096150368664,6.175026708435739
26.95,1.5,1.499831318496745,1.1110572261314464,1.1110572261314464,1.0,-0.0003170748810532,3600.0,222.30096160658425,6.175026711294007
27.0,1.5,1.499831894516276,1.1110574086549845,1.1110574086549845,1.0,-0.0003160008095526,3600.0,222.30096170924475,6.175026714145687
27.05,1.5,1.4998324683146105,1.1110575904849975,1.1110575904849975,1.0,-0.0003149309022764,3600.0,222.30096181018536,6.175026716949594
27.1,1.5,1.499833039877419,1.1110577716248655,1.1110577716248655,1.0,-0.0003138650110075,3600.0,222.30096191304764,6.175026719806879
27.15,1.5,1.4998336092413178,1.111057952077927,1.111057952077927,1.0,-0.0003128030996163,3600.0,222.30096201275907,6.175026722576641
27.2,1.5,1.4998341763921252,1.1110581318474957,1.1110581318474957,1.0,-0.0003117453308753,3600.0,222.30096211278766,6.175026725355213
27.25,1.5,1.4998347413660016,1.11105831093688,1.11105831093688,1.0,-0.0003106915071657,3600.0,222.30096221128224,6.175026728091173
27.3,1.5,1.4998353041488366,1.1110584893493458,1.1110584893493458,1.0,-0.0003096416660737,3600.0,222.30096231000036,6.175026730833343
27.35,1.5,1.4998358647764751,1.1110586670881435,1.1110586670881435,1.0,-0.0003085958661211,3600.0,222.30096240896248,6.175026733582291
27.4,1.5,1.4998364232348425,1.1110588441565206,1.1110588441565206,1.0,-0.0003075538498192,3600.0,222.30096250591794,6.175026736275498
27.45,1.5,1.499836979559421,1.1110590205576638,1.1110590205576638,1.0,-0.0003065158923073,3600.0,222.30096260084886,6.175026738912469
27.5,1.5,1.4998375337362035,1.111059196294777,1.111059196294777,1.0,-0.0003054817751439,3600.0,222.30096269764442,6.175026741601234
27.55,1.5,1.4998380858002665,1.111059371371017,1.111059371371017,1.0,-0.0003044515568451,3600.0,222.30096279175913,6.175026744215531
27.6,1.5,1.4998386357376767,1.1110595457895387,1.1110595457895387,1.0,-0.0003034252265693,3600.0,222.30096288695145,6.175026746859762
27.65,1.5,1.4998391835831664,1.1110597195534468,1.1110597195534468,1.0,-0.0003024027294378,3600.0,222.3009629806459,6.175026749462386
27.7,1.5,1.499839729322917,1.111059892665859,1.111059892665859,1.0,-0.0003013840996694,3600.0,222.30096307323154,6.17502675203421
27.75,1.5,1.4998402729912288,1.1110600651298528,1.1110600651298528,1.0,-0.0003003692755336,3600.0,222.30096316489139,6.175026754580316
27.8,1.5,1.4998408145743636,1.1110602369484943,1.1110602369484943,1.0,-0.0002993581964536,3600.0,222.3009632575375,6.175026757153819
27.85,1.5,1.4998413541062945,1.1110604081248212,1.1110604081248212,1.0,-0.0002983509725305,3600.0,222.3009633489105,6.175026759691959
27.9,1.5,1.4998418915733358,1.1110605786618504,1.1110605786618504,1.0,-0.0002973474420378,3600.0,222.30096343902878,6.175026762195244
27.95,1.5,1.4998424270091393,1.1110607485625867,1.1110607485625867,1.0,-0.000296347688823,3600.0,222.30096352873576,6.175026764687105
28.0,1.5,1.499842960400118,1.1110609178300053,1.1110609178300053,1.0,-0.000295351643325,3600.0,222.30096361836692,6.175026767176859
28.05,1.5,1.499843491779545,1.1110610864670751,1.1110610864670751,1.0,-0.0002943593482019,3600.0,222.30096370724013,6.175026769645559
28.1,1.5,1.499844021133887,1.1110612544767389,1.1110612544767389,1.0,-0.000293370708557,3600.0,222.3009637954433,6.175026772095648
28.15,1.5,1.4998445484960776,1.111061421861918,1.111061421861918,1.0,-0.000292385783662,3600.0,222.3009638822459,6.17502677450683
28.2,1.5,1.49984507385495,1.1110615886255282,1.1110615886255282,1.0,-0.0002914044703809,3600.0,222.30096396942923,6.17502677692859
28.25,1.5,1.499845597243078,1.1110617547704331,1.1110617547704331,1.0,-0.0002904268095102,3600.0,222.30096405461128,6.1750267792947575
28.3,1.5,1.4998461186471093,1.1110619202995042,1.1110619202995042,1.0,-0.0002894527832752,3600.0,222.30096414023137,6.175026781673093
28.35,1.5,1.4998466380945346,1.1110620852155997,1.1110620852155997,1.0,-0.0002884823864509,3600.0,222.30096422567453,6.175026784046515
28.4,1.5,1.499847155576693,1.1110622495215456,1.1110622495215456,1.0,-0.0002875155443616,3600.0,222.3009643091899,6.175026786366386
28.45,1.5,1.4998476711207809,1.1110624132201636,1.1110624132201636,1.0,-0.0002865522955003,3600.0,222.30096439364218,6.175026788712283
28.5,1.5,1.4998481847181917,1.11106257631423,1.11106257631423,1.0,-0.0002855925650707,3600.0,222.30096447645073,6.17502679101252
28.55,1.5,1.4998486963959734,1.111062738806511,1.111062738806511,1.0,-0.0002846364397679,3600.0,222.30096456022994,6.175026793339721
28.6,1.5,1.4998492061455249,1.1110629006997912,1.1110629006997912,1.0,-0.0002836837830731,3600.0,222.30096464230644,6.1750267956196225
28.65,1.5,1.4998497139935645,1.1110630619967905,1.1110630619967905,1.0,-0.0002827346671298,3600.0,222.30096472280124,6.17502679785559
28.7,1.5,1.4998502199315569,1.1110632227002395,1.1110632227002395,1.0,-0.0002817890016403,3600.0,222.30096480467864,6.175026800129963
28.75,1.5,1.4998507239859438,1.111063382812848,1.111063382812848,1.0,-0.0002808468675782,3600.0,222.30096488479793,6.175026802355498
28.8,1.5,1.4998512261481722,1.1110635423372988,1.1110635423372988,1.0,-0.0002799081653754,3600.0,222.30096496555115,6.175026804598643
28.85,1.5,1.4998517264445037,1.111063701276252,1.111063701276252,1.0,-0.0002789729319343,3600.0,222.300965044752,6.175026806798666
28.9,1.5,1.4998522248664414,1.111063859632376,1.111063859632376,1.0,-0.0002780410799435,3600.0,222.3009651254097,6.175026809039158
28.95,1.5,1.499852721439897,1.1110640174083155,1.1110640174083155,1.0,-0.0002771126827055,3600.0,222.30096520206635,6.17502681116851
29.0,1.5,1.4998532161564038,1.1110641746066705,1.1110641746066705,1.0,-0.0002761876785562,3600.0,222.3009652807326,6.175026813353683
29.05,1.5,1.4998537090416717,1.1110643312300672,1.1110643312300672,1.0,-0.0002752660653701,3600.0,222.30096535827397,6.175026815507611
29.1,1.5,1.499854200087237,1.1110644872810784,1.1110644872810784,1.0,-0.0002743478007025,3600.0,222.30096543536052,6.175026817648903
29.15,1.5,1.4998546893185536,1.111064642762284,1.111064642762284,1.0,-0.0002734329044281,3600.0,222.3009655115534,6.175026819765371
29.2,1.5,1.4998551767272237,1.111064797676234,1.111064797676234,1.0,-0.0002725213241165,3600.0,222.30096558810308,6.175026821891753
29.25,1.5,1.4998556623384465,1.1110649520254756,1.1110649520254756,1.0,-0.0002716131142042,3600.0,222.30096566418564,6.1750268240051565
29.3,1.5,1.499856146143818,1.1110651058125245,1.1110651058125245,1.0,-0.0002707081328876,3600.0,222.3009657391686,6.175026826088017
29.35,1.5,1.4998566281683696,1.1110652590398928,1.1110652590398928,1.0,-0.0002698064976812,3600.0,222.30096581384402,6.175026828162333
29.4,1.5,1.4998571084036998,1.1110654117100784,1.1110654117100784,1.0,-0.0002689081356829,3600.0,222.30096588777295,6.1750268302159155
29.45,1.5,1.4998575868745423,1.1110655638255609,1.1110655638255609,1.0,-0.0002680130400702,3600.0,222.3009659615768,6.175026832266022
29.5,1.5,1.4998580635725192,1.1110657153887982,1.1110657153887982,1.0,-0.0002671211845539,3600.0,222.3009660350617,6.175026834307269
29.55,1.5,1.4998585385221743,1.1110658664022406,1.1110658664022406,1.0,-0.0002662325592086,3600.0,222.30096610802264,6.175026836333962
29.6,1.5,1.4998590117151789,1.1110660168683102,1.1110660168683102,1.0,-0.0002653471594858,3600.0,222.30096618037493,6.175026838343748
29.65,1.5,1.4998594831758332,1.1110661667894377,1.1110661667894377,1.0,-0.0002644650149265,3600.0,222.300966251837,6.175026840328805
29.7,1.5,1.4998599528957974,1.111066316168028,1.111066316168028,1.0,-0.0002635859760338,3600.0,222.3009663238186,6.175026842328295
29.75,1.5,1.4998604208991526,1.111066465006465,1.111066465006465,1.0,-0.0002627102069826,3600.0,222.3009663946716,6.175026844296434
29.8,1.5,1.4998608871775772,1.111066613307124,1.111066613307124,1.0,-0.000261837520007,3600.0,222.30096646516554,6.175026846254599
29.85,1.5,1.4998613517549644,1.1110667610723546,1.1110667610723546,1.0,-0.0002609680130373,3600.0,222.3009665347501,6.175026848187503
29.9,1.5,1.4998618146230531,1.1110669083045217,1.1110669083045217,1.0,-0.0002601016500561,3600.0,222.30096660475255,6.175026850132015
29.95,1.5,1.499862275805435,1.1110670550059396,1.1110670550059396,1.0,-0.0002592384283686,3600.0,222.300966673441,6.175026852040028
30.0,1.5,1.4998627352938885,1.1110672011789398,1.1110672011789398,1.0,-0.0002583782870866,3600.0,222.3009667423911,6.175026853955308
30.05,1.5,1.4998631931117596,1.111067346825827,1.111067346825827,1.0,-0.0002575212680918,3600.0,222.30096681091027,6.175026855858618
30.1,1.5,1.4998636492508568,1.1110674919488774,1.1110674919488774,1.0,-0.000256667295671,3600.0,222.3009668784519,6.1750268577347756
30.15,1.5,1.499864103734361,1.1110676365503798,1.1110676365503798,1.0,-0.0002558164408781,3600.0,222.3009669465532,6.1750268596264775
30.2,1.5,1.4998645565540951,1.1110677806325928,1.1110677806325928,1.0,-0.0002549685749836,3600.0,222.30096701337405,6.175026861482613
30.25,1.5,1.499865007733039,1.1110679241977597,1.1110679241977597,1.0,-0.0002541237847546,3600.0,222.3009670794812,6.175026863318922
30.3,1.5,1.499865457263076,1.1110680672481164,1.1110680672481164,1.0,-0.0002532820268289,3600.0,222.30096714624162,6.175026865173378
30.35,1.5,1.499865905166939,1.1110682097858984,1.1110682097858984,1.0,-0.0002524432857287,3600.0,222.3009672117448,6.175026866992911
30.4,1.5,1.499866351436527,1.1110683518133022,1.1110683518133022,1.0,-0.0002516075432631,3600.0,222.30096727797644,6.1750268688326795
30.45,1.5,1.499866796094365,1.1110684933325352,1.1110684933325352,1.0,-0.000250774832092,3600.0,222.30096734222283,6.175026870617301
30.5,1.5,1.499867239132371,1.1110686343457756,1.1110686343457756,1.0,-0.0002499450271896,3600.0,222.30096740703843,6.175026872417734
30.55,1.5,1.4998676805728843,1.1110687748551955,1.1110687748551955,1.0,-0.0002491182409525,3600.0,222.30096747082334,6.1750268741895376
30.6,1.5,1.4998681204078383,1.1110689148629571,1.1110689148629571,1.0,-0.0002482943632982,3600.0,222.30096753455206,6.17502687595978
30.65,1.5,1.4998685586593683,1.1110690543712007,1.1110690543712007,1.0,-0.0002474734462328,3600.0,222.3009675985953,6.175026877738759
30.7,1.5,1.4998689953194542,1.1110691933820638,1.1110691933820638,1.0,-0.0002466554516169,3600.0,222.30096766140912,6.175026879483586
30.75,1.5,1.4998694304100135,1.111069331897666,1.111069331897666,1.0,-0.0002458404035814,3600.0,222.30096772332297,6.175026881203416
30.8,1.5,1.499869863923041,1.1110694699201178,1.1110694699201178,1.0,-0.0002450282065696,3600.0,222.30096778610636,6.175026882947399
30.85,1.5,1.499870295880252,1.1110696074515145,1.1110696074515145,1.0,-0.0002442189290731,3600.0,222.3009678485421,6.175026884681725
30.9,1.5,1.4998707262736952,1.1110697444939477,1.1110697444939477,1.0,-0.0002434125436266,3600.0,222.30096790968665,6.175026886380185
30.95,1.5,1.4998711551248454,1.1110698810494843,1.1110698810494843,1.0,-0.0002426089998379,3600.0,222.3009679704976,6.175026888069377
31.0,1.5,1.499871582425829,1.1110700171201755,1.1110700171201755,1.0,-0.00024180829292,3600.0,222.3009680325468,6.175026889792967
31.05,1.5,1.4998720081979822,1.1110701527080835,1.1110701527080835,1.0,-0.0002410104487999,3600.0,222.30096809185886,6.175026891440524
31.1,1.5,1.499872432433395,1.1110702878152416,1.1110702878152416,1.0,-0.0002402154285338,3600.0,222.3009681524191,6.175026893122753
31.15,1.5,1.4998728551532077,1.1110704224436725,1.1110704224436725,1.0,-0.0002394232369878,3600.0,222.3009682117148,6.1750268947698554
31.2,1.5,1.499873276349569,1.1110705565953956,1.1110705565953956,1.0,-0.0002386338501276,3600.0,222.30096827070312,6.17502689640842
31.25,1.5,1.4998736960434116,1.1110706902724092,1.1110706902724092,1.0,-0.0002378472530847,3600.0,222.30096832997847,6.175026898054957
31.3,1.5,1.4998741142269096,1.1110708234767108,1.1110708234767108,1.0,-0.0002370634295657,3600.0,222.30096838830704,6.175026899675196
31.35,1.5,1.4998745309208106,1.1110709562102734,1.1110709562102734,1.0,-0.0002362823953173,3600.0,222.30096844678084,6.175026901299467
31.4,1.5,1.499874946117324,1.111071088475075,1.111071088475075,1.0,-0.0002355040772544,3600.0,222.3009685057146,6.175026902936517
31.45,1.5,1.4998753598370365,1.1110712202730588,1.1110712202730588,1.0,-0.0002347285265106,3600.0,222.3009685624758,6.175026904513216
31.5,1.5,1.4998757720722078,1.1110713516061828,1.1110713516061828,1.0,-0.000233955739837,3600.0,222.30096861992172,6.175026906108937
31.55,1.5,1.4998761828431868,1.1110714824763843,1.1110714824763843,1.0,-0.0002331856644148,3600.0,222.30096867637997,6.175026907677221
31.6,1.5,1.499876592142256,1.1110716128855849,1.1110716128855849,1.0,-0.0002324182636827,3600.0,222.30096873400936,6.175026909278038
31.65,1.5,1.4998769999896615,1.1110717428356915,1.1110717428356915,1.0,-0.0002316536088558,3600.0,222.30096878929655,6.175026910813792
31.7,1.5,1.499877406377692,1.111071872328625,1.111071872328625,1.0,-0.0002308916245193,3600.0,222.30096884638664,6.175026912399629
31.75,1.5,1.4998778113263818,1.1110720013662605,1.1110720013662605,1.0,-0.0002301323181022,3600.0,222.30096890142735,6.175026913928538
31.8,1.5,1.4998782148280971,1.1110721299504915,1.1110721299504915,1.0,-0.0002293756786303,3600.0,222.3009689564972,6.175026915458256
31.85,1.5,1.4998786169026612,1.1110722580831924,1.1110722580831924,1.0,-0.0002286217087203,3600.0,222.30096901180752,6.1750269169946534
31.9,1.5,1.499879017542428,1.1110723857662226,1.1110723857662226,1.0,-0.000227870361691,3600.0,222.30096906634014,6.175026918509449
31.95,1.5,1.499879416767102,1.1110725130014292,1.1110725130014292,1.0,-0.0002271216785007,3600.0,222.30096912061316,6.175026920017032
32.0,1.5,1.4998798145690937,1.111072639790659,1.111072639790659,1.0,-0.0002263756070902,3600.0,222.30096917513518,6.175026921531533
32.05,1.5,1.4998802109679237,1.1110727661357396,1.1110727661357396,1.0,-0.0002256321493198,3600.0,222.30096922880864,6.175026923022462
32.1,1.5,1.4998806059560277,1.1110728920384945,1.1110728920384945,1.0,-0.0002248912914157,3600.0,222.3009692823402,6.17502692450945
32.15,1.5,1.4998809995527485,1.1110730175007375,1.1110730175007375,1.0,-0.0002241530450505,3600.0,222.30096933472186,6.175026925964496
32.2,1.5,1.4998813917505591,1.1110731425242668,1.1110731425242668,1.0,-0.0002234173484839,3600.0,222.30096938801455,6.175026927444849
32.25,1.5,1.4998817825686404,1.1110732671108785,1.1110732671108785,1.0,-0.0002226842636218,3600.0,222.3009694403877,6.175026928899658
32.3,1.5,1.4998821719994728,1.1110733912623565,1.1110733912623565,1.0,-0.000221953678933,3600.0,222.30096949335933,6.175026930371093
32.35,1.5,1.4998825600620955,1.1110735149804625,1.1110735149804625,1.0,-0.0002212256882597,3600.0,222.30096954492737,6.175026931803537
32.4,1.5,1.499882946749041,1.111073638266969,1.111073638266969,1.0,-0.0002205002278711,3600.0,222.30096959700018,6.175026933250005
32.45,1.5,1.4998833320791831,1.1110737611236223,1.1110737611236223,1.0,-0.0002197772983852,3600.0,222.30096964783277,6.175026934662022
32.5,1.5,1.4998837160450724,1.1110738835521785,1.1110738835521785,1.0,-0.0002190568812404,3600.0,222.30096969931333,6.175026936092037
32.55,1.5,1.4998840986653887,1.1110740055543618,1.1110740055543618,1.0,-0.0002183389943215,3600.0,222.30096975009005,6.175026937502501
32.6,1.5,1.4998844799327675,1.111074127131896,1.111074127131896,1.0,-0.0002176235925193,3600.0,222.3009698005242,6.175026938903451
32.65,1.5,1.4998848598657606,1.1110742482865006,1.1110742482865006,1.0,-0.0002169106763446,3600.0,222.3009698507005,6.1750269402972355
32.7,1.5,1.4998852384569896,1.1110743690198883,1.1110743690198883,1.0,-0.0002162002268564,3600.0,222.30096990078346,6.175026941688429
32.75,1.5,1.499885615724856,1.1110744893337443,1.1110744893337443,1.0,-0.0002154922541291,3600.0,222.30096995047126,6.175026943068646
32.8,1.5,1.4998859916620295,1.11107460922977,1.11107460922977,1.0,-0.0002147867571774,3600.0,222.30096999977224,6.175026944438118
32.85,1.5,1.49988636628673,1.111074728709636,1.111074728709636,1.0,-0.0002140836951559,3600.0,222.30097004941743,6.175026945817152
32.9,1.5,1.4998867395916613,1.1110748477750256,1.1110748477750256,1.0,-0.0002133830735478,3600.0,222.30097009786695,6.175026947162971
32.95,1.5,1.4998871115948602,1.111074966427592,1.111074966427592,1.0,-0.0002126848824565,3600.0,222.3009701464042,6.175026948511229
33.0,1.5,1.499887482289096,1.1110750846689907,1.1110750846689907,1.0,-0.0002119891067284,3600.0,222.3009701952212,6.175026949867256
33.05,1.5,1.4998878516922594,1.1110752025008666,1.1110752025008666,1.0,-0.0002112957353968,3600.0,222.30097024275435,6.17502695118762
33.1,1.5,1.4998882197971772,1.11107531992485,1.11107531992485,1.0,-0.0002106047760919,3600.0,222.30097029103916,6.1750269525288655
33.15,1.5,1.4998885866215983,1.1110754369425762,1.1110754369425762,1.0,-0.0002099162193278,3600.0,222.3009703384733,6.175026953846481
33.2,1.5,1.4998889521583378,1.111075553555663,1.111075553555663,1.0,-0.0002092300124924,3600.0,222.30097038560308,6.175026955155641
33.25,1.5,1.4998893164249918,1.1110756697657185,1.1110756697657185,1.0,-0.0002085462025863,3600.0,222.3009704324307,6.175026956456408
33.3,1.5,1.4998896794144216,1.1110757855743507,1.1110757855743507,1.0,-0.0002078647353502,3600.0,222.30097047964946,6.175026957768041
33.35,1.5,1.4998900411440814,1.1110759009831477,1.1110759009831477,1.0,-0.0002071856310157,3600.0,222.30097052590523,6.175026959052922
33.4,1.5,1.4998904016068588,1.1110760159936988,1.1110760159936988,1.0,-0.0002065088695658,3600.0,222.3009705725388,6.1750269603482995
33.45,1.5,1.499890760820068,1.1110761306075785,1.1110761306075785,1.0,-0.0002058344482662,3600.0,222.30097061874008,6.175026961631668
33.5,1.5,1.4998911187766324,1.1110762448263591,1.1110762448263591,1.0,-0.0002051623426645,3600.0,222.30097066451026,6.175026962903062
33.55,1.5,1.499891475493729,1.1110763586515982,1.1110763586515982,1.0,-0.0002044925401551,3600.0,222.30097070984814,6.1750269641624485
33.6,1.5,1.4998918309643412,1.1110764720848465,1.1110764720848465,1.0,-0.0002038250699221,3600.0,222.30097075554588,6.1750269654318295
33.65,1.5,1.4998921852054712,1.1110765851276632,1.1110765851276632,1.0,-0.0002031598913856,3600.0,222.3009708001711,6.175026966671419
33.7,1.5,1.4998925382101105,1.111076697781572,1.111076697781572,1.0,-0.0002024970028743,3600.0,222.30097084493383,6.175026967914829
33.75,1.5,1.4998928899951545,1.1110768100481074,1.1110768100481074,1.0,-0.0002018363722758,3600.0,222.30097088973167,6.175026969159213
33.8,1.5,1.4998932405536485,1.1110769219287864,1.1110769219287864,1.0,-0.0002011780500347,3600.0,222.30097093408787,6.175026970391329
33.85,1.5,1.4998935898994643,1.1110770334251323,1.1110770334251323,1.0,-0.0002005219603051,3600.0,222.30097097802803,6.1750269716118895
33.9,1.5,1.499893938034404,1.1110771445386474,1.1110771445386474,1.0,-0.0001998681337145,3600.0,222.3009710219562,6.175026972832117
33.95,1.5,1.499894284963318,1.1110772552708292,1.1110772552708292,1.0,-0.0001992165435174,3600.0,222.3009710656033,6.1750269740445365
34.0,1.5,1.4998946306910297,1.111077365623168,1.111077365623168,1.0,-0.0001985671953266,3600.0,222.3009711090088,6.175026975250244
34.05,1.5,1.4998949752223347,1.1110774755971486,1.1110774755971486,1.0,-0.00019792007133,3600.0,222.30097115230086,6.175026976452801
34.1,1.5,1.499895318562004,1.111077585194246,1.111077585194246,1.0,-0.0001972751645129,3600.0,222.30097119524368,6.175026977645658
34.15,1.5,1.4998956607147778,1.1110776944159306,1.1110776944159306,1.0,-0.0001966324694854,3600.0,222.30097123808082,6.175026978835579
34.2,1.5,1.4998960016853775,1.1110778032636623,1.1110778032636623,1.0,-0.0001959919713759,3600.0,222.3009712806031,6.175026980016753
34.25,1.5,1.499896341478503,1.1110779117388947,1.1110779117388947,1.0,-0.0001953536664803,3600.0,222.30097132286144,6.175026981190595
34.300000000000004,1.5,1.499896680098823,1.1110780198430752,1.1110780198430752,1.0,-0.0001947175473512,3600.0,222.30097136500706,6.175026982361307
34.35,1.5,1.4998970175509865,1.1110781275776431,1.1110781275776431,1.0,-0.000194083597264,3600.0,222.30097140693195,6.175026983525888
34.4,1.5,1.4998973538396216,1.1110782349440296,1.1110782349440296,1.0,-0.0001934518164202,3600.0,222.30097144863754,6.175026984684376
34.45,1.5,1.4998976889693272,1.1110783419436616,1.1110783419436616,1.0,-0.0001928221963597,3600.0,222.30097149004183,6.175026985834496
34.5,1.5,1.4998980229446772,1.1110784485779563,1.1110784485779563,1.0,-0.0001921947224841,3600.0,222.30097153124441,6.175026986979012
34.550000000000004,1.5,1.4998983557702268,1.1110785548483244,1.1110785548483244,1.0,-0.0001915693922849,3600.0,222.30097157231057,6.175026988119739
34.6,1.5,1.499898687450509,1.1110786607561698,1.1110786607561698,1.0,-0.0001909461927809,3600.0,222.30097161323192,6.175026989256442
34.65,1.5,1.499899017990029,1.1110787663028907,1.1110787663028907,1.0,-0.0001903251242037,3600.0,222.30097165375238,6.175026990382011
34.7,1.5,1.4998993473932627,1.1110788714898774,1.1110788714898774,1.0,-0.0001897061680223,3600.0,222.30097169422788,6.17502699150633
34.75,1.5,1.4998996756646703,1.1110789763185125,1.1110789763185125,1.0,-0.0001890893216878,3600.0,222.30097173443423,6.175026992623174
34.800000000000004,1.5,1.4999000028086902,1.1110790807901734,1.1110790807901734,1.0,-0.0001884745733745,3600.0,222.30097177449457,6.17502699373596
34.85,1.5,1.499900328829739,1.1110791849062294,1.1110791849062294,1.0,-0.0001878619224922,3600.0,222.30097181428482,6.175026994841245
34.9,1.5,1.4999006537322068,1.1110792886680436,1.1110792886680436,1.0,-0.0001872513503817,3600.0,222.30097185387297,6.175026995940916
34.95,1.5,1.4999009775204726,1.1110793920769713,1.1110793920769713,1.0,-0.0001866428590106,3600.0,222.3009718932434,6.175026997034539
35.0,1.5,1.4999013001988843,1.111079495134364,1.111079495134364,1.0,-0.0001860364344419,3600.0,222.30097193249625,6.1750269981248955
35.050000000000004,1.5,1.4999016217717702,1.1110795978415648,1.1110795978415648,1.0,-0.0001854320714715,3600.0,222.30097197142516,6.1750269992062545
35.1,1.5,1.4999019422434363,1.11107970019991,1.11107970019991,1.0,-0.0001848297601236,3600.0,222.30097201024103,6.175027000284473
35.15,1.5,1.499902261618165,1.111079802210731,1.111079802210731,1.0,-0.0001842294924983,3600.0,222.30097204890305,6.175027001358418
35.2,1.5,1.4999025799002204,1.11107990387535,1.11107990387535,1.0,-0.000183631266589,3600.0,222.30097208729742,6.175027002424928
35.25,1.5,1.4999028970938393,1.111080005195087,1.111080005195087,1.0,-0.0001830350646647,3600.0,222.30097212551124,6.175027003486424
35.300000000000004,1.5,1.4999032132032428,1.1110801061712516,1.1110801061712516,1.0,-0.0001824408920197,3600.0,222.3009721635334,6.175027004542595
35.35,1.5,1.499903528232628,1.1110802068051489,1.1110802068051489,1.0,-0.0001818487267394,3600.0,222.30097220136935,6.175027005593592
35.4,1.5,1.499903842186177,1.1110803070980766,1.1110803070980766,1.0,-0.0001812585706994,3600.0,222.30097223904434,6.1750270066401205
35.45,1.5,1.4999041550680434,1.111080407051329,1.111080407051329,1.0,-0.0001806704102145,3600.0,222.3009722765565,6.175027007682125
35.5,1.5,1.4999044668823671,1.1110805066661908,1.1110805066661908,1.0,-0.0001800842463244,3600.0,222.30097231381293,6.175027008717025
35.550000000000004,1.5,1.4999047776332612,1.1110806059439429,1.1110806059439429,1.0,-0.0001795000588169,3600.0,222.30097235095567,6.175027009748769
35.6,1.5,1.4999050873248243,1.1110807048858584,1.1110807048858584,1.0,-0.0001789178566364,3600.0,222.30097238784793,6.175027010773554
35.65,1.5,1.4999053959611246,1.1110808034932074,1.1110808034932074,1.0,-0.0001783376139444,3600.0,222.3009724246011,6.175027011794475
35.7,1.5,1.499905703546221,1.1110809017672487,1.1110809017672487,1.0,-0.0001777593418494,3600.0,222.3009724611823,6.17502701281062
35.75,1.5,1.4999060100841526,1.1110809997092403,1.1110809997092403,1.0,-0.0001771830166494,3600.0,222.3009724975393,6.175027013820536
35.800000000000004,1.5,1.4999063155789325,1.1110810973204317,1.1110810973204317,1.0,-0.0001766086385886,3600.0,222.30097253376232,6.175027014826731
35.85,1.5,1.4999066200345563,1.111081194602067,1.111081194602067,1.0,-0.0001760362034265,3600.0,222.30097256983439,6.175027015828733
35.9,1.5,1.4999069234549982,1.111081291555385,1.111081291555385,1.0,-0.0001754656973556,3600.0,222.30097260569744,6.175027016824928
35.95,1.5,1.4999072258442157,1.111081388181617,1.111081388181617,1.0,-0.000174897115181,3600.0,222.300972641388,6.175027017816333
36.0,1.5,1.4999075272061526,1.1110814844819887,1.1110814844819887,1.0,-0.0001743304549296,3600.0,222.30097267687532,6.175027018802092
36.05,1.5,1.4999078275447262,1.111081580457723,1.111081580457723,1.0,-0.000173765702171,3600.0,222.30097271218335,6.175027019782871
36.1,1.5,1.4999081268638357,1.1110816761100342,1.1110816761100342,1.0,-0.0001732028521451,3600.0,222.3009727473685,6.175027020760236
36.15,1.5,1.4999084251673642,1.111081771440131,1.111081771440131,1.0,-0.0001726418964639,3600.0,222.30097278239927,6.175027021733313
36.2,1.5,1.4999087224591776,1.1110818664492184,1.1110818664492184,1.0,-0.0001720828321815,3600.0,222.30097281719682,6.175027022699911
36.25,1.5,1.4999090187431172,1.1110819611384937,1.1110819611384937,1.0,-0.0001715256497509,3600.0,222.3009728519271,6.175027023664642
36.3,1.5,1.4999093140230082,1.1110820555091507,1.1110820555091507,1.0,-0.0001709703445747,3600.0,222.30097288633633,6.175027024620453
36.35,1.5,1.4999096083026542,1.1110821495623762,1.1110821495623762,1.0,-0.0001704169034179,3600.0,222.30097292075206,6.175027025576446
36.4,1.5,1.4999099015858464,1.1110822432993508,1.1110822432993508,1.0,-0.0001698653258726,3600.0,222.30097295489924,6.175027026524979
36.45,1.5,1.4999101938763535,1.1110823367212517,1.1110823367212517,1.0,-0.0001693155964276,3600.0,222.3009729888668,6.175027027468522
36.5,1.5,1.499910485177934,1.1110824298292477,1.1110824298292477,1.0,-0.0001687677219089,3600.0,222.30097302269886,6.1750270284083015
36.55,1.5,1.4999107754943182,1.111082522624507,1.111082522624507,1.0,-0.0001682216833907,3600.0,222.30097305635422,6.175027029343173
36.6,1.5,1.499911064829226,1.111082615108187,1.111082615108187,1.0,-0.0001676774778691,3600.0,222.30097308991967,6.175027030275547
36.65,1.5,1.4999113531863582,1.111082707281443,1.111082707281443,1.0,-0.0001671351013117,3600.0,222.30097312324418,6.175027031201227
36.7,1.5,1.4999116405693982,1.111082799145425,1.111082799145425,1.0,-0.0001665945437282,3600.0,222.30097315643292,6.175027032123137
36.75,1.5,1.4999119269820098,1.1110828907012766,1.1110828907012766,1.0,-0.0001660557991341,3600.0,222.30097318951826,6.175027033042174
36.8,1.5,1.4999122124278417,1.1110829819501364,1.1110829819501364,1.0,-0.0001655188612716,3600.0,222.30097322239692,6.1750270339554705
36.85,1.5,1.4999124969105195,1.1110830728931385,1.1110830728931385,1.0,-0.0001649837263057,3600.0,222.30097325515723,6.1750270348654785
36.9,1.5,1.4999127804336618,1.111083163531411,1.111083163531411,1.0,-0.0001644503814365,3600.0,222.30097328772987,6.175027035770274
36.95,1.5,1.4999130630008617,1.1110832538660778,1.1110832538660778,1.0,-0.0001639188219465,3600.0,222.30097332021148,6.1750270366725415
37.0,1.5,1.499913344615695,1.1110833438982568,1.1110833438982568,1.0,-0.0001633890441376,3600.0,222.30097335251764,6.175027037569935
37.05,1.5,1.499913625281728,1.1110834336290614,1.1110834336290614,1.0,-0.000162861037312,3600.0,222.3009733845816,6.1750270384606
37.1,1.5,1.4999139050025077,1.1110835230595988,1.1110835230595988,1.0,-0.0001623347983975,3600.0,222.30097341659123,6.175027039349756
37.15,1.5,1.4999141837815666,1.1110836121909726,1.1110836121909726,1.0,-0.0001618103220896,3600.0,222.30097344841593,6.175027040233776
37.2,1.5,1.499914461622411,1.1110837010242822,1.1110837010242822,1.0,-0.0001612875975895,3600.0,222.30097348006097,6.175027041112805
37.25,1.5,1.4999147385285412,1.1110837895606194,1.1110837895606194,1.0,-0.0001607666217745,3600.0,222.3009735116945,6.175027041991514
37.3,1.5,1.4999150145034397,1.111083877801072,1.111083877801072,1.0,-0.0001602473860844,3600.0,222.3009735429998,6.175027042861105
37.35,1.5,1.499915289550572,1.1110839657467246,1.1110839657467246,1.0,-0.0001597298849038,3600.0,222.30097357423102,6.175027043728639
37.4,1.5,1.499915563673384,1.1110840533986557,1.1110840533986557,1.0,-0.0001592141142637,3600.0,222.30097360535024,6.175027044593062
37.45,1.5,1.4999158368753067,1.1110841407579386,1.1110841407579386,1.0,-0.0001587000660986,3600.0,222.30097363632572,6.175027045453493
37.5,1.5,1.4999161091597568,1.1110842278256423,1.1110842278256423,1.0,-0.000158187728656,3600.0,222.30097366713042,6.175027046309179
37.55,1.5,1.4999163805301334,1.1110843146028313,1.1110843146028313,1.0,-0.0001576771057706,3600.0,222.3009736978069,6.175027047161303
37.6,1.5,1.4999166509898256,1.1110844010905645,1.1110844010905645,1.0,-0.0001571681843745,3600.0,222.30097372833114,6.175027048009198
37.65,1.5,1.499916920542203,1.1110844872898968,1.1110844872898968,1.0,-0.0001566609610038,3600.0,222.30097375870315,6.175027048852865
37.7,1.5,1.4999171891906204,1.1110845732018786,1.1110845732018786,1.0,-0.00015615542738,3600.0,222.3009737890209,6.175027049695025
37.75,1.5,1.499917456938418,1.1110846588275554,1.1110846588275554,1.0,-0.0001556515783554,3600.0,222.30097381909988,6.175027050530552
37.8,1.5,1.499917723788913,1.1110847441679683,1.1110847441679683,1.0,-0.0001551494063468,3600.0,222.30097384908595,6.175027051363498
37.85,1.5,1.4999179897454176,1.1110848292241515,1.1110848292241515,1.0,-0.0001546489112464,3600.0,222.30097387892204,6.175027052192279
37.9,1.5,1.4999182548112302,1.1110849139971382,1.1110849139971382,1.0,-0.000154150080034,3600.0,222.30097390868988,6.175027053019163
37.95,1.5,1.4999185189896234,1.1110849984879565,1.1110849984879565,1.0,-0.0001536529078997,3600.0,222.30097393837167,6.175027053843658
38.0,1.5,1.499918782283863,1.1110850826976264,1.1110850826976264,1.0,-0.0001531573904078,3600.0,222.30097396767772,6.175027054657714
38.05,1.5,1.4999190446972035,1.1110851666271668,1.1110851666271668,1.0,-0.0001526635250412,3600.0,222.30097399700605,6.17502705547239
38.1,1.5,1.4999193062328733,1.1110852502775928,1.1110852502775928,1.0,-0.0001521712984644,3600.0,222.30097402622377,6.1750270562839935
38.15,1.5,1.499919566894096,1.1110853336499116,1.1110853336499116,1.0,-0.0001516807067123,3600.0,222.30097405520002,6.175027057088889
38.2,1.5,1.4999198266840756,1.111085416745129,1.111085416745129,1.0,-0.00015119175273,3600.0,222.3009740841833,6.175027057893981
38.25,1.5,1.4999200856060066,1.1110854995642447,1.1110854995642447,1.0,-0.0001507044137668,3600.0,222.30097411294653,6.175027058692959
38.3,1.5,1.4999203436630697,1.1110855821082548,1.1110855821082548,1.0,-0.0001502187002278,3600.0,222.30097414154994,6.1750270594874985
38.35,1.5,1.499920600858422,1.111085664378152,1.111085664378152,1.0,-0.0001497346019001,3600.0,222.30097417007576,6.175027060279882
38.4,1.5,1.4999208571952063,1.111085746374924,1.111085746374924,1.0,-0.0001492521066658,3600.0,222.30097419856972,6.175027061071381
38.45,1.5,1.4999211126765617,1.1110858280995524,1.1110858280995524,1.0,-0.0001487712133969,3600.0,222.30097422683505,6.17502706185653
38.5,1.5,1.4999213673056089,1.1110859095530163,1.1110859095530163,1.0,-0.0001482919141383,3600.0,222.3009742549125,6.175027062636459
38.55,1.5,1.4999216210854562,1.1110859907362909,1.1110859907362909,1.0,-0.0001478142066916,3600.0,222.30097428294545,6.175027063415151
38.6,1.5,1.4999218740191933,1.1110860716503463,1.1110860716503463,1.0,-0.0001473380807615,3600.0,222.30097431087614,6.1750270641910046
38.65,1.5,1.4999221261099038,1.1110861522961484,1.1110861522961484,1.0,-0.0001468635383476,3600.0,222.3009743386216,6.175027064961711
38.7,1.5,1.4999223773606531,1.11108623267466,1.11108623267466,1.0,-0.0001463905643653,3600.0,222.30097436628722,6.175027065730201
38.75,1.5,1.4999226277744926,1.1110863127868382,1.1110863127868382,1.0,-0.000145919161245,3600.0,222.30097439377252,6.175027066493681
38.8,1.5,1.499922877354459,1.1110863926336378,1.1110863926336378,1.0,-0.0001454493190731,3600.0,222.30097442117275,6.175027067254799
38.85,1.5,1.4999231261035773,1.1110864722160083,1.1110864722160083,1.0,-0.0001449810281863,3600.0,222.30097444850887,6.175027068014135
38.9,1.5,1.4999233740248594,1.1110865515348944,1.1110865515348944,1.0,-0.0001445142909949,3600.0,222.3009744756666,6.175027068768516
38.95,1.5,1.4999236211213076,1.1110866305912386,1.1110866305912386,1.0,-0.0001440490988284,3600.0,222.30097450271577,6.175027069519882
39.0,1.5,1.499923867395904,1.1110867093859784,1.1110867093859784,1.0,-0.0001435854472032,3600.0,222.300974529652,6.175027070268111
39.05,1.5,1.49992411285162,1.111086787920048,1.111086787920048,1.0,-0.000143123327849,3600.0,222.3009745565295,6.175027071014709
39.1,1.5,1.499924357491416,1.1110868661943758,1.1110868661943758,1.0,-0.0001426627386109,3600.0,222.30097458314623,6.175027071754062
39.15,1.5,1.4999246013182392,1.111086944209888,1.111086944209888,1.0,-0.0001422036716672,3600.0,222.30097460976583,6.175027072493496
39.2,1.5,1.499924844335022,1.1110870219675073,1.1110870219675073,1.0,-0.0001417461214852,3600.0,222.30097463626473,6.175027073229575
39.25,1.5,1.4999250865446805,1.111087099468151,1.111087099468151,1.0,-0.0001412900835436,3600.0,222.3009746625388,6.175027073959411
39.3,1.5,1.499925327950128,1.111087176712732,1.111087176712732,1.0,-0.0001408355520302,3600.0,222.30097468878796,6.175027074688555
39.35,1.5,1.4999255685542612,1.1110872537021614,1.1110872537021614,1.0,-0.000140382522178,3600.0,222.30097471489816,6.175027075413837
39.4,1.5,1.4999258083599665,1.111087330437345,1.111087330437345,1.0,-0.0001399309899381,3600.0,222.30097474089737,6.175027076136038
39.45,1.5,1.4999260473701097,1.1110874069191865,1.1110874069191865,1.0,-0.0001394809471973,3600.0,222.30097476681857,6.175027076856072
39.5,1.5,1.4999262855875486,1.1110874831485835,1.1110874831485835,1.0,-0.0001390323898352,3600.0,222.30097479259868,6.175027077572185
39.55,1.5,1.4999265230151335,1.111087559126431,1.111087559126431,1.0,-0.0001385853138017,3600.0,222.30097481826292,6.175027078285081
39.6,1.5,1.4999267596556962,1.1110876348536207,1.1110876348536207,1.0,-0.0001381397107113,3600.0,222.30097484385277,6.17502707899591
39.65,1.5,1.4999269955120555,1.1110877103310406,1.1110877103310406,1.0,-0.0001376955788879,3600.0,222.30097486932877,6.175027079703577
39.7,1.5,1.4999272305870193,1.1110877855595729,1.1110877855595729,1.0,-0.0001372529122174,3600.0,222.3009748946432,6.175027080406755
39.75,1.5,1.4999274648833896,1.1110878605400978,1.1110878605400978,1.0,-0.0001368117030932,3600.0,222.30097491990207,6.175027081108391
39.8,1.5,1.499927698403949,1.1110879352734928,1.1110879352734928,1.0,-0.0001363719473141,3600.0,222.30097494500254,6.175027081805625
39.85,1.5,1.4999279311514715,1.1110880097606295,1.1110880097606295,1.0,-0.0001359336423753,3600.0,222.30097497004053,6.175027082501125
39.9,1.5,1.4999281631287196,1.1110880840023776,1.1110880840023776,1.0,-0.0001354967832066,3600.0,222.30097499497137,6.175027083193649
39.95,1.5,1.499928394338443,1.1110881579996028,1.1110881579996028,1.0,-0.000135061360048,3600.0,222.30097501978088,6.175027083882802
40.0,1.5,1.4999286247833776,1.1110882317531667,1.1110882317531667,1.0,-0.0001346273739699,3600.0,222.3009750444846,6.175027084569016
40.05,1.5,1.4999288544662477,1.111088305263928,1.111088305263928,1.0,-0.0001341948123773,3600.0,222.30097506906628,6.175027085251841
40.1,1.5,1.4999290833897745,1.11108837853274,1.11108837853274,1.0,-0.0001337636776643,3600.0,222.30097509356622,6.1750270859323955
40.15,1.5,1.499929311556658,1.1110884515604558,1.1110884515604558,1.0,-0.0001333339587627,3600.0,222.30097511799053,6.175027086610848
40.2,1.5,1.499929538969589,1.1110885243479225,1.1110885243479225,1.0,-0.0001329056548782,3600.0,222.30097514222268,6.175027087283963
40.25,1.5,1.4999297656312505,1.111088596895983,1.111088596895983,1.0,-0.0001324787605464,3600.0,222.3009751664261,6.1750270879562805
40.3,1.5,1.499929991544313,1.111088669205479,1.111088669205479,1.0,-0.000132053270654,3600.0,222.30097519055235,6.175027088626454
40.35,1.5,1.4999302167114328,1.1110887412772483,1.1110887412772483,1.0,-0.0001316291773392,3600.0,222.30097521451336,6.175027089292038
40.4,1.5,1.4999304411352576,1.1110888131121248,1.1110888131121248,1.0,-0.0001312064803284,3600.0,222.30097523837227,6.175027089954785
40.45,1.5,1.499930664818424,1.111088884710938,1.111088884710938,1.0,-0.0001307851712641,3600.0,222.3009752621573,6.1750270906154805
40.5,1.5,1.4999308877635535,1.1110889560745163,1.1110889560745163,1.0,-0.0001303652466426,3600.0,222.3009752858622,6.175027091273949
40.55,1.5,1.49993110997326,1.1110890272036824,1.1110890272036824,1.0,-0.0001299467006907,3600.0,222.3009753094197,6.175027091928325
40.6,1.5,1.499931331450146,1.111089098099257,1.111089098099257,1.0,-0.0001295295307452,3600.0,222.30097533292505,6.175027092581251
40.65,1.5,1.499931552196802,1.1110891687620572,1.1110891687620572,1.0,-0.0001291137290754,3600.0,222.30097535631532,6.175027093230981
40.7,1.5,1.4999317722158123,1.111089239192896,1.111089239192896,1.0,-0.0001286992925302,3600.0,222.30097537963593,6.175027093878776
40.75,1.5,1.4999319915097455,1.1110893093925842,1.1110893093925842,1.0,-0.0001282862171656,3600.0,222.30097540274738,6.175027094520761
40.8,1.5,1.4999322100811607,1.1110893793619283,1.1110893793619283,1.0,-0.0001278744973574,3600.0,222.30097542586347,6.175027095162874
40.85,1.5,1.4999324279326076,1.1110894491017334,1.1110894491017334,1.0,-0.0001274641260087,3600.0,222.30097544887244,6.175027095802013
40.9,1.5,1.499932645066625,1.1110895186127985,1.1110895186127985,1.0,-0.0001270551043266,3600.0,222.30097547178005,6.175027096438335
40.95,1.5,1.499932861485742,1.1110895878959213,1.1110895878959213,1.0,-0.0001266474193748,3600.0,222.30097549459978,6.175027097072216
41.0,1.5,1.4999330771924726,1.111089656951896,1.111089656951896,1.0,-0.0001262410746245,3600.0,222.30097551732825,6.175027097703563
41.05,1.5,1.4999332921893298,1.111089725781513,1.111089725781513,1.0,-0.000125836061207,3600.0,222.3009755400086,6.175027098333572
41.1,1.5,1.4999335064788075,1.1110897943855604,1.1110897943855604,1.0,-0.0001254323767155,3600.0,222.30097556248944,6.17502709895804
41.15,1.5,1.499933720063389,1.111089862764824,1.111089862764824,1.0,-0.0001250300115077,3600.0,222.30097558489294,6.17502709958036
41.2,1.5,1.499933932945552,1.111089930920083,1.111089930920083,1.0,-0.000124628963449,3600.0,222.30097560722908,6.175027100200808
41.25,1.5,1.4999341451277612,1.1110899988521166,1.1110899988521166,1.0,-0.0001242292319108,3600.0,222.30097562947392,6.1750271008187205
41.3,1.5,1.4999343566124754,1.1110900665616994,1.1110900665616994,1.0,-0.000123830809456,3600.0,222.30097565164579,6.175027101434605
41.35,1.5,1.4999345674021354,1.1110901340496044,1.1110901340496044,1.0,-0.0001234336890987,3600.0,222.30097567373915,6.17502710204831
41.4,1.5,1.4999347774991802,1.1110902013165993,1.1110902013165993,1.0,-0.0001230378720455,3600.0,222.30097569574605,6.175027102659612
41.45,1.5,1.4999349869060352,1.1110902683634505,1.1110902683634505,1.0,-0.0001226433477623,3600.0,222.3009757176198,6.175027103267217
41.5,1.5,1.499935195625116,1.1110903351909205,1.1110903351909205,1.0,-0.0001222501167697,3600.0,222.30097573938892,6.175027103871915
41.55,1.5,1.499935403658827,1.1110904017997694,1.1110904017997694,1.0,-0.000121858169923,3600.0,222.30097576110825,6.1750271044752285
41.6,1.5,1.4999356110095663,1.1110904681907532,1.1110904681907532,1.0,-0.000121467505964,3600.0,222.30097578279484,6.175027105077635
41.65,1.5,1.4999358176797213,1.1110905343646262,1.1110905343646262,1.0,-0.0001210781200857,3600.0,222.30097580425945,6.175027105673873
41.7,1.5,1.499936023671667,1.111090600322139,1.111090600322139,1.0,-0.0001206900063641,3600.0,222.30097582572077,6.175027106270021
41.75,1.5,1.4999362289877718,1.111090666064039,1.111090666064039,1.0,-0.0001203031620859,3600.0,222.30097584706715,6.175027106862977
41.8,1.5,1.4999364336303935,1.1110907315910712,1.1110907315910712,1.0,-0.0001199175815044,3600.0,222.30097586833384,6.175027107453718
41.85,1.5,1.499936637601881,1.1110907969039772,1.1110907969039772,1.0,-0.0001195332611449,3600.0,222.30097588959993,6.175027108044443
41.9,1.5,1.4999368409045717,1.1110908620034958,1.1110908620034958,1.0,-0.0001191501982587,3600.0,222.30097591067772,6.175027108629937
41.95,1.5,1.4999370435407946,1.1110909268903633,1.1110909268903633,1.0,-0.0001187683834125,3600.0,222.30097593165485,6.1750271092126345
42.0,1.5,1.4999372455128706,1.1110909915653124,1.1110909915653124,1.0,-0.000118387817978,3600.0,222.30097595263243,6.175027109795345
42.05,1.5,1.4999374468231093,1.111091056029073,1.111091056029073,1.0,-0.0001180084952009,3600.0,222.30097597344042,6.175027110373344
42.1,1.5,1.499937647473812,1.1110911202823732,1.1110911202823732,1.0,-0.0001176304092472,3600.0,222.3009759942341,6.175027110950947
42.15,1.5,1.499937847467268,1.1110911843259368,1.1110911843259368,1.0,-0.0001172535569131,3600.0,222.3009760149228,6.175027111525634
42.2,1.5,1.4999380468057604,1.1110912481604862,1.1110912481604862,1.0,-0.000116877938054,3600.0,222.3009760355602,6.175027112098895
42.25,1.5,1.499938245491562,1.1110913117867387,1.1110913117867387,1.0,-0.0001165035409262,3600.0,222.30097605603544,6.175027112667651
42.3,1.5,1.499938443526942,1.1110913752054103,1.1110913752054103,1.0,-0.0001161303684018,3600.0,222.30097607646957,6.175027113235266
42.35,1.5,1.4999386409141544,1.1110914384172152,1.1110914384172152,1.0,-0.0001157584119591,3600.0,222.3009760968146,6.175027113800406
42.4,1.5,1.4999388376554426,1.1110915014228635,1.1110915014228635,1.0,-0.0001153876705039,3600.0,222.30097611706677,6.175027114362966
42.45,1.5,1.4999390337530436,1.111091564223063,1.111091564223063,1.0,-0.0001150181351442,3600.0,222.3009761372639,6.1750271149239975
42.5,1.5,1.499939229209187,1.1110916268185178,1.1110916268185178,1.0,-0.0001146498055584,3600.0,222.30097615736955,6.175027115482488
42.55,1.5,1.499939424026092,1.11109168920993,1.11109168920993,1.0,-0.0001142826750475,3600.0,222.3009761774146,6.175027116039295
42.6,1.5,1.49993961820597,1.1110917513979994,1.1110917513979994,1.0,-0.000113916743088,3600.0,222.30097619738737,6.1750271165940935
42.65,1.5,1.499939811751022,1.1110918133834222,1.1110918133834222,1.0,-0.0001135520039482,3600.0,222.3009762172808,6.175027117146689
42.7,1.5,1.499940004663439,1.1110918751668926,1.1110918751668926,1.0,-0.0001131884517911,3600.0,222.30097623705333,6.175027117695926
42.75,1.5,1.499940196945408,1.111091936749101,1.111091936749101,1.0,-0.0001128260853192,3600.0,222.30097625675006,6.175027118243057
42.8,1.5,1.4999403885991085,1.1110919981307366,1.1110919981307366,1.0,-0.0001124648991208,3600.0,222.30097627644514,6.175027118790143
42.85,1.5,1.4999405796267036,1.1110920593124856,1.1110920593124856,1.0,-0.0001121048907366,3600.0,222.30097629601627,6.175027119333786
42.9,1.5,1.499940770030348,1.1110921202950312,1.1110921202950312,1.0,-0.0001117460497295,3600.0,222.3009763154859,6.175027119874608
42.95,1.5,1.4999409598121969,1.111092181079053,1.111092181079053,1.0,-0.0001113883761437,3600.0,222.3009763348582,6.175027120412728
43.0,1.5,1.499941148974393,1.1110922416652291,1.1110922416652291,1.0,-0.0001110318703293,3600.0,222.30097635422518,6.175027120950699
43.05,1.5,1.499941337519072,1.1110923020542351,1.1110923020542351,1.0,-0.0001106765260787,3600.0,222.3009763734669,6.175027121485192
43.1,1.5,1.499941525448357,1.111092362246744,1.111092362246744,1.0,-0.0001103223378517,3600.0,222.30097639262488,6.175027122017357
43.15,1.5,1.4999417127643644,1.1110924222434255,1.1110924222434255,1.0,-0.0001099692991192,3600.0,222.30097641171434,6.17502712254762
43.2,1.5,1.499941899469202,1.111092482044947,1.111092482044947,1.0,-0.0001096174101959,3600.0,222.30097643078014,6.175027123077226
43.25,1.5,1.4999420855649706,1.1110925416519748,1.1110925416519748,1.0,-0.0001092666657602,3600.0,222.3009764496974,6.175027123602706
43.3,1.5,1.4999422710537615,1.1110926010651696,1.1110926010651696,1.0,-0.0001089170610002,3600.0,222.3009764686003,6.175027124127786
43.35,1.5,1.4999424559376602,1.1110926602851918,1.1110926602851918,1.0,-0.0001085685930623,3600.0,222.30097648741219,6.175027124650339
43.4,1.5,1.4999426402187424,1.1110927193126994,1.1110927193126994,1.0,-0.0001082212591514,3600.0,222.30097650609218,6.175027125169228
43.45,1.5,1.4999428238990713,1.1110927781483473,1.1110927781483473,1.0,-0.0001078750537956,3600.0,222.30097652476076,6.175027125687799
43.5,1.5,1.4999430069807074,1.1110928367927877,1.1110928367927877,1.0,-0.0001075299741351,3600.0,222.3009765433922,6.175027126205339
43.55,1.5,1.4999431894656996,1.11109289524667,1.11109289524667,1.0,-0.0001071860145864,3600.0,222.30097656187925,6.175027126718868
43.6,1.5,1.4999433713560923,1.1110929535106422,1.1110929535106422,1.0,-0.0001068431750471,3600.0,222.30097658035066,6.175027127231963
43.65,1.5,1.49994355265392,1.1110930115853492,1.1110930115853492,1.0,-0.0001065014453156,3600.0,222.30097659874446,6.175027127742902
43.7,1.5,1.4999437333612102,1.1110930694714327,1.1110930694714327,1.0,-0.0001061608279706,3600.0,222.3009766169944,6.175027128249845
43.75,1.5,1.499943913479984,1.111093127169534,1.111093127169534,1.0,-0.0001058213185021,3600.0,222.3009766352827,6.175027128757852
43.8,1.5,1.4999440930122536,1.1110931846802892,1.1110931846802892,1.0,-0.00010548290712,3600.0,222.30097665338502,6.175027129260695
43.85,1.5,1.499944271960026,1.1110932420043342,1.1110932420043342,1.0,-0.000105145596563,3600.0,222.3009766714821,6.175027129763391
43.9,1.5,1.4999444503252957,1.1110932991423017,1.1110932991423017,1.0,-0.0001048093806434,3600.0,222.3009766895668,6.175027130265744
43.95,1.5,1.4999446281100537,1.111093356094822,1.111093356094822,1.0,-0.0001044742560528,3600.0,222.30097670744982,6.175027130762495
44.0,1.5,1.4999448053162807,1.1110934128625236,1.1110934128625236,1.0,-0.0001041402192617,3600.0,222.3009767253391,6.175027131259419
44.05,1.5,1.4999449819459474,1.1110934694460315,1.1110934694460315,1.0,-0.0001038072661667,3600.0,222.3009767431922,6.175027131755338
44.1,1.5,1.4999451580010226,1.1110935258459695,1.1110935258459695,1.0,-0.0001034753941251,3600.0,222.3009767608843,6.175027132246786
44.15,1.5,1.4999453334834634,1.1110935820629582,1.1110935820629582,1.0,-0.0001031445988726,3600.0,222.3009767785927,6.175027132738686
44.2,1.5,1.499945508395218,1.1110936380976164,1.1110936380976164,1.0,-0.0001028148733377,3600.0,222.30097679618598,6.175027133227388
44.25,1.5,1.4999456827382305,1.1110936939505605,1.1110936939505605,1.0,-0.0001024862211894,3600.0,222.30097681375034,6.175027133715288
44.3,1.5,1.4999458565144377,1.1110937496224036,1.1110937496224036,1.0,-0.0001021586313253,3600.0,222.30097683118976,6.175027134199715
44.35,1.5,1.499946029725767,1.1110938051137582,1.1110938051137582,1.0,-0.0001018321050423,3600.0,222.30097684860561,6.175027134683489
44.4,1.5,1.49994620237414,1.1110938604252332,1.1110938604252332,1.0,-0.0001015066364127,3600.0,222.30097686595298,6.175027135165361
44.45,1.5,1.4999463744614712,1.1110939155574353,1.1110939155574353,1.0,-0.0001011822258447,3600.0,222.30097688323787,6.175027135645496
44.5,1.5,1.4999465459896657,1.11109397051097,1.11109397051097,1.0,-0.0001008588627966,3600.0,222.30097690042408,6.175027136122891
44.55,1.5,1.499946716960625,1.1110940252864394,1.1110940252864394,1.0,-0.0001005365487506,3600.0,222.3009769176162,6.17502713660045
44.6,1.5,1.4999468873762405,1.111094079884444,1.111094079884444,1.0,-0.0001002152809441,3600.0,222.30097693465754,6.175027137073821
44.65,1.5,1.4999470572383955,1.1110941343055818,1.1110941343055818,1.0,-9.989505025194044e-05,3600.0,222.30097695165946,6.175027137546096
44.7,1.5,1.4999472265489682,1.1110941885504475,1.1110941885504475,1.0,-9.957586027566868e-05,3600.0,222.30097696859926,6.175027138016645
44.75,1.5,1.4999473953098286,1.1110942426196364,1.1110942426196364,1.0,-9.925770228641505e-05,3600.0,222.3009769855293,6.175027138486925
44.8,1.5,1.4999475635228394,1.1110942965137391,1.1110942965137391,1.0,-9.894057526733668e-05,3600.0,222.30097700235,6.175027138954167
44.85,1.5,1.4999477311898566,1.111094350233344,1.111094350233344,1.0,-9.86244748451146e-05,3600.0,222.3009770191235,6.175027139420097
44.9,1.5,1.4999478983127297,1.111094403779039,1.111094403779039,1.0,-9.830939619465447e-05,3600.0,222.3009770357732,6.175027139882589
44.95,1.5,1.4999480648932992,1.111094457151409,1.111094457151409,1.0,-9.79953381583436e-05,3600.0,222.30097705239177,6.175027140344215
45.0,1.5,1.4999482309334005,1.1110945103510363,1.1110945103510363,1.0,-9.768229914073289e-05,3600.0,222.30097706906008,6.175027140807225
45.05,1.5,1.4999483964348617,1.1110945633785008,1.1110945633785008,1.0,-9.737026876512808e-05,3600.0,222.30097708553586,6.175027141264885
45.1,1.5,1.4999485613995087,1.1110946162343809,1.1110946162343809,1.0,-9.705925185635048e-05,3600.0,222.3009771019331,6.175027141720364
45.15,1.5,1.4999487258291546,1.1110946689192525,1.1110946689192525,1.0,-9.674923830124016e-05,3600.0,222.30097711829507,6.175027142174862
45.2,1.5,1.4999488897256068,1.1110947214336904,1.1110947214336904,1.0,-9.644023175276613e-05,3600.0,222.30097713470673,6.175027142630743
45.25,1.5,1.4999490530906665,1.1110947737782662,1.1110947737782662,1.0,-9.613222174004712e-05,3600.0,222.30097715088937,6.175027143080261
45.3,1.5,1.4999492159261305,1.1110948259535491,1.1110948259535491,1.0,-9.582520663847334e-05,3600.0,222.30097716713277,6.175027143531466
45.35,1.5,1.4999493782337847,1.1110948779601078,1.1110948779601078,1.0,-9.551918728127808e-05,3600.0,222.3009771832433,6.175027143978981
45.4,1.5,1.4999495400154097,1.1110949297985069,1.1110949297985069,1.0,-9.521415624811796e-05,3600.0,222.30097719928287,6.175027144424524
45.45,1.5,1.4999497012727805,1.11109498146931,1.11109498146931,1.0,-9.49101115171329e-05,3600.0,222.3009772153149,6.175027144869858
45.5,1.5,1.4999498620076657,1.1110950329730789,1.1110950329730789,1.0,-9.460704990419312e-05,3600.0,222.3009772312649,6.175027145312915
45.55,1.5,1.4999500222218227,1.1110950843103735,1.1110950843103735,1.0,-9.430496780127588e-05,3600.0,222.30097724719496,6.175027145755416
45.6,1.5,1.499950181917007,1.11109513548175,1.11109513548175,1.0,-9.40038624275918e-05,3600.0,222.3009772629902,6.175027146194172
45.65,1.5,1.499950341094967,1.111095186487764,1.111095186487764,1.0,-9.370372852706138e-05,3600.0,222.30097727879615,6.1750271466332265
45.7,1.5,1.4999504997574429,1.1110952373289693,1.1110952373289693,1.0,-9.340456484097316e-05,3600.0,222.30097729449633,6.1750271470693425
45.75,1.5,1.4999506579061708,1.111095288005916,1.111095288005916,1.0,-9.310636951370028e-05,3600.0,222.3009773101607,6.175027147504464
45.8,1.5,1.4999508155428785,1.111095338519154,1.111095338519154,1.0,-9.280913514464198e-05,3600.0,222.30097732575695,6.175027147937692
45.85,1.5,1.4999509726692888,1.1110953888692303,1.1110953888692303,1.0,-9.251286222789071e-05,3600.0,222.30097734130484,6.17502714836958
45.9,1.5,1.4999511292871164,1.1110954390566898,1.1110954390566898,1.0,-9.221754531336817e-05,3600.0,222.30097735681795,6.175027148800499
45.95,1.5,1.499951285398072,1.111095489082076,1.111095489082076,1.0,-9.192318250015973e-05,3600.0,222.30097737222164,6.175027149228379
46.0,1.5,1.499951441003854,1.1110955389459305,1.1110955389459305,1.0,-9.162977305669608e-05,3600.0,222.3009773876757,6.175027149657659
46.05,1.5,1.4999515961061607,1.1110955886487912,1.1110955886487912,1.0,-9.133730578239335e-05,3600.0,222.300977402922,6.175027150081166
46.1,1.5,1.4999517507066842,1.111095638191196,1.111095638191196,1.0,-9.104578635912482e-05,3600.0,222.30097741817258,6.1750271505047944
46.15,1.5,1.4999519048071068,1.1110956875736806,1.1110956875736806,1.0,-9.075520739715892e-05,3600.0,222.30097743336972,6.175027150926937
46.2,1.5,1.4999520584091062,1.1110957367967782,1.1110957367967782,1.0,-9.046556430520376e-05,3600.0,222.30097744854416,6.1750271513484485
46.25,1.5,1.4999522115143529,1.111095785861019,1.111095785861019,1.0,-9.017685694526435e-05,3600.0,222.30097746360377,6.175027151766772
46.3,1.5,1.4999523641245178,1.1110958347669335,1.1110958347669335,1.0,-8.988908340141375e-05,3600.0,222.30097747867117,6.17502715218531
46.35,1.5,1.4999525162412557,1.1110958835150495,1.1110958835150495,1.0,-8.960223655322017e-05,3600.0,222.30097749360837,6.175027152600233
46.4,1.5,1.49995266786622,1.1110959321058922,1.1110959321058922,1.0,-8.931631453790611e-05,3600.0,222.30097750855327,6.175027153015368
46.45,1.5,1.4999528190010574,1.1110959805399852,1.1110959805399852,1.0,-8.903131505006864e-05,3600.0,222.30097752342087,6.175027153428358
46.5,1.5,1.499952969647411,1.1110960288178502,1.1110960288178502,1.0,-8.874723649568825e-05,3600.0,222.30097753824745,6.175027153840207
46.55,1.5,1.4999531198069158,1.1110960769400071,1.1110960769400071,1.0,-8.846407284360464e-05,3600.0,222.30097755299488,6.175027154249858
46.6,1.5,1.499953269481199,1.1110961249069748,1.1110961249069748,1.0,-8.818182253334172e-05,3600.0,222.3009775677113,6.175027154658648
46.65,1.5,1.499953418671883,1.1110961727192687,1.1110961727192687,1.0,-8.790048346455518e-05,3600.0,222.300977582347,6.1750271550651945
46.7,1.5,1.4999535673805846,1.1110962203774033,1.1110962203774033,1.0,-8.762005021311481e-05,3600.0,222.3009775969714,6.175027155471428
46.75,1.5,1.4999537156089169,1.1110962678818908,1.1110962678818908,1.0,-8.734052166287879e-05,3600.0,222.300977611518,6.1750271558755
46.8,1.5,1.4999538633584846,1.1110963152332416,1.1110963152332416,1.0,-8.706189293798603e-05,3600.0,222.30097762598677,6.175027156277411
46.85,1.5,1.499954010630889,1.111096362431965,1.111096362431965,1.0,-8.678416571253639e-05,3600.0,222.30097764045652,6.175027156679348
46.9,1.5,1.4999541574277222,1.1110964094785674,1.1110964094785674,1.0,-8.650732977172909e-05,3600.0,222.30097765486698,6.175027157079638
46.95,1.5,1.4999543037505716,1.1110964563735546,1.1110964563735546,1.0,-8.623138849198603e-05,3600.0,222.30097766914588,6.175027157476274
47.0,1.5,1.4999544496010182,1.1110965031174291,1.1110965031174291,1.0,-8.595633398017221e-05,3600.0,222.30097768342895,6.175027157873026
47.05,1.5,1.4999545949806408,1.1110965497106926,1.1110965497106926,1.0,-8.568216907372994e-05,3600.0,222.30097769763904,6.175027158267751
47.1,1.5,1.499954739891007,1.1110965961538457,1.1110965961538457,1.0,-8.540888513101532e-05,3600.0,222.3009777118635,6.175027158662876
47.15,1.5,1.499954884333681,1.111096642447385,1.111096642447385,1.0,-8.513648205432601e-05,3600.0,222.30097772595076,6.175027159054188
47.2,1.5,1.499955028310222,1.1110966885918072,1.1110966885918072,1.0,-8.486495700515833e-05,3600.0,222.300977740022,6.175027159445055
47.25,1.5,1.4999551718221815,1.1110967345876068,1.1110967345876068,1.0,-8.4594304926103e-05,3600.0,222.30097775406418,6.175027159835117
47.3,1.5,1.499955314871109,1.1110967804352756,1.1110967804352756,1.0,-8.432452632435206e-05,3600.0,222.30097776805786,6.175027160223829
47.35,1.5,1.4999554574585467,1.1110968261353045,1.1110968261353045,1.0,-8.405561640328221e-05,3600.0,222.3009777819994,6.175027160611094
47.4,1.5,1.4999555995860283,1.1110968716881835,1.1110968716881835,1.0,-8.378757030745579e-05,3600.0,222.30097779589482,6.175027160997079
47.45,1.5,1.499955741255088,1.1110969170943987,1.1110969170943987,1.0,-8.352038960457037e-05,3600.0,222.30097780967873,6.1750271613799645
47.5,1.5,1.49995588246725,1.1110969623544364,1.1110969623544364,1.0,-8.32540678025753e-05,3600.0,222.3009778234553,6.175027161762647
47.55,1.5,1.499956023224034,1.1110970074687805,1.1110970074687805,1.0,-8.298860449704262e-05,3600.0,222.3009778371876,6.1750271621441
47.6,1.5,1.4999561635269545,1.1110970524379118,1.1110970524379118,1.0,-8.272399363238995e-05,3600.0,222.30097785083066,6.175027162523074
47.65,1.5,1.4999563033775207,1.1110970972623118,1.1110970972623118,1.0,-8.246023462571235e-05,3600.0,222.3009778644665,6.175027162901847
47.7,1.5,1.4999564427772352,1.111097141942459,1.111097141942459,1.0,-8.219732617547519e-05,3600.0,222.30097787804087,6.175027163278913
47.75,1.5,1.4999565817275986,1.1110971864788295,1.1110971864788295,1.0,-8.19352615124461e-05,3600.0,222.3009778915461,6.175027163654058
47.8,1.5,1.4999567202301054,1.1110972308718992,1.1110972308718992,1.0,-8.167404230235626e-05,3600.0,222.30097790503032,6.175027164028619
47.85,1.5,1.4999568582862408,1.1110972751221422,1.1110972751221422,1.0,-8.141366332992426e-05,3600.0,222.30097791845296,6.175027164401471
47.9,1.5,1.4999569958974872,1.1110973192300295,1.1110973192300295,1.0,-8.115411995901848e-05,3600.0,222.3009779318611,6.175027164773919
47.95,1.5,1.49995713306532,1.1110973631960317,1.1110973631960317,1.0,-8.08954149795576e-05,3600.0,222.300977945159,6.175027165143305
48.0,1.5,1.4999572697912082,1.1110974070206174,1.1110974070206174,1.0,-8.063754075343826e-05,3600.0,222.3009779584748,6.175027165513189
48.05,1.5,1.4999574060766188,1.1110974507042537,1.1110974507042537,1.0,-8.038049467881894e-05,3600.0,222.30097797167974,6.175027165879993
48.1,1.5,1.4999575419230138,1.1110974942474048,1.1110974942474048,1.0,-8.012427490813179e-05,3600.0,222.30097798488717,6.175027166246866
48.15,1.5,1.4999576773318493,1.111097537650535,1.111097537650535,1.0,-7.986888050601454e-05,3600.0,222.30097799801024,6.175027166611396
48.2,1.5,1.4999578123045758,1.1110975809141057,1.1110975809141057,1.0,-7.961430557847236e-05,3600.0,222.30097801117137,6.1750271669769825
48.25,1.5,1.4999579468426385,1.1110976240385777,1.1110976240385777,1.0,-7.936055235294217e-05,3600.0,222.300978024171,6.175027167338084
48.3,1.5,1.4999580809474746,1.1110976670244097,1.1110976670244097,1.0,-7.910761175510988e-05,3600.0,222.30097803716882,6.175027167699134
48.35,1.5,1.49995821462052,1.1110977098720585,1.1110977098720585,1.0,-7.885548583995688e-05,3600.0,222.3009780501369,6.1750271680593585
48.4,1.5,1.4999583478632033,1.1110977525819796,1.1110977525819796,1.0,-7.86041698982085e-05,3600.0,222.3009780630292,6.175027168417477
48.45,1.5,1.49995848067695,1.1110977951546266,1.1110977951546266,1.0,-7.835366264400621e-05,3600.0,222.3009780758751,6.175027168774308
48.5,1.5,1.499958613063179,1.111097837590452,1.111097837590452,1.0,-7.810395940433653e-05,3600.0,222.30097808871858,6.175027169131072
48.55,1.5,1.4999587450233074,1.1110978798899056,1.1110978798899056,1.0,-7.785505881073758e-05,3600.0,222.30097810146464,6.175027169485129
48.6,1.5,1.4999588765587435,1.1110979220534378,1.1110979220534378,1.0,-7.760695848860992e-05,3600.0,222.30097811421206,6.175027169839224
48.65,1.5,1.4999590076708884,1.1110979640814953,1.1110979640814953,1.0,-7.735965467606594e-05,3600.0,222.30097812689664,6.175027170191573
48.7,1.5,1.499959138361144,1.111098005974524,1.111098005974524,1.0,-7.711314609208365e-05,3600.0,222.3009781395252,6.175027170542367
48.75,1.5,1.499959268630905,1.1110980477329682,1.1110980477329682,1.0,-7.686742862369544e-05,3600.0,222.30097815210553,6.17502717089182
48.8,1.5,1.4999593984815611,1.111098089357271,1.111098089357271,1.0,-7.662250112821023e-05,3600.0,222.30097816466872,6.175027171240798
48.85,1.5,1.499959527914496,1.111098130847873,1.111098130847873,1.0,-7.637836005558583e-05,3600.0,222.30097817714483,6.175027171587356
48.9,1.5,1.499959656931088,1.1110981722052138,1.1110981722052138,1.0,-7.613500328064521e-05,3600.0,222.30097818963,6.1750271719341665
48.95,1.5,1.4999597855327147,1.111098213429732,1.111098213429732,1.0,-7.58924279949133e-05,3600.0,222.30097820201144,6.175027172278095
49.0,1.5,1.4999599137207438,1.1110982545218642,1.1110982545218642,1.0,-7.565063265124732e-05,3600.0,222.30097821438045,6.175027172621679
49.05,1.5,1.4999600414965382,1.1110982954820456,1.1110982954820456,1.0,-7.540961259857809e-05,3600.0,222.30097822673534,6.175027172964871
49.1,1.5,1.4999601688614597,1.1110983363107092,1.1110983363107092,1.0,-7.516936688123268e-05,3600.0,222.3009782389982,6.175027173305506
49.15,1.5,1.499960295816864,1.1110983770082872,1.1110983770082872,1.0,-7.49298931198812e-05,3600.0,222.30097825124489,6.175027173645692
49.2,1.5,1.4999604223640988,1.11109841757521,1.11109841757521,1.0,-7.469118650780237e-05,3600.0,222.30097826345275,6.175027173984798
49.25,1.5,1.499960548504513,1.111098458011906,1.111098458011906,1.0,-7.445324620230523e-05,3600.0,222.30097827561664,6.175027174322685
49.3,1.5,1.4999606742394491,1.1110984983188033,1.1110984983188033,1.0,-7.421607112291367e-05,3600.0,222.3009782877224,6.175027174658955
49.35,1.5,1.4999607995702442,1.111098538496328,1.111098538496328,1.0,-7.39796572268682e-05,3600.0,222.30097829976486,6.175027174993469
49.4,1.5,1.4999609244982262,1.1110985785449048,1.1110985785449048,1.0,-7.374400135343713e-05,3600.0,222.30097831177505,6.175027175327085
49.45,1.5,1.499961049024722,1.1110986184649565,1.1110986184649565,1.0,-7.350910164819708e-05,3600.0,222.3009783237687,6.175027175660241
49.5,1.5,1.4999611731510556,1.1110986582569042,1.1110986582569042,1.0,-7.327495667663193e-05,3600.0,222.30097833569312,6.175027175991475
49.55,1.5,1.4999612968785436,1.1110986979211683,1.1110986979211683,1.0,-7.304156212535007e-05,3600.0,222.30097834759385,6.175027176322051
49.6,1.5,1.4999614202084997,1.1110987374581676,1.1110987374581676,1.0,-7.28089176614246e-05,3600.0,222.3009783594436,6.175027176651212
49.65,1.5,1.4999615431422288,1.1110987768683194,1.1110987768683194,1.0,-7.257701906665907e-05,3600.0,222.3009783712494,6.1750271769791505
49.7,1.5,1.4999616656810375,1.111098816152039,1.111098816152039,1.0,-7.234586347935705e-05,3600.0,222.30097838308043,6.17502717730779
49.75,1.5,1.499961787826223,1.1110988553097405,1.1110988553097405,1.0,-7.211544978945522e-05,3600.0,222.30097839482923,6.175027177634145
49.8,1.5,1.4999619095790817,1.1110988943418372,1.1110988943418372,1.0,-7.188577516288953e-05,3600.0,222.30097840643543,6.175027177956539
49.85,1.5,1.499962030940902,1.1110989332487402,1.1110989332487402,1.0,-7.165683874227593e-05,3600.0,222.3009784180911,6.175027178280309
49.9,1.5,1.4999621519129698,1.1110989720308595,1.1110989720308595,1.0,-7.142863574813187e-05,3600.0,222.30097842969278,6.175027178602577
49.95,1.5,1.4999622724965649,1.1110990106886045,1.1110990106886045,1.0,-7.12011635420269e-05,3600.0,222.30097844127258,6.175027178924238
50.0,1.5,1.499962392693185,1.111099049222381,1.111099049222381,1.0,-7.097442111938423e-05,3600.0,222.3009784527676,6.1750271792435445
