axis,time_s,reference_m,response_m,raw_sha256
X,8.0,0.0,2.31630791460685e-10,E47015E640592CD88AC831E732742867DF5AD3A7918D63F24C64D5ED574C725F
X,8.01,0.0,2.32587043032934e-10,E47015E640592CD88AC831E732742867DF5AD3A7918D63F24C64D5ED574C725F
X,8.02,0.0,2.33507813331365e-10,E47015E640592CD88AC831E732742867DF5AD3A7918D63F24C64D5ED574C725F
X,8.03,0.0,2.34387363216689e-10,E47015E640592CD88AC831E732742867DF5AD3A7918D63F24C64D5ED574C725F
X,8.04,0.0,2.35220987409227e-10,E47015E640592CD88AC831E732742867DF5AD3A7918D63F24C64D5ED574C725F
X,8.05,0.0,2.36016525704171e-10,E47015E640592CD88AC831E732742867DF5AD3A7918D63F24C64D5ED574C725F
X,8.06,0.0,2.36773898290098e-10,E47015E640592CD88AC831E732742867DF5AD3A7918D63F24C64D5ED574C725F
X,8.07,0.0,2.37493013742231e-10,E47015E640592CD88AC831E732742867DF5AD3A7918D63F24C64D5ED574C725F
X,8.08,0.0,2.3817376858458e-10,E47015E640592CD88AC831E732742867DF5AD3A7918D63F24C64D5ED574C725F
X,8.09,0.0,2.38816046852077e-10,E47015E640592CD88AC831E732742867DF5AD3A7918D63F24C64D5ED574C725F
X,8.1,0.0,2.39419719652709e-10,E47015E640592CD88AC831E732742867DF5AD3A7918D63F24C64D5ED574C725F
X,8.11,0.0,2.39984644729652e-10,E47015E640592CD88AC831E732742867DF5AD3A7918D63F24C64D5ED574C725F
X,8.12,0.0,2.40510666023411e-10,E47015E640592CD88AC831E732742867DF5AD3A7918D63F24C64D5ED574C725F
X,8.13,0.0,2.4099761323395e-10,E47015E640592CD88AC831E732742867DF5AD3A7918D63F24C64D5ED574C725F
X,8.14,0.0,2.41445301382831e-10,E47015E640592CD88AC831E732742867DF5AD3A7918D63F24C64D5ED574C725F
X,8.15,0.0,2.41853530375346e-10,E47015E640592CD88AC831E732742867DF5AD3A7918D63F24C64D5ED574C725F
X,8.16,0.0,2.42222084562656e-10,E47015E640592CD88AC831E732742867DF5AD3A7918D63F24C64D5ED574C725F
X,8.17,0.0,2.42550732303922e-10,E47015E640592CD88AC831E732742867DF5AD3A7918D63F24C64D5ED574C725F
X,8.18,0.0,2.42839225528442e-10,E47015E640592CD88AC831E732742867DF5AD3A7918D63F24C64D5ED574C725F
X,8.19,0.0,2.43087299297786e-10,E47015E640592CD88AC831E732742867DF5AD3A7918D63F24C64D5ED574C725F
X,8.2,0.0,2.43294671367932e-10,E47015E640592CD88AC831E732742867DF5AD3A7918D63F24C64D5ED574C725F
X,8.21,0.0,2.434610417514e-10,E47015E640592CD88AC831E732742867DF5AD3A7918D63F24C64D5ED574C725F
X,8.22,0.0,2.43586092279389e-10,E47015E640592CD88AC831E732742867DF5AD3A7918D63F24C64D5ED574C725F
X,8.23,0.0,2.43669486163908e-10,E47015E640592CD88AC831E732742867DF5AD3A7918D63F24C64D5ED574C725F
X,8.24,0.0,2.43710867559915e-10,E47015E640592CD88AC831E732742867DF5AD3A7918D63F24C64D5ED574C725F
X,8.25,0.0,2.43709861127453e-10,E47015E640592CD88AC831E732742867DF5AD3A7918D63F24C64D5ED574C725F
X,8.26,0.0,2.4366607159378e-10,E47015E640592CD88AC831E732742867DF5AD3A7918D63F24C64D5ED574C725F
X,8.27,0.0,2.43579083315509e-10,E47015E640592CD88AC831E732742867DF5AD3A7918D63F24C64D5ED574C725F
X,8.28,0.0,2.43448459840741e-10,E47015E640592CD88AC831E732742867DF5AD3A7918D63F24C64D5ED574C725F
X,8.29,0.0,2.43273743471201e-10,E47015E640592CD88AC831E732742867DF5AD3A7918D63F24C64D5ED574C725F
X,8.3,0.0,2.43083549632747e-10,E47015E640592CD88AC831E732742867DF5AD3A7918D63F24C64D5ED574C725F
X,8.31,0.0,2.428886193073e-10,E47015E640592CD88AC831E732742867DF5AD3A7918D63F24C64D5ED574C725F
X,8.32,0.0,2.42658559043182e-10,E47015E640592CD88AC831E732742867DF5AD3A7918D63F24C64D5ED574C725F
X,8.33,0.0,2.42393606085969e-10,E47015E640592CD88AC831E732742867DF5AD3A7918D63F24C64D5ED574C725F
X,8.34,0.0,2.42094004290275e-10,E47015E640592CD88AC831E732742867DF5AD3A7918D63F24C64D5ED574C725F
X,8.35,0.0,2.41760004119753e-10,E47015E640592CD88AC831E732742867DF5AD3A7918D63F24C64D5ED574C725F
X,8.36,0.0,2.41391862647094e-10,E47015E640592CD88AC831E732742867DF5AD3A7918D63F24C64D5ED574C725F
X,8.37,0.0,2.4098984355403e-10,E47015E640592CD88AC831E732742867DF5AD3A7918D63F24C64D5ED574C725F
X,8.38,0.0,2.40554217131328e-10,E47015E640592CD88AC831E732742867DF5AD3A7918D63F24C64D5ED574C725F
X,8.39,0.0,2.40085260278797e-10,E47015E640592CD88AC831E732742867DF5AD3A7918D63F24C64D5ED574C725F
X,8.4,0.0,2.39583256505282e-10,E47015E640592CD88AC831E732742867DF5AD3A7918D63F24C64D5ED574C725F
X,8.41,0.0,2.3904849592867e-10,E47015E640592CD88AC831E732742867DF5AD3A7918D63F24C64D5ED574C725F
X,8.42,0.0,2.38481275275883e-10,E47015E640592CD88AC831E732742867DF5AD3A7918D63F24C64D5ED574C725F
X,8.43,0.0,2.37881897882883e-10,E47015E640592CD88AC831E732742867DF5AD3A7918D63F24C64D5ED574C725F
X,8.44,0.0,2.37250673694673e-10,E47015E640592CD88AC831E732742867DF5AD3A7918D63F24C64D5ED574C725F
X,8.45,0.0,2.3658791926529e-10,E47015E640592CD88AC831E732742867DF5AD3A7918D63F24C64D5ED574C725F
X,8.46,0.0,2.35893957757815e-10,E47015E640592CD88AC831E732742867DF5AD3A7918D63F24C64D5ED574C725F
X,8.47,0.0,2.35169118944363e-10,E47015E640592CD88AC831E732742867DF5AD3A7918D63F24C64D5ED574C725F
X,8.48,0.0,2.34413739206091e-10,E47015E640592CD88AC831E732742867DF5AD3A7918D63F24C64D5ED574C725F
X,8.49,0.0,2.33628161533192e-10,E47015E640592CD88AC831E732742867DF5AD3A7918D63F24C64D5ED574C725F
X,8.5,0.0,2.32812735524901e-10,E47015E640592CD88AC831E732742867DF5AD3A7918D63F24C64D5ED574C725F
X,8.51,0.0,2.31967817389488e-10,E47015E640592CD88AC831E732742867DF5AD3A7918D63F24C64D5ED574C725F
X,8.52,0.0,2.31093769944263e-10,E47015E640592CD88AC831E732742867DF5AD3A7918D63F24C64D5ED574C725F
X,8.53,0.0,2.30190962615577e-10,E47015E640592CD88AC831E732742867DF5AD3A7918D63F24C64D5ED574C725F
X,8.54,0.0,2.29259771438816e-10,E47015E640592CD88AC831E732742867DF5AD3A7918D63F24C64D5ED574C725F
X,8.55,0.0,2.28300579058408e-10,E47015E640592CD88AC831E732742867DF5AD3A7918D63F24C64D5ED574C725F
X,8.56,0.0,2.27313774727817e-10,E47015E640592CD88AC831E732742867DF5AD3A7918D63F24C64D5ED574C725F
X,8.57,0.0,2.26299754309546e-10,E47015E640592CD88AC831E732742867DF5AD3A7918D63F24C64D5ED574C725F
X,8.58,0.0,2.25258920275139e-10,E47015E640592CD88AC831E732742867DF5AD3A7918D63F24C64D5ED574C725F
X,8.59,0.0,2.24207980872362e-10,E47015E640592CD88AC831E732742867DF5AD3A7918D63F24C64D5ED574C725F
X,8.6,0.0,2.23132848615957e-10,E47015E640592CD88AC831E732742867DF5AD3A7918D63F24C64D5ED574C725F
X,8.61,0.0,2.22032909580259e-10,E47015E640592CD88AC831E732742867DF5AD3A7918D63F24C64D5ED574C725F
X,8.62,0.0,2.20908501680155e-10,E47015E640592CD88AC831E732742867DF5AD3A7918D63F24C64D5ED574C725F
X,8.63,0.0,2.19759962830531e-10,E47015E640592CD88AC831E732742867DF5AD3A7918D63F24C64D5ED574C725F
X,8.64,0.0,2.18587630946274e-10,E47015E640592CD88AC831E732742867DF5AD3A7918D63F24C64D5ED574C725F
X,8.65,0.0,2.17391843942271e-10,E47015E640592CD88AC831E732742867DF5AD3A7918D63F24C64D5ED574C725F
X,8.66,0.0,2.1617293973341e-10,E47015E640592CD88AC831E732742867DF5AD3A7918D63F24C64D5ED574C725F
X,8.67,0.0,2.14931256234576e-10,E47015E640592CD88AC831E732742867DF5AD3A7918D63F24C64D5ED574C725F
X,8.68,0.0,2.13667131360657e-10,E47015E640592CD88AC831E732742867DF5AD3A7918D63F24C64D5ED574C725F
X,8.69,0.0,2.12380903026539e-10,E47015E640592CD88AC831E732742867DF5AD3A7918D63F24C64D5ED574C725F
X,8.7,0.0,2.11072909147109e-10,E47015E640592CD88AC831E732742867DF5AD3A7918D63F24C64D5ED574C725F
X,8.71,0.0,2.09743487637255e-10,E47015E640592CD88AC831E732742867DF5AD3A7918D63F24C64D5ED574C725F
X,8.72,0.0,2.08392976411863e-10,E47015E640592CD88AC831E732742867DF5AD3A7918D63F24C64D5ED574C725F
X,8.73,0.0,2.07021713385819e-10,E47015E640592CD88AC831E732742867DF5AD3A7918D63F24C64D5ED574C725F
X,8.74,0.0,2.05630036474011e-10,E47015E640592CD88AC831E732742867DF5AD3A7918D63F24C64D5ED574C725F
X,8.75,0.0,2.04218283591326e-10,E47015E640592CD88AC831E732742867DF5AD3A7918D63F24C64D5ED574C725F
X,8.76,0.0,2.0278679265265e-10,E47015E640592CD88AC831E732742867DF5AD3A7918D63F24C64D5ED574C725F
X,8.77,0.0,2.0133590157287e-10,E47015E640592CD88AC831E732742867DF5AD3A7918D63F24C64D5ED574C725F
X,8.78,0.0,1.99865948266874e-10,E47015E640592CD88AC831E732742867DF5AD3A7918D63F24C64D5ED574C725F
X,8.79,0.0,1.98377270649546e-10,E47015E640592CD88AC831E732742867DF5AD3A7918D63F24C64D5ED574C725F
X,8.8,0.0,1.96870206635776e-10,E47015E640592CD88AC831E732742867DF5AD3A7918D63F24C64D5ED574C725F
X,8.81,0.0,1.9534509414045e-10,E47015E640592CD88AC831E732742867DF5AD3A7918D63F24C64D5ED574C725F
X,8.82,0.0,1.93802271078454e-10,E47015E640592CD88AC831E732742867DF5AD3A7918D63F24C64D5ED574C725F
X,8.83,0.0,1.92242075364675e-10,E47015E640592CD88AC831E732742867DF5AD3A7918D63F24C64D5ED574C725F
X,8.84,0.0,1.90664844914e-10,E47015E640592CD88AC831E732742867DF5AD3A7918D63F24C64D5ED574C725F
X,8.85,0.0,1.89070917641316e-10,E47015E640592CD88AC831E732742867DF5AD3A7918D63F24C64D5ED574C725F
X,8.86,0.0,1.8746063146151e-10,E47015E640592CD88AC831E732742867DF5AD3A7918D63F24C64D5ED574C725F
X,8.87,0.0,1.85834324289468e-10,E47015E640592CD88AC831E732742867DF5AD3A7918D63F24C64D5ED574C725F
X,8.88,0.0,1.84192334040078e-10,E47015E640592CD88AC831E732742867DF5AD3A7918D63F24C64D5ED574C725F
X,8.89,0.0,1.82532905160477e-10,E47015E640592CD88AC831E732742867DF5AD3A7918D63F24C64D5ED574C725F
X,8.9,0.0,1.80856695740627e-10,E47015E640592CD88AC831E732742867DF5AD3A7918D63F24C64D5ED574C725F
X,8.91,0.0,1.79165361119215e-10,E47015E640592CD88AC831E732742867DF5AD3A7918D63F24C64D5ED574C725F
X,8.92,0.0,1.77459214850098e-10,E47015E640592CD88AC831E732742867DF5AD3A7918D63F24C64D5ED574C725F
X,8.93,0.0,1.75738569955841e-10,E47015E640592CD88AC831E732742867DF5AD3A7918D63F24C64D5ED574C725F
X,8.94,0.0,1.74003738927726e-10,E47015E640592CD88AC831E732742867DF5AD3A7918D63F24C64D5ED574C725F
X,8.95,0.0,1.72255033725745e-10,E47015E640592CD88AC831E732742867DF5AD3A7918D63F24C64D5ED574C725F
X,8.96,0.0,1.70492765778604e-10,E47015E640592CD88AC831E732742867DF5AD3A7918D63F24C64D5ED574C725F
X,8.97,0.0,1.6871724598372e-10,E47015E640592CD88AC831E732742867DF5AD3A7918D63F24C64D5ED574C725F
X,8.98,0.0,1.66928784707225e-10,E47015E640592CD88AC831E732742867DF5AD3A7918D63F24C64D5ED574C725F
X,8.99,0.0,1.65127691783962e-10,E47015E640592CD88AC831E732742867DF5AD3A7918D63F24C64D5ED574C725F
X,9.0,0.0,1.63314276517487e-10,E47015E640592CD88AC831E732742867DF5AD3A7918D63F24C64D5ED574C725F
X,9.01,0.0,1.61488847680069e-10,E47015E640592CD88AC831E732742867DF5AD3A7918D63F24C64D5ED574C725F
X,9.02,0.0,1.59651713512689e-10,E47015E640592CD88AC831E732742867DF5AD3A7918D63F24C64D5ED574C725F
X,9.03,0.0,1.57803181725042e-10,E47015E640592CD88AC831E732742867DF5AD3A7918D63F24C64D5ED574C725F
X,9.04,0.0,1.55943559495533e-10,E47015E640592CD88AC831E732742867DF5AD3A7918D63F24C64D5ED574C725F
X,9.05,0.0,1.54073153471283e-10,E47015E640592CD88AC831E732742867DF5AD3A7918D63F24C64D5ED574C725F
X,9.06,0.0,1.52192269768124e-10,E47015E640592CD88AC831E732742867DF5AD3A7918D63F24C64D5ED574C725F
X,9.07,0.0,1.503012139706e-10,E47015E640592CD88AC831E732742867DF5AD3A7918D63F24C64D5ED574C725F
X,9.08,0.0,1.48400291131968e-10,E47015E640592CD88AC831E732742867DF5AD3A7918D63F24C64D5ED574C725F
X,9.09,0.0,1.46489805774199e-10,E47015E640592CD88AC831E732742867DF5AD3A7918D63F24C64D5ED574C725F
X,9.1,0.0,1.44570061887975e-10,E47015E640592CD88AC831E732742867DF5AD3A7918D63F24C64D5ED574C725F
X,9.11,0.0,1.42641362932692e-10,E47015E640592CD88AC831E732742867DF5AD3A7918D63F24C64D5ED574C725F
X,9.12,0.0,1.40704011836458e-10,E47015E640592CD88AC831E732742867DF5AD3A7918D63F24C64D5ED574C725F
X,9.13,0.0,1.38758310996093e-10,E47015E640592CD88AC831E732742867DF5AD3A7918D63F24C64D5ED574C725F
X,9.14,0.0,1.3680456227713e-10,E47015E640592CD88AC831E732742867DF5AD3A7918D63F24C64D5ED574C725F
X,9.15,0.0,1.34843067013817e-10,E47015E640592CD88AC831E732742867DF5AD3A7918D63F24C64D5ED574C725F
X,9.16,0.0,1.3287412600911e-10,E47015E640592CD88AC831E732742867DF5AD3A7918D63F24C64D5ED574C725F
X,9.17,0.0,1.30898039534682e-10,E47015E640592CD88AC831E732742867DF5AD3A7918D63F24C64D5ED574C725F
X,9.18,0.0,1.28915107330917e-10,E47015E640592CD88AC831E732742867DF5AD3A7918D63F24C64D5ED574C725F
X,9.19,0.0,1.26925628606911e-10,E47015E640592CD88AC831E732742867DF5AD3A7918D63F24C64D5ED574C725F
X,9.2,0.0,1.24929902040473e-10,E47015E640592CD88AC831E732742867DF5AD3A7918D63F24C64D5ED574C725F
X,9.21,0.0,1.22928225778126e-10,E47015E640592CD88AC831E732742867DF5AD3A7918D63F24C64D5ED574C725F
X,9.22,0.0,1.20920897435103e-10,E47015E640592CD88AC831E732742867DF5AD3A7918D63F24C64D5ED574C725F
X,9.23,0.0,1.18924826920391e-10,E47015E640592CD88AC831E732742867DF5AD3A7918D63F24C64D5ED574C725F
X,9.24,0.0,1.1694387348276e-10,E47015E640592CD88AC831E732742867DF5AD3A7918D63F24C64D5ED574C725F
X,9.25,0.0,1.14962113974469e-10,E47015E640592CD88AC831E732742867DF5AD3A7918D63F24C64D5ED574C725F
X,9.26,0.0,1.12980037457969e-10,E47015E640592CD88AC831E732742867DF5AD3A7918D63F24C64D5ED574C725F
X,9.27,0.0,1.10998136345669e-10,E47015E640592CD88AC831E732742867DF5AD3A7918D63F24C64D5ED574C725F
X,9.28,0.0,1.09016906399935e-10,E47015E640592CD88AC831E732742867DF5AD3A7918D63F24C64D5ED574C725F
X,9.29,0.0,1.07036846733091e-10,E47015E640592CD88AC831E732742867DF5AD3A7918D63F24C64D5ED574C725F
X,9.3,0.0,1.05058459807422e-10,E47015E640592CD88AC831E732742867DF5AD3A7918D63F24C64D5ED574C725F
X,9.31,0.0,1.03082251435167e-10,E47015E640592CD88AC831E732742867DF5AD3A7918D63F24C64D5ED574C725F
X,9.32,0.0,1.01108730778525e-10,E47015E640592CD88AC831E732742867DF5AD3A7918D63F24C64D5ED574C725F
X,9.33,0.0,9.91384103496536e-11,E47015E640592CD88AC831E732742867DF5AD3A7918D63F24C64D5ED574C725F
X,9.34,0.0,9.71718060106664e-11,E47015E640592CD88AC831E732742867DF5AD3A7918D63F24C64D5ED574C725F
X,9.35,0.0,9.52094369736363e-11,E47015E640592CD88AC831E732742867DF5AD3A7918D63F24C64D5ED574C725F
X,9.36,0.0,9.32518258005942e-11,E47015E640592CD88AC831E732742867DF5AD3A7918D63F24C64D5ED574C725F
X,9.37,0.0,9.12994984035282e-11,E47015E640592CD88AC831E732742867DF5AD3A7918D63F24C64D5ED574C725F
X,9.38,0.0,8.93529840443857e-11,E47015E640592CD88AC831E732742867DF5AD3A7918D63F24C64D5ED574C725F
X,9.39,0.0,8.74128153350709e-11,E47015E640592CD88AC831E732742867DF5AD3A7918D63F24C64D5ED574C725F
X,9.4,0.0,8.54795282374466e-11,E47015E640592CD88AC831E732742867DF5AD3A7918D63F24C64D5ED574C725F
X,9.41,0.0,8.35536620633332e-11,E47015E640592CD88AC831E732742867DF5AD3A7918D63F24C64D5ED574C725F
X,9.42,0.0,8.16357594745094e-11,E47015E640592CD88AC831E732742867DF5AD3A7918D63F24C64D5ED574C725F
X,9.43,0.0,7.97263664827118e-11,E47015E640592CD88AC831E732742867DF5AD3A7918D63F24C64D5ED574C725F
X,9.44,0.0,7.78260324496349e-11,E47015E640592CD88AC831E732742867DF5AD3A7918D63F24C64D5ED574C725F
X,9.45,0.0,7.5935310086931e-11,E47015E640592CD88AC831E732742867DF5AD3A7918D63F24C64D5ED574C725F
X,9.46,0.0,7.40547554562113e-11,E47015E640592CD88AC831E732742867DF5AD3A7918D63F24C64D5ED574C725F
X,9.47,0.0,7.21849279690439e-11,E47015E640592CD88AC831E732742867DF5AD3A7918D63F24C64D5ED574C725F
X,9.48,0.0,7.03263903869555e-11,E47015E640592CD88AC831E732742867DF5AD3A7918D63F24C64D5ED574C725F
X,9.49,0.0,6.84797088214305e-11,E47015E640592CD88AC831E732742867DF5AD3A7918D63F24C64D5ED574C725F
X,9.5,0.0,6.66454527339114e-11,E47015E640592CD88AC831E732742867DF5AD3A7918D63F24C64D5ED574C725F
X,9.51,0.0,6.48241949357987e-11,E47015E640592CD88AC831E732742867DF5AD3A7918D63F24C64D5ED574C725F
X,9.52,0.0,6.3016511588451e-11,E47015E640592CD88AC831E732742867DF5AD3A7918D63F24C64D5ED574C725F
X,9.53,0.0,6.12229822031847e-11,E47015E640592CD88AC831E732742867DF5AD3A7918D63F24C64D5ED574C725F
X,9.54,0.0,5.94441896412738e-11,E47015E640592CD88AC831E732742867DF5AD3A7918D63F24C64D5ED574C725F
X,9.55,0.0,5.76807201139517e-11,E47015E640592CD88AC831E732742867DF5AD3A7918D63F24C64D5ED574C725F
X,9.56,0.0,5.59331631824082e-11,E47015E640592CD88AC831E732742867DF5AD3A7918D63F24C64D5ED574C725F
X,9.57,0.0,5.4202111757792e-11,E47015E640592CD88AC831E732742867DF5AD3A7918D63F24C64D5ED574C725F
X,9.58,0.0,5.24881621012093e-11,E47015E640592CD88AC831E732742867DF5AD3A7918D63F24C64D5ED574C725F
X,9.59,0.0,5.07686879291382e-11,E47015E640592CD88AC831E732742867DF5AD3A7918D63F24C64D5ED574C725F
X,9.6,0.0,4.90317379215676e-11,E47015E640592CD88AC831E732742867DF5AD3A7918D63F24C64D5ED574C725F
X,9.61,0.0,4.73077399681147e-11,E47015E640592CD88AC831E732742867DF5AD3A7918D63F24C64D5ED574C725F
X,9.62,0.0,4.55970319622819e-11,E47015E640592CD88AC831E732742867DF5AD3A7918D63F24C64D5ED574C725F
X,9.63,0.0,4.38999500784318e-11,E47015E640592CD88AC831E732742867DF5AD3A7918D63F24C64D5ED574C725F
X,9.64,0.0,4.22168287717857e-11,E47015E640592CD88AC831E732742867DF5AD3A7918D63F24C64D5ED574C725F
X,9.65,0.0,4.05480007784247e-11,E47015E640592CD88AC831E732742867DF5AD3A7918D63F24C64D5ED574C725F
X,9.66,0.0,3.88937971152892e-11,E47015E640592CD88AC831E732742867DF5AD3A7918D63F24C64D5ED574C725F
X,9.67,0.0,3.72545470801794e-11,E47015E640592CD88AC831E732742867DF5AD3A7918D63F24C64D5ED574C725F
X,9.68,0.0,3.56305782517545e-11,E47015E640592CD88AC831E732742867DF5AD3A7918D63F24C64D5ED574C725F
X,9.69,0.0,3.40222164895336e-11,E47015E640592CD88AC831E732742867DF5AD3A7918D63F24C64D5ED574C725F
X,9.7,0.0,3.24297859338948e-11,E47015E640592CD88AC831E732742867DF5AD3A7918D63F24C64D5ED574C725F
X,9.71,0.0,3.08536090060764e-11,E47015E640592CD88AC831E732742867DF5AD3A7918D63F24C64D5ED574C725F
X,9.72,0.0,2.92940064081757e-11,E47015E640592CD88AC831E732742867DF5AD3A7918D63F24C64D5ED574C725F
X,9.73,0.0,2.77512971231493e-11,E47015E640592CD88AC831E732742867DF5AD3A7918D63F24C64D5ED574C725F
X,9.74,0.0,2.62257984148136e-11,E47015E640592CD88AC831E732742867DF5AD3A7918D63F24C64D5ED574C725F
X,9.75,0.0,2.47178258278444e-11,E47015E640592CD88AC831E732742867DF5AD3A7918D63F24C64D5ED574C725F
X,9.76,0.0,2.32276931877768e-11,E47015E640592CD88AC831E732742867DF5AD3A7918D63F24C64D5ED574C725F
X,9.77,0.0,2.17557126010056e-11,E47015E640592CD88AC831E732742867DF5AD3A7918D63F24C64D5ED574C725F
X,9.78,0.0,2.03021944547849e-11,E47015E640592CD88AC831E732742867DF5AD3A7918D63F24C64D5ED574C725F
X,9.79,0.0,1.88674474172282e-11,E47015E640592CD88AC831E732742867DF5AD3A7918D63F24C64D5ED574C725F
X,9.8,0.0,1.7451778437309e-11,E47015E640592CD88AC831E732742867DF5AD3A7918D63F24C64D5ED574C725F
X,9.81,0.0,1.60554927448598e-11,E47015E640592CD88AC831E732742867DF5AD3A7918D63F24C64D5ED574C725F
X,9.82,0.0,1.46788938505725e-11,E47015E640592CD88AC831E732742867DF5AD3A7918D63F24C64D5ED574C725F
X,9.83,0.0,1.33222835459987e-11,E47015E640592CD88AC831E732742867DF5AD3A7918D63F24C64D5ED574C725F
X,9.84,0.0,1.19859619035495e-11,E47015E640592CD88AC831E732742867DF5AD3A7918D63F24C64D5ED574C725F
X,9.85,0.0,1.06702272764952e-11,E47015E640592CD88AC831E732742867DF5AD3A7918D63F24C64D5ED574C725F
X,9.86,0.0,9.3753762989658e-12,E47015E640592CD88AC831E732742867DF5AD3A7918D63F24C64D5ED574C725F
X,9.87,0.0,8.10170388595058e-12,E47015E640592CD88AC831E732742867DF5AD3A7918D63F24C64D5ED574C725F
X,9.88,0.0,6.84950323329882e-12,E47015E640592CD88AC831E732742867DF5AD3A7918D63F24C64D5ED574C725F
X,9.89,0.0,5.61906581771868e-12,E47015E640592CD88AC831E732742867DF5AD3A7918D63F24C64D5ED574C725F
X,9.9,0.0,4.41068139677799e-12,E47015E640592CD88AC831E732742867DF5AD3A7918D63F24C64D5ED574C725F
X,9.91,0.0,3.22463800890405e-12,E47015E640592CD88AC831E732742867DF5AD3A7918D63F24C64D5ED574C725F
X,9.92,0.0,2.06122197338365e-12,E47015E640592CD88AC831E732742867DF5AD3A7918D63F24C64D5ED574C725F
X,9.93,0.0,9.20717890363028e-13,E47015E640592CD88AC831E732742867DF5AD3A7918D63F24C64D5ED574C725F
X,9.94,0.0,-1.96591359152079e-13,E47015E640592CD88AC831E732742867DF5AD3A7918D63F24C64D5ED574C725F
X,9.95,0.0,-1.29042461329668e-12,E47015E640592CD88AC831E732742867DF5AD3A7918D63F24C64D5ED574C725F
X,9.96,0.0,-2.3605024293457e-12,E47015E640592CD88AC831E732742867DF5AD3A7918D63F24C64D5ED574C725F
X,9.97,0.0,-3.40654708371522e-12,E47015E640592CD88AC831E732742867DF5AD3A7918D63F24C64D5ED574C725F
X,9.98,0.0,-4.42828257196162e-12,E47015E640592CD88AC831E732742867DF5AD3A7918D63F24C64D5ED574C725F
X,9.99,0.0,-5.42543460878182e-12,E47015E640592CD88AC831E732742867DF5AD3A7918D63F24C64D5ED574C725F
X,10.0,1.0,-6.46427174389574e-12,E47015E640592CD88AC831E732742867DF5AD3A7918D63F24C64D5ED574C725F
X,10.01,1.0,-0.000125366497254,E47015E640592CD88AC831E732742867DF5AD3A7918D63F24C64D5ED574C725F
X,10.02,1.0,-0.00112855339499095,E47015E640592CD88AC831E732742867DF5AD3A7918D63F24C64D5ED574C725F
X,10.03,1.0,-0.00287005664010947,E47015E640592CD88AC831E732742867DF5AD3A7918D63F24C64D5ED574C725F
X,10.04,1.0,-0.004175623592237,E47015E640592CD88AC831E732742867DF5AD3A7918D63F24C64D5ED574C725F
X,10.05,1.0,-0.00424878417106585,E47015E640592CD88AC831E732742867DF5AD3A7918D63F24C64D5ED574C725F
X,10.06,1.0,-0.00317863593037298,E47015E640592CD88AC831E732742867DF5AD3A7918D63F24C64D5ED574C725F
X,10.07,1.0,-0.00106385088486948,E47015E640592CD88AC831E732742867DF5AD3A7918D63F24C64D5ED574C725F
X,10.08,1.0,0.00116666018085992,E47015E640592CD88AC831E732742867DF5AD3A7918D63F24C64D5ED574C725F
X,10.09,1.0,0.00275108479616473,E47015E640592CD88AC831E732742867DF5AD3A7918D63F24C64D5ED574C725F
X,10.1,1.0,0.00366380653255495,E47015E640592CD88AC831E732742867DF5AD3A7918D63F24C64D5ED574C725F
X,10.11,1.0,0.00430174180244308,E47015E640592CD88AC831E732742867DF5AD3A7918D63F24C64D5ED574C725F
X,10.12,1.0,0.00506958266454987,E47015E640592CD88AC831E732742867DF5AD3A7918D63F24C64D5ED574C725F
X,10.13,1.0,0.00615848739979151,E47015E640592CD88AC831E732742867DF5AD3A7918D63F24C64D5ED574C725F
X,10.14,1.0,0.00754757574249405,E47015E640592CD88AC831E732742867DF5AD3A7918D63F24C64D5ED574C725F
X,10.15,1.0,0.0091196515206627,E47015E640592CD88AC831E732742867DF5AD3A7918D63F24C64D5ED574C725F
X,10.16,1.0,0.0107726120638111,E47015E640592CD88AC831E732742867DF5AD3A7918D63F24C64D5ED574C725F
X,10.17,1.0,0.0124683354917494,E47015E640592CD88AC831E732742867DF5AD3A7918D63F24C64D5ED574C725F
X,10.18,1.0,0.0142228718933975,E47015E640592CD88AC831E732742867DF5AD3A7918D63F24C64D5ED574C725F
X,10.19,1.0,0.0160717377420202,E47015E640592CD88AC831E732742867DF5AD3A7918D63F24C64D5ED574C725F
X,10.2,1.0,0.0180412332165226,E47015E640592CD88AC831E732742867DF5AD3A7918D63F24C64D5ED574C725F
X,10.21,1.0,0.0201386431562946,E47015E640592CD88AC831E732742867DF5AD3A7918D63F24C64D5ED574C725F
X,10.22,1.0,0.022357505251667,E47015E640592CD88AC831E732742867DF5AD3A7918D63F24C64D5ED574C725F
X,10.23,1.0,0.0246878093976316,E47015E640592CD88AC831E732742867DF5AD3A7918D63F24C64D5ED574C725F
X,10.24,1.0,0.0271230904848607,E47015E640592CD88AC831E732742867DF5AD3A7918D63F24C64D5ED574C725F
X,10.25,1.0,0.029662124154774,E47015E640592CD88AC831E732742867DF5AD3A7918D63F24C64D5ED574C725F
X,10.26,1.0,0.0323068045079611,E47015E640592CD88AC831E732742867DF5AD3A7918D63F24C64D5ED574C725F
X,10.27,1.0,0.0350593065317285,E47015E640592CD88AC831E732742867DF5AD3A7918D63F24C64D5ED574C725F
X,10.28,1.0,0.037920409460211,E47015E640592CD88AC831E732742867DF5AD3A7918D63F24C64D5ED574C725F
X,10.29,1.0,0.0408893532125173,E47015E640592CD88AC831E732742867DF5AD3A7918D63F24C64D5ED574C725F
X,10.3,1.0,0.0439646031469723,E47015E640592CD88AC831E732742867DF5AD3A7918D63F24C64D5ED574C725F
X,10.31,1.0,0.0471445627662649,E47015E640592CD88AC831E732742867DF5AD3A7918D63F24C64D5ED574C725F
X,10.32,1.0,0.0504280105974773,E47015E640592CD88AC831E732742867DF5AD3A7918D63F24C64D5ED574C725F
X,10.33,1.0,0.0538140442852363,E47015E640592CD88AC831E732742867DF5AD3A7918D63F24C64D5ED574C725F
X,10.34,1.0,0.0573018678170865,E47015E640592CD88AC831E732742867DF5AD3A7918D63F24C64D5ED574C725F
X,10.35,1.0,0.060890582954713,E47015E640592CD88AC831E732742867DF5AD3A7918D63F24C64D5ED574C725F
X,10.36,1.0,0.0645791197388636,E47015E640592CD88AC831E732742867DF5AD3A7918D63F24C64D5ED574C725F
X,10.37,1.0,0.0683662739781982,E47015E640592CD88AC831E732742867DF5AD3A7918D63F24C64D5ED574C725F
X,10.38,1.0,0.0722507741877579,E47015E640592CD88AC831E732742867DF5AD3A7918D63F24C64D5ED574C725F
X,10.39,1.0,0.0762313429460109,E47015E640592CD88AC831E732742867DF5AD3A7918D63F24C64D5ED574C725F
X,10.4,1.0,0.0803067133252567,E47015E640592CD88AC831E732742867DF5AD3A7918D63F24C64D5ED574C725F
X,10.41,1.0,0.084475615228152,E47015E640592CD88AC831E732742867DF5AD3A7918D63F24C64D5ED574C725F
X,10.42,1.0,0.0887367581048941,E47015E640592CD88AC831E732742867DF5AD3A7918D63F24C64D5ED574C725F
X,10.43,1.0,0.0930888180426629,E47015E640592CD88AC831E732742867DF5AD3A7918D63F24C64D5ED574C725F
X,10.44,1.0,0.0975304407735229,E47015E640592CD88AC831E732742867DF5AD3A7918D63F24C64D5ED574C725F
X,10.45,1.0,0.102060250343324,E47015E640592CD88AC831E732742867DF5AD3A7918D63F24C64D5ED574C725F
X,10.46,1.0,0.106676856541172,E47015E640592CD88AC831E732742867DF5AD3A7918D63F24C64D5ED574C725F
X,10.47,1.0,0.11137870806051,E47015E640592CD88AC831E732742867DF5AD3A7918D63F24C64D5ED574C725F
X,10.48,1.0,0.116164417299893,E47015E640592CD88AC831E732742867DF5AD3A7918D63F24C64D5ED574C725F
X,10.49,1.0,0.12103283084435,E47015E640592CD88AC831E732742867DF5AD3A7918D63F24C64D5ED574C725F
X,10.5,1.0,0.125982478348303,E47015E640592CD88AC831E732742867DF5AD3A7918D63F24C64D5ED574C725F
X,10.51,1.0,0.131011852610735,E47015E640592CD88AC831E732742867DF5AD3A7918D63F24C64D5ED574C725F
X,10.52,1.0,0.136119493577486,E47015E640592CD88AC831E732742867DF5AD3A7918D63F24C64D5ED574C725F
X,10.53,1.0,0.141303939595669,E47015E640592CD88AC831E732742867DF5AD3A7918D63F24C64D5ED574C725F
X,10.54,1.0,0.146562377624789,E47015E640592CD88AC831E732742867DF5AD3A7918D63F24C64D5ED574C725F
X,10.55,1.0,0.151894439075939,E47015E640592CD88AC831E732742867DF5AD3A7918D63F24C64D5ED574C725F
X,10.56,1.0,0.157299449325262,E47015E640592CD88AC831E732742867DF5AD3A7918D63F24C64D5ED574C725F
X,10.57,1.0,0.162775322599622,E47015E640592CD88AC831E732742867DF5AD3A7918D63F24C64D5ED574C725F
X,10.58,1.0,0.168320706272341,E47015E640592CD88AC831E732742867DF5AD3A7918D63F24C64D5ED574C725F
X,10.59,1.0,0.173932047178139,E47015E640592CD88AC831E732742867DF5AD3A7918D63F24C64D5ED574C725F
X,10.6,1.0,0.179611014665057,E47015E640592CD88AC831E732742867DF5AD3A7918D63F24C64D5ED574C725F
X,10.61,1.0,0.18535362805519,E47015E640592CD88AC831E732742867DF5AD3A7918D63F24C64D5ED574C725F
X,10.62,1.0,0.191159512122117,E47015E640592CD88AC831E732742867DF5AD3A7918D63F24C64D5ED574C725F
X,10.63,1.0,0.197029672521123,E47015E640592CD88AC831E732742867DF5AD3A7918D63F24C64D5ED574C725F
X,10.64,1.0,0.202959630094541,E47015E640592CD88AC831E732742867DF5AD3A7918D63F24C64D5ED574C725F
X,10.65,1.0,0.208949644374872,E47015E640592CD88AC831E732742867DF5AD3A7918D63F24C64D5ED574C725F
X,10.66,1.0,0.214998561532794,E47015E640592CD88AC831E732742867DF5AD3A7918D63F24C64D5ED574C725F
X,10.67,1.0,0.221099226904267,E47015E640592CD88AC831E732742867DF5AD3A7918D63F24C64D5ED574C725F
X,10.68,1.0,0.227255243861206,E47015E640592CD88AC831E732742867DF5AD3A7918D63F24C64D5ED574C725F
X,10.69,1.0,0.233466714011243,E47015E640592CD88AC831E732742867DF5AD3A7918D63F24C64D5ED574C725F
X,10.7,1.0,0.239730300728974,E47015E640592CD88AC831E732742867DF5AD3A7918D63F24C64D5ED574C725F
X,10.71,1.0,0.246044076576235,E47015E640592CD88AC831E732742867DF5AD3A7918D63F24C64D5ED574C725F
X,10.72,1.0,0.252408037831003,E47015E640592CD88AC831E732742867DF5AD3A7918D63F24C64D5ED574C725F
X,10.73,1.0,0.258820999588839,E47015E640592CD88AC831E732742867DF5AD3A7918D63F24C64D5ED574C725F
X,10.74,1.0,0.265279660086414,E47015E640592CD88AC831E732742867DF5AD3A7918D63F24C64D5ED574C725F
X,10.75,1.0,0.27178351173781,E47015E640592CD88AC831E732742867DF5AD3A7918D63F24C64D5ED574C725F
X,10.76,1.0,0.27833109110873,E47015E640592CD88AC831E732742867DF5AD3A7918D63F24C64D5ED574C725F
X,10.77,1.0,0.284920936866197,E47015E640592CD88AC831E732742867DF5AD3A7918D63F24C64D5ED574C725F
X,10.78,1.0,0.291551596205885,E47015E640592CD88AC831E732742867DF5AD3A7918D63F24C64D5ED574C725F
X,10.79,1.0,0.298221602477247,E47015E640592CD88AC831E732742867DF5AD3A7918D63F24C64D5ED574C725F
X,10.8,1.0,0.304929494156343,E47015E640592CD88AC831E732742867DF5AD3A7918D63F24C64D5ED574C725F
X,10.81,1.0,0.311673823484672,E47015E640592CD88AC831E732742867DF5AD3A7918D63F24C64D5ED574C725F
X,10.82,1.0,0.318453546478381,E47015E640592CD88AC831E732742867DF5AD3A7918D63F24C64D5ED574C725F
X,10.83,1.0,0.325267055472787,E47015E640592CD88AC831E732742867DF5AD3A7918D63F24C64D5ED574C725F
X,10.84,1.0,0.332112944785509,E47015E640592CD88AC831E732742867DF5AD3A7918D63F24C64D5ED574C725F
X,10.85,1.0,0.338989808734169,E47015E640592CD88AC831E732742867DF5AD3A7918D63F24C64D5ED574C725F
X,10.86,1.0,0.345896362038793,E47015E640592CD88AC831E732742867DF5AD3A7918D63F24C64D5ED574C725F
X,10.87,1.0,0.352831423428643,E47015E640592CD88AC831E732742867DF5AD3A7918D63F24C64D5ED574C725F
X,10.88,1.0,0.359793560856431,E47015E640592CD88AC831E732742867DF5AD3A7918D63F24C64D5ED574C725F
X,10.89,1.0,0.366781465053627,E47015E640592CD88AC831E732742867DF5AD3A7918D63F24C64D5ED574C725F
X,10.9,1.0,0.3737938381831,E47015E640592CD88AC831E732742867DF5AD3A7918D63F24C64D5ED574C725F
X,10.91,1.0,0.380829441809727,E47015E640592CD88AC831E732742867DF5AD3A7918D63F24C64D5ED574C725F
X,10.92,1.0,0.387887147784722,E47015E640592CD88AC831E732742867DF5AD3A7918D63F24C64D5ED574C725F
X,10.93,1.0,0.394965533369493,E47015E640592CD88AC831E732742867DF5AD3A7918D63F24C64D5ED574C725F
X,10.94,1.0,0.402063307307821,E47015E640592CD88AC831E732742867DF5AD3A7918D63F24C64D5ED574C725F
X,10.95,1.0,0.409179178343487,E47015E640592CD88AC831E732742867DF5AD3A7918D63F24C64D5ED574C725F
X,10.96,1.0,0.416311855220269,E47015E640592CD88AC831E732742867DF5AD3A7918D63F24C64D5ED574C725F
X,10.97,1.0,0.423460237342668,E47015E640592CD88AC831E732742867DF5AD3A7918D63F24C64D5ED574C725F
X,10.98,1.0,0.43062325141762,E47015E640592CD88AC831E732742867DF5AD3A7918D63F24C64D5ED574C725F
X,10.99,1.0,0.437799532677753,E47015E640592CD88AC831E732742867DF5AD3A7918D63F24C64D5ED574C725F
X,11.0,1.0,0.44498787401706,E47015E640592CD88AC831E732742867DF5AD3A7918D63F24C64D5ED574C725F
X,11.01,1.0,0.452187076708939,E47015E640592CD88AC831E732742867DF5AD3A7918D63F24C64D5ED574C725F
X,11.02,1.0,0.459395950406194,E47015E640592CD88AC831E732742867DF5AD3A7918D63F24C64D5ED574C725F
X,11.03,1.0,0.466613315781333,E47015E640592CD88AC831E732742867DF5AD3A7918D63F24C64D5ED574C725F
X,11.04,1.0,0.473838120206227,E47015E640592CD88AC831E732742867DF5AD3A7918D63F24C64D5ED574C725F
X,11.05,1.0,0.48106916062386,E47015E640592CD88AC831E732742867DF5AD3A7918D63F24C64D5ED574C725F
X,11.06,1.0,0.488305308429517,E47015E640592CD88AC831E732742867DF5AD3A7918D63F24C64D5ED574C725F
X,11.07,1.0,0.495545448279271,E47015E640592CD88AC831E732742867DF5AD3A7918D63F24C64D5ED574C725F
X,11.08,1.0,0.502788478447866,E47015E640592CD88AC831E732742867DF5AD3A7918D63F24C64D5ED574C725F
X,11.09,1.0,0.510033311186595,E47015E640592CD88AC831E732742867DF5AD3A7918D63F24C64D5ED574C725F
X,11.1,1.0,0.517278849196805,E47015E640592CD88AC831E732742867DF5AD3A7918D63F24C64D5ED574C725F
X,11.11,1.0,0.524523883056578,E47015E640592CD88AC831E732742867DF5AD3A7918D63F24C64D5ED574C725F
X,11.12,1.0,0.531767424639288,E47015E640592CD88AC831E732742867DF5AD3A7918D63F24C64D5ED574C725F
X,11.13,1.0,0.539008410606504,E47015E640592CD88AC831E732742867DF5AD3A7918D63F24C64D5ED574C725F
X,11.14,1.0,0.546245787942809,E47015E640592CD88AC831E732742867DF5AD3A7918D63F24C64D5ED574C725F
X,11.15,1.0,0.553478513955795,E47015E640592CD88AC831E732742867DF5AD3A7918D63F24C64D5ED574C725F
X,11.16,1.0,0.560705556276062,E47015E640592CD88AC831E732742867DF5AD3A7918D63F24C64D5ED574C725F
X,11.17,1.0,0.567925892857223,E47015E640592CD88AC831E732742867DF5AD3A7918D63F24C64D5ED574C725F
X,11.18,1.0,0.575138534292268,E47015E640592CD88AC831E732742867DF5AD3A7918D63F24C64D5ED574C725F
X,11.19,1.0,0.582342505581698,E47015E640592CD88AC831E732742867DF5AD3A7918D63F24C64D5ED574C725F
X,11.2,1.0,0.589536803518564,E47015E640592CD88AC831E732742867DF5AD3A7918D63F24C64D5ED574C725F
X,11.21,1.0,0.596720456993353,E47015E640592CD88AC831E732742867DF5AD3A7918D63F24C64D5ED574C725F
X,11.22,1.0,0.60389250658373,E47015E640592CD88AC831E732742867DF5AD3A7918D63F24C64D5ED574C725F
X,11.23,1.0,0.611052004637355,E47015E640592CD88AC831E732742867DF5AD3A7918D63F24C64D5ED574C725F
X,11.24,1.0,0.618198015354701,E47015E640592CD88AC831E732742867DF5AD3A7918D63F24C64D5ED574C725F
X,11.25,1.0,0.625329614871875,E47015E640592CD88AC831E732742867DF5AD3A7918D63F24C64D5ED574C725F
X,11.26,1.0,0.632445889699547,E47015E640592CD88AC831E732742867DF5AD3A7918D63F24C64D5ED574C725F
X,11.27,1.0,0.639545931041685,E47015E640592CD88AC831E732742867DF5AD3A7918D63F24C64D5ED574C725F
X,11.28,1.0,0.646628850190684,E47015E640592CD88AC831E732742867DF5AD3A7918D63F24C64D5ED574C725F
X,11.29,1.0,0.653693766885198,E47015E640592CD88AC831E732742867DF5AD3A7918D63F24C64D5ED574C725F
X,11.3,1.0,0.660739812201763,E47015E640592CD88AC831E732742867DF5AD3A7918D63F24C64D5ED574C725F
X,11.31,1.0,0.667766128554796,E47015E640592CD88AC831E732742867DF5AD3A7918D63F24C64D5ED574C725F
X,11.32,1.0,0.674771869696596,E47015E640592CD88AC831E732742867DF5AD3A7918D63F24C64D5ED574C725F
X,11.33,1.0,0.681756200717344,E47015E640592CD88AC831E732742867DF5AD3A7918D63F24C64D5ED574C725F
X,11.34,1.0,0.6887182980451,E47015E640592CD88AC831E732742867DF5AD3A7918D63F24C64D5ED574C725F
X,11.35,1.0,0.69565735777717,E47015E640592CD88AC831E732742867DF5AD3A7918D63F24C64D5ED574C725F
X,11.36,1.0,0.702572578991325,E47015E640592CD88AC831E732742867DF5AD3A7918D63F24C64D5ED574C725F
X,11.37,1.0,0.709463170018038,E47015E640592CD88AC831E732742867DF5AD3A7918D63F24C64D5ED574C725F
X,11.38,1.0,0.716328353689971,E47015E640592CD88AC831E732742867DF5AD3A7918D63F24C64D5ED574C725F
X,11.39,1.0,0.723167364249627,E47015E640592CD88AC831E732742867DF5AD3A7918D63F24C64D5ED574C725F
X,11.4,1.0,0.729979447349347,E47015E640592CD88AC831E732742867DF5AD3A7918D63F24C64D5ED574C725F
X,11.41,1.0,0.736763860051308,E47015E640592CD88AC831E732742867DF5AD3A7918D63F24C64D5ED574C725F
X,11.42,1.0,0.743519870827526,E47015E640592CD88AC831E732742867DF5AD3A7918D63F24C64D5ED574C725F
X,11.43,1.0,0.750246759559852,E47015E640592CD88AC831E732742867DF5AD3A7918D63F24C64D5ED574C725F
X,11.44,1.0,0.756943820366271,E47015E640592CD88AC831E732742867DF5AD3A7918D63F24C64D5ED574C725F
X,11.45,1.0,0.763610359741397,E47015E640592CD88AC831E732742867DF5AD3A7918D63F24C64D5ED574C725F
X,11.46,1.0,0.770245689248397,E47015E640592CD88AC831E732742867DF5AD3A7918D63F24C64D5ED574C725F
X,11.47,1.0,0.776849135300231,E47015E640592CD88AC831E732742867DF5AD3A7918D63F24C64D5ED574C725F
X,11.48,1.0,0.783420035824516,E47015E640592CD88AC831E732742867DF5AD3A7918D63F24C64D5ED574C725F
X,11.49,1.0,0.789957740268817,E47015E640592CD88AC831E732742867DF5AD3A7918D63F24C64D5ED574C725F
X,11.5,1.0,0.796461609605946,E47015E640592CD88AC831E732742867DF5AD3A7918D63F24C64D5ED574C725F
X,11.51,1.0,0.802931016339262,E47015E640592CD88AC831E732742867DF5AD3A7918D63F24C64D5ED574C725F
X,11.52,1.0,0.809365344507963,E47015E640592CD88AC831E732742867DF5AD3A7918D63F24C64D5ED574C725F
X,11.53,1.0,0.815763989692386,E47015E640592CD88AC831E732742867DF5AD3A7918D63F24C64D5ED574C725F
X,11.54,1.0,0.822126352346263,E47015E640592CD88AC831E732742867DF5AD3A7918D63F24C64D5ED574C725F
X,11.55,1.0,0.828451845993562,E47015E640592CD88AC831E732742867DF5AD3A7918D63F24C64D5ED574C725F
X,11.56,1.0,0.834739905664687,E47015E640592CD88AC831E732742867DF5AD3A7918D63F24C64D5ED574C725F
X,11.57,1.0,0.840989971825482,E47015E640592CD88AC831E732742867DF5AD3A7918D63F24C64D5ED574C725F
X,11.58,1.0,0.847201496378168,E47015E640592CD88AC831E732742867DF5AD3A7918D63F24C64D5ED574C725F
X,11.59,1.0,0.853373942661345,E47015E640592CD88AC831E732742867DF5AD3A7918D63F24C64D5ED574C725F
X,11.6,1.0,0.859506785449994,E47015E640592CD88AC831E732742867DF5AD3A7918D63F24C64D5ED574C725F
X,11.61,1.0,0.865599510955471,E47015E640592CD88AC831E732742867DF5AD3A7918D63F24C64D5ED574C725F
X,11.62,1.0,0.871651616825517,E47015E640592CD88AC831E732742867DF5AD3A7918D63F24C64D5ED574C725F
X,11.63,1.0,0.877662612144245,E47015E640592CD88AC831E732742867DF5AD3A7918D63F24C64D5ED574C725F
X,11.64,1.0,0.883632005886406,E47015E640592CD88AC831E732742867DF5AD3A7918D63F24C64D5ED574C725F
X,11.65,1.0,0.889559281217376,E47015E640592CD88AC831E732742867DF5AD3A7918D63F24C64D5ED574C725F
X,11.66,1.0,0.895444017231991,E47015E640592CD88AC831E732742867DF5AD3A7918D63F24C64D5ED574C725F
X,11.67,1.0,0.901285765054209,E47015E640592CD88AC831E732742867DF5AD3A7918D63F24C64D5ED574C725F
X,11.68,1.0,0.907084087022328,E47015E640592CD88AC831E732742867DF5AD3A7918D63F24C64D5ED574C725F
X,11.69,1.0,0.912838556688989,E47015E640592CD88AC831E732742867DF5AD3A7918D63F24C64D5ED574C725F
X,11.7,1.0,0.918548758821171,E47015E640592CD88AC831E732742867DF5AD3A7918D63F24C64D5ED574C725F
X,11.71,1.0,0.924214289400197,E47015E640592CD88AC831E732742867DF5AD3A7918D63F24C64D5ED574C725F
X,11.72,1.0,0.929834755621728,E47015E640592CD88AC831E732742867DF5AD3A7918D63F24C64D5ED574C725F
X,11.73,1.0,0.935409775895771,E47015E640592CD88AC831E732742867DF5AD3A7918D63F24C64D5ED574C725F
X,11.74,1.0,0.940938979846671,E47015E640592CD88AC831E732742867DF5AD3A7918D63F24C64D5ED574C725F
X,11.75,1.0,0.946422006512513,E47015E640592CD88AC831E732742867DF5AD3A7918D63F24C64D5ED574C725F
X,11.76,1.0,0.951858409348715,E47015E640592CD88AC831E732742867DF5AD3A7918D63F24C64D5ED574C725F
X,11.77,1.0,0.957247912673924,E47015E640592CD88AC831E732742867DF5AD3A7918D63F24C64D5ED574C725F
X,11.78,1.0,0.962590183495813,E47015E640592CD88AC831E732742867DF5AD3A7918D63F24C64D5ED574C725F
X,11.79,1.0,0.967884899278748,E47015E640592CD88AC831E732742867DF5AD3A7918D63F24C64D5ED574C725F
X,11.8,1.0,0.97313174791078,E47015E640592CD88AC831E732742867DF5AD3A7918D63F24C64D5ED574C725F
X,11.81,1.0,0.978330427670643,E47015E640592CD88AC831E732742867DF5AD3A7918D63F24C64D5ED574C725F
X,11.82,1.0,0.983480647194747,E47015E640592CD88AC831E732742867DF5AD3A7918D63F24C64D5ED574C725F
X,11.83,1.0,0.988582125444174,E47015E640592CD88AC831E732742867DF5AD3A7918D63F24C64D5ED574C725F
X,11.84,1.0,0.993634591671671,E47015E640592CD88AC831E732742867DF5AD3A7918D63F24C64D5ED574C725F
X,11.85,1.0,0.998637785388651,E47015E640592CD88AC831E732742867DF5AD3A7918D63F24C64D5ED574C725F
X,11.86,1.0,1.00359145633218,E47015E640592CD88AC831E732742867DF5AD3A7918D63F24C64D5ED574C725F
X,11.87,1.0,1.00849536443199,E47015E640592CD88AC831E732742867DF5AD3A7918D63F24C64D5ED574C725F
X,11.88,1.0,1.01334914284546,E47015E640592CD88AC831E732742867DF5AD3A7918D63F24C64D5ED574C725F
X,11.89,1.0,1.01815266731776,E47015E640592CD88AC831E732742867DF5AD3A7918D63F24C64D5ED574C725F
X,11.9,1.0,1.02290572989047,E47015E640592CD88AC831E732742867DF5AD3A7918D63F24C64D5ED574C725F
X,11.91,1.0,1.02760812826883,E47015E640592CD88AC831E732742867DF5AD3A7918D63F24C64D5ED574C725F
X,11.92,1.0,1.03225967041717,E47015E640592CD88AC831E732742867DF5AD3A7918D63F24C64D5ED574C725F
X,11.93,1.0,1.03686017455895,E47015E640592CD88AC831E732742867DF5AD3A7918D63F24C64D5ED574C725F
X,11.94,1.0,1.04140946917673,E47015E640592CD88AC831E732742867DF5AD3A7918D63F24C64D5ED574C725F
X,11.95,1.0,1.04590739301218,E47015E640592CD88AC831E732742867DF5AD3A7918D63F24C64D5ED574C725F
X,11.96,1.0,1.05035379506608,E47015E640592CD88AC831E732742867DF5AD3A7918D63F24C64D5ED574C725F
X,11.97,1.0,1.05474853459832,E47015E640592CD88AC831E732742867DF5AD3A7918D63F24C64D5ED574C725F
X,11.98,1.0,1.0590914811279,E47015E640592CD88AC831E732742867DF5AD3A7918D63F24C64D5ED574C725F
X,11.99,1.0,1.06338251443293,E47015E640592CD88AC831E732742867DF5AD3A7918D63F24C64D5ED574C725F
X,12.0,1.0,1.06762145292454,E47015E640592CD88AC831E732742867DF5AD3A7918D63F24C64D5ED574C725F
X,12.01,1.0,1.07180801634571,E47015E640592CD88AC831E732742867DF5AD3A7918D63F24C64D5ED574C725F
X,12.02,1.0,1.07594227715512,E47015E640592CD88AC831E732742867DF5AD3A7918D63F24C64D5ED574C725F
X,12.03,1.0,1.08002414498974,E47015E640592CD88AC831E732742867DF5AD3A7918D63F24C64D5ED574C725F
X,12.04,1.0,1.08405353918987,E47015E640592CD88AC831E732742867DF5AD3A7918D63F24C64D5ED574C725F
X,12.05,1.0,1.08803038879911,E47015E640592CD88AC831E732742867DF5AD3A7918D63F24C64D5ED574C725F
X,12.06,1.0,1.09195463256442,E47015E640592CD88AC831E732742867DF5AD3A7918D63F24C64D5ED574C725F
X,12.07,1.0,1.09582621893603,E47015E640592CD88AC831E732742867DF5AD3A7918D63F24C64D5ED574C725F
X,12.08,1.0,1.09964510606753,E47015E640592CD88AC831E732742867DF5AD3A7918D63F24C64D5ED574C725F
X,12.09,1.0,1.10341126181581,E47015E640592CD88AC831E732742867DF5AD3A7918D63F24C64D5ED574C725F
X,12.1,1.0,1.10712466374108,E47015E640592CD88AC831E732742867DF5AD3A7918D63F24C64D5ED574C725F
X,12.11,1.0,1.11078529910688,E47015E640592CD88AC831E732742867DF5AD3A7918D63F24C64D5ED574C725F
X,12.12,1.0,1.11439316488007,E47015E640592CD88AC831E732742867DF5AD3A7918D63F24C64D5ED574C725F
X,12.13,1.0,1.1179482677308,E47015E640592CD88AC831E732742867DF5AD3A7918D63F24C64D5ED574C725F
X,12.14,1.0,1.12145276525796,E47015E640592CD88AC831E732742867DF5AD3A7918D63F24C64D5ED574C725F
X,12.15,1.0,1.12490491790868,E47015E640592CD88AC831E732742867DF5AD3A7918D63F24C64D5ED574C725F
X,12.16,1.0,1.12830448897961,E47015E640592CD88AC831E732742867DF5AD3A7918D63F24C64D5ED574C725F
X,12.17,1.0,1.13165144389195,E47015E640592CD88AC831E732742867DF5AD3A7918D63F24C64D5ED574C725F
X,12.18,1.0,1.13494574806688,E47015E640592CD88AC831E732742867DF5AD3A7918D63F24C64D5ED574C725F
X,12.19,1.0,1.13818736692561,E47015E640592CD88AC831E732742867DF5AD3A7918D63F24C64D5ED574C725F
X,12.2,1.0,1.14137626588934,E47015E640592CD88AC831E732742867DF5AD3A7918D63F24C64D5ED574C725F
X,12.21,1.0,1.14451241037926,E47015E640592CD88AC831E732742867DF5AD3A7918D63F24C64D5ED574C725F
X,12.22,1.0,1.14759576581658,E47015E640592CD88AC831E732742867DF5AD3A7918D63F24C64D5ED574C725F
X,12.23,1.0,1.15062629762248,E47015E640592CD88AC831E732742867DF5AD3A7918D63F24C64D5ED574C725F
X,12.24,1.0,1.15360397121816,E47015E640592CD88AC831E732742867DF5AD3A7918D63F24C64D5ED574C725F
X,12.25,1.0,1.15652875202483,E47015E640592CD88AC831E732742867DF5AD3A7918D63F24C64D5ED574C725F
X,12.26,1.0,1.15940060546368,E47015E640592CD88AC831E732742867DF5AD3A7918D63F24C64D5ED574C725F
X,12.27,1.0,1.1622194969559,E47015E640592CD88AC831E732742867DF5AD3A7918D63F24C64D5ED574C725F
X,12.28,1.0,1.16499090445183,E47015E640592CD88AC831E732742867DF5AD3A7918D63F24C64D5ED574C725F
X,12.29,1.0,1.16771070690033,E47015E640592CD88AC831E732742867DF5AD3A7918D63F24C64D5ED574C725F
X,12.3,1.0,1.17037873146512,E47015E640592CD88AC831E732742867DF5AD3A7918D63F24C64D5ED574C725F
X,12.31,1.0,1.172995025539,E47015E640592CD88AC831E732742867DF5AD3A7918D63F24C64D5ED574C725F
X,12.32,1.0,1.17555963651472,E47015E640592CD88AC831E732742867DF5AD3A7918D63F24C64D5ED574C725F
X,12.33,1.0,1.17807261178509,E47015E640592CD88AC831E732742867DF5AD3A7918D63F24C64D5ED574C725F
X,12.34,1.0,1.18053399874287,E47015E640592CD88AC831E732742867DF5AD3A7918D63F24C64D5ED574C725F
X,12.35,1.0,1.18294384478083,E47015E640592CD88AC831E732742867DF5AD3A7918D63F24C64D5ED574C725F
X,12.36,1.0,1.18530219729178,E47015E640592CD88AC831E732742867DF5AD3A7918D63F24C64D5ED574C725F
X,12.37,1.0,1.18760910366847,E47015E640592CD88AC831E732742867DF5AD3A7918D63F24C64D5ED574C725F
X,12.38,1.0,1.18986461130368,E47015E640592CD88AC831E732742867DF5AD3A7918D63F24C64D5ED574C725F
X,12.39,1.0,1.19206876759021,E47015E640592CD88AC831E732742867DF5AD3A7918D63F24C64D5ED574C725F
X,12.4,1.0,1.19422161992082,E47015E640592CD88AC831E732742867DF5AD3A7918D63F24C64D5ED574C725F
X,12.41,1.0,1.19632321568829,E47015E640592CD88AC831E732742867DF5AD3A7918D63F24C64D5ED574C725F
X,12.42,1.0,1.1983771188844,E47015E640592CD88AC831E732742867DF5AD3A7918D63F24C64D5ED574C725F
X,12.43,1.0,1.20038430884841,E47015E640592CD88AC831E732742867DF5AD3A7918D63F24C64D5ED574C725F
X,12.44,1.0,1.2023418933128,E47015E640592CD88AC831E732742867DF5AD3A7918D63F24C64D5ED574C725F
X,12.45,1.0,1.20425001521333,E47015E640592CD88AC831E732742867DF5AD3A7918D63F24C64D5ED574C725F
X,12.46,1.0,1.20610881748578,E47015E640592CD88AC831E732742867DF5AD3A7918D63F24C64D5ED574C725F
X,12.47,1.0,1.20791844306592,E47015E640592CD88AC831E732742867DF5AD3A7918D63F24C64D5ED574C725F
X,12.48,1.0,1.2096790348895,E47015E640592CD88AC831E732742867DF5AD3A7918D63F24C64D5ED574C725F
X,12.49,1.0,1.21139073589231,E47015E640592CD88AC831E732742867DF5AD3A7918D63F24C64D5ED574C725F
X,12.5,1.0,1.21305368901011,E47015E640592CD88AC831E732742867DF5AD3A7918D63F24C64D5ED574C725F
X,12.51,1.0,1.21466803717867,E47015E640592CD88AC831E732742867DF5AD3A7918D63F24C64D5ED574C725F
X,12.52,1.0,1.21623392333375,E47015E640592CD88AC831E732742867DF5AD3A7918D63F24C64D5ED574C725F
X,12.53,1.0,1.21775149041114,E47015E640592CD88AC831E732742867DF5AD3A7918D63F24C64D5ED574C725F
X,12.54,1.0,1.21922088134659,E47015E640592CD88AC831E732742867DF5AD3A7918D63F24C64D5ED574C725F
X,12.55,1.0,1.22064223907587,E47015E640592CD88AC831E732742867DF5AD3A7918D63F24C64D5ED574C725F
X,12.56,1.0,1.22201570653476,E47015E640592CD88AC831E732742867DF5AD3A7918D63F24C64D5ED574C725F
X,12.57,1.0,1.22334249162278,E47015E640592CD88AC831E732742867DF5AD3A7918D63F24C64D5ED574C725F
X,12.58,1.0,1.22462559719384,E47015E640592CD88AC831E732742867DF5AD3A7918D63F24C64D5ED574C725F
X,12.59,1.0,1.22586240881124,E47015E640592CD88AC831E732742867DF5AD3A7918D63F24C64D5ED574C725F
X,12.6,1.0,1.22705319080161,E47015E640592CD88AC831E732742867DF5AD3A7918D63F24C64D5ED574C725F
X,12.61,1.0,1.22819821256938,E47015E640592CD88AC831E732742867DF5AD3A7918D63F24C64D5ED574C725F
X,12.62,1.0,1.22929774859676,E47015E640592CD88AC831E732742867DF5AD3A7918D63F24C64D5ED574C725F
X,12.63,1.0,1.23035207844377,E47015E640592CD88AC831E732742867DF5AD3A7918D63F24C64D5ED574C725F
X,12.64,1.0,1.23136148674821,E47015E640592CD88AC831E732742867DF5AD3A7918D63F24C64D5ED574C725F
X,12.65,1.0,1.23232626322567,E47015E640592CD88AC831E732742867DF5AD3A7918D63F24C64D5ED574C725F
X,12.66,1.0,1.23324670266955,E47015E640592CD88AC831E732742867DF5AD3A7918D63F24C64D5ED574C725F
X,12.67,1.0,1.23412310495102,E47015E640592CD88AC831E732742867DF5AD3A7918D63F24C64D5ED574C725F
X,12.68,1.0,1.23495577501906,E47015E640592CD88AC831E732742867DF5AD3A7918D63F24C64D5ED574C725F
X,12.69,1.0,1.23574502290044,E47015E640592CD88AC831E732742867DF5AD3A7918D63F24C64D5ED574C725F
X,12.7,1.0,1.23649116369972,E47015E640592CD88AC831E732742867DF5AD3A7918D63F24C64D5ED574C725F
X,12.71,1.0,1.23719451759924,E47015E640592CD88AC831E732742867DF5AD3A7918D63F24C64D5ED574C725F
X,12.72,1.0,1.23785540985916,E47015E640592CD88AC831E732742867DF5AD3A7918D63F24C64D5ED574C725F
X,12.73,1.0,1.23847417469132,E47015E640592CD88AC831E732742867DF5AD3A7918D63F24C64D5ED574C725F
X,12.74,1.0,1.23905124813295,E47015E640592CD88AC831E732742867DF5AD3A7918D63F24C64D5ED574C725F
X,12.75,1.0,1.23958689076275,E47015E640592CD88AC831E732742867DF5AD3A7918D63F24C64D5ED574C725F
X,12.76,1.0,1.24008145060505,E47015E640592CD88AC831E732742867DF5AD3A7918D63F24C64D5ED574C725F
X,12.77,1.0,1.24053528086035,E47015E640592CD88AC831E732742867DF5AD3A7918D63F24C64D5ED574C725F
X,12.78,1.0,1.24094873990531,E47015E640592CD88AC831E732742867DF5AD3A7918D63F24C64D5ED574C725F
X,12.79,1.0,1.24132219129274,E47015E640592CD88AC831E732742867DF5AD3A7918D63F24C64D5ED574C725F
X,12.8,1.0,1.2416560037516,E47015E640592CD88AC831E732742867DF5AD3A7918D63F24C64D5ED574C725F
X,12.81,1.0,1.24195055118701,E47015E640592CD88AC831E732742867DF5AD3A7918D63F24C64D5ED574C725F
X,12.82,1.0,1.24220621268025,E47015E640592CD88AC831E732742867DF5AD3A7918D63F24C64D5ED574C725F
X,12.83,1.0,1.24242337248874,E47015E640592CD88AC831E732742867DF5AD3A7918D63F24C64D5ED574C725F
X,12.84,1.0,1.24260242004607,E47015E640592CD88AC831E732742867DF5AD3A7918D63F24C64D5ED574C725F
X,12.85,1.0,1.24274374996198,E47015E640592CD88AC831E732742867DF5AD3A7918D63F24C64D5ED574C725F
X,12.86,1.0,1.24284776202236,E47015E640592CD88AC831E732742867DF5AD3A7918D63F24C64D5ED574C725F
X,12.87,1.0,1.24291486118926,E47015E640592CD88AC831E732742867DF5AD3A7918D63F24C64D5ED574C725F
X,12.88,1.0,1.24294545760087,E47015E640592CD88AC831E732742867DF5AD3A7918D63F24C64D5ED574C725F
X,12.89,1.0,1.24293996657157,E47015E640592CD88AC831E732742867DF5AD3A7918D63F24C64D5ED574C725F
X,12.9,1.0,1.24289880859186,E47015E640592CD88AC831E732742867DF5AD3A7918D63F24C64D5ED574C725F
X,12.91,1.0,1.24282216062222,E47015E640592CD88AC831E732742867DF5AD3A7918D63F24C64D5ED574C725F
X,12.92,1.0,1.24270884011843,E47015E640592CD88AC831E732742867DF5AD3A7918D63F24C64D5ED574C725F
X,12.93,1.0,1.24256064015152,E47015E640592CD88AC831E732742867DF5AD3A7918D63F24C64D5ED574C725F
X,12.94,1.0,1.24237794094396,E47015E640592CD88AC831E732742867DF5AD3A7918D63F24C64D5ED574C725F
X,12.95,1.0,1.2421611239075,E47015E640592CD88AC831E732742867DF5AD3A7918D63F24C64D5ED574C725F
X,12.96,1.0,1.24191057152997,E47015E640592CD88AC831E732742867DF5AD3A7918D63F24C64D5ED574C725F
X,12.97,1.0,1.24162666726181,E47015E640592CD88AC831E732742867DF5AD3A7918D63F24C64D5ED574C725F
X,12.98,1.0,1.24130979540287,E47015E640592CD88AC831E732742867DF5AD3A7918D63F24C64D5ED574C725F
X,12.99,1.0,1.24096034098896,E47015E640592CD88AC831E732742867DF5AD3A7918D63F24C64D5ED574C725F
X,13.0,1.0,1.2405786896786,E47015E640592CD88AC831E732742867DF5AD3A7918D63F24C64D5ED574C725F
X,13.01,1.0,1.24016522763964,E47015E640592CD88AC831E732742867DF5AD3A7918D63F24C64D5ED574C725F
X,13.02,1.0,1.23972034143597,E47015E640592CD88AC831E732742867DF5AD3A7918D63F24C64D5ED574C725F
X,13.03,1.0,1.23924441791413,E47015E640592CD88AC831E732742867DF5AD3A7918D63F24C64D5ED574C725F
X,13.04,1.0,1.23873784409002,E47015E640592CD88AC831E732742867DF5AD3A7918D63F24C64D5ED574C725F
X,13.05,1.0,1.23820100703557,E47015E640592CD88AC831E732742867DF5AD3A7918D63F24C64D5ED574C725F
X,13.06,1.0,1.23763429376537,E47015E640592CD88AC831E732742867DF5AD3A7918D63F24C64D5ED574C725F
X,13.07,1.0,1.23703809112339,E47015E640592CD88AC831E732742867DF5AD3A7918D63F24C64D5ED574C725F
X,13.08,1.0,1.23641278566958,E47015E640592CD88AC831E732742867DF5AD3A7918D63F24C64D5ED574C725F
X,13.09,1.0,1.23575876356662,E47015E640592CD88AC831E732742867DF5AD3A7918D63F24C64D5ED574C725F
X,13.1,1.0,1.23507640350586,E47015E640592CD88AC831E732742867DF5AD3A7918D63F24C64D5ED574C725F
X,13.11,1.0,1.23436607092021,E47015E640592CD88AC831E732742867DF5AD3A7918D63F24C64D5ED574C725F
X,13.12,1.0,1.23362816920881,E47015E640592CD88AC831E732742867DF5AD3A7918D63F24C64D5ED574C725F
X,13.13,1.0,1.23286308097386,E47015E640592CD88AC831E732742867DF5AD3A7918D63F24C64D5ED574C725F
X,13.14,1.0,1.23207118780247,E47015E640592CD88AC831E732742867DF5AD3A7918D63F24C64D5ED574C725F
X,13.15,1.0,1.23125287015192,E47015E640592CD88AC831E732742867DF5AD3A7918D63F24C64D5ED574C725F
X,13.16,1.0,1.23040850723501,E47015E640592CD88AC831E732742867DF5AD3A7918D63F24C64D5ED574C725F
X,13.17,1.0,1.22953847690535,E47015E640592CD88AC831E732742867DF5AD3A7918D63F24C64D5ED574C725F
X,13.18,1.0,1.22864315554265,E47015E640592CD88AC831E732742867DF5AD3A7918D63F24C64D5ED574C725F
X,13.19,1.0,1.22772291793809,E47015E640592CD88AC831E732742867DF5AD3A7918D63F24C64D5ED574C725F
X,13.2,1.0,1.22677813717954,E47015E640592CD88AC831E732742867DF5AD3A7918D63F24C64D5ED574C725F
X,13.21,1.0,1.22580918453694,E47015E640592CD88AC831E732742867DF5AD3A7918D63F24C64D5ED574C725F
X,13.22,1.0,1.22481642934759,E47015E640592CD88AC831E732742867DF5AD3A7918D63F24C64D5ED574C725F
X,13.23,1.0,1.22380023890144,E47015E640592CD88AC831E732742867DF5AD3A7918D63F24C64D5ED574C725F
X,13.24,1.0,1.22276097832642,E47015E640592CD88AC831E732742867DF5AD3A7918D63F24C64D5ED574C725F
X,13.25,1.0,1.22169901047373,E47015E640592CD88AC831E732742867DF5AD3A7918D63F24C64D5ED574C725F
X,13.26,1.0,1.22061469580317,E47015E640592CD88AC831E732742867DF5AD3A7918D63F24C64D5ED574C725F
X,13.27,1.0,1.21950839226842,E47015E640592CD88AC831E732742867DF5AD3A7918D63F24C64D5ED574C725F
X,13.28,1.0,1.21838045520238,E47015E640592CD88AC831E732742867DF5AD3A7918D63F24C64D5ED574C725F
X,13.29,1.0,1.21723125867346,E47015E640592CD88AC831E732742867DF5AD3A7918D63F24C64D5ED574C725F
X,13.3,1.0,1.21606232358119,E47015E640592CD88AC831E732742867DF5AD3A7918D63F24C64D5ED574C725F
X,13.31,1.0,1.21487307094361,E47015E640592CD88AC831E732742867DF5AD3A7918D63F24C64D5ED574C725F
X,13.32,1.0,1.21366387365143,E47015E640592CD88AC831E732742867DF5AD3A7918D63F24C64D5ED574C725F
X,13.33,1.0,1.21243510312072,E47015E640592CD88AC831E732742867DF5AD3A7918D63F24C64D5ED574C725F
X,13.34,1.0,1.21118712922223,E47015E640592CD88AC831E732742867DF5AD3A7918D63F24C64D5ED574C725F
X,13.35,1.0,1.20992032021057,E47015E640592CD88AC831E732742867DF5AD3A7918D63F24C64D5ED574C725F
X,13.36,1.0,1.20863504265348,E47015E640592CD88AC831E732742867DF5AD3A7918D63F24C64D5ED574C725F
X,13.37,1.0,1.20733166136113,E47015E640592CD88AC831E732742867DF5AD3A7918D63F24C64D5ED574C725F
X,13.38,1.0,1.2060105393153,E47015E640592CD88AC831E732742867DF5AD3A7918D63F24C64D5ED574C725F
X,13.39,1.0,1.20467203759864,E47015E640592CD88AC831E732742867DF5AD3A7918D63F24C64D5ED574C725F
X,13.4,1.0,1.20331651532398,E47015E640592CD88AC831E732742867DF5AD3A7918D63F24C64D5ED574C725F
X,13.41,1.0,1.20194432956349,E47015E640592CD88AC831E732742867DF5AD3A7918D63F24C64D5ED574C725F
X,13.42,1.0,1.20055583527801,E47015E640592CD88AC831E732742867DF5AD3A7918D63F24C64D5ED574C725F
X,13.43,1.0,1.19915138524623,E47015E640592CD88AC831E732742867DF5AD3A7918D63F24C64D5ED574C725F
X,13.44,1.0,1.19773132999399,E47015E640592CD88AC831E732742867DF5AD3A7918D63F24C64D5ED574C725F
X,13.45,1.0,1.19629601772351,E47015E640592CD88AC831E732742867DF5AD3A7918D63F24C64D5ED574C725F
X,13.46,1.0,1.19484579424263,E47015E640592CD88AC831E732742867DF5AD3A7918D63F24C64D5ED574C725F
X,13.47,1.0,1.19338100289408,E47015E640592CD88AC831E732742867DF5AD3A7918D63F24C64D5ED574C725F
X,13.48,1.0,1.1919019844847,E47015E640592CD88AC831E732742867DF5AD3A7918D63F24C64D5ED574C725F
X,13.49,1.0,1.19040907721472,E47015E640592CD88AC831E732742867DF5AD3A7918D63F24C64D5ED574C725F
X,13.5,1.0,1.188902616607,E47015E640592CD88AC831E732742867DF5AD3A7918D63F24C64D5ED574C725F
X,13.51,1.0,1.18738352498754,E47015E640592CD88AC831E732742867DF5AD3A7918D63F24C64D5ED574C725F
X,13.52,1.0,1.18585215173467,E47015E640592CD88AC831E732742867DF5AD3A7918D63F24C64D5ED574C725F
X,13.53,1.0,1.1843084452201,E47015E640592CD88AC831E732742867DF5AD3A7918D63F24C64D5ED574C725F
X,13.54,1.0,1.182752752359,E47015E640592CD88AC831E732742867DF5AD3A7918D63F24C64D5ED574C725F
X,13.55,1.0,1.18118541826793,E47015E640592CD88AC831E732742867DF5AD3A7918D63F24C64D5ED574C725F
X,13.56,1.0,1.17960678622312,E47015E640592CD88AC831E732742867DF5AD3A7918D63F24C64D5ED574C725F
X,13.57,1.0,1.17801719761885,E47015E640592CD88AC831E732742867DF5AD3A7918D63F24C64D5ED574C725F
X,13.58,1.0,1.17641699192574,E47015E640592CD88AC831E732742867DF5AD3A7918D63F24C64D5ED574C725F
X,13.59,1.0,1.17480650664902,E47015E640592CD88AC831E732742867DF5AD3A7918D63F24C64D5ED574C725F
X,13.6,1.0,1.17318607728695,E47015E640592CD88AC831E732742867DF5AD3A7918D63F24C64D5ED574C725F
X,13.61,1.0,1.17155603728904,E47015E640592CD88AC831E732742867DF5AD3A7918D63F24C64D5ED574C725F
X,13.62,1.0,1.1699167180144,E47015E640592CD88AC831E732742867DF5AD3A7918D63F24C64D5ED574C725F
X,13.63,1.0,1.1682684486901,E47015E640592CD88AC831E732742867DF5AD3A7918D63F24C64D5ED574C725F
X,13.64,1.0,1.16661155636942,E47015E640592CD88AC831E732742867DF5AD3A7918D63F24C64D5ED574C725F
X,13.65,1.0,1.16494636589021,E47015E640592CD88AC831E732742867DF5AD3A7918D63F24C64D5ED574C725F
X,13.66,1.0,1.16327319983318,E47015E640592CD88AC831E732742867DF5AD3A7918D63F24C64D5ED574C725F
X,13.67,1.0,1.16159237848024,E47015E640592CD88AC831E732742867DF5AD3A7918D63F24C64D5ED574C725F
X,13.68,1.0,1.15990421977282,E47015E640592CD88AC831E732742867DF5AD3A7918D63F24C64D5ED574C725F
X,13.69,1.0,1.15820903927017,E47015E640592CD88AC831E732742867DF5AD3A7918D63F24C64D5ED574C725F
X,13.7,1.0,1.15650715010767,E47015E640592CD88AC831E732742867DF5AD3A7918D63F24C64D5ED574C725F
X,13.71,1.0,1.15479886295518,E47015E640592CD88AC831E732742867DF5AD3A7918D63F24C64D5ED574C725F
X,13.72,1.0,1.15308448597533,E47015E640592CD88AC831E732742867DF5AD3A7918D63F24C64D5ED574C725F
X,13.73,1.0,1.15136464108814,E47015E640592CD88AC831E732742867DF5AD3A7918D63F24C64D5ED574C725F
X,13.74,1.0,1.1496395642694,E47015E640592CD88AC831E732742867DF5AD3A7918D63F24C64D5ED574C725F
X,13.75,1.0,1.1479094104327,E47015E640592CD88AC831E732742867DF5AD3A7918D63F24C64D5ED574C725F
X,13.76,1.0,1.14617448708926,E47015E640592CD88AC831E732742867DF5AD3A7918D63F24C64D5ED574C725F
X,13.77,1.0,1.14443509953862,E47015E640592CD88AC831E732742867DF5AD3A7918D63F24C64D5ED574C725F
X,13.78,1.0,1.14269155083824,E47015E640592CD88AC831E732742867DF5AD3A7918D63F24C64D5ED574C725F
X,13.79,1.0,1.14094414177318,E47015E640592CD88AC831E732742867DF5AD3A7918D63F24C64D5ED574C725F
X,13.8,1.0,1.13919317082567,E47015E640592CD88AC831E732742867DF5AD3A7918D63F24C64D5ED574C725F
X,13.81,1.0,1.13743893414482,E47015E640592CD88AC831E732742867DF5AD3A7918D63F24C64D5ED574C725F
X,13.82,1.0,1.13568172551621,E47015E640592CD88AC831E732742867DF5AD3A7918D63F24C64D5ED574C725F
X,13.83,1.0,1.13392183633152,E47015E640592CD88AC831E732742867DF5AD3A7918D63F24C64D5ED574C725F
X,13.84,1.0,1.1321595555582,E47015E640592CD88AC831E732742867DF5AD3A7918D63F24C64D5ED574C725F
X,13.85,1.0,1.13039516970909,E47015E640592CD88AC831E732742867DF5AD3A7918D63F24C64D5ED574C725F
X,13.86,1.0,1.12862896281205,E47015E640592CD88AC831E732742867DF5AD3A7918D63F24C64D5ED574C725F
X,13.87,1.0,1.1268612163796,E47015E640592CD88AC831E732742867DF5AD3A7918D63F24C64D5ED574C725F
X,13.88,1.0,1.12509220937855,E47015E640592CD88AC831E732742867DF5AD3A7918D63F24C64D5ED574C725F
X,13.89,1.0,1.12332221819966,E47015E640592CD88AC831E732742867DF5AD3A7918D63F24C64D5ED574C725F
X,13.9,1.0,1.12155151662724,E47015E640592CD88AC831E732742867DF5AD3A7918D63F24C64D5ED574C725F
X,13.91,1.0,1.11978037580881,E47015E640592CD88AC831E732742867DF5AD3A7918D63F24C64D5ED574C725F
X,13.92,1.0,1.11800906422474,E47015E640592CD88AC831E732742867DF5AD3A7918D63F24C64D5ED574C725F
X,13.93,1.0,1.11623784765785,E47015E640592CD88AC831E732742867DF5AD3A7918D63F24C64D5ED574C725F
X,13.94,1.0,1.11446698916311,E47015E640592CD88AC831E732742867DF5AD3A7918D63F24C64D5ED574C725F
X,13.95,1.0,1.11269674903722,E47015E640592CD88AC831E732742867DF5AD3A7918D63F24C64D5ED574C725F
X,13.96,1.0,1.11092739578685,E47015E640592CD88AC831E732742867DF5AD3A7918D63F24C64D5ED574C725F
X,13.97,1.0,1.10915919369446,E47015E640592CD88AC831E732742867DF5AD3A7918D63F24C64D5ED574C725F
X,13.98,1.0,1.10739237962806,E47015E640592CD88AC831E732742867DF5AD3A7918D63F24C64D5ED574C725F
X,13.99,1.0,1.10562720305687,E47015E640592CD88AC831E732742867DF5AD3A7918D63F24C64D5ED574C725F
X,14.0,1.0,1.10386391056513,E47015E640592CD88AC831E732742867DF5AD3A7918D63F24C64D5ED574C725F
X,14.01,1.0,1.10210274582226,E47015E640592CD88AC831E732742867DF5AD3A7918D63F24C64D5ED574C725F
X,14.02,1.0,1.10034394955302,E47015E640592CD88AC831E732742867DF5AD3A7918D63F24C64D5ED574C725F
X,14.03,1.0,1.09858775950771,E47015E640592CD88AC831E732742867DF5AD3A7918D63F24C64D5ED574C725F
X,14.04,1.0,1.0968344104323,E47015E640592CD88AC831E732742867DF5AD3A7918D63F24C64D5ED574C725F
X,14.05,1.0,1.09508413403866,E47015E640592CD88AC831E732742867DF5AD3A7918D63F24C64D5ED574C725F
X,14.06,1.0,1.0933371589747,E47015E640592CD88AC831E732742867DF5AD3A7918D63F24C64D5ED574C725F
X,14.07,1.0,1.09159371079455,E47015E640592CD88AC831E732742867DF5AD3A7918D63F24C64D5ED574C725F
X,14.08,1.0,1.08985401192874,E47015E640592CD88AC831E732742867DF5AD3A7918D63F24C64D5ED574C725F
X,14.09,1.0,1.08811828165436,E47015E640592CD88AC831E732742867DF5AD3A7918D63F24C64D5ED574C725F
X,14.1,1.0,1.08638673606527,E47015E640592CD88AC831E732742867DF5AD3A7918D63F24C64D5ED574C725F
X,14.11,1.0,1.08465958804222,E47015E640592CD88AC831E732742867DF5AD3A7918D63F24C64D5ED574C725F
X,14.12,1.0,1.08293704722306,E47015E640592CD88AC831E732742867DF5AD3A7918D63F24C64D5ED574C725F
X,14.13,1.0,1.08121931997293,E47015E640592CD88AC831E732742867DF5AD3A7918D63F24C64D5ED574C725F
X,14.14,1.0,1.07950660935438,E47015E640592CD88AC831E732742867DF5AD3A7918D63F24C64D5ED574C725F
X,14.15,1.0,1.0777991150976,E47015E640592CD88AC831E732742867DF5AD3A7918D63F24C64D5ED574C725F
X,14.16,1.0,1.07609703357056,E47015E640592CD88AC831E732742867DF5AD3A7918D63F24C64D5ED574C725F
X,14.17,1.0,1.07440055774919,E47015E640592CD88AC831E732742867DF5AD3A7918D63F24C64D5ED574C725F
X,14.18,1.0,1.07270987718758,E47015E640592CD88AC831E732742867DF5AD3A7918D63F24C64D5ED574C725F
X,14.19,1.0,1.07102517798812,E47015E640592CD88AC831E732742867DF5AD3A7918D63F24C64D5ED574C725F
X,14.2,1.0,1.06934664277167,E47015E640592CD88AC831E732742867DF5AD3A7918D63F24C64D5ED574C725F
X,14.21,1.0,1.06767490555925,E47015E640592CD88AC831E732742867DF5AD3A7918D63F24C64D5ED574C725F
X,14.22,1.0,1.06600987951657,E47015E640592CD88AC831E732742867DF5AD3A7918D63F24C64D5ED574C725F
X,14.23,1.0,1.06435164990726,E47015E640592CD88AC831E732742867DF5AD3A7918D63F24C64D5ED574C725F
X,14.24,1.0,1.06270039407511,E47015E640592CD88AC831E732742867DF5AD3A7918D63F24C64D5ED574C725F
X,14.25,1.0,1.06105628614691,E47015E640592CD88AC831E732742867DF5AD3A7918D63F24C64D5ED574C725F
X,14.26,1.0,1.05941949701096,E47015E640592CD88AC831E732742867DF5AD3A7918D63F24C64D5ED574C725F
X,14.27,1.0,1.05779019429559,E47015E640592CD88AC831E732742867DF5AD3A7918D63F24C64D5ED574C725F
X,14.28,1.0,1.05616854234773,E47015E640592CD88AC831E732742867DF5AD3A7918D63F24C64D5ED574C725F
X,14.29,1.0,1.05455470221143,E47015E640592CD88AC831E732742867DF5AD3A7918D63F24C64D5ED574C725F
X,14.3,1.0,1.05294883160636,E47015E640592CD88AC831E732742867DF5AD3A7918D63F24C64D5ED574C725F
X,14.31,1.0,1.05135108490639,E47015E640592CD88AC831E732742867DF5AD3A7918D63F24C64D5ED574C725F
X,14.32,1.0,1.04976161311809,E47015E640592CD88AC831E732742867DF5AD3A7918D63F24C64D5ED574C725F
X,14.33,1.0,1.04818056385926,E47015E640592CD88AC831E732742867DF5AD3A7918D63F24C64D5ED574C725F
X,14.34,1.0,1.0466080813375,E47015E640592CD88AC831E732742867DF5AD3A7918D63F24C64D5ED574C725F
X,14.35,1.0,1.0450443063287,E47015E640592CD88AC831E732742867DF5AD3A7918D63F24C64D5ED574C725F
X,14.36,1.0,1.04348937615558,E47015E640592CD88AC831E732742867DF5AD3A7918D63F24C64D5ED574C725F
X,14.37,1.0,1.04194342466624,E47015E640592CD88AC831E732742867DF5AD3A7918D63F24C64D5ED574C725F
X,14.38,1.0,1.04040658221268,E47015E640592CD88AC831E732742867DF5AD3A7918D63F24C64D5ED574C725F
X,14.39,1.0,1.03887897562934,E47015E640592CD88AC831E732742867DF5AD3A7918D63F24C64D5ED574C725F
X,14.4,1.0,1.03736072821162,E47015E640592CD88AC831E732742867DF5AD3A7918D63F24C64D5ED574C725F
X,14.41,1.0,1.03585195969442,E47015E640592CD88AC831E732742867DF5AD3A7918D63F24C64D5ED574C725F
X,14.42,1.0,1.03435278623066,E47015E640592CD88AC831E732742867DF5AD3A7918D63F24C64D5ED574C725F
X,14.43,1.0,1.03286332036984,E47015E640592CD88AC831E732742867DF5AD3A7918D63F24C64D5ED574C725F
X,14.44,1.0,1.03138367103655,E47015E640592CD88AC831E732742867DF5AD3A7918D63F24C64D5ED574C725F
X,14.45,1.0,1.02991394350899,E47015E640592CD88AC831E732742867DF5AD3A7918D63F24C64D5ED574C725F
X,14.46,1.0,1.02845492942791,E47015E640592CD88AC831E732742867DF5AD3A7918D63F24C64D5ED574C725F
X,14.47,1.0,1.02700658841148,E47015E640592CD88AC831E732742867DF5AD3A7918D63F24C64D5ED574C725F
X,14.48,1.0,1.02556866203852,E47015E640592CD88AC831E732742867DF5AD3A7918D63F24C64D5ED574C725F
X,14.49,1.0,1.02414125714478,E47015E640592CD88AC831E732742867DF5AD3A7918D63F24C64D5ED574C725F
X,14.5,1.0,1.02272447754418,E47015E640592CD88AC831E732742867DF5AD3A7918D63F24C64D5ED574C725F
X,14.51,1.0,1.02131842402162,E47015E640592CD88AC831E732742867DF5AD3A7918D63F24C64D5ED574C725F
X,14.52,1.0,1.01992319432581,E47015E640592CD88AC831E732742867DF5AD3A7918D63F24C64D5ED574C725F
X,14.53,1.0,1.0185388831621,E47015E640592CD88AC831E732742867DF5AD3A7918D63F24C64D5ED574C725F
X,14.54,1.0,1.01716558218529,E47015E640592CD88AC831E732742867DF5AD3A7918D63F24C64D5ED574C725F
X,14.55,1.0,1.01580337999245,E47015E640592CD88AC831E732742867DF5AD3A7918D63F24C64D5ED574C725F
X,14.56,1.0,1.01445236211578,E47015E640592CD88AC831E732742867DF5AD3A7918D63F24C64D5ED574C725F
X,14.57,1.0,1.01311261101539,E47015E640592CD88AC831E732742867DF5AD3A7918D63F24C64D5ED574C725F
X,14.58,1.0,1.01178420607211,E47015E640592CD88AC831E732742867DF5AD3A7918D63F24C64D5ED574C725F
X,14.59,1.0,1.0104672235804,E47015E640592CD88AC831E732742867DF5AD3A7918D63F24C64D5ED574C725F
X,14.6,1.0,1.00916173674107,E47015E640592CD88AC831E732742867DF5AD3A7918D63F24C64D5ED574C725F
X,14.61,1.0,1.00786781565416,E47015E640592CD88AC831E732742867DF5AD3A7918D63F24C64D5ED574C725F
X,14.62,1.0,1.00658552731176,E47015E640592CD88AC831E732742867DF5AD3A7918D63F24C64D5ED574C725F
X,14.63,1.0,1.00531493559081,E47015E640592CD88AC831E732742867DF5AD3A7918D63F24C64D5ED574C725F
X,14.64,1.0,1.00405610124595,E47015E640592CD88AC831E732742867DF5AD3A7918D63F24C64D5ED574C725F
X,14.65,1.0,1.00280908190233,E47015E640592CD88AC831E732742867DF5AD3A7918D63F24C64D5ED574C725F
X,14.66,1.0,1.00157393204843,E47015E640592CD88AC831E732742867DF5AD3A7918D63F24C64D5ED574C725F
X,14.67,1.0,1.00035070302887,E47015E640592CD88AC831E732742867DF5AD3A7918D63F24C64D5ED574C725F
X,14.68,1.0,0.999139443037284,E47015E640592CD88AC831E732742867DF5AD3A7918D63F24C64D5ED574C725F
X,14.69,1.0,0.997940197109085,E47015E640592CD88AC831E732742867DF5AD3A7918D63F24C64D5ED574C725F
X,14.7,1.0,0.99675300711432,E47015E640592CD88AC831E732742867DF5AD3A7918D63F24C64D5ED574C725F
X,14.71,1.0,0.995577911750485,E47015E640592CD88AC831E732742867DF5AD3A7918D63F24C64D5ED574C725F
X,14.72,1.0,0.994416115829842,E47015E640592CD88AC831E732742867DF5AD3A7918D63F24C64D5ED574C725F
X,14.73,1.0,0.993266745761829,E47015E640592CD88AC831E732742867DF5AD3A7918D63F24C64D5ED574C725F
X,14.74,1.0,0.992129786615257,E47015E640592CD88AC831E732742867DF5AD3A7918D63F24C64D5ED574C725F
X,14.75,1.0,0.991005281680161,E47015E640592CD88AC831E732742867DF5AD3A7918D63F24C64D5ED574C725F
X,14.76,1.0,0.989893271787136,E47015E640592CD88AC831E732742867DF5AD3A7918D63F24C64D5ED574C725F
X,14.77,1.0,0.988793795314265,E47015E640592CD88AC831E732742867DF5AD3A7918D63F24C64D5ED574C725F
X,14.78,1.0,0.987706888194056,E47015E640592CD88AC831E732742867DF5AD3A7918D63F24C64D5ED574C725F
X,14.79,1.0,0.986632583920369,E47015E640592CD88AC831E732742867DF5AD3A7918D63F24C64D5ED574C725F
X,14.8,1.0,0.985570913555349,E47015E640592CD88AC831E732742867DF5AD3A7918D63F24C64D5ED574C725F
X,14.81,1.0,0.984521905736362,E47015E640592CD88AC831E732742867DF5AD3A7918D63F24C64D5ED574C725F
X,14.82,1.0,0.98348558668292,E47015E640592CD88AC831E732742867DF5AD3A7918D63F24C64D5ED574C725F
X,14.83,1.0,0.982461980203619,E47015E640592CD88AC831E732742867DF5AD3A7918D63F24C64D5ED574C725F
X,14.84,1.0,0.981451107703066,E47015E640592CD88AC831E732742867DF5AD3A7918D63F24C64D5ED574C725F
X,14.85,1.0,0.980452988188815,E47015E640592CD88AC831E732742867DF5AD3A7918D63F24C64D5ED574C725F
X,14.86,1.0,0.979467638278295,E47015E640592CD88AC831E732742867DF5AD3A7918D63F24C64D5ED574C725F
X,14.87,1.0,0.978495072205744,E47015E640592CD88AC831E732742867DF5AD3A7918D63F24C64D5ED574C725F
X,14.88,1.0,0.977535301829142,E47015E640592CD88AC831E732742867DF5AD3A7918D63F24C64D5ED574C725F
X,14.89,1.0,0.976588336637139,E47015E640592CD88AC831E732742867DF5AD3A7918D63F24C64D5ED574C725F
X,14.9,1.0,0.97565418375599,E47015E640592CD88AC831E732742867DF5AD3A7918D63F24C64D5ED574C725F
X,14.91,1.0,0.974732847956487,E47015E640592CD88AC831E732742867DF5AD3A7918D63F24C64D5ED574C725F
X,14.92,1.0,0.973824331660888,E47015E640592CD88AC831E732742867DF5AD3A7918D63F24C64D5ED574C725F
X,14.93,1.0,0.972928634949851,E47015E640592CD88AC831E732742867DF5AD3A7918D63F24C64D5ED574C725F
X,14.94,1.0,0.972045755569366,E47015E640592CD88AC831E732742867DF5AD3A7918D63F24C64D5ED574C725F
X,14.95,1.0,0.971175688937685,E47015E640592CD88AC831E732742867DF5AD3A7918D63F24C64D5ED574C725F
X,14.96,1.0,0.970318428152257,E47015E640592CD88AC831E732742867DF5AD3A7918D63F24C64D5ED574C725F
X,14.97,1.0,0.969473963996655,E47015E640592CD88AC831E732742867DF5AD3A7918D63F24C64D5ED574C725F
X,14.98,1.0,0.968642839325171,E47015E640592CD88AC831E732742867DF5AD3A7918D63F24C64D5ED574C725F
X,14.99,1.0,0.967824746372135,E47015E640592CD88AC831E732742867DF5AD3A7918D63F24C64D5ED574C725F
X,15.0,1.0,0.96701953236637,E47015E640592CD88AC831E732742867DF5AD3A7918D63F24C64D5ED574C725F
X,15.01,1.0,0.966227188557198,E47015E640592CD88AC831E732742867DF5AD3A7918D63F24C64D5ED574C725F
X,15.02,1.0,0.965447704324095,E47015E640592CD88AC831E732742867DF5AD3A7918D63F24C64D5ED574C725F
X,15.03,1.0,0.964681067191184,E47015E640592CD88AC831E732742867DF5AD3A7918D63F24C64D5ED574C725F
X,15.04,1.0,0.963927262841732,E47015E640592CD88AC831E732742867DF5AD3A7918D63F24C64D5ED574C725F
X,15.05,1.0,0.963186275132647,E47015E640592CD88AC831E732742867DF5AD3A7918D63F24C64D5ED574C725F
X,15.06,1.0,0.962458086108975,E47015E640592CD88AC831E732742867DF5AD3A7918D63F24C64D5ED574C725F
X,15.07,1.0,0.961742676018398,E47015E640592CD88AC831E732742867DF5AD3A7918D63F24C64D5ED574C725F
X,15.08,1.0,0.96104002332573,E47015E640592CD88AC831E732742867DF5AD3A7918D63F24C64D5ED574C725F
X,15.09,1.0,0.960350104727411,E47015E640592CD88AC831E732742867DF5AD3A7918D63F24C64D5ED574C725F
X,15.1,1.0,0.959672895166009,E47015E640592CD88AC831E732742867DF5AD3A7918D63F24C64D5ED574C725F
X,15.11,1.0,0.959008367844714,E47015E640592CD88AC831E732742867DF5AD3A7918D63F24C64D5ED574C725F
X,15.12,1.0,0.958356494241833,E47015E640592CD88AC831E732742867DF5AD3A7918D63F24C64D5ED574C725F
X,15.13,1.0,0.957717244125291,E47015E640592CD88AC831E732742867DF5AD3A7918D63F24C64D5ED574C725F
X,15.14,1.0,0.957090585567124,E47015E640592CD88AC831E732742867DF5AD3A7918D63F24C64D5ED574C725F
X,15.15,1.0,0.956476484957978,E47015E640592CD88AC831E732742867DF5AD3A7918D63F24C64D5ED574C725F
X,15.16,1.0,0.955874907021606,E47015E640592CD88AC831E732742867DF5AD3A7918D63F24C64D5ED574C725F
X,15.17,1.0,0.955285814829363,E47015E640592CD88AC831E732742867DF5AD3A7918D63F24C64D5ED574C725F
X,15.18,1.0,0.954709169814705,E47015E640592CD88AC831E732742867DF5AD3A7918D63F24C64D5ED574C725F
X,15.19,1.0,0.954144931787682,E47015E640592CD88AC831E732742867DF5AD3A7918D63F24C64D5ED574C725F
X,15.2,1.0,0.953593058949441,E47015E640592CD88AC831E732742867DF5AD3A7918D63F24C64D5ED574C725F
X,15.21,1.0,0.953053507906718,E47015E640592CD88AC831E732742867DF5AD3A7918D63F24C64D5ED574C725F
X,15.22,1.0,0.952526233686334,E47015E640592CD88AC831E732742867DF5AD3A7918D63F24C64D5ED574C725F
X,15.23,1.0,0.952011189749697,E47015E640592CD88AC831E732742867DF5AD3A7918D63F24C64D5ED574C725F
X,15.24,1.0,0.951508328007294,E47015E640592CD88AC831E732742867DF5AD3A7918D63F24C64D5ED574C725F
X,15.25,1.0,0.951017839842579,E47015E640592CD88AC831E732742867DF5AD3A7918D63F24C64D5ED574C725F
X,15.26,1.0,0.950539504889163,E47015E640592CD88AC831E732742867DF5AD3A7918D63F24C64D5ED574C725F
X,15.27,1.0,0.950073244784093,E47015E640592CD88AC831E732742867DF5AD3A7918D63F24C64D5ED574C725F
X,15.28,1.0,0.94961900887901,E47015E640592CD88AC831E732742867DF5AD3A7918D63F24C64D5ED574C725F
X,15.29,1.0,0.949176745191942,E47015E640592CD88AC831E732742867DF5AD3A7918D63F24C64D5ED574C725F
X,15.3,1.0,0.948746400424416,E47015E640592CD88AC831E732742867DF5AD3A7918D63F24C64D5ED574C725F
X,15.31,1.0,0.948327919978569,E47015E640592CD88AC831E732742867DF5AD3A7918D63F24C64D5ED574C725F
X,15.32,1.0,0.947921247974255,E47015E640592CD88AC831E732742867DF5AD3A7918D63F24C64D5ED574C725F
X,15.33,1.0,0.947526327266157,E47015E640592CD88AC831E732742867DF5AD3A7918D63F24C64D5ED574C725F
X,15.34,1.0,0.947143099460901,E47015E640592CD88AC831E732742867DF5AD3A7918D63F24C64D5ED574C725F
X,15.35,1.0,0.94677150493416,E47015E640592CD88AC831E732742867DF5AD3A7918D63F24C64D5ED574C725F
X,15.36,1.0,0.946411482847771,E47015E640592CD88AC831E732742867DF5AD3A7918D63F24C64D5ED574C725F
X,15.37,1.0,0.946062971166838,E47015E640592CD88AC831E732742867DF5AD3A7918D63F24C64D5ED574C725F
X,15.38,1.0,0.945725906676851,E47015E640592CD88AC831E732742867DF5AD3A7918D63F24C64D5ED574C725F
X,15.39,1.0,0.945400225000789,E47015E640592CD88AC831E732742867DF5AD3A7918D63F24C64D5ED574C725F
X,15.4,1.0,0.945085860616234,E47015E640592CD88AC831E732742867DF5AD3A7918D63F24C64D5ED574C725F
X,15.41,1.0,0.944782746872483,E47015E640592CD88AC831E732742867DF5AD3A7918D63F24C64D5ED574C725F
X,15.42,1.0,0.944490816007652,E47015E640592CD88AC831E732742867DF5AD3A7918D63F24C64D5ED574C725F
X,15.43,1.0,0.944209999165794,E47015E640592CD88AC831E732742867DF5AD3A7918D63F24C64D5ED574C725F
X,15.44,1.0,0.943940226414005,E47015E640592CD88AC831E732742867DF5AD3A7918D63F24C64D5ED574C725F
X,15.45,1.0,0.943681426759536,E47015E640592CD88AC831E732742867DF5AD3A7918D63F24C64D5ED574C725F
X,15.46,1.0,0.943433528166902,E47015E640592CD88AC831E732742867DF5AD3A7918D63F24C64D5ED574C725F
X,15.47,1.0,0.943196457574993,E47015E640592CD88AC831E732742867DF5AD3A7918D63F24C64D5ED574C725F
X,15.48,1.0,0.942970140914186,E47015E640592CD88AC831E732742867DF5AD3A7918D63F24C64D5ED574C725F
X,15.49,1.0,0.942754503123454,E47015E640592CD88AC831E732742867DF5AD3A7918D63F24C64D5ED574C725F
X,15.5,1.0,0.942549468167475,E47015E640592CD88AC831E732742867DF5AD3A7918D63F24C64D5ED574C725F
X,15.51,1.0,0.942354959053745,E47015E640592CD88AC831E732742867DF5AD3A7918D63F24C64D5ED574C725F
X,15.52,1.0,0.942170899697764,E47015E640592CD88AC831E732742867DF5AD3A7918D63F24C64D5ED574C725F
X,15.53,1.0,0.941997383573738,E47015E640592CD88AC831E732742867DF5AD3A7918D63F24C64D5ED574C725F
X,15.54,1.0,0.941834183457701,E47015E640592CD88AC831E732742867DF5AD3A7918D63F24C64D5ED574C725F
X,15.55,1.0,0.94168122072794,E47015E640592CD88AC831E732742867DF5AD3A7918D63F24C64D5ED574C725F
X,15.56,1.0,0.941538415974359,E47015E640592CD88AC831E732742867DF5AD3A7918D63F24C64D5ED574C725F
X,15.57,1.0,0.941405689017074,E47015E640592CD88AC831E732742867DF5AD3A7918D63F24C64D5ED574C725F
X,15.58,1.0,0.941282958925012,E47015E640592CD88AC831E732742867DF5AD3A7918D63F24C64D5ED574C725F
X,15.59,1.0,0.941170144034503,E47015E640592CD88AC831E732742867DF5AD3A7918D63F24C64D5ED574C725F
X,15.6,1.0,0.941067161967877,E47015E640592CD88AC831E732742867DF5AD3A7918D63F24C64D5ED574C725F
X,15.61,1.0,0.940973929652058,E47015E640592CD88AC831E732742867DF5AD3A7918D63F24C64D5ED574C725F
X,15.62,1.0,0.940890363337165,E47015E640592CD88AC831E732742867DF5AD3A7918D63F24C64D5ED574C725F
X,15.63,1.0,0.940816378615101,E47015E640592CD88AC831E732742867DF5AD3A7918D63F24C64D5ED574C725F
X,15.64,1.0,0.940751890438152,E47015E640592CD88AC831E732742867DF5AD3A7918D63F24C64D5ED574C725F
X,15.65,1.0,0.940696813137583,E47015E640592CD88AC831E732742867DF5AD3A7918D63F24C64D5ED574C725F
X,15.66,1.0,0.940651060442233,E47015E640592CD88AC831E732742867DF5AD3A7918D63F24C64D5ED574C725F
X,15.67,1.0,0.940614545497108,E47015E640592CD88AC831E732742867DF5AD3A7918D63F24C64D5ED574C725F
X,15.68,1.0,0.940587180881983,E47015E640592CD88AC831E732742867DF5AD3A7918D63F24C64D5ED574C725F
X,15.69,1.0,0.940568878629992,E47015E640592CD88AC831E732742867DF5AD3A7918D63F24C64D5ED574C725F
X,15.7,1.0,0.940559550246223,E47015E640592CD88AC831E732742867DF5AD3A7918D63F24C64D5ED574C725F
X,15.71,1.0,0.94055910672632,E47015E640592CD88AC831E732742867DF5AD3A7918D63F24C64D5ED574C725F
X,15.72,1.0,0.940567458575074,E47015E640592CD88AC831E732742867DF5AD3A7918D63F24C64D5ED574C725F
X,15.73,1.0,0.940584515825016,E47015E640592CD88AC831E732742867DF5AD3A7918D63F24C64D5ED574C725F
X,15.74,1.0,0.94061018805502,E47015E640592CD88AC831E732742867DF5AD3A7918D63F24C64D5ED574C725F
X,15.75,1.0,0.940644384408893,E47015E640592CD88AC831E732742867DF5AD3A7918D63F24C64D5ED574C725F
X,15.76,1.0,0.940687013613972,E47015E640592CD88AC831E732742867DF5AD3A7918D63F24C64D5ED574C725F
X,15.77,1.0,0.94073798399972,E47015E640592CD88AC831E732742867DF5AD3A7918D63F24C64D5ED574C725F
X,15.78,1.0,0.940797203516323,E47015E640592CD88AC831E732742867DF5AD3A7918D63F24C64D5ED574C725F
X,15.79,1.0,0.940864579753282,E47015E640592CD88AC831E732742867DF5AD3A7918D63F24C64D5ED574C725F
X,15.8,1.0,0.940940019958013,E47015E640592CD88AC831E732742867DF5AD3A7918D63F24C64D5ED574C725F
X,15.81,1.0,0.941023431361591,E47015E640592CD88AC831E732742867DF5AD3A7918D63F24C64D5ED574C725F
X,15.82,1.0,0.941114842226085,E47015E640592CD88AC831E732742867DF5AD3A7918D63F24C64D5ED574C725F
X,15.83,1.0,0.941214054819898,E47015E640592CD88AC831E732742867DF5AD3A7918D63F24C64D5ED574C725F
X,15.84,1.0,0.941320976518915,E47015E640592CD88AC831E732742867DF5AD3A7918D63F24C64D5ED574C725F
X,15.85,1.0,0.941435514501906,E47015E640592CD88AC831E732742867DF5AD3A7918D63F24C64D5ED574C725F
X,15.86,1.0,0.941557575770026,E47015E640592CD88AC831E732742867DF5AD3A7918D63F24C64D5ED574C725F
X,15.87,1.0,0.941687067166308,E47015E640592CD88AC831E732742867DF5AD3A7918D63F24C64D5ED574C725F
X,15.88,1.0,0.941823895395151,E47015E640592CD88AC831E732742867DF5AD3A7918D63F24C64D5ED574C725F
X,15.89,1.0,0.941967967041821,E47015E640592CD88AC831E732742867DF5AD3A7918D63F24C64D5ED574C725F
X,15.9,1.0,0.942119188591937,E47015E640592CD88AC831E732742867DF5AD3A7918D63F24C64D5ED574C725F
X,15.91,1.0,0.942277466450969,E47015E640592CD88AC831E732742867DF5AD3A7918D63F24C64D5ED574C725F
X,15.92,1.0,0.942442706963729,E47015E640592CD88AC831E732742867DF5AD3A7918D63F24C64D5ED574C725F
X,15.93,1.0,0.942614816433868,E47015E640592CD88AC831E732742867DF5AD3A7918D63F24C64D5ED574C725F
X,15.94,1.0,0.942793701143364,E47015E640592CD88AC831E732742867DF5AD3A7918D63F24C64D5ED574C725F
X,15.95,1.0,0.942979267372019,E47015E640592CD88AC831E732742867DF5AD3A7918D63F24C64D5ED574C725F
X,15.96,1.0,0.943171421416951,E47015E640592CD88AC831E732742867DF5AD3A7918D63F24C64D5ED574C725F
X,15.97,1.0,0.943370069612087,E47015E640592CD88AC831E732742867DF5AD3A7918D63F24C64D5ED574C725F
X,15.98,1.0,0.94357511834766,E47015E640592CD88AC831E732742867DF5AD3A7918D63F24C64D5ED574C725F
X,15.99,1.0,0.943786474089695,E47015E640592CD88AC831E732742867DF5AD3A7918D63F24C64D5ED574C725F
X,16.0,1.0,0.94400404339951,E47015E640592CD88AC831E732742867DF5AD3A7918D63F24C64D5ED574C725F
X,16.01,1.0,0.944227732953204,E47015E640592CD88AC831E732742867DF5AD3A7918D63F24C64D5ED574C725F
X,16.02,1.0,0.944457449561154,E47015E640592CD88AC831E732742867DF5AD3A7918D63F24C64D5ED574C725F
X,16.03,1.0,0.944693100187505,E47015E640592CD88AC831E732742867DF5AD3A7918D63F24C64D5ED574C725F
X,16.04,1.0,0.944934591969666,E47015E640592CD88AC831E732742867DF5AD3A7918D63F24C64D5ED574C725F
X,16.05,1.0,0.945181832237804,E47015E640592CD88AC831E732742867DF5AD3A7918D63F24C64D5ED574C725F
X,16.06,1.0,0.945434728534331,E47015E640592CD88AC831E732742867DF5AD3A7918D63F24C64D5ED574C725F
X,16.07,1.0,0.945693188633407,E47015E640592CD88AC831E732742867DF5AD3A7918D63F24C64D5ED574C725F
X,16.08,1.0,0.945957120560426,E47015E640592CD88AC831E732742867DF5AD3A7918D63F24C64D5ED574C725F
X,16.09,1.0,0.946226432611512,E47015E640592CD88AC831E732742867DF5AD3A7918D63F24C64D5ED574C725F
X,16.1,1.0,0.946501033373011,E47015E640592CD88AC831E732742867DF5AD3A7918D63F24C64D5ED574C725F
X,16.11,1.0,0.946780831740987,E47015E640592CD88AC831E732742867DF5AD3A7918D63F24C64D5ED574C725F
X,16.12,1.0,0.947065735298251,E47015E640592CD88AC831E732742867DF5AD3A7918D63F24C64D5ED574C725F
X,16.13,1.0,0.947355394009839,E47015E640592CD88AC831E732742867DF5AD3A7918D63F24C64D5ED574C725F
X,16.14,1.0,0.947649942749478,E47015E640592CD88AC831E732742867DF5AD3A7918D63F24C64D5ED574C725F
X,16.15,1.0,0.947949289321794,E47015E640592CD88AC831E732742867DF5AD3A7918D63F24C64D5ED574C725F
X,16.16,1.0,0.94825334184328,E47015E640592CD88AC831E732742867DF5AD3A7918D63F24C64D5ED574C725F
X,16.17,1.0,0.948562008760217,E47015E640592CD88AC831E732742867DF5AD3A7918D63F24C64D5ED574C725F
X,16.18,1.0,0.9488751988666,E47015E640592CD88AC831E732742867DF5AD3A7918D63F24C64D5ED574C725F
X,16.19,1.0,0.949192821322064,E47015E640592CD88AC831E732742867DF5AD3A7918D63F24C64D5ED574C725F
X,16.2,1.0,0.949514785669805,E47015E640592CD88AC831E732742867DF5AD3A7918D63F24C64D5ED574C725F
X,16.21,1.0,0.949841001854504,E47015E640592CD88AC831E732742867DF5AD3A7918D63F24C64D5ED574C725F
X,16.22,1.0,0.950171380240253,E47015E640592CD88AC831E732742867DF5AD3A7918D63F24C64D5ED574C725F
X,16.23,1.0,0.950505831628478,E47015E640592CD88AC831E732742867DF5AD3A7918D63F24C64D5ED574C725F
X,16.24,1.0,0.950844267275863,E47015E640592CD88AC831E732742867DF5AD3A7918D63F24C64D5ED574C725F
X,16.25,1.0,0.951186598912273,E47015E640592CD88AC831E732742867DF5AD3A7918D63F24C64D5ED574C725F
X,16.26,1.0,0.951532738758679,E47015E640592CD88AC831E732742867DF5AD3A7918D63F24C64D5ED574C725F
X,16.27,1.0,0.951882599545084,E47015E640592CD88AC831E732742867DF5AD3A7918D63F24C64D5ED574C725F
X,16.28,1.0,0.952236094528442,E47015E640592CD88AC831E732742867DF5AD3A7918D63F24C64D5ED574C725F
X,16.29,1.0,0.952593137510587,E47015E640592CD88AC831E732742867DF5AD3A7918D63F24C64D5ED574C725F
X,16.3,1.0,0.952953642856154,E47015E640592CD88AC831E732742867DF5AD3A7918D63F24C64D5ED574C725F
X,16.31,1.0,0.953317525510505,E47015E640592CD88AC831E732742867DF5AD3A7918D63F24C64D5ED574C725F
X,16.32,1.0,0.953684701017648,E47015E640592CD88AC831E732742867DF5AD3A7918D63F24C64D5ED574C725F
X,16.33,1.0,0.954055085538171,E47015E640592CD88AC831E732742867DF5AD3A7918D63F24C64D5ED574C725F
X,16.34,1.0,0.954428595867154,E47015E640592CD88AC831E732742867DF5AD3A7918D63F24C64D5ED574C725F
X,16.35,1.0,0.954805149452102,E47015E640592CD88AC831E732742867DF5AD3A7918D63F24C64D5ED574C725F
X,16.36,1.0,0.955184664410866,E47015E640592CD88AC831E732742867DF5AD3A7918D63F24C64D5ED574C725F
X,16.37,1.0,0.955567059549566,E47015E640592CD88AC831E732742867DF5AD3A7918D63F24C64D5ED574C725F
X,16.38,1.0,0.955952254380515,E47015E640592CD88AC831E732742867DF5AD3A7918D63F24C64D5ED574C725F
X,16.39,1.0,0.956340169140145,E47015E640592CD88AC831E732742867DF5AD3A7918D63F24C64D5ED574C725F
X,16.4,1.0,0.956730724806928,E47015E640592CD88AC831E732742867DF5AD3A7918D63F24C64D5ED574C725F
X,16.41,1.0,0.957123843119305,E47015E640592CD88AC831E732742867DF5AD3A7918D63F24C64D5ED574C725F
X,16.42,1.0,0.957519446593604,E47015E640592CD88AC831E732742867DF5AD3A7918D63F24C64D5ED574C725F
X,16.43,1.0,0.957917458541968,E47015E640592CD88AC831E732742867DF5AD3A7918D63F24C64D5ED574C725F
X,16.44,1.0,0.958317683189222,E47015E640592CD88AC831E732742867DF5AD3A7918D63F24C64D5ED574C725F
X,16.45,1.0,0.958719543449753,E47015E640592CD88AC831E732742867DF5AD3A7918D63F24C64D5ED574C725F
X,16.46,1.0,0.959123489279037,E47015E640592CD88AC831E732742867DF5AD3A7918D63F24C64D5ED574C725F
X,16.47,1.0,0.959529440846196,E47015E640592CD88AC831E732742867DF5AD3A7918D63F24C64D5ED574C725F
X,16.48,1.0,0.959937318970716,E47015E640592CD88AC831E732742867DF5AD3A7918D63F24C64D5ED574C725F
X,16.49,1.0,0.960347045136663,E47015E640592CD88AC831E732742867DF5AD3A7918D63F24C64D5ED574C725F
X,16.5,1.0,0.960758541506899,E47015E640592CD88AC831E732742867DF5AD3A7918D63F24C64D5ED574C725F
X,16.51,1.0,0.961171730937301,E47015E640592CD88AC831E732742867DF5AD3A7918D63F24C64D5ED574C725F
X,16.52,1.0,0.961586536990979,E47015E640592CD88AC831E732742867DF5AD3A7918D63F24C64D5ED574C725F
X,16.53,1.0,0.962002883952491,E47015E640592CD88AC831E732742867DF5AD3A7918D63F24C64D5ED574C725F
X,16.54,1.0,0.962420696842063,E47015E640592CD88AC831E732742867DF5AD3A7918D63F24C64D5ED574C725F
X,16.55,1.0,0.962839901429801,E47015E640592CD88AC831E732742867DF5AD3A7918D63F24C64D5ED574C725F
X,16.56,1.0,0.963260424249915,E47015E640592CD88AC831E732742867DF5AD3A7918D63F24C64D5ED574C725F
X,16.57,1.0,0.963682192614931,E47015E640592CD88AC831E732742867DF5AD3A7918D63F24C64D5ED574C725F
X,16.58,1.0,0.964105134629909,E47015E640592CD88AC831E732742867DF5AD3A7918D63F24C64D5ED574C725F
X,16.59,1.0,0.964529179206664,E47015E640592CD88AC831E732742867DF5AD3A7918D63F24C64D5ED574C725F
X,16.6,1.0,0.964954256077979,E47015E640592CD88AC831E732742867DF5AD3A7918D63F24C64D5ED574C725F
X,16.61,1.0,0.965380295811821,E47015E640592CD88AC831E732742867DF5AD3A7918D63F24C64D5ED574C725F
X,16.62,1.0,0.965807229825565,E47015E640592CD88AC831E732742867DF5AD3A7918D63F24C64D5ED574C725F
X,16.63,1.0,0.966234990400204,E47015E640592CD88AC831E732742867DF5AD3A7918D63F24C64D5ED574C725F
X,16.64,1.0,0.96666351069457,E47015E640592CD88AC831E732742867DF5AD3A7918D63F24C64D5ED574C725F
X,16.65,1.0,0.967092724759549,E47015E640592CD88AC831E732742867DF5AD3A7918D63F24C64D5ED574C725F
X,16.66,1.0,0.967522567552302,E47015E640592CD88AC831E732742867DF5AD3A7918D63F24C64D5ED574C725F
X,16.67,1.0,0.967952974950478,E47015E640592CD88AC831E732742867DF5AD3A7918D63F24C64D5ED574C725F
X,16.68,1.0,0.968383883766432,E47015E640592CD88AC831E732742867DF5AD3A7918D63F24C64D5ED574C725F
X,16.69,1.0,0.968815231761444,E47015E640592CD88AC831E732742867DF5AD3A7918D63F24C64D5ED574C725F
X,16.7,1.0,0.969246957659936,E47015E640592CD88AC831E732742867DF5AD3A7918D63F24C64D5ED574C725F
X,16.71,1.0,0.969679001163686,E47015E640592CD88AC831E732742867DF5AD3A7918D63F24C64D5ED574C725F
X,16.72,1.0,0.970111302966051,E47015E640592CD88AC831E732742867DF5AD3A7918D63F24C64D5ED574C725F
X,16.73,1.0,0.970543804766177,E47015E640592CD88AC831E732742867DF5AD3A7918D63F24C64D5ED574C725F
X,16.74,1.0,0.970976449283222,E47015E640592CD88AC831E732742867DF5AD3A7918D63F24C64D5ED574C725F
X,16.75,1.0,0.971409180270571,E47015E640592CD88AC831E732742867DF5AD3A7918D63F24C64D5ED574C725F
X,16.76,1.0,0.971841942530053,E47015E640592CD88AC831E732742867DF5AD3A7918D63F24C64D5ED574C725F
X,16.77,1.0,0.972274157935257,E47015E640592CD88AC831E732742867DF5AD3A7918D63F24C64D5ED574C725F
X,16.78,1.0,0.9727056582676,E47015E640592CD88AC831E732742867DF5AD3A7918D63F24C64D5ED574C725F
X,16.79,1.0,0.973136884711793,E47015E640592CD88AC831E732742867DF5AD3A7918D63F24C64D5ED574C725F
X,16.8,1.0,0.973567777080966,E47015E640592CD88AC831E732742867DF5AD3A7918D63F24C64D5ED574C725F
X,16.81,1.0,0.97399827598382,E47015E640592CD88AC831E732742867DF5AD3A7918D63F24C64D5ED574C725F
X,16.82,1.0,0.97442832283393,E47015E640592CD88AC831E732742867DF5AD3A7918D63F24C64D5ED574C725F
X,16.83,1.0,0.974857859859051,E47015E640592CD88AC831E732742867DF5AD3A7918D63F24C64D5ED574C725F
X,16.84,1.0,0.97528683011042,E47015E640592CD88AC831E732742867DF5AD3A7918D63F24C64D5ED574C725F
X,16.85,1.0,0.975715177472063,E47015E640592CD88AC831E732742867DF5AD3A7918D63F24C64D5ED574C725F
X,16.86,1.0,0.976142846670099,E47015E640592CD88AC831E732742867DF5AD3A7918D63F24C64D5ED574C725F
X,16.87,1.0,0.976569783282039,E47015E640592CD88AC831E732742867DF5AD3A7918D63F24C64D5ED574C725F
X,16.88,1.0,0.976995933746098,E47015E640592CD88AC831E732742867DF5AD3A7918D63F24C64D5ED574C725F
X,16.89,1.0,0.97742124537049,E47015E640592CD88AC831E732742867DF5AD3A7918D63F24C64D5ED574C725F
X,16.9,1.0,0.977845666342743,E47015E640592CD88AC831E732742867DF5AD3A7918D63F24C64D5ED574C725F
X,16.91,1.0,0.978269145738992,E47015E640592CD88AC831E732742867DF5AD3A7918D63F24C64D5ED574C725F
X,16.92,1.0,0.978691633533291,E47015E640592CD88AC831E732742867DF5AD3A7918D63F24C64D5ED574C725F
X,16.93,1.0,0.979113080606912,E47015E640592CD88AC831E732742867DF5AD3A7918D63F24C64D5ED574C725F
X,16.94,1.0,0.979533438757655,E47015E640592CD88AC831E732742867DF5AD3A7918D63F24C64D5ED574C725F
X,16.95,1.0,0.979952660709145,E47015E640592CD88AC831E732742867DF5AD3A7918D63F24C64D5ED574C725F
X,16.96,1.0,0.980370700120141,E47015E640592CD88AC831E732742867DF5AD3A7918D63F24C64D5ED574C725F
X,16.97,1.0,0.980787511593839,E47015E640592CD88AC831E732742867DF5AD3A7918D63F24C64D5ED574C725F
X,16.98,1.0,0.981203050687175,E47015E640592CD88AC831E732742867DF5AD3A7918D63F24C64D5ED574C725F
X,16.99,1.0,0.98161727392013,E47015E640592CD88AC831E732742867DF5AD3A7918D63F24C64D5ED574C725F
X,17.0,1.0,0.982030138785035,E47015E640592CD88AC831E732742867DF5AD3A7918D63F24C64D5ED574C725F
X,17.01,1.0,0.982441603755872,E47015E640592CD88AC831E732742867DF5AD3A7918D63F24C64D5ED574C725F
X,17.02,1.0,0.982851628297583,E47015E640592CD88AC831E732742867DF5AD3A7918D63F24C64D5ED574C725F
X,17.03,1.0,0.983260172875369,E47015E640592CD88AC831E732742867DF5AD3A7918D63F24C64D5ED574C725F
X,17.04,1.0,0.983667198963996,E47015E640592CD88AC831E732742867DF5AD3A7918D63F24C64D5ED574C725F
X,17.05,1.0,0.984072669057102,E47015E640592CD88AC831E732742867DF5AD3A7918D63F24C64D5ED574C725F
X,17.06,1.0,0.984476546676496,E47015E640592CD88AC831E732742867DF5AD3A7918D63F24C64D5ED574C725F
X,17.07,1.0,0.984878796381466,E47015E640592CD88AC831E732742867DF5AD3A7918D63F24C64D5ED574C725F
X,17.08,1.0,0.985279383778081,E47015E640592CD88AC831E732742867DF5AD3A7918D63F24C64D5ED574C725F
X,17.09,1.0,0.985678275528497,E47015E640592CD88AC831E732742867DF5AD3A7918D63F24C64D5ED574C725F
X,17.1,1.0,0.986075439360257,E47015E640592CD88AC831E732742867DF5AD3A7918D63F24C64D5ED574C725F
X,17.11,1.0,0.986470209186964,E47015E640592CD88AC831E732742867DF5AD3A7918D63F24C64D5ED574C725F
X,17.12,1.0,0.986862541185639,E47015E640592CD88AC831E732742867DF5AD3A7918D63F24C64D5ED574C725F
X,17.13,1.0,0.987252899729844,E47015E640592CD88AC831E732742867DF5AD3A7918D63F24C64D5ED574C725F
X,17.14,1.0,0.987641247331781,E47015E640592CD88AC831E732742867DF5AD3A7918D63F24C64D5ED574C725F
X,17.15,1.0,0.988027547294345,E47015E640592CD88AC831E732742867DF5AD3A7918D63F24C64D5ED574C725F
X,17.16,1.0,0.988411763715715,E47015E640592CD88AC831E732742867DF5AD3A7918D63F24C64D5ED574C725F
X,17.17,1.0,0.988793861493957,E47015E640592CD88AC831E732742867DF5AD3A7918D63F24C64D5ED574C725F
X,17.18,1.0,0.989173806331615,E47015E640592CD88AC831E732742867DF5AD3A7918D63F24C64D5ED574C725F
X,17.19,1.0,0.989551564740316,E47015E640592CD88AC831E732742867DF5AD3A7918D63F24C64D5ED574C725F
X,17.2,1.0,0.989927104045359,E47015E640592CD88AC831E732742867DF5AD3A7918D63F24C64D5ED574C725F
X,17.21,1.0,0.990300392390318,E47015E640592CD88AC831E732742867DF5AD3A7918D63F24C64D5ED574C725F
X,17.22,1.0,0.990671398741635,E47015E640592CD88AC831E732742867DF5AD3A7918D63F24C64D5ED574C725F
X,17.23,1.0,0.99104009289322,E47015E640592CD88AC831E732742867DF5AD3A7918D63F24C64D5ED574C725F
X,17.24,1.0,0.99140644547105,E47015E640592CD88AC831E732742867DF5AD3A7918D63F24C64D5ED574C725F
X,17.25,1.0,0.99177042793776,E47015E640592CD88AC831E732742867DF5AD3A7918D63F24C64D5ED574C725F
X,17.26,1.0,0.992132012597245,E47015E640592CD88AC831E732742867DF5AD3A7918D63F24C64D5ED574C725F
X,17.27,1.0,0.992491172599256,E47015E640592CD88AC831E732742867DF5AD3A7918D63F24C64D5ED574C725F
X,17.28,1.0,0.992847881943998,E47015E640592CD88AC831E732742867DF5AD3A7918D63F24C64D5ED574C725F
X,17.29,1.0,0.993202115486724,E47015E640592CD88AC831E732742867DF5AD3A7918D63F24C64D5ED574C725F
X,17.3,1.0,0.993553848942336,E47015E640592CD88AC831E732742867DF5AD3A7918D63F24C64D5ED574C725F
X,17.31,1.0,0.99390305888998,E47015E640592CD88AC831E732742867DF5AD3A7918D63F24C64D5ED574C725F
X,17.32,1.0,0.994249722777644,E47015E640592CD88AC831E732742867DF5AD3A7918D63F24C64D5ED574C725F
X,17.33,1.0,0.994593818926755,E47015E640592CD88AC831E732742867DF5AD3A7918D63F24C64D5ED574C725F
X,17.34,1.0,0.994935326536776,E47015E640592CD88AC831E732742867DF5AD3A7918D63F24C64D5ED574C725F
X,17.35,1.0,0.995274225689804,E47015E640592CD88AC831E732742867DF5AD3A7918D63F24C64D5ED574C725F
X,17.36,1.0,0.995610497355163,E47015E640592CD88AC831E732742867DF5AD3A7918D63F24C64D5ED574C725F
X,17.37,1.0,0.995944123394009,E47015E640592CD88AC831E732742867DF5AD3A7918D63F24C64D5ED574C725F
X,17.38,1.0,0.996275086563921,E47015E640592CD88AC831E732742867DF5AD3A7918D63F24C64D5ED574C725F
X,17.39,1.0,0.996603370523499,E47015E640592CD88AC831E732742867DF5AD3A7918D63F24C64D5ED574C725F
X,17.4,1.0,0.996928959836963,E47015E640592CD88AC831E732742867DF5AD3A7918D63F24C64D5ED574C725F
X,17.41,1.0,0.997251839978749,E47015E640592CD88AC831E732742867DF5AD3A7918D63F24C64D5ED574C725F
X,17.42,1.0,0.997571997338107,E47015E640592CD88AC831E732742867DF5AD3A7918D63F24C64D5ED574C725F
X,17.43,1.0,0.997889419223696,E47015E640592CD88AC831E732742867DF5AD3A7918D63F24C64D5ED574C725F
X,17.44,1.0,0.998204093868185,E47015E640592CD88AC831E732742867DF5AD3A7918D63F24C64D5ED574C725F
X,17.45,1.0,0.998516010432847,E47015E640592CD88AC831E732742867DF5AD3A7918D63F24C64D5ED574C725F
X,17.46,1.0,0.998825159012155,E47015E640592CD88AC831E732742867DF5AD3A7918D63F24C64D5ED574C725F
X,17.47,1.0,0.999130840384985,E47015E640592CD88AC831E732742867DF5AD3A7918D63F24C64D5ED574C725F
X,17.48,1.0,0.999433185759157,E47015E640592CD88AC831E732742867DF5AD3A7918D63F24C64D5ED574C725F
X,17.49,1.0,0.999732596504434,E47015E640592CD88AC831E732742867DF5AD3A7918D63F24C64D5ED574C725F
X,17.5,1.0,1.00002905810516,E47015E640592CD88AC831E732742867DF5AD3A7918D63F24C64D5ED574C725F
X,17.51,1.0,1.00032255673241,E47015E640592CD88AC831E732742867DF5AD3A7918D63F24C64D5ED574C725F
X,17.52,1.0,1.00061307924479,E47015E640592CD88AC831E732742867DF5AD3A7918D63F24C64D5ED574C725F
X,17.53,1.0,1.00090061318924,E47015E640592CD88AC831E732742867DF5AD3A7918D63F24C64D5ED574C725F
X,17.54,1.0,1.00118514680186,E47015E640592CD88AC831E732742867DF5AD3A7918D63F24C64D5ED574C725F
X,17.55,1.0,1.00146666900872,E47015E640592CD88AC831E732742867DF5AD3A7918D63F24C64D5ED574C725F
X,17.56,1.0,1.00174516942666,E47015E640592CD88AC831E732742867DF5AD3A7918D63F24C64D5ED574C725F
X,17.57,1.0,1.00202063836411,E47015E640592CD88AC831E732742867DF5AD3A7918D63F24C64D5ED574C725F
X,17.58,1.0,1.00229306682189,E47015E640592CD88AC831E732742867DF5AD3A7918D63F24C64D5ED574C725F
X,17.59,1.0,1.00256244649404,E47015E640592CD88AC831E732742867DF5AD3A7918D63F24C64D5ED574C725F
X,17.6,1.0,1.00282876976859,E47015E640592CD88AC831E732742867DF5AD3A7918D63F24C64D5ED574C725F
X,17.61,1.0,1.00309202972844,E47015E640592CD88AC831E732742867DF5AD3A7918D63F24C64D5ED574C725F
X,17.62,1.0,1.00335222015211,E47015E640592CD88AC831E732742867DF5AD3A7918D63F24C64D5ED574C725F
X,17.63,1.0,1.00360933551455,E47015E640592CD88AC831E732742867DF5AD3A7918D63F24C64D5ED574C725F
X,17.64,1.0,1.00386337098801,E47015E640592CD88AC831E732742867DF5AD3A7918D63F24C64D5ED574C725F
X,17.65,1.0,1.00411432244277,E47015E640592CD88AC831E732742867DF5AD3A7918D63F24C64D5ED574C725F
X,17.66,1.0,1.00436218644804,E47015E640592CD88AC831E732742867DF5AD3A7918D63F24C64D5ED574C725F
X,17.67,1.0,1.00460696027269,E47015E640592CD88AC831E732742867DF5AD3A7918D63F24C64D5ED574C725F
X,17.68,1.0,1.00484864188609,E47015E640592CD88AC831E732742867DF5AD3A7918D63F24C64D5ED574C725F
X,17.69,1.0,1.00508722995896,E47015E640592CD88AC831E732742867DF5AD3A7918D63F24C64D5ED574C725F
X,17.7,1.0,1.0053227238641,E47015E640592CD88AC831E732742867DF5AD3A7918D63F24C64D5ED574C725F
X,17.71,1.0,1.00555512367727,E47015E640592CD88AC831E732742867DF5AD3A7918D63F24C64D5ED574C725F
X,17.72,1.0,1.00578443017799,E47015E640592CD88AC831E732742867DF5AD3A7918D63F24C64D5ED574C725F
X,17.73,1.0,1.00601064485031,E47015E640592CD88AC831E732742867DF5AD3A7918D63F24C64D5ED574C725F
X,17.74,1.0,1.00623376988367,E47015E640592CD88AC831E732742867DF5AD3A7918D63F24C64D5ED574C725F
X,17.75,1.0,1.00645380817367,E47015E640592CD88AC831E732742867DF5AD3A7918D63F24C64D5ED574C725F
X,17.76,1.0,1.00667076332292,E47015E640592CD88AC831E732742867DF5AD3A7918D63F24C64D5ED574C725F
X,17.77,1.0,1.00688463964181,E47015E640592CD88AC831E732742867DF5AD3A7918D63F24C64D5ED574C725F
X,17.78,1.0,1.00709544214936,E47015E640592CD88AC831E732742867DF5AD3A7918D63F24C64D5ED574C725F
X,17.79,1.0,1.00730317657399,E47015E640592CD88AC831E732742867DF5AD3A7918D63F24C64D5ED574C725F
X,17.8,1.0,1.00750784935437,E47015E640592CD88AC831E732742867DF5AD3A7918D63F24C64D5ED574C725F
X,17.81,1.0,1.00770946764021,E47015E640592CD88AC831E732742867DF5AD3A7918D63F24C64D5ED574C725F
X,17.82,1.0,1.00790803929307,E47015E640592CD88AC831E732742867DF5AD3A7918D63F24C64D5ED574C725F
X,17.83,1.0,1.00810357288719,E47015E640592CD88AC831E732742867DF5AD3A7918D63F24C64D5ED574C725F
X,17.84,1.0,1.00829592688222,E47015E640592CD88AC831E732742867DF5AD3A7918D63F24C64D5ED574C725F
X,17.85,1.0,1.00848429708785,E47015E640592CD88AC831E732742867DF5AD3A7918D63F24C64D5ED574C725F
X,17.86,1.0,1.00866953340465,E47015E640592CD88AC831E732742867DF5AD3A7918D63F24C64D5ED574C725F
X,17.87,1.0,1.00885164009366,E47015E640592CD88AC831E732742867DF5AD3A7918D63F24C64D5ED574C725F
X,17.88,1.0,1.00903062191025,E47015E640592CD88AC831E732742867DF5AD3A7918D63F24C64D5ED574C725F
X,17.89,1.0,1.00920648410192,E47015E640592CD88AC831E732742867DF5AD3A7918D63F24C64D5ED574C725F
X,17.9,1.0,1.00937923240606,E47015E640592CD88AC831E732742867DF5AD3A7918D63F24C64D5ED574C725F
X,17.91,1.0,1.00954887304778,E47015E640592CD88AC831E732742867DF5AD3A7918D63F24C64D5ED574C725F
X,17.92,1.0,1.00971541273767,E47015E640592CD88AC831E732742867DF5AD3A7918D63F24C64D5ED574C725F
X,17.93,1.0,1.00987885866967,E47015E640592CD88AC831E732742867DF5AD3A7918D63F24C64D5ED574C725F
X,17.94,1.0,1.01003921851877,E47015E640592CD88AC831E732742867DF5AD3A7918D63F24C64D5ED574C725F
X,17.95,1.0,1.01019650043888,E47015E640592CD88AC831E732742867DF5AD3A7918D63F24C64D5ED574C725F
X,17.96,1.0,1.01035071306061,E47015E640592CD88AC831E732742867DF5AD3A7918D63F24C64D5ED574C725F
X,17.97,1.0,1.01050186548905,E47015E640592CD88AC831E732742867DF5AD3A7918D63F24C64D5ED574C725F
X,17.98,1.0,1.01064996730156,E47015E640592CD88AC831E732742867DF5AD3A7918D63F24C64D5ED574C725F
X,17.99,1.0,1.01079502854561,E47015E640592CD88AC831E732742867DF5AD3A7918D63F24C64D5ED574C725F
X,18.0,1.0,1.01093705973653,E47015E640592CD88AC831E732742867DF5AD3A7918D63F24C64D5ED574C725F
X,18.01,1.0,1.01107607185534,E47015E640592CD88AC831E732742867DF5AD3A7918D63F24C64D5ED574C725F
X,18.02,1.0,1.01121207634654,E47015E640592CD88AC831E732742867DF5AD3A7918D63F24C64D5ED574C725F
X,18.03,1.0,1.01134508511587,E47015E640592CD88AC831E732742867DF5AD3A7918D63F24C64D5ED574C725F
X,18.04,1.0,1.01147511052817,E47015E640592CD88AC831E732742867DF5AD3A7918D63F24C64D5ED574C725F
X,18.05,1.0,1.01160216540513,E47015E640592CD88AC831E732742867DF5AD3A7918D63F24C64D5ED574C725F
X,18.06,1.0,1.0117262630231,E47015E640592CD88AC831E732742867DF5AD3A7918D63F24C64D5ED574C725F
X,18.07,1.0,1.01184741711089,E47015E640592CD88AC831E732742867DF5AD3A7918D63F24C64D5ED574C725F
X,18.08,1.0,1.01196564184757,E47015E640592CD88AC831E732742867DF5AD3A7918D63F24C64D5ED574C725F
X,18.09,1.0,1.01208095186026,E47015E640592CD88AC831E732742867DF5AD3A7918D63F24C64D5ED574C725F
X,18.1,1.0,1.01219336222193,E47015E640592CD88AC831E732742867DF5AD3A7918D63F24C64D5ED574C725F
X,18.11,1.0,1.01230288844918,E47015E640592CD88AC831E732742867DF5AD3A7918D63F24C64D5ED574C725F
X,18.12,1.0,1.01240954650007,E47015E640592CD88AC831E732742867DF5AD3A7918D63F24C64D5ED574C725F
X,18.13,1.0,1.0125133527719,E47015E640592CD88AC831E732742867DF5AD3A7918D63F24C64D5ED574C725F
X,18.14,1.0,1.01261432409899,E47015E640592CD88AC831E732742867DF5AD3A7918D63F24C64D5ED574C725F
X,18.15,1.0,1.01271247775052,E47015E640592CD88AC831E732742867DF5AD3A7918D63F24C64D5ED574C725F
X,18.16,1.0,1.01280783142827,E47015E640592CD88AC831E732742867DF5AD3A7918D63F24C64D5ED574C725F
X,18.17,1.0,1.01290040326446,E47015E640592CD88AC831E732742867DF5AD3A7918D63F24C64D5ED574C725F
X,18.18,1.0,1.01299021181954,E47015E640592CD88AC831E732742867DF5AD3A7918D63F24C64D5ED574C725F
X,18.19,1.0,1.01307727607997,E47015E640592CD88AC831E732742867DF5AD3A7918D63F24C64D5ED574C725F
X,18.2,1.0,1.01316161545604,E47015E640592CD88AC831E732742867DF5AD3A7918D63F24C64D5ED574C725F
X,18.21,1.0,1.01324324977964,E47015E640592CD88AC831E732742867DF5AD3A7918D63F24C64D5ED574C725F
X,18.22,1.0,1.01332219930207,E47015E640592CD88AC831E732742867DF5AD3A7918D63F24C64D5ED574C725F
X,18.23,1.0,1.01339838808447,E47015E640592CD88AC831E732742867DF5AD3A7918D63F24C64D5ED574C725F
X,18.24,1.0,1.01347119424972,E47015E640592CD88AC831E732742867DF5AD3A7918D63F24C64D5ED574C725F
X,18.25,1.0,1.01354128833727,E47015E640592CD88AC831E732742867DF5AD3A7918D63F24C64D5ED574C725F
X,18.26,1.0,1.01360868730587,E47015E640592CD88AC831E732742867DF5AD3A7918D63F24C64D5ED574C725F
X,18.27,1.0,1.01367340837559,E47015E640592CD88AC831E732742867DF5AD3A7918D63F24C64D5ED574C725F
X,18.28,1.0,1.01373546902367,E47015E640592CD88AC831E732742867DF5AD3A7918D63F24C64D5ED574C725F
X,18.29,1.0,1.01379488698041,E47015E640592CD88AC831E732742867DF5AD3A7918D63F24C64D5ED574C725F
X,18.3,1.0,1.01385168022507,E47015E640592CD88AC831E732742867DF5AD3A7918D63F24C64D5ED574C725F
X,18.31,1.0,1.01390586698176,E47015E640592CD88AC831E732742867DF5AD3A7918D63F24C64D5ED574C725F
X,18.32,1.0,1.01395746571529,E47015E640592CD88AC831E732742867DF5AD3A7918D63F24C64D5ED574C725F
X,18.33,1.0,1.0140064951271,E47015E640592CD88AC831E732742867DF5AD3A7918D63F24C64D5ED574C725F
X,18.34,1.0,1.01405297415112,E47015E640592CD88AC831E732742867DF5AD3A7918D63F24C64D5ED574C725F
X,18.35,1.0,1.01409692194967,E47015E640592CD88AC831E732742867DF5AD3A7918D63F24C64D5ED574C725F
X,18.36,1.0,1.01413835790933,E47015E640592CD88AC831E732742867DF5AD3A7918D63F24C64D5ED574C725F
X,18.37,1.0,1.01417730163684,E47015E640592CD88AC831E732742867DF5AD3A7918D63F24C64D5ED574C725F
X,18.38,1.0,1.01421377295498,E47015E640592CD88AC831E732742867DF5AD3A7918D63F24C64D5ED574C725F
X,18.39,1.0,1.01424779189846,E47015E640592CD88AC831E732742867DF5AD3A7918D63F24C64D5ED574C725F
X,18.4,1.0,1.01427937870979,E47015E640592CD88AC831E732742867DF5AD3A7918D63F24C64D5ED574C725F
X,18.41,1.0,1.0143085538352,E47015E640592CD88AC831E732742867DF5AD3A7918D63F24C64D5ED574C725F
X,18.42,1.0,1.0143353379205,E47015E640592CD88AC831E732742867DF5AD3A7918D63F24C64D5ED574C725F
X,18.43,1.0,1.01435975180695,E47015E640592CD88AC831E732742867DF5AD3A7918D63F24C64D5ED574C725F
X,18.44,1.0,1.01438181652719,E47015E640592CD88AC831E732742867DF5AD3A7918D63F24C64D5ED574C725F
X,18.45,1.0,1.0144015533011,E47015E640592CD88AC831E732742867DF5AD3A7918D63F24C64D5ED574C725F
X,18.46,1.0,1.01441898353169,E47015E640592CD88AC831E732742867DF5AD3A7918D63F24C64D5ED574C725F
X,18.47,1.0,1.01443412880097,E47015E640592CD88AC831E732742867DF5AD3A7918D63F24C64D5ED574C725F
X,18.48,1.0,1.01444701086588,E47015E640592CD88AC831E732742867DF5AD3A7918D63F24C64D5ED574C725F
X,18.49,1.0,1.01445765165412,E47015E640592CD88AC831E732742867DF5AD3A7918D63F24C64D5ED574C725F
X,18.5,1.0,1.01446607326008,E47015E640592CD88AC831E732742867DF5AD3A7918D63F24C64D5ED574C725F
X,18.51,1.0,1.0144722979407,E47015E640592CD88AC831E732742867DF5AD3A7918D63F24C64D5ED574C725F
X,18.52,1.0,1.01447634811137,E47015E640592CD88AC831E732742867DF5AD3A7918D63F24C64D5ED574C725F
X,18.53,1.0,1.01447824634182,E47015E640592CD88AC831E732742867DF5AD3A7918D63F24C64D5ED574C725F
X,18.54,1.0,1.01447801535198,E47015E640592CD88AC831E732742867DF5AD3A7918D63F24C64D5ED574C725F
X,18.55,1.0,1.01447567800791,E47015E640592CD88AC831E732742867DF5AD3A7918D63F24C64D5ED574C725F
X,18.56,1.0,1.01447125731762,E47015E640592CD88AC831E732742867DF5AD3A7918D63F24C64D5ED574C725F
X,18.57,1.0,1.01446477642704,E47015E640592CD88AC831E732742867DF5AD3A7918D63F24C64D5ED574C725F
X,18.58,1.0,1.01445625861583,E47015E640592CD88AC831E732742867DF5AD3A7918D63F24C64D5ED574C725F
X,18.59,1.0,1.01444572729331,E47015E640592CD88AC831E732742867DF5AD3A7918D63F24C64D5ED574C725F
X,18.6,1.0,1.01443320599434,E47015E640592CD88AC831E732742867DF5AD3A7918D63F24C64D5ED574C725F
X,18.61,1.0,1.01441871837519,E47015E640592CD88AC831E732742867DF5AD3A7918D63F24C64D5ED574C725F
X,18.62,1.0,1.01440228820943,E47015E640592CD88AC831E732742867DF5AD3A7918D63F24C64D5ED574C725F
X,18.63,1.0,1.01438393938385,E47015E640592CD88AC831E732742867DF5AD3A7918D63F24C64D5ED574C725F
X,18.64,1.0,1.01436354331909,E47015E640592CD88AC831E732742867DF5AD3A7918D63F24C64D5ED574C725F
X,18.65,1.0,1.01434107603438,E47015E640592CD88AC831E732742867DF5AD3A7918D63F24C64D5ED574C725F
X,18.66,1.0,1.01431672630362,E47015E640592CD88AC831E732742867DF5AD3A7918D63F24C64D5ED574C725F
X,18.67,1.0,1.01429051654757,E47015E640592CD88AC831E732742867DF5AD3A7918D63F24C64D5ED574C725F
X,18.68,1.0,1.01426246922632,E47015E640592CD88AC831E732742867DF5AD3A7918D63F24C64D5ED574C725F
X,18.69,1.0,1.01423260683452,E47015E640592CD88AC831E732742867DF5AD3A7918D63F24C64D5ED574C725F
X,18.7,1.0,1.01420095189666,E47015E640592CD88AC831E732742867DF5AD3A7918D63F24C64D5ED574C725F
X,18.71,1.0,1.01416752696222,E47015E640592CD88AC831E732742867DF5AD3A7918D63F24C64D5ED574C725F
X,18.72,1.0,1.01413235460095,E47015E640592CD88AC831E732742867DF5AD3A7918D63F24C64D5ED574C725F
X,18.73,1.0,1.01409545739806,E47015E640592CD88AC831E732742867DF5AD3A7918D63F24C64D5ED574C725F
X,18.74,1.0,1.01405685794946,E47015E640592CD88AC831E732742867DF5AD3A7918D63F24C64D5ED574C725F
X,18.75,1.0,1.01401657885699,E47015E640592CD88AC831E732742867DF5AD3A7918D63F24C64D5ED574C725F
X,18.76,1.0,1.01397464272364,E47015E640592CD88AC831E732742867DF5AD3A7918D63F24C64D5ED574C725F
X,18.77,1.0,1.01393107214877,E47015E640592CD88AC831E732742867DF5AD3A7918D63F24C64D5ED574C725F
X,18.78,1.0,1.01388588972334,E47015E640592CD88AC831E732742867DF5AD3A7918D63F24C64D5ED574C725F
X,18.79,1.0,1.01383911802514,E47015E640592CD88AC831E732742867DF5AD3A7918D63F24C64D5ED574C725F
X,18.8,1.0,1.01379077961398,E47015E640592CD88AC831E732742867DF5AD3A7918D63F24C64D5ED574C725F
X,18.81,1.0,1.01374089702699,E47015E640592CD88AC831E732742867DF5AD3A7918D63F24C64D5ED574C725F
X,18.82,1.0,1.01368949277376,E47015E640592CD88AC831E732742867DF5AD3A7918D63F24C64D5ED574C725F
X,18.83,1.0,1.01363658933162,E47015E640592CD88AC831E732742867DF5AD3A7918D63F24C64D5ED574C725F
X,18.84,1.0,1.01358220914084,E47015E640592CD88AC831E732742867DF5AD3A7918D63F24C64D5ED574C725F
X,18.85,1.0,1.01352637459988,E47015E640592CD88AC831E732742867DF5AD3A7918D63F24C64D5ED574C725F
X,18.86,1.0,1.01346910806057,E47015E640592CD88AC831E732742867DF5AD3A7918D63F24C64D5ED574C725F
X,18.87,1.0,1.01341043182338,E47015E640592CD88AC831E732742867DF5AD3A7918D63F24C64D5ED574C725F
X,18.88,1.0,1.01335036813263,E47015E640592CD88AC831E732742867DF5AD3A7918D63F24C64D5ED574C725F
X,18.89,1.0,1.01328893917171,E47015E640592CD88AC831E732742867DF5AD3A7918D63F24C64D5ED574C725F
X,18.9,1.0,1.01322616705831,E47015E640592CD88AC831E732742867DF5AD3A7918D63F24C64D5ED574C725F
X,18.91,1.0,1.01316207383962,E47015E640592CD88AC831E732742867DF5AD3A7918D63F24C64D5ED574C725F
X,18.92,1.0,1.01309668148762,E47015E640592CD88AC831E732742867DF5AD3A7918D63F24C64D5ED574C725F
X,18.93,1.0,1.01303001189421,E47015E640592CD88AC831E732742867DF5AD3A7918D63F24C64D5ED574C725F
X,18.94,1.0,1.01296208686653,E47015E640592CD88AC831E732742867DF5AD3A7918D63F24C64D5ED574C725F
X,18.95,1.0,1.01289292812213,E47015E640592CD88AC831E732742867DF5AD3A7918D63F24C64D5ED574C725F
X,18.96,1.0,1.0128225572842,E47015E640592CD88AC831E732742867DF5AD3A7918D63F24C64D5ED574C725F
X,18.97,1.0,1.01275099587679,E47015E640592CD88AC831E732742867DF5AD3A7918D63F24C64D5ED574C725F
X,18.98,1.0,1.01267826532009,E47015E640592CD88AC831E732742867DF5AD3A7918D63F24C64D5ED574C725F
X,18.99,1.0,1.01260438692555,E47015E640592CD88AC831E732742867DF5AD3A7918D63F24C64D5ED574C725F
X,19.0,1.0,1.01252938189123,E47015E640592CD88AC831E732742867DF5AD3A7918D63F24C64D5ED574C725F
X,19.01,1.0,1.01245327129691,E47015E640592CD88AC831E732742867DF5AD3A7918D63F24C64D5ED574C725F
X,19.02,1.0,1.0123760760994,E47015E640592CD88AC831E732742867DF5AD3A7918D63F24C64D5ED574C725F
X,19.03,1.0,1.01229781712771,E47015E640592CD88AC831E732742867DF5AD3A7918D63F24C64D5ED574C725F
X,19.04,1.0,1.0122185150783,E47015E640592CD88AC831E732742867DF5AD3A7918D63F24C64D5ED574C725F
X,19.05,1.0,1.01213819051032,E47015E640592CD88AC831E732742867DF5AD3A7918D63F24C64D5ED574C725F
X,19.06,1.0,1.01205694453964,E47015E640592CD88AC831E732742867DF5AD3A7918D63F24C64D5ED574C725F
X,19.07,1.0,1.01197491543288,E47015E640592CD88AC831E732742867DF5AD3A7918D63F24C64D5ED574C725F
X,19.08,1.0,1.01189195232122,E47015E640592CD88AC831E732742867DF5AD3A7918D63F24C64D5ED574C725F
X,19.09,1.0,1.01180807656011,E47015E640592CD88AC831E732742867DF5AD3A7918D63F24C64D5ED574C725F
X,19.1,1.0,1.01172330938197,E47015E640592CD88AC831E732742867DF5AD3A7918D63F24C64D5ED574C725F
X,19.11,1.0,1.01163767189184,E47015E640592CD88AC831E732742867DF5AD3A7918D63F24C64D5ED574C725F
X,19.12,1.0,1.01155118506308,E47015E640592CD88AC831E732742867DF5AD3A7918D63F24C64D5ED574C725F
X,19.13,1.0,1.01146386973305,E47015E640592CD88AC831E732742867DF5AD3A7918D63F24C64D5ED574C725F
X,19.14,1.0,1.01137574659877,E47015E640592CD88AC831E732742867DF5AD3A7918D63F24C64D5ED574C725F
X,19.15,1.0,1.01128683621266,E47015E640592CD88AC831E732742867DF5AD3A7918D63F24C64D5ED574C725F
X,19.16,1.0,1.01119715897813,E47015E640592CD88AC831E732742867DF5AD3A7918D63F24C64D5ED574C725F
X,19.17,1.0,1.01110673514536,E47015E640592CD88AC831E732742867DF5AD3A7918D63F24C64D5ED574C725F
X,19.18,1.0,1.01101558480691,E47015E640592CD88AC831E732742867DF5AD3A7918D63F24C64D5ED574C725F
X,19.19,1.0,1.01092372789344,E47015E640592CD88AC831E732742867DF5AD3A7918D63F24C64D5ED574C725F
X,19.2,1.0,1.01083118416937,E47015E640592CD88AC831E732742867DF5AD3A7918D63F24C64D5ED574C725F
X,19.21,1.0,1.01073797322858,E47015E640592CD88AC831E732742867DF5AD3A7918D63F24C64D5ED574C725F
X,19.22,1.0,1.01064411449006,E47015E640592CD88AC831E732742867DF5AD3A7918D63F24C64D5ED574C725F
X,19.23,1.0,1.01054962719364,E47015E640592CD88AC831E732742867DF5AD3A7918D63F24C64D5ED574C725F
X,19.24,1.0,1.01045453039564,E47015E640592CD88AC831E732742867DF5AD3A7918D63F24C64D5ED574C725F
X,19.25,1.0,1.01035884296455,E47015E640592CD88AC831E732742867DF5AD3A7918D63F24C64D5ED574C725F
X,19.26,1.0,1.01026258357673,E47015E640592CD88AC831E732742867DF5AD3A7918D63F24C64D5ED574C725F
X,19.27,1.0,1.01016577071206,E47015E640592CD88AC831E732742867DF5AD3A7918D63F24C64D5ED574C725F
X,19.28,1.0,1.01006842264966,E47015E640592CD88AC831E732742867DF5AD3A7918D63F24C64D5ED574C725F
X,19.29,1.0,1.00997055746355,E47015E640592CD88AC831E732742867DF5AD3A7918D63F24C64D5ED574C725F
X,19.3,1.0,1.00987219301835,E47015E640592CD88AC831E732742867DF5AD3A7918D63F24C64D5ED574C725F
X,19.31,1.0,1.00977334696492,E47015E640592CD88AC831E732742867DF5AD3A7918D63F24C64D5ED574C725F
X,19.32,1.0,1.00967403673608,E47015E640592CD88AC831E732742867DF5AD3A7918D63F24C64D5ED574C725F
X,19.33,1.0,1.0095742795423,E47015E640592CD88AC831E732742867DF5AD3A7918D63F24C64D5ED574C725F
X,19.34,1.0,1.00947409236733,E47015E640592CD88AC831E732742867DF5AD3A7918D63F24C64D5ED574C725F
X,19.35,1.0,1.00937349196395,E47015E640592CD88AC831E732742867DF5AD3A7918D63F24C64D5ED574C725F
X,19.36,1.0,1.00927249484958,E47015E640592CD88AC831E732742867DF5AD3A7918D63F24C64D5ED574C725F
X,19.37,1.0,1.00917111730203,E47015E640592CD88AC831E732742867DF5AD3A7918D63F24C64D5ED574C725F
X,19.38,1.0,1.00906937535512,E47015E640592CD88AC831E732742867DF5AD3A7918D63F24C64D5ED574C725F
X,19.39,1.0,1.00896728479442,E47015E640592CD88AC831E732742867DF5AD3A7918D63F24C64D5ED574C725F
X,19.4,1.0,1.00886486115288,E47015E640592CD88AC831E732742867DF5AD3A7918D63F24C64D5ED574C725F
X,19.41,1.0,1.00876211970656,E47015E640592CD88AC831E732742867DF5AD3A7918D63F24C64D5ED574C725F
X,19.42,1.0,1.00865907547025,E47015E640592CD88AC831E732742867DF5AD3A7918D63F24C64D5ED574C725F
X,19.43,1.0,1.00855574319321,E47015E640592CD88AC831E732742867DF5AD3A7918D63F24C64D5ED574C725F
X,19.44,1.0,1.00845213735484,E47015E640592CD88AC831E732742867DF5AD3A7918D63F24C64D5ED574C725F
X,19.45,1.0,1.00834827216034,E47015E640592CD88AC831E732742867DF5AD3A7918D63F24C64D5ED574C725F
X,19.46,1.0,1.0082441615364,E47015E640592CD88AC831E732742867DF5AD3A7918D63F24C64D5ED574C725F
X,19.47,1.0,1.00813981912687,E47015E640592CD88AC831E732742867DF5AD3A7918D63F24C64D5ED574C725F
X,19.48,1.0,1.0080352582885,E47015E640592CD88AC831E732742867DF5AD3A7918D63F24C64D5ED574C725F
X,19.49,1.0,1.00793049208654,E47015E640592CD88AC831E732742867DF5AD3A7918D63F24C64D5ED574C725F
X,19.5,1.0,1.00782598542757,E47015E640592CD88AC831E732742867DF5AD3A7918D63F24C64D5ED574C725F
X,19.51,1.0,1.00772172963454,E47015E640592CD88AC831E732742867DF5AD3A7918D63F24C64D5ED574C725F
X,19.52,1.0,1.00761738936541,E47015E640592CD88AC831E732742867DF5AD3A7918D63F24C64D5ED574C725F
X,19.53,1.0,1.00751298050099,E47015E640592CD88AC831E732742867DF5AD3A7918D63F24C64D5ED574C725F
X,19.54,1.0,1.00740851871485,E47015E640592CD88AC831E732742867DF5AD3A7918D63F24C64D5ED574C725F
X,19.55,1.0,1.00730401947023,E47015E640592CD88AC831E732742867DF5AD3A7918D63F24C64D5ED574C725F
X,19.56,1.0,1.00719949801696,E47015E640592CD88AC831E732742867DF5AD3A7918D63F24C64D5ED574C725F
X,19.57,1.0,1.00709496938833,E47015E640592CD88AC831E732742867DF5AD3A7918D63F24C64D5ED574C725F
X,19.58,1.0,1.00699044839799,E47015E640592CD88AC831E732742867DF5AD3A7918D63F24C64D5ED574C725F
X,19.59,1.0,1.00688594963688,E47015E640592CD88AC831E732742867DF5AD3A7918D63F24C64D5ED574C725F
X,19.6,1.0,1.00678148747009,E47015E640592CD88AC831E732742867DF5AD3A7918D63F24C64D5ED574C725F
X,19.61,1.0,1.00667707603381,E47015E640592CD88AC831E732742867DF5AD3A7918D63F24C64D5ED574C725F
X,19.62,1.0,1.00657272923216,E47015E640592CD88AC831E732742867DF5AD3A7918D63F24C64D5ED574C725F
X,19.63,1.0,1.00646846073414,E47015E640592CD88AC831E732742867DF5AD3A7918D63F24C64D5ED574C725F
X,19.64,1.0,1.00636428397054,E47015E640592CD88AC831E732742867DF5AD3A7918D63F24C64D5ED574C725F
X,19.65,1.0,1.00626021213078,E47015E640592CD88AC831E732742867DF5AD3A7918D63F24C64D5ED574C725F
X,19.66,1.0,1.00615625815986,E47015E640592CD88AC831E732742867DF5AD3A7918D63F24C64D5ED574C725F
X,19.67,1.0,1.00605243475525,E47015E640592CD88AC831E732742867DF5AD3A7918D63F24C64D5ED574C725F
X,19.68,1.0,1.00594875436378,E47015E640592CD88AC831E732742867DF5AD3A7918D63F24C64D5ED574C725F
X,19.69,1.0,1.00584522917853,E47015E640592CD88AC831E732742867DF5AD3A7918D63F24C64D5ED574C725F
X,19.7,1.0,1.00574187113577,E47015E640592CD88AC831E732742867DF5AD3A7918D63F24C64D5ED574C725F
X,19.71,1.0,1.0056386919118,E47015E640592CD88AC831E732742867DF5AD3A7918D63F24C64D5ED574C725F
X,19.72,1.0,1.00553570291989,E47015E640592CD88AC831E732742867DF5AD3A7918D63F24C64D5ED574C725F
X,19.73,1.0,1.00543291530719,E47015E640592CD88AC831E732742867DF5AD3A7918D63F24C64D5ED574C725F
X,19.74,1.0,1.00533033995157,E47015E640592CD88AC831E732742867DF5AD3A7918D63F24C64D5ED574C725F
X,19.75,1.0,1.0052279874586,E47015E640592CD88AC831E732742867DF5AD3A7918D63F24C64D5ED574C725F
X,19.76,1.0,1.00512586815837,E47015E640592CD88AC831E732742867DF5AD3A7918D63F24C64D5ED574C725F
X,19.77,1.0,1.00502399210246,E47015E640592CD88AC831E732742867DF5AD3A7918D63F24C64D5ED574C725F
X,19.78,1.0,1.00492236906077,E47015E640592CD88AC831E732742867DF5AD3A7918D63F24C64D5ED574C725F
X,19.79,1.0,1.0048210085185,E47015E640592CD88AC831E732742867DF5AD3A7918D63F24C64D5ED574C725F
X,19.8,1.0,1.00471991967296,E47015E640592CD88AC831E732742867DF5AD3A7918D63F24C64D5ED574C725F
X,19.81,1.0,1.00461911143053,E47015E640592CD88AC831E732742867DF5AD3A7918D63F24C64D5ED574C725F
X,19.82,1.0,1.00451859240356,E47015E640592CD88AC831E732742867DF5AD3A7918D63F24C64D5ED574C725F
X,19.83,1.0,1.00441837090722,E47015E640592CD88AC831E732742867DF5AD3A7918D63F24C64D5ED574C725F
X,19.84,1.0,1.00431845495646,E47015E640592CD88AC831E732742867DF5AD3A7918D63F24C64D5ED574C725F
X,19.85,1.0,1.00421885226287,E47015E640592CD88AC831E732742867DF5AD3A7918D63F24C64D5ED574C725F
X,19.86,1.0,1.00411957023158,E47015E640592CD88AC831E732742867DF5AD3A7918D63F24C64D5ED574C725F
X,19.87,1.0,1.00402061595818,E47015E640592CD88AC831E732742867DF5AD3A7918D63F24C64D5ED574C725F
X,19.88,1.0,1.00392199622562,E47015E640592CD88AC831E732742867DF5AD3A7918D63F24C64D5ED574C725F
X,19.89,1.0,1.00382371750106,E47015E640592CD88AC831E732742867DF5AD3A7918D63F24C64D5ED574C725F
X,19.9,1.0,1.00372578593284,E47015E640592CD88AC831E732742867DF5AD3A7918D63F24C64D5ED574C725F
X,19.91,1.0,1.00362820734734,E47015E640592CD88AC831E732742867DF5AD3A7918D63F24C64D5ED574C725F
X,19.92,1.0,1.00353098724587,E47015E640592CD88AC831E732742867DF5AD3A7918D63F24C64D5ED574C725F
X,19.93,1.0,1.00343413080161,E47015E640592CD88AC831E732742867DF5AD3A7918D63F24C64D5ED574C725F
X,19.94,1.0,1.00333764285647,E47015E640592CD88AC831E732742867DF5AD3A7918D63F24C64D5ED574C725F
X,19.95,1.0,1.00324152791799,E47015E640592CD88AC831E732742867DF5AD3A7918D63F24C64D5ED574C725F
X,19.96,1.0,1.00314678807499,E47015E640592CD88AC831E732742867DF5AD3A7918D63F24C64D5ED574C725F
X,19.97,1.0,1.00305271633943,E47015E640592CD88AC831E732742867DF5AD3A7918D63F24C64D5ED574C725F
X,19.98,1.0,1.0029591442938,E47015E640592CD88AC831E732742867DF5AD3A7918D63F24C64D5ED574C725F
X,19.99,1.0,1.00286608038113,E47015E640592CD88AC831E732742867DF5AD3A7918D63F24C64D5ED574C725F
X,20.0,1.0,1.00277353282814,E47015E640592CD88AC831E732742867DF5AD3A7918D63F24C64D5ED574C725F
Y,8.0,0.0,1.11652800018714e-11,5875ABA30CF757AE1F3EAC2BEF20ED87807B9A1720FB19385E106DF5FF7B0ED1
Y,8.01,0.0,1.64976554798895e-11,5875ABA30CF757AE1F3EAC2BEF20ED87807B9A1720FB19385E106DF5FF7B0ED1
Y,8.02,0.0,2.22510371458562e-11,5875ABA30CF757AE1F3EAC2BEF20ED87807B9A1720FB19385E106DF5FF7B0ED1
Y,8.03,0.0,2.76432317817953e-11,5875ABA30CF757AE1F3EAC2BEF20ED87807B9A1720FB19385E106DF5FF7B0ED1
Y,8.04,0.0,3.20301464731433e-11,5875ABA30CF757AE1F3EAC2BEF20ED87807B9A1720FB19385E106DF5FF7B0ED1
Y,8.05,0.0,3.6449156914182e-11,5875ABA30CF757AE1F3EAC2BEF20ED87807B9A1720FB19385E106DF5FF7B0ED1
Y,8.06,0.0,4.08753014697284e-11,5875ABA30CF757AE1F3EAC2BEF20ED87807B9A1720FB19385E106DF5FF7B0ED1
Y,8.07,0.0,4.52815468284946e-11,5875ABA30CF757AE1F3EAC2BEF20ED87807B9A1720FB19385E106DF5FF7B0ED1
Y,8.08,0.0,4.9638729296278e-11,5875ABA30CF757AE1F3EAC2BEF20ED87807B9A1720FB19385E106DF5FF7B0ED1
Y,8.09,0.0,5.39154960891501e-11,5875ABA30CF757AE1F3EAC2BEF20ED87807B9A1720FB19385E106DF5FF7B0ED1
Y,8.1,0.0,5.80782466266464e-11,5875ABA30CF757AE1F3EAC2BEF20ED87807B9A1720FB19385E106DF5FF7B0ED1
Y,8.11,0.0,6.20910738249551e-11,5875ABA30CF757AE1F3EAC2BEF20ED87807B9A1720FB19385E106DF5FF7B0ED1
Y,8.12,0.0,6.59157053901073e-11,5875ABA30CF757AE1F3EAC2BEF20ED87807B9A1720FB19385E106DF5FF7B0ED1
Y,8.13,0.0,6.95114451111632e-11,5875ABA30CF757AE1F3EAC2BEF20ED87807B9A1720FB19385E106DF5FF7B0ED1
Y,8.14,0.0,7.28351141534061e-11,5875ABA30CF757AE1F3EAC2BEF20ED87807B9A1720FB19385E106DF5FF7B0ED1
Y,8.15,0.0,7.5840992351528e-11,5875ABA30CF757AE1F3EAC2BEF20ED87807B9A1720FB19385E106DF5FF7B0ED1
Y,8.16,0.0,7.84807595028202e-11,5875ABA30CF757AE1F3EAC2BEF20ED87807B9A1720FB19385E106DF5FF7B0ED1
Y,8.17,0.0,8.07034366603626e-11,5875ABA30CF757AE1F3EAC2BEF20ED87807B9A1720FB19385E106DF5FF7B0ED1
Y,8.18,0.0,8.24553274262122e-11,5875ABA30CF757AE1F3EAC2BEF20ED87807B9A1720FB19385E106DF5FF7B0ED1
Y,8.19,0.0,8.36799592445931e-11,5875ABA30CF757AE1F3EAC2BEF20ED87807B9A1720FB19385E106DF5FF7B0ED1
Y,8.2,0.0,8.43180246950854e-11,5875ABA30CF757AE1F3EAC2BEF20ED87807B9A1720FB19385E106DF5FF7B0ED1
Y,8.21,0.0,8.43073227858145e-11,5875ABA30CF757AE1F3EAC2BEF20ED87807B9A1720FB19385E106DF5FF7B0ED1
Y,8.22,0.0,8.35827002466403e-11,5875ABA30CF757AE1F3EAC2BEF20ED87807B9A1720FB19385E106DF5FF7B0ED1
Y,8.23,0.0,8.20759928223467e-11,5875ABA30CF757AE1F3EAC2BEF20ED87807B9A1720FB19385E106DF5FF7B0ED1
Y,8.24,0.0,7.97159665658305e-11,5875ABA30CF757AE1F3EAC2BEF20ED87807B9A1720FB19385E106DF5FF7B0ED1
Y,8.25,0.0,7.64282591312906e-11,5875ABA30CF757AE1F3EAC2BEF20ED87807B9A1720FB19385E106DF5FF7B0ED1
Y,8.26,0.0,7.21353210674177e-11,5875ABA30CF757AE1F3EAC2BEF20ED87807B9A1720FB19385E106DF5FF7B0ED1
Y,8.27,0.0,6.67563571105831e-11,5875ABA30CF757AE1F3EAC2BEF20ED87807B9A1720FB19385E106DF5FF7B0ED1
Y,8.28,0.0,6.02072674780281e-11,5875ABA30CF757AE1F3EAC2BEF20ED87807B9A1720FB19385E106DF5FF7B0ED1
Y,8.29,0.0,5.24005891610518e-11,5875ABA30CF757AE1F3EAC2BEF20ED87807B9A1720FB19385E106DF5FF7B0ED1
Y,8.3,0.0,4.66085017423781e-11,5875ABA30CF757AE1F3EAC2BEF20ED87807B9A1720FB19385E106DF5FF7B0ED1
Y,8.31,0.0,4.40457572379019e-11,5875ABA30CF757AE1F3EAC2BEF20ED87807B9A1720FB19385E106DF5FF7B0ED1
Y,8.32,0.0,4.11676407693067e-11,5875ABA30CF757AE1F3EAC2BEF20ED87807B9A1720FB19385E106DF5FF7B0ED1
Y,8.33,0.0,3.79663214672276e-11,5875ABA30CF757AE1F3EAC2BEF20ED87807B9A1720FB19385E106DF5FF7B0ED1
Y,8.34,0.0,3.4434034463478e-11,5875ABA30CF757AE1F3EAC2BEF20ED87807B9A1720FB19385E106DF5FF7B0ED1
Y,8.35,0.0,3.05630808910489e-11,5875ABA30CF757AE1F3EAC2BEF20ED87807B9A1720FB19385E106DF5FF7B0ED1
Y,8.36,0.0,2.63458278841097e-11,5875ABA30CF757AE1F3EAC2BEF20ED87807B9A1720FB19385E106DF5FF7B0ED1
Y,8.37,0.0,2.17747085780065e-11,5875ABA30CF757AE1F3EAC2BEF20ED87807B9A1720FB19385E106DF5FF7B0ED1
Y,8.38,0.0,1.6842222109266e-11,5875ABA30CF757AE1F3EAC2BEF20ED87807B9A1720FB19385E106DF5FF7B0ED1
Y,8.39,0.0,1.15409336155905e-11,5875ABA30CF757AE1F3EAC2BEF20ED87807B9A1720FB19385E106DF5FF7B0ED1
Y,8.4,0.0,5.86347423586114e-12,5875ABA30CF757AE1F3EAC2BEF20ED87807B9A1720FB19385E106DF5FF7B0ED1
Y,8.41,0.0,-1.97458889863324e-13,5875ABA30CF757AE1F3EAC2BEF20ED87807B9A1720FB19385E106DF5FF7B0ED1
Y,8.42,0.0,-6.64910262034583e-12,5875ABA30CF757AE1F3EAC2BEF20ED87807B9A1720FB19385E106DF5FF7B0ED1
Y,8.43,0.0,-1.34986278131716e-11,5875ABA30CF757AE1F3EAC2BEF20ED87807B9A1720FB19385E106DF5FF7B0ED1
Y,8.44,0.0,-2.07531393247477e-11,5875ABA30CF757AE1F3EAC2BEF20ED87807B9A1720FB19385E106DF5FF7B0ED1
Y,8.45,0.0,-2.84196760103033e-11,5875ABA30CF757AE1F3EAC2BEF20ED87807B9A1720FB19385E106DF5FF7B0ED1
Y,8.46,0.0,-3.65052107238912e-11,5875ABA30CF757AE1F3EAC2BEF20ED87807B9A1720FB19385E106DF5FF7B0ED1
Y,8.47,0.0,-4.50166503183818e-11,5875ABA30CF757AE1F3EAC2BEF20ED87807B9A1720FB19385E106DF5FF7B0ED1
Y,8.48,0.0,-5.39608356454717e-11,5875ABA30CF757AE1F3EAC2BEF20ED87807B9A1720FB19385E106DF5FF7B0ED1
Y,8.49,0.0,-6.33445415556783e-11,5875ABA30CF757AE1F3EAC2BEF20ED87807B9A1720FB19385E106DF5FF7B0ED1
Y,8.5,0.0,-7.31744768983411e-11,5875ABA30CF757AE1F3EAC2BEF20ED87807B9A1720FB19385E106DF5FF7B0ED1
Y,8.51,0.0,-8.34572845216213e-11,5875ABA30CF757AE1F3EAC2BEF20ED87807B9A1720FB19385E106DF5FF7B0ED1
Y,8.52,0.0,-9.41995412725025e-11,5875ABA30CF757AE1F3EAC2BEF20ED87807B9A1720FB19385E106DF5FF7B0ED1
Y,8.53,0.0,-1.0540775799679e-10,5875ABA30CF757AE1F3EAC2BEF20ED87807B9A1720FB19385E106DF5FF7B0ED1
Y,8.54,0.0,-1.17088379539114e-10,5875ABA30CF757AE1F3EAC2BEF20ED87807B9A1720FB19385E106DF5FF7B0ED1
Y,8.55,0.0,-1.2924778474292e-10,5875ABA30CF757AE1F3EAC2BEF20ED87807B9A1720FB19385E106DF5FF7B0ED1
Y,8.56,0.0,-1.4189228645048e-10,5875ABA30CF757AE1F3EAC2BEF20ED87807B9A1720FB19385E106DF5FF7B0ED1
Y,8.57,0.0,-1.5502813150289e-10,5875ABA30CF757AE1F3EAC2BEF20ED87807B9A1720FB19385E106DF5FF7B0ED1
Y,8.58,0.0,-1.68661500740064e-10,5875ABA30CF757AE1F3EAC2BEF20ED87807B9A1720FB19385E106DF5FF7B0ED1
Y,8.59,0.0,-1.73871146182183e-10,5875ABA30CF757AE1F3EAC2BEF20ED87807B9A1720FB19385E106DF5FF7B0ED1
Y,8.6,0.0,-1.78103445826864e-10,5875ABA30CF757AE1F3EAC2BEF20ED87807B9A1720FB19385E106DF5FF7B0ED1
Y,8.61,0.0,-1.81839820612645e-10,5875ABA30CF757AE1F3EAC2BEF20ED87807B9A1720FB19385E106DF5FF7B0ED1
Y,8.62,0.0,-1.85053560787427e-10,5875ABA30CF757AE1F3EAC2BEF20ED87807B9A1720FB19385E106DF5FF7B0ED1
Y,8.63,0.0,-1.87717956599107e-10,5875ABA30CF757AE1F3EAC2BEF20ED87807B9A1720FB19385E106DF5FF7B0ED1
Y,8.64,0.0,-1.89806298295585e-10,5875ABA30CF757AE1F3EAC2BEF20ED87807B9A1720FB19385E106DF5FF7B0ED1
Y,8.65,0.0,-1.91291876124761e-10,5875ABA30CF757AE1F3EAC2BEF20ED87807B9A1720FB19385E106DF5FF7B0ED1
Y,8.66,0.0,-1.92147980334534e-10,5875ABA30CF757AE1F3EAC2BEF20ED87807B9A1720FB19385E106DF5FF7B0ED1
Y,8.67,0.0,-1.92347901172802e-10,5875ABA30CF757AE1F3EAC2BEF20ED87807B9A1720FB19385E106DF5FF7B0ED1
Y,8.68,0.0,-1.91864928887466e-10,5875ABA30CF757AE1F3EAC2BEF20ED87807B9A1720FB19385E106DF5FF7B0ED1
Y,8.69,0.0,-1.90672353726424e-10,5875ABA30CF757AE1F3EAC2BEF20ED87807B9A1720FB19385E106DF5FF7B0ED1
Y,8.7,0.0,-1.88743465937575e-10,5875ABA30CF757AE1F3EAC2BEF20ED87807B9A1720FB19385E106DF5FF7B0ED1
Y,8.71,0.0,-1.86051555768819e-10,5875ABA30CF757AE1F3EAC2BEF20ED87807B9A1720FB19385E106DF5FF7B0ED1
Y,8.72,0.0,-1.82569913468055e-10,5875ABA30CF757AE1F3EAC2BEF20ED87807B9A1720FB19385E106DF5FF7B0ED1
Y,8.73,0.0,-1.78271829283181e-10,5875ABA30CF757AE1F3EAC2BEF20ED87807B9A1720FB19385E106DF5FF7B0ED1
Y,8.74,0.0,-1.73130593462099e-10,5875ABA30CF757AE1F3EAC2BEF20ED87807B9A1720FB19385E106DF5FF7B0ED1
Y,8.75,0.0,-1.67119496252706e-10,5875ABA30CF757AE1F3EAC2BEF20ED87807B9A1720FB19385E106DF5FF7B0ED1
Y,8.76,0.0,-1.60211827902901e-10,5875ABA30CF757AE1F3EAC2BEF20ED87807B9A1720FB19385E106DF5FF7B0ED1
Y,8.77,0.0,-1.52380878660584e-10,5875ABA30CF757AE1F3EAC2BEF20ED87807B9A1720FB19385E106DF5FF7B0ED1
Y,8.78,0.0,-1.43599938773655e-10,5875ABA30CF757AE1F3EAC2BEF20ED87807B9A1720FB19385E106DF5FF7B0ED1
Y,8.79,0.0,-1.3384229849001e-10,5875ABA30CF757AE1F3EAC2BEF20ED87807B9A1720FB19385E106DF5FF7B0ED1
Y,8.8,0.0,-1.23081248057552e-10,5875ABA30CF757AE1F3EAC2BEF20ED87807B9A1720FB19385E106DF5FF7B0ED1
Y,8.81,0.0,-1.11290077724179e-10,5875ABA30CF757AE1F3EAC2BEF20ED87807B9A1720FB19385E106DF5FF7B0ED1
Y,8.82,0.0,-9.844207773779e-11,5875ABA30CF757AE1F3EAC2BEF20ED87807B9A1720FB19385E106DF5FF7B0ED1
Y,8.83,0.0,-8.4510538346284e-11,5875ABA30CF757AE1F3EAC2BEF20ED87807B9A1720FB19385E106DF5FF7B0ED1
Y,8.84,0.0,-6.94687497975603e-11,5875ABA30CF757AE1F3EAC2BEF20ED87807B9A1720FB19385E106DF5FF7B0ED1
Y,8.85,0.0,-5.32900023395181e-11,5875ABA30CF757AE1F3EAC2BEF20ED87807B9A1720FB19385E106DF5FF7B0ED1
Y,8.86,0.0,-3.59475862200566e-11,5875ABA30CF757AE1F3EAC2BEF20ED87807B9A1720FB19385E106DF5FF7B0ED1
Y,8.87,0.0,-1.74147916870717e-11,5875ABA30CF757AE1F3EAC2BEF20ED87807B9A1720FB19385E106DF5FF7B0ED1
Y,8.88,0.0,2.33509101153092e-12,5875ABA30CF757AE1F3EAC2BEF20ED87807B9A1720FB19385E106DF5FF7B0ED1
Y,8.89,0.0,2.09248820125995e-11,5875ABA30CF757AE1F3EAC2BEF20ED87807B9A1720FB19385E106DF5FF7B0ED1
Y,8.9,0.0,3.87489420822378e-11,5875ABA30CF757AE1F3EAC2BEF20ED87807B9A1720FB19385E106DF5FF7B0ED1
Y,8.91,0.0,5.73467539269074e-11,5875ABA30CF757AE1F3EAC2BEF20ED87807B9A1720FB19385E106DF5FF7B0ED1
Y,8.92,0.0,7.67170539841628e-11,5875ABA30CF757AE1F3EAC2BEF20ED87807B9A1720FB19385E106DF5FF7B0ED1
Y,8.93,0.0,9.68579686243036e-11,5875ABA30CF757AE1F3EAC2BEF20ED87807B9A1720FB19385E106DF5FF7B0ED1
Y,8.94,0.0,1.17767014150375e-10,5875ABA30CF757AE1F3EAC2BEF20ED87807B9A1720FB19385E106DF5FF7B0ED1
Y,8.95,0.0,1.39441096798172e-10,5875ABA30CF757AE1F3EAC2BEF20ED87807B9A1720FB19385E106DF5FF7B0ED1
Y,8.96,0.0,1.61876512736222e-10,5875ABA30CF757AE1F3EAC2BEF20ED87807B9A1720FB19385E106DF5FF7B0ED1
Y,8.97,0.0,1.85068948065813e-10,5875ABA30CF757AE1F3EAC2BEF20ED87807B9A1720FB19385E106DF5FF7B0ED1
Y,8.98,0.0,2.0901347882097e-10,5875ABA30CF757AE1F3EAC2BEF20ED87807B9A1720FB19385E106DF5FF7B0ED1
Y,8.99,0.0,2.33704570968467e-10,5875ABA30CF757AE1F3EAC2BEF20ED87807B9A1720FB19385E106DF5FF7B0ED1
Y,9.0,0.0,2.59136080407822e-10,5875ABA30CF757AE1F3EAC2BEF20ED87807B9A1720FB19385E106DF5FF7B0ED1
Y,9.01,0.0,2.85301252971298e-10,5875ABA30CF757AE1F3EAC2BEF20ED87807B9A1720FB19385E106DF5FF7B0ED1
Y,9.02,0.0,3.12192724423906e-10,5875ABA30CF757AE1F3EAC2BEF20ED87807B9A1720FB19385E106DF5FF7B0ED1
Y,9.03,0.0,3.398025204634e-10,5875ABA30CF757AE1F3EAC2BEF20ED87807B9A1720FB19385E106DF5FF7B0ED1
Y,9.04,0.0,3.68122056720285e-10,5875ABA30CF757AE1F3EAC2BEF20ED87807B9A1720FB19385E106DF5FF7B0ED1
Y,9.05,0.0,3.97142138757798e-10,5875ABA30CF757AE1F3EAC2BEF20ED87807B9A1720FB19385E106DF5FF7B0ED1
Y,9.06,0.0,4.26852962071933e-10,5875ABA30CF757AE1F3EAC2BEF20ED87807B9A1720FB19385E106DF5FF7B0ED1
Y,9.07,0.0,4.5724411209143e-10,5875ABA30CF757AE1F3EAC2BEF20ED87807B9A1720FB19385E106DF5FF7B0ED1
Y,9.08,0.0,4.88304564177768e-10,5875ABA30CF757AE1F3EAC2BEF20ED87807B9A1720FB19385E106DF5FF7B0ED1
Y,9.09,0.0,5.20022683625178e-10,5875ABA30CF757AE1F3EAC2BEF20ED87807B9A1720FB19385E106DF5FF7B0ED1
Y,9.1,0.0,5.52386225660631e-10,5875ABA30CF757AE1F3EAC2BEF20ED87807B9A1720FB19385E106DF5FF7B0ED1
Y,9.11,0.0,5.85382335443847e-10,5875ABA30CF757AE1F3EAC2BEF20ED87807B9A1720FB19385E106DF5FF7B0ED1
Y,9.12,0.0,6.18997548067295e-10,5875ABA30CF757AE1F3EAC2BEF20ED87807B9A1720FB19385E106DF5FF7B0ED1
Y,9.13,0.0,6.53217788556175e-10,5875ABA30CF757AE1F3EAC2BEF20ED87807B9A1720FB19385E106DF5FF7B0ED1
Y,9.14,0.0,6.88028371868448e-10,5875ABA30CF757AE1F3EAC2BEF20ED87807B9A1720FB19385E106DF5FF7B0ED1
Y,9.15,0.0,7.23414002894813e-10,5875ABA30CF757AE1F3EAC2BEF20ED87807B9A1720FB19385E106DF5FF7B0ED1
Y,9.16,0.0,7.59358776458718e-10,5875ABA30CF757AE1F3EAC2BEF20ED87807B9A1720FB19385E106DF5FF7B0ED1
Y,9.17,0.0,7.95846177316354e-10,5875ABA30CF757AE1F3EAC2BEF20ED87807B9A1720FB19385E106DF5FF7B0ED1
Y,9.18,0.0,8.3285908015666e-10,5875ABA30CF757AE1F3EAC2BEF20ED87807B9A1720FB19385E106DF5FF7B0ED1
Y,9.19,0.0,8.70379749601316e-10,5875ABA30CF757AE1F3EAC2BEF20ED87807B9A1720FB19385E106DF5FF7B0ED1
Y,9.2,0.0,9.0838984020476e-10,5875ABA30CF757AE1F3EAC2BEF20ED87807B9A1720FB19385E106DF5FF7B0ED1
Y,9.21,0.0,9.46870396454151e-10,5875ABA30CF757AE1F3EAC2BEF20ED87807B9A1720FB19385E106DF5FF7B0ED1
Y,9.22,0.0,9.85801852769416e-10,5875ABA30CF757AE1F3EAC2BEF20ED87807B9A1720FB19385E106DF5FF7B0ED1
Y,9.23,0.0,1.02443563671994e-9,5875ABA30CF757AE1F3EAC2BEF20ED87807B9A1720FB19385E106DF5FF7B0ED1
Y,9.24,0.0,1.06259475457826e-9,5875ABA30CF757AE1F3EAC2BEF20ED87807B9A1720FB19385E106DF5FF7B0ED1
Y,9.25,0.0,1.10096894732483e-9,5875ABA30CF757AE1F3EAC2BEF20ED87807B9A1720FB19385E106DF5FF7B0ED1
Y,9.26,0.0,1.13952772184314e-9,5875ABA30CF757AE1F3EAC2BEF20ED87807B9A1720FB19385E106DF5FF7B0ED1
Y,9.27,0.0,1.17823980477451e-9,5875ABA30CF757AE1F3EAC2BEF20ED87807B9A1720FB19385E106DF5FF7B0ED1
Y,9.28,0.0,1.21707314251803e-9,5875ABA30CF757AE1F3EAC2BEF20ED87807B9A1720FB19385E106DF5FF7B0ED1
Y,9.29,0.0,1.25599490123059e-9,5875ABA30CF757AE1F3EAC2BEF20ED87807B9A1720FB19385E106DF5FF7B0ED1
Y,9.3,0.0,1.29497146682689e-9,5875ABA30CF757AE1F3EAC2BEF20ED87807B9A1720FB19385E106DF5FF7B0ED1
Y,9.31,0.0,1.33396844497942e-9,5875ABA30CF757AE1F3EAC2BEF20ED87807B9A1720FB19385E106DF5FF7B0ED1
Y,9.32,0.0,1.37295066111847e-9,5875ABA30CF757AE1F3EAC2BEF20ED87807B9A1720FB19385E106DF5FF7B0ED1
Y,9.33,0.0,1.41188216043215e-9,5875ABA30CF757AE1F3EAC2BEF20ED87807B9A1720FB19385E106DF5FF7B0ED1
Y,9.34,0.0,1.45072620786634e-9,5875ABA30CF757AE1F3EAC2BEF20ED87807B9A1720FB19385E106DF5FF7B0ED1
Y,9.35,0.0,1.48944528812472e-9,5875ABA30CF757AE1F3EAC2BEF20ED87807B9A1720FB19385E106DF5FF7B0ED1
Y,9.36,0.0,1.5280011056688e-9,5875ABA30CF757AE1F3EAC2BEF20ED87807B9A1720FB19385E106DF5FF7B0ED1
Y,9.37,0.0,1.56635458471786e-9,5875ABA30CF757AE1F3EAC2BEF20ED87807B9A1720FB19385E106DF5FF7B0ED1
Y,9.38,0.0,1.60446586924897e-9,5875ABA30CF757AE1F3EAC2BEF20ED87807B9A1720FB19385E106DF5FF7B0ED1
Y,9.39,0.0,1.64229432299704e-9,5875ABA30CF757AE1F3EAC2BEF20ED87807B9A1720FB19385E106DF5FF7B0ED1
Y,9.4,0.0,1.67979852945473e-9,5875ABA30CF757AE1F3EAC2BEF20ED87807B9A1720FB19385E106DF5FF7B0ED1
Y,9.41,0.0,1.71693629187255e-9,5875ABA30CF757AE1F3EAC2BEF20ED87807B9A1720FB19385E106DF5FF7B0ED1
Y,9.42,0.0,1.75366463325876e-9,5875ABA30CF757AE1F3EAC2BEF20ED87807B9A1720FB19385E106DF5FF7B0ED1
Y,9.43,0.0,1.78993979637946e-9,5875ABA30CF757AE1F3EAC2BEF20ED87807B9A1720FB19385E106DF5FF7B0ED1
Y,9.44,0.0,1.82571724375851e-9,5875ABA30CF757AE1F3EAC2BEF20ED87807B9A1720FB19385E106DF5FF7B0ED1
Y,9.45,0.0,1.86095165767761e-9,5875ABA30CF757AE1F3EAC2BEF20ED87807B9A1720FB19385E106DF5FF7B0ED1
Y,9.46,0.0,1.89559694017622e-9,5875ABA30CF757AE1F3EAC2BEF20ED87807B9A1720FB19385E106DF5FF7B0ED1
Y,9.47,0.0,1.92960621305163e-9,5875ABA30CF757AE1F3EAC2BEF20ED87807B9A1720FB19385E106DF5FF7B0ED1
Y,9.48,0.0,1.9629318178589e-9,5875ABA30CF757AE1F3EAC2BEF20ED87807B9A1720FB19385E106DF5FF7B0ED1
Y,9.49,0.0,1.99552531591091e-9,5875ABA30CF757AE1F3EAC2BEF20ED87807B9A1720FB19385E106DF5FF7B0ED1
Y,9.5,0.0,2.02733748827835e-9,5875ABA30CF757AE1F3EAC2BEF20ED87807B9A1720FB19385E106DF5FF7B0ED1
Y,9.51,0.0,2.05831833578967e-9,5875ABA30CF757AE1F3EAC2BEF20ED87807B9A1720FB19385E106DF5FF7B0ED1
Y,9.52,0.0,2.08841707903115e-9,5875ABA30CF757AE1F3EAC2BEF20ED87807B9A1720FB19385E106DF5FF7B0ED1
Y,9.53,0.0,2.11758215834686e-9,5875ABA30CF757AE1F3EAC2BEF20ED87807B9A1720FB19385E106DF5FF7B0ED1
Y,9.54,0.0,2.14576123383868e-9,5875ABA30CF757AE1F3EAC2BEF20ED87807B9A1720FB19385E106DF5FF7B0ED1
Y,9.55,0.0,2.17290118536625e-9,5875ABA30CF757AE1F3EAC2BEF20ED87807B9A1720FB19385E106DF5FF7B0ED1
Y,9.56,0.0,2.19894811254707e-9,5875ABA30CF757AE1F3EAC2BEF20ED87807B9A1720FB19385E106DF5FF7B0ED1
Y,9.57,0.0,2.22384733475637e-9,5875ABA30CF757AE1F3EAC2BEF20ED87807B9A1720FB19385E106DF5FF7B0ED1
Y,9.58,0.0,2.24754339112725e-9,5875ABA30CF757AE1F3EAC2BEF20ED87807B9A1720FB19385E106DF5FF7B0ED1
Y,9.59,0.0,2.27338056332043e-9,5875ABA30CF757AE1F3EAC2BEF20ED87807B9A1720FB19385E106DF5FF7B0ED1
Y,9.6,0.0,2.30313991283453e-9,5875ABA30CF757AE1F3EAC2BEF20ED87807B9A1720FB19385E106DF5FF7B0ED1
Y,9.61,0.0,2.33239743565436e-9,5875ABA30CF757AE1F3EAC2BEF20ED87807B9A1720FB19385E106DF5FF7B0ED1
Y,9.62,0.0,2.36113433964311e-9,5875ABA30CF757AE1F3EAC2BEF20ED87807B9A1720FB19385E106DF5FF7B0ED1
Y,9.63,0.0,2.38933179459277e-9,5875ABA30CF757AE1F3EAC2BEF20ED87807B9A1720FB19385E106DF5FF7B0ED1
Y,9.64,0.0,2.4169709322241e-9,5875ABA30CF757AE1F3EAC2BEF20ED87807B9A1720FB19385E106DF5FF7B0ED1
Y,9.65,0.0,2.44403284618666e-9,5875ABA30CF757AE1F3EAC2BEF20ED87807B9A1720FB19385E106DF5FF7B0ED1
Y,9.66,0.0,2.47049859205875e-9,5875ABA30CF757AE1F3EAC2BEF20ED87807B9A1720FB19385E106DF5FF7B0ED1
Y,9.67,0.0,2.49634918734748e-9,5875ABA30CF757AE1F3EAC2BEF20ED87807B9A1720FB19385E106DF5FF7B0ED1
Y,9.68,0.0,2.52156561148872e-9,5875ABA30CF757AE1F3EAC2BEF20ED87807B9A1720FB19385E106DF5FF7B0ED1
Y,9.69,0.0,2.54612880584714e-9,5875ABA30CF757AE1F3EAC2BEF20ED87807B9A1720FB19385E106DF5FF7B0ED1
Y,9.7,0.0,2.57001967371616e-9,5875ABA30CF757AE1F3EAC2BEF20ED87807B9A1720FB19385E106DF5FF7B0ED1
Y,9.71,0.0,2.59321908031799e-9,5875ABA30CF757AE1F3EAC2BEF20ED87807B9A1720FB19385E106DF5FF7B0ED1
Y,9.72,0.0,2.61570785280362e-9,5875ABA30CF757AE1F3EAC2BEF20ED87807B9A1720FB19385E106DF5FF7B0ED1
Y,9.73,0.0,2.63746678025283e-9,5875ABA30CF757AE1F3EAC2BEF20ED87807B9A1720FB19385E106DF5FF7B0ED1
Y,9.74,0.0,2.65847661367416e-9,5875ABA30CF757AE1F3EAC2BEF20ED87807B9A1720FB19385E106DF5FF7B0ED1
Y,9.75,0.0,2.67871806600493e-9,5875ABA30CF757AE1F3EAC2BEF20ED87807B9A1720FB19385E106DF5FF7B0ED1
Y,9.76,0.0,2.69817181211125e-9,5875ABA30CF757AE1F3EAC2BEF20ED87807B9A1720FB19385E106DF5FF7B0ED1
Y,9.77,0.0,2.716818488788e-9,5875ABA30CF757AE1F3EAC2BEF20ED87807B9A1720FB19385E106DF5FF7B0ED1
Y,9.78,0.0,2.73463869475883e-9,5875ABA30CF757AE1F3EAC2BEF20ED87807B9A1720FB19385E106DF5FF7B0ED1
Y,9.79,0.0,2.7516129906762e-9,5875ABA30CF757AE1F3EAC2BEF20ED87807B9A1720FB19385E106DF5FF7B0ED1
Y,9.8,0.0,2.7677218991213e-9,5875ABA30CF757AE1F3EAC2BEF20ED87807B9A1720FB19385E106DF5FF7B0ED1
Y,9.81,0.0,2.78294590460414e-9,5875ABA30CF757AE1F3EAC2BEF20ED87807B9A1720FB19385E106DF5FF7B0ED1
Y,9.82,0.0,2.79726545356348e-9,5875ABA30CF757AE1F3EAC2BEF20ED87807B9A1720FB19385E106DF5FF7B0ED1
Y,9.83,0.0,2.81066095436689e-9,5875ABA30CF757AE1F3EAC2BEF20ED87807B9A1720FB19385E106DF5FF7B0ED1
Y,9.84,0.0,2.82311277731068e-9,5875ABA30CF757AE1F3EAC2BEF20ED87807B9A1720FB19385E106DF5FF7B0ED1
Y,9.85,0.0,2.83460125461997e-9,5875ABA30CF757AE1F3EAC2BEF20ED87807B9A1720FB19385E106DF5FF7B0ED1
Y,9.86,0.0,2.84510668044864e-9,5875ABA30CF757AE1F3EAC2BEF20ED87807B9A1720FB19385E106DF5FF7B0ED1
Y,9.87,0.0,2.85460931087935e-9,5875ABA30CF757AE1F3EAC2BEF20ED87807B9A1720FB19385E106DF5FF7B0ED1
Y,9.88,0.0,2.86308936392355e-9,5875ABA30CF757AE1F3EAC2BEF20ED87807B9A1720FB19385E106DF5FF7B0ED1
Y,9.89,0.0,2.87052701952146e-9,5875ABA30CF757AE1F3EAC2BEF20ED87807B9A1720FB19385E106DF5FF7B0ED1
Y,9.9,0.0,2.87690241954207e-9,5875ABA30CF757AE1F3EAC2BEF20ED87807B9A1720FB19385E106DF5FF7B0ED1
Y,9.91,0.0,2.88219566778316e-9,5875ABA30CF757AE1F3EAC2BEF20ED87807B9A1720FB19385E106DF5FF7B0ED1
Y,9.92,0.0,2.88638682997129e-9,5875ABA30CF757AE1F3EAC2BEF20ED87807B9A1720FB19385E106DF5FF7B0ED1
Y,9.93,0.0,2.88945593376179e-9,5875ABA30CF757AE1F3EAC2BEF20ED87807B9A1720FB19385E106DF5FF7B0ED1
Y,9.94,0.0,2.89138296873877e-9,5875ABA30CF757AE1F3EAC2BEF20ED87807B9A1720FB19385E106DF5FF7B0ED1
Y,9.95,0.0,2.89214788641512e-9,5875ABA30CF757AE1F3EAC2BEF20ED87807B9A1720FB19385E106DF5FF7B0ED1
Y,9.96,0.0,2.89173060023251e-9,5875ABA30CF757AE1F3EAC2BEF20ED87807B9A1720FB19385E106DF5FF7B0ED1
Y,9.97,0.0,2.89011098556139e-9,5875ABA30CF757AE1F3EAC2BEF20ED87807B9A1720FB19385E106DF5FF7B0ED1
Y,9.98,0.0,2.88726887970097e-9,5875ABA30CF757AE1F3EAC2BEF20ED87807B9A1720FB19385E106DF5FF7B0ED1
Y,9.99,0.0,2.88318408187927e-9,5875ABA30CF757AE1F3EAC2BEF20ED87807B9A1720FB19385E106DF5FF7B0ED1
Y,10.0,1.0,2.88078802696696e-9,5875ABA30CF757AE1F3EAC2BEF20ED87807B9A1720FB19385E106DF5FF7B0ED1
Y,10.01,1.0,-0.000125363871507169,5875ABA30CF757AE1F3EAC2BEF20ED87807B9A1720FB19385E106DF5FF7B0ED1
Y,10.02,1.0,-0.00112855247058949,5875ABA30CF757AE1F3EAC2BEF20ED87807B9A1720FB19385E106DF5FF7B0ED1
Y,10.03,1.0,-0.00287005738205165,5875ABA30CF757AE1F3EAC2BEF20ED87807B9A1720FB19385E106DF5FF7B0ED1
Y,10.04,1.0,-0.00417562382530757,5875ABA30CF757AE1F3EAC2BEF20ED87807B9A1720FB19385E106DF5FF7B0ED1
Y,10.05,1.0,-0.00424878210039165,5875ABA30CF757AE1F3EAC2BEF20ED87807B9A1720FB19385E106DF5FF7B0ED1
Y,10.06,1.0,-0.00317863194905125,5875ABA30CF757AE1F3EAC2BEF20ED87807B9A1720FB19385E106DF5FF7B0ED1
Y,10.07,1.0,-0.00106384671740496,5875ABA30CF757AE1F3EAC2BEF20ED87807B9A1720FB19385E106DF5FF7B0ED1
Y,10.08,1.0,0.00116666334446525,5875ABA30CF757AE1F3EAC2BEF20ED87807B9A1720FB19385E106DF5FF7B0ED1
Y,10.09,1.0,0.00275108880269656,5875ABA30CF757AE1F3EAC2BEF20ED87807B9A1720FB19385E106DF5FF7B0ED1
Y,10.1,1.0,0.00366381346055997,5875ABA30CF757AE1F3EAC2BEF20ED87807B9A1720FB19385E106DF5FF7B0ED1
Y,10.11,1.0,0.00430175159124675,5875ABA30CF757AE1F3EAC2BEF20ED87807B9A1720FB19385E106DF5FF7B0ED1
Y,10.12,1.0,0.00506959341964494,5875ABA30CF757AE1F3EAC2BEF20ED87807B9A1720FB19385E106DF5FF7B0ED1
Y,10.13,1.0,0.00615849730914586,5875ABA30CF757AE1F3EAC2BEF20ED87807B9A1720FB19385E106DF5FF7B0ED1
Y,10.14,1.0,0.0075475843904948,5875ABA30CF757AE1F3EAC2BEF20ED87807B9A1720FB19385E106DF5FF7B0ED1
Y,10.15,1.0,0.00911965969616121,5875ABA30CF757AE1F3EAC2BEF20ED87807B9A1720FB19385E106DF5FF7B0ED1
Y,10.16,1.0,0.0107726207596663,5875ABA30CF757AE1F3EAC2BEF20ED87807B9A1720FB19385E106DF5FF7B0ED1
Y,10.17,1.0,0.0124683451726594,5875ABA30CF757AE1F3EAC2BEF20ED87807B9A1720FB19385E106DF5FF7B0ED1
Y,10.18,1.0,0.0142228824575211,5875ABA30CF757AE1F3EAC2BEF20ED87807B9A1720FB19385E106DF5FF7B0ED1
Y,10.19,1.0,0.0160717488856309,5875ABA30CF757AE1F3EAC2BEF20ED87807B9A1720FB19385E106DF5FF7B0ED1
Y,10.2,1.0,0.0180412447449529,5875ABA30CF757AE1F3EAC2BEF20ED87807B9A1720FB19385E106DF5FF7B0ED1
Y,10.21,1.0,0.0201386550470461,5875ABA30CF757AE1F3EAC2BEF20ED87807B9A1720FB19385E106DF5FF7B0ED1
Y,10.22,1.0,0.022357517559185,5875ABA30CF757AE1F3EAC2BEF20ED87807B9A1720FB19385E106DF5FF7B0ED1
Y,10.23,1.0,0.0246878221588392,5875ABA30CF757AE1F3EAC2BEF20ED87807B9A1720FB19385E106DF5FF7B0ED1
Y,10.24,1.0,0.0271231036963181,5875ABA30CF757AE1F3EAC2BEF20ED87807B9A1720FB19385E106DF5FF7B0ED1
Y,10.25,1.0,0.0296621377946837,5875ABA30CF757AE1F3EAC2BEF20ED87807B9A1720FB19385E106DF5FF7B0ED1
Y,10.26,1.0,0.0323068185584492,5875ABA30CF757AE1F3EAC2BEF20ED87807B9A1720FB19385E106DF5FF7B0ED1
Y,10.27,1.0,0.0350593209829774,5875ABA30CF757AE1F3EAC2BEF20ED87807B9A1720FB19385E106DF5FF7B0ED1
Y,10.28,1.0,0.0379204243047915,5875ABA30CF757AE1F3EAC2BEF20ED87807B9A1720FB19385E106DF5FF7B0ED1
Y,10.29,1.0,0.0408893684447688,5875ABA30CF757AE1F3EAC2BEF20ED87807B9A1720FB19385E106DF5FF7B0ED1
Y,10.3,1.0,0.0439646187626782,5875ABA30CF757AE1F3EAC2BEF20ED87807B9A1720FB19385E106DF5FF7B0ED1
Y,10.31,1.0,0.0471445787654389,5875ABA30CF757AE1F3EAC2BEF20ED87807B9A1720FB19385E106DF5FF7B0ED1
Y,10.32,1.0,0.0504280269835828,5875ABA30CF757AE1F3EAC2BEF20ED87807B9A1720FB19385E106DF5FF7B0ED1
Y,10.33,1.0,0.0538140610623262,5875ABA30CF757AE1F3EAC2BEF20ED87807B9A1720FB19385E106DF5FF7B0ED1
Y,10.34,1.0,0.0573018849883716,5875ABA30CF757AE1F3EAC2BEF20ED87807B9A1720FB19385E106DF5FF7B0ED1
Y,10.35,1.0,0.0608906005221552,5875ABA30CF757AE1F3EAC2BEF20ED87807B9A1720FB19385E106DF5FF7B0ED1
Y,10.36,1.0,0.0645791377029568,5875ABA30CF757AE1F3EAC2BEF20ED87807B9A1720FB19385E106DF5FF7B0ED1
Y,10.37,1.0,0.0683662923376221,5875ABA30CF757AE1F3EAC2BEF20ED87807B9A1720FB19385E106DF5FF7B0ED1
Y,10.38,1.0,0.0722507929388511,5875ABA30CF757AE1F3EAC2BEF20ED87807B9A1720FB19385E106DF5FF7B0ED1
Y,10.39,1.0,0.0762313620811937,5875ABA30CF757AE1F3EAC2BEF20ED87807B9A1720FB19385E106DF5FF7B0ED1
Y,10.4,1.0,0.0803067328332328,5875ABA30CF757AE1F3EAC2BEF20ED87807B9A1720FB19385E106DF5FF7B0ED1
Y,10.41,1.0,0.0844756350945537,5875ABA30CF757AE1F3EAC2BEF20ED87807B9A1720FB19385E106DF5FF7B0ED1
Y,10.42,1.0,0.088736778313351,5875ABA30CF757AE1F3EAC2BEF20ED87807B9A1720FB19385E106DF5FF7B0ED1
Y,10.43,1.0,0.0930888385755083,5875ABA30CF757AE1F3EAC2BEF20ED87807B9A1720FB19385E106DF5FF7B0ED1
Y,10.44,1.0,0.0975304616126537,5875ABA30CF757AE1F3EAC2BEF20ED87807B9A1720FB19385E106DF5FF7B0ED1
Y,10.45,1.0,0.102060271471311,5875ABA30CF757AE1F3EAC2BEF20ED87807B9A1720FB19385E106DF5FF7B0ED1
Y,10.46,1.0,0.106676877942836,5875ABA30CF757AE1F3EAC2BEF20ED87807B9A1720FB19385E106DF5FF7B0ED1
Y,10.47,1.0,0.111378729850129,5875ABA30CF757AE1F3EAC2BEF20ED87807B9A1720FB19385E106DF5FF7B0ED1
Y,10.48,1.0,0.116164439268048,5875ABA30CF757AE1F3EAC2BEF20ED87807B9A1720FB19385E106DF5FF7B0ED1
Y,10.49,1.0,0.121032852949234,5875ABA30CF757AE1F3EAC2BEF20ED87807B9A1720FB19385E106DF5FF7B0ED1
Y,10.5,1.0,0.125982500709081,5875ABA30CF757AE1F3EAC2BEF20ED87807B9A1720FB19385E106DF5FF7B0ED1
Y,10.51,1.0,0.131011875174143,5875ABA30CF757AE1F3EAC2BEF20ED87807B9A1720FB19385E106DF5FF7B0ED1
Y,10.52,1.0,0.136119516380594,5875ABA30CF757AE1F3EAC2BEF20ED87807B9A1720FB19385E106DF5FF7B0ED1
Y,10.53,1.0,0.141303962652866,5875ABA30CF757AE1F3EAC2BEF20ED87807B9A1720FB19385E106DF5FF7B0ED1
Y,10.54,1.0,0.146562401916361,5875ABA30CF757AE1F3EAC2BEF20ED87807B9A1720FB19385E106DF5FF7B0ED1
Y,10.55,1.0,0.151894463234085,5875ABA30CF757AE1F3EAC2BEF20ED87807B9A1720FB19385E106DF5FF7B0ED1
Y,10.56,1.0,0.157299473857545,5875ABA30CF757AE1F3EAC2BEF20ED87807B9A1720FB19385E106DF5FF7B0ED1
Y,10.57,1.0,0.162775347141401,5875ABA30CF757AE1F3EAC2BEF20ED87807B9A1720FB19385E106DF5FF7B0ED1
Y,10.58,1.0,0.168320732050133,5875ABA30CF757AE1F3EAC2BEF20ED87807B9A1720FB19385E106DF5FF7B0ED1
Y,10.59,1.0,0.17393207242994,5875ABA30CF757AE1F3EAC2BEF20ED87807B9A1720FB19385E106DF5FF7B0ED1
Y,10.6,1.0,0.179611038401891,5875ABA30CF757AE1F3EAC2BEF20ED87807B9A1720FB19385E106DF5FF7B0ED1
Y,10.61,1.0,0.185353653884655,5875ABA30CF757AE1F3EAC2BEF20ED87807B9A1720FB19385E106DF5FF7B0ED1
Y,10.62,1.0,0.191159536563219,5875ABA30CF757AE1F3EAC2BEF20ED87807B9A1720FB19385E106DF5FF7B0ED1
Y,10.63,1.0,0.197029697045794,5875ABA30CF757AE1F3EAC2BEF20ED87807B9A1720FB19385E106DF5FF7B0ED1
Y,10.64,1.0,0.202959653625385,5875ABA30CF757AE1F3EAC2BEF20ED87807B9A1720FB19385E106DF5FF7B0ED1
Y,10.65,1.0,0.208949666347126,5875ABA30CF757AE1F3EAC2BEF20ED87807B9A1720FB19385E106DF5FF7B0ED1
Y,10.66,1.0,0.214998581266281,5875ABA30CF757AE1F3EAC2BEF20ED87807B9A1720FB19385E106DF5FF7B0ED1
Y,10.67,1.0,0.221099254587234,5875ABA30CF757AE1F3EAC2BEF20ED87807B9A1720FB19385E106DF5FF7B0ED1
Y,10.68,1.0,0.227255265401963,5875ABA30CF757AE1F3EAC2BEF20ED87807B9A1720FB19385E106DF5FF7B0ED1
Y,10.69,1.0,0.233466726037586,5875ABA30CF757AE1F3EAC2BEF20ED87807B9A1720FB19385E106DF5FF7B0ED1
Y,10.7,1.0,0.239730319045663,5875ABA30CF757AE1F3EAC2BEF20ED87807B9A1720FB19385E106DF5FF7B0ED1
Y,10.71,1.0,0.24604408984851,5875ABA30CF757AE1F3EAC2BEF20ED87807B9A1720FB19385E106DF5FF7B0ED1
Y,10.72,1.0,0.252408044814437,5875ABA30CF757AE1F3EAC2BEF20ED87807B9A1720FB19385E106DF5FF7B0ED1
Y,10.73,1.0,0.25882100651729,5875ABA30CF757AE1F3EAC2BEF20ED87807B9A1720FB19385E106DF5FF7B0ED1
Y,10.74,1.0,0.265279664595833,5875ABA30CF757AE1F3EAC2BEF20ED87807B9A1720FB19385E106DF5FF7B0ED1
Y,10.75,1.0,0.271783514283883,5875ABA30CF757AE1F3EAC2BEF20ED87807B9A1720FB19385E106DF5FF7B0ED1
Y,10.76,1.0,0.278331092228231,5875ABA30CF757AE1F3EAC2BEF20ED87807B9A1720FB19385E106DF5FF7B0ED1
Y,10.77,1.0,0.284920937049268,5875ABA30CF757AE1F3EAC2BEF20ED87807B9A1720FB19385E106DF5FF7B0ED1
Y,10.78,1.0,0.291551595749,5875ABA30CF757AE1F3EAC2BEF20ED87807B9A1720FB19385E106DF5FF7B0ED1
Y,10.79,1.0,0.298221601837812,5875ABA30CF757AE1F3EAC2BEF20ED87807B9A1720FB19385E106DF5FF7B0ED1
Y,10.8,1.0,0.304929493809768,5875ABA30CF757AE1F3EAC2BEF20ED87807B9A1720FB19385E106DF5FF7B0ED1
Y,10.81,1.0,0.311673822510517,5875ABA30CF757AE1F3EAC2BEF20ED87807B9A1720FB19385E106DF5FF7B0ED1
Y,10.82,1.0,0.318453545668313,5875ABA30CF757AE1F3EAC2BEF20ED87807B9A1720FB19385E106DF5FF7B0ED1
Y,10.83,1.0,0.325267055159275,5875ABA30CF757AE1F3EAC2BEF20ED87807B9A1720FB19385E106DF5FF7B0ED1
Y,10.84,1.0,0.332112945333891,5875ABA30CF757AE1F3EAC2BEF20ED87807B9A1720FB19385E106DF5FF7B0ED1
Y,10.85,1.0,0.338989810542651,5875ABA30CF757AE1F3EAC2BEF20ED87807B9A1720FB19385E106DF5FF7B0ED1
Y,10.86,1.0,0.345896363702076,5875ABA30CF757AE1F3EAC2BEF20ED87807B9A1720FB19385E106DF5FF7B0ED1
Y,10.87,1.0,0.352831425892666,5875ABA30CF757AE1F3EAC2BEF20ED87807B9A1720FB19385E106DF5FF7B0ED1
Y,10.88,1.0,0.359793564201403,5875ABA30CF757AE1F3EAC2BEF20ED87807B9A1720FB19385E106DF5FF7B0ED1
Y,10.89,1.0,0.366781469349176,5875ABA30CF757AE1F3EAC2BEF20ED87807B9A1720FB19385E106DF5FF7B0ED1
Y,10.9,1.0,0.373793843490009,5875ABA30CF757AE1F3EAC2BEF20ED87807B9A1720FB19385E106DF5FF7B0ED1
Y,10.91,1.0,0.380829443219558,5875ABA30CF757AE1F3EAC2BEF20ED87807B9A1720FB19385E106DF5FF7B0ED1
Y,10.92,1.0,0.387887149768645,5875ABA30CF757AE1F3EAC2BEF20ED87807B9A1720FB19385E106DF5FF7B0ED1
Y,10.93,1.0,0.394965536458514,5875ABA30CF757AE1F3EAC2BEF20ED87807B9A1720FB19385E106DF5FF7B0ED1
Y,10.94,1.0,0.402063312156326,5875ABA30CF757AE1F3EAC2BEF20ED87807B9A1720FB19385E106DF5FF7B0ED1
Y,10.95,1.0,0.409179185729243,5875ABA30CF757AE1F3EAC2BEF20ED87807B9A1720FB19385E106DF5FF7B0ED1
Y,10.96,1.0,0.416311866044424,5875ABA30CF757AE1F3EAC2BEF20ED87807B9A1720FB19385E106DF5FF7B0ED1
Y,10.97,1.0,0.423460236274388,5875ABA30CF757AE1F3EAC2BEF20ED87807B9A1720FB19385E106DF5FF7B0ED1
Y,10.98,1.0,0.430623246879684,5875ABA30CF757AE1F3EAC2BEF20ED87807B9A1720FB19385E106DF5FF7B0ED1
Y,10.99,1.0,0.437799523354627,5875ABA30CF757AE1F3EAC2BEF20ED87807B9A1720FB19385E106DF5FF7B0ED1
Y,11.0,1.0,0.444987858330581,5875ABA30CF757AE1F3EAC2BEF20ED87807B9A1720FB19385E106DF5FF7B0ED1
Y,11.01,1.0,0.452187052794817,5875ABA30CF757AE1F3EAC2BEF20ED87807B9A1720FB19385E106DF5FF7B0ED1
Y,11.02,1.0,0.459395916090514,5875ABA30CF757AE1F3EAC2BEF20ED87807B9A1720FB19385E106DF5FF7B0ED1
Y,11.03,1.0,0.466613265916759,5875ABA30CF757AE1F3EAC2BEF20ED87807B9A1720FB19385E106DF5FF7B0ED1
Y,11.04,1.0,0.473838053404224,5875ABA30CF757AE1F3EAC2BEF20ED87807B9A1720FB19385E106DF5FF7B0ED1
Y,11.05,1.0,0.48106907926519,5875ABA30CF757AE1F3EAC2BEF20ED87807B9A1720FB19385E106DF5FF7B0ED1
Y,11.06,1.0,0.488305212399995,5875ABA30CF757AE1F3EAC2BEF20ED87807B9A1720FB19385E106DF5FF7B0ED1
Y,11.07,1.0,0.495545338218959,5875ABA30CF757AE1F3EAC2BEF20ED87807B9A1720FB19385E106DF5FF7B0ED1
Y,11.08,1.0,0.50278835592928,5875ABA30CF757AE1F3EAC2BEF20ED87807B9A1720FB19385E106DF5FF7B0ED1
Y,11.09,1.0,0.510033178907369,5875ABA30CF757AE1F3EAC2BEF20ED87807B9A1720FB19385E106DF5FF7B0ED1
Y,11.1,1.0,0.517278723279082,5875ABA30CF757AE1F3EAC2BEF20ED87807B9A1720FB19385E106DF5FF7B0ED1
Y,11.11,1.0,0.524523751658866,5875ABA30CF757AE1F3EAC2BEF20ED87807B9A1720FB19385E106DF5FF7B0ED1
Y,11.12,1.0,0.531767290003764,5875ABA30CF757AE1F3EAC2BEF20ED87807B9A1720FB19385E106DF5FF7B0ED1
Y,11.13,1.0,0.539008275382937,5875ABA30CF757AE1F3EAC2BEF20ED87807B9A1720FB19385E106DF5FF7B0ED1
Y,11.14,1.0,0.546245655207935,5875ABA30CF757AE1F3EAC2BEF20ED87807B9A1720FB19385E106DF5FF7B0ED1
Y,11.15,1.0,0.553478387232696,5875ABA30CF757AE1F3EAC2BEF20ED87807B9A1720FB19385E106DF5FF7B0ED1
Y,11.16,1.0,0.560705439553543,5875ABA30CF757AE1F3EAC2BEF20ED87807B9A1720FB19385E106DF5FF7B0ED1
Y,11.17,1.0,0.567925790609186,5875ABA30CF757AE1F3EAC2BEF20ED87807B9A1720FB19385E106DF5FF7B0ED1
Y,11.18,1.0,0.575138429180722,5875ABA30CF757AE1F3EAC2BEF20ED87807B9A1720FB19385E106DF5FF7B0ED1
Y,11.19,1.0,0.582342379403324,5875ABA30CF757AE1F3EAC2BEF20ED87807B9A1720FB19385E106DF5FF7B0ED1
Y,11.2,1.0,0.589536682467967,5875ABA30CF757AE1F3EAC2BEF20ED87807B9A1720FB19385E106DF5FF7B0ED1
Y,11.21,1.0,0.596720340892853,5875ABA30CF757AE1F3EAC2BEF20ED87807B9A1720FB19385E106DF5FF7B0ED1
Y,11.22,1.0,0.603892394649663,5875ABA30CF757AE1F3EAC2BEF20ED87807B9A1720FB19385E106DF5FF7B0ED1
Y,11.23,1.0,0.61105189537376,5875ABA30CF757AE1F3EAC2BEF20ED87807B9A1720FB19385E106DF5FF7B0ED1
Y,11.24,1.0,0.618197906440896,5875ABA30CF757AE1F3EAC2BEF20ED87807B9A1720FB19385E106DF5FF7B0ED1
Y,11.25,1.0,0.625329503043926,5875ABA30CF757AE1F3EAC2BEF20ED87807B9A1720FB19385E106DF5FF7B0ED1
Y,11.26,1.0,0.632445772269519,5875ABA30CF757AE1F3EAC2BEF20ED87807B9A1720FB19385E106DF5FF7B0ED1
Y,11.27,1.0,0.639545813174871,5875ABA30CF757AE1F3EAC2BEF20ED87807B9A1720FB19385E106DF5FF7B0ED1
Y,11.28,1.0,0.646628734435395,5875ABA30CF757AE1F3EAC2BEF20ED87807B9A1720FB19385E106DF5FF7B0ED1
Y,11.29,1.0,0.653693651572004,5875ABA30CF757AE1F3EAC2BEF20ED87807B9A1720FB19385E106DF5FF7B0ED1
Y,11.3,1.0,0.660739697412061,5875ABA30CF757AE1F3EAC2BEF20ED87807B9A1720FB19385E106DF5FF7B0ED1
Y,11.31,1.0,0.667766014473571,5875ABA30CF757AE1F3EAC2BEF20ED87807B9A1720FB19385E106DF5FF7B0ED1
Y,11.32,1.0,0.674771756629519,5875ABA30CF757AE1F3EAC2BEF20ED87807B9A1720FB19385E106DF5FF7B0ED1
Y,11.33,1.0,0.68175608910788,5875ABA30CF757AE1F3EAC2BEF20ED87807B9A1720FB19385E106DF5FF7B0ED1
Y,11.34,1.0,0.688718188491612,5875ABA30CF757AE1F3EAC2BEF20ED87807B9A1720FB19385E106DF5FF7B0ED1
Y,11.35,1.0,0.695657242718661,5875ABA30CF757AE1F3EAC2BEF20ED87807B9A1720FB19385E106DF5FF7B0ED1
Y,11.36,1.0,0.702572451081959,5875ABA30CF757AE1F3EAC2BEF20ED87807B9A1720FB19385E106DF5FF7B0ED1
Y,11.37,1.0,0.709463024229424,5875ABA30CF757AE1F3EAC2BEF20ED87807B9A1720FB19385E106DF5FF7B0ED1
Y,11.38,1.0,0.716328193957775,5875ABA30CF757AE1F3EAC2BEF20ED87807B9A1720FB19385E106DF5FF7B0ED1
Y,11.39,1.0,0.72316718997645,5875ABA30CF757AE1F3EAC2BEF20ED87807B9A1720FB19385E106DF5FF7B0ED1
Y,11.4,1.0,0.729979257024843,5875ABA30CF757AE1F3EAC2BEF20ED87807B9A1720FB19385E106DF5FF7B0ED1
Y,11.41,1.0,0.736763652431861,5875ABA30CF757AE1F3EAC2BEF20ED87807B9A1720FB19385E106DF5FF7B0ED1
Y,11.42,1.0,0.743519645021586,5875ABA30CF757AE1F3EAC2BEF20ED87807B9A1720FB19385E106DF5FF7B0ED1
Y,11.43,1.0,0.750246515120027,5875ABA30CF757AE1F3EAC2BEF20ED87807B9A1720FB19385E106DF5FF7B0ED1
Y,11.44,1.0,0.75694355456188,5875ABA30CF757AE1F3EAC2BEF20ED87807B9A1720FB19385E106DF5FF7B0ED1
Y,11.45,1.0,0.763610066697285,5875ABA30CF757AE1F3EAC2BEF20ED87807B9A1720FB19385E106DF5FF7B0ED1
Y,11.46,1.0,0.770245366398572,5875ABA30CF757AE1F3EAC2BEF20ED87807B9A1720FB19385E106DF5FF7B0ED1
Y,11.47,1.0,0.776848780067035,5875ABA30CF757AE1F3EAC2BEF20ED87807B9A1720FB19385E106DF5FF7B0ED1
Y,11.48,1.0,0.783419654098708,5875ABA30CF757AE1F3EAC2BEF20ED87807B9A1720FB19385E106DF5FF7B0ED1
Y,11.49,1.0,0.789957335381137,5875ABA30CF757AE1F3EAC2BEF20ED87807B9A1720FB19385E106DF5FF7B0ED1
Y,11.5,1.0,0.796461182616202,5875ABA30CF757AE1F3EAC2BEF20ED87807B9A1720FB19385E106DF5FF7B0ED1
Y,11.51,1.0,0.80293056856232,5875ABA30CF757AE1F3EAC2BEF20ED87807B9A1720FB19385E106DF5FF7B0ED1
Y,11.52,1.0,0.809364877486083,5875ABA30CF757AE1F3EAC2BEF20ED87807B9A1720FB19385E106DF5FF7B0ED1
Y,11.53,1.0,0.815763505162265,5875ABA30CF757AE1F3EAC2BEF20ED87807B9A1720FB19385E106DF5FF7B0ED1
Y,11.54,1.0,0.822125858873815,5875ABA30CF757AE1F3EAC2BEF20ED87807B9A1720FB19385E106DF5FF7B0ED1
Y,11.55,1.0,0.828451357411859,5875ABA30CF757AE1F3EAC2BEF20ED87807B9A1720FB19385E106DF5FF7B0ED1
Y,11.56,1.0,0.834739431075703,5875ABA30CF757AE1F3EAC2BEF20ED87807B9A1720FB19385E106DF5FF7B0ED1
Y,11.57,1.0,0.840989521672831,5875ABA30CF757AE1F3EAC2BEF20ED87807B9A1720FB19385E106DF5FF7B0ED1
Y,11.58,1.0,0.84720161296819,5875ABA30CF757AE1F3EAC2BEF20ED87807B9A1720FB19385E106DF5FF7B0ED1
Y,11.59,1.0,0.85337545687286,5875ABA30CF757AE1F3EAC2BEF20ED87807B9A1720FB19385E106DF5FF7B0ED1
Y,11.6,1.0,0.859509779938918,5875ABA30CF757AE1F3EAC2BEF20ED87807B9A1720FB19385E106DF5FF7B0ED1
Y,11.61,1.0,0.865603994340622,5875ABA30CF757AE1F3EAC2BEF20ED87807B9A1720FB19385E106DF5FF7B0ED1
Y,11.62,1.0,0.871657512252232,5875ABA30CF757AE1F3EAC2BEF20ED87807B9A1720FB19385E106DF5FF7B0ED1
Y,11.63,1.0,0.877669745848004,5875ABA30CF757AE1F3EAC2BEF20ED87807B9A1720FB19385E106DF5FF7B0ED1
Y,11.64,1.0,0.883640107302198,5875ABA30CF757AE1F3EAC2BEF20ED87807B9A1720FB19385E106DF5FF7B0ED1
Y,11.65,1.0,0.889568008789072,5875ABA30CF757AE1F3EAC2BEF20ED87807B9A1720FB19385E106DF5FF7B0ED1
Y,11.66,1.0,0.895452862482885,5875ABA30CF757AE1F3EAC2BEF20ED87807B9A1720FB19385E106DF5FF7B0ED1
Y,11.67,1.0,0.901294080557894,5875ABA30CF757AE1F3EAC2BEF20ED87807B9A1720FB19385E106DF5FF7B0ED1
Y,11.68,1.0,0.907091075188358,5875ABA30CF757AE1F3EAC2BEF20ED87807B9A1720FB19385E106DF5FF7B0ED1
Y,11.69,1.0,0.912845112054459,5875ABA30CF757AE1F3EAC2BEF20ED87807B9A1720FB19385E106DF5FF7B0ED1
Y,11.7,1.0,0.918556093226375,5875ABA30CF757AE1F3EAC2BEF20ED87807B9A1720FB19385E106DF5FF7B0ED1
Y,11.71,1.0,0.924222377705809,5875ABA30CF757AE1F3EAC2BEF20ED87807B9A1720FB19385E106DF5FF7B0ED1
Y,11.72,1.0,0.929843556968389,5875ABA30CF757AE1F3EAC2BEF20ED87807B9A1720FB19385E106DF5FF7B0ED1
Y,11.73,1.0,0.93541923250667,5875ABA30CF757AE1F3EAC2BEF20ED87807B9A1720FB19385E106DF5FF7B0ED1
Y,11.74,1.0,0.940949015830125,5875ABA30CF757AE1F3EAC2BEF20ED87807B9A1720FB19385E106DF5FF7B0ED1
Y,11.75,1.0,0.946432528465153,5875ABA30CF757AE1F3EAC2BEF20ED87807B9A1720FB19385E106DF5FF7B0ED1
Y,11.76,1.0,0.951869401955076,5875ABA30CF757AE1F3EAC2BEF20ED87807B9A1720FB19385E106DF5FF7B0ED1
Y,11.77,1.0,0.957259277860136,5875ABA30CF757AE1F3EAC2BEF20ED87807B9A1720FB19385E106DF5FF7B0ED1
Y,11.78,1.0,0.962601807757502,5875ABA30CF757AE1F3EAC2BEF20ED87807B9A1720FB19385E106DF5FF7B0ED1
Y,11.79,1.0,0.967896653241263,5875ABA30CF757AE1F3EAC2BEF20ED87807B9A1720FB19385E106DF5FF7B0ED1
Y,11.8,1.0,0.973143485922432,5875ABA30CF757AE1F3EAC2BEF20ED87807B9A1720FB19385E106DF5FF7B0ED1
Y,11.81,1.0,0.97834220683225,5875ABA30CF757AE1F3EAC2BEF20ED87807B9A1720FB19385E106DF5FF7B0ED1
Y,11.82,1.0,0.983492577400072,5875ABA30CF757AE1F3EAC2BEF20ED87807B9A1720FB19385E106DF5FF7B0ED1
Y,11.83,1.0,0.988594155310411,5875ABA30CF757AE1F3EAC2BEF20ED87807B9A1720FB19385E106DF5FF7B0ED1
Y,11.84,1.0,0.993646671080706,5875ABA30CF757AE1F3EAC2BEF20ED87807B9A1720FB19385E106DF5FF7B0ED1
Y,11.85,1.0,0.998649866233467,5875ABA30CF757AE1F3EAC2BEF20ED87807B9A1720FB19385E106DF5FF7B0ED1
Y,11.86,1.0,1.00360349329627,5875ABA30CF757AE1F3EAC2BEF20ED87807B9A1720FB19385E106DF5FF7B0ED1
Y,11.87,1.0,1.00850731580175,5875ABA30CF757AE1F3EAC2BEF20ED87807B9A1720FB19385E106DF5FF7B0ED1
Y,11.88,1.0,1.01336110828763,5875ABA30CF757AE1F3EAC2BEF20ED87807B9A1720FB19385E106DF5FF7B0ED1
Y,11.89,1.0,1.01816465629667,5875ABA30CF757AE1F3EAC2BEF20ED87807B9A1720FB19385E106DF5FF7B0ED1
Y,11.9,1.0,1.02291775637673,5875ABA30CF757AE1F3EAC2BEF20ED87807B9A1720FB19385E106DF5FF7B0ED1
Y,11.91,1.0,1.02762021608072,5875ABA30CF757AE1F3EAC2BEF20ED87807B9A1720FB19385E106DF5FF7B0ED1
Y,11.92,1.0,1.03227185396661,5875ABA30CF757AE1F3EAC2BEF20ED87807B9A1720FB19385E106DF5FF7B0ED1
Y,11.93,1.0,1.03687247160458,5875ABA30CF757AE1F3EAC2BEF20ED87807B9A1720FB19385E106DF5FF7B0ED1
Y,11.94,1.0,1.0414215719521,5875ABA30CF757AE1F3EAC2BEF20ED87807B9A1720FB19385E106DF5FF7B0ED1
Y,11.95,1.0,1.04591925773122,5875ABA30CF757AE1F3EAC2BEF20ED87807B9A1720FB19385E106DF5FF7B0ED1
Y,11.96,1.0,1.0503653769534,5875ABA30CF757AE1F3EAC2BEF20ED87807B9A1720FB19385E106DF5FF7B0ED1
Y,11.97,1.0,1.05475978789389,5875ABA30CF757AE1F3EAC2BEF20ED87807B9A1720FB19385E106DF5FF7B0ED1
Y,11.98,1.0,1.0591023590917,5875ABA30CF757AE1F3EAC2BEF20ED87807B9A1720FB19385E106DF5FF7B0ED1
Y,11.99,1.0,1.0633929693496,5875ABA30CF757AE1F3EAC2BEF20ED87807B9A1720FB19385E106DF5FF7B0ED1
Y,12.0,1.0,1.06763150773415,5875ABA30CF757AE1F3EAC2BEF20ED87807B9A1720FB19385E106DF5FF7B0ED1
Y,12.01,1.0,1.07181787357566,5875ABA30CF757AE1F3EAC2BEF20ED87807B9A1720FB19385E106DF5FF7B0ED1
Y,12.02,1.0,1.07595197646821,5875ABA30CF757AE1F3EAC2BEF20ED87807B9A1720FB19385E106DF5FF7B0ED1
Y,12.03,1.0,1.08003373626965,5875ABA30CF757AE1F3EAC2BEF20ED87807B9A1720FB19385E106DF5FF7B0ED1
Y,12.04,1.0,1.08406308310161,5875ABA30CF757AE1F3EAC2BEF20ED87807B9A1720FB19385E106DF5FF7B0ED1
Y,12.05,1.0,1.08803995734947,5875ABA30CF757AE1F3EAC2BEF20ED87807B9A1720FB19385E106DF5FF7B0ED1
Y,12.06,1.0,1.09196430966238,5875ABA30CF757AE1F3EAC2BEF20ED87807B9A1720FB19385E106DF5FF7B0ED1
Y,12.07,1.0,1.09583566689117,5875ABA30CF757AE1F3EAC2BEF20ED87807B9A1720FB19385E106DF5FF7B0ED1
Y,12.08,1.0,1.09965417076246,5875ABA30CF757AE1F3EAC2BEF20ED87807B9A1720FB19385E106DF5FF7B0ED1
Y,12.09,1.0,1.10341989196814,5875ABA30CF757AE1F3EAC2BEF20ED87807B9A1720FB19385E106DF5FF7B0ED1
Y,12.1,1.0,1.10713280222684,5875ABA30CF757AE1F3EAC2BEF20ED87807B9A1720FB19385E106DF5FF7B0ED1
Y,12.11,1.0,1.11079288259092,5875ABA30CF757AE1F3EAC2BEF20ED87807B9A1720FB19385E106DF5FF7B0ED1
Y,12.12,1.0,1.11440012344652,5875ABA30CF757AE1F3EAC2BEF20ED87807B9A1720FB19385E106DF5FF7B0ED1
Y,12.13,1.0,1.1179545245135,5875ABA30CF757AE1F3EAC2BEF20ED87807B9A1720FB19385E106DF5FF7B0ED1
Y,12.14,1.0,1.1214560948455,5875ABA30CF757AE1F3EAC2BEF20ED87807B9A1720FB19385E106DF5FF7B0ED1
Y,12.15,1.0,1.12490485282991,5875ABA30CF757AE1F3EAC2BEF20ED87807B9A1720FB19385E106DF5FF7B0ED1
Y,12.16,1.0,1.12830082618787,5875ABA30CF757AE1F3EAC2BEF20ED87807B9A1720FB19385E106DF5FF7B0ED1
Y,12.17,1.0,1.13164405197428,5875ABA30CF757AE1F3EAC2BEF20ED87807B9A1720FB19385E106DF5FF7B0ED1
Y,12.18,1.0,1.13493457657778,5875ABA30CF757AE1F3EAC2BEF20ED87807B9A1720FB19385E106DF5FF7B0ED1
Y,12.19,1.0,1.13817245572078,5875ABA30CF757AE1F3EAC2BEF20ED87807B9A1720FB19385E106DF5FF7B0ED1
Y,12.2,1.0,1.14135775445943,5875ABA30CF757AE1F3EAC2BEF20ED87807B9A1720FB19385E106DF5FF7B0ED1
Y,12.21,1.0,1.14449019134878,5875ABA30CF757AE1F3EAC2BEF20ED87807B9A1720FB19385E106DF5FF7B0ED1
Y,12.22,1.0,1.14756991799418,5875ABA30CF757AE1F3EAC2BEF20ED87807B9A1720FB19385E106DF5FF7B0ED1
Y,12.23,1.0,1.15059713616434,5875ABA30CF757AE1F3EAC2BEF20ED87807B9A1720FB19385E106DF5FF7B0ED1
Y,12.24,1.0,1.15357192237927,5875ABA30CF757AE1F3EAC2BEF20ED87807B9A1720FB19385E106DF5FF7B0ED1
Y,12.25,1.0,1.15649436046259,5875ABA30CF757AE1F3EAC2BEF20ED87807B9A1720FB19385E106DF5FF7B0ED1
Y,12.26,1.0,1.15936454147234,5875ABA30CF757AE1F3EAC2BEF20ED87807B9A1720FB19385E106DF5FF7B0ED1
Y,12.27,1.0,1.16218256363171,5875ABA30CF757AE1F3EAC2BEF20ED87807B9A1720FB19385E106DF5FF7B0ED1
Y,12.28,1.0,1.1649485322599,5875ABA30CF757AE1F3EAC2BEF20ED87807B9A1720FB19385E106DF5FF7B0ED1
Y,12.29,1.0,1.16766255970282,5875ABA30CF757AE1F3EAC2BEF20ED87807B9A1720FB19385E106DF5FF7B0ED1
Y,12.3,1.0,1.17032476526396,5875ABA30CF757AE1F3EAC2BEF20ED87807B9A1720FB19385E106DF5FF7B0ED1
Y,12.31,1.0,1.17293527513511,5875ABA30CF757AE1F3EAC2BEF20ED87807B9A1720FB19385E106DF5FF7B0ED1
Y,12.32,1.0,1.1754942223272,5875ABA30CF757AE1F3EAC2BEF20ED87807B9A1720FB19385E106DF5FF7B0ED1
Y,12.33,1.0,1.17800174660104,5875ABA30CF757AE1F3EAC2BEF20ED87807B9A1720FB19385E106DF5FF7B0ED1
Y,12.34,1.0,1.18045799439812,5875ABA30CF757AE1F3EAC2BEF20ED87807B9A1720FB19385E106DF5FF7B0ED1
Y,12.35,1.0,1.18286311877141,5875ABA30CF757AE1F3EAC2BEF20ED87807B9A1720FB19385E106DF5FF7B0ED1
Y,12.36,1.0,1.18521694079928,5875ABA30CF757AE1F3EAC2BEF20ED87807B9A1720FB19385E106DF5FF7B0ED1
Y,12.37,1.0,1.18751963886029,5875ABA30CF757AE1F3EAC2BEF20ED87807B9A1720FB19385E106DF5FF7B0ED1
Y,12.38,1.0,1.18977158947832,5875ABA30CF757AE1F3EAC2BEF20ED87807B9A1720FB19385E106DF5FF7B0ED1
Y,12.39,1.0,1.19197296576765,5875ABA30CF757AE1F3EAC2BEF20ED87807B9A1720FB19385E106DF5FF7B0ED1
Y,12.4,1.0,1.19412394779906,5875ABA30CF757AE1F3EAC2BEF20ED87807B9A1720FB19385E106DF5FF7B0ED1
Y,12.41,1.0,1.19622472259981,5875ABA30CF757AE1F3EAC2BEF20ED87807B9A1720FB19385E106DF5FF7B0ED1
Y,12.42,1.0,1.19827548415367,5875ABA30CF757AE1F3EAC2BEF20ED87807B9A1720FB19385E106DF5FF7B0ED1
Y,12.43,1.0,1.20027643340088,5875ABA30CF757AE1F3EAC2BEF20ED87807B9A1720FB19385E106DF5FF7B0ED1
Y,12.44,1.0,1.2022277782382,5875ABA30CF757AE1F3EAC2BEF20ED87807B9A1720FB19385E106DF5FF7B0ED1
Y,12.45,1.0,1.20412973351889,5875ABA30CF757AE1F3EAC2BEF20ED87807B9A1720FB19385E106DF5FF7B0ED1
Y,12.46,1.0,1.20598252105266,5875ABA30CF757AE1F3EAC2BEF20ED87807B9A1720FB19385E106DF5FF7B0ED1
Y,12.47,1.0,1.20778636960577,5875ABA30CF757AE1F3EAC2BEF20ED87807B9A1720FB19385E106DF5FF7B0ED1
Y,12.48,1.0,1.20954151490094,5875ABA30CF757AE1F3EAC2BEF20ED87807B9A1720FB19385E106DF5FF7B0ED1
Y,12.49,1.0,1.2112481996174,5875ABA30CF757AE1F3EAC2BEF20ED87807B9A1720FB19385E106DF5FF7B0ED1
Y,12.5,1.0,1.21290667339085,5875ABA30CF757AE1F3EAC2BEF20ED87807B9A1720FB19385E106DF5FF7B0ED1
Y,12.51,1.0,1.21451719281352,5875ABA30CF757AE1F3EAC2BEF20ED87807B9A1720FB19385E106DF5FF7B0ED1
Y,12.52,1.0,1.21607935450974,5875ABA30CF757AE1F3EAC2BEF20ED87807B9A1720FB19385E106DF5FF7B0ED1
Y,12.53,1.0,1.21759359286932,5875ABA30CF757AE1F3EAC2BEF20ED87807B9A1720FB19385E106DF5FF7B0ED1
Y,12.54,1.0,1.21906043753254,5875ABA30CF757AE1F3EAC2BEF20ED87807B9A1720FB19385E106DF5FF7B0ED1
Y,12.55,1.0,1.22048014839526,5875ABA30CF757AE1F3EAC2BEF20ED87807B9A1720FB19385E106DF5FF7B0ED1
Y,12.56,1.0,1.22185299133625,5875ABA30CF757AE1F3EAC2BEF20ED87807B9A1720FB19385E106DF5FF7B0ED1
Y,12.57,1.0,1.22317923821718,5875ABA30CF757AE1F3EAC2BEF20ED87807B9A1720FB19385E106DF5FF7B0ED1
Y,12.58,1.0,1.22445916688262,5875ABA30CF757AE1F3EAC2BEF20ED87807B9A1720FB19385E106DF5FF7B0ED1
Y,12.59,1.0,1.22569306116006,5875ABA30CF757AE1F3EAC2BEF20ED87807B9A1720FB19385E106DF5FF7B0ED1
Y,12.6,1.0,1.22688121085988,5875ABA30CF757AE1F3EAC2BEF20ED87807B9A1720FB19385E106DF5FF7B0ED1
Y,12.61,1.0,1.22802391177535,5875ABA30CF757AE1F3EAC2BEF20ED87807B9A1720FB19385E106DF5FF7B0ED1
Y,12.62,1.0,1.22912146568266,5875ABA30CF757AE1F3EAC2BEF20ED87807B9A1720FB19385E106DF5FF7B0ED1
Y,12.63,1.0,1.2301741803409,5875ABA30CF757AE1F3EAC2BEF20ED87807B9A1720FB19385E106DF5FF7B0ED1
Y,12.64,1.0,1.23118236949206,5875ABA30CF757AE1F3EAC2BEF20ED87807B9A1720FB19385E106DF5FF7B0ED1
Y,12.65,1.0,1.23214635286103,5875ABA30CF757AE1F3EAC2BEF20ED87807B9A1720FB19385E106DF5FF7B0ED1
Y,12.66,1.0,1.2330664561556,5875ABA30CF757AE1F3EAC2BEF20ED87807B9A1720FB19385E106DF5FF7B0ED1
Y,12.67,1.0,1.23394301106647,5875ABA30CF757AE1F3EAC2BEF20ED87807B9A1720FB19385E106DF5FF7B0ED1
Y,12.68,1.0,1.23477635526725,5875ABA30CF757AE1F3EAC2BEF20ED87807B9A1720FB19385E106DF5FF7B0ED1
Y,12.69,1.0,1.23556569307681,5875ABA30CF757AE1F3EAC2BEF20ED87807B9A1720FB19385E106DF5FF7B0ED1
Y,12.7,1.0,1.23631173755735,5875ABA30CF757AE1F3EAC2BEF20ED87807B9A1720FB19385E106DF5FF7B0ED1
Y,12.71,1.0,1.2370152334977,5875ABA30CF757AE1F3EAC2BEF20ED87807B9A1720FB19385E106DF5FF7B0ED1
Y,12.72,1.0,1.23767650684026,5875ABA30CF757AE1F3EAC2BEF20ED87807B9A1720FB19385E106DF5FF7B0ED1
Y,12.73,1.0,1.23829588817313,5875ABA30CF757AE1F3EAC2BEF20ED87807B9A1720FB19385E106DF5FF7B0ED1
Y,12.74,1.0,1.23887371273012,5875ABA30CF757AE1F3EAC2BEF20ED87807B9A1720FB19385E106DF5FF7B0ED1
Y,12.75,1.0,1.23941032039077,5875ABA30CF757AE1F3EAC2BEF20ED87807B9A1720FB19385E106DF5FF7B0ED1
Y,12.76,1.0,1.2399060556803,5875ABA30CF757AE1F3EAC2BEF20ED87807B9A1720FB19385E106DF5FF7B0ED1
Y,12.77,1.0,1.24036126776966,5875ABA30CF757AE1F3EAC2BEF20ED87807B9A1720FB19385E106DF5FF7B0ED1
Y,12.78,1.0,1.24077631047548,5875ABA30CF757AE1F3EAC2BEF20ED87807B9A1720FB19385E106DF5FF7B0ED1
Y,12.79,1.0,1.24115154226012,5875ABA30CF757AE1F3EAC2BEF20ED87807B9A1720FB19385E106DF5FF7B0ED1
Y,12.8,1.0,1.24148732623166,5875ABA30CF757AE1F3EAC2BEF20ED87807B9A1720FB19385E106DF5FF7B0ED1
Y,12.81,1.0,1.24178403014386,5875ABA30CF757AE1F3EAC2BEF20ED87807B9A1720FB19385E106DF5FF7B0ED1
Y,12.82,1.0,1.2420420263962,5875ABA30CF757AE1F3EAC2BEF20ED87807B9A1720FB19385E106DF5FF7B0ED1
Y,12.83,1.0,1.24226169203387,5875ABA30CF757AE1F3EAC2BEF20ED87807B9A1720FB19385E106DF5FF7B0ED1
Y,12.84,1.0,1.24244340874778,5875ABA30CF757AE1F3EAC2BEF20ED87807B9A1720FB19385E106DF5FF7B0ED1
Y,12.85,1.0,1.24258756287451,5875ABA30CF757AE1F3EAC2BEF20ED87807B9A1720FB19385E106DF5FF7B0ED1
Y,12.86,1.0,1.2426945453964,5875ABA30CF757AE1F3EAC2BEF20ED87807B9A1720FB19385E106DF5FF7B0ED1
Y,12.87,1.0,1.24276475194147,5875ABA30CF757AE1F3EAC2BEF20ED87807B9A1720FB19385E106DF5FF7B0ED1
Y,12.88,1.0,1.24279734961142,5875ABA30CF757AE1F3EAC2BEF20ED87807B9A1720FB19385E106DF5FF7B0ED1
Y,12.89,1.0,1.24279337330461,5875ABA30CF757AE1F3EAC2BEF20ED87807B9A1720FB19385E106DF5FF7B0ED1
Y,12.9,1.0,1.242753444899,5875ABA30CF757AE1F3EAC2BEF20ED87807B9A1720FB19385E106DF5FF7B0ED1
Y,12.91,1.0,1.24267793511025,5875ABA30CF757AE1F3EAC2BEF20ED87807B9A1720FB19385E106DF5FF7B0ED1
Y,12.92,1.0,1.24256721664768,5875ABA30CF757AE1F3EAC2BEF20ED87807B9A1720FB19385E106DF5FF7B0ED1
Y,12.93,1.0,1.24242166414355,5875ABA30CF757AE1F3EAC2BEF20ED87807B9A1720FB19385E106DF5FF7B0ED1
Y,12.94,1.0,1.24224165408234,5875ABA30CF757AE1F3EAC2BEF20ED87807B9A1720FB19385E106DF5FF7B0ED1
Y,12.95,1.0,1.24202756473,5875ABA30CF757AE1F3EAC2BEF20ED87807B9A1720FB19385E106DF5FF7B0ED1
Y,12.96,1.0,1.24177977606326,5875ABA30CF757AE1F3EAC2BEF20ED87807B9A1720FB19385E106DF5FF7B0ED1
Y,12.97,1.0,1.2414986696989,5875ABA30CF757AE1F3EAC2BEF20ED87807B9A1720FB19385E106DF5FF7B0ED1
Y,12.98,1.0,1.241184628823,5875ABA30CF757AE1F3EAC2BEF20ED87807B9A1720FB19385E106DF5FF7B0ED1
Y,12.99,1.0,1.24083803812023,5875ABA30CF757AE1F3EAC2BEF20ED87807B9A1720FB19385E106DF5FF7B0ED1
Y,13.0,1.0,1.24045928370314,5875ABA30CF757AE1F3EAC2BEF20ED87807B9A1720FB19385E106DF5FF7B0ED1
Y,13.01,1.0,1.24004875304142,5875ABA30CF757AE1F3EAC2BEF20ED87807B9A1720FB19385E106DF5FF7B0ED1
Y,13.02,1.0,1.23960683489118,5875ABA30CF757AE1F3EAC2BEF20ED87807B9A1720FB19385E106DF5FF7B0ED1
Y,13.03,1.0,1.23913391922424,5875ABA30CF757AE1F3EAC2BEF20ED87807B9A1720FB19385E106DF5FF7B0ED1
Y,13.04,1.0,1.23863039715736,5875ABA30CF757AE1F3EAC2BEF20ED87807B9A1720FB19385E106DF5FF7B0ED1
Y,13.05,1.0,1.23809666088158,5875ABA30CF757AE1F3EAC2BEF20ED87807B9A1720FB19385E106DF5FF7B0ED1
Y,13.06,1.0,1.23753310359144,5875ABA30CF757AE1F3EAC2BEF20ED87807B9A1720FB19385E106DF5FF7B0ED1
Y,13.07,1.0,1.23694011941431,5875ABA30CF757AE1F3EAC2BEF20ED87807B9A1720FB19385E106DF5FF7B0ED1
Y,13.08,1.0,1.23631771537796,5875ABA30CF757AE1F3EAC2BEF20ED87807B9A1720FB19385E106DF5FF7B0ED1
Y,13.09,1.0,1.23566636118859,5875ABA30CF757AE1F3EAC2BEF20ED87807B9A1720FB19385E106DF5FF7B0ED1
Y,13.1,1.0,1.23498662585459,5875ABA30CF757AE1F3EAC2BEF20ED87807B9A1720FB19385E106DF5FF7B0ED1
Y,13.11,1.0,1.2342788917617,5875ABA30CF757AE1F3EAC2BEF20ED87807B9A1720FB19385E106DF5FF7B0ED1
Y,13.12,1.0,1.23354354103259,5875ABA30CF757AE1F3EAC2BEF20ED87807B9A1720FB19385E106DF5FF7B0ED1
Y,13.13,1.0,1.23278095543512,5875ABA30CF757AE1F3EAC2BEF20ED87807B9A1720FB19385E106DF5FF7B0ED1
Y,13.14,1.0,1.23199151629062,5875ABA30CF757AE1F3EAC2BEF20ED87807B9A1720FB19385E106DF5FF7B0ED1
Y,13.15,1.0,1.23117560438217,5875ABA30CF757AE1F3EAC2BEF20ED87807B9A1720FB19385E106DF5FF7B0ED1
Y,13.16,1.0,1.2303335998628,5875ABA30CF757AE1F3EAC2BEF20ED87807B9A1720FB19385E106DF5FF7B0ED1
Y,13.17,1.0,1.22946588216385,5875ABA30CF757AE1F3EAC2BEF20ED87807B9A1720FB19385E106DF5FF7B0ED1
Y,13.18,1.0,1.22857282990317,5875ABA30CF757AE1F3EAC2BEF20ED87807B9A1720FB19385E106DF5FF7B0ED1
Y,13.19,1.0,1.22765482079339,5875ABA30CF757AE1F3EAC2BEF20ED87807B9A1720FB19385E106DF5FF7B0ED1
Y,13.2,1.0,1.22671223155023,5875ABA30CF757AE1F3EAC2BEF20ED87807B9A1720FB19385E106DF5FF7B0ED1
Y,13.21,1.0,1.22574543780074,5875ABA30CF757AE1F3EAC2BEF20ED87807B9A1720FB19385E106DF5FF7B0ED1
Y,13.22,1.0,1.22475481399153,5875ABA30CF757AE1F3EAC2BEF20ED87807B9A1720FB19385E106DF5FF7B0ED1
Y,13.23,1.0,1.22374073329712,5875ABA30CF757AE1F3EAC2BEF20ED87807B9A1720FB19385E106DF5FF7B0ED1
Y,13.24,1.0,1.22270356752813,5875ABA30CF757AE1F3EAC2BEF20ED87807B9A1720FB19385E106DF5FF7B0ED1
Y,13.25,1.0,1.22164368703958,5875ABA30CF757AE1F3EAC2BEF20ED87807B9A1720FB19385E106DF5FF7B0ED1
Y,13.26,1.0,1.22056146063915,5875ABA30CF757AE1F3EAC2BEF20ED87807B9A1720FB19385E106DF5FF7B0ED1
Y,13.27,1.0,1.21945725549547,5875ABA30CF757AE1F3EAC2BEF20ED87807B9A1720FB19385E106DF5FF7B0ED1
Y,13.28,1.0,1.21833143704633,5875ABA30CF757AE1F3EAC2BEF20ED87807B9A1720FB19385E106DF5FF7B0ED1
Y,13.29,1.0,1.21718501972273,5875ABA30CF757AE1F3EAC2BEF20ED87807B9A1720FB19385E106DF5FF7B0ED1
Y,13.3,1.0,1.21601795040213,5875ABA30CF757AE1F3EAC2BEF20ED87807B9A1720FB19385E106DF5FF7B0ED1
Y,13.31,1.0,1.21483052076701,5875ABA30CF757AE1F3EAC2BEF20ED87807B9A1720FB19385E106DF5FF7B0ED1
Y,13.32,1.0,1.2136231049444,5875ABA30CF757AE1F3EAC2BEF20ED87807B9A1720FB19385E106DF5FF7B0ED1
Y,13.33,1.0,1.21239607576085,5875ABA30CF757AE1F3EAC2BEF20ED87807B9A1720FB19385E106DF5FF7B0ED1
Y,13.34,1.0,1.21114980467158,5875ABA30CF757AE1F3EAC2BEF20ED87807B9A1720FB19385E106DF5FF7B0ED1
Y,13.35,1.0,1.20988466168962,5875ABA30CF757AE1F3EAC2BEF20ED87807B9A1720FB19385E106DF5FF7B0ED1
Y,13.36,1.0,1.208601015315,5875ABA30CF757AE1F3EAC2BEF20ED87807B9A1720FB19385E106DF5FF7B0ED1
Y,13.37,1.0,1.2072992324639,5875ABA30CF757AE1F3EAC2BEF20ED87807B9A1720FB19385E106DF5FF7B0ED1
Y,13.38,1.0,1.2059796783978,5875ABA30CF757AE1F3EAC2BEF20ED87807B9A1720FB19385E106DF5FF7B0ED1
Y,13.39,1.0,1.20464271665266,5875ABA30CF757AE1F3EAC2BEF20ED87807B9A1720FB19385E106DF5FF7B0ED1
Y,13.4,1.0,1.20328870896805,5875ABA30CF757AE1F3EAC2BEF20ED87807B9A1720FB19385E106DF5FF7B0ED1
Y,13.41,1.0,1.20191801521637,5875ABA30CF757AE1F3EAC2BEF20ED87807B9A1720FB19385E106DF5FF7B0ED1
Y,13.42,1.0,1.20053099333195,5875ABA30CF757AE1F3EAC2BEF20ED87807B9A1720FB19385E106DF5FF7B0ED1
Y,13.43,1.0,1.19912799924023,5875ABA30CF757AE1F3EAC2BEF20ED87807B9A1720FB19385E106DF5FF7B0ED1
Y,13.44,1.0,1.19770938678694,5875ABA30CF757AE1F3EAC2BEF20ED87807B9A1720FB19385E106DF5FF7B0ED1
Y,13.45,1.0,1.19627550766724,5875ABA30CF757AE1F3EAC2BEF20ED87807B9A1720FB19385E106DF5FF7B0ED1
Y,13.46,1.0,1.19482671135489,5875ABA30CF757AE1F3EAC2BEF20ED87807B9A1720FB19385E106DF5FF7B0ED1
Y,13.47,1.0,1.1933633450314,5875ABA30CF757AE1F3EAC2BEF20ED87807B9A1720FB19385E106DF5FF7B0ED1
Y,13.48,1.0,1.19188575351522,5875ABA30CF757AE1F3EAC2BEF20ED87807B9A1720FB19385E106DF5FF7B0ED1
Y,13.49,1.0,1.19039427919087,5875ABA30CF757AE1F3EAC2BEF20ED87807B9A1720FB19385E106DF5FF7B0ED1
Y,13.5,1.0,1.1888892619381,5875ABA30CF757AE1F3EAC2BEF20ED87807B9A1720FB19385E106DF5FF7B0ED1
Y,13.51,1.0,1.18737193325605,5875ABA30CF757AE1F3EAC2BEF20ED87807B9A1720FB19385E106DF5FF7B0ED1
Y,13.52,1.0,1.18584194096042,5875ABA30CF757AE1F3EAC2BEF20ED87807B9A1720FB19385E106DF5FF7B0ED1
Y,13.53,1.0,1.18429960716773,5875ABA30CF757AE1F3EAC2BEF20ED87807B9A1720FB19385E106DF5FF7B0ED1
Y,13.54,1.0,1.1827452794869,5875ABA30CF757AE1F3EAC2BEF20ED87807B9A1720FB19385E106DF5FF7B0ED1
Y,13.55,1.0,1.18117930361086,5875ABA30CF757AE1F3EAC2BEF20ED87807B9A1720FB19385E106DF5FF7B0ED1
Y,13.56,1.0,1.17960202326672,5875ABA30CF757AE1F3EAC2BEF20ED87807B9A1720FB19385E106DF5FF7B0ED1
Y,13.57,1.0,1.17801378016599,5875ABA30CF757AE1F3EAC2BEF20ED87807B9A1720FB19385E106DF5FF7B0ED1
Y,13.58,1.0,1.17641491395477,5875ABA30CF757AE1F3EAC2BEF20ED87807B9A1720FB19385E106DF5FF7B0ED1
Y,13.59,1.0,1.17480576216397,5875ABA30CF757AE1F3EAC2BEF20ED87807B9A1720FB19385E106DF5FF7B0ED1
Y,13.6,1.0,1.17318666015955,5875ABA30CF757AE1F3EAC2BEF20ED87807B9A1720FB19385E106DF5FF7B0ED1
Y,13.61,1.0,1.17155794109265,5875ABA30CF757AE1F3EAC2BEF20ED87807B9A1720FB19385E106DF5FF7B0ED1
Y,13.62,1.0,1.16991993584987,5875ABA30CF757AE1F3EAC2BEF20ED87807B9A1720FB19385E106DF5FF7B0ED1
Y,13.63,1.0,1.16827297300345,5875ABA30CF757AE1F3EAC2BEF20ED87807B9A1720FB19385E106DF5FF7B0ED1
Y,13.64,1.0,1.16661737876147,5875ABA30CF757AE1F3EAC2BEF20ED87807B9A1720FB19385E106DF5FF7B0ED1
Y,13.65,1.0,1.16495347691806,5875ABA30CF757AE1F3EAC2BEF20ED87807B9A1720FB19385E106DF5FF7B0ED1
Y,13.66,1.0,1.16328158880363,5875ABA30CF757AE1F3EAC2BEF20ED87807B9A1720FB19385E106DF5FF7B0ED1
Y,13.67,1.0,1.16160203323503,5875ABA30CF757AE1F3EAC2BEF20ED87807B9A1720FB19385E106DF5FF7B0ED1
Y,13.68,1.0,1.15991512646582,5875ABA30CF757AE1F3EAC2BEF20ED87807B9A1720FB19385E106DF5FF7B0ED1
Y,13.69,1.0,1.15822118213641,5875ABA30CF757AE1F3EAC2BEF20ED87807B9A1720FB19385E106DF5FF7B0ED1
Y,13.7,1.0,1.15652051122434,5875ABA30CF757AE1F3EAC2BEF20ED87807B9A1720FB19385E106DF5FF7B0ED1
Y,13.71,1.0,1.15481342199441,5875ABA30CF757AE1F3EAC2BEF20ED87807B9A1720FB19385E106DF5FF7B0ED1
Y,13.72,1.0,1.15310021994895,5875ABA30CF757AE1F3EAC2BEF20ED87807B9A1720FB19385E106DF5FF7B0ED1
Y,13.73,1.0,1.151381207778,5875ABA30CF757AE1F3EAC2BEF20ED87807B9A1720FB19385E106DF5FF7B0ED1
Y,13.74,1.0,1.14965732532406,5875ABA30CF757AE1F3EAC2BEF20ED87807B9A1720FB19385E106DF5FF7B0ED1
Y,13.75,1.0,1.14792851497611,5875ABA30CF757AE1F3EAC2BEF20ED87807B9A1720FB19385E106DF5FF7B0ED1
Y,13.76,1.0,1.14619494514897,5875ABA30CF757AE1F3EAC2BEF20ED87807B9A1720FB19385E106DF5FF7B0ED1
Y,13.77,1.0,1.14445692110142,5875ABA30CF757AE1F3EAC2BEF20ED87807B9A1720FB19385E106DF5FF7B0ED1
Y,13.78,1.0,1.14271474573091,5875ABA30CF757AE1F3EAC2BEF20ED87807B9A1720FB19385E106DF5FF7B0ED1
Y,13.79,1.0,1.14096871953868,5875ABA30CF757AE1F3EAC2BEF20ED87807B9A1720FB19385E106DF5FF7B0ED1
Y,13.8,1.0,1.13921914059497,5875ABA30CF757AE1F3EAC2BEF20ED87807B9A1720FB19385E106DF5FF7B0ED1
Y,13.81,1.0,1.13746630450412,5875ABA30CF757AE1F3EAC2BEF20ED87807B9A1720FB19385E106DF5FF7B0ED1
Y,13.82,1.0,1.13571050436976,5875ABA30CF757AE1F3EAC2BEF20ED87807B9A1720FB19385E106DF5FF7B0ED1
Y,13.83,1.0,1.13395203075995,5875ABA30CF757AE1F3EAC2BEF20ED87807B9A1720FB19385E106DF5FF7B0ED1
Y,13.84,1.0,1.13219117167236,5875ABA30CF757AE1F3EAC2BEF20ED87807B9A1720FB19385E106DF5FF7B0ED1
Y,13.85,1.0,1.13042821249939,5875ABA30CF757AE1F3EAC2BEF20ED87807B9A1720FB19385E106DF5FF7B0ED1
Y,13.86,1.0,1.12866343599335,5875ABA30CF757AE1F3EAC2BEF20ED87807B9A1720FB19385E106DF5FF7B0ED1
Y,13.87,1.0,1.12689712223158,5875ABA30CF757AE1F3EAC2BEF20ED87807B9A1720FB19385E106DF5FF7B0ED1
Y,13.88,1.0,1.12512954858168,5875ABA30CF757AE1F3EAC2BEF20ED87807B9A1720FB19385E106DF5FF7B0ED1
Y,13.89,1.0,1.12336098966659,5875ABA30CF757AE1F3EAC2BEF20ED87807B9A1720FB19385E106DF5FF7B0ED1
Y,13.9,1.0,1.12159171732976,5875ABA30CF757AE1F3EAC2BEF20ED87807B9A1720FB19385E106DF5FF7B0ED1
Y,13.91,1.0,1.11982200060034,5875ABA30CF757AE1F3EAC2BEF20ED87807B9A1720FB19385E106DF5FF7B0ED1
Y,13.92,1.0,1.11805210565832,5875ABA30CF757AE1F3EAC2BEF20ED87807B9A1720FB19385E106DF5FF7B0ED1
Y,13.93,1.0,1.11628229579964,5875ABA30CF757AE1F3EAC2BEF20ED87807B9A1720FB19385E106DF5FF7B0ED1
Y,13.94,1.0,1.11451283140144,5875ABA30CF757AE1F3EAC2BEF20ED87807B9A1720FB19385E106DF5FF7B0ED1
Y,13.95,1.0,1.1127439698871,5875ABA30CF757AE1F3EAC2BEF20ED87807B9A1720FB19385E106DF5FF7B0ED1
Y,13.96,1.0,1.11097596569151,5875ABA30CF757AE1F3EAC2BEF20ED87807B9A1720FB19385E106DF5FF7B0ED1
Y,13.97,1.0,1.10920907022613,5875ABA30CF757AE1F3EAC2BEF20ED87807B9A1720FB19385E106DF5FF7B0ED1
Y,13.98,1.0,1.10744370071129,5875ABA30CF757AE1F3EAC2BEF20ED87807B9A1720FB19385E106DF5FF7B0ED1
Y,13.99,1.0,1.10568000228259,5875ABA30CF757AE1F3EAC2BEF20ED87807B9A1720FB19385E106DF5FF7B0ED1
Y,14.0,1.0,1.1039181877906,5875ABA30CF757AE1F3EAC2BEF20ED87807B9A1720FB19385E106DF5FF7B0ED1
Y,14.01,1.0,1.10215849959317,5875ABA30CF757AE1F3EAC2BEF20ED87807B9A1720FB19385E106DF5FF7B0ED1
Y,14.02,1.0,1.10040117700941,5875ABA30CF757AE1F3EAC2BEF20ED87807B9A1720FB19385E106DF5FF7B0ED1
Y,14.03,1.0,1.09864645628807,5875ABA30CF757AE1F3EAC2BEF20ED87807B9A1720FB19385E106DF5FF7B0ED1
Y,14.04,1.0,1.09689457057596,5875ABA30CF757AE1F3EAC2BEF20ED87807B9A1720FB19385E106DF5FF7B0ED1
Y,14.05,1.0,1.09514574988634,5875ABA30CF757AE1F3EAC2BEF20ED87807B9A1720FB19385E106DF5FF7B0ED1
Y,14.06,1.0,1.09340022106739,5875ABA30CF757AE1F3EAC2BEF20ED87807B9A1720FB19385E106DF5FF7B0ED1
Y,14.07,1.0,1.09165820777054,5875ABA30CF757AE1F3EAC2BEF20ED87807B9A1720FB19385E106DF5FF7B0ED1
Y,14.08,1.0,1.08991993041892,5875ABA30CF757AE1F3EAC2BEF20ED87807B9A1720FB19385E106DF5FF7B0ED1
Y,14.09,1.0,1.08818560617576,5875ABA30CF757AE1F3EAC2BEF20ED87807B9A1720FB19385E106DF5FF7B0ED1
Y,14.1,1.0,1.08645544891282,5875ABA30CF757AE1F3EAC2BEF20ED87807B9A1720FB19385E106DF5FF7B0ED1
Y,14.11,1.0,1.08472966917876,5875ABA30CF757AE1F3EAC2BEF20ED87807B9A1720FB19385E106DF5FF7B0ED1
Y,14.12,1.0,1.08300847416757,5875ABA30CF757AE1F3EAC2BEF20ED87807B9A1720FB19385E106DF5FF7B0ED1
Y,14.13,1.0,1.08129206768701,5875ABA30CF757AE1F3EAC2BEF20ED87807B9A1720FB19385E106DF5FF7B0ED1
Y,14.14,1.0,1.07958065012693,5875ABA30CF757AE1F3EAC2BEF20ED87807B9A1720FB19385E106DF5FF7B0ED1
Y,14.15,1.0,1.0778744184278,5875ABA30CF757AE1F3EAC2BEF20ED87807B9A1720FB19385E106DF5FF7B0ED1
Y,14.16,1.0,1.07617356604899,5875ABA30CF757AE1F3EAC2BEF20ED87807B9A1720FB19385E106DF5FF7B0ED1
Y,14.17,1.0,1.0744782829373,5875ABA30CF757AE1F3EAC2BEF20ED87807B9A1720FB19385E106DF5FF7B0ED1
Y,14.18,1.0,1.07278875549527,5875ABA30CF757AE1F3EAC2BEF20ED87807B9A1720FB19385E106DF5FF7B0ED1
Y,14.19,1.0,1.07110516654966,5875ABA30CF757AE1F3EAC2BEF20ED87807B9A1720FB19385E106DF5FF7B0ED1
Y,14.2,1.0,1.06942769531982,5875ABA30CF757AE1F3EAC2BEF20ED87807B9A1720FB19385E106DF5FF7B0ED1
Y,14.21,1.0,1.06775651738609,5875ABA30CF757AE1F3EAC2BEF20ED87807B9A1720FB19385E106DF5FF7B0ED1
Y,14.22,1.0,1.06609180465826,5875ABA30CF757AE1F3EAC2BEF20ED87807B9A1720FB19385E106DF5FF7B0ED1
Y,14.23,1.0,1.06443375637501,5875ABA30CF757AE1F3EAC2BEF20ED87807B9A1720FB19385E106DF5FF7B0ED1
Y,14.24,1.0,1.06278353932512,5875ABA30CF757AE1F3EAC2BEF20ED87807B9A1720FB19385E106DF5FF7B0ED1
Y,14.25,1.0,1.06114045763614,5875ABA30CF757AE1F3EAC2BEF20ED87807B9A1720FB19385E106DF5FF7B0ED1
Y,14.26,1.0,1.05950468298098,5875ABA30CF757AE1F3EAC2BEF20ED87807B9A1720FB19385E106DF5FF7B0ED1
Y,14.27,1.0,1.05787638387231,5875ABA30CF757AE1F3EAC2BEF20ED87807B9A1720FB19385E106DF5FF7B0ED1
Y,14.28,1.0,1.05625572564418,5875ABA30CF757AE1F3EAC2BEF20ED87807B9A1720FB19385E106DF5FF7B0ED1
Y,14.29,1.0,1.05464287043359,5875ABA30CF757AE1F3EAC2BEF20ED87807B9A1720FB19385E106DF5FF7B0ED1
Y,14.3,1.0,1.05303797716209,5875ABA30CF757AE1F3EAC2BEF20ED87807B9A1720FB19385E106DF5FF7B0ED1
Y,14.31,1.0,1.05144120151734,5875ABA30CF757AE1F3EAC2BEF20ED87807B9A1720FB19385E106DF5FF7B0ED1
Y,14.32,1.0,1.04985269593475,5875ABA30CF757AE1F3EAC2BEF20ED87807B9A1720FB19385E106DF5FF7B0ED1
Y,14.33,1.0,1.04827260957902,5875ABA30CF757AE1F3EAC2BEF20ED87807B9A1720FB19385E106DF5FF7B0ED1
Y,14.34,1.0,1.04670108832577,5875ABA30CF757AE1F3EAC2BEF20ED87807B9A1720FB19385E106DF5FF7B0ED1
Y,14.35,1.0,1.0451382747431,5875ABA30CF757AE1F3EAC2BEF20ED87807B9A1720FB19385E106DF5FF7B0ED1
Y,14.36,1.0,1.04358430807321,5875ABA30CF757AE1F3EAC2BEF20ED87807B9A1720FB19385E106DF5FF7B0ED1
Y,14.37,1.0,1.04203932421396,5875ABA30CF757AE1F3EAC2BEF20ED87807B9A1720FB19385E106DF5FF7B0ED1
Y,14.38,1.0,1.04050345570048,5875ABA30CF757AE1F3EAC2BEF20ED87807B9A1720FB19385E106DF5FF7B0ED1
Y,14.39,1.0,1.03897683168674,5875ABA30CF757AE1F3EAC2BEF20ED87807B9A1720FB19385E106DF5FF7B0ED1
Y,14.4,1.0,1.03745957792718,5875ABA30CF757AE1F3EAC2BEF20ED87807B9A1720FB19385E106DF5FF7B0ED1
Y,14.41,1.0,1.03595181675824,5875ABA30CF757AE1F3EAC2BEF20ED87807B9A1720FB19385E106DF5FF7B0ED1
Y,14.42,1.0,1.03445366708001,5875ABA30CF757AE1F3EAC2BEF20ED87807B9A1720FB19385E106DF5FF7B0ED1
Y,14.43,1.0,1.03296524433778,5875ABA30CF757AE1F3EAC2BEF20ED87807B9A1720FB19385E106DF5FF7B0ED1
Y,14.44,1.0,1.03148666050366,5875ABA30CF757AE1F3EAC2BEF20ED87807B9A1720FB19385E106DF5FF7B0ED1
Y,14.45,1.0,1.03001802405813,5875ABA30CF757AE1F3EAC2BEF20ED87807B9A1720FB19385E106DF5FF7B0ED1
Y,14.46,1.0,1.02855943997167,5875ABA30CF757AE1F3EAC2BEF20ED87807B9A1720FB19385E106DF5FF7B0ED1
Y,14.47,1.0,1.02711100968632,5875ABA30CF757AE1F3EAC2BEF20ED87807B9A1720FB19385E106DF5FF7B0ED1
Y,14.48,1.0,1.02567283109731,5875ABA30CF757AE1F3EAC2BEF20ED87807B9A1720FB19385E106DF5FF7B0ED1
Y,14.49,1.0,1.0242449985346,5875ABA30CF757AE1F3EAC2BEF20ED87807B9A1720FB19385E106DF5FF7B0ED1
Y,14.5,1.0,1.0228276027445,5875ABA30CF757AE1F3EAC2BEF20ED87807B9A1720FB19385E106DF5FF7B0ED1
Y,14.51,1.0,1.02142169846206,5875ABA30CF757AE1F3EAC2BEF20ED87807B9A1720FB19385E106DF5FF7B0ED1
Y,14.52,1.0,1.02002701498146,5875ABA30CF757AE1F3EAC2BEF20ED87807B9A1720FB19385E106DF5FF7B0ED1
Y,14.53,1.0,1.01864325497916,5875ABA30CF757AE1F3EAC2BEF20ED87807B9A1720FB19385E106DF5FF7B0ED1
Y,14.54,1.0,1.01727051287152,5875ABA30CF757AE1F3EAC2BEF20ED87807B9A1720FB19385E106DF5FF7B0ED1
Y,14.55,1.0,1.01590888016514,5875ABA30CF757AE1F3EAC2BEF20ED87807B9A1720FB19385E106DF5FF7B0ED1
Y,14.56,1.0,1.01455844545252,5875ABA30CF757AE1F3EAC2BEF20ED87807B9A1720FB19385E106DF5FF7B0ED1
Y,14.57,1.0,1.01321929440785,5875ABA30CF757AE1F3EAC2BEF20ED87807B9A1720FB19385E106DF5FF7B0ED1
Y,14.58,1.0,1.01189150978263,5875ABA30CF757AE1F3EAC2BEF20ED87807B9A1720FB19385E106DF5FF7B0ED1
Y,14.59,1.0,1.01057517140142,5875ABA30CF757AE1F3EAC2BEF20ED87807B9A1720FB19385E106DF5FF7B0ED1
Y,14.6,1.0,1.00927035615754,5875ABA30CF757AE1F3EAC2BEF20ED87807B9A1720FB19385E106DF5FF7B0ED1
Y,14.61,1.0,1.00797713800877,5875ABA30CF757AE1F3EAC2BEF20ED87807B9A1720FB19385E106DF5FF7B0ED1
Y,14.62,1.0,1.00669558797305,5875ABA30CF757AE1F3EAC2BEF20ED87807B9A1720FB19385E106DF5FF7B0ED1
Y,14.63,1.0,1.00542577412419,5875ABA30CF757AE1F3EAC2BEF20ED87807B9A1720FB19385E106DF5FF7B0ED1
Y,14.64,1.0,1.00416776158758,5875ABA30CF757AE1F3EAC2BEF20ED87807B9A1720FB19385E106DF5FF7B0ED1
Y,14.65,1.0,1.00292161253588,5875ABA30CF757AE1F3EAC2BEF20ED87807B9A1720FB19385E106DF5FF7B0ED1
Y,14.66,1.0,1.00168738618473,5875ABA30CF757AE1F3EAC2BEF20ED87807B9A1720FB19385E106DF5FF7B0ED1
Y,14.67,1.0,1.00046513878848,5875ABA30CF757AE1F3EAC2BEF20ED87807B9A1720FB19385E106DF5FF7B0ED1
Y,14.68,1.0,0.999254923635847,5875ABA30CF757AE1F3EAC2BEF20ED87807B9A1720FB19385E106DF5FF7B0ED1
Y,14.69,1.0,0.998056791045662,5875ABA30CF757AE1F3EAC2BEF20ED87807B9A1720FB19385E106DF5FF7B0ED1
Y,14.7,1.0,0.996870788362552,5875ABA30CF757AE1F3EAC2BEF20ED87807B9A1720FB19385E106DF5FF7B0ED1
Y,14.71,1.0,0.995696959952652,5875ABA30CF757AE1F3EAC2BEF20ED87807B9A1720FB19385E106DF5FF7B0ED1
Y,14.72,1.0,0.994535347199308,5875ABA30CF757AE1F3EAC2BEF20ED87807B9A1720FB19385E106DF5FF7B0ED1
Y,14.73,1.0,0.993385988498784,5875ABA30CF757AE1F3EAC2BEF20ED87807B9A1720FB19385E106DF5FF7B0ED1
Y,14.74,1.0,0.992248919255964,5875ABA30CF757AE1F3EAC2BEF20ED87807B9A1720FB19385E106DF5FF7B0ED1
Y,14.75,1.0,0.991124171880058,5875ABA30CF757AE1F3EAC2BEF20ED87807B9A1720FB19385E106DF5FF7B0ED1
Y,14.76,1.0,0.990011775780306,5875ABA30CF757AE1F3EAC2BEF20ED87807B9A1720FB19385E106DF5FF7B0ED1
Y,14.77,1.0,0.988911757361684,5875ABA30CF757AE1F3EAC2BEF20ED87807B9A1720FB19385E106DF5FF7B0ED1
Y,14.78,1.0,0.987824140020606,5875ABA30CF757AE1F3EAC2BEF20ED87807B9A1720FB19385E106DF5FF7B0ED1
Y,14.79,1.0,0.986748944140634,5875ABA30CF757AE1F3EAC2BEF20ED87807B9A1720FB19385E106DF5FF7B0ED1
Y,14.8,1.0,0.985687643744781,5875ABA30CF757AE1F3EAC2BEF20ED87807B9A1720FB19385E106DF5FF7B0ED1
Y,14.81,1.0,0.984639032952332,5875ABA30CF757AE1F3EAC2BEF20ED87807B9A1720FB19385E106DF5FF7B0ED1
Y,14.82,1.0,0.983603122663441,5875ABA30CF757AE1F3EAC2BEF20ED87807B9A1720FB19385E106DF5FF7B0ED1
Y,14.83,1.0,0.982579938265377,5875ABA30CF757AE1F3EAC2BEF20ED87807B9A1720FB19385E106DF5FF7B0ED1
Y,14.84,1.0,0.981569502789955,5875ABA30CF757AE1F3EAC2BEF20ED87807B9A1720FB19385E106DF5FF7B0ED1
Y,14.85,1.0,0.98057183692106,5875ABA30CF757AE1F3EAC2BEF20ED87807B9A1720FB19385E106DF5FF7B0ED1
Y,14.86,1.0,0.979586959002157,5875ABA30CF757AE1F3EAC2BEF20ED87807B9A1720FB19385E106DF5FF7B0ED1
Y,14.87,1.0,0.978614885043816,5875ABA30CF757AE1F3EAC2BEF20ED87807B9A1720FB19385E106DF5FF7B0ED1
Y,14.88,1.0,0.977655628731226,5875ABA30CF757AE1F3EAC2BEF20ED87807B9A1720FB19385E106DF5FF7B0ED1
Y,14.89,1.0,0.976709201431711,5875ABA30CF757AE1F3EAC2BEF20ED87807B9A1720FB19385E106DF5FF7B0ED1
Y,14.9,1.0,0.975775612202252,5875ABA30CF757AE1F3EAC2BEF20ED87807B9A1720FB19385E106DF5FF7B0ED1
Y,14.91,1.0,0.974854867797,5875ABA30CF757AE1F3EAC2BEF20ED87807B9A1720FB19385E106DF5FF7B0ED1
Y,14.92,1.0,0.973946972674798,5875ABA30CF757AE1F3EAC2BEF20ED87807B9A1720FB19385E106DF5FF7B0ED1
Y,14.93,1.0,0.973051929006695,5875ABA30CF757AE1F3EAC2BEF20ED87807B9A1720FB19385E106DF5FF7B0ED1
Y,14.94,1.0,0.972169736683465,5875ABA30CF757AE1F3EAC2BEF20ED87807B9A1720FB19385E106DF5FF7B0ED1
Y,14.95,1.0,0.971300393323126,5875ABA30CF757AE1F3EAC2BEF20ED87807B9A1720FB19385E106DF5FF7B0ED1
Y,14.96,1.0,0.970443894278455,5875ABA30CF757AE1F3EAC2BEF20ED87807B9A1720FB19385E106DF5FF7B0ED1
Y,14.97,1.0,0.969600232644506,5875ABA30CF757AE1F3EAC2BEF20ED87807B9A1720FB19385E106DF5FF7B0ED1
Y,14.98,1.0,0.968769399266131,5875ABA30CF757AE1F3EAC2BEF20ED87807B9A1720FB19385E106DF5FF7B0ED1
Y,14.99,1.0,0.967951382745493,5875ABA30CF757AE1F3EAC2BEF20ED87807B9A1720FB19385E106DF5FF7B0ED1
Y,15.0,1.0,0.967146169449586,5875ABA30CF757AE1F3EAC2BEF20ED87807B9A1720FB19385E106DF5FF7B0ED1
Y,15.01,1.0,0.966353743517753,5875ABA30CF757AE1F3EAC2BEF20ED87807B9A1720FB19385E106DF5FF7B0ED1
Y,15.02,1.0,0.965574086869201,5875ABA30CF757AE1F3EAC2BEF20ED87807B9A1720FB19385E106DF5FF7B0ED1
Y,15.03,1.0,0.964807179210523,5875ABA30CF757AE1F3EAC2BEF20ED87807B9A1720FB19385E106DF5FF7B0ED1
Y,15.04,1.0,0.964052998043211,5875ABA30CF757AE1F3EAC2BEF20ED87807B9A1720FB19385E106DF5FF7B0ED1
Y,15.05,1.0,0.963311518671177,5875ABA30CF757AE1F3EAC2BEF20ED87807B9A1720FB19385E106DF5FF7B0ED1
Y,15.06,1.0,0.962582714208268,5875ABA30CF757AE1F3EAC2BEF20ED87807B9A1720FB19385E106DF5FF7B0ED1
Y,15.07,1.0,0.961866555585786,5875ABA30CF757AE1F3EAC2BEF20ED87807B9A1720FB19385E106DF5FF7B0ED1
Y,15.08,1.0,0.961163011560004,5875ABA30CF757AE1F3EAC2BEF20ED87807B9A1720FB19385E106DF5FF7B0ED1
Y,15.09,1.0,0.960472364334604,5875ABA30CF757AE1F3EAC2BEF20ED87807B9A1720FB19385E106DF5FF7B0ED1
Y,15.1,1.0,0.959795113983276,5875ABA30CF757AE1F3EAC2BEF20ED87807B9A1720FB19385E106DF5FF7B0ED1
Y,15.11,1.0,0.959130535146508,5875ABA30CF757AE1F3EAC2BEF20ED87807B9A1720FB19385E106DF5FF7B0ED1
Y,15.12,1.0,0.958478599578208,5875ABA30CF757AE1F3EAC2BEF20ED87807B9A1720FB19385E106DF5FF7B0ED1
Y,15.13,1.0,0.957839277343507,5875ABA30CF757AE1F3EAC2BEF20ED87807B9A1720FB19385E106DF5FF7B0ED1
Y,15.14,1.0,0.957212536833835,5875ABA30CF757AE1F3EAC2BEF20ED87807B9A1720FB19385E106DF5FF7B0ED1
Y,15.15,1.0,0.956598344781995,5875ABA30CF757AE1F3EAC2BEF20ED87807B9A1720FB19385E106DF5FF7B0ED1
Y,15.16,1.0,0.955996666277241,5875ABA30CF757AE1F3EAC2BEF20ED87807B9A1720FB19385E106DF5FF7B0ED1
Y,15.17,1.0,0.955407464780349,5875ABA30CF757AE1F3EAC2BEF20ED87807B9A1720FB19385E106DF5FF7B0ED1
Y,15.18,1.0,0.954830702138696,5875ABA30CF757AE1F3EAC2BEF20ED87807B9A1720FB19385E106DF5FF7B0ED1
Y,15.19,1.0,0.954266338601331,5875ABA30CF757AE1F3EAC2BEF20ED87807B9A1720FB19385E106DF5FF7B0ED1
Y,15.2,1.0,0.953714332834054,5875ABA30CF757AE1F3EAC2BEF20ED87807B9A1720FB19385E106DF5FF7B0ED1
Y,15.21,1.0,0.953174641934487,5875ABA30CF757AE1F3EAC2BEF20ED87807B9A1720FB19385E106DF5FF7B0ED1
Y,15.22,1.0,0.952647221447155,5875ABA30CF757AE1F3EAC2BEF20ED87807B9A1720FB19385E106DF5FF7B0ED1
Y,15.23,1.0,0.952132025378553,5875ABA30CF757AE1F3EAC2BEF20ED87807B9A1720FB19385E106DF5FF7B0ED1
Y,15.24,1.0,0.951629006212227,5875ABA30CF757AE1F3EAC2BEF20ED87807B9A1720FB19385E106DF5FF7B0ED1
Y,15.25,1.0,0.95113811492385,5875ABA30CF757AE1F3EAC2BEF20ED87807B9A1720FB19385E106DF5FF7B0ED1
Y,15.26,1.0,0.950659300996291,5875ABA30CF757AE1F3EAC2BEF20ED87807B9A1720FB19385E106DF5FF7B0ED1
Y,15.27,1.0,0.950192512434695,5875ABA30CF757AE1F3EAC2BEF20ED87807B9A1720FB19385E106DF5FF7B0ED1
Y,15.28,1.0,0.949737695781556,5875ABA30CF757AE1F3EAC2BEF20ED87807B9A1720FB19385E106DF5FF7B0ED1
Y,15.29,1.0,0.949294796131793,5875ABA30CF757AE1F3EAC2BEF20ED87807B9A1720FB19385E106DF5FF7B0ED1
Y,15.3,1.0,0.948863757147827,5875ABA30CF757AE1F3EAC2BEF20ED87807B9A1720FB19385E106DF5FF7B0ED1
Y,15.31,1.0,0.948444521074648,5875ABA30CF757AE1F3EAC2BEF20ED87807B9A1720FB19385E106DF5FF7B0ED1
Y,15.32,1.0,0.948037028754903,5875ABA30CF757AE1F3EAC2BEF20ED87807B9A1720FB19385E106DF5FF7B0ED1
Y,15.33,1.0,0.947641219643958,5875ABA30CF757AE1F3EAC2BEF20ED87807B9A1720FB19385E106DF5FF7B0ED1
Y,15.34,1.0,0.947257031824981,5875ABA30CF757AE1F3EAC2BEF20ED87807B9A1720FB19385E106DF5FF7B0ED1
Y,15.35,1.0,0.946884402024017,5875ABA30CF757AE1F3EAC2BEF20ED87807B9A1720FB19385E106DF5FF7B0ED1
Y,15.36,1.0,0.946523265625058,5875ABA30CF757AE1F3EAC2BEF20ED87807B9A1720FB19385E106DF5FF7B0ED1
Y,15.37,1.0,0.946173556685122,5875ABA30CF757AE1F3EAC2BEF20ED87807B9A1720FB19385E106DF5FF7B0ED1
Y,15.38,1.0,0.945835207949328,5875ABA30CF757AE1F3EAC2BEF20ED87807B9A1720FB19385E106DF5FF7B0ED1
Y,15.39,1.0,0.94550815086597,5875ABA30CF757AE1F3EAC2BEF20ED87807B9A1720FB19385E106DF5FF7B0ED1
Y,15.4,1.0,0.945192586315612,5875ABA30CF757AE1F3EAC2BEF20ED87807B9A1720FB19385E106DF5FF7B0ED1
Y,15.41,1.0,0.944888547178917,5875ABA30CF757AE1F3EAC2BEF20ED87807B9A1720FB19385E106DF5FF7B0ED1
Y,15.42,1.0,0.944595672646537,5875ABA30CF757AE1F3EAC2BEF20ED87807B9A1720FB19385E106DF5FF7B0ED1
Y,15.43,1.0,0.944313894996853,5875ABA30CF757AE1F3EAC2BEF20ED87807B9A1720FB19385E106DF5FF7B0ED1
Y,15.44,1.0,0.944043145503953,5875ABA30CF757AE1F3EAC2BEF20ED87807B9A1720FB19385E106DF5FF7B0ED1
Y,15.45,1.0,0.943783354456205,5875ABA30CF757AE1F3EAC2BEF20ED87807B9A1720FB19385E106DF5FF7B0ED1
Y,15.46,1.0,0.94353445117485,5875ABA30CF757AE1F3EAC2BEF20ED87807B9A1720FB19385E106DF5FF7B0ED1
Y,15.47,1.0,0.943296364032579,5875ABA30CF757AE1F3EAC2BEF20ED87807B9A1720FB19385E106DF5FF7B0ED1
Y,15.48,1.0,0.943069020472121,5875ABA30CF757AE1F3EAC2BEF20ED87807B9A1720FB19385E106DF5FF7B0ED1
Y,15.49,1.0,0.942852347024822,5875ABA30CF757AE1F3EAC2BEF20ED87807B9A1720FB19385E106DF5FF7B0ED1
Y,15.5,1.0,0.942646269329235,5875ABA30CF757AE1F3EAC2BEF20ED87807B9A1720FB19385E106DF5FF7B0ED1
Y,15.51,1.0,0.942450712149695,5875ABA30CF757AE1F3EAC2BEF20ED87807B9A1720FB19385E106DF5FF7B0ED1
Y,15.52,1.0,0.942265599394909,5875ABA30CF757AE1F3EAC2BEF20ED87807B9A1720FB19385E106DF5FF7B0ED1
Y,15.53,1.0,0.942090854136538,5875ABA30CF757AE1F3EAC2BEF20ED87807B9A1720FB19385E106DF5FF7B0ED1
Y,15.54,1.0,0.941926398627778,5875ABA30CF757AE1F3EAC2BEF20ED87807B9A1720FB19385E106DF5FF7B0ED1
Y,15.55,1.0,0.941772154321947,5875ABA30CF757AE1F3EAC2BEF20ED87807B9A1720FB19385E106DF5FF7B0ED1
Y,15.56,1.0,0.941628041891067,5875ABA30CF757AE1F3EAC2BEF20ED87807B9A1720FB19385E106DF5FF7B0ED1
Y,15.57,1.0,0.941493981244445,5875ABA30CF757AE1F3EAC2BEF20ED87807B9A1720FB19385E106DF5FF7B0ED1
Y,15.58,1.0,0.941369891547262,5875ABA30CF757AE1F3EAC2BEF20ED87807B9A1720FB19385E106DF5FF7B0ED1
Y,15.59,1.0,0.94125569123915,5875ABA30CF757AE1F3EAC2BEF20ED87807B9A1720FB19385E106DF5FF7B0ED1
Y,15.6,1.0,0.941151298052783,5875ABA30CF757AE1F3EAC2BEF20ED87807B9A1720FB19385E106DF5FF7B0ED1
Y,15.61,1.0,0.941056629032451,5875ABA30CF757AE1F3EAC2BEF20ED87807B9A1720FB19385E106DF5FF7B0ED1
Y,15.62,1.0,0.940971600552652,5875ABA30CF757AE1F3EAC2BEF20ED87807B9A1720FB19385E106DF5FF7B0ED1
Y,15.63,1.0,0.940896128336673,5875ABA30CF757AE1F3EAC2BEF20ED87807B9A1720FB19385E106DF5FF7B0ED1
Y,15.64,1.0,0.940830127475171,5875ABA30CF757AE1F3EAC2BEF20ED87807B9A1720FB19385E106DF5FF7B0ED1
Y,15.65,1.0,0.940773512444757,5875ABA30CF757AE1F3EAC2BEF20ED87807B9A1720FB19385E106DF5FF7B0ED1
Y,15.66,1.0,0.940726197126583,5875ABA30CF757AE1F3EAC2BEF20ED87807B9A1720FB19385E106DF5FF7B0ED1
Y,15.67,1.0,0.940688094824922,5875ABA30CF757AE1F3EAC2BEF20ED87807B9A1720FB19385E106DF5FF7B0ED1
Y,15.68,1.0,0.940659118285753,5875ABA30CF757AE1F3EAC2BEF20ED87807B9A1720FB19385E106DF5FF7B0ED1
Y,15.69,1.0,0.940639179715344,5875ABA30CF757AE1F3EAC2BEF20ED87807B9A1720FB19385E106DF5FF7B0ED1
Y,15.7,1.0,0.940628190798836,5875ABA30CF757AE1F3EAC2BEF20ED87807B9A1720FB19385E106DF5FF7B0ED1
Y,15.71,1.0,0.940626062718825,5875ABA30CF757AE1F3EAC2BEF20ED87807B9A1720FB19385E106DF5FF7B0ED1
Y,15.72,1.0,0.940632794002706,5875ABA30CF757AE1F3EAC2BEF20ED87807B9A1720FB19385E106DF5FF7B0ED1
Y,15.73,1.0,0.940648301576224,5875ABA30CF757AE1F3EAC2BEF20ED87807B9A1720FB19385E106DF5FF7B0ED1
Y,15.74,1.0,0.940672424135833,5875ABA30CF757AE1F3EAC2BEF20ED87807B9A1720FB19385E106DF5FF7B0ED1
Y,15.75,1.0,0.940705072575388,5875ABA30CF757AE1F3EAC2BEF20ED87807B9A1720FB19385E106DF5FF7B0ED1
Y,15.76,1.0,0.940746157433907,5875ABA30CF757AE1F3EAC2BEF20ED87807B9A1720FB19385E106DF5FF7B0ED1
Y,15.77,1.0,0.940795588915008,5875ABA30CF757AE1F3EAC2BEF20ED87807B9A1720FB19385E106DF5FF7B0ED1
Y,15.78,1.0,0.940853276906344,5875ABA30CF757AE1F3EAC2BEF20ED87807B9A1720FB19385E106DF5FF7B0ED1
Y,15.79,1.0,0.940919130999042,5875ABA30CF757AE1F3EAC2BEF20ED87807B9A1720FB19385E106DF5FF7B0ED1
Y,15.8,1.0,0.940993060507141,5875ABA30CF757AE1F3EAC2BEF20ED87807B9A1720FB19385E106DF5FF7B0ED1
Y,15.81,1.0,0.941074974487025,5875ABA30CF757AE1F3EAC2BEF20ED87807B9A1720FB19385E106DF5FF7B0ED1
Y,15.82,1.0,0.941164781756865,5875ABA30CF757AE1F3EAC2BEF20ED87807B9A1720FB19385E106DF5FF7B0ED1
Y,15.83,1.0,0.941262390916051,5875ABA30CF757AE1F3EAC2BEF20ED87807B9A1720FB19385E106DF5FF7B0ED1
Y,15.84,1.0,0.941367710364634,5875ABA30CF757AE1F3EAC2BEF20ED87807B9A1720FB19385E106DF5FF7B0ED1
Y,15.85,1.0,0.941480648322757,5875ABA30CF757AE1F3EAC2BEF20ED87807B9A1720FB19385E106DF5FF7B0ED1
Y,15.86,1.0,0.941601112850098,5875ABA30CF757AE1F3EAC2BEF20ED87807B9A1720FB19385E106DF5FF7B0ED1
Y,15.87,1.0,0.941729011865304,5875ABA30CF757AE1F3EAC2BEF20ED87807B9A1720FB19385E106DF5FF7B0ED1
Y,15.88,1.0,0.941864253165426,5875ABA30CF757AE1F3EAC2BEF20ED87807B9A1720FB19385E106DF5FF7B0ED1
Y,15.89,1.0,0.942006744445361,5875ABA30CF757AE1F3EAC2BEF20ED87807B9A1720FB19385E106DF5FF7B0ED1
Y,15.9,1.0,0.942156393317285,5875ABA30CF757AE1F3EAC2BEF20ED87807B9A1720FB19385E106DF5FF7B0ED1
Y,15.91,1.0,0.942313107330091,5875ABA30CF757AE1F3EAC2BEF20ED87807B9A1720FB19385E106DF5FF7B0ED1
Y,15.92,1.0,0.942476793988827,5875ABA30CF757AE1F3EAC2BEF20ED87807B9A1720FB19385E106DF5FF7B0ED1
Y,15.93,1.0,0.942647360774131,5875ABA30CF757AE1F3EAC2BEF20ED87807B9A1720FB19385E106DF5FF7B0ED1
Y,15.94,1.0,0.942824715161669,5875ABA30CF757AE1F3EAC2BEF20ED87807B9A1720FB19385E106DF5FF7B0ED1
Y,15.95,1.0,0.943008764641573,5875ABA30CF757AE1F3EAC2BEF20ED87807B9A1720FB19385E106DF5FF7B0ED1
Y,15.96,1.0,0.943199416737877,5875ABA30CF757AE1F3EAC2BEF20ED87807B9A1720FB19385E106DF5FF7B0ED1
Y,15.97,1.0,0.943396579027953,5875ABA30CF757AE1F3EAC2BEF20ED87807B9A1720FB19385E106DF5FF7B0ED1
Y,15.98,1.0,0.94360015916195,5875ABA30CF757AE1F3EAC2BEF20ED87807B9A1720FB19385E106DF5FF7B0ED1
Y,15.99,1.0,0.94381006488223,5875ABA30CF757AE1F3EAC2BEF20ED87807B9A1720FB19385E106DF5FF7B0ED1
Y,16.0,1.0,0.944026204042803,5875ABA30CF757AE1F3EAC2BEF20ED87807B9A1720FB19385E106DF5FF7B0ED1
Y,16.01,1.0,0.944248484628769,5875ABA30CF757AE1F3EAC2BEF20ED87807B9A1720FB19385E106DF5FF7B0ED1
Y,16.02,1.0,0.944476814775749,5875ABA30CF757AE1F3EAC2BEF20ED87807B9A1720FB19385E106DF5FF7B0ED1
Y,16.03,1.0,0.944711102789326,5875ABA30CF757AE1F3EAC2BEF20ED87807B9A1720FB19385E106DF5FF7B0ED1
Y,16.04,1.0,0.944951257164481,5875ABA30CF757AE1F3EAC2BEF20ED87807B9A1720FB19385E106DF5FF7B0ED1
Y,16.05,1.0,0.945197050735234,5875ABA30CF757AE1F3EAC2BEF20ED87807B9A1720FB19385E106DF5FF7B0ED1
Y,16.06,1.0,0.945448357046794,5875ABA30CF757AE1F3EAC2BEF20ED87807B9A1720FB19385E106DF5FF7B0ED1
Y,16.07,1.0,0.945705218276834,5875ABA30CF757AE1F3EAC2BEF20ED87807B9A1720FB19385E106DF5FF7B0ED1
Y,16.08,1.0,0.945967541445607,5875ABA30CF757AE1F3EAC2BEF20ED87807B9A1720FB19385E106DF5FF7B0ED1
Y,16.09,1.0,0.946235233776179,5875ABA30CF757AE1F3EAC2BEF20ED87807B9A1720FB19385E106DF5FF7B0ED1
Y,16.1,1.0,0.946508202712604,5875ABA30CF757AE1F3EAC2BEF20ED87807B9A1720FB19385E106DF5FF7B0ED1
Y,16.11,1.0,0.946786355938099,5875ABA30CF757AE1F3EAC2BEF20ED87807B9A1720FB19385E106DF5FF7B0ED1
Y,16.12,1.0,0.947069601393218,5875ABA30CF757AE1F3EAC2BEF20ED87807B9A1720FB19385E106DF5FF7B0ED1
Y,16.13,1.0,0.947357847294028,5875ABA30CF757AE1F3EAC2BEF20ED87807B9A1720FB19385E106DF5FF7B0ED1
Y,16.14,1.0,0.947651002150281,5875ABA30CF757AE1F3EAC2BEF20ED87807B9A1720FB19385E106DF5FF7B0ED1
Y,16.15,1.0,0.94794897478359,5875ABA30CF757AE1F3EAC2BEF20ED87807B9A1720FB19385E106DF5FF7B0ED1
Y,16.16,1.0,0.948251674345603,5875ABA30CF757AE1F3EAC2BEF20ED87807B9A1720FB19385E106DF5FF7B0ED1
Y,16.17,1.0,0.948559010336178,5875ABA30CF757AE1F3EAC2BEF20ED87807B9A1720FB19385E106DF5FF7B0ED1
Y,16.18,1.0,0.948870892621558,5875ABA30CF757AE1F3EAC2BEF20ED87807B9A1720FB19385E106DF5FF7B0ED1
Y,16.19,1.0,0.949187231452543,5875ABA30CF757AE1F3EAC2BEF20ED87807B9A1720FB19385E106DF5FF7B0ED1
Y,16.2,1.0,0.949507937482667,5875ABA30CF757AE1F3EAC2BEF20ED87807B9A1720FB19385E106DF5FF7B0ED1
Y,16.21,1.0,0.949832921786373,5875ABA30CF757AE1F3EAC2BEF20ED87807B9A1720FB19385E106DF5FF7B0ED1
Y,16.22,1.0,0.950162095877184,5875ABA30CF757AE1F3EAC2BEF20ED87807B9A1720FB19385E106DF5FF7B0ED1
Y,16.23,1.0,0.950495371725881,5875ABA30CF757AE1F3EAC2BEF20ED87807B9A1720FB19385E106DF5FF7B0ED1
Y,16.24,1.0,0.950832661778674,5875ABA30CF757AE1F3EAC2BEF20ED87807B9A1720FB19385E106DF5FF7B0ED1
Y,16.25,1.0,0.951173878975382,5875ABA30CF757AE1F3EAC2BEF20ED87807B9A1720FB19385E106DF5FF7B0ED1
Y,16.26,1.0,0.951518936767602,5875ABA30CF757AE1F3EAC2BEF20ED87807B9A1720FB19385E106DF5FF7B0ED1
Y,16.27,1.0,0.951867749136886,5875ABA30CF757AE1F3EAC2BEF20ED87807B9A1720FB19385E106DF5FF7B0ED1
Y,16.28,1.0,0.952220230612915,5875ABA30CF757AE1F3EAC2BEF20ED87807B9A1720FB19385E106DF5FF7B0ED1
Y,16.29,1.0,0.952576296291673,5875ABA30CF757AE1F3EAC2BEF20ED87807B9A1720FB19385E106DF5FF7B0ED1
Y,16.3,1.0,0.952935861853623,5875ABA30CF757AE1F3EAC2BEF20ED87807B9A1720FB19385E106DF5FF7B0ED1
Y,16.31,1.0,0.95329884358188,5875ABA30CF757AE1F3EAC2BEF20ED87807B9A1720FB19385E106DF5FF7B0ED1
Y,16.32,1.0,0.953665158380386,5875ABA30CF757AE1F3EAC2BEF20ED87807B9A1720FB19385E106DF5FF7B0ED1
Y,16.33,1.0,0.954034723792086,5875ABA30CF757AE1F3EAC2BEF20ED87807B9A1720FB19385E106DF5FF7B0ED1
Y,16.34,1.0,0.954407458017098,5875ABA30CF757AE1F3EAC2BEF20ED87807B9A1720FB19385E106DF5FF7B0ED1
Y,16.35,1.0,0.954783279930892,5875ABA30CF757AE1F3EAC2BEF20ED87807B9A1720FB19385E106DF5FF7B0ED1
Y,16.36,1.0,0.955162109102465,5875ABA30CF757AE1F3EAC2BEF20ED87807B9A1720FB19385E106DF5FF7B0ED1
Y,16.37,1.0,0.95554386581251,5875ABA30CF757AE1F3EAC2BEF20ED87807B9A1720FB19385E106DF5FF7B0ED1
Y,16.38,1.0,0.955928471071595,5875ABA30CF757AE1F3EAC2BEF20ED87807B9A1720FB19385E106DF5FF7B0ED1
Y,16.39,1.0,0.956315687543796,5875ABA30CF757AE1F3EAC2BEF20ED87807B9A1720FB19385E106DF5FF7B0ED1
Y,16.4,1.0,0.956704888376941,5875ABA30CF757AE1F3EAC2BEF20ED87807B9A1720FB19385E106DF5FF7B0ED1
Y,16.41,1.0,0.957096599293477,5875ABA30CF757AE1F3EAC2BEF20ED87807B9A1720FB19385E106DF5FF7B0ED1
Y,16.42,1.0,0.957490737858891,5875ABA30CF757AE1F3EAC2BEF20ED87807B9A1720FB19385E106DF5FF7B0ED1
Y,16.43,1.0,0.957887222239992,5875ABA30CF757AE1F3EAC2BEF20ED87807B9A1720FB19385E106DF5FF7B0ED1
Y,16.44,1.0,0.958285971219877,5875ABA30CF757AE1F3EAC2BEF20ED87807B9A1720FB19385E106DF5FF7B0ED1
Y,16.45,1.0,0.958686904212898,5875ABA30CF757AE1F3EAC2BEF20ED87807B9A1720FB19385E106DF5FF7B0ED1
Y,16.46,1.0,0.959089941279628,5875ABA30CF757AE1F3EAC2BEF20ED87807B9A1720FB19385E106DF5FF7B0ED1
Y,16.47,1.0,0.959495003141827,5875ABA30CF757AE1F3EAC2BEF20ED87807B9A1720FB19385E106DF5FF7B0ED1
Y,16.48,1.0,0.959902011197406,5875ABA30CF757AE1F3EAC2BEF20ED87807B9A1720FB19385E106DF5FF7B0ED1
Y,16.49,1.0,0.9603108875354,5875ABA30CF757AE1F3EAC2BEF20ED87807B9A1720FB19385E106DF5FF7B0ED1
Y,16.5,1.0,0.960721554950925,5875ABA30CF757AE1F3EAC2BEF20ED87807B9A1720FB19385E106DF5FF7B0ED1
Y,16.51,1.0,0.961133936960153,5875ABA30CF757AE1F3EAC2BEF20ED87807B9A1720FB19385E106DF5FF7B0ED1
Y,16.52,1.0,0.961547957815271,5875ABA30CF757AE1F3EAC2BEF20ED87807B9A1720FB19385E106DF5FF7B0ED1
Y,16.53,1.0,0.961963542519454,5875ABA30CF757AE1F3EAC2BEF20ED87807B9A1720FB19385E106DF5FF7B0ED1
Y,16.54,1.0,0.962380616841824,5875ABA30CF757AE1F3EAC2BEF20ED87807B9A1720FB19385E106DF5FF7B0ED1
Y,16.55,1.0,0.962799107332425,5875ABA30CF757AE1F3EAC2BEF20ED87807B9A1720FB19385E106DF5FF7B0ED1
Y,16.56,1.0,0.963218941337178,5875ABA30CF757AE1F3EAC2BEF20ED87807B9A1720FB19385E106DF5FF7B0ED1
Y,16.57,1.0,0.96364004701286,5875ABA30CF757AE1F3EAC2BEF20ED87807B9A1720FB19385E106DF5FF7B0ED1
Y,16.58,1.0,0.96406235334206,5875ABA30CF757AE1F3EAC2BEF20ED87807B9A1720FB19385E106DF5FF7B0ED1
Y,16.59,1.0,0.96448579014815,5875ABA30CF757AE1F3EAC2BEF20ED87807B9A1720FB19385E106DF5FF7B0ED1
Y,16.6,1.0,0.96491028811025,5875ABA30CF757AE1F3EAC2BEF20ED87807B9A1720FB19385E106DF5FF7B0ED1
Y,16.61,1.0,0.965335778778196,5875ABA30CF757AE1F3EAC2BEF20ED87807B9A1720FB19385E106DF5FF7B0ED1
Y,16.62,1.0,0.965762194587503,5875ABA30CF757AE1F3EAC2BEF20ED87807B9A1720FB19385E106DF5FF7B0ED1
Y,16.63,1.0,0.966189468874336,5875ABA30CF757AE1F3EAC2BEF20ED87807B9A1720FB19385E106DF5FF7B0ED1
Y,16.64,1.0,0.96661753589047,5875ABA30CF757AE1F3EAC2BEF20ED87807B9A1720FB19385E106DF5FF7B0ED1
Y,16.65,1.0,0.967046330818262,5875ABA30CF757AE1F3EAC2BEF20ED87807B9A1720FB19385E106DF5FF7B0ED1
Y,16.66,1.0,0.967475789785615,5875ABA30CF757AE1F3EAC2BEF20ED87807B9A1720FB19385E106DF5FF7B0ED1
Y,16.67,1.0,0.967905849880942,5875ABA30CF757AE1F3EAC2BEF20ED87807B9A1720FB19385E106DF5FF7B0ED1
Y,16.68,1.0,0.968336449168137,5875ABA30CF757AE1F3EAC2BEF20ED87807B9A1720FB19385E106DF5FF7B0ED1
Y,16.69,1.0,0.968767526701537,5875ABA30CF757AE1F3EAC2BEF20ED87807B9A1720FB19385E106DF5FF7B0ED1
Y,16.7,1.0,0.969199022540891,5875ABA30CF757AE1F3EAC2BEF20ED87807B9A1720FB19385E106DF5FF7B0ED1
Y,16.71,1.0,0.969630877766326,5875ABA30CF757AE1F3EAC2BEF20ED87807B9A1720FB19385E106DF5FF7B0ED1
Y,16.72,1.0,0.970063034493309,5875ABA30CF757AE1F3EAC2BEF20ED87807B9A1720FB19385E106DF5FF7B0ED1
Y,16.73,1.0,0.970495435887622,5875ABA30CF757AE1F3EAC2BEF20ED87807B9A1720FB19385E106DF5FF7B0ED1
Y,16.74,1.0,0.970928026180318,5875ABA30CF757AE1F3EAC2BEF20ED87807B9A1720FB19385E106DF5FF7B0ED1
Y,16.75,1.0,0.971360275226807,5875ABA30CF757AE1F3EAC2BEF20ED87807B9A1720FB19385E106DF5FF7B0ED1
Y,16.76,1.0,0.971791596065469,5875ABA30CF757AE1F3EAC2BEF20ED87807B9A1720FB19385E106DF5FF7B0ED1
Y,16.77,1.0,0.972222772367225,5875ABA30CF757AE1F3EAC2BEF20ED87807B9A1720FB19385E106DF5FF7B0ED1
Y,16.78,1.0,0.97265374257423,5875ABA30CF757AE1F3EAC2BEF20ED87807B9A1720FB19385E106DF5FF7B0ED1
Y,16.79,1.0,0.97308444594081,5875ABA30CF757AE1F3EAC2BEF20ED87807B9A1720FB19385E106DF5FF7B0ED1
Y,16.8,1.0,0.973514822543826,5875ABA30CF757AE1F3EAC2BEF20ED87807B9A1720FB19385E106DF5FF7B0ED1
Y,16.81,1.0,0.973944813293032,5875ABA30CF757AE1F3EAC2BEF20ED87807B9A1720FB19385E106DF5FF7B0ED1
Y,16.82,1.0,0.974374359941437,5875ABA30CF757AE1F3EAC2BEF20ED87807B9A1720FB19385E106DF5FF7B0ED1
Y,16.83,1.0,0.974803405095667,5875ABA30CF757AE1F3EAC2BEF20ED87807B9A1720FB19385E106DF5FF7B0ED1
Y,16.84,1.0,0.975231892226322,5875ABA30CF757AE1F3EAC2BEF20ED87807B9A1720FB19385E106DF5FF7B0ED1
Y,16.85,1.0,0.975659765678343,5875ABA30CF757AE1F3EAC2BEF20ED87807B9A1720FB19385E106DF5FF7B0ED1
Y,16.86,1.0,0.976086970681365,5875ABA30CF757AE1F3EAC2BEF20ED87807B9A1720FB19385E106DF5FF7B0ED1
Y,16.87,1.0,0.976513453360084,5875ABA30CF757AE1F3EAC2BEF20ED87807B9A1720FB19385E106DF5FF7B0ED1
Y,16.88,1.0,0.976939160744613,5875ABA30CF757AE1F3EAC2BEF20ED87807B9A1720FB19385E106DF5FF7B0ED1
Y,16.89,1.0,0.977364040780848,5875ABA30CF757AE1F3EAC2BEF20ED87807B9A1720FB19385E106DF5FF7B0ED1
Y,16.9,1.0,0.977788042340823,5875ABA30CF757AE1F3EAC2BEF20ED87807B9A1720FB19385E106DF5FF7B0ED1
Y,16.91,1.0,0.978211115233075,5875ABA30CF757AE1F3EAC2BEF20ED87807B9A1720FB19385E106DF5FF7B0ED1
Y,16.92,1.0,0.978633210213002,5875ABA30CF757AE1F3EAC2BEF20ED87807B9A1720FB19385E106DF5FF7B0ED1
Y,16.93,1.0,0.979054278993227,5875ABA30CF757AE1F3EAC2BEF20ED87807B9A1720FB19385E106DF5FF7B0ED1
Y,16.94,1.0,0.979474274253954,5875ABA30CF757AE1F3EAC2BEF20ED87807B9A1720FB19385E106DF5FF7B0ED1
Y,16.95,1.0,0.979893149653333,5875ABA30CF757AE1F3EAC2BEF20ED87807B9A1720FB19385E106DF5FF7B0ED1
Y,16.96,1.0,0.980310859837818,5875ABA30CF757AE1F3EAC2BEF20ED87807B9A1720FB19385E106DF5FF7B0ED1
Y,16.97,1.0,0.980727360452529,5875ABA30CF757AE1F3EAC2BEF20ED87807B9A1720FB19385E106DF5FF7B0ED1
Y,16.98,1.0,0.981142608151614,5875ABA30CF757AE1F3EAC2BEF20ED87807B9A1720FB19385E106DF5FF7B0ED1
Y,16.99,1.0,0.981556560608605,5875ABA30CF757AE1F3EAC2BEF20ED87807B9A1720FB19385E106DF5FF7B0ED1
Y,17.0,1.0,0.981969176526785,5875ABA30CF757AE1F3EAC2BEF20ED87807B9A1720FB19385E106DF5FF7B0ED1
Y,17.01,1.0,0.982380415649544,5875ABA30CF757AE1F3EAC2BEF20ED87807B9A1720FB19385E106DF5FF7B0ED1
Y,17.02,1.0,0.982790238770741,5875ABA30CF757AE1F3EAC2BEF20ED87807B9A1720FB19385E106DF5FF7B0ED1
Y,17.03,1.0,0.983198607745067,5875ABA30CF757AE1F3EAC2BEF20ED87807B9A1720FB19385E106DF5FF7B0ED1
Y,17.04,1.0,0.983605485498401,5875ABA30CF757AE1F3EAC2BEF20ED87807B9A1720FB19385E106DF5FF7B0ED1
Y,17.05,1.0,0.984010836038176,5875ABA30CF757AE1F3EAC2BEF20ED87807B9A1720FB19385E106DF5FF7B0ED1
Y,17.06,1.0,0.984414624463735,5875ABA30CF757AE1F3EAC2BEF20ED87807B9A1720FB19385E106DF5FF7B0ED1
Y,17.07,1.0,0.984816816976696,5875ABA30CF757AE1F3EAC2BEF20ED87807B9A1720FB19385E106DF5FF7B0ED1
Y,17.08,1.0,0.98521738089131,5875ABA30CF757AE1F3EAC2BEF20ED87807B9A1720FB19385E106DF5FF7B0ED1
Y,17.09,1.0,0.98561628464482,5875ABA30CF757AE1F3EAC2BEF20ED87807B9A1720FB19385E106DF5FF7B0ED1
Y,17.1,1.0,0.986013497807828,5875ABA30CF757AE1F3EAC2BEF20ED87807B9A1720FB19385E106DF5FF7B0ED1
Y,17.11,1.0,0.986408991094649,5875ABA30CF757AE1F3EAC2BEF20ED87807B9A1720FB19385E106DF5FF7B0ED1
Y,17.12,1.0,0.986802736373675,5875ABA30CF757AE1F3EAC2BEF20ED87807B9A1720FB19385E106DF5FF7B0ED1
Y,17.13,1.0,0.98719307713415,5875ABA30CF757AE1F3EAC2BEF20ED87807B9A1720FB19385E106DF5FF7B0ED1
Y,17.14,1.0,0.987581218786741,5875ABA30CF757AE1F3EAC2BEF20ED87807B9A1720FB19385E106DF5FF7B0ED1
Y,17.15,1.0,0.987967315181467,5875ABA30CF757AE1F3EAC2BEF20ED87807B9A1720FB19385E106DF5FF7B0ED1
Y,17.16,1.0,0.988351330618188,5875ABA30CF757AE1F3EAC2BEF20ED87807B9A1720FB19385E106DF5FF7B0ED1
Y,17.17,1.0,0.98873323022699,5875ABA30CF757AE1F3EAC2BEF20ED87807B9A1720FB19385E106DF5FF7B0ED1
Y,17.18,1.0,0.989112979973515,5875ABA30CF757AE1F3EAC2BEF20ED87807B9A1720FB19385E106DF5FF7B0ED1
Y,17.19,1.0,0.989490546664294,5875ABA30CF757AE1F3EAC2BEF20ED87807B9A1720FB19385E106DF5FF7B0ED1
Y,17.2,1.0,0.989865897952074,5875ABA30CF757AE1F3EAC2BEF20ED87807B9A1720FB19385E106DF5FF7B0ED1
Y,17.21,1.0,0.990239002341156,5875ABA30CF757AE1F3EAC2BEF20ED87807B9A1720FB19385E106DF5FF7B0ED1
Y,17.22,1.0,0.990609829192718,5875ABA30CF757AE1F3EAC2BEF20ED87807B9A1720FB19385E106DF5FF7B0ED1
Y,17.23,1.0,0.990978348730153,5875ABA30CF757AE1F3EAC2BEF20ED87807B9A1720FB19385E106DF5FF7B0ED1
Y,17.24,1.0,0.991344532044397,5875ABA30CF757AE1F3EAC2BEF20ED87807B9A1720FB19385E106DF5FF7B0ED1
Y,17.25,1.0,0.99170835109926,5875ABA30CF757AE1F3EAC2BEF20ED87807B9A1720FB19385E106DF5FF7B0ED1
Y,17.26,1.0,0.992069778736758,5875ABA30CF757AE1F3EAC2BEF20ED87807B9A1720FB19385E106DF5FF7B0ED1
Y,17.27,1.0,0.992428788682446,5875ABA30CF757AE1F3EAC2BEF20ED87807B9A1720FB19385E106DF5FF7B0ED1
Y,17.28,1.0,0.992785355550744,5875ABA30CF757AE1F3EAC2BEF20ED87807B9A1720FB19385E106DF5FF7B0ED1
Y,17.29,1.0,0.993139454850275,5875ABA30CF757AE1F3EAC2BEF20ED87807B9A1720FB19385E106DF5FF7B0ED1
Y,17.3,1.0,0.99349106298919,5875ABA30CF757AE1F3EAC2BEF20ED87807B9A1720FB19385E106DF5FF7B0ED1
Y,17.31,1.0,0.993840157280503,5875ABA30CF757AE1F3EAC2BEF20ED87807B9A1720FB19385E106DF5FF7B0ED1
Y,17.32,1.0,0.994186715947421,5875ABA30CF757AE1F3EAC2BEF20ED87807B9A1720FB19385E106DF5FF7B0ED1
Y,17.33,1.0,0.994530718128675,5875ABA30CF757AE1F3EAC2BEF20ED87807B9A1720FB19385E106DF5FF7B0ED1
Y,17.34,1.0,0.994872143883853,5875ABA30CF757AE1F3EAC2BEF20ED87807B9A1720FB19385E106DF5FF7B0ED1
Y,17.35,1.0,0.995210974198726,5875ABA30CF757AE1F3EAC2BEF20ED87807B9A1720FB19385E106DF5FF7B0ED1
Y,17.36,1.0,0.995547190990587,5875ABA30CF757AE1F3EAC2BEF20ED87807B9A1720FB19385E106DF5FF7B0ED1
Y,17.37,1.0,0.995880777113575,5875ABA30CF757AE1F3EAC2BEF20ED87807B9A1720FB19385E106DF5FF7B0ED1
Y,17.38,1.0,0.996211716364012,5875ABA30CF757AE1F3EAC2BEF20ED87807B9A1720FB19385E106DF5FF7B0ED1
Y,17.39,1.0,0.996539993485727,5875ABA30CF757AE1F3EAC2BEF20ED87807B9A1720FB19385E106DF5FF7B0ED1
Y,17.4,1.0,0.996865594175396,5875ABA30CF757AE1F3EAC2BEF20ED87807B9A1720FB19385E106DF5FF7B0ED1
Y,17.41,1.0,0.997188505087866,5875ABA30CF757AE1F3EAC2BEF20ED87807B9A1720FB19385E106DF5FF7B0ED1
Y,17.42,1.0,0.997508713841492,5875ABA30CF757AE1F3EAC2BEF20ED87807B9A1720FB19385E106DF5FF7B0ED1
Y,17.43,1.0,0.997826209023461,5875ABA30CF757AE1F3EAC2BEF20ED87807B9A1720FB19385E106DF5FF7B0ED1
Y,17.44,1.0,0.99814098019513,5875ABA30CF757AE1F3EAC2BEF20ED87807B9A1720FB19385E106DF5FF7B0ED1
Y,17.45,1.0,0.998453017897355,5875ABA30CF757AE1F3EAC2BEF20ED87807B9A1720FB19385E106DF5FF7B0ED1
Y,17.46,1.0,0.998762313655819,5875ABA30CF757AE1F3EAC2BEF20ED87807B9A1720FB19385E106DF5FF7B0ED1
Y,17.47,1.0,0.999068859986369,5875ABA30CF757AE1F3EAC2BEF20ED87807B9A1720FB19385E106DF5FF7B0ED1
Y,17.48,1.0,0.999372650400343,5875ABA30CF757AE1F3EAC2BEF20ED87807B9A1720FB19385E106DF5FF7B0ED1
Y,17.49,1.0,0.9996736794099,5875ABA30CF757AE1F3EAC2BEF20ED87807B9A1720FB19385E106DF5FF7B0ED1
Y,17.5,1.0,0.999971942533357,5875ABA30CF757AE1F3EAC2BEF20ED87807B9A1720FB19385E106DF5FF7B0ED1
Y,17.51,1.0,1.00026704939856,5875ABA30CF757AE1F3EAC2BEF20ED87807B9A1720FB19385E106DF5FF7B0ED1
Y,17.52,1.0,1.00055773489971,5875ABA30CF757AE1F3EAC2BEF20ED87807B9A1720FB19385E106DF5FF7B0ED1
Y,17.53,1.0,1.00084542634041,5875ABA30CF757AE1F3EAC2BEF20ED87807B9A1720FB19385E106DF5FF7B0ED1
Y,17.54,1.0,1.00113011121543,5875ABA30CF757AE1F3EAC2BEF20ED87807B9A1720FB19385E106DF5FF7B0ED1
Y,17.55,1.0,1.00141177769172,5875ABA30CF757AE1F3EAC2BEF20ED87807B9A1720FB19385E106DF5FF7B0ED1
Y,17.56,1.0,1.00169041460906,5875ABA30CF757AE1F3EAC2BEF20ED87807B9A1720FB19385E106DF5FF7B0ED1
Y,17.57,1.0,1.00196601148068,5875ABA30CF757AE1F3EAC2BEF20ED87807B9A1720FB19385E106DF5FF7B0ED1
Y,17.58,1.0,1.00223855849391,5875ABA30CF757AE1F3EAC2BEF20ED87807B9A1720FB19385E106DF5FF7B0ED1
Y,17.59,1.0,1.00250804651081,5875ABA30CF757AE1F3EAC2BEF20ED87807B9A1720FB19385E106DF5FF7B0ED1
Y,17.6,1.0,1.0027744670688,5875ABA30CF757AE1F3EAC2BEF20ED87807B9A1720FB19385E106DF5FF7B0ED1
Y,17.61,1.0,1.00303781238131,5875ABA30CF757AE1F3EAC2BEF20ED87807B9A1720FB19385E106DF5FF7B0ED1
Y,17.62,1.0,1.00329807533842,5875ABA30CF757AE1F3EAC2BEF20ED87807B9A1720FB19385E106DF5FF7B0ED1
Y,17.63,1.0,1.00355524950747,5875ABA30CF757AE1F3EAC2BEF20ED87807B9A1720FB19385E106DF5FF7B0ED1
Y,17.64,1.0,1.00380932913374,5875ABA30CF757AE1F3EAC2BEF20ED87807B9A1720FB19385E106DF5FF7B0ED1
Y,17.65,1.0,1.00406030914104,5875ABA30CF757AE1F3EAC2BEF20ED87807B9A1720FB19385E106DF5FF7B0ED1
Y,17.66,1.0,1.00430818513239,5875ABA30CF757AE1F3EAC2BEF20ED87807B9A1720FB19385E106DF5FF7B0ED1
Y,17.67,1.0,1.00455295339062,5875ABA30CF757AE1F3EAC2BEF20ED87807B9A1720FB19385E106DF5FF7B0ED1
Y,17.68,1.0,1.00479461087903,5875ABA30CF757AE1F3EAC2BEF20ED87807B9A1720FB19385E106DF5FF7B0ED1
Y,17.69,1.0,1.00503315524203,5875ABA30CF757AE1F3EAC2BEF20ED87807B9A1720FB19385E106DF5FF7B0ED1
Y,17.7,1.0,1.00526858480575,5875ABA30CF757AE1F3EAC2BEF20ED87807B9A1720FB19385E106DF5FF7B0ED1
Y,17.71,1.0,1.00550089857872,5875ABA30CF757AE1F3EAC2BEF20ED87807B9A1720FB19385E106DF5FF7B0ED1
Y,17.72,1.0,1.00573009625245,5875ABA30CF757AE1F3EAC2BEF20ED87807B9A1720FB19385E106DF5FF7B0ED1
Y,17.73,1.0,1.00595617820214,5875ABA30CF757AE1F3EAC2BEF20ED87807B9A1720FB19385E106DF5FF7B0ED1
Y,17.74,1.0,1.00617914548723,5875ABA30CF757AE1F3EAC2BEF20ED87807B9A1720FB19385E106DF5FF7B0ED1
Y,17.75,1.0,1.00639899985212,5875ABA30CF757AE1F3EAC2BEF20ED87807B9A1720FB19385E106DF5FF7B0ED1
Y,17.76,1.0,1.00661574372674,5875ABA30CF757AE1F3EAC2BEF20ED87807B9A1720FB19385E106DF5FF7B0ED1
Y,17.77,1.0,1.00682938022725,5875ABA30CF757AE1F3EAC2BEF20ED87807B9A1720FB19385E106DF5FF7B0ED1
Y,17.78,1.0,1.00703991315662,5875ABA30CF757AE1F3EAC2BEF20ED87807B9A1720FB19385E106DF5FF7B0ED1
Y,17.79,1.0,1.00724734700529,5875ABA30CF757AE1F3EAC2BEF20ED87807B9A1720FB19385E106DF5FF7B0ED1
Y,17.8,1.0,1.00745168695183,5875ABA30CF757AE1F3EAC2BEF20ED87807B9A1720FB19385E106DF5FF7B0ED1
Y,17.81,1.0,1.00765293886352,5875ABA30CF757AE1F3EAC2BEF20ED87807B9A1720FB19385E106DF5FF7B0ED1
Y,17.82,1.0,1.00785110929706,5875ABA30CF757AE1F3EAC2BEF20ED87807B9A1720FB19385E106DF5FF7B0ED1
Y,17.83,1.0,1.00804620549915,5875ABA30CF757AE1F3EAC2BEF20ED87807B9A1720FB19385E106DF5FF7B0ED1
Y,17.84,1.0,1.00823823540714,5875ABA30CF757AE1F3EAC2BEF20ED87807B9A1720FB19385E106DF5FF7B0ED1
Y,17.85,1.0,1.00842720764969,5875ABA30CF757AE1F3EAC2BEF20ED87807B9A1720FB19385E106DF5FF7B0ED1
Y,17.86,1.0,1.00861313154737,5875ABA30CF757AE1F3EAC2BEF20ED87807B9A1720FB19385E106DF5FF7B0ED1
Y,17.87,1.0,1.00879601711333,5875ABA30CF757AE1F3EAC2BEF20ED87807B9A1720FB19385E106DF5FF7B0ED1
Y,17.88,1.0,1.00897587505393,5875ABA30CF757AE1F3EAC2BEF20ED87807B9A1720FB19385E106DF5FF7B0ED1
Y,17.89,1.0,1.00915271676935,5875ABA30CF757AE1F3EAC2BEF20ED87807B9A1720FB19385E106DF5FF7B0ED1
Y,17.9,1.0,1.00932655435426,5875ABA30CF757AE1F3EAC2BEF20ED87807B9A1720FB19385E106DF5FF7B0ED1
Y,17.91,1.0,1.0094972378911,5875ABA30CF757AE1F3EAC2BEF20ED87807B9A1720FB19385E106DF5FF7B0ED1
Y,17.92,1.0,1.00966377858585,5875ABA30CF757AE1F3EAC2BEF20ED87807B9A1720FB19385E106DF5FF7B0ED1
Y,17.93,1.0,1.00982721612659,5875ABA30CF757AE1F3EAC2BEF20ED87807B9A1720FB19385E106DF5FF7B0ED1
Y,17.94,1.0,1.0099875580017,5875ABA30CF757AE1F3EAC2BEF20ED87807B9A1720FB19385E106DF5FF7B0ED1
Y,17.95,1.0,1.01014481218444,5875ABA30CF757AE1F3EAC2BEF20ED87807B9A1720FB19385E106DF5FF7B0ED1
Y,17.96,1.0,1.01029898713091,5875ABA30CF757AE1F3EAC2BEF20ED87807B9A1720FB19385E106DF5FF7B0ED1
Y,17.97,1.0,1.01045009177803,5875ABA30CF757AE1F3EAC2BEF20ED87807B9A1720FB19385E106DF5FF7B0ED1
Y,17.98,1.0,1.01059813554148,5875ABA30CF757AE1F3EAC2BEF20ED87807B9A1720FB19385E106DF5FF7B0ED1
Y,17.99,1.0,1.01074312831368,5875ABA30CF757AE1F3EAC2BEF20ED87807B9A1720FB19385E106DF5FF7B0ED1
Y,18.0,1.0,1.01088508046171,5875ABA30CF757AE1F3EAC2BEF20ED87807B9A1720FB19385E106DF5FF7B0ED1
Y,18.01,1.0,1.01102400282535,5875ABA30CF757AE1F3EAC2BEF20ED87807B9A1720FB19385E106DF5FF7B0ED1
Y,18.02,1.0,1.01115990671497,5875ABA30CF757AE1F3EAC2BEF20ED87807B9A1720FB19385E106DF5FF7B0ED1
Y,18.03,1.0,1.01129280390953,5875ABA30CF757AE1F3EAC2BEF20ED87807B9A1720FB19385E106DF5FF7B0ED1
Y,18.04,1.0,1.01142270665452,5875ABA30CF757AE1F3EAC2BEF20ED87807B9A1720FB19385E106DF5FF7B0ED1
Y,18.05,1.0,1.01154962765995,5875ABA30CF757AE1F3EAC2BEF20ED87807B9A1720FB19385E106DF5FF7B0ED1
Y,18.06,1.0,1.0116735800983,5875ABA30CF757AE1F3EAC2BEF20ED87807B9A1720FB19385E106DF5FF7B0ED1
Y,18.07,1.0,1.01179457760245,5875ABA30CF757AE1F3EAC2BEF20ED87807B9A1720FB19385E106DF5FF7B0ED1
Y,18.08,1.0,1.01191263426371,5875ABA30CF757AE1F3EAC2BEF20ED87807B9A1720FB19385E106DF5FF7B0ED1
Y,18.09,1.0,1.01202776462971,5875ABA30CF757AE1F3EAC2BEF20ED87807B9A1720FB19385E106DF5FF7B0ED1
Y,18.1,1.0,1.01213998370242,5875ABA30CF757AE1F3EAC2BEF20ED87807B9A1720FB19385E106DF5FF7B0ED1
Y,18.11,1.0,1.01224930693608,5875ABA30CF757AE1F3EAC2BEF20ED87807B9A1720FB19385E106DF5FF7B0ED1
Y,18.12,1.0,1.01235575023516,5875ABA30CF757AE1F3EAC2BEF20ED87807B9A1720FB19385E106DF5FF7B0ED1
Y,18.13,1.0,1.01245932995234,5875ABA30CF757AE1F3EAC2BEF20ED87807B9A1720FB19385E106DF5FF7B0ED1
Y,18.14,1.0,1.01256006288648,5875ABA30CF757AE1F3EAC2BEF20ED87807B9A1720FB19385E106DF5FF7B0ED1
Y,18.15,1.0,1.01265796628055,5875ABA30CF757AE1F3EAC2BEF20ED87807B9A1720FB19385E106DF5FF7B0ED1
Y,18.16,1.0,1.01275305781961,5875ABA30CF757AE1F3EAC2BEF20ED87807B9A1720FB19385E106DF5FF7B0ED1
Y,18.17,1.0,1.01284535562878,5875ABA30CF757AE1F3EAC2BEF20ED87807B9A1720FB19385E106DF5FF7B0ED1
Y,18.18,1.0,1.01293487827119,5875ABA30CF757AE1F3EAC2BEF20ED87807B9A1720FB19385E106DF5FF7B0ED1
Y,18.19,1.0,1.01302164474595,5875ABA30CF757AE1F3EAC2BEF20ED87807B9A1720FB19385E106DF5FF7B0ED1
Y,18.2,1.0,1.0131056744861,5875ABA30CF757AE1F3EAC2BEF20ED87807B9A1720FB19385E106DF5FF7B0ED1
Y,18.21,1.0,1.0131869873566,5875ABA30CF757AE1F3EAC2BEF20ED87807B9A1720FB19385E106DF5FF7B0ED1
Y,18.22,1.0,1.01326560365224,5875ABA30CF757AE1F3EAC2BEF20ED87807B9A1720FB19385E106DF5FF7B0ED1
Y,18.23,1.0,1.01334154409568,5875ABA30CF757AE1F3EAC2BEF20ED87807B9A1720FB19385E106DF5FF7B0ED1
Y,18.24,1.0,1.01341482983533,5875ABA30CF757AE1F3EAC2BEF20ED87807B9A1720FB19385E106DF5FF7B0ED1
Y,18.25,1.0,1.01348548244336,5875ABA30CF757AE1F3EAC2BEF20ED87807B9A1720FB19385E106DF5FF7B0ED1
Y,18.26,1.0,1.01355352391368,5875ABA30CF757AE1F3EAC2BEF20ED87807B9A1720FB19385E106DF5FF7B0ED1
Y,18.27,1.0,1.01361897665983,5875ABA30CF757AE1F3EAC2BEF20ED87807B9A1720FB19385E106DF5FF7B0ED1
Y,18.28,1.0,1.01368186351303,5875ABA30CF757AE1F3EAC2BEF20ED87807B9A1720FB19385E106DF5FF7B0ED1
Y,18.29,1.0,1.01374220772006,5875ABA30CF757AE1F3EAC2BEF20ED87807B9A1720FB19385E106DF5FF7B0ED1
Y,18.3,1.0,1.01380003294129,5875ABA30CF757AE1F3EAC2BEF20ED87807B9A1720FB19385E106DF5FF7B0ED1
Y,18.31,1.0,1.01385536324861,5875ABA30CF757AE1F3EAC2BEF20ED87807B9A1720FB19385E106DF5FF7B0ED1
Y,18.32,1.0,1.01390809514921,5875ABA30CF757AE1F3EAC2BEF20ED87807B9A1720FB19385E106DF5FF7B0ED1
Y,18.33,1.0,1.01395727225182,5875ABA30CF757AE1F3EAC2BEF20ED87807B9A1720FB19385E106DF5FF7B0ED1
Y,18.34,1.0,1.01400390247248,5875ABA30CF757AE1F3EAC2BEF20ED87807B9A1720FB19385E106DF5FF7B0ED1
Y,18.35,1.0,1.014048004984,5875ABA30CF757AE1F3EAC2BEF20ED87807B9A1720FB19385E106DF5FF7B0ED1
Y,18.36,1.0,1.01408959917802,5875ABA30CF757AE1F3EAC2BEF20ED87807B9A1720FB19385E106DF5FF7B0ED1
Y,18.37,1.0,1.01412870466073,5875ABA30CF757AE1F3EAC2BEF20ED87807B9A1720FB19385E106DF5FF7B0ED1
Y,18.38,1.0,1.01416534124864,5875ABA30CF757AE1F3EAC2BEF20ED87807B9A1720FB19385E106DF5FF7B0ED1
Y,18.39,1.0,1.01419952896429,5875ABA30CF757AE1F3EAC2BEF20ED87807B9A1720FB19385E106DF5FF7B0ED1
Y,18.4,1.0,1.01423128803198,5875ABA30CF757AE1F3EAC2BEF20ED87807B9A1720FB19385E106DF5FF7B0ED1
Y,18.41,1.0,1.01426063887353,5875ABA30CF757AE1F3EAC2BEF20ED87807B9A1720FB19385E106DF5FF7B0ED1
Y,18.42,1.0,1.01428760210397,5875ABA30CF757AE1F3EAC2BEF20ED87807B9A1720FB19385E106DF5FF7B0ED1
Y,18.43,1.0,1.01431219852734,5875ABA30CF757AE1F3EAC2BEF20ED87807B9A1720FB19385E106DF5FF7B0ED1
Y,18.44,1.0,1.01433444913236,5875ABA30CF757AE1F3EAC2BEF20ED87807B9A1720FB19385E106DF5FF7B0ED1
Y,18.45,1.0,1.01435437508822,5875ABA30CF757AE1F3EAC2BEF20ED87807B9A1720FB19385E106DF5FF7B0ED1
Y,18.46,1.0,1.01437199774026,5875ABA30CF757AE1F3EAC2BEF20ED87807B9A1720FB19385E106DF5FF7B0ED1
Y,18.47,1.0,1.01438733860576,5875ABA30CF757AE1F3EAC2BEF20ED87807B9A1720FB19385E106DF5FF7B0ED1
Y,18.48,1.0,1.01440041936962,5875ABA30CF757AE1F3EAC2BEF20ED87807B9A1720FB19385E106DF5FF7B0ED1
Y,18.49,1.0,1.01441126188015,5875ABA30CF757AE1F3EAC2BEF20ED87807B9A1720FB19385E106DF5FF7B0ED1
Y,18.5,1.0,1.01441988814476,5875ABA30CF757AE1F3EAC2BEF20ED87807B9A1720FB19385E106DF5FF7B0ED1
Y,18.51,1.0,1.01442632032573,5875ABA30CF757AE1F3EAC2BEF20ED87807B9A1720FB19385E106DF5FF7B0ED1
Y,18.52,1.0,1.01443058073591,5875ABA30CF757AE1F3EAC2BEF20ED87807B9A1720FB19385E106DF5FF7B0ED1
Y,18.53,1.0,1.01443269183447,5875ABA30CF757AE1F3EAC2BEF20ED87807B9A1720FB19385E106DF5FF7B0ED1
Y,18.54,1.0,1.01443267622267,5875ABA30CF757AE1F3EAC2BEF20ED87807B9A1720FB19385E106DF5FF7B0ED1
Y,18.55,1.0,1.01443055663952,5875ABA30CF757AE1F3EAC2BEF20ED87807B9A1720FB19385E106DF5FF7B0ED1
Y,18.56,1.0,1.01442635595758,5875ABA30CF757AE1F3EAC2BEF20ED87807B9A1720FB19385E106DF5FF7B0ED1
Y,18.57,1.0,1.01442009717868,5875ABA30CF757AE1F3EAC2BEF20ED87807B9A1720FB19385E106DF5FF7B0ED1
Y,18.58,1.0,1.01441180342962,5875ABA30CF757AE1F3EAC2BEF20ED87807B9A1720FB19385E106DF5FF7B0ED1
Y,18.59,1.0,1.01440149795796,5875ABA30CF757AE1F3EAC2BEF20ED87807B9A1720FB19385E106DF5FF7B0ED1
Y,18.6,1.0,1.01438920412771,5875ABA30CF757AE1F3EAC2BEF20ED87807B9A1720FB19385E106DF5FF7B0ED1
Y,18.61,1.0,1.01437494541508,5875ABA30CF757AE1F3EAC2BEF20ED87807B9A1720FB19385E106DF5FF7B0ED1
Y,18.62,1.0,1.01435874540423,5875ABA30CF757AE1F3EAC2BEF20ED87807B9A1720FB19385E106DF5FF7B0ED1
Y,18.63,1.0,1.01434062778298,5875ABA30CF757AE1F3EAC2BEF20ED87807B9A1720FB19385E106DF5FF7B0ED1
Y,18.64,1.0,1.01432061633856,5875ABA30CF757AE1F3EAC2BEF20ED87807B9A1720FB19385E106DF5FF7B0ED1
Y,18.65,1.0,1.01429873495334,5875ABA30CF757AE1F3EAC2BEF20ED87807B9A1720FB19385E106DF5FF7B0ED1
Y,18.66,1.0,1.01427500760056,5875ABA30CF757AE1F3EAC2BEF20ED87807B9A1720FB19385E106DF5FF7B0ED1
Y,18.67,1.0,1.01424945834008,5875ABA30CF757AE1F3EAC2BEF20ED87807B9A1720FB19385E106DF5FF7B0ED1
Y,18.68,1.0,1.01422211131411,5875ABA30CF757AE1F3EAC2BEF20ED87807B9A1720FB19385E106DF5FF7B0ED1
Y,18.69,1.0,1.01419299074293,5875ABA30CF757AE1F3EAC2BEF20ED87807B9A1720FB19385E106DF5FF7B0ED1
Y,18.7,1.0,1.01416212092063,5875ABA30CF757AE1F3EAC2BEF20ED87807B9A1720FB19385E106DF5FF7B0ED1
Y,18.71,1.0,1.01412952621086,5875ABA30CF757AE1F3EAC2BEF20ED87807B9A1720FB19385E106DF5FF7B0ED1
Y,18.72,1.0,1.01409523104256,5875ABA30CF757AE1F3EAC2BEF20ED87807B9A1720FB19385E106DF5FF7B0ED1
Y,18.73,1.0,1.01405925990568,5875ABA30CF757AE1F3EAC2BEF20ED87807B9A1720FB19385E106DF5FF7B0ED1
Y,18.74,1.0,1.01402152368949,5875ABA30CF757AE1F3EAC2BEF20ED87807B9A1720FB19385E106DF5FF7B0ED1
Y,18.75,1.0,1.01398184875356,5875ABA30CF757AE1F3EAC2BEF20ED87807B9A1720FB19385E106DF5FF7B0ED1
Y,18.76,1.0,1.01394052938325,5875ABA30CF757AE1F3EAC2BEF20ED87807B9A1720FB19385E106DF5FF7B0ED1
Y,18.77,1.0,1.01389758815014,5875ABA30CF757AE1F3EAC2BEF20ED87807B9A1720FB19385E106DF5FF7B0ED1
Y,18.78,1.0,1.01385304760778,5875ABA30CF757AE1F3EAC2BEF20ED87807B9A1720FB19385E106DF5FF7B0ED1
Y,18.79,1.0,1.01380693028672,5875ABA30CF757AE1F3EAC2BEF20ED87807B9A1720FB19385E106DF5FF7B0ED1
Y,18.8,1.0,1.01375925868952,5875ABA30CF757AE1F3EAC2BEF20ED87807B9A1720FB19385E106DF5FF7B0ED1
Y,18.81,1.0,1.01371005528585,5875ABA30CF757AE1F3EAC2BEF20ED87807B9A1720FB19385E106DF5FF7B0ED1
Y,18.82,1.0,1.01365934250752,5875ABA30CF757AE1F3EAC2BEF20ED87807B9A1720FB19385E106DF5FF7B0ED1
Y,18.83,1.0,1.01360714274352,5875ABA30CF757AE1F3EAC2BEF20ED87807B9A1720FB19385E106DF5FF7B0ED1
Y,18.84,1.0,1.01355347833505,5875ABA30CF757AE1F3EAC2BEF20ED87807B9A1720FB19385E106DF5FF7B0ED1
Y,18.85,1.0,1.01349837157064,5875ABA30CF757AE1F3EAC2BEF20ED87807B9A1720FB19385E106DF5FF7B0ED1
Y,18.86,1.0,1.01344184468111,5875ABA30CF757AE1F3EAC2BEF20ED87807B9A1720FB19385E106DF5FF7B0ED1
Y,18.87,1.0,1.01338391983467,5875ABA30CF757AE1F3EAC2BEF20ED87807B9A1720FB19385E106DF5FF7B0ED1
Y,18.88,1.0,1.01332461913197,5875ABA30CF757AE1F3EAC2BEF20ED87807B9A1720FB19385E106DF5FF7B0ED1
Y,18.89,1.0,1.01326396460112,5875ABA30CF757AE1F3EAC2BEF20ED87807B9A1720FB19385E106DF5FF7B0ED1
Y,18.9,1.0,1.01320197819277,5875ABA30CF757AE1F3EAC2BEF20ED87807B9A1720FB19385E106DF5FF7B0ED1
Y,18.91,1.0,1.01313868177511,5875ABA30CF757AE1F3EAC2BEF20ED87807B9A1720FB19385E106DF5FF7B0ED1
Y,18.92,1.0,1.013074097129,5875ABA30CF757AE1F3EAC2BEF20ED87807B9A1720FB19385E106DF5FF7B0ED1
Y,18.93,1.0,1.01300824594292,5875ABA30CF757AE1F3EAC2BEF20ED87807B9A1720FB19385E106DF5FF7B0ED1
Y,18.94,1.0,1.0129411498081,5875ABA30CF757AE1F3EAC2BEF20ED87807B9A1720FB19385E106DF5FF7B0ED1
Y,18.95,1.0,1.01287283021352,5875ABA30CF757AE1F3EAC2BEF20ED87807B9A1720FB19385E106DF5FF7B0ED1
Y,18.96,1.0,1.01280330854098,5875ABA30CF757AE1F3EAC2BEF20ED87807B9A1720FB19385E106DF5FF7B0ED1
Y,18.97,1.0,1.01273260606015,5875ABA30CF757AE1F3EAC2BEF20ED87807B9A1720FB19385E106DF5FF7B0ED1
Y,18.98,1.0,1.01266074392359,5875ABA30CF757AE1F3EAC2BEF20ED87807B9A1720FB19385E106DF5FF7B0ED1
Y,18.99,1.0,1.01258774316184,5875ABA30CF757AE1F3EAC2BEF20ED87807B9A1720FB19385E106DF5FF7B0ED1
Y,19.0,1.0,1.01251362467843,5875ABA30CF757AE1F3EAC2BEF20ED87807B9A1720FB19385E106DF5FF7B0ED1
Y,19.01,1.0,1.01243840924497,5875ABA30CF757AE1F3EAC2BEF20ED87807B9A1720FB19385E106DF5FF7B0ED1
Y,19.02,1.0,1.01236211749615,5875ABA30CF757AE1F3EAC2BEF20ED87807B9A1720FB19385E106DF5FF7B0ED1
Y,19.03,1.0,1.01228476992482,5875ABA30CF757AE1F3EAC2BEF20ED87807B9A1720FB19385E106DF5FF7B0ED1
Y,19.04,1.0,1.01220638687704,5875ABA30CF757AE1F3EAC2BEF20ED87807B9A1720FB19385E106DF5FF7B0ED1
Y,19.05,1.0,1.01212698854711,5875ABA30CF757AE1F3EAC2BEF20ED87807B9A1720FB19385E106DF5FF7B0ED1
Y,19.06,1.0,1.01204659497262,5875ABA30CF757AE1F3EAC2BEF20ED87807B9A1720FB19385E106DF5FF7B0ED1
Y,19.07,1.0,1.01196522602954,5875ABA30CF757AE1F3EAC2BEF20ED87807B9A1720FB19385E106DF5FF7B0ED1
Y,19.08,1.0,1.01188290142719,5875ABA30CF757AE1F3EAC2BEF20ED87807B9A1720FB19385E106DF5FF7B0ED1
Y,19.09,1.0,1.01179964070336,5875ABA30CF757AE1F3EAC2BEF20ED87807B9A1720FB19385E106DF5FF7B0ED1
Y,19.1,1.0,1.01171546321934,5875ABA30CF757AE1F3EAC2BEF20ED87807B9A1720FB19385E106DF5FF7B0ED1
Y,19.11,1.0,1.01163038815492,5875ABA30CF757AE1F3EAC2BEF20ED87807B9A1720FB19385E106DF5FF7B0ED1
Y,19.12,1.0,1.01154443450352,5875ABA30CF757AE1F3EAC2BEF20ED87807B9A1720FB19385E106DF5FF7B0ED1
Y,19.13,1.0,1.01145762106717,5875ABA30CF757AE1F3EAC2BEF20ED87807B9A1720FB19385E106DF5FF7B0ED1
Y,19.14,1.0,1.0113699664516,5875ABA30CF757AE1F3EAC2BEF20ED87807B9A1720FB19385E106DF5FF7B0ED1
Y,19.15,1.0,1.01128148906127,5875ABA30CF757AE1F3EAC2BEF20ED87807B9A1720FB19385E106DF5FF7B0ED1
Y,19.16,1.0,1.01119220709441,5875ABA30CF757AE1F3EAC2BEF20ED87807B9A1720FB19385E106DF5FF7B0ED1
Y,19.17,1.0,1.0111025337378,5875ABA30CF757AE1F3EAC2BEF20ED87807B9A1720FB19385E106DF5FF7B0ED1
Y,19.18,1.0,1.01101225204678,5875ABA30CF757AE1F3EAC2BEF20ED87807B9A1720FB19385E106DF5FF7B0ED1
Y,19.19,1.0,1.01092127208902,5875ABA30CF757AE1F3EAC2BEF20ED87807B9A1720FB19385E106DF5FF7B0ED1
Y,19.2,1.0,1.01082961377003,5875ABA30CF757AE1F3EAC2BEF20ED87807B9A1720FB19385E106DF5FF7B0ED1
Y,19.21,1.0,1.01073729683286,5875ABA30CF757AE1F3EAC2BEF20ED87807B9A1720FB19385E106DF5FF7B0ED1
Y,19.22,1.0,1.01064434085391,5875ABA30CF757AE1F3EAC2BEF20ED87807B9A1720FB19385E106DF5FF7B0ED1
Y,19.23,1.0,1.01055076523875,5875ABA30CF757AE1F3EAC2BEF20ED87807B9A1720FB19385E106DF5FF7B0ED1
Y,19.24,1.0,1.01045658921804,5875ABA30CF757AE1F3EAC2BEF20ED87807B9A1720FB19385E106DF5FF7B0ED1
Y,19.25,1.0,1.01036183184327,5875ABA30CF757AE1F3EAC2BEF20ED87807B9A1720FB19385E106DF5FF7B0ED1
Y,19.26,1.0,1.01026651198268,5875ABA30CF757AE1F3EAC2BEF20ED87807B9A1720FB19385E106DF5FF7B0ED1
Y,19.27,1.0,1.01017064831708,5875ABA30CF757AE1F3EAC2BEF20ED87807B9A1720FB19385E106DF5FF7B0ED1
Y,19.28,1.0,1.01007425933567,5875ABA30CF757AE1F3EAC2BEF20ED87807B9A1720FB19385E106DF5FF7B0ED1
Y,19.29,1.0,1.00997736333191,5875ABA30CF757AE1F3EAC2BEF20ED87807B9A1720FB19385E106DF5FF7B0ED1
Y,19.3,1.0,1.00987997839934,5875ABA30CF757AE1F3EAC2BEF20ED87807B9A1720FB19385E106DF5FF7B0ED1
Y,19.31,1.0,1.00978212242745,5875ABA30CF757AE1F3EAC2BEF20ED87807B9A1720FB19385E106DF5FF7B0ED1
Y,19.32,1.0,1.00968381309749,5875ABA30CF757AE1F3EAC2BEF20ED87807B9A1720FB19385E106DF5FF7B0ED1
Y,19.33,1.0,1.00958506787835,5875ABA30CF757AE1F3EAC2BEF20ED87807B9A1720FB19385E106DF5FF7B0ED1
Y,19.34,1.0,1.00948590402234,5875ABA30CF757AE1F3EAC2BEF20ED87807B9A1720FB19385E106DF5FF7B0ED1
Y,19.35,1.0,1.0093863385611,5875ABA30CF757AE1F3EAC2BEF20ED87807B9A1720FB19385E106DF5FF7B0ED1
Y,19.36,1.0,1.00928638830141,5875ABA30CF757AE1F3EAC2BEF20ED87807B9A1720FB19385E106DF5FF7B0ED1
Y,19.37,1.0,1.00918606982104,5875ABA30CF757AE1F3EAC2BEF20ED87807B9A1720FB19385E106DF5FF7B0ED1
Y,19.38,1.0,1.00908539946457,5875ABA30CF757AE1F3EAC2BEF20ED87807B9A1720FB19385E106DF5FF7B0ED1
Y,19.39,1.0,1.00898439333925,5875ABA30CF757AE1F3EAC2BEF20ED87807B9A1720FB19385E106DF5FF7B0ED1
Y,19.4,1.0,1.00888306731087,5875ABA30CF757AE1F3EAC2BEF20ED87807B9A1720FB19385E106DF5FF7B0ED1
Y,19.41,1.0,1.00878143699953,5875ABA30CF757AE1F3EAC2BEF20ED87807B9A1720FB19385E106DF5FF7B0ED1
Y,19.42,1.0,1.00867951777556,5875ABA30CF757AE1F3EAC2BEF20ED87807B9A1720FB19385E106DF5FF7B0ED1
Y,19.43,1.0,1.00857732475531,5875ABA30CF757AE1F3EAC2BEF20ED87807B9A1720FB19385E106DF5FF7B0ED1
Y,19.44,1.0,1.00847487279701,5875ABA30CF757AE1F3EAC2BEF20ED87807B9A1720FB19385E106DF5FF7B0ED1
Y,19.45,1.0,1.00837217649662,5875ABA30CF757AE1F3EAC2BEF20ED87807B9A1720FB19385E106DF5FF7B0ED1
Y,19.46,1.0,1.00826925018366,5875ABA30CF757AE1F3EAC2BEF20ED87807B9A1720FB19385E106DF5FF7B0ED1
Y,19.47,1.0,1.00816610791704,5875ABA30CF757AE1F3EAC2BEF20ED87807B9A1720FB19385E106DF5FF7B0ED1
Y,19.48,1.0,1.00806276348095,5875ABA30CF757AE1F3EAC2BEF20ED87807B9A1720FB19385E106DF5FF7B0ED1
Y,19.49,1.0,1.00795923038062,5875ABA30CF757AE1F3EAC2BEF20ED87807B9A1720FB19385E106DF5FF7B0ED1
Y,19.5,1.0,1.00785552183826,5875ABA30CF757AE1F3EAC2BEF20ED87807B9A1720FB19385E106DF5FF7B0ED1
Y,19.51,1.0,1.00775165078883,5875ABA30CF757AE1F3EAC2BEF20ED87807B9A1720FB19385E106DF5FF7B0ED1
Y,19.52,1.0,1.00764762987589,5875ABA30CF757AE1F3EAC2BEF20ED87807B9A1720FB19385E106DF5FF7B0ED1
Y,19.53,1.0,1.0075434714475,5875ABA30CF757AE1F3EAC2BEF20ED87807B9A1720FB19385E106DF5FF7B0ED1
Y,19.54,1.0,1.00743918755198,5875ABA30CF757AE1F3EAC2BEF20ED87807B9A1720FB19385E106DF5FF7B0ED1
Y,19.55,1.0,1.0073347899338,5875ABA30CF757AE1F3EAC2BEF20ED87807B9A1720FB19385E106DF5FF7B0ED1
Y,19.56,1.0,1.00723029002941,5875ABA30CF757AE1F3EAC2BEF20ED87807B9A1720FB19385E106DF5FF7B0ED1
Y,19.57,1.0,1.00712569896312,5875ABA30CF757AE1F3EAC2BEF20ED87807B9A1720FB19385E106DF5FF7B0ED1
Y,19.58,1.0,1.00702102754285,5875ABA30CF757AE1F3EAC2BEF20ED87807B9A1720FB19385E106DF5FF7B0ED1
Y,19.59,1.0,1.00691628625607,5875ABA30CF757AE1F3EAC2BEF20ED87807B9A1720FB19385E106DF5FF7B0ED1
Y,19.6,1.0,1.00681192609064,5875ABA30CF757AE1F3EAC2BEF20ED87807B9A1720FB19385E106DF5FF7B0ED1
Y,19.61,1.0,1.00670817862496,5875ABA30CF757AE1F3EAC2BEF20ED87807B9A1720FB19385E106DF5FF7B0ED1
Y,19.62,1.0,1.00660449574207,5875ABA30CF757AE1F3EAC2BEF20ED87807B9A1720FB19385E106DF5FF7B0ED1
Y,19.63,1.0,1.00650089166275,5875ABA30CF757AE1F3EAC2BEF20ED87807B9A1720FB19385E106DF5FF7B0ED1
Y,19.64,1.0,1.00639738039888,5875ABA30CF757AE1F3EAC2BEF20ED87807B9A1720FB19385E106DF5FF7B0ED1
Y,19.65,1.0,1.0062939757508,5875ABA30CF757AE1F3EAC2BEF20ED87807B9A1720FB19385E106DF5FF7B0ED1
Y,19.66,1.0,1.00619069130468,5875ABA30CF757AE1F3EAC2BEF20ED87807B9A1720FB19385E106DF5FF7B0ED1
Y,19.67,1.0,1.00608754042987,5875ABA30CF757AE1F3EAC2BEF20ED87807B9A1720FB19385E106DF5FF7B0ED1
Y,19.68,1.0,1.00598453627624,5875ABA30CF757AE1F3EAC2BEF20ED87807B9A1720FB19385E106DF5FF7B0ED1
Y,19.69,1.0,1.00588169177155,5875ABA30CF757AE1F3EAC2BEF20ED87807B9A1720FB19385E106DF5FF7B0ED1
Y,19.7,1.0,1.0057790196188,5875ABA30CF757AE1F3EAC2BEF20ED87807B9A1720FB19385E106DF5FF7B0ED1
Y,19.71,1.0,1.00567653229357,5875ABA30CF757AE1F3EAC2BEF20ED87807B9A1720FB19385E106DF5FF7B0ED1
Y,19.72,1.0,1.00557424204141,5875ABA30CF757AE1F3EAC2BEF20ED87807B9A1720FB19385E106DF5FF7B0ED1
Y,19.73,1.0,1.00547216087514,5875ABA30CF757AE1F3EAC2BEF20ED87807B9A1720FB19385E106DF5FF7B0ED1
Y,19.74,1.0,1.00537030057227,5875ABA30CF757AE1F3EAC2BEF20ED87807B9A1720FB19385E106DF5FF7B0ED1
Y,19.75,1.0,1.00526867267229,5875ABA30CF757AE1F3EAC2BEF20ED87807B9A1720FB19385E106DF5FF7B0ED1
Y,19.76,1.0,1.00516728847408,5875ABA30CF757AE1F3EAC2BEF20ED87807B9A1720FB19385E106DF5FF7B0ED1
Y,19.77,1.0,1.00506615903322,5875ABA30CF757AE1F3EAC2BEF20ED87807B9A1720FB19385E106DF5FF7B0ED1
Y,19.78,1.0,1.00496529515936,5875ABA30CF757AE1F3EAC2BEF20ED87807B9A1720FB19385E106DF5FF7B0ED1
Y,19.79,1.0,1.00486470741359,5875ABA30CF757AE1F3EAC2BEF20ED87807B9A1720FB19385E106DF5FF7B0ED1
Y,19.8,1.0,1.00476440610579,5875ABA30CF757AE1F3EAC2BEF20ED87807B9A1720FB19385E106DF5FF7B0ED1
Y,19.81,1.0,1.00466440129194,5875ABA30CF757AE1F3EAC2BEF20ED87807B9A1720FB19385E106DF5FF7B0ED1
Y,19.82,1.0,1.00456470277155,5875ABA30CF757AE1F3EAC2BEF20ED87807B9A1720FB19385E106DF5FF7B0ED1
Y,19.83,1.0,1.00446532008495,5875ABA30CF757AE1F3EAC2BEF20ED87807B9A1720FB19385E106DF5FF7B0ED1
Y,19.84,1.0,1.00436626251068,5875ABA30CF757AE1F3EAC2BEF20ED87807B9A1720FB19385E106DF5FF7B0ED1
Y,19.85,1.0,1.00426753906281,5875ABA30CF757AE1F3EAC2BEF20ED87807B9A1720FB19385E106DF5FF7B0ED1
Y,19.86,1.0,1.00416915848836,5875ABA30CF757AE1F3EAC2BEF20ED87807B9A1720FB19385E106DF5FF7B0ED1
Y,19.87,1.0,1.00407112926456,5875ABA30CF757AE1F3EAC2BEF20ED87807B9A1720FB19385E106DF5FF7B0ED1
Y,19.88,1.0,1.0039734595963,5875ABA30CF757AE1F3EAC2BEF20ED87807B9A1720FB19385E106DF5FF7B0ED1
Y,19.89,1.0,1.00387615741341,5875ABA30CF757AE1F3EAC2BEF20ED87807B9A1720FB19385E106DF5FF7B0ED1
Y,19.9,1.0,1.00377923036806,5875ABA30CF757AE1F3EAC2BEF20ED87807B9A1720FB19385E106DF5FF7B0ED1
Y,19.91,1.0,1.00368268583209,5875ABA30CF757AE1F3EAC2BEF20ED87807B9A1720FB19385E106DF5FF7B0ED1
Y,19.92,1.0,1.00358653089438,5875ABA30CF757AE1F3EAC2BEF20ED87807B9A1720FB19385E106DF5FF7B0ED1
Y,19.93,1.0,1.00349077235819,5875ABA30CF757AE1F3EAC2BEF20ED87807B9A1720FB19385E106DF5FF7B0ED1
Y,19.94,1.0,1.00339541673853,5875ABA30CF757AE1F3EAC2BEF20ED87807B9A1720FB19385E106DF5FF7B0ED1
Y,19.95,1.0,1.0033004702595,5875ABA30CF757AE1F3EAC2BEF20ED87807B9A1720FB19385E106DF5FF7B0ED1
Y,19.96,1.0,1.00320593885164,5875ABA30CF757AE1F3EAC2BEF20ED87807B9A1720FB19385E106DF5FF7B0ED1
Y,19.97,1.0,1.00311182814931,5875ABA30CF757AE1F3EAC2BEF20ED87807B9A1720FB19385E106DF5FF7B0ED1
Y,19.98,1.0,1.00301814348803,5875ABA30CF757AE1F3EAC2BEF20ED87807B9A1720FB19385E106DF5FF7B0ED1
Y,19.99,1.0,1.00292488990182,5875ABA30CF757AE1F3EAC2BEF20ED87807B9A1720FB19385E106DF5FF7B0ED1
Y,20.0,1.0,1.00283207212056,5875ABA30CF757AE1F3EAC2BEF20ED87807B9A1720FB19385E106DF5FF7B0ED1
Z,8.0,1.0,0.999127310124769,5270D4F91D258113EE7D00CF491C6F133F75D4B9F01EB3B17108581228BBEBC2
Z,8.01,1.0,0.999165283838672,5270D4F91D258113EE7D00CF491C6F133F75D4B9F01EB3B17108581228BBEBC2
Z,8.02,1.0,0.999202360336536,5270D4F91D258113EE7D00CF491C6F133F75D4B9F01EB3B17108581228BBEBC2
Z,8.03,1.0,0.999238555254747,5270D4F91D258113EE7D00CF491C6F133F75D4B9F01EB3B17108581228BBEBC2
Z,8.04,1.0,0.999273883932836,5270D4F91D258113EE7D00CF491C6F133F75D4B9F01EB3B17108581228BBEBC2
Z,8.05,1.0,0.999308361413474,5270D4F91D258113EE7D00CF491C6F133F75D4B9F01EB3B17108581228BBEBC2
Z,8.06,1.0,0.999342002442476,5270D4F91D258113EE7D00CF491C6F133F75D4B9F01EB3B17108581228BBEBC2
Z,8.07,1.0,0.999374821468797,5270D4F91D258113EE7D00CF491C6F133F75D4B9F01EB3B17108581228BBEBC2
Z,8.08,1.0,0.999406832644538,5270D4F91D258113EE7D00CF491C6F133F75D4B9F01EB3B17108581228BBEBC2
Z,8.09,1.0,0.99943804982494,5270D4F91D258113EE7D00CF491C6F133F75D4B9F01EB3B17108581228BBEBC2
Z,8.1,1.0,0.999468486568385,5270D4F91D258113EE7D00CF491C6F133F75D4B9F01EB3B17108581228BBEBC2
Z,8.11,1.0,0.9994981561364,5270D4F91D258113EE7D00CF491C6F133F75D4B9F01EB3B17108581228BBEBC2
Z,8.12,1.0,0.999527071493654,5270D4F91D258113EE7D00CF491C6F133F75D4B9F01EB3B17108581228BBEBC2
Z,8.13,1.0,0.999555245307957,5270D4F91D258113EE7D00CF491C6F133F75D4B9F01EB3B17108581228BBEBC2
Z,8.14,1.0,0.999582689950261,5270D4F91D258113EE7D00CF491C6F133F75D4B9F01EB3B17108581228BBEBC2
Z,8.15,1.0,0.999609417494663,5270D4F91D258113EE7D00CF491C6F133F75D4B9F01EB3B17108581228BBEBC2
Z,8.16,1.0,0.9996354397184,5270D4F91D258113EE7D00CF491C6F133F75D4B9F01EB3B17108581228BBEBC2
Z,8.17,1.0,0.999660768101852,5270D4F91D258113EE7D00CF491C6F133F75D4B9F01EB3B17108581228BBEBC2
Z,8.18,1.0,0.999685463531701,5270D4F91D258113EE7D00CF491C6F133F75D4B9F01EB3B17108581228BBEBC2
Z,8.19,1.0,0.999709553546403,5270D4F91D258113EE7D00CF491C6F133F75D4B9F01EB3B17108581228BBEBC2
Z,8.2,1.0,0.999733002366731,5270D4F91D258113EE7D00CF491C6F133F75D4B9F01EB3B17108581228BBEBC2
Z,8.21,1.0,0.99975582205838,5270D4F91D258113EE7D00CF491C6F133F75D4B9F01EB3B17108581228BBEBC2
Z,8.22,1.0,0.999778024476221,5270D4F91D258113EE7D00CF491C6F133F75D4B9F01EB3B17108581228BBEBC2
Z,8.23,1.0,0.999799621266122,5270D4F91D258113EE7D00CF491C6F133F75D4B9F01EB3B17108581228BBEBC2
Z,8.24,1.0,0.999820623866783,5270D4F91D258113EE7D00CF491C6F133F75D4B9F01EB3B17108581228BBEBC2
Z,8.25,1.0,0.999841043511561,5270D4F91D258113EE7D00CF491C6F133F75D4B9F01EB3B17108581228BBEBC2
Z,8.26,1.0,0.999860891230298,5270D4F91D258113EE7D00CF491C6F133F75D4B9F01EB3B17108581228BBEBC2
Z,8.27,1.0,0.99988017785115,5270D4F91D258113EE7D00CF491C6F133F75D4B9F01EB3B17108581228BBEBC2
Z,8.28,1.0,0.999898914002414,5270D4F91D258113EE7D00CF491C6F133F75D4B9F01EB3B17108581228BBEBC2
Z,8.29,1.0,0.99991711011436,5270D4F91D258113EE7D00CF491C6F133F75D4B9F01EB3B17108581228BBEBC2
Z,8.3,1.0,0.999934776421053,5270D4F91D258113EE7D00CF491C6F133F75D4B9F01EB3B17108581228BBEBC2
Z,8.31,1.0,0.999951922962188,5270D4F91D258113EE7D00CF491C6F133F75D4B9F01EB3B17108581228BBEBC2
Z,8.32,1.0,0.999968559584912,5270D4F91D258113EE7D00CF491C6F133F75D4B9F01EB3B17108581228BBEBC2
Z,8.33,1.0,0.999984695945656,5270D4F91D258113EE7D00CF491C6F133F75D4B9F01EB3B17108581228BBEBC2
Z,8.34,1.0,1.00000034151196,5270D4F91D258113EE7D00CF491C6F133F75D4B9F01EB3B17108581228BBEBC2
Z,8.35,1.0,1.00001550556431,5270D4F91D258113EE7D00CF491C6F133F75D4B9F01EB3B17108581228BBEBC2
Z,8.36,1.0,1.00003019719796,5270D4F91D258113EE7D00CF491C6F133F75D4B9F01EB3B17108581228BBEBC2
Z,8.37,1.0,1.00004442532475,5270D4F91D258113EE7D00CF491C6F133F75D4B9F01EB3B17108581228BBEBC2
Z,8.38,1.0,1.00005819867494,5270D4F91D258113EE7D00CF491C6F133F75D4B9F01EB3B17108581228BBEBC2
Z,8.39,1.0,1.00007152579907,5270D4F91D258113EE7D00CF491C6F133F75D4B9F01EB3B17108581228BBEBC2
Z,8.4,1.0,1.00008441506972,5270D4F91D258113EE7D00CF491C6F133F75D4B9F01EB3B17108581228BBEBC2
Z,8.41,1.0,1.00009687468342,5270D4F91D258113EE7D00CF491C6F133F75D4B9F01EB3B17108581228BBEBC2
Z,8.42,1.0,1.00010891266242,5270D4F91D258113EE7D00CF491C6F133F75D4B9F01EB3B17108581228BBEBC2
Z,8.43,1.0,1.00012053685651,5270D4F91D258113EE7D00CF491C6F133F75D4B9F01EB3B17108581228BBEBC2
Z,8.44,1.0,1.00013175494492,5270D4F91D258113EE7D00CF491C6F133F75D4B9F01EB3B17108581228BBEBC2
Z,8.45,1.0,1.00014257443806,5270D4F91D258113EE7D00CF491C6F133F75D4B9F01EB3B17108581228BBEBC2
Z,8.46,1.0,1.00015300267942,5270D4F91D258113EE7D00CF491C6F133F75D4B9F01EB3B17108581228BBEBC2
Z,8.47,1.0,1.00016304684734,5270D4F91D258113EE7D00CF491C6F133F75D4B9F01EB3B17108581228BBEBC2
Z,8.48,1.0,1.00017275933533,5270D4F91D258113EE7D00CF491C6F133F75D4B9F01EB3B17108581228BBEBC2
Z,8.49,1.0,1.0001821624779,5270D4F91D258113EE7D00CF491C6F133F75D4B9F01EB3B17108581228BBEBC2
Z,8.5,1.0,1.0001912176215,5270D4F91D258113EE7D00CF491C6F133F75D4B9F01EB3B17108581228BBEBC2
Z,8.51,1.0,1.00019993248243,5270D4F91D258113EE7D00CF491C6F133F75D4B9F01EB3B17108581228BBEBC2
Z,8.52,1.0,1.00020831467064,5270D4F91D258113EE7D00CF491C6F133F75D4B9F01EB3B17108581228BBEBC2
Z,8.53,1.0,1.00021637169242,5270D4F91D258113EE7D00CF491C6F133F75D4B9F01EB3B17108581228BBEBC2
Z,8.54,1.0,1.00022411095319,5270D4F91D258113EE7D00CF491C6F133F75D4B9F01EB3B17108581228BBEBC2
Z,8.55,1.0,1.00023153976024,5270D4F91D258113EE7D00CF491C6F133F75D4B9F01EB3B17108581228BBEBC2
Z,8.56,1.0,1.00023866532545,5270D4F91D258113EE7D00CF491C6F133F75D4B9F01EB3B17108581228BBEBC2
Z,8.57,1.0,1.0002454947681,5270D4F91D258113EE7D00CF491C6F133F75D4B9F01EB3B17108581228BBEBC2
Z,8.58,1.0,1.00025203511755,5270D4F91D258113EE7D00CF491C6F133F75D4B9F01EB3B17108581228BBEBC2
Z,8.59,1.0,1.00025829331603,5270D4F91D258113EE7D00CF491C6F133F75D4B9F01EB3B17108581228BBEBC2
Z,8.6,1.0,1.00026427622136,5270D4F91D258113EE7D00CF491C6F133F75D4B9F01EB3B17108581228BBEBC2
Z,8.61,1.0,1.00026999060973,5270D4F91D258113EE7D00CF491C6F133F75D4B9F01EB3B17108581228BBEBC2
Z,8.62,1.0,1.00027544317843,5270D4F91D258113EE7D00CF491C6F133F75D4B9F01EB3B17108581228BBEBC2
Z,8.63,1.0,1.0002806405486,5270D4F91D258113EE7D00CF491C6F133F75D4B9F01EB3B17108581228BBEBC2
Z,8.64,1.0,1.00028558926796,5270D4F91D258113EE7D00CF491C6F133F75D4B9F01EB3B17108581228BBEBC2
Z,8.65,1.0,1.00029029581361,5270D4F91D258113EE7D00CF491C6F133F75D4B9F01EB3B17108581228BBEBC2
Z,8.66,1.0,1.0002947665947,5270D4F91D258113EE7D00CF491C6F133F75D4B9F01EB3B17108581228BBEBC2
Z,8.67,1.0,1.00029900795526,5270D4F91D258113EE7D00CF491C6F133F75D4B9F01EB3B17108581228BBEBC2
Z,8.68,1.0,1.00030302617689,5270D4F91D258113EE7D00CF491C6F133F75D4B9F01EB3B17108581228BBEBC2
Z,8.69,1.0,1.00030682748153,5270D4F91D258113EE7D00CF491C6F133F75D4B9F01EB3B17108581228BBEBC2
Z,8.7,1.0,1.00031041803421,5270D4F91D258113EE7D00CF491C6F133F75D4B9F01EB3B17108581228BBEBC2
Z,8.71,1.0,1.0003138039458,5270D4F91D258113EE7D00CF491C6F133F75D4B9F01EB3B17108581228BBEBC2
Z,8.72,1.0,1.00031699127574,5270D4F91D258113EE7D00CF491C6F133F75D4B9F01EB3B17108581228BBEBC2
Z,8.73,1.0,1.0003199860348,5270D4F91D258113EE7D00CF491C6F133F75D4B9F01EB3B17108581228BBEBC2
Z,8.74,1.0,1.00032279418783,5270D4F91D258113EE7D00CF491C6F133F75D4B9F01EB3B17108581228BBEBC2
Z,8.75,1.0,1.00032542165652,5270D4F91D258113EE7D00CF491C6F133F75D4B9F01EB3B17108581228BBEBC2
Z,8.76,1.0,1.00032787432211,5270D4F91D258113EE7D00CF491C6F133F75D4B9F01EB3B17108581228BBEBC2
Z,8.77,1.0,1.00033015802818,5270D4F91D258113EE7D00CF491C6F133F75D4B9F01EB3B17108581228BBEBC2
Z,8.78,1.0,1.00033227858338,5270D4F91D258113EE7D00CF491C6F133F75D4B9F01EB3B17108581228BBEBC2
Z,8.79,1.0,1.00033424176416,5270D4F91D258113EE7D00CF491C6F133F75D4B9F01EB3B17108581228BBEBC2
Z,8.8,1.0,1.00033605406821,5270D4F91D258113EE7D00CF491C6F133F75D4B9F01EB3B17108581228BBEBC2
Z,8.81,1.0,1.0003377369859,5270D4F91D258113EE7D00CF491C6F133F75D4B9F01EB3B17108581228BBEBC2
Z,8.82,1.0,1.00033927264409,5270D4F91D258113EE7D00CF491C6F133F75D4B9F01EB3B17108581228BBEBC2
Z,8.83,1.0,1.0003406652822,5270D4F91D258113EE7D00CF491C6F133F75D4B9F01EB3B17108581228BBEBC2
Z,8.84,1.0,1.00034191901853,5270D4F91D258113EE7D00CF491C6F133F75D4B9F01EB3B17108581228BBEBC2
Z,8.85,1.0,1.00034303785028,5270D4F91D258113EE7D00CF491C6F133F75D4B9F01EB3B17108581228BBEBC2
Z,8.86,1.0,1.00034402565355,5270D4F91D258113EE7D00CF491C6F133F75D4B9F01EB3B17108581228BBEBC2
Z,8.87,1.0,1.0003448861833,5270D4F91D258113EE7D00CF491C6F133F75D4B9F01EB3B17108581228BBEBC2
Z,8.88,1.0,1.00034562307343,5270D4F91D258113EE7D00CF491C6F133F75D4B9F01EB3B17108581228BBEBC2
Z,8.89,1.0,1.00034623983668,5270D4F91D258113EE7D00CF491C6F133F75D4B9F01EB3B17108581228BBEBC2
Z,8.9,1.0,1.00034673986472,5270D4F91D258113EE7D00CF491C6F133F75D4B9F01EB3B17108581228BBEBC2
Z,8.91,1.0,1.0003471264281,5270D4F91D258113EE7D00CF491C6F133F75D4B9F01EB3B17108581228BBEBC2
Z,8.92,1.0,1.00034740267625,5270D4F91D258113EE7D00CF491C6F133F75D4B9F01EB3B17108581228BBEBC2
Z,8.93,1.0,1.0003475716375,5270D4F91D258113EE7D00CF491C6F133F75D4B9F01EB3B17108581228BBEBC2
Z,8.94,1.0,1.00034763621907,5270D4F91D258113EE7D00CF491C6F133F75D4B9F01EB3B17108581228BBEBC2
Z,8.95,1.0,1.00034759920708,5270D4F91D258113EE7D00CF491C6F133F75D4B9F01EB3B17108581228BBEBC2
Z,8.96,1.0,1.00034746326653,5270D4F91D258113EE7D00CF491C6F133F75D4B9F01EB3B17108581228BBEBC2
Z,8.97,1.0,1.00034723094131,5270D4F91D258113EE7D00CF491C6F133F75D4B9F01EB3B17108581228BBEBC2
Z,8.98,1.0,1.00034690465421,5270D4F91D258113EE7D00CF491C6F133F75D4B9F01EB3B17108581228BBEBC2
Z,8.99,1.0,1.00034648670692,5270D4F91D258113EE7D00CF491C6F133F75D4B9F01EB3B17108581228BBEBC2
Z,9.0,1.0,1.00034597927999,5270D4F91D258113EE7D00CF491C6F133F75D4B9F01EB3B17108581228BBEBC2
Z,9.01,1.0,1.00034538443289,5270D4F91D258113EE7D00CF491C6F133F75D4B9F01EB3B17108581228BBEBC2
Z,9.02,1.0,1.00034470410397,5270D4F91D258113EE7D00CF491C6F133F75D4B9F01EB3B17108581228BBEBC2
Z,9.03,1.0,1.00034394011048,5270D4F91D258113EE7D00CF491C6F133F75D4B9F01EB3B17108581228BBEBC2
Z,9.04,1.0,1.00034309414854,5270D4F91D258113EE7D00CF491C6F133F75D4B9F01EB3B17108581228BBEBC2
Z,9.05,1.0,1.00034216779319,5270D4F91D258113EE7D00CF491C6F133F75D4B9F01EB3B17108581228BBEBC2
Z,9.06,1.0,1.00034116249834,5270D4F91D258113EE7D00CF491C6F133F75D4B9F01EB3B17108581228BBEBC2
Z,9.07,1.0,1.00034007959681,5270D4F91D258113EE7D00CF491C6F133F75D4B9F01EB3B17108581228BBEBC2
Z,9.08,1.0,1.00033892030028,5270D4F91D258113EE7D00CF491C6F133F75D4B9F01EB3B17108581228BBEBC2
Z,9.09,1.0,1.00033768569936,5270D4F91D258113EE7D00CF491C6F133F75D4B9F01EB3B17108581228BBEBC2
Z,9.1,1.0,1.00033637676352,5270D4F91D258113EE7D00CF491C6F133F75D4B9F01EB3B17108581228BBEBC2
Z,9.11,1.0,1.00033499434114,5270D4F91D258113EE7D00CF491C6F133F75D4B9F01EB3B17108581228BBEBC2
Z,9.12,1.0,1.00033353915948,5270D4F91D258113EE7D00CF491C6F133F75D4B9F01EB3B17108581228BBEBC2
Z,9.13,1.0,1.00033201182471,5270D4F91D258113EE7D00CF491C6F133F75D4B9F01EB3B17108581228BBEBC2
Z,9.14,1.0,1.00033041282187,5270D4F91D258113EE7D00CF491C6F133F75D4B9F01EB3B17108581228BBEBC2
Z,9.15,1.0,1.00032874251489,5270D4F91D258113EE7D00CF491C6F133F75D4B9F01EB3B17108581228BBEBC2
Z,9.16,1.0,1.00032703606728,5270D4F91D258113EE7D00CF491C6F133F75D4B9F01EB3B17108581228BBEBC2
Z,9.17,1.0,1.00032544297844,5270D4F91D258113EE7D00CF491C6F133F75D4B9F01EB3B17108581228BBEBC2
Z,9.18,1.0,1.00032380541313,5270D4F91D258113EE7D00CF491C6F133F75D4B9F01EB3B17108581228BBEBC2
Z,9.19,1.0,1.000322124883,5270D4F91D258113EE7D00CF491C6F133F75D4B9F01EB3B17108581228BBEBC2
Z,9.2,1.0,1.00032040283383,5270D4F91D258113EE7D00CF491C6F133F75D4B9F01EB3B17108581228BBEBC2
Z,9.21,1.0,1.00031864064629,5270D4F91D258113EE7D00CF491C6F133F75D4B9F01EB3B17108581228BBEBC2
Z,9.22,1.0,1.0003168396368,5270D4F91D258113EE7D00CF491C6F133F75D4B9F01EB3B17108581228BBEBC2
Z,9.23,1.0,1.00031500105835,5270D4F91D258113EE7D00CF491C6F133F75D4B9F01EB3B17108581228BBEBC2
Z,9.24,1.0,1.00031312610131,5270D4F91D258113EE7D00CF491C6F133F75D4B9F01EB3B17108581228BBEBC2
Z,9.25,1.0,1.00031121589424,5270D4F91D258113EE7D00CF491C6F133F75D4B9F01EB3B17108581228BBEBC2
Z,9.26,1.0,1.00030927150475,5270D4F91D258113EE7D00CF491C6F133F75D4B9F01EB3B17108581228BBEBC2
Z,9.27,1.0,1.00030729394027,5270D4F91D258113EE7D00CF491C6F133F75D4B9F01EB3B17108581228BBEBC2
Z,9.28,1.0,1.00030528414893,5270D4F91D258113EE7D00CF491C6F133F75D4B9F01EB3B17108581228BBEBC2
Z,9.29,1.0,1.00030324302032,5270D4F91D258113EE7D00CF491C6F133F75D4B9F01EB3B17108581228BBEBC2
Z,9.3,1.0,1.00030117138636,5270D4F91D258113EE7D00CF491C6F133F75D4B9F01EB3B17108581228BBEBC2
Z,9.31,1.0,1.00029907002211,5270D4F91D258113EE7D00CF491C6F133F75D4B9F01EB3B17108581228BBEBC2
Z,9.32,1.0,1.00029693964656,5270D4F91D258113EE7D00CF491C6F133F75D4B9F01EB3B17108581228BBEBC2
Z,9.33,1.0,1.0002947809235,5270D4F91D258113EE7D00CF491C6F133F75D4B9F01EB3B17108581228BBEBC2
Z,9.34,1.0,1.0002925944623,5270D4F91D258113EE7D00CF491C6F133F75D4B9F01EB3B17108581228BBEBC2
Z,9.35,1.0,1.00029038081876,5270D4F91D258113EE7D00CF491C6F133F75D4B9F01EB3B17108581228BBEBC2
Z,9.36,1.0,1.00028814049592,5270D4F91D258113EE7D00CF491C6F133F75D4B9F01EB3B17108581228BBEBC2
Z,9.37,1.0,1.00028587394488,5270D4F91D258113EE7D00CF491C6F133F75D4B9F01EB3B17108581228BBEBC2
Z,9.38,1.0,1.00028358156562,5270D4F91D258113EE7D00CF491C6F133F75D4B9F01EB3B17108581228BBEBC2
Z,9.39,1.0,1.00028126370782,5270D4F91D258113EE7D00CF491C6F133F75D4B9F01EB3B17108581228BBEBC2
Z,9.4,1.0,1.00027892067171,5270D4F91D258113EE7D00CF491C6F133F75D4B9F01EB3B17108581228BBEBC2
Z,9.41,1.0,1.00027655270884,5270D4F91D258113EE7D00CF491C6F133F75D4B9F01EB3B17108581228BBEBC2
Z,9.42,1.0,1.00027416002294,5270D4F91D258113EE7D00CF491C6F133F75D4B9F01EB3B17108581228BBEBC2
Z,9.43,1.0,1.00027174277073,5270D4F91D258113EE7D00CF491C6F133F75D4B9F01EB3B17108581228BBEBC2
Z,9.44,1.0,1.00026930106274,5270D4F91D258113EE7D00CF491C6F133F75D4B9F01EB3B17108581228BBEBC2
Z,9.45,1.0,1.00026683496415,5270D4F91D258113EE7D00CF491C6F133F75D4B9F01EB3B17108581228BBEBC2
Z,9.46,1.0,1.00026434449556,5270D4F91D258113EE7D00CF491C6F133F75D4B9F01EB3B17108581228BBEBC2
Z,9.47,1.0,1.00026182963389,5270D4F91D258113EE7D00CF491C6F133F75D4B9F01EB3B17108581228BBEBC2
Z,9.48,1.0,1.00025929031311,5270D4F91D258113EE7D00CF491C6F133F75D4B9F01EB3B17108581228BBEBC2
Z,9.49,1.0,1.00025672642515,5270D4F91D258113EE7D00CF491C6F133F75D4B9F01EB3B17108581228BBEBC2
Z,9.5,1.0,1.00025413782065,5270D4F91D258113EE7D00CF491C6F133F75D4B9F01EB3B17108581228BBEBC2
Z,9.51,1.0,1.00025152430984,5270D4F91D258113EE7D00CF491C6F133F75D4B9F01EB3B17108581228BBEBC2
Z,9.52,1.0,1.00024888566332,5270D4F91D258113EE7D00CF491C6F133F75D4B9F01EB3B17108581228BBEBC2
Z,9.53,1.0,1.00024622161288,5270D4F91D258113EE7D00CF491C6F133F75D4B9F01EB3B17108581228BBEBC2
Z,9.54,1.0,1.00024353185235,5270D4F91D258113EE7D00CF491C6F133F75D4B9F01EB3B17108581228BBEBC2
Z,9.55,1.0,1.00024083567792,5270D4F91D258113EE7D00CF491C6F133F75D4B9F01EB3B17108581228BBEBC2
Z,9.56,1.0,1.0002382830838,5270D4F91D258113EE7D00CF491C6F133F75D4B9F01EB3B17108581228BBEBC2
Z,9.57,1.0,1.00023572461667,5270D4F91D258113EE7D00CF491C6F133F75D4B9F01EB3B17108581228BBEBC2
Z,9.58,1.0,1.00023316100793,5270D4F91D258113EE7D00CF491C6F133F75D4B9F01EB3B17108581228BBEBC2
Z,9.59,1.0,1.0002305929915,5270D4F91D258113EE7D00CF491C6F133F75D4B9F01EB3B17108581228BBEBC2
Z,9.6,1.0,1.0002280213052,5270D4F91D258113EE7D00CF491C6F133F75D4B9F01EB3B17108581228BBEBC2
Z,9.61,1.0,1.00022544669201,5270D4F91D258113EE7D00CF491C6F133F75D4B9F01EB3B17108581228BBEBC2
Z,9.62,1.0,1.00022286990141,5270D4F91D258113EE7D00CF491C6F133F75D4B9F01EB3B17108581228BBEBC2
Z,9.63,1.0,1.00022029169067,5270D4F91D258113EE7D00CF491C6F133F75D4B9F01EB3B17108581228BBEBC2
Z,9.64,1.0,1.00021771282622,5270D4F91D258113EE7D00CF491C6F133F75D4B9F01EB3B17108581228BBEBC2
Z,9.65,1.0,1.00021513408489,5270D4F91D258113EE7D00CF491C6F133F75D4B9F01EB3B17108581228BBEBC2
Z,9.66,1.0,1.00021255625529,5270D4F91D258113EE7D00CF491C6F133F75D4B9F01EB3B17108581228BBEBC2
Z,9.67,1.0,1.00020998013908,5270D4F91D258113EE7D00CF491C6F133F75D4B9F01EB3B17108581228BBEBC2
Z,9.68,1.0,1.0002074065523,5270D4F91D258113EE7D00CF491C6F133F75D4B9F01EB3B17108581228BBEBC2
Z,9.69,1.0,1.00020483632671,5270D4F91D258113EE7D00CF491C6F133F75D4B9F01EB3B17108581228BBEBC2
Z,9.7,1.0,1.00020227031105,5270D4F91D258113EE7D00CF491C6F133F75D4B9F01EB3B17108581228BBEBC2
Z,9.71,1.0,1.00019970937239,5270D4F91D258113EE7D00CF491C6F133F75D4B9F01EB3B17108581228BBEBC2
Z,9.72,1.0,1.00019715439746,5270D4F91D258113EE7D00CF491C6F133F75D4B9F01EB3B17108581228BBEBC2
Z,9.73,1.0,1.00019460629393,5270D4F91D258113EE7D00CF491C6F133F75D4B9F01EB3B17108581228BBEBC2
Z,9.74,1.0,1.00019206599173,5270D4F91D258113EE7D00CF491C6F133F75D4B9F01EB3B17108581228BBEBC2
Z,9.75,1.0,1.00018953444438,5270D4F91D258113EE7D00CF491C6F133F75D4B9F01EB3B17108581228BBEBC2
Z,9.76,1.0,1.00018701263031,5270D4F91D258113EE7D00CF491C6F133F75D4B9F01EB3B17108581228BBEBC2
Z,9.77,1.0,1.00018450155414,5270D4F91D258113EE7D00CF491C6F133F75D4B9F01EB3B17108581228BBEBC2
Z,9.78,1.0,1.00018200224803,5270D4F91D258113EE7D00CF491C6F133F75D4B9F01EB3B17108581228BBEBC2
Z,9.79,1.0,1.00017951577297,5270D4F91D258113EE7D00CF491C6F133F75D4B9F01EB3B17108581228BBEBC2
Z,9.8,1.0,1.00017704322012,5270D4F91D258113EE7D00CF491C6F133F75D4B9F01EB3B17108581228BBEBC2
Z,9.81,1.0,1.0001745857121,5270D4F91D258113EE7D00CF491C6F133F75D4B9F01EB3B17108581228BBEBC2
Z,9.82,1.0,1.00017214440431,5270D4F91D258113EE7D00CF491C6F133F75D4B9F01EB3B17108581228BBEBC2
Z,9.83,1.0,1.00016972048627,5270D4F91D258113EE7D00CF491C6F133F75D4B9F01EB3B17108581228BBEBC2
Z,9.84,1.0,1.00016731518289,5270D4F91D258113EE7D00CF491C6F133F75D4B9F01EB3B17108581228BBEBC2
Z,9.85,1.0,1.00016492975582,5270D4F91D258113EE7D00CF491C6F133F75D4B9F01EB3B17108581228BBEBC2
Z,9.86,1.0,1.00016256550474,5270D4F91D258113EE7D00CF491C6F133F75D4B9F01EB3B17108581228BBEBC2
Z,9.87,1.0,1.00016022376871,5270D4F91D258113EE7D00CF491C6F133F75D4B9F01EB3B17108581228BBEBC2
Z,9.88,1.0,1.00015790592744,5270D4F91D258113EE7D00CF491C6F133F75D4B9F01EB3B17108581228BBEBC2
Z,9.89,1.0,1.00015561340263,5270D4F91D258113EE7D00CF491C6F133F75D4B9F01EB3B17108581228BBEBC2
Z,9.9,1.0,1.00015334765929,5270D4F91D258113EE7D00CF491C6F133F75D4B9F01EB3B17108581228BBEBC2
Z,9.91,1.0,1.00015111020704,5270D4F91D258113EE7D00CF491C6F133F75D4B9F01EB3B17108581228BBEBC2
Z,9.92,1.0,1.00014890260142,5270D4F91D258113EE7D00CF491C6F133F75D4B9F01EB3B17108581228BBEBC2
Z,9.93,1.0,1.00014672644523,5270D4F91D258113EE7D00CF491C6F133F75D4B9F01EB3B17108581228BBEBC2
Z,9.94,1.0,1.00014458338982,5270D4F91D258113EE7D00CF491C6F133F75D4B9F01EB3B17108581228BBEBC2
Z,9.95,1.0,1.00014247513641,5270D4F91D258113EE7D00CF491C6F133F75D4B9F01EB3B17108581228BBEBC2
Z,9.96,1.0,1.00014040343742,5270D4F91D258113EE7D00CF491C6F133F75D4B9F01EB3B17108581228BBEBC2
Z,9.97,1.0,1.00013824134915,5270D4F91D258113EE7D00CF491C6F133F75D4B9F01EB3B17108581228BBEBC2
Z,9.98,1.0,1.00013595332928,5270D4F91D258113EE7D00CF491C6F133F75D4B9F01EB3B17108581228BBEBC2
Z,9.99,1.0,1.00013367760132,5270D4F91D258113EE7D00CF491C6F133F75D4B9F01EB3B17108581228BBEBC2
Z,10.0,2.0,1.00013141458792,5270D4F91D258113EE7D00CF491C6F133F75D4B9F01EB3B17108581228BBEBC2
Z,10.01,2.0,1.00022631091228,5270D4F91D258113EE7D00CF491C6F133F75D4B9F01EB3B17108581228BBEBC2
Z,10.02,2.0,1.00124488495001,5270D4F91D258113EE7D00CF491C6F133F75D4B9F01EB3B17108581228BBEBC2
Z,10.03,2.0,1.00460807408589,5270D4F91D258113EE7D00CF491C6F133F75D4B9F01EB3B17108581228BBEBC2
Z,10.04,2.0,1.01207798889512,5270D4F91D258113EE7D00CF491C6F133F75D4B9F01EB3B17108581228BBEBC2
Z,10.05,2.0,1.02395914907629,5270D4F91D258113EE7D00CF491C6F133F75D4B9F01EB3B17108581228BBEBC2
Z,10.06,2.0,1.03850244882581,5270D4F91D258113EE7D00CF491C6F133F75D4B9F01EB3B17108581228BBEBC2
Z,10.07,2.0,1.05421506460304,5270D4F91D258113EE7D00CF491C6F133F75D4B9F01EB3B17108581228BBEBC2
Z,10.08,2.0,1.07022030594281,5270D4F91D258113EE7D00CF491C6F133F75D4B9F01EB3B17108581228BBEBC2
Z,10.09,2.0,1.0864382505252,5270D4F91D258113EE7D00CF491C6F133F75D4B9F01EB3B17108581228BBEBC2
Z,10.1,2.0,1.10285403324325,5270D4F91D258113EE7D00CF491C6F133F75D4B9F01EB3B17108581228BBEBC2
Z,10.11,2.0,1.11944698161157,5270D4F91D258113EE7D00CF491C6F133F75D4B9F01EB3B17108581228BBEBC2
Z,10.12,2.0,1.13619486901379,5270D4F91D258113EE7D00CF491C6F133F75D4B9F01EB3B17108581228BBEBC2
Z,10.13,2.0,1.15307591295917,5270D4F91D258113EE7D00CF491C6F133F75D4B9F01EB3B17108581228BBEBC2
Z,10.14,2.0,1.17006935399288,5270D4F91D258113EE7D00CF491C6F133F75D4B9F01EB3B17108581228BBEBC2
Z,10.15,2.0,1.18716070901031,5270D4F91D258113EE7D00CF491C6F133F75D4B9F01EB3B17108581228BBEBC2
Z,10.16,2.0,1.20432059827216,5270D4F91D258113EE7D00CF491C6F133F75D4B9F01EB3B17108581228BBEBC2
Z,10.17,2.0,1.22153499471303,5270D4F91D258113EE7D00CF491C6F133F75D4B9F01EB3B17108581228BBEBC2
Z,10.18,2.0,1.23878799257693,5270D4F91D258113EE7D00CF491C6F133F75D4B9F01EB3B17108581228BBEBC2
Z,10.19,2.0,1.25606604535746,5270D4F91D258113EE7D00CF491C6F133F75D4B9F01EB3B17108581228BBEBC2
Z,10.2,2.0,1.27335565573186,5270D4F91D258113EE7D00CF491C6F133F75D4B9F01EB3B17108581228BBEBC2
Z,10.21,2.0,1.29064091516563,5270D4F91D258113EE7D00CF491C6F133F75D4B9F01EB3B17108581228BBEBC2
Z,10.22,2.0,1.3079089249075,5270D4F91D258113EE7D00CF491C6F133F75D4B9F01EB3B17108581228BBEBC2
Z,10.23,2.0,1.32514661337669,5270D4F91D258113EE7D00CF491C6F133F75D4B9F01EB3B17108581228BBEBC2
Z,10.24,2.0,1.34234192055133,5270D4F91D258113EE7D00CF491C6F133F75D4B9F01EB3B17108581228BBEBC2
Z,10.25,2.0,1.35948368437097,5270D4F91D258113EE7D00CF491C6F133F75D4B9F01EB3B17108581228BBEBC2
Z,10.26,2.0,1.37656152273543,5270D4F91D258113EE7D00CF491C6F133F75D4B9F01EB3B17108581228BBEBC2
Z,10.27,2.0,1.39356504637156,5270D4F91D258113EE7D00CF491C6F133F75D4B9F01EB3B17108581228BBEBC2
Z,10.28,2.0,1.41048489116988,5270D4F91D258113EE7D00CF491C6F133F75D4B9F01EB3B17108581228BBEBC2
Z,10.29,2.0,1.42731184959033,5270D4F91D258113EE7D00CF491C6F133F75D4B9F01EB3B17108581228BBEBC2
Z,10.3,2.0,1.44403754092433,5270D4F91D258113EE7D00CF491C6F133F75D4B9F01EB3B17108581228BBEBC2
Z,10.31,2.0,1.46065397633987,5270D4F91D258113EE7D00CF491C6F133F75D4B9F01EB3B17108581228BBEBC2
Z,10.32,2.0,1.47715355097181,5270D4F91D258113EE7D00CF491C6F133F75D4B9F01EB3B17108581228BBEBC2
Z,10.33,2.0,1.49352929832608,5270D4F91D258113EE7D00CF491C6F133F75D4B9F01EB3B17108581228BBEBC2
Z,10.34,2.0,1.50977431448702,5270D4F91D258113EE7D00CF491C6F133F75D4B9F01EB3B17108581228BBEBC2
Z,10.35,2.0,1.52588243760144,5270D4F91D258113EE7D00CF491C6F133F75D4B9F01EB3B17108581228BBEBC2
Z,10.36,2.0,1.54184759331455,5270D4F91D258113EE7D00CF491C6F133F75D4B9F01EB3B17108581228BBEBC2
Z,10.37,2.0,1.55766417112278,5270D4F91D258113EE7D00CF491C6F133F75D4B9F01EB3B17108581228BBEBC2
Z,10.38,2.0,1.57332699214629,5270D4F91D258113EE7D00CF491C6F133F75D4B9F01EB3B17108581228BBEBC2
Z,10.39,2.0,1.58883105505265,5270D4F91D258113EE7D00CF491C6F133F75D4B9F01EB3B17108581228BBEBC2
Z,10.4,2.0,1.60417181076566,5270D4F91D258113EE7D00CF491C6F133F75D4B9F01EB3B17108581228BBEBC2
Z,10.41,2.0,1.61934497931923,5270D4F91D258113EE7D00CF491C6F133F75D4B9F01EB3B17108581228BBEBC2
Z,10.42,2.0,1.6343464472182,5270D4F91D258113EE7D00CF491C6F133F75D4B9F01EB3B17108581228BBEBC2
Z,10.43,2.0,1.64917247437442,5270D4F91D258113EE7D00CF491C6F133F75D4B9F01EB3B17108581228BBEBC2
Z,10.44,2.0,1.66381954983841,5270D4F91D258113EE7D00CF491C6F133F75D4B9F01EB3B17108581228BBEBC2
Z,10.45,2.0,1.67828451792203,5270D4F91D258113EE7D00CF491C6F133F75D4B9F01EB3B17108581228BBEBC2
Z,10.46,2.0,1.69256435706475,5270D4F91D258113EE7D00CF491C6F133F75D4B9F01EB3B17108581228BBEBC2
Z,10.47,2.0,1.70665631086203,5270D4F91D258113EE7D00CF491C6F133F75D4B9F01EB3B17108581228BBEBC2
Z,10.48,2.0,1.72055789145228,5270D4F91D258113EE7D00CF491C6F133F75D4B9F01EB3B17108581228BBEBC2
Z,10.49,2.0,1.73426679465655,5270D4F91D258113EE7D00CF491C6F133F75D4B9F01EB3B17108581228BBEBC2
Z,10.5,2.0,1.74778092988626,5270D4F91D258113EE7D00CF491C6F133F75D4B9F01EB3B17108581228BBEBC2
Z,10.51,2.0,1.76109841650015,5270D4F91D258113EE7D00CF491C6F133F75D4B9F01EB3B17108581228BBEBC2
Z,10.52,2.0,1.77421760572069,5270D4F91D258113EE7D00CF491C6F133F75D4B9F01EB3B17108581228BBEBC2
Z,10.53,2.0,1.78713699043456,5270D4F91D258113EE7D00CF491C6F133F75D4B9F01EB3B17108581228BBEBC2
Z,10.54,2.0,1.79985525751979,5270D4F91D258113EE7D00CF491C6F133F75D4B9F01EB3B17108581228BBEBC2
Z,10.55,2.0,1.81237127389212,5270D4F91D258113EE7D00CF491C6F133F75D4B9F01EB3B17108581228BBEBC2
Z,10.56,2.0,1.82468409221451,5270D4F91D258113EE7D00CF491C6F133F75D4B9F01EB3B17108581228BBEBC2
Z,10.57,2.0,1.83679289206692,5270D4F91D258113EE7D00CF491C6F133F75D4B9F01EB3B17108581228BBEBC2
Z,10.58,2.0,1.84869701396383,5270D4F91D258113EE7D00CF491C6F133F75D4B9F01EB3B17108581228BBEBC2
Z,10.59,2.0,1.8603959500627,5270D4F91D258113EE7D00CF491C6F133F75D4B9F01EB3B17108581228BBEBC2
Z,10.6,2.0,1.87188939134852,5270D4F91D258113EE7D00CF491C6F133F75D4B9F01EB3B17108581228BBEBC2
Z,10.61,2.0,1.88317708681566,5270D4F91D258113EE7D00CF491C6F133F75D4B9F01EB3B17108581228BBEBC2
Z,10.62,2.0,1.89425893909092,5270D4F91D258113EE7D00CF491C6F133F75D4B9F01EB3B17108581228BBEBC2
Z,10.63,2.0,1.90513497099552,5270D4F91D258113EE7D00CF491C6F133F75D4B9F01EB3B17108581228BBEBC2
Z,10.64,2.0,1.9158053693215,5270D4F91D258113EE7D00CF491C6F133F75D4B9F01EB3B17108581228BBEBC2
Z,10.65,2.0,1.92627044682614,5270D4F91D258113EE7D00CF491C6F133F75D4B9F01EB3B17108581228BBEBC2
Z,10.66,2.0,1.93653056078502,5270D4F91D258113EE7D00CF491C6F133F75D4B9F01EB3B17108581228BBEBC2
Z,10.67,2.0,1.94658620082227,5270D4F91D258113EE7D00CF491C6F133F75D4B9F01EB3B17108581228BBEBC2
Z,10.68,2.0,1.95643795393874,5270D4F91D258113EE7D00CF491C6F133F75D4B9F01EB3B17108581228BBEBC2
Z,10.69,2.0,1.96608658897987,5270D4F91D258113EE7D00CF491C6F133F75D4B9F01EB3B17108581228BBEBC2
Z,10.7,2.0,1.97553291092148,5270D4F91D258113EE7D00CF491C6F133F75D4B9F01EB3B17108581228BBEBC2
Z,10.71,2.0,1.98477779117262,5270D4F91D258113EE7D00CF491C6F133F75D4B9F01EB3B17108581228BBEBC2
Z,10.72,2.0,1.99382220689822,5270D4F91D258113EE7D00CF491C6F133F75D4B9F01EB3B17108581228BBEBC2
Z,10.73,2.0,2.00266721514368,5270D4F91D258113EE7D00CF491C6F133F75D4B9F01EB3B17108581228BBEBC2
Z,10.74,2.0,2.01131401742989,5270D4F91D258113EE7D00CF491C6F133F75D4B9F01EB3B17108581228BBEBC2
Z,10.75,2.0,2.01976385121322,5270D4F91D258113EE7D00CF491C6F133F75D4B9F01EB3B17108581228BBEBC2
Z,10.76,2.0,2.02801799978107,5270D4F91D258113EE7D00CF491C6F133F75D4B9F01EB3B17108581228BBEBC2
Z,10.77,2.0,2.03607783437427,5270D4F91D258113EE7D00CF491C6F133F75D4B9F01EB3B17108581228BBEBC2
Z,10.78,2.0,2.04394479009211,5270D4F91D258113EE7D00CF491C6F133F75D4B9F01EB3B17108581228BBEBC2
Z,10.79,2.0,2.05162037687628,5270D4F91D258113EE7D00CF491C6F133F75D4B9F01EB3B17108581228BBEBC2
Z,10.8,2.0,2.05910619870105,5270D4F91D258113EE7D00CF491C6F133F75D4B9F01EB3B17108581228BBEBC2
Z,10.81,2.0,2.06640384966984,5270D4F91D258113EE7D00CF491C6F133F75D4B9F01EB3B17108581228BBEBC2
Z,10.82,2.0,2.07351500065895,5270D4F91D258113EE7D00CF491C6F133F75D4B9F01EB3B17108581228BBEBC2
Z,10.83,2.0,2.0804413696815,5270D4F91D258113EE7D00CF491C6F133F75D4B9F01EB3B17108581228BBEBC2
Z,10.84,2.0,2.08718471803738,5270D4F91D258113EE7D00CF491C6F133F75D4B9F01EB3B17108581228BBEBC2
Z,10.85,2.0,2.09374688855985,5270D4F91D258113EE7D00CF491C6F133F75D4B9F01EB3B17108581228BBEBC2
Z,10.86,2.0,2.1001298210771,5270D4F91D258113EE7D00CF491C6F133F75D4B9F01EB3B17108581228BBEBC2
Z,10.87,2.0,2.10633536315258,5270D4F91D258113EE7D00CF491C6F133F75D4B9F01EB3B17108581228BBEBC2
Z,10.88,2.0,2.11236545256401,5270D4F91D258113EE7D00CF491C6F133F75D4B9F01EB3B17108581228BBEBC2
Z,10.89,2.0,2.11822205852634,5270D4F91D258113EE7D00CF491C6F133F75D4B9F01EB3B17108581228BBEBC2
Z,10.9,2.0,2.12390717839742,5270D4F91D258113EE7D00CF491C6F133F75D4B9F01EB3B17108581228BBEBC2
Z,10.91,2.0,2.12942288147365,5270D4F91D258113EE7D00CF491C6F133F75D4B9F01EB3B17108581228BBEBC2
Z,10.92,2.0,2.13477133372822,5270D4F91D258113EE7D00CF491C6F133F75D4B9F01EB3B17108581228BBEBC2
Z,10.93,2.0,2.13995456760212,5270D4F91D258113EE7D00CF491C6F133F75D4B9F01EB3B17108581228BBEBC2
Z,10.94,2.0,2.14497470503316,5270D4F91D258113EE7D00CF491C6F133F75D4B9F01EB3B17108581228BBEBC2
Z,10.95,2.0,2.14983388726567,5270D4F91D258113EE7D00CF491C6F133F75D4B9F01EB3B17108581228BBEBC2
Z,10.96,2.0,2.1545342721064,5270D4F91D258113EE7D00CF491C6F133F75D4B9F01EB3B17108581228BBEBC2
Z,10.97,2.0,2.15907803118041,5270D4F91D258113EE7D00CF491C6F133F75D4B9F01EB3B17108581228BBEBC2
Z,10.98,2.0,2.1634674249736,5270D4F91D258113EE7D00CF491C6F133F75D4B9F01EB3B17108581228BBEBC2
Z,10.99,2.0,2.16770469606105,5270D4F91D258113EE7D00CF491C6F133F75D4B9F01EB3B17108581228BBEBC2
Z,11.0,2.0,2.17179202812813,5270D4F91D258113EE7D00CF491C6F133F75D4B9F01EB3B17108581228BBEBC2
Z,11.01,2.0,2.17573165439718,5270D4F91D258113EE7D00CF491C6F133F75D4B9F01EB3B17108581228BBEBC2
Z,11.02,2.0,2.17952581343459,5270D4F91D258113EE7D00CF491C6F133F75D4B9F01EB3B17108581228BBEBC2
Z,11.03,2.0,2.18317674675539,5270D4F91D258113EE7D00CF491C6F133F75D4B9F01EB3B17108581228BBEBC2
Z,11.04,2.0,2.18668669642781,5270D4F91D258113EE7D00CF491C6F133F75D4B9F01EB3B17108581228BBEBC2
Z,11.05,2.0,2.19005802877818,5270D4F91D258113EE7D00CF491C6F133F75D4B9F01EB3B17108581228BBEBC2
Z,11.06,2.0,2.19329303014528,5270D4F91D258113EE7D00CF491C6F133F75D4B9F01EB3B17108581228BBEBC2
Z,11.07,2.0,2.19639391418988,5270D4F91D258113EE7D00CF491C6F133F75D4B9F01EB3B17108581228BBEBC2
Z,11.08,2.0,2.19936294541352,5270D4F91D258113EE7D00CF491C6F133F75D4B9F01EB3B17108581228BBEBC2
Z,11.09,2.0,2.20220238340647,5270D4F91D258113EE7D00CF491C6F133F75D4B9F01EB3B17108581228BBEBC2
Z,11.1,2.0,2.2049144808637,5270D4F91D258113EE7D00CF491C6F133F75D4B9F01EB3B17108581228BBEBC2
Z,11.11,2.0,2.20750148160081,5270D4F91D258113EE7D00CF491C6F133F75D4B9F01EB3B17108581228BBEBC2
Z,11.12,2.0,2.20996565309328,5270D4F91D258113EE7D00CF491C6F133F75D4B9F01EB3B17108581228BBEBC2
Z,11.13,2.0,2.21230941328047,5270D4F91D258113EE7D00CF491C6F133F75D4B9F01EB3B17108581228BBEBC2
Z,11.14,2.0,2.21453488289495,5270D4F91D258113EE7D00CF491C6F133F75D4B9F01EB3B17108581228BBEBC2
Z,11.15,2.0,2.21664429083076,5270D4F91D258113EE7D00CF491C6F133F75D4B9F01EB3B17108581228BBEBC2
Z,11.16,2.0,2.21863985303723,5270D4F91D258113EE7D00CF491C6F133F75D4B9F01EB3B17108581228BBEBC2
Z,11.17,2.0,2.22052377089609,5270D4F91D258113EE7D00CF491C6F133F75D4B9F01EB3B17108581228BBEBC2
Z,11.18,2.0,2.22229822959855,5270D4F91D258113EE7D00CF491C6F133F75D4B9F01EB3B17108581228BBEBC2
Z,11.19,2.0,2.22396539652242,5270D4F91D258113EE7D00CF491C6F133F75D4B9F01EB3B17108581228BBEBC2
Z,11.2,2.0,2.22552741960919,5270D4F91D258113EE7D00CF491C6F133F75D4B9F01EB3B17108581228BBEBC2
Z,11.21,2.0,2.22698674116687,5270D4F91D258113EE7D00CF491C6F133F75D4B9F01EB3B17108581228BBEBC2
Z,11.22,2.0,2.2283453346306,5270D4F91D258113EE7D00CF491C6F133F75D4B9F01EB3B17108581228BBEBC2
Z,11.23,2.0,2.22960531475749,5270D4F91D258113EE7D00CF491C6F133F75D4B9F01EB3B17108581228BBEBC2
Z,11.24,2.0,2.23076878692787,5270D4F91D258113EE7D00CF491C6F133F75D4B9F01EB3B17108581228BBEBC2
Z,11.25,2.0,2.231837835527,5270D4F91D258113EE7D00CF491C6F133F75D4B9F01EB3B17108581228BBEBC2
Z,11.26,2.0,2.23281452268366,5270D4F91D258113EE7D00CF491C6F133F75D4B9F01EB3B17108581228BBEBC2
Z,11.27,2.0,2.2337008870088,5270D4F91D258113EE7D00CF491C6F133F75D4B9F01EB3B17108581228BBEBC2
Z,11.28,2.0,2.23449894233411,5270D4F91D258113EE7D00CF491C6F133F75D4B9F01EB3B17108581228BBEBC2
Z,11.29,2.0,2.23521067645063,5270D4F91D258113EE7D00CF491C6F133F75D4B9F01EB3B17108581228BBEBC2
Z,11.3,2.0,2.23583844474664,5270D4F91D258113EE7D00CF491C6F133F75D4B9F01EB3B17108581228BBEBC2
Z,11.31,2.0,2.23638404480351,5270D4F91D258113EE7D00CF491C6F133F75D4B9F01EB3B17108581228BBEBC2
Z,11.32,2.0,2.23684938709392,5270D4F91D258113EE7D00CF491C6F133F75D4B9F01EB3B17108581228BBEBC2
Z,11.33,2.0,2.2372364011727,5270D4F91D258113EE7D00CF491C6F133F75D4B9F01EB3B17108581228BBEBC2
Z,11.34,2.0,2.23754699119221,5270D4F91D258113EE7D00CF491C6F133F75D4B9F01EB3B17108581228BBEBC2
Z,11.35,2.0,2.23778303499812,5270D4F91D258113EE7D00CF491C6F133F75D4B9F01EB3B17108581228BBEBC2
Z,11.36,2.0,2.23794638322522,5270D4F91D258113EE7D00CF491C6F133F75D4B9F01EB3B17108581228BBEBC2
Z,11.37,2.0,2.23803885839317,5270D4F91D258113EE7D00CF491C6F133F75D4B9F01EB3B17108581228BBEBC2
Z,11.38,2.0,2.2380622540023,5270D4F91D258113EE7D00CF491C6F133F75D4B9F01EB3B17108581228BBEBC2
Z,11.39,2.0,2.23801835619384,5270D4F91D258113EE7D00CF491C6F133F75D4B9F01EB3B17108581228BBEBC2
Z,11.4,2.0,2.23790945745592,5270D4F91D258113EE7D00CF491C6F133F75D4B9F01EB3B17108581228BBEBC2
Z,11.41,2.0,2.23773694189465,5270D4F91D258113EE7D00CF491C6F133F75D4B9F01EB3B17108581228BBEBC2
Z,11.42,2.0,2.23750253538746,5270D4F91D258113EE7D00CF491C6F133F75D4B9F01EB3B17108581228BBEBC2
Z,11.43,2.0,2.23720793691774,5270D4F91D258113EE7D00CF491C6F133F75D4B9F01EB3B17108581228BBEBC2
Z,11.44,2.0,2.23685481800073,5270D4F91D258113EE7D00CF491C6F133F75D4B9F01EB3B17108581228BBEBC2
Z,11.45,2.0,2.23644482210925,5270D4F91D258113EE7D00CF491C6F133F75D4B9F01EB3B17108581228BBEBC2
Z,11.46,2.0,2.23597956409957,5270D4F91D258113EE7D00CF491C6F133F75D4B9F01EB3B17108581228BBEBC2
Z,11.47,2.0,2.2354606296372,5270D4F91D258113EE7D00CF491C6F133F75D4B9F01EB3B17108581228BBEBC2
Z,11.48,2.0,2.23488957462271,5270D4F91D258113EE7D00CF491C6F133F75D4B9F01EB3B17108581228BBEBC2
Z,11.49,2.0,2.23426792461754,5270D4F91D258113EE7D00CF491C6F133F75D4B9F01EB3B17108581228BBEBC2
Z,11.5,2.0,2.23359762278832,5270D4F91D258113EE7D00CF491C6F133F75D4B9F01EB3B17108581228BBEBC2
Z,11.51,2.0,2.23288014584967,5270D4F91D258113EE7D00CF491C6F133F75D4B9F01EB3B17108581228BBEBC2
Z,11.52,2.0,2.23211680044048,5270D4F91D258113EE7D00CF491C6F133F75D4B9F01EB3B17108581228BBEBC2
Z,11.53,2.0,2.23130905001778,5270D4F91D258113EE7D00CF491C6F133F75D4B9F01EB3B17108581228BBEBC2
Z,11.54,2.0,2.23045833160878,5270D4F91D258113EE7D00CF491C6F133F75D4B9F01EB3B17108581228BBEBC2
Z,11.55,2.0,2.22956605554286,5270D4F91D258113EE7D00CF491C6F133F75D4B9F01EB3B17108581228BBEBC2
Z,11.56,2.0,2.2286336051835,5270D4F91D258113EE7D00CF491C6F133F75D4B9F01EB3B17108581228BBEBC2
Z,11.57,2.0,2.22766233666036,5270D4F91D258113EE7D00CF491C6F133F75D4B9F01EB3B17108581228BBEBC2
Z,11.58,2.0,2.22665357860115,5270D4F91D258113EE7D00CF491C6F133F75D4B9F01EB3B17108581228BBEBC2
Z,11.59,2.0,2.22560863186371,5270D4F91D258113EE7D00CF491C6F133F75D4B9F01EB3B17108581228BBEBC2
Z,11.6,2.0,2.22452876926794,5270D4F91D258113EE7D00CF491C6F133F75D4B9F01EB3B17108581228BBEBC2
Z,11.61,2.0,2.22341561914539,5270D4F91D258113EE7D00CF491C6F133F75D4B9F01EB3B17108581228BBEBC2
Z,11.62,2.0,2.2222701956681,5270D4F91D258113EE7D00CF491C6F133F75D4B9F01EB3B17108581228BBEBC2
Z,11.63,2.0,2.221093697502,5270D4F91D258113EE7D00CF491C6F133F75D4B9F01EB3B17108581228BBEBC2
Z,11.64,2.0,2.21988731755399,5270D4F91D258113EE7D00CF491C6F133F75D4B9F01EB3B17108581228BBEBC2
Z,11.65,2.0,2.21865222278,5270D4F91D258113EE7D00CF491C6F133F75D4B9F01EB3B17108581228BBEBC2
Z,11.66,2.0,2.21738955406276,5270D4F91D258113EE7D00CF491C6F133F75D4B9F01EB3B17108581228BBEBC2
Z,11.67,2.0,2.21610042608966,5270D4F91D258113EE7D00CF491C6F133F75D4B9F01EB3B17108581228BBEBC2
Z,11.68,2.0,2.21478592723055,5270D4F91D258113EE7D00CF491C6F133F75D4B9F01EB3B17108581228BBEBC2
Z,11.69,2.0,2.21344711941558,5270D4F91D258113EE7D00CF491C6F133F75D4B9F01EB3B17108581228BBEBC2
Z,11.7,2.0,2.21208503801302,5270D4F91D258113EE7D00CF491C6F133F75D4B9F01EB3B17108581228BBEBC2
Z,11.71,2.0,2.2107006917071,5270D4F91D258113EE7D00CF491C6F133F75D4B9F01EB3B17108581228BBEBC2
Z,11.72,2.0,2.20929528345122,5270D4F91D258113EE7D00CF491C6F133F75D4B9F01EB3B17108581228BBEBC2
Z,11.73,2.0,2.20787013528447,5270D4F91D258113EE7D00CF491C6F133F75D4B9F01EB3B17108581228BBEBC2
Z,11.74,2.0,2.20642587151704,5270D4F91D258113EE7D00CF491C6F133F75D4B9F01EB3B17108581228BBEBC2
Z,11.75,2.0,2.2049634435778,5270D4F91D258113EE7D00CF491C6F133F75D4B9F01EB3B17108581228BBEBC2
Z,11.76,2.0,2.2034837804615,5270D4F91D258113EE7D00CF491C6F133F75D4B9F01EB3B17108581228BBEBC2
Z,11.77,2.0,2.2019877888076,5270D4F91D258113EE7D00CF491C6F133F75D4B9F01EB3B17108581228BBEBC2
Z,11.78,2.0,2.20047635297921,5270D4F91D258113EE7D00CF491C6F133F75D4B9F01EB3B17108581228BBEBC2
Z,11.79,2.0,2.19895033514195,5270D4F91D258113EE7D00CF491C6F133F75D4B9F01EB3B17108581228BBEBC2
Z,11.8,2.0,2.19741057534285,5270D4F91D258113EE7D00CF491C6F133F75D4B9F01EB3B17108581228BBEBC2
Z,11.81,2.0,2.19585789158924,5270D4F91D258113EE7D00CF491C6F133F75D4B9F01EB3B17108581228BBEBC2
Z,11.82,2.0,2.19429307992764,5270D4F91D258113EE7D00CF491C6F133F75D4B9F01EB3B17108581228BBEBC2
Z,11.83,2.0,2.19271691452266,5270D4F91D258113EE7D00CF491C6F133F75D4B9F01EB3B17108581228BBEBC2
Z,11.84,2.0,2.19113019605794,5270D4F91D258113EE7D00CF491C6F133F75D4B9F01EB3B17108581228BBEBC2
Z,11.85,2.0,2.18953412270211,5270D4F91D258113EE7D00CF491C6F133F75D4B9F01EB3B17108581228BBEBC2
Z,11.86,2.0,2.18792908228292,5270D4F91D258113EE7D00CF491C6F133F75D4B9F01EB3B17108581228BBEBC2
Z,11.87,2.0,2.18631579564762,5270D4F91D258113EE7D00CF491C6F133F75D4B9F01EB3B17108581228BBEBC2
Z,11.88,2.0,2.1846949652306,5270D4F91D258113EE7D00CF491C6F133F75D4B9F01EB3B17108581228BBEBC2
Z,11.89,2.0,2.18306727525409,5270D4F91D258113EE7D00CF491C6F133F75D4B9F01EB3B17108581228BBEBC2
Z,11.9,2.0,2.18143339192903,5270D4F91D258113EE7D00CF491C6F133F75D4B9F01EB3B17108581228BBEBC2
Z,11.91,2.0,2.17979396365586,5270D4F91D258113EE7D00CF491C6F133F75D4B9F01EB3B17108581228BBEBC2
Z,11.92,2.0,2.17814962122527,5270D4F91D258113EE7D00CF491C6F133F75D4B9F01EB3B17108581228BBEBC2
Z,11.93,2.0,2.17650097801907,5270D4F91D258113EE7D00CF491C6F133F75D4B9F01EB3B17108581228BBEBC2
Z,11.94,2.0,2.17484863021094,5270D4F91D258113EE7D00CF491C6F133F75D4B9F01EB3B17108581228BBEBC2
Z,11.95,2.0,2.17319315696726,5270D4F91D258113EE7D00CF491C6F133F75D4B9F01EB3B17108581228BBEBC2
Z,11.96,2.0,2.17153512064787,5270D4F91D258113EE7D00CF491C6F133F75D4B9F01EB3B17108581228BBEBC2
Z,11.97,2.0,2.16987521139733,5270D4F91D258113EE7D00CF491C6F133F75D4B9F01EB3B17108581228BBEBC2
Z,11.98,2.0,2.16821400058368,5270D4F91D258113EE7D00CF491C6F133F75D4B9F01EB3B17108581228BBEBC2
Z,11.99,2.0,2.16655191825089,5270D4F91D258113EE7D00CF491C6F133F75D4B9F01EB3B17108581228BBEBC2
Z,12.0,2.0,2.16488947807119,5270D4F91D258113EE7D00CF491C6F133F75D4B9F01EB3B17108581228BBEBC2
Z,12.01,2.0,2.16322717934365,5270D4F91D258113EE7D00CF491C6F133F75D4B9F01EB3B17108581228BBEBC2
Z,12.02,2.0,2.16156550724849,5270D4F91D258113EE7D00CF491C6F133F75D4B9F01EB3B17108581228BBEBC2
Z,12.03,2.0,2.15990493310137,5270D4F91D258113EE7D00CF491C6F133F75D4B9F01EB3B17108581228BBEBC2
Z,12.04,2.0,2.15824591460767,5270D4F91D258113EE7D00CF491C6F133F75D4B9F01EB3B17108581228BBEBC2
Z,12.05,2.0,2.1565888961168,5270D4F91D258113EE7D00CF491C6F133F75D4B9F01EB3B17108581228BBEBC2
Z,12.06,2.0,2.15493430887649,5270D4F91D258113EE7D00CF491C6F133F75D4B9F01EB3B17108581228BBEBC2
Z,12.07,2.0,2.15328257128704,5270D4F91D258113EE7D00CF491C6F133F75D4B9F01EB3B17108581228BBEBC2
Z,12.08,2.0,2.15163408915568,5270D4F91D258113EE7D00CF491C6F133F75D4B9F01EB3B17108581228BBEBC2
Z,12.09,2.0,2.14998925595079,5270D4F91D258113EE7D00CF491C6F133F75D4B9F01EB3B17108581228BBEBC2
Z,12.1,2.0,2.14834843598667,5270D4F91D258113EE7D00CF491C6F133F75D4B9F01EB3B17108581228BBEBC2
Z,12.11,2.0,2.14671200479642,5270D4F91D258113EE7D00CF491C6F133F75D4B9F01EB3B17108581228BBEBC2
Z,12.12,2.0,2.14508032310816,5270D4F91D258113EE7D00CF491C6F133F75D4B9F01EB3B17108581228BBEBC2
Z,12.13,2.0,2.14345373629706,5270D4F91D258113EE7D00CF491C6F133F75D4B9F01EB3B17108581228BBEBC2
Z,12.14,2.0,2.14183257856434,5270D4F91D258113EE7D00CF491C6F133F75D4B9F01EB3B17108581228BBEBC2
Z,12.15,2.0,2.14021717318771,5270D4F91D258113EE7D00CF491C6F133F75D4B9F01EB3B17108581228BBEBC2
Z,12.16,2.0,2.13860783277182,5270D4F91D258113EE7D00CF491C6F133F75D4B9F01EB3B17108581228BBEBC2
Z,12.17,2.0,2.13700485949871,5270D4F91D258113EE7D00CF491C6F133F75D4B9F01EB3B17108581228BBEBC2
Z,12.18,2.0,2.13540854537825,5270D4F91D258113EE7D00CF491C6F133F75D4B9F01EB3B17108581228BBEBC2
Z,12.19,2.0,2.13381917249861,5270D4F91D258113EE7D00CF491C6F133F75D4B9F01EB3B17108581228BBEBC2
Z,12.2,2.0,2.13223701327668,5270D4F91D258113EE7D00CF491C6F133F75D4B9F01EB3B17108581228BBEBC2
Z,12.21,2.0,2.13066233070857,5270D4F91D258113EE7D00CF491C6F133F75D4B9F01EB3B17108581228BBEBC2
Z,12.22,2.0,2.12909537861999,5270D4F91D258113EE7D00CF491C6F133F75D4B9F01EB3B17108581228BBEBC2
Z,12.23,2.0,2.12753634310495,5270D4F91D258113EE7D00CF491C6F133F75D4B9F01EB3B17108581228BBEBC2
Z,12.24,2.0,2.12598541571486,5270D4F91D258113EE7D00CF491C6F133F75D4B9F01EB3B17108581228BBEBC2
Z,12.25,2.0,2.12444287921228,5270D4F91D258113EE7D00CF491C6F133F75D4B9F01EB3B17108581228BBEBC2
Z,12.26,2.0,2.12290894586206,5270D4F91D258113EE7D00CF491C6F133F75D4B9F01EB3B17108581228BBEBC2
Z,12.27,2.0,2.12138381940577,5270D4F91D258113EE7D00CF491C6F133F75D4B9F01EB3B17108581228BBEBC2
Z,12.28,2.0,2.11986769529078,5270D4F91D258113EE7D00CF491C6F133F75D4B9F01EB3B17108581228BBEBC2
Z,12.29,2.0,2.11836076089925,5270D4F91D258113EE7D00CF491C6F133F75D4B9F01EB3B17108581228BBEBC2
Z,12.3,2.0,2.11686319577717,5270D4F91D258113EE7D00CF491C6F133F75D4B9F01EB3B17108581228BBEBC2
Z,12.31,2.0,2.11537517186339,5270D4F91D258113EE7D00CF491C6F133F75D4B9F01EB3B17108581228BBEBC2
Z,12.32,2.0,2.11389685371865,5270D4F91D258113EE7D00CF491C6F133F75D4B9F01EB3B17108581228BBEBC2
Z,12.33,2.0,2.11242839875457,5270D4F91D258113EE7D00CF491C6F133F75D4B9F01EB3B17108581228BBEBC2
Z,12.34,2.0,2.11096995746274,5270D4F91D258113EE7D00CF491C6F133F75D4B9F01EB3B17108581228BBEBC2
Z,12.35,2.0,2.10952167364368,5270D4F91D258113EE7D00CF491C6F133F75D4B9F01EB3B17108581228BBEBC2
Z,12.36,2.0,2.10808368463591,5270D4F91D258113EE7D00CF491C6F133F75D4B9F01EB3B17108581228BBEBC2
Z,12.37,2.0,2.10665601208967,5270D4F91D258113EE7D00CF491C6F133F75D4B9F01EB3B17108581228BBEBC2
Z,12.38,2.0,2.10523881114273,5270D4F91D258113EE7D00CF491C6F133F75D4B9F01EB3B17108581228BBEBC2
Z,12.39,2.0,2.10383222757419,5270D4F91D258113EE7D00CF491C6F133F75D4B9F01EB3B17108581228BBEBC2
Z,12.4,2.0,2.10243636747984,5270D4F91D258113EE7D00CF491C6F133F75D4B9F01EB3B17108581228BBEBC2
Z,12.41,2.0,2.10105133103407,5270D4F91D258113EE7D00CF491C6F133F75D4B9F01EB3B17108581228BBEBC2
Z,12.42,2.0,2.09967721269822,5270D4F91D258113EE7D00CF491C6F133F75D4B9F01EB3B17108581228BBEBC2
Z,12.43,2.0,2.09831410142902,5270D4F91D258113EE7D00CF491C6F133F75D4B9F01EB3B17108581228BBEBC2
Z,12.44,2.0,2.09696208088697,5270D4F91D258113EE7D00CF491C6F133F75D4B9F01EB3B17108581228BBEBC2
Z,12.45,2.0,2.09562122964481,5270D4F91D258113EE7D00CF491C6F133F75D4B9F01EB3B17108581228BBEBC2
Z,12.46,2.0,2.09429162139586,5270D4F91D258113EE7D00CF491C6F133F75D4B9F01EB3B17108581228BBEBC2
Z,12.47,2.0,2.09297332516248,5270D4F91D258113EE7D00CF491C6F133F75D4B9F01EB3B17108581228BBEBC2
Z,12.48,2.0,2.09166640550448,5270D4F91D258113EE7D00CF491C6F133F75D4B9F01EB3B17108581228BBEBC2
Z,12.49,2.0,2.09037092272749,5270D4F91D258113EE7D00CF491C6F133F75D4B9F01EB3B17108581228BBEBC2
Z,12.5,2.0,2.08908693309142,5270D4F91D258113EE7D00CF491C6F133F75D4B9F01EB3B17108581228BBEBC2
Z,12.51,2.0,2.08781434628747,5270D4F91D258113EE7D00CF491C6F133F75D4B9F01EB3B17108581228BBEBC2
Z,12.52,2.0,2.0865532297398,5270D4F91D258113EE7D00CF491C6F133F75D4B9F01EB3B17108581228BBEBC2
Z,12.53,2.0,2.08530367937818,5270D4F91D258113EE7D00CF491C6F133F75D4B9F01EB3B17108581228BBEBC2
Z,12.54,2.0,2.0840657269268,5270D4F91D258113EE7D00CF491C6F133F75D4B9F01EB3B17108581228BBEBC2
Z,12.55,2.0,2.08283940030428,5270D4F91D258113EE7D00CF491C6F133F75D4B9F01EB3B17108581228BBEBC2
Z,12.56,2.0,2.08162472380535,5270D4F91D258113EE7D00CF491C6F133F75D4B9F01EB3B17108581228BBEBC2
Z,12.57,2.0,2.08042171828256,5270D4F91D258113EE7D00CF491C6F133F75D4B9F01EB3B17108581228BBEBC2
Z,12.58,2.0,2.07923040132803,5270D4F91D258113EE7D00CF491C6F133F75D4B9F01EB3B17108581228BBEBC2
Z,12.59,2.0,2.07805078745513,5270D4F91D258113EE7D00CF491C6F133F75D4B9F01EB3B17108581228BBEBC2
Z,12.6,2.0,2.07688288828022,5270D4F91D258113EE7D00CF491C6F133F75D4B9F01EB3B17108581228BBEBC2
Z,12.61,2.0,2.07572671270434,5270D4F91D258113EE7D00CF491C6F133F75D4B9F01EB3B17108581228BBEBC2
Z,12.62,2.0,2.07458226709495,5270D4F91D258113EE7D00CF491C6F133F75D4B9F01EB3B17108581228BBEBC2
Z,12.63,2.0,2.07344955546765,5270D4F91D258113EE7D00CF491C6F133F75D4B9F01EB3B17108581228BBEBC2
Z,12.64,2.0,2.07232857966787,5270D4F91D258113EE7D00CF491C6F133F75D4B9F01EB3B17108581228BBEBC2
Z,12.65,2.0,2.07121933955261,5270D4F91D258113EE7D00CF491C6F133F75D4B9F01EB3B17108581228BBEBC2
Z,12.66,2.0,2.07012150466511,5270D4F91D258113EE7D00CF491C6F133F75D4B9F01EB3B17108581228BBEBC2
Z,12.67,2.0,2.06903530113246,5270D4F91D258113EE7D00CF491C6F133F75D4B9F01EB3B17108581228BBEBC2
Z,12.68,2.0,2.06796071304484,5270D4F91D258113EE7D00CF491C6F133F75D4B9F01EB3B17108581228BBEBC2
Z,12.69,2.0,2.06689771934827,5270D4F91D258113EE7D00CF491C6F133F75D4B9F01EB3B17108581228BBEBC2
Z,12.7,2.0,2.06584629682424,5270D4F91D258113EE7D00CF491C6F133F75D4B9F01EB3B17108581228BBEBC2
Z,12.71,2.0,2.06480642023674,5270D4F91D258113EE7D00CF491C6F133F75D4B9F01EB3B17108581228BBEBC2
Z,12.72,2.0,2.06377806247938,5270D4F91D258113EE7D00CF491C6F133F75D4B9F01EB3B17108581228BBEBC2
Z,12.73,2.0,2.0627611947225,5270D4F91D258113EE7D00CF491C6F133F75D4B9F01EB3B17108581228BBEBC2
Z,12.74,2.0,2.06175578656022,5270D4F91D258113EE7D00CF491C6F133F75D4B9F01EB3B17108581228BBEBC2
Z,12.75,2.0,2.06076180615755,5270D4F91D258113EE7D00CF491C6F133F75D4B9F01EB3B17108581228BBEBC2
Z,12.76,2.0,2.05977922039749,5270D4F91D258113EE7D00CF491C6F133F75D4B9F01EB3B17108581228BBEBC2
Z,12.77,2.0,2.05880799502812,5270D4F91D258113EE7D00CF491C6F133F75D4B9F01EB3B17108581228BBEBC2
Z,12.78,2.0,2.05784809480965,5270D4F91D258113EE7D00CF491C6F133F75D4B9F01EB3B17108581228BBEBC2
Z,12.79,2.0,2.05689948366157,5270D4F91D258113EE7D00CF491C6F133F75D4B9F01EB3B17108581228BBEBC2
Z,12.8,2.0,2.0559621248097,5270D4F91D258113EE7D00CF491C6F133F75D4B9F01EB3B17108581228BBEBC2
Z,12.81,2.0,2.05503568184923,5270D4F91D258113EE7D00CF491C6F133F75D4B9F01EB3B17108581228BBEBC2
Z,12.82,2.0,2.05412022927449,5270D4F91D258113EE7D00CF491C6F133F75D4B9F01EB3B17108581228BBEBC2
Z,12.83,2.0,2.0532157922919,5270D4F91D258113EE7D00CF491C6F133F75D4B9F01EB3B17108581228BBEBC2
Z,12.84,2.0,2.05232231650887,5270D4F91D258113EE7D00CF491C6F133F75D4B9F01EB3B17108581228BBEBC2
Z,12.85,2.0,2.05143974640526,5270D4F91D258113EE7D00CF491C6F133F75D4B9F01EB3B17108581228BBEBC2
Z,12.86,2.0,2.05056802544413,5270D4F91D258113EE7D00CF491C6F133F75D4B9F01EB3B17108581228BBEBC2
Z,12.87,2.0,2.04970709618238,5270D4F91D258113EE7D00CF491C6F133F75D4B9F01EB3B17108581228BBEBC2
Z,12.88,2.0,2.04885690038149,5270D4F91D258113EE7D00CF491C6F133F75D4B9F01EB3B17108581228BBEBC2
Z,12.89,2.0,2.04801737911816,5270D4F91D258113EE7D00CF491C6F133F75D4B9F01EB3B17108581228BBEBC2
Z,12.9,2.0,2.04718847289503,5270D4F91D258113EE7D00CF491C6F133F75D4B9F01EB3B17108581228BBEBC2
Z,12.91,2.0,2.04637012175137,5270D4F91D258113EE7D00CF491C6F133F75D4B9F01EB3B17108581228BBEBC2
Z,12.92,2.0,2.04556226537375,5270D4F91D258113EE7D00CF491C6F133F75D4B9F01EB3B17108581228BBEBC2
Z,12.93,2.0,2.04476484320675,5270D4F91D258113EE7D00CF491C6F133F75D4B9F01EB3B17108581228BBEBC2
Z,12.94,2.0,2.04397779456365,5270D4F91D258113EE7D00CF491C6F133F75D4B9F01EB3B17108581228BBEBC2
Z,12.95,2.0,2.04320105873708,5270D4F91D258113EE7D00CF491C6F133F75D4B9F01EB3B17108581228BBEBC2
Z,12.96,2.0,2.04243457510976,5270D4F91D258113EE7D00CF491C6F133F75D4B9F01EB3B17108581228BBEBC2
Z,12.97,2.0,2.04167793761812,5270D4F91D258113EE7D00CF491C6F133F75D4B9F01EB3B17108581228BBEBC2
Z,12.98,2.0,2.04093129207155,5270D4F91D258113EE7D00CF491C6F133F75D4B9F01EB3B17108581228BBEBC2
Z,12.99,2.0,2.04019460105278,5270D4F91D258113EE7D00CF491C6F133F75D4B9F01EB3B17108581228BBEBC2
Z,13.0,2.0,2.03946779058334,5270D4F91D258113EE7D00CF491C6F133F75D4B9F01EB3B17108581228BBEBC2
Z,13.01,2.0,2.03875078630832,5270D4F91D258113EE7D00CF491C6F133F75D4B9F01EB3B17108581228BBEBC2
Z,13.02,2.0,2.03804351357656,5270D4F91D258113EE7D00CF491C6F133F75D4B9F01EB3B17108581228BBEBC2
Z,13.03,2.0,2.03734589752076,5270D4F91D258113EE7D00CF491C6F133F75D4B9F01EB3B17108581228BBEBC2
Z,13.04,2.0,2.03665786313771,5270D4F91D258113EE7D00CF491C6F133F75D4B9F01EB3B17108581228BBEBC2
Z,13.05,2.0,2.03597933536841,5270D4F91D258113EE7D00CF491C6F133F75D4B9F01EB3B17108581228BBEBC2
Z,13.06,2.0,2.03531023917824,5270D4F91D258113EE7D00CF491C6F133F75D4B9F01EB3B17108581228BBEBC2
Z,13.07,2.0,2.03465049963712,5270D4F91D258113EE7D00CF491C6F133F75D4B9F01EB3B17108581228BBEBC2
Z,13.08,2.0,2.0340000419997,5270D4F91D258113EE7D00CF491C6F133F75D4B9F01EB3B17108581228BBEBC2
Z,13.09,2.0,2.03335879178548,5270D4F91D258113EE7D00CF491C6F133F75D4B9F01EB3B17108581228BBEBC2
Z,13.1,2.0,2.03272667485901,5270D4F91D258113EE7D00CF491C6F133F75D4B9F01EB3B17108581228BBEBC2
Z,13.11,2.0,2.03210361751005,5270D4F91D258113EE7D00CF491C6F133F75D4B9F01EB3B17108581228BBEBC2
Z,13.12,2.0,2.03148954653369,5270D4F91D258113EE7D00CF491C6F133F75D4B9F01EB3B17108581228BBEBC2
Z,13.13,2.0,2.03088438931059,5270D4F91D258113EE7D00CF491C6F133F75D4B9F01EB3B17108581228BBEBC2
Z,13.14,2.0,2.03028785760978,5270D4F91D258113EE7D00CF491C6F133F75D4B9F01EB3B17108581228BBEBC2
Z,13.15,2.0,2.02969989501989,5270D4F91D258113EE7D00CF491C6F133F75D4B9F01EB3B17108581228BBEBC2
Z,13.16,2.0,2.02912053511917,5270D4F91D258113EE7D00CF491C6F133F75D4B9F01EB3B17108581228BBEBC2
Z,13.17,2.0,2.02854969667492,5270D4F91D258113EE7D00CF491C6F133F75D4B9F01EB3B17108581228BBEBC2
Z,13.18,2.0,2.02798729866904,5270D4F91D258113EE7D00CF491C6F133F75D4B9F01EB3B17108581228BBEBC2
Z,13.19,2.0,2.02743326035616,5270D4F91D258113EE7D00CF491C6F133F75D4B9F01EB3B17108581228BBEBC2
Z,13.2,2.0,2.02688750132174,5270D4F91D258113EE7D00CF491C6F133F75D4B9F01EB3B17108581228BBEBC2
Z,13.21,2.0,2.02634994154016,5270D4F91D258113EE7D00CF491C6F133F75D4B9F01EB3B17108581228BBEBC2
Z,13.22,2.0,2.02582050143286,5270D4F91D258113EE7D00CF491C6F133F75D4B9F01EB3B17108581228BBEBC2
Z,13.23,2.0,2.02529910192642,5270D4F91D258113EE7D00CF491C6F133F75D4B9F01EB3B17108581228BBEBC2
Z,13.24,2.0,2.02478566451068,5270D4F91D258113EE7D00CF491C6F133F75D4B9F01EB3B17108581228BBEBC2
Z,13.25,2.0,2.02428011129684,5270D4F91D258113EE7D00CF491C6F133F75D4B9F01EB3B17108581228BBEBC2
Z,13.26,2.0,2.02378236507557,5270D4F91D258113EE7D00CF491C6F133F75D4B9F01EB3B17108581228BBEBC2
Z,13.27,2.0,2.02329234937514,5270D4F91D258113EE7D00CF491C6F133F75D4B9F01EB3B17108581228BBEBC2
Z,13.28,2.0,2.02280998851948,5270D4F91D258113EE7D00CF491C6F133F75D4B9F01EB3B17108581228BBEBC2
Z,13.29,2.0,2.02233520768632,5270D4F91D258113EE7D00CF491C6F133F75D4B9F01EB3B17108581228BBEBC2
Z,13.3,2.0,2.02186793296531,5270D4F91D258113EE7D00CF491C6F133F75D4B9F01EB3B17108581228BBEBC2
Z,13.31,2.0,2.02140809141608,5270D4F91D258113EE7D00CF491C6F133F75D4B9F01EB3B17108581228BBEBC2
Z,13.32,2.0,2.02095558039271,5270D4F91D258113EE7D00CF491C6F133F75D4B9F01EB3B17108581228BBEBC2
Z,13.33,2.0,2.02050997708221,5270D4F91D258113EE7D00CF491C6F133F75D4B9F01EB3B17108581228BBEBC2
Z,13.34,2.0,2.02007149910271,5270D4F91D258113EE7D00CF491C6F133F75D4B9F01EB3B17108581228BBEBC2
Z,13.35,2.0,2.01964006691013,5270D4F91D258113EE7D00CF491C6F133F75D4B9F01EB3B17108581228BBEBC2
Z,13.36,2.0,2.01921560152673,5270D4F91D258113EE7D00CF491C6F133F75D4B9F01EB3B17108581228BBEBC2
Z,13.37,2.0,2.01879802458034,5270D4F91D258113EE7D00CF491C6F133F75D4B9F01EB3B17108581228BBEBC2
Z,13.38,2.0,2.01838725834349,5270D4F91D258113EE7D00CF491C6F133F75D4B9F01EB3B17108581228BBEBC2
Z,13.39,2.0,2.01798322577262,5270D4F91D258113EE7D00CF491C6F133F75D4B9F01EB3B17108581228BBEBC2
Z,13.4,2.0,2.01758585054726,5270D4F91D258113EE7D00CF491C6F133F75D4B9F01EB3B17108581228BBEBC2
Z,13.41,2.0,2.01719505710917,5270D4F91D258113EE7D00CF491C6F133F75D4B9F01EB3B17108581228BBEBC2
Z,13.42,2.0,2.01681077070156,5270D4F91D258113EE7D00CF491C6F133F75D4B9F01EB3B17108581228BBEBC2
Z,13.43,2.0,2.01643291740826,5270D4F91D258113EE7D00CF491C6F133F75D4B9F01EB3B17108581228BBEBC2
Z,13.44,2.0,2.01606142419287,5270D4F91D258113EE7D00CF491C6F133F75D4B9F01EB3B17108581228BBEBC2
Z,13.45,2.0,2.01569621893797,5270D4F91D258113EE7D00CF491C6F133F75D4B9F01EB3B17108581228BBEBC2
Z,13.46,2.0,2.0153372304843,5270D4F91D258113EE7D00CF491C6F133F75D4B9F01EB3B17108581228BBEBC2
Z,13.47,2.0,2.01498438866989,5270D4F91D258113EE7D00CF491C6F133F75D4B9F01EB3B17108581228BBEBC2
Z,13.48,2.0,2.01463762436931,5270D4F91D258113EE7D00CF491C6F133F75D4B9F01EB3B17108581228BBEBC2
Z,13.49,2.0,2.01429686953278,5270D4F91D258113EE7D00CF491C6F133F75D4B9F01EB3B17108581228BBEBC2
Z,13.5,2.0,2.01396205722539,5270D4F91D258113EE7D00CF491C6F133F75D4B9F01EB3B17108581228BBEBC2
Z,13.51,2.0,2.01363312166628,5270D4F91D258113EE7D00CF491C6F133F75D4B9F01EB3B17108581228BBEBC2
Z,13.52,2.0,2.01330974490989,5270D4F91D258113EE7D00CF491C6F133F75D4B9F01EB3B17108581228BBEBC2
Z,13.53,2.0,2.0129918387547,5270D4F91D258113EE7D00CF491C6F133F75D4B9F01EB3B17108581228BBEBC2
Z,13.54,2.0,2.01267950876105,5270D4F91D258113EE7D00CF491C6F133F75D4B9F01EB3B17108581228BBEBC2
Z,13.55,2.0,2.0123726823405,5270D4F91D258113EE7D00CF491C6F133F75D4B9F01EB3B17108581228BBEBC2
Z,13.56,2.0,2.0120712875668,5270D4F91D258113EE7D00CF491C6F133F75D4B9F01EB3B17108581228BBEBC2
Z,13.57,2.0,2.01177525319756,5270D4F91D258113EE7D00CF491C6F133F75D4B9F01EB3B17108581228BBEBC2
Z,13.58,2.0,2.011484508696,5270D4F91D258113EE7D00CF491C6F133F75D4B9F01EB3B17108581228BBEBC2
Z,13.59,2.0,2.01119898425267,5270D4F91D258113EE7D00CF491C6F133F75D4B9F01EB3B17108581228BBEBC2
Z,13.6,2.0,2.01091861080715,5270D4F91D258113EE7D00CF491C6F133F75D4B9F01EB3B17108581228BBEBC2
Z,13.61,2.0,2.01064332006976,5270D4F91D258113EE7D00CF491C6F133F75D4B9F01EB3B17108581228BBEBC2
Z,13.62,2.0,2.0103730445433,5270D4F91D258113EE7D00CF491C6F133F75D4B9F01EB3B17108581228BBEBC2
Z,13.63,2.0,2.01010771754473,5270D4F91D258113EE7D00CF491C6F133F75D4B9F01EB3B17108581228BBEBC2
Z,13.64,2.0,2.00984727322695,5270D4F91D258113EE7D00CF491C6F133F75D4B9F01EB3B17108581228BBEBC2
Z,13.65,2.0,2.00959164660042,5270D4F91D258113EE7D00CF491C6F133F75D4B9F01EB3B17108581228BBEBC2
Z,13.66,2.0,2.00934077355499,5270D4F91D258113EE7D00CF491C6F133F75D4B9F01EB3B17108581228BBEBC2
Z,13.67,2.0,2.0090945908815,5270D4F91D258113EE7D00CF491C6F133F75D4B9F01EB3B17108581228BBEBC2
Z,13.68,2.0,2.00885303629359,5270D4F91D258113EE7D00CF491C6F133F75D4B9F01EB3B17108581228BBEBC2
Z,13.69,2.0,2.00861604844937,5270D4F91D258113EE7D00CF491C6F133F75D4B9F01EB3B17108581228BBEBC2
Z,13.7,2.0,2.00838356697314,5270D4F91D258113EE7D00CF491C6F133F75D4B9F01EB3B17108581228BBEBC2
Z,13.71,2.0,2.00815553247712,5270D4F91D258113EE7D00CF491C6F133F75D4B9F01EB3B17108581228BBEBC2
Z,13.72,2.0,2.00793188658315,5270D4F91D258113EE7D00CF491C6F133F75D4B9F01EB3B17108581228BBEBC2
Z,13.73,2.0,2.00771249584087,5270D4F91D258113EE7D00CF491C6F133F75D4B9F01EB3B17108581228BBEBC2
Z,13.74,2.0,2.00749717910162,5270D4F91D258113EE7D00CF491C6F133F75D4B9F01EB3B17108581228BBEBC2
Z,13.75,2.0,2.00728602733423,5270D4F91D258113EE7D00CF491C6F133F75D4B9F01EB3B17108581228BBEBC2
Z,13.76,2.0,2.0070789809028,5270D4F91D258113EE7D00CF491C6F133F75D4B9F01EB3B17108581228BBEBC2
Z,13.77,2.0,2.00687598098783,5270D4F91D258113EE7D00CF491C6F133F75D4B9F01EB3B17108581228BBEBC2
Z,13.78,2.0,2.00667696960075,5270D4F91D258113EE7D00CF491C6F133F75D4B9F01EB3B17108581228BBEBC2
Z,13.79,2.0,2.00648188959837,5270D4F91D258113EE7D00CF491C6F133F75D4B9F01EB3B17108581228BBEBC2
Z,13.8,2.0,2.00629068469746,5270D4F91D258113EE7D00CF491C6F133F75D4B9F01EB3B17108581228BBEBC2
Z,13.81,2.0,2.00610329948925,5270D4F91D258113EE7D00CF491C6F133F75D4B9F01EB3B17108581228BBEBC2
Z,13.82,2.0,2.00591967945389,5270D4F91D258113EE7D00CF491C6F133F75D4B9F01EB3B17108581228BBEBC2
Z,13.83,2.0,2.00573977097502,5270D4F91D258113EE7D00CF491C6F133F75D4B9F01EB3B17108581228BBEBC2
Z,13.84,2.0,2.00556352135427,5270D4F91D258113EE7D00CF491C6F133F75D4B9F01EB3B17108581228BBEBC2
Z,13.85,2.0,2.00539087882574,5270D4F91D258113EE7D00CF491C6F133F75D4B9F01EB3B17108581228BBEBC2
Z,13.86,2.0,2.00522179257055,5270D4F91D258113EE7D00CF491C6F133F75D4B9F01EB3B17108581228BBEBC2
Z,13.87,2.0,2.00505621273135,5270D4F91D258113EE7D00CF491C6F133F75D4B9F01EB3B17108581228BBEBC2
Z,13.88,2.0,2.00489409042678,5270D4F91D258113EE7D00CF491C6F133F75D4B9F01EB3B17108581228BBEBC2
Z,13.89,2.0,2.00473537776607,5270D4F91D258113EE7D00CF491C6F133F75D4B9F01EB3B17108581228BBEBC2
Z,13.9,2.0,2.00458002786346,5270D4F91D258113EE7D00CF491C6F133F75D4B9F01EB3B17108581228BBEBC2
Z,13.91,2.0,2.00442799485279,5270D4F91D258113EE7D00CF491C6F133F75D4B9F01EB3B17108581228BBEBC2
Z,13.92,2.0,2.00427923390196,5270D4F91D258113EE7D00CF491C6F133F75D4B9F01EB3B17108581228BBEBC2
Z,13.93,2.0,2.00413370122745,5270D4F91D258113EE7D00CF491C6F133F75D4B9F01EB3B17108581228BBEBC2
Z,13.94,2.0,2.00399135410887,5270D4F91D258113EE7D00CF491C6F133F75D4B9F01EB3B17108581228BBEBC2
Z,13.95,2.0,2.00385202216094,5270D4F91D258113EE7D00CF491C6F133F75D4B9F01EB3B17108581228BBEBC2
Z,13.96,2.0,2.0037154149261,5270D4F91D258113EE7D00CF491C6F133F75D4B9F01EB3B17108581228BBEBC2
Z,13.97,2.0,2.00358177575457,5270D4F91D258113EE7D00CF491C6F133F75D4B9F01EB3B17108581228BBEBC2
Z,13.98,2.0,2.00345105714852,5270D4F91D258113EE7D00CF491C6F133F75D4B9F01EB3B17108581228BBEBC2
Z,13.99,2.0,2.00332321226909,5270D4F91D258113EE7D00CF491C6F133F75D4B9F01EB3B17108581228BBEBC2
Z,14.0,2.0,2.00319819494009,5270D4F91D258113EE7D00CF491C6F133F75D4B9F01EB3B17108581228BBEBC2
Z,14.01,2.0,2.00307595965173,5270D4F91D258113EE7D00CF491C6F133F75D4B9F01EB3B17108581228BBEBC2
Z,14.02,2.0,2.00295646156434,5270D4F91D258113EE7D00CF491C6F133F75D4B9F01EB3B17108581228BBEBC2
Z,14.03,2.0,2.00283965651209,5270D4F91D258113EE7D00CF491C6F133F75D4B9F01EB3B17108581228BBEBC2
Z,14.04,2.0,2.00272550100672,5270D4F91D258113EE7D00CF491C6F133F75D4B9F01EB3B17108581228BBEBC2
Z,14.05,2.0,2.00261395224122,5270D4F91D258113EE7D00CF491C6F133F75D4B9F01EB3B17108581228BBEBC2
Z,14.06,2.0,2.00250496809362,5270D4F91D258113EE7D00CF491C6F133F75D4B9F01EB3B17108581228BBEBC2
Z,14.07,2.0,2.00239850713065,5270D4F91D258113EE7D00CF491C6F133F75D4B9F01EB3B17108581228BBEBC2
Z,14.08,2.0,2.00229452861147,5270D4F91D258113EE7D00CF491C6F133F75D4B9F01EB3B17108581228BBEBC2
Z,14.09,2.0,2.00219299249143,5270D4F91D258113EE7D00CF491C6F133F75D4B9F01EB3B17108581228BBEBC2
Z,14.1,2.0,2.00209385942573,5270D4F91D258113EE7D00CF491C6F133F75D4B9F01EB3B17108581228BBEBC2
Z,14.11,2.0,2.00199709077321,5270D4F91D258113EE7D00CF491C6F133F75D4B9F01EB3B17108581228BBEBC2
Z,14.12,2.0,2.00190264859999,5270D4F91D258113EE7D00CF491C6F133F75D4B9F01EB3B17108581228BBEBC2
Z,14.13,2.0,2.00181049568327,5270D4F91D258113EE7D00CF491C6F133F75D4B9F01EB3B17108581228BBEBC2
Z,14.14,2.0,2.00172059551499,5270D4F91D258113EE7D00CF491C6F133F75D4B9F01EB3B17108581228BBEBC2
Z,14.15,2.0,2.00163291230559,5270D4F91D258113EE7D00CF491C6F133F75D4B9F01EB3B17108581228BBEBC2
Z,14.16,2.0,2.0015474109877,5270D4F91D258113EE7D00CF491C6F133F75D4B9F01EB3B17108581228BBEBC2
Z,14.17,2.0,2.00146405721988,5270D4F91D258113EE7D00CF491C6F133F75D4B9F01EB3B17108581228BBEBC2
Z,14.18,2.0,2.0013827181923,5270D4F91D258113EE7D00CF491C6F133F75D4B9F01EB3B17108581228BBEBC2
Z,14.19,2.0,2.00130327919833,5270D4F91D258113EE7D00CF491C6F133F75D4B9F01EB3B17108581228BBEBC2
Z,14.2,2.0,2.00122583880921,5270D4F91D258113EE7D00CF491C6F133F75D4B9F01EB3B17108581228BBEBC2
Z,14.21,2.0,2.00115036103215,5270D4F91D258113EE7D00CF491C6F133F75D4B9F01EB3B17108581228BBEBC2
Z,14.22,2.0,2.00107681039133,5270D4F91D258113EE7D00CF491C6F133F75D4B9F01EB3B17108581228BBEBC2
Z,14.23,2.0,2.00100515192675,5270D4F91D258113EE7D00CF491C6F133F75D4B9F01EB3B17108581228BBEBC2
Z,14.24,2.0,2.00093535119296,5270D4F91D258113EE7D00CF491C6F133F75D4B9F01EB3B17108581228BBEBC2
Z,14.25,2.0,2.00086737425795,5270D4F91D258113EE7D00CF491C6F133F75D4B9F01EB3B17108581228BBEBC2
Z,14.26,2.0,2.00080118770191,5270D4F91D258113EE7D00CF491C6F133F75D4B9F01EB3B17108581228BBEBC2
Z,14.27,2.0,2.00073675861604,5270D4F91D258113EE7D00CF491C6F133F75D4B9F01EB3B17108581228BBEBC2
Z,14.28,2.0,2.00067405460139,5270D4F91D258113EE7D00CF491C6F133F75D4B9F01EB3B17108581228BBEBC2
Z,14.29,2.0,2.00061304376763,5270D4F91D258113EE7D00CF491C6F133F75D4B9F01EB3B17108581228BBEBC2
Z,14.3,2.0,2.0005536947319,5270D4F91D258113EE7D00CF491C6F133F75D4B9F01EB3B17108581228BBEBC2
Z,14.31,2.0,2.00049597661756,5270D4F91D258113EE7D00CF491C6F133F75D4B9F01EB3B17108581228BBEBC2
Z,14.32,2.0,2.00043985905308,5270D4F91D258113EE7D00CF491C6F133F75D4B9F01EB3B17108581228BBEBC2
Z,14.33,2.0,2.00038531217076,5270D4F91D258113EE7D00CF491C6F133F75D4B9F01EB3B17108581228BBEBC2
Z,14.34,2.0,2.00033230660562,5270D4F91D258113EE7D00CF491C6F133F75D4B9F01EB3B17108581228BBEBC2
Z,14.35,2.0,2.00028081349414,5270D4F91D258113EE7D00CF491C6F133F75D4B9F01EB3B17108581228BBEBC2
Z,14.36,2.0,2.00023080447312,5270D4F91D258113EE7D00CF491C6F133F75D4B9F01EB3B17108581228BBEBC2
Z,14.37,2.0,2.00018225167846,5270D4F91D258113EE7D00CF491C6F133F75D4B9F01EB3B17108581228BBEBC2
Z,14.38,2.0,2.00013512774398,5270D4F91D258113EE7D00CF491C6F133F75D4B9F01EB3B17108581228BBEBC2
Z,14.39,2.0,2.00008940580021,5270D4F91D258113EE7D00CF491C6F133F75D4B9F01EB3B17108581228BBEBC2
Z,14.4,2.0,2.00004505947325,5270D4F91D258113EE7D00CF491C6F133F75D4B9F01EB3B17108581228BBEBC2
Z,14.41,2.0,2.00000206288351,5270D4F91D258113EE7D00CF491C6F133F75D4B9F01EB3B17108581228BBEBC2
Z,14.42,2.0,1.99996028049571,5270D4F91D258113EE7D00CF491C6F133F75D4B9F01EB3B17108581228BBEBC2
Z,14.43,2.0,1.99991977512065,5270D4F91D258113EE7D00CF491C6F133F75D4B9F01EB3B17108581228BBEBC2
Z,14.44,2.0,1.99988052268064,5270D4F91D258113EE7D00CF491C6F133F75D4B9F01EB3B17108581228BBEBC2
Z,14.45,2.0,1.99984249734736,5270D4F91D258113EE7D00CF491C6F133F75D4B9F01EB3B17108581228BBEBC2
Z,14.46,2.0,1.99980567369045,5270D4F91D258113EE7D00CF491C6F133F75D4B9F01EB3B17108581228BBEBC2
Z,14.47,2.0,1.99977002667447,5270D4F91D258113EE7D00CF491C6F133F75D4B9F01EB3B17108581228BBEBC2
Z,14.48,2.0,1.99973553165581,5270D4F91D258113EE7D00CF491C6F133F75D4B9F01EB3B17108581228BBEBC2
Z,14.49,2.0,1.99970216437971,5270D4F91D258113EE7D00CF491C6F133F75D4B9F01EB3B17108581228BBEBC2
Z,14.5,2.0,1.9996699009771,5270D4F91D258113EE7D00CF491C6F133F75D4B9F01EB3B17108581228BBEBC2
Z,14.51,2.0,1.99963871796165,5270D4F91D258113EE7D00CF491C6F133F75D4B9F01EB3B17108581228BBEBC2
Z,14.52,2.0,1.99960859222664,5270D4F91D258113EE7D00CF491C6F133F75D4B9F01EB3B17108581228BBEBC2
Z,14.53,2.0,1.99957950104192,5270D4F91D258113EE7D00CF491C6F133F75D4B9F01EB3B17108581228BBEBC2
Z,14.54,2.0,1.9995514220509,5270D4F91D258113EE7D00CF491C6F133F75D4B9F01EB3B17108581228BBEBC2
Z,14.55,2.0,1.99952433326742,5270D4F91D258113EE7D00CF491C6F133F75D4B9F01EB3B17108581228BBEBC2
Z,14.56,2.0,1.99949821307275,5270D4F91D258113EE7D00CF491C6F133F75D4B9F01EB3B17108581228BBEBC2
Z,14.57,2.0,1.99947304021254,5270D4F91D258113EE7D00CF491C6F133F75D4B9F01EB3B17108581228BBEBC2
Z,14.58,2.0,1.99944879379371,5270D4F91D258113EE7D00CF491C6F133F75D4B9F01EB3B17108581228BBEBC2
Z,14.59,2.0,1.99942545328145,5270D4F91D258113EE7D00CF491C6F133F75D4B9F01EB3B17108581228BBEBC2
Z,14.6,2.0,1.99940299849614,5270D4F91D258113EE7D00CF491C6F133F75D4B9F01EB3B17108581228BBEBC2
Z,14.61,2.0,1.99938140961027,5270D4F91D258113EE7D00CF491C6F133F75D4B9F01EB3B17108581228BBEBC2
Z,14.62,2.0,1.99936066714546,5270D4F91D258113EE7D00CF491C6F133F75D4B9F01EB3B17108581228BBEBC2
Z,14.63,2.0,1.99934075196933,5270D4F91D258113EE7D00CF491C6F133F75D4B9F01EB3B17108581228BBEBC2
Z,14.64,2.0,1.99932164529246,5270D4F91D258113EE7D00CF491C6F133F75D4B9F01EB3B17108581228BBEBC2
Z,14.65,2.0,1.99930332866537,5270D4F91D258113EE7D00CF491C6F133F75D4B9F01EB3B17108581228BBEBC2
Z,14.66,2.0,1.99928578397544,5270D4F91D258113EE7D00CF491C6F133F75D4B9F01EB3B17108581228BBEBC2
Z,14.67,2.0,1.99926898616971,5270D4F91D258113EE7D00CF491C6F133F75D4B9F01EB3B17108581228BBEBC2
Z,14.68,2.0,1.99925291880086,5270D4F91D258113EE7D00CF491C6F133F75D4B9F01EB3B17108581228BBEBC2
Z,14.69,2.0,1.99923756883244,5270D4F91D258113EE7D00CF491C6F133F75D4B9F01EB3B17108581228BBEBC2
Z,14.7,2.0,1.99922291928672,5270D4F91D258113EE7D00CF491C6F133F75D4B9F01EB3B17108581228BBEBC2
Z,14.71,2.0,1.99920895349934,5270D4F91D258113EE7D00CF491C6F133F75D4B9F01EB3B17108581228BBEBC2
Z,14.72,2.0,1.99919565511604,5270D4F91D258113EE7D00CF491C6F133F75D4B9F01EB3B17108581228BBEBC2
Z,14.73,2.0,1.99918300808945,5270D4F91D258113EE7D00CF491C6F133F75D4B9F01EB3B17108581228BBEBC2
Z,14.74,2.0,1.99917099667588,5270D4F91D258113EE7D00CF491C6F133F75D4B9F01EB3B17108581228BBEBC2
Z,14.75,2.0,1.99915960543213,5270D4F91D258113EE7D00CF491C6F133F75D4B9F01EB3B17108581228BBEBC2
Z,14.76,2.0,1.9991488192122,5270D4F91D258113EE7D00CF491C6F133F75D4B9F01EB3B17108581228BBEBC2
Z,14.77,2.0,1.99913862316414,5270D4F91D258113EE7D00CF491C6F133F75D4B9F01EB3B17108581228BBEBC2
Z,14.78,2.0,1.99912900272679,5270D4F91D258113EE7D00CF491C6F133F75D4B9F01EB3B17108581228BBEBC2
Z,14.79,2.0,1.9991199436266,5270D4F91D258113EE7D00CF491C6F133F75D4B9F01EB3B17108581228BBEBC2
Z,14.8,2.0,1.99911143187437,5270D4F91D258113EE7D00CF491C6F133F75D4B9F01EB3B17108581228BBEBC2
Z,14.81,2.0,1.99910345376203,5270D4F91D258113EE7D00CF491C6F133F75D4B9F01EB3B17108581228BBEBC2
Z,14.82,2.0,1.99909599585948,5270D4F91D258113EE7D00CF491C6F133F75D4B9F01EB3B17108581228BBEBC2
Z,14.83,2.0,1.99908904501131,5270D4F91D258113EE7D00CF491C6F133F75D4B9F01EB3B17108581228BBEBC2
Z,14.84,2.0,1.99908258833361,5270D4F91D258113EE7D00CF491C6F133F75D4B9F01EB3B17108581228BBEBC2
Z,14.85,2.0,1.99907661321072,5270D4F91D258113EE7D00CF491C6F133F75D4B9F01EB3B17108581228BBEBC2
Z,14.86,2.0,1.99907110729208,5270D4F91D258113EE7D00CF491C6F133F75D4B9F01EB3B17108581228BBEBC2
Z,14.87,2.0,1.99906605848893,5270D4F91D258113EE7D00CF491C6F133F75D4B9F01EB3B17108581228BBEBC2
Z,14.88,2.0,1.99906145497114,5270D4F91D258113EE7D00CF491C6F133F75D4B9F01EB3B17108581228BBEBC2
Z,14.89,2.0,1.999057285164,5270D4F91D258113EE7D00CF491C6F133F75D4B9F01EB3B17108581228BBEBC2
Z,14.9,2.0,1.99905353774494,5270D4F91D258113EE7D00CF491C6F133F75D4B9F01EB3B17108581228BBEBC2
Z,14.91,2.0,1.9990502016404,5270D4F91D258113EE7D00CF491C6F133F75D4B9F01EB3B17108581228BBEBC2
Z,14.92,2.0,1.99904726602252,5270D4F91D258113EE7D00CF491C6F133F75D4B9F01EB3B17108581228BBEBC2
Z,14.93,2.0,1.999044720306,5270D4F91D258113EE7D00CF491C6F133F75D4B9F01EB3B17108581228BBEBC2
Z,14.94,2.0,1.99904252644102,5270D4F91D258113EE7D00CF491C6F133F75D4B9F01EB3B17108581228BBEBC2
Z,14.95,2.0,1.99904068840408,5270D4F91D258113EE7D00CF491C6F133F75D4B9F01EB3B17108581228BBEBC2
Z,14.96,2.0,1.99903920368645,5270D4F91D258113EE7D00CF491C6F133F75D4B9F01EB3B17108581228BBEBC2
Z,14.97,2.0,1.99903806215211,5270D4F91D258113EE7D00CF491C6F133F75D4B9F01EB3B17108581228BBEBC2
Z,14.98,2.0,1.99903725387062,5270D4F91D258113EE7D00CF491C6F133F75D4B9F01EB3B17108581228BBEBC2
Z,14.99,2.0,1.99903676911342,5270D4F91D258113EE7D00CF491C6F133F75D4B9F01EB3B17108581228BBEBC2
Z,15.0,2.0,1.9990365983503,5270D4F91D258113EE7D00CF491C6F133F75D4B9F01EB3B17108581228BBEBC2
Z,15.01,2.0,1.99903673224572,5270D4F91D258113EE7D00CF491C6F133F75D4B9F01EB3B17108581228BBEBC2
Z,15.02,2.0,1.99903716165525,5270D4F91D258113EE7D00CF491C6F133F75D4B9F01EB3B17108581228BBEBC2
Z,15.03,2.0,1.99903787762195,5270D4F91D258113EE7D00CF491C6F133F75D4B9F01EB3B17108581228BBEBC2
Z,15.04,2.0,1.99903887137272,5270D4F91D258113EE7D00CF491C6F133F75D4B9F01EB3B17108581228BBEBC2
Z,15.05,2.0,1.99904013431475,5270D4F91D258113EE7D00CF491C6F133F75D4B9F01EB3B17108581228BBEBC2
Z,15.06,2.0,1.99904165803187,5270D4F91D258113EE7D00CF491C6F133F75D4B9F01EB3B17108581228BBEBC2
Z,15.07,2.0,1.99904343428096,5270D4F91D258113EE7D00CF491C6F133F75D4B9F01EB3B17108581228BBEBC2
Z,15.08,2.0,1.99904545498833,5270D4F91D258113EE7D00CF491C6F133F75D4B9F01EB3B17108581228BBEBC2
Z,15.09,2.0,1.99904771224611,5270D4F91D258113EE7D00CF491C6F133F75D4B9F01EB3B17108581228BBEBC2
Z,15.1,2.0,1.99905019830863,5270D4F91D258113EE7D00CF491C6F133F75D4B9F01EB3B17108581228BBEBC2
Z,15.11,2.0,1.99905290558886,5270D4F91D258113EE7D00CF491C6F133F75D4B9F01EB3B17108581228BBEBC2
Z,15.12,2.0,1.99905582665471,5270D4F91D258113EE7D00CF491C6F133F75D4B9F01EB3B17108581228BBEBC2
Z,15.13,2.0,1.99905895422552,5270D4F91D258113EE7D00CF491C6F133F75D4B9F01EB3B17108581228BBEBC2
Z,15.14,2.0,1.99906228116837,5270D4F91D258113EE7D00CF491C6F133F75D4B9F01EB3B17108581228BBEBC2
Z,15.15,2.0,1.99906580049453,5270D4F91D258113EE7D00CF491C6F133F75D4B9F01EB3B17108581228BBEBC2
Z,15.16,2.0,1.99906950535579,5270D4F91D258113EE7D00CF491C6F133F75D4B9F01EB3B17108581228BBEBC2
Z,15.17,2.0,1.99907338904092,5270D4F91D258113EE7D00CF491C6F133F75D4B9F01EB3B17108581228BBEBC2
Z,15.18,2.0,1.99907744497198,5270D4F91D258113EE7D00CF491C6F133F75D4B9F01EB3B17108581228BBEBC2
Z,15.19,2.0,1.9990816667008,5270D4F91D258113EE7D00CF491C6F133F75D4B9F01EB3B17108581228BBEBC2
Z,15.2,2.0,1.99908604790528,5270D4F91D258113EE7D00CF491C6F133F75D4B9F01EB3B17108581228BBEBC2
Z,15.21,2.0,1.99909058238585,5270D4F91D258113EE7D00CF491C6F133F75D4B9F01EB3B17108581228BBEBC2
Z,15.22,2.0,1.99909526457035,5270D4F91D258113EE7D00CF491C6F133F75D4B9F01EB3B17108581228BBEBC2
Z,15.23,2.0,1.99910010159131,5270D4F91D258113EE7D00CF491C6F133F75D4B9F01EB3B17108581228BBEBC2
Z,15.24,2.0,1.9991050760959,5270D4F91D258113EE7D00CF491C6F133F75D4B9F01EB3B17108581228BBEBC2
Z,15.25,2.0,1.99911018249711,5270D4F91D258113EE7D00CF491C6F133F75D4B9F01EB3B17108581228BBEBC2
Z,15.26,2.0,1.99911541531886,5270D4F91D258113EE7D00CF491C6F133F75D4B9F01EB3B17108581228BBEBC2
Z,15.27,2.0,1.99912076919252,5270D4F91D258113EE7D00CF491C6F133F75D4B9F01EB3B17108581228BBEBC2
Z,15.28,2.0,1.99912623885344,5270D4F91D258113EE7D00CF491C6F133F75D4B9F01EB3B17108581228BBEBC2
Z,15.29,2.0,1.99913181913739,5270D4F91D258113EE7D00CF491C6F133F75D4B9F01EB3B17108581228BBEBC2
Z,15.3,2.0,1.99913750497716,5270D4F91D258113EE7D00CF491C6F133F75D4B9F01EB3B17108581228BBEBC2
Z,15.31,2.0,1.99914329139897,5270D4F91D258113EE7D00CF491C6F133F75D4B9F01EB3B17108581228BBEBC2
Z,15.32,2.0,1.99914917351905,5270D4F91D258113EE7D00CF491C6F133F75D4B9F01EB3B17108581228BBEBC2
Z,15.33,2.0,1.99915514654011,5270D4F91D258113EE7D00CF491C6F133F75D4B9F01EB3B17108581228BBEBC2
Z,15.34,2.0,1.99916120574784,5270D4F91D258113EE7D00CF491C6F133F75D4B9F01EB3B17108581228BBEBC2
Z,15.35,2.0,1.99916734650746,5270D4F91D258113EE7D00CF491C6F133F75D4B9F01EB3B17108581228BBEBC2
Z,15.36,2.0,1.99917356426017,5270D4F91D258113EE7D00CF491C6F133F75D4B9F01EB3B17108581228BBEBC2
Z,15.37,2.0,1.99917985451968,5270D4F91D258113EE7D00CF491C6F133F75D4B9F01EB3B17108581228BBEBC2
Z,15.38,2.0,1.99918621286873,5270D4F91D258113EE7D00CF491C6F133F75D4B9F01EB3B17108581228BBEBC2
Z,15.39,2.0,1.99919263495559,5270D4F91D258113EE7D00CF491C6F133F75D4B9F01EB3B17108581228BBEBC2
Z,15.4,2.0,1.99919911649055,5270D4F91D258113EE7D00CF491C6F133F75D4B9F01EB3B17108581228BBEBC2
Z,15.41,2.0,1.99920565324243,5270D4F91D258113EE7D00CF491C6F133F75D4B9F01EB3B17108581228BBEBC2
Z,15.42,2.0,1.99921224103509,5270D4F91D258113EE7D00CF491C6F133F75D4B9F01EB3B17108581228BBEBC2
Z,15.43,2.0,1.99921887574397,5270D4F91D258113EE7D00CF491C6F133F75D4B9F01EB3B17108581228BBEBC2
Z,15.44,2.0,1.99922555329252,5270D4F91D258113EE7D00CF491C6F133F75D4B9F01EB3B17108581228BBEBC2
Z,15.45,2.0,1.99923226964878,5270D4F91D258113EE7D00CF491C6F133F75D4B9F01EB3B17108581228BBEBC2
Z,15.46,2.0,1.99923902082185,5270D4F91D258113EE7D00CF491C6F133F75D4B9F01EB3B17108581228BBEBC2
Z,15.47,2.0,1.99924580285839,5270D4F91D258113EE7D00CF491C6F133F75D4B9F01EB3B17108581228BBEBC2
Z,15.48,2.0,1.99925261183916,5270D4F91D258113EE7D00CF491C6F133F75D4B9F01EB3B17108581228BBEBC2
Z,15.49,2.0,1.99925944387548,5270D4F91D258113EE7D00CF491C6F133F75D4B9F01EB3B17108581228BBEBC2
Z,15.5,2.0,1.99926629510578,5270D4F91D258113EE7D00CF491C6F133F75D4B9F01EB3B17108581228BBEBC2
Z,15.51,2.0,1.99927316169208,5270D4F91D258113EE7D00CF491C6F133F75D4B9F01EB3B17108581228BBEBC2
Z,15.52,2.0,1.9992800398165,5270D4F91D258113EE7D00CF491C6F133F75D4B9F01EB3B17108581228BBEBC2
Z,15.53,2.0,1.99928692873095,5270D4F91D258113EE7D00CF491C6F133F75D4B9F01EB3B17108581228BBEBC2
Z,15.54,2.0,1.99929393102586,5270D4F91D258113EE7D00CF491C6F133F75D4B9F01EB3B17108581228BBEBC2
Z,15.55,2.0,1.99930094911326,5270D4F91D258113EE7D00CF491C6F133F75D4B9F01EB3B17108581228BBEBC2
Z,15.56,2.0,1.99930798031681,5270D4F91D258113EE7D00CF491C6F133F75D4B9F01EB3B17108581228BBEBC2
Z,15.57,2.0,1.99931502200469,5270D4F91D258113EE7D00CF491C6F133F75D4B9F01EB3B17108581228BBEBC2
Z,15.58,2.0,1.99932207158678,5270D4F91D258113EE7D00CF491C6F133F75D4B9F01EB3B17108581228BBEBC2
Z,15.59,2.0,1.99932912651186,5270D4F91D258113EE7D00CF491C6F133F75D4B9F01EB3B17108581228BBEBC2
Z,15.6,2.0,1.99933618426485,5270D4F91D258113EE7D00CF491C6F133F75D4B9F01EB3B17108581228BBEBC2
Z,15.61,2.0,1.99934324236395,5270D4F91D258113EE7D00CF491C6F133F75D4B9F01EB3B17108581228BBEBC2
Z,15.62,2.0,1.99935029835792,5270D4F91D258113EE7D00CF491C6F133F75D4B9F01EB3B17108581228BBEBC2
Z,15.63,2.0,1.99935734982323,5270D4F91D258113EE7D00CF491C6F133F75D4B9F01EB3B17108581228BBEBC2
Z,15.64,2.0,1.9993643943613,5270D4F91D258113EE7D00CF491C6F133F75D4B9F01EB3B17108581228BBEBC2
Z,15.65,2.0,1.99937142959567,5270D4F91D258113EE7D00CF491C6F133F75D4B9F01EB3B17108581228BBEBC2
Z,15.66,2.0,1.99937845316925,5270D4F91D258113EE7D00CF491C6F133F75D4B9F01EB3B17108581228BBEBC2
Z,15.67,2.0,1.99938546274148,5270D4F91D258113EE7D00CF491C6F133F75D4B9F01EB3B17108581228BBEBC2
Z,15.68,2.0,1.99939245598556,5270D4F91D258113EE7D00CF491C6F133F75D4B9F01EB3B17108581228BBEBC2
Z,15.69,2.0,1.99939943058566,5270D4F91D258113EE7D00CF491C6F133F75D4B9F01EB3B17108581228BBEBC2
Z,15.7,2.0,1.99940638423411,5270D4F91D258113EE7D00CF491C6F133F75D4B9F01EB3B17108581228BBEBC2
Z,15.71,2.0,1.99941331462862,5270D4F91D258113EE7D00CF491C6F133F75D4B9F01EB3B17108581228BBEBC2
Z,15.72,2.0,1.99942021946946,5270D4F91D258113EE7D00CF491C6F133F75D4B9F01EB3B17108581228BBEBC2
Z,15.73,2.0,1.99942709645669,5270D4F91D258113EE7D00CF491C6F133F75D4B9F01EB3B17108581228BBEBC2
Z,15.74,2.0,1.99943394328737,5270D4F91D258113EE7D00CF491C6F133F75D4B9F01EB3B17108581228BBEBC2
Z,15.75,2.0,1.99944075765272,5270D4F91D258113EE7D00CF491C6F133F75D4B9F01EB3B17108581228BBEBC2
Z,15.76,2.0,1.9994475372354,5270D4F91D258113EE7D00CF491C6F133F75D4B9F01EB3B17108581228BBEBC2
Z,15.77,2.0,1.99945427970662,5270D4F91D258113EE7D00CF491C6F133F75D4B9F01EB3B17108581228BBEBC2
Z,15.78,2.0,1.99946098272346,5270D4F91D258113EE7D00CF491C6F133F75D4B9F01EB3B17108581228BBEBC2
Z,15.79,2.0,1.99946764392595,5270D4F91D258113EE7D00CF491C6F133F75D4B9F01EB3B17108581228BBEBC2
Z,15.8,2.0,1.99947426093438,5270D4F91D258113EE7D00CF491C6F133F75D4B9F01EB3B17108581228BBEBC2
Z,15.81,2.0,1.99948083134646,5270D4F91D258113EE7D00CF491C6F133F75D4B9F01EB3B17108581228BBEBC2
Z,15.82,2.0,1.9994873527345,5270D4F91D258113EE7D00CF491C6F133F75D4B9F01EB3B17108581228BBEBC2
Z,15.83,2.0,1.99949382264268,5270D4F91D258113EE7D00CF491C6F133F75D4B9F01EB3B17108581228BBEBC2
Z,15.84,2.0,1.99950023858418,5270D4F91D258113EE7D00CF491C6F133F75D4B9F01EB3B17108581228BBEBC2
Z,15.85,2.0,1.99950659803847,5270D4F91D258113EE7D00CF491C6F133F75D4B9F01EB3B17108581228BBEBC2
Z,15.86,2.0,1.99951294583995,5270D4F91D258113EE7D00CF491C6F133F75D4B9F01EB3B17108581228BBEBC2
Z,15.87,2.0,1.99951939463504,5270D4F91D258113EE7D00CF491C6F133F75D4B9F01EB3B17108581228BBEBC2
Z,15.88,2.0,1.99952580623427,5270D4F91D258113EE7D00CF491C6F133F75D4B9F01EB3B17108581228BBEBC2
Z,15.89,2.0,1.99953217972872,5270D4F91D258113EE7D00CF491C6F133F75D4B9F01EB3B17108581228BBEBC2
Z,15.9,2.0,1.99953851422516,5270D4F91D258113EE7D00CF491C6F133F75D4B9F01EB3B17108581228BBEBC2
Z,15.91,2.0,1.99954480884421,5270D4F91D258113EE7D00CF491C6F133F75D4B9F01EB3B17108581228BBEBC2
Z,15.92,2.0,1.99955106271861,5270D4F91D258113EE7D00CF491C6F133F75D4B9F01EB3B17108581228BBEBC2
Z,15.93,2.0,1.99955727499135,5270D4F91D258113EE7D00CF491C6F133F75D4B9F01EB3B17108581228BBEBC2
Z,15.94,2.0,1.9995634448139,5270D4F91D258113EE7D00CF491C6F133F75D4B9F01EB3B17108581228BBEBC2
Z,15.95,2.0,1.9995695713444,5270D4F91D258113EE7D00CF491C6F133F75D4B9F01EB3B17108581228BBEBC2
Z,15.96,2.0,1.99957565374585,5270D4F91D258113EE7D00CF491C6F133F75D4B9F01EB3B17108581228BBEBC2
Z,15.97,2.0,1.99958169118434,5270D4F91D258113EE7D00CF491C6F133F75D4B9F01EB3B17108581228BBEBC2
Z,15.98,2.0,1.99958768282718,5270D4F91D258113EE7D00CF491C6F133F75D4B9F01EB3B17108581228BBEBC2
Z,15.99,2.0,1.99959362784116,5270D4F91D258113EE7D00CF491C6F133F75D4B9F01EB3B17108581228BBEBC2
Z,16.0,2.0,1.99959952539074,5270D4F91D258113EE7D00CF491C6F133F75D4B9F01EB3B17108581228BBEBC2
Z,16.01,2.0,1.99960537463619,5270D4F91D258113EE7D00CF491C6F133F75D4B9F01EB3B17108581228BBEBC2
Z,16.02,2.0,1.99961117473188,5270D4F91D258113EE7D00CF491C6F133F75D4B9F01EB3B17108581228BBEBC2
Z,16.03,2.0,1.99961692482438,5270D4F91D258113EE7D00CF491C6F133F75D4B9F01EB3B17108581228BBEBC2
Z,16.04,2.0,1.99962262405072,5270D4F91D258113EE7D00CF491C6F133F75D4B9F01EB3B17108581228BBEBC2
Z,16.05,2.0,1.99962827153659,5270D4F91D258113EE7D00CF491C6F133F75D4B9F01EB3B17108581228BBEBC2
Z,16.06,2.0,1.99963386639448,5270D4F91D258113EE7D00CF491C6F133F75D4B9F01EB3B17108581228BBEBC2
Z,16.07,2.0,1.99963940772194,5270D4F91D258113EE7D00CF491C6F133F75D4B9F01EB3B17108581228BBEBC2
Z,16.08,2.0,1.99964489459975,5270D4F91D258113EE7D00CF491C6F133F75D4B9F01EB3B17108581228BBEBC2
Z,16.09,2.0,1.99965032609009,5270D4F91D258113EE7D00CF491C6F133F75D4B9F01EB3B17108581228BBEBC2
Z,16.1,2.0,1.9996557012348,5270D4F91D258113EE7D00CF491C6F133F75D4B9F01EB3B17108581228BBEBC2
Z,16.11,2.0,1.99966101905352,5270D4F91D258113EE7D00CF491C6F133F75D4B9F01EB3B17108581228BBEBC2
Z,16.12,2.0,1.99966627854192,5270D4F91D258113EE7D00CF491C6F133F75D4B9F01EB3B17108581228BBEBC2
Z,16.13,2.0,1.99967147866987,5270D4F91D258113EE7D00CF491C6F133F75D4B9F01EB3B17108581228BBEBC2
Z,16.14,2.0,1.99967661837968,5270D4F91D258113EE7D00CF491C6F133F75D4B9F01EB3B17108581228BBEBC2
Z,16.15,2.0,1.99968169658424,5270D4F91D258113EE7D00CF491C6F133F75D4B9F01EB3B17108581228BBEBC2
Z,16.16,2.0,1.99968671216527,5270D4F91D258113EE7D00CF491C6F133F75D4B9F01EB3B17108581228BBEBC2
Z,16.17,2.0,1.99969166397147,5270D4F91D258113EE7D00CF491C6F133F75D4B9F01EB3B17108581228BBEBC2
Z,16.18,2.0,1.99969655081677,5270D4F91D258113EE7D00CF491C6F133F75D4B9F01EB3B17108581228BBEBC2
Z,16.19,2.0,1.99970137147846,5270D4F91D258113EE7D00CF491C6F133F75D4B9F01EB3B17108581228BBEBC2
Z,16.2,2.0,1.99970612469547,5270D4F91D258113EE7D00CF491C6F133F75D4B9F01EB3B17108581228BBEBC2
Z,16.21,2.0,1.99971084957271,5270D4F91D258113EE7D00CF491C6F133F75D4B9F01EB3B17108581228BBEBC2
Z,16.22,2.0,1.99971564194937,5270D4F91D258113EE7D00CF491C6F133F75D4B9F01EB3B17108581228BBEBC2
Z,16.23,2.0,1.99972038438924,5270D4F91D258113EE7D00CF491C6F133F75D4B9F01EB3B17108581228BBEBC2
Z,16.24,2.0,1.99972507678471,5270D4F91D258113EE7D00CF491C6F133F75D4B9F01EB3B17108581228BBEBC2
Z,16.25,2.0,1.99972971902518,5270D4F91D258113EE7D00CF491C6F133F75D4B9F01EB3B17108581228BBEBC2
Z,16.26,2.0,1.99973431099598,5270D4F91D258113EE7D00CF491C6F133F75D4B9F01EB3B17108581228BBEBC2
Z,16.27,2.0,1.99973885257719,5270D4F91D258113EE7D00CF491C6F133F75D4B9F01EB3B17108581228BBEBC2
Z,16.28,2.0,1.99974334364248,5270D4F91D258113EE7D00CF491C6F133F75D4B9F01EB3B17108581228BBEBC2
Z,16.29,2.0,1.99974778405798,5270D4F91D258113EE7D00CF491C6F133F75D4B9F01EB3B17108581228BBEBC2
Z,16.3,2.0,1.99975217368113,5270D4F91D258113EE7D00CF491C6F133F75D4B9F01EB3B17108581228BBEBC2
Z,16.31,2.0,1.99975651235951,5270D4F91D258113EE7D00CF491C6F133F75D4B9F01EB3B17108581228BBEBC2
Z,16.32,2.0,1.99976079992972,5270D4F91D258113EE7D00CF491C6F133F75D4B9F01EB3B17108581228BBEBC2
Z,16.33,2.0,1.9997650362162,5270D4F91D258113EE7D00CF491C6F133F75D4B9F01EB3B17108581228BBEBC2
Z,16.34,2.0,1.9997692210301,5270D4F91D258113EE7D00CF491C6F133F75D4B9F01EB3B17108581228BBEBC2
Z,16.35,2.0,1.99977335416813,5270D4F91D258113EE7D00CF491C6F133F75D4B9F01EB3B17108581228BBEBC2
Z,16.36,2.0,1.9997774354114,5270D4F91D258113EE7D00CF491C6F133F75D4B9F01EB3B17108581228BBEBC2
Z,16.37,2.0,1.99978146452427,5270D4F91D258113EE7D00CF491C6F133F75D4B9F01EB3B17108581228BBEBC2
Z,16.38,2.0,1.99978544125323,5270D4F91D258113EE7D00CF491C6F133F75D4B9F01EB3B17108581228BBEBC2
Z,16.39,2.0,1.99978936532569,5270D4F91D258113EE7D00CF491C6F133F75D4B9F01EB3B17108581228BBEBC2
Z,16.4,2.0,1.99979323644891,5270D4F91D258113EE7D00CF491C6F133F75D4B9F01EB3B17108581228BBEBC2
Z,16.41,2.0,1.99979705430877,5270D4F91D258113EE7D00CF491C6F133F75D4B9F01EB3B17108581228BBEBC2
Z,16.42,2.0,1.99980081856867,5270D4F91D258113EE7D00CF491C6F133F75D4B9F01EB3B17108581228BBEBC2
Z,16.43,2.0,1.99980452886838,5270D4F91D258113EE7D00CF491C6F133F75D4B9F01EB3B17108581228BBEBC2
Z,16.44,2.0,1.99980818482287,5270D4F91D258113EE7D00CF491C6F133F75D4B9F01EB3B17108581228BBEBC2
Z,16.45,2.0,1.99981178602117,5270D4F91D258113EE7D00CF491C6F133F75D4B9F01EB3B17108581228BBEBC2
Z,16.46,2.0,1.99981533202521,5270D4F91D258113EE7D00CF491C6F133F75D4B9F01EB3B17108581228BBEBC2
Z,16.47,2.0,1.99981882236869,5270D4F91D258113EE7D00CF491C6F133F75D4B9F01EB3B17108581228BBEBC2
Z,16.48,2.0,1.99982225655593,5270D4F91D258113EE7D00CF491C6F133F75D4B9F01EB3B17108581228BBEBC2
Z,16.49,2.0,1.99982563406068,5270D4F91D258113EE7D00CF491C6F133F75D4B9F01EB3B17108581228BBEBC2
Z,16.5,2.0,1.99982895432503,5270D4F91D258113EE7D00CF491C6F133F75D4B9F01EB3B17108581228BBEBC2
Z,16.51,2.0,1.99983221675822,5270D4F91D258113EE7D00CF491C6F133F75D4B9F01EB3B17108581228BBEBC2
Z,16.52,2.0,1.99983542073549,5270D4F91D258113EE7D00CF491C6F133F75D4B9F01EB3B17108581228BBEBC2
Z,16.53,2.0,1.99983856559698,5270D4F91D258113EE7D00CF491C6F133F75D4B9F01EB3B17108581228BBEBC2
Z,16.54,2.0,1.99984165064649,5270D4F91D258113EE7D00CF491C6F133F75D4B9F01EB3B17108581228BBEBC2
Z,16.55,2.0,1.99984467515042,5270D4F91D258113EE7D00CF491C6F133F75D4B9F01EB3B17108581228BBEBC2
Z,16.56,2.0,1.99984763833658,5270D4F91D258113EE7D00CF491C6F133F75D4B9F01EB3B17108581228BBEBC2
Z,16.57,2.0,1.99985053939302,5270D4F91D258113EE7D00CF491C6F133F75D4B9F01EB3B17108581228BBEBC2
Z,16.58,2.0,1.99985337746693,5270D4F91D258113EE7D00CF491C6F133F75D4B9F01EB3B17108581228BBEBC2
Z,16.59,2.0,1.99985615166346,5270D4F91D258113EE7D00CF491C6F133F75D4B9F01EB3B17108581228BBEBC2
Z,16.6,2.0,1.99985905031268,5270D4F91D258113EE7D00CF491C6F133F75D4B9F01EB3B17108581228BBEBC2
Z,16.61,2.0,1.99986192091942,5270D4F91D258113EE7D00CF491C6F133F75D4B9F01EB3B17108581228BBEBC2
Z,16.62,2.0,1.99986474917214,5270D4F91D258113EE7D00CF491C6F133F75D4B9F01EB3B17108581228BBEBC2
Z,16.63,2.0,1.99986753536639,5270D4F91D258113EE7D00CF491C6F133F75D4B9F01EB3B17108581228BBEBC2
Z,16.64,2.0,1.99987027979211,5270D4F91D258113EE7D00CF491C6F133F75D4B9F01EB3B17108581228BBEBC2
Z,16.65,2.0,1.99987298273304,5270D4F91D258113EE7D00CF491C6F133F75D4B9F01EB3B17108581228BBEBC2
Z,16.66,2.0,1.99987564446618,5270D4F91D258113EE7D00CF491C6F133F75D4B9F01EB3B17108581228BBEBC2
Z,16.67,2.0,1.99987826526114,5270D4F91D258113EE7D00CF491C6F133F75D4B9F01EB3B17108581228BBEBC2
Z,16.68,2.0,1.99988084537963,5270D4F91D258113EE7D00CF491C6F133F75D4B9F01EB3B17108581228BBEBC2
Z,16.69,2.0,1.99988338507484,5270D4F91D258113EE7D00CF491C6F133F75D4B9F01EB3B17108581228BBEBC2
Z,16.7,2.0,1.99988588459089,5270D4F91D258113EE7D00CF491C6F133F75D4B9F01EB3B17108581228BBEBC2
Z,16.71,2.0,1.99988834416222,5270D4F91D258113EE7D00CF491C6F133F75D4B9F01EB3B17108581228BBEBC2
Z,16.72,2.0,1.99989076401303,5270D4F91D258113EE7D00CF491C6F133F75D4B9F01EB3B17108581228BBEBC2
Z,16.73,2.0,1.99989314435669,5270D4F91D258113EE7D00CF491C6F133F75D4B9F01EB3B17108581228BBEBC2
Z,16.74,2.0,1.9998954853952,5270D4F91D258113EE7D00CF491C6F133F75D4B9F01EB3B17108581228BBEBC2
Z,16.75,2.0,1.99989778731854,5270D4F91D258113EE7D00CF491C6F133F75D4B9F01EB3B17108581228BBEBC2
Z,16.76,2.0,1.99990005030415,5270D4F91D258113EE7D00CF491C6F133F75D4B9F01EB3B17108581228BBEBC2
Z,16.77,2.0,1.99990227451633,5270D4F91D258113EE7D00CF491C6F133F75D4B9F01EB3B17108581228BBEBC2
Z,16.78,2.0,1.99990446010567,5270D4F91D258113EE7D00CF491C6F133F75D4B9F01EB3B17108581228BBEBC2
Z,16.79,2.0,1.99990660720845,5270D4F91D258113EE7D00CF491C6F133F75D4B9F01EB3B17108581228BBEBC2
Z,16.8,2.0,1.99990871594609,5270D4F91D258113EE7D00CF491C6F133F75D4B9F01EB3B17108581228BBEBC2
Z,16.81,2.0,1.99991078642453,5270D4F91D258113EE7D00CF491C6F133F75D4B9F01EB3B17108581228BBEBC2
Z,16.82,2.0,1.99991281873371,5270D4F91D258113EE7D00CF491C6F133F75D4B9F01EB3B17108581228BBEBC2
Z,16.83,2.0,1.99991481294694,5270D4F91D258113EE7D00CF491C6F133F75D4B9F01EB3B17108581228BBEBC2
Z,16.84,2.0,1.99991676912033,5270D4F91D258113EE7D00CF491C6F133F75D4B9F01EB3B17108581228BBEBC2
Z,16.85,2.0,1.99991868729226,5270D4F91D258113EE7D00CF491C6F133F75D4B9F01EB3B17108581228BBEBC2
Z,16.86,2.0,1.9999205674827,5270D4F91D258113EE7D00CF491C6F133F75D4B9F01EB3B17108581228BBEBC2
Z,16.87,2.0,1.99992240969275,5270D4F91D258113EE7D00CF491C6F133F75D4B9F01EB3B17108581228BBEBC2
Z,16.88,2.0,1.99992421390397,5270D4F91D258113EE7D00CF491C6F133F75D4B9F01EB3B17108581228BBEBC2
Z,16.89,2.0,1.99992598007785,5270D4F91D258113EE7D00CF491C6F133F75D4B9F01EB3B17108581228BBEBC2
Z,16.9,2.0,1.9999277081552,5270D4F91D258113EE7D00CF491C6F133F75D4B9F01EB3B17108581228BBEBC2
Z,16.91,2.0,1.99992939805561,5270D4F91D258113EE7D00CF491C6F133F75D4B9F01EB3B17108581228BBEBC2
Z,16.92,2.0,1.99993104967683,5270D4F91D258113EE7D00CF491C6F133F75D4B9F01EB3B17108581228BBEBC2
Z,16.93,2.0,1.9999326628942,5270D4F91D258113EE7D00CF491C6F133F75D4B9F01EB3B17108581228BBEBC2
Z,16.94,2.0,1.99993423756011,5270D4F91D258113EE7D00CF491C6F133F75D4B9F01EB3B17108581228BBEBC2
Z,16.95,2.0,1.99993577350336,5270D4F91D258113EE7D00CF491C6F133F75D4B9F01EB3B17108581228BBEBC2
Z,16.96,2.0,1.99993727052864,5270D4F91D258113EE7D00CF491C6F133F75D4B9F01EB3B17108581228BBEBC2
Z,16.97,2.0,1.9999387284159,5270D4F91D258113EE7D00CF491C6F133F75D4B9F01EB3B17108581228BBEBC2
Z,16.98,2.0,1.9999401469198,5270D4F91D258113EE7D00CF491C6F133F75D4B9F01EB3B17108581228BBEBC2
Z,16.99,2.0,1.99994152576914,5270D4F91D258113EE7D00CF491C6F133F75D4B9F01EB3B17108581228BBEBC2
Z,17.0,2.0,1.99994286466625,5270D4F91D258113EE7D00CF491C6F133F75D4B9F01EB3B17108581228BBEBC2
Z,17.01,2.0,1.99994429206945,5270D4F91D258113EE7D00CF491C6F133F75D4B9F01EB3B17108581228BBEBC2
Z,17.02,2.0,1.99994570887312,5270D4F91D258113EE7D00CF491C6F133F75D4B9F01EB3B17108581228BBEBC2
Z,17.03,2.0,1.99994710066283,5270D4F91D258113EE7D00CF491C6F133F75D4B9F01EB3B17108581228BBEBC2
Z,17.04,2.0,1.99994846786388,5270D4F91D258113EE7D00CF491C6F133F75D4B9F01EB3B17108581228BBEBC2
Z,17.05,2.0,1.99994981089613,5270D4F91D258113EE7D00CF491C6F133F75D4B9F01EB3B17108581228BBEBC2
Z,17.06,2.0,1.9999511301738,5270D4F91D258113EE7D00CF491C6F133F75D4B9F01EB3B17108581228BBEBC2
Z,17.07,2.0,1.99995242610511,5270D4F91D258113EE7D00CF491C6F133F75D4B9F01EB3B17108581228BBEBC2
Z,17.08,2.0,1.99995369909204,5270D4F91D258113EE7D00CF491C6F133F75D4B9F01EB3B17108581228BBEBC2
Z,17.09,2.0,1.99995494953007,5270D4F91D258113EE7D00CF491C6F133F75D4B9F01EB3B17108581228BBEBC2
Z,17.1,2.0,1.99995617780786,5270D4F91D258113EE7D00CF491C6F133F75D4B9F01EB3B17108581228BBEBC2
Z,17.11,2.0,1.999957384307,5270D4F91D258113EE7D00CF491C6F133F75D4B9F01EB3B17108581228BBEBC2
Z,17.12,2.0,1.99995856940174,5270D4F91D258113EE7D00CF491C6F133F75D4B9F01EB3B17108581228BBEBC2
Z,17.13,2.0,1.99995973345871,5270D4F91D258113EE7D00CF491C6F133F75D4B9F01EB3B17108581228BBEBC2
Z,17.14,2.0,1.9999608768366,5270D4F91D258113EE7D00CF491C6F133F75D4B9F01EB3B17108581228BBEBC2
Z,17.15,2.0,1.99996199988596,5270D4F91D258113EE7D00CF491C6F133F75D4B9F01EB3B17108581228BBEBC2
Z,17.16,2.0,1.99996310294885,5270D4F91D258113EE7D00CF491C6F133F75D4B9F01EB3B17108581228BBEBC2
Z,17.17,2.0,1.99996418635861,5270D4F91D258113EE7D00CF491C6F133F75D4B9F01EB3B17108581228BBEBC2
Z,17.18,2.0,1.99996525043957,5270D4F91D258113EE7D00CF491C6F133F75D4B9F01EB3B17108581228BBEBC2
Z,17.19,2.0,1.99996629550676,5270D4F91D258113EE7D00CF491C6F133F75D4B9F01EB3B17108581228BBEBC2
Z,17.2,2.0,1.99996732186564,5270D4F91D258113EE7D00CF491C6F133F75D4B9F01EB3B17108581228BBEBC2
Z,17.21,2.0,1.99996832981185,5270D4F91D258113EE7D00CF491C6F133F75D4B9F01EB3B17108581228BBEBC2
Z,17.22,2.0,1.99996931963088,5270D4F91D258113EE7D00CF491C6F133F75D4B9F01EB3B17108581228BBEBC2
Z,17.23,2.0,1.99997029159785,5270D4F91D258113EE7D00CF491C6F133F75D4B9F01EB3B17108581228BBEBC2
Z,17.24,2.0,1.99997124597719,5270D4F91D258113EE7D00CF491C6F133F75D4B9F01EB3B17108581228BBEBC2
Z,17.25,2.0,1.99997218302237,5270D4F91D258113EE7D00CF491C6F133F75D4B9F01EB3B17108581228BBEBC2
Z,17.26,2.0,1.99997310297565,5270D4F91D258113EE7D00CF491C6F133F75D4B9F01EB3B17108581228BBEBC2
Z,17.27,2.0,1.99997400606778,5270D4F91D258113EE7D00CF491C6F133F75D4B9F01EB3B17108581228BBEBC2
Z,17.28,2.0,1.99997489251773,5270D4F91D258113EE7D00CF491C6F133F75D4B9F01EB3B17108581228BBEBC2
Z,17.29,2.0,1.99997576253239,5270D4F91D258113EE7D00CF491C6F133F75D4B9F01EB3B17108581228BBEBC2
Z,17.3,2.0,1.99997661630635,5270D4F91D258113EE7D00CF491C6F133F75D4B9F01EB3B17108581228BBEBC2
Z,17.31,2.0,1.99997745402156,5270D4F91D258113EE7D00CF491C6F133F75D4B9F01EB3B17108581228BBEBC2
Z,17.32,2.0,1.99997827584708,5270D4F91D258113EE7D00CF491C6F133F75D4B9F01EB3B17108581228BBEBC2
Z,17.33,2.0,1.99997908193882,5270D4F91D258113EE7D00CF491C6F133F75D4B9F01EB3B17108581228BBEBC2
Z,17.34,2.0,1.99997987243924,5270D4F91D258113EE7D00CF491C6F133F75D4B9F01EB3B17108581228BBEBC2
Z,17.35,2.0,1.99998064747706,5270D4F91D258113EE7D00CF491C6F133F75D4B9F01EB3B17108581228BBEBC2
Z,17.36,2.0,1.99998140716703,5270D4F91D258113EE7D00CF491C6F133F75D4B9F01EB3B17108581228BBEBC2
Z,17.37,2.0,1.99998215160962,5270D4F91D258113EE7D00CF491C6F133F75D4B9F01EB3B17108581228BBEBC2
Z,17.38,2.0,1.99998288089072,5270D4F91D258113EE7D00CF491C6F133F75D4B9F01EB3B17108581228BBEBC2
Z,17.39,2.0,1.99998359508142,5270D4F91D258113EE7D00CF491C6F133F75D4B9F01EB3B17108581228BBEBC2
Z,17.4,2.0,1.99998429423771,5270D4F91D258113EE7D00CF491C6F133F75D4B9F01EB3B17108581228BBEBC2
Z,17.41,2.0,1.99998497840017,5270D4F91D258113EE7D00CF491C6F133F75D4B9F01EB3B17108581228BBEBC2
Z,17.42,2.0,1.99998564759374,5270D4F91D258113EE7D00CF491C6F133F75D4B9F01EB3B17108581228BBEBC2
Z,17.43,2.0,1.99998630182742,5270D4F91D258113EE7D00CF491C6F133F75D4B9F01EB3B17108581228BBEBC2
Z,17.44,2.0,1.99998694109398,5270D4F91D258113EE7D00CF491C6F133F75D4B9F01EB3B17108581228BBEBC2
Z,17.45,2.0,1.99998759618646,5270D4F91D258113EE7D00CF491C6F133F75D4B9F01EB3B17108581228BBEBC2
Z,17.46,2.0,1.9999882517998,5270D4F91D258113EE7D00CF491C6F133F75D4B9F01EB3B17108581228BBEBC2
Z,17.47,2.0,1.99998889670752,5270D4F91D258113EE7D00CF491C6F133F75D4B9F01EB3B17108581228BBEBC2
Z,17.48,2.0,1.9999895310484,5270D4F91D258113EE7D00CF491C6F133F75D4B9F01EB3B17108581228BBEBC2
Z,17.49,2.0,1.99999015494931,5270D4F91D258113EE7D00CF491C6F133F75D4B9F01EB3B17108581228BBEBC2
Z,17.5,2.0,1.99999076852506,5270D4F91D258113EE7D00CF491C6F133F75D4B9F01EB3B17108581228BBEBC2
Z,17.51,2.0,1.99999137187814,5270D4F91D258113EE7D00CF491C6F133F75D4B9F01EB3B17108581228BBEBC2
Z,17.52,2.0,1.99999196509853,5270D4F91D258113EE7D00CF491C6F133F75D4B9F01EB3B17108581228BBEBC2
Z,17.53,2.0,1.99999254826349,5270D4F91D258113EE7D00CF491C6F133F75D4B9F01EB3B17108581228BBEBC2
Z,17.54,2.0,1.99999312143734,5270D4F91D258113EE7D00CF491C6F133F75D4B9F01EB3B17108581228BBEBC2
Z,17.55,2.0,1.99999368467128,5270D4F91D258113EE7D00CF491C6F133F75D4B9F01EB3B17108581228BBEBC2
Z,17.56,2.0,1.99999423800313,5270D4F91D258113EE7D00CF491C6F133F75D4B9F01EB3B17108581228BBEBC2
Z,17.57,2.0,1.99999478145717,5270D4F91D258113EE7D00CF491C6F133F75D4B9F01EB3B17108581228BBEBC2
Z,17.58,2.0,1.99999531504391,5270D4F91D258113EE7D00CF491C6F133F75D4B9F01EB3B17108581228BBEBC2
Z,17.59,2.0,1.99999583875986,5270D4F91D258113EE7D00CF491C6F133F75D4B9F01EB3B17108581228BBEBC2
Z,17.6,2.0,1.99999635258737,5270D4F91D258113EE7D00CF491C6F133F75D4B9F01EB3B17108581228BBEBC2
Z,17.61,2.0,1.99999685649435,5270D4F91D258113EE7D00CF491C6F133F75D4B9F01EB3B17108581228BBEBC2
Z,17.62,2.0,1.99999735043415,5270D4F91D258113EE7D00CF491C6F133F75D4B9F01EB3B17108581228BBEBC2
Z,17.63,2.0,1.99999783434526,5270D4F91D258113EE7D00CF491C6F133F75D4B9F01EB3B17108581228BBEBC2
Z,17.64,2.0,1.99999830815115,5270D4F91D258113EE7D00CF491C6F133F75D4B9F01EB3B17108581228BBEBC2
Z,17.65,2.0,1.99999877176007,5270D4F91D258113EE7D00CF491C6F133F75D4B9F01EB3B17108581228BBEBC2
Z,17.66,2.0,1.99999922506481,5270D4F91D258113EE7D00CF491C6F133F75D4B9F01EB3B17108581228BBEBC2
Z,17.67,2.0,1.99999966794249,5270D4F91D258113EE7D00CF491C6F133F75D4B9F01EB3B17108581228BBEBC2
Z,17.68,2.0,2.00000010025438,5270D4F91D258113EE7D00CF491C6F133F75D4B9F01EB3B17108581228BBEBC2
Z,17.69,2.0,2.00000052184565,5270D4F91D258113EE7D00CF491C6F133F75D4B9F01EB3B17108581228BBEBC2
Z,17.7,2.0,2.00000093254522,5270D4F91D258113EE7D00CF491C6F133F75D4B9F01EB3B17108581228BBEBC2
Z,17.71,2.0,2.00000133216548,5270D4F91D258113EE7D00CF491C6F133F75D4B9F01EB3B17108581228BBEBC2
Z,17.72,2.0,2.00000172050212,5270D4F91D258113EE7D00CF491C6F133F75D4B9F01EB3B17108581228BBEBC2
Z,17.73,2.0,2.00000209733393,5270D4F91D258113EE7D00CF491C6F133F75D4B9F01EB3B17108581228BBEBC2
Z,17.74,2.0,2.00000246242255,5270D4F91D258113EE7D00CF491C6F133F75D4B9F01EB3B17108581228BBEBC2
Z,17.75,2.0,2.00000281551229,5270D4F91D258113EE7D00CF491C6F133F75D4B9F01EB3B17108581228BBEBC2
Z,17.76,2.0,2.00000315632994,5270D4F91D258113EE7D00CF491C6F133F75D4B9F01EB3B17108581228BBEBC2
Z,17.77,2.0,2.0000034845845,5270D4F91D258113EE7D00CF491C6F133F75D4B9F01EB3B17108581228BBEBC2
Z,17.78,2.0,2.00000379996702,5270D4F91D258113EE7D00CF491C6F133F75D4B9F01EB3B17108581228BBEBC2
Z,17.79,2.0,2.00000410215038,5270D4F91D258113EE7D00CF491C6F133F75D4B9F01EB3B17108581228BBEBC2
Z,17.8,2.0,2.00000439078906,5270D4F91D258113EE7D00CF491C6F133F75D4B9F01EB3B17108581228BBEBC2
Z,17.81,2.0,2.00000466551896,5270D4F91D258113EE7D00CF491C6F133F75D4B9F01EB3B17108581228BBEBC2
Z,17.82,2.0,2.00000492595718,5270D4F91D258113EE7D00CF491C6F133F75D4B9F01EB3B17108581228BBEBC2
Z,17.83,2.0,2.00000517170179,5270D4F91D258113EE7D00CF491C6F133F75D4B9F01EB3B17108581228BBEBC2
Z,17.84,2.0,2.00000540233164,5270D4F91D258113EE7D00CF491C6F133F75D4B9F01EB3B17108581228BBEBC2
Z,17.85,2.0,2.00000561740615,5270D4F91D258113EE7D00CF491C6F133F75D4B9F01EB3B17108581228BBEBC2
Z,17.86,2.0,2.00000581646511,5270D4F91D258113EE7D00CF491C6F133F75D4B9F01EB3B17108581228BBEBC2
Z,17.87,2.0,2.00000599902844,5270D4F91D258113EE7D00CF491C6F133F75D4B9F01EB3B17108581228BBEBC2
Z,17.88,2.0,2.000006164596,5270D4F91D258113EE7D00CF491C6F133F75D4B9F01EB3B17108581228BBEBC2
Z,17.89,2.0,2.00000631264738,5270D4F91D258113EE7D00CF491C6F133F75D4B9F01EB3B17108581228BBEBC2
Z,17.9,2.0,2.0000064426417,5270D4F91D258113EE7D00CF491C6F133F75D4B9F01EB3B17108581228BBEBC2
Z,17.91,2.0,2.00000655401736,5270D4F91D258113EE7D00CF491C6F133F75D4B9F01EB3B17108581228BBEBC2
Z,17.92,2.0,2.00000664619188,5270D4F91D258113EE7D00CF491C6F133F75D4B9F01EB3B17108581228BBEBC2
Z,17.93,2.0,2.0000068419504,5270D4F91D258113EE7D00CF491C6F133F75D4B9F01EB3B17108581228BBEBC2
Z,17.94,2.0,2.00000707466468,5270D4F91D258113EE7D00CF491C6F133F75D4B9F01EB3B17108581228BBEBC2
Z,17.95,2.0,2.0000073021055,5270D4F91D258113EE7D00CF491C6F133F75D4B9F01EB3B17108581228BBEBC2
Z,17.96,2.0,2.00000752431748,5270D4F91D258113EE7D00CF491C6F133F75D4B9F01EB3B17108581228BBEBC2
Z,17.97,2.0,2.00000774134092,5270D4F91D258113EE7D00CF491C6F133F75D4B9F01EB3B17108581228BBEBC2
Z,17.98,2.0,2.00000795321186,5270D4F91D258113EE7D00CF491C6F133F75D4B9F01EB3B17108581228BBEBC2
Z,17.99,2.0,2.00000815996198,5270D4F91D258113EE7D00CF491C6F133F75D4B9F01EB3B17108581228BBEBC2
Z,18.0,2.0,2.00000836161865,5270D4F91D258113EE7D00CF491C6F133F75D4B9F01EB3B17108581228BBEBC2
Z,18.01,2.0,2.00000855820491,5270D4F91D258113EE7D00CF491C6F133F75D4B9F01EB3B17108581228BBEBC2
Z,18.02,2.0,2.00000874973938,5270D4F91D258113EE7D00CF491C6F133F75D4B9F01EB3B17108581228BBEBC2
Z,18.03,2.0,2.00000893623634,5270D4F91D258113EE7D00CF491C6F133F75D4B9F01EB3B17108581228BBEBC2
Z,18.04,2.0,2.00000911770564,5270D4F91D258113EE7D00CF491C6F133F75D4B9F01EB3B17108581228BBEBC2
Z,18.05,2.0,2.00000929415273,5270D4F91D258113EE7D00CF491C6F133F75D4B9F01EB3B17108581228BBEBC2
Z,18.06,2.0,2.00000946557861,5270D4F91D258113EE7D00CF491C6F133F75D4B9F01EB3B17108581228BBEBC2
Z,18.07,2.0,2.00000963197983,5270D4F91D258113EE7D00CF491C6F133F75D4B9F01EB3B17108581228BBEBC2
Z,18.08,2.0,2.00000979334847,5270D4F91D258113EE7D00CF491C6F133F75D4B9F01EB3B17108581228BBEBC2
Z,18.09,2.0,2.00000994967212,5270D4F91D258113EE7D00CF491C6F133F75D4B9F01EB3B17108581228BBEBC2
Z,18.1,2.0,2.00001010093388,5270D4F91D258113EE7D00CF491C6F133F75D4B9F01EB3B17108581228BBEBC2
Z,18.11,2.0,2.00001024711231,5270D4F91D258113EE7D00CF491C6F133F75D4B9F01EB3B17108581228BBEBC2
Z,18.12,2.0,2.00001038818143,5270D4F91D258113EE7D00CF491C6F133F75D4B9F01EB3B17108581228BBEBC2
Z,18.13,2.0,2.00001052411071,5270D4F91D258113EE7D00CF491C6F133F75D4B9F01EB3B17108581228BBEBC2
Z,18.14,2.0,2.00001065486506,5270D4F91D258113EE7D00CF491C6F133F75D4B9F01EB3B17108581228BBEBC2
Z,18.15,2.0,2.00001078040478,5270D4F91D258113EE7D00CF491C6F133F75D4B9F01EB3B17108581228BBEBC2
Z,18.16,2.0,2.00001090068556,5270D4F91D258113EE7D00CF491C6F133F75D4B9F01EB3B17108581228BBEBC2
Z,18.17,2.0,2.0000110156585,5270D4F91D258113EE7D00CF491C6F133F75D4B9F01EB3B17108581228BBEBC2
Z,18.18,2.0,2.00001112527001,5270D4F91D258113EE7D00CF491C6F133F75D4B9F01EB3B17108581228BBEBC2
Z,18.19,2.0,2.00001122946188,5270D4F91D258113EE7D00CF491C6F133F75D4B9F01EB3B17108581228BBEBC2
Z,18.2,2.0,2.00001132817121,5270D4F91D258113EE7D00CF491C6F133F75D4B9F01EB3B17108581228BBEBC2
Z,18.21,2.0,2.0000114213304,5270D4F91D258113EE7D00CF491C6F133F75D4B9F01EB3B17108581228BBEBC2
Z,18.22,2.0,2.00001150886715,5270D4F91D258113EE7D00CF491C6F133F75D4B9F01EB3B17108581228BBEBC2
Z,18.23,2.0,2.00001159070443,5270D4F91D258113EE7D00CF491C6F133F75D4B9F01EB3B17108581228BBEBC2
Z,18.24,2.0,2.00001166676048,5270D4F91D258113EE7D00CF491C6F133F75D4B9F01EB3B17108581228BBEBC2
Z,18.25,2.0,2.00001173694875,5270D4F91D258113EE7D00CF491C6F133F75D4B9F01EB3B17108581228BBEBC2
Z,18.26,2.0,2.00001180117794,5270D4F91D258113EE7D00CF491C6F133F75D4B9F01EB3B17108581228BBEBC2
Z,18.27,2.0,2.00001185935194,5270D4F91D258113EE7D00CF491C6F133F75D4B9F01EB3B17108581228BBEBC2
Z,18.28,2.0,2.00001191136983,5270D4F91D258113EE7D00CF491C6F133F75D4B9F01EB3B17108581228BBEBC2
Z,18.29,2.0,2.00001195712586,5270D4F91D258113EE7D00CF491C6F133F75D4B9F01EB3B17108581228BBEBC2
Z,18.3,2.0,2.00001199650944,5270D4F91D258113EE7D00CF491C6F133F75D4B9F01EB3B17108581228BBEBC2
Z,18.31,2.0,2.00001202940511,5270D4F91D258113EE7D00CF491C6F133F75D4B9F01EB3B17108581228BBEBC2
Z,18.32,2.0,2.00001205569253,5270D4F91D258113EE7D00CF491C6F133F75D4B9F01EB3B17108581228BBEBC2
Z,18.33,2.0,2.00001207524646,5270D4F91D258113EE7D00CF491C6F133F75D4B9F01EB3B17108581228BBEBC2
Z,18.34,2.0,2.00001208793676,5270D4F91D258113EE7D00CF491C6F133F75D4B9F01EB3B17108581228BBEBC2
Z,18.35,2.0,2.00001209362835,5270D4F91D258113EE7D00CF491C6F133F75D4B9F01EB3B17108581228BBEBC2
Z,18.36,2.0,2.00001209218119,5270D4F91D258113EE7D00CF491C6F133F75D4B9F01EB3B17108581228BBEBC2
Z,18.37,2.0,2.00001208345029,5270D4F91D258113EE7D00CF491C6F133F75D4B9F01EB3B17108581228BBEBC2
Z,18.38,2.0,2.00001206728566,5270D4F91D258113EE7D00CF491C6F133F75D4B9F01EB3B17108581228BBEBC2
Z,18.39,2.0,2.00001204353234,5270D4F91D258113EE7D00CF491C6F133F75D4B9F01EB3B17108581228BBEBC2
Z,18.4,2.0,2.00001201203031,5270D4F91D258113EE7D00CF491C6F133F75D4B9F01EB3B17108581228BBEBC2
Z,18.41,2.0,2.00001197261456,5270D4F91D258113EE7D00CF491C6F133F75D4B9F01EB3B17108581228BBEBC2
Z,18.42,2.0,2.000011925115,5270D4F91D258113EE7D00CF491C6F133F75D4B9F01EB3B17108581228BBEBC2
Z,18.43,2.0,2.00001186935648,5270D4F91D258113EE7D00CF491C6F133F75D4B9F01EB3B17108581228BBEBC2
Z,18.44,2.0,2.00001180515877,5270D4F91D258113EE7D00CF491C6F133F75D4B9F01EB3B17108581228BBEBC2
Z,18.45,2.0,2.00001181107342,5270D4F91D258113EE7D00CF491C6F133F75D4B9F01EB3B17108581228BBEBC2
Z,18.46,2.0,2.00001181774794,5270D4F91D258113EE7D00CF491C6F133F75D4B9F01EB3B17108581228BBEBC2
Z,18.47,2.0,2.00001182180614,5270D4F91D258113EE7D00CF491C6F133F75D4B9F01EB3B17108581228BBEBC2
Z,18.48,2.0,2.00001182326838,5270D4F91D258113EE7D00CF491C6F133F75D4B9F01EB3B17108581228BBEBC2
Z,18.49,2.0,2.00001182215349,5270D4F91D258113EE7D00CF491C6F133F75D4B9F01EB3B17108581228BBEBC2
Z,18.5,2.0,2.00001181847874,5270D4F91D258113EE7D00CF491C6F133F75D4B9F01EB3B17108581228BBEBC2
Z,18.51,2.0,2.00001181225987,5270D4F91D258113EE7D00CF491C6F133F75D4B9F01EB3B17108581228BBEBC2
Z,18.52,2.0,2.00001180351104,5270D4F91D258113EE7D00CF491C6F133F75D4B9F01EB3B17108581228BBEBC2
Z,18.53,2.0,2.00001179224489,5270D4F91D258113EE7D00CF491C6F133F75D4B9F01EB3B17108581228BBEBC2
Z,18.54,2.0,2.00001177847248,5270D4F91D258113EE7D00CF491C6F133F75D4B9F01EB3B17108581228BBEBC2
Z,18.55,2.0,2.00001176220336,5270D4F91D258113EE7D00CF491C6F133F75D4B9F01EB3B17108581228BBEBC2
Z,18.56,2.0,2.0000117434455,5270D4F91D258113EE7D00CF491C6F133F75D4B9F01EB3B17108581228BBEBC2
Z,18.57,2.0,2.00001172220533,5270D4F91D258113EE7D00CF491C6F133F75D4B9F01EB3B17108581228BBEBC2
Z,18.58,2.0,2.00001169848774,5270D4F91D258113EE7D00CF491C6F133F75D4B9F01EB3B17108581228BBEBC2
Z,18.59,2.0,2.00001167229605,5270D4F91D258113EE7D00CF491C6F133F75D4B9F01EB3B17108581228BBEBC2
Z,18.6,2.0,2.00001164363205,5270D4F91D258113EE7D00CF491C6F133F75D4B9F01EB3B17108581228BBEBC2
Z,18.61,2.0,2.00001161249597,5270D4F91D258113EE7D00CF491C6F133F75D4B9F01EB3B17108581228BBEBC2
Z,18.62,2.0,2.0000115788865,5270D4F91D258113EE7D00CF491C6F133F75D4B9F01EB3B17108581228BBEBC2
Z,18.63,2.0,2.00001154280078,5270D4F91D258113EE7D00CF491C6F133F75D4B9F01EB3B17108581228BBEBC2
Z,18.64,2.0,2.00001150423439,5270D4F91D258113EE7D00CF491C6F133F75D4B9F01EB3B17108581228BBEBC2
Z,18.65,2.0,2.00001146318137,5270D4F91D258113EE7D00CF491C6F133F75D4B9F01EB3B17108581228BBEBC2
Z,18.66,2.0,2.00001141963421,5270D4F91D258113EE7D00CF491C6F133F75D4B9F01EB3B17108581228BBEBC2
Z,18.67,2.0,2.00001137358384,5270D4F91D258113EE7D00CF491C6F133F75D4B9F01EB3B17108581228BBEBC2
Z,18.68,2.0,2.00001132501967,5270D4F91D258113EE7D00CF491C6F133F75D4B9F01EB3B17108581228BBEBC2
Z,18.69,2.0,2.00001127392952,5270D4F91D258113EE7D00CF491C6F133F75D4B9F01EB3B17108581228BBEBC2
Z,18.7,2.0,2.0000112202997,5270D4F91D258113EE7D00CF491C6F133F75D4B9F01EB3B17108581228BBEBC2
Z,18.71,2.0,2.00001116411494,5270D4F91D258113EE7D00CF491C6F133F75D4B9F01EB3B17108581228BBEBC2
Z,18.72,2.0,2.00001110535844,5270D4F91D258113EE7D00CF491C6F133F75D4B9F01EB3B17108581228BBEBC2
Z,18.73,2.0,2.00001104401185,5270D4F91D258113EE7D00CF491C6F133F75D4B9F01EB3B17108581228BBEBC2
Z,18.74,2.0,2.00001098005525,5270D4F91D258113EE7D00CF491C6F133F75D4B9F01EB3B17108581228BBEBC2
Z,18.75,2.0,2.0000109134672,5270D4F91D258113EE7D00CF491C6F133F75D4B9F01EB3B17108581228BBEBC2
Z,18.76,2.0,2.00001084422469,5270D4F91D258113EE7D00CF491C6F133F75D4B9F01EB3B17108581228BBEBC2
Z,18.77,2.0,2.00001077230318,5270D4F91D258113EE7D00CF491C6F133F75D4B9F01EB3B17108581228BBEBC2
Z,18.78,2.0,2.00001069767655,5270D4F91D258113EE7D00CF491C6F133F75D4B9F01EB3B17108581228BBEBC2
Z,18.79,2.0,2.00001062031717,5270D4F91D258113EE7D00CF491C6F133F75D4B9F01EB3B17108581228BBEBC2
Z,18.8,2.0,2.00001054019583,5270D4F91D258113EE7D00CF491C6F133F75D4B9F01EB3B17108581228BBEBC2
Z,18.81,2.0,2.00001045728178,5270D4F91D258113EE7D00CF491C6F133F75D4B9F01EB3B17108581228BBEBC2
Z,18.82,2.0,2.00001037154273,5270D4F91D258113EE7D00CF491C6F133F75D4B9F01EB3B17108581228BBEBC2
Z,18.83,2.0,2.00001028294483,5270D4F91D258113EE7D00CF491C6F133F75D4B9F01EB3B17108581228BBEBC2
Z,18.84,2.0,2.00001019145268,5270D4F91D258113EE7D00CF491C6F133F75D4B9F01EB3B17108581228BBEBC2
Z,18.85,2.0,2.00001009702934,5270D4F91D258113EE7D00CF491C6F133F75D4B9F01EB3B17108581228BBEBC2
Z,18.86,2.0,2.00000999963632,5270D4F91D258113EE7D00CF491C6F133F75D4B9F01EB3B17108581228BBEBC2
Z,18.87,2.0,2.00000989923357,5270D4F91D258113EE7D00CF491C6F133F75D4B9F01EB3B17108581228BBEBC2
Z,18.88,2.0,2.0000097957795,5270D4F91D258113EE7D00CF491C6F133F75D4B9F01EB3B17108581228BBEBC2
Z,18.89,2.0,2.00000968923097,5270D4F91D258113EE7D00CF491C6F133F75D4B9F01EB3B17108581228BBEBC2
Z,18.9,2.0,2.00000957954329,5270D4F91D258113EE7D00CF491C6F133F75D4B9F01EB3B17108581228BBEBC2
Z,18.91,2.0,2.00000946667022,5270D4F91D258113EE7D00CF491C6F133F75D4B9F01EB3B17108581228BBEBC2
Z,18.92,2.0,2.00000935056397,5270D4F91D258113EE7D00CF491C6F133F75D4B9F01EB3B17108581228BBEBC2
Z,18.93,2.0,2.0000092311752,5270D4F91D258113EE7D00CF491C6F133F75D4B9F01EB3B17108581228BBEBC2
Z,18.94,2.0,2.00000910845303,5270D4F91D258113EE7D00CF491C6F133F75D4B9F01EB3B17108581228BBEBC2
Z,18.95,2.0,2.00000898234502,5270D4F91D258113EE7D00CF491C6F133F75D4B9F01EB3B17108581228BBEBC2
Z,18.96,2.0,2.00000885279719,5270D4F91D258113EE7D00CF491C6F133F75D4B9F01EB3B17108581228BBEBC2
Z,18.97,2.0,2.00000871975399,5270D4F91D258113EE7D00CF491C6F133F75D4B9F01EB3B17108581228BBEBC2
Z,18.98,2.0,2.00000858315836,5270D4F91D258113EE7D00CF491C6F133F75D4B9F01EB3B17108581228BBEBC2
Z,18.99,2.0,2.00000844295164,5270D4F91D258113EE7D00CF491C6F133F75D4B9F01EB3B17108581228BBEBC2
Z,19.0,2.0,2.00000829907368,5270D4F91D258113EE7D00CF491C6F133F75D4B9F01EB3B17108581228BBEBC2
Z,19.01,2.0,2.00000817592033,5270D4F91D258113EE7D00CF491C6F133F75D4B9F01EB3B17108581228BBEBC2
Z,19.02,2.0,2.0000080687674,5270D4F91D258113EE7D00CF491C6F133F75D4B9F01EB3B17108581228BBEBC2
Z,19.03,2.0,2.00000796091678,5270D4F91D258113EE7D00CF491C6F133F75D4B9F01EB3B17108581228BBEBC2
Z,19.04,2.0,2.00000785240932,5270D4F91D258113EE7D00CF491C6F133F75D4B9F01EB3B17108581228BBEBC2
Z,19.05,2.0,2.00000774328589,5270D4F91D258113EE7D00CF491C6F133F75D4B9F01EB3B17108581228BBEBC2
Z,19.06,2.0,2.00000763358733,5270D4F91D258113EE7D00CF491C6F133F75D4B9F01EB3B17108581228BBEBC2
Z,19.07,2.0,2.00000752335451,5270D4F91D258113EE7D00CF491C6F133F75D4B9F01EB3B17108581228BBEBC2
Z,19.08,2.0,2.00000741262827,5270D4F91D258113EE7D00CF491C6F133F75D4B9F01EB3B17108581228BBEBC2
Z,19.09,2.0,2.00000730144949,5270D4F91D258113EE7D00CF491C6F133F75D4B9F01EB3B17108581228BBEBC2
Z,19.1,2.0,2.00000718985901,5270D4F91D258113EE7D00CF491C6F133F75D4B9F01EB3B17108581228BBEBC2
Z,19.11,2.0,2.0000070778977,5270D4F91D258113EE7D00CF491C6F133F75D4B9F01EB3B17108581228BBEBC2
Z,19.12,2.0,2.0000069656064,5270D4F91D258113EE7D00CF491C6F133F75D4B9F01EB3B17108581228BBEBC2
Z,19.13,2.0,2.00000685302597,5270D4F91D258113EE7D00CF491C6F133F75D4B9F01EB3B17108581228BBEBC2
Z,19.14,2.0,2.00000674019728,5270D4F91D258113EE7D00CF491C6F133F75D4B9F01EB3B17108581228BBEBC2
Z,19.15,2.0,2.00000662716117,5270D4F91D258113EE7D00CF491C6F133F75D4B9F01EB3B17108581228BBEBC2
Z,19.16,2.0,2.00000651395851,5270D4F91D258113EE7D00CF491C6F133F75D4B9F01EB3B17108581228BBEBC2
Z,19.17,2.0,2.00000640063016,5270D4F91D258113EE7D00CF491C6F133F75D4B9F01EB3B17108581228BBEBC2
Z,19.18,2.0,2.00000628721695,5270D4F91D258113EE7D00CF491C6F133F75D4B9F01EB3B17108581228BBEBC2
Z,19.19,2.0,2.00000617375977,5270D4F91D258113EE7D00CF491C6F133F75D4B9F01EB3B17108581228BBEBC2
Z,19.2,2.0,2.00000606029945,5270D4F91D258113EE7D00CF491C6F133F75D4B9F01EB3B17108581228BBEBC2
Z,19.21,2.0,2.00000594687686,5270D4F91D258113EE7D00CF491C6F133F75D4B9F01EB3B17108581228BBEBC2
Z,19.22,2.0,2.00000583353286,5270D4F91D258113EE7D00CF491C6F133F75D4B9F01EB3B17108581228BBEBC2
Z,19.23,2.0,2.00000572030829,5270D4F91D258113EE7D00CF491C6F133F75D4B9F01EB3B17108581228BBEBC2
Z,19.24,2.0,2.00000560724403,5270D4F91D258113EE7D00CF491C6F133F75D4B9F01EB3B17108581228BBEBC2
Z,19.25,2.0,2.00000549438092,5270D4F91D258113EE7D00CF491C6F133F75D4B9F01EB3B17108581228BBEBC2
Z,19.26,2.0,2.00000538175981,5270D4F91D258113EE7D00CF491C6F133F75D4B9F01EB3B17108581228BBEBC2
Z,19.27,2.0,2.00000526942158,5270D4F91D258113EE7D00CF491C6F133F75D4B9F01EB3B17108581228BBEBC2
Z,19.28,2.0,2.00000515740707,5270D4F91D258113EE7D00CF491C6F133F75D4B9F01EB3B17108581228BBEBC2
Z,19.29,2.0,2.00000504575714,5270D4F91D258113EE7D00CF491C6F133F75D4B9F01EB3B17108581228BBEBC2
Z,19.3,2.0,2.00000493451265,5270D4F91D258113EE7D00CF491C6F133F75D4B9F01EB3B17108581228BBEBC2
Z,19.31,2.0,2.00000482371445,5270D4F91D258113EE7D00CF491C6F133F75D4B9F01EB3B17108581228BBEBC2
Z,19.32,2.0,2.0000047134034,5270D4F91D258113EE7D00CF491C6F133F75D4B9F01EB3B17108581228BBEBC2
Z,19.33,2.0,2.00000460362036,5270D4F91D258113EE7D00CF491C6F133F75D4B9F01EB3B17108581228BBEBC2
Z,19.34,2.0,2.00000449440619,5270D4F91D258113EE7D00CF491C6F133F75D4B9F01EB3B17108581228BBEBC2
Z,19.35,2.0,2.00000438580173,5270D4F91D258113EE7D00CF491C6F133F75D4B9F01EB3B17108581228BBEBC2
Z,19.36,2.0,2.00000427784785,5270D4F91D258113EE7D00CF491C6F133F75D4B9F01EB3B17108581228BBEBC2
Z,19.37,2.0,2.0000041705854,5270D4F91D258113EE7D00CF491C6F133F75D4B9F01EB3B17108581228BBEBC2
Z,19.38,2.0,2.00000406405525,5270D4F91D258113EE7D00CF491C6F133F75D4B9F01EB3B17108581228BBEBC2
Z,19.39,2.0,2.00000395829824,5270D4F91D258113EE7D00CF491C6F133F75D4B9F01EB3B17108581228BBEBC2
Z,19.4,2.0,2.00000385335523,5270D4F91D258113EE7D00CF491C6F133F75D4B9F01EB3B17108581228BBEBC2
Z,19.41,2.0,2.00000374926709,5270D4F91D258113EE7D00CF491C6F133F75D4B9F01EB3B17108581228BBEBC2
Z,19.42,2.0,2.00000364607466,5270D4F91D258113EE7D00CF491C6F133F75D4B9F01EB3B17108581228BBEBC2
Z,19.43,2.0,2.0000035438188,5270D4F91D258113EE7D00CF491C6F133F75D4B9F01EB3B17108581228BBEBC2
Z,19.44,2.0,2.00000344254038,5270D4F91D258113EE7D00CF491C6F133F75D4B9F01EB3B17108581228BBEBC2
Z,19.45,2.0,2.00000334228024,5270D4F91D258113EE7D00CF491C6F133F75D4B9F01EB3B17108581228BBEBC2
Z,19.46,2.0,2.00000324307924,5270D4F91D258113EE7D00CF491C6F133F75D4B9F01EB3B17108581228BBEBC2
Z,19.47,2.0,2.00000314497825,5270D4F91D258113EE7D00CF491C6F133F75D4B9F01EB3B17108581228BBEBC2
Z,19.48,2.0,2.00000304801811,5270D4F91D258113EE7D00CF491C6F133F75D4B9F01EB3B17108581228BBEBC2
Z,19.49,2.0,2.00000295223968,5270D4F91D258113EE7D00CF491C6F133F75D4B9F01EB3B17108581228BBEBC2
Z,19.5,2.0,2.00000285768382,5270D4F91D258113EE7D00CF491C6F133F75D4B9F01EB3B17108581228BBEBC2
Z,19.51,2.0,2.00000276439139,5270D4F91D258113EE7D00CF491C6F133F75D4B9F01EB3B17108581228BBEBC2
Z,19.52,2.0,2.00000267240325,5270D4F91D258113EE7D00CF491C6F133F75D4B9F01EB3B17108581228BBEBC2
Z,19.53,2.0,2.00000258176024,5270D4F91D258113EE7D00CF491C6F133F75D4B9F01EB3B17108581228BBEBC2
Z,19.54,2.0,2.00000249250323,5270D4F91D258113EE7D00CF491C6F133F75D4B9F01EB3B17108581228BBEBC2
Z,19.55,2.0,2.00000240467307,5270D4F91D258113EE7D00CF491C6F133F75D4B9F01EB3B17108581228BBEBC2
Z,19.56,2.0,2.00000231831062,5270D4F91D258113EE7D00CF491C6F133F75D4B9F01EB3B17108581228BBEBC2
Z,19.57,2.0,2.00000223345673,5270D4F91D258113EE7D00CF491C6F133F75D4B9F01EB3B17108581228BBEBC2
Z,19.58,2.0,2.00000215015227,5270D4F91D258113EE7D00CF491C6F133F75D4B9F01EB3B17108581228BBEBC2
Z,19.59,2.0,2.00000206843809,5270D4F91D258113EE7D00CF491C6F133F75D4B9F01EB3B17108581228BBEBC2
Z,19.6,2.0,2.00000198835505,5270D4F91D258113EE7D00CF491C6F133F75D4B9F01EB3B17108581228BBEBC2
Z,19.61,2.0,2.00000190994399,5270D4F91D258113EE7D00CF491C6F133F75D4B9F01EB3B17108581228BBEBC2
Z,19.62,2.0,2.00000183324579,5270D4F91D258113EE7D00CF491C6F133F75D4B9F01EB3B17108581228BBEBC2
Z,19.63,2.0,2.00000175830129,5270D4F91D258113EE7D00CF491C6F133F75D4B9F01EB3B17108581228BBEBC2
Z,19.64,2.0,2.00000168515135,5270D4F91D258113EE7D00CF491C6F133F75D4B9F01EB3B17108581228BBEBC2
Z,19.65,2.0,2.00000161383684,5270D4F91D258113EE7D00CF491C6F133F75D4B9F01EB3B17108581228BBEBC2
Z,19.66,2.0,2.00000154439859,5270D4F91D258113EE7D00CF491C6F133F75D4B9F01EB3B17108581228BBEBC2
Z,19.67,2.0,2.00000147687749,5270D4F91D258113EE7D00CF491C6F133F75D4B9F01EB3B17108581228BBEBC2
Z,19.68,2.0,2.00000141131437,5270D4F91D258113EE7D00CF491C6F133F75D4B9F01EB3B17108581228BBEBC2
Z,19.69,2.0,2.00000134775009,5270D4F91D258113EE7D00CF491C6F133F75D4B9F01EB3B17108581228BBEBC2
Z,19.7,2.0,2.00000128622552,5270D4F91D258113EE7D00CF491C6F133F75D4B9F01EB3B17108581228BBEBC2
Z,19.71,2.0,2.0000012267815,5270D4F91D258113EE7D00CF491C6F133F75D4B9F01EB3B17108581228BBEBC2
Z,19.72,2.0,2.00000116945891,5270D4F91D258113EE7D00CF491C6F133F75D4B9F01EB3B17108581228BBEBC2
Z,19.73,2.0,2.00000111429858,5270D4F91D258113EE7D00CF491C6F133F75D4B9F01EB3B17108581228BBEBC2
Z,19.74,2.0,2.0000010611938,5270D4F91D258113EE7D00CF491C6F133F75D4B9F01EB3B17108581228BBEBC2
Z,19.75,2.0,2.00000099639746,5270D4F91D258113EE7D00CF491C6F133F75D4B9F01EB3B17108581228BBEBC2
Z,19.76,2.0,2.00000093247899,5270D4F91D258113EE7D00CF491C6F133F75D4B9F01EB3B17108581228BBEBC2
Z,19.77,2.0,2.0000008694384,5270D4F91D258113EE7D00CF491C6F133F75D4B9F01EB3B17108581228BBEBC2
Z,19.78,2.0,2.00000080727569,5270D4F91D258113EE7D00CF491C6F133F75D4B9F01EB3B17108581228BBEBC2
Z,19.79,2.0,2.00000074599085,5270D4F91D258113EE7D00CF491C6F133F75D4B9F01EB3B17108581228BBEBC2
Z,19.8,2.0,2.00000068558388,5270D4F91D258113EE7D00CF491C6F133F75D4B9F01EB3B17108581228BBEBC2
Z,19.81,2.0,2.00000062605479,5270D4F91D258113EE7D00CF491C6F133F75D4B9F01EB3B17108581228BBEBC2
Z,19.82,2.0,2.00000056740358,5270D4F91D258113EE7D00CF491C6F133F75D4B9F01EB3B17108581228BBEBC2
Z,19.83,2.0,2.00000050963023,5270D4F91D258113EE7D00CF491C6F133F75D4B9F01EB3B17108581228BBEBC2
Z,19.84,2.0,2.00000045273477,5270D4F91D258113EE7D00CF491C6F133F75D4B9F01EB3B17108581228BBEBC2
Z,19.85,2.0,2.00000039671718,5270D4F91D258113EE7D00CF491C6F133F75D4B9F01EB3B17108581228BBEBC2
Z,19.86,2.0,2.00000034157746,5270D4F91D258113EE7D00CF491C6F133F75D4B9F01EB3B17108581228BBEBC2
Z,19.87,2.0,2.00000028731562,5270D4F91D258113EE7D00CF491C6F133F75D4B9F01EB3B17108581228BBEBC2
Z,19.88,2.0,2.00000023393165,5270D4F91D258113EE7D00CF491C6F133F75D4B9F01EB3B17108581228BBEBC2
Z,19.89,2.0,2.00000018142556,5270D4F91D258113EE7D00CF491C6F133F75D4B9F01EB3B17108581228BBEBC2
Z,19.9,2.0,2.00000012979734,5270D4F91D258113EE7D00CF491C6F133F75D4B9F01EB3B17108581228BBEBC2
Z,19.91,2.0,2.000000079047,5270D4F91D258113EE7D00CF491C6F133F75D4B9F01EB3B17108581228BBEBC2
Z,19.92,2.0,2.00000002917453,5270D4F91D258113EE7D00CF491C6F133F75D4B9F01EB3B17108581228BBEBC2
Z,19.93,2.0,1.99999998017994,5270D4F91D258113EE7D00CF491C6F133F75D4B9F01EB3B17108581228BBEBC2
Z,19.94,2.0,1.99999993206322,5270D4F91D258113EE7D00CF491C6F133F75D4B9F01EB3B17108581228BBEBC2
Z,19.95,2.0,1.99999988482438,5270D4F91D258113EE7D00CF491C6F133F75D4B9F01EB3B17108581228BBEBC2
Z,19.96,2.0,1.99999983846341,5270D4F91D258113EE7D00CF491C6F133F75D4B9F01EB3B17108581228BBEBC2
Z,19.97,2.0,1.99999979298031,5270D4F91D258113EE7D00CF491C6F133F75D4B9F01EB3B17108581228BBEBC2
Z,19.98,2.0,1.99999974837509,5270D4F91D258113EE7D00CF491C6F133F75D4B9F01EB3B17108581228BBEBC2
Z,19.99,2.0,1.99999970464775,5270D4F91D258113EE7D00CF491C6F133F75D4B9F01EB3B17108581228BBEBC2
Z,20.0,2.0,1.99999966179828,5270D4F91D258113EE7D00CF491C6F133F75D4B9F01EB3B17108581228BBEBC2
