time_s,pp_cbf_off_minimum_distance_m,pp_cbf_on_minimum_distance_m,project_evaluation_distance_m,pp_cbf_off_cumulative_exposure_s,pp_cbf_on_cumulative_exposure_s
0.0,1.2806248474865698,1.2806248474865698,0.6,0.0,0.0
0.01,1.28062484748657,1.28062484748657,0.6,0.0,0.0
0.02,1.2806248474865702,1.2806248474865702,0.6,0.0,0.0
0.03,1.2806248475085016,1.2806248475085016,0.6,0.0,0.0
0.04,1.280624855615754,1.280624855615754,0.6,0.0,0.0
0.05,1.2806249173030602,1.2806249173030602,0.6,0.0,0.0
0.06,1.2806251164583855,1.2806251164583855,0.6,0.0,0.0
0.07,1.2806255675740554,1.2806255675740554,0.6,0.0,0.0
0.08,1.2806264127727596,1.2806264127727596,0.6,0.0,0.0
0.09,1.2806278186281748,1.2806278186281748,0.6,0.0,0.0
0.1,1.2806299670181636,1.2806299670181636,0.6,0.0,0.0
0.11,1.2806330285681629,1.2806330285681629,0.6,0.0,0.0
0.12,1.2806371574141637,1.2806371574141637,0.6,0.0,0.0
0.13,1.2806425050264456,1.2806425050264456,0.6,0.0,0.0
0.14,1.280649214030782,1.280649214030782,0.6,0.0,0.0
0.15,1.2806574139636013,1.2806574139636013,0.6,0.0,0.0
0.16,1.2806672190772925,1.2806672190772925,0.6,0.0,0.0
0.17,1.2806787271149327,1.2806787271149327,0.6,0.0,0.0
0.18,1.2806920186113546,1.2806920186113546,0.6,0.0,0.0
0.19,1.2807071565735157,1.2807071565735157,0.6,0.0,0.0
0.2,1.2807241864754146,1.2807241864754146,0.6,0.0,0.0
0.21,1.280743136519482,1.280743136519482,0.6,0.0,0.0
0.22,1.2807640181205526,1.2807640181205526,0.6,0.0,0.0
0.23,1.2807868265719142,1.2807868265719142,0.6,0.0,0.0
0.24,1.2808115418563037,1.2808115418563037,0.6,0.0,0.0
0.25,1.2808381295705857,1.2808381295705857,0.6,0.0,0.0
0.26,1.2808665419341985,1.2808665419341985,0.6,0.0,0.0
0.27,1.2808967188572762,1.2808967188572762,0.6,0.0,0.0
0.28,1.2809285890481763,1.2809285890481763,0.6,0.0,0.0
0.29,1.2809620711393308,1.2809620711393308,0.6,0.0,0.0
0.3,1.2809970748189925,1.2809970748189925,0.6,0.0,0.0
0.31,1.2810335019525998,1.2810335019525998,0.6,0.0,0.0
0.32,1.2810712476843475,1.2810712476843475,0.6,0.0,0.0
0.33,1.2811102015093652,1.2811102015093652,0.6,0.0,0.0
0.34,1.2811502483075996,1.2811502483075996,0.6,0.0,0.0
0.35000000000000003,1.2811912693373195,1.2811912693373195,0.6,0.0,0.0
0.36,1.2812331431748196,1.2812331431748196,0.6,0.0,0.0
0.37,1.2812757466102072,1.2812757466102072,0.6,0.0,0.0
0.38,1.2813189554808821,1.2813189554808821,0.6,0.0,0.0
0.39,1.281362645454712,1.281362645454712,0.6,0.0,0.0
0.4,1.2814066927536483,1.2814066927536483,0.6,0.0,0.0
0.41000000000000003,1.2814509748206866,1.2814509748206866,0.6,0.0,0.0
0.42,1.28149537092963,1.28149537092963,0.6,0.0,0.0
0.43,1.2815397627387577,1.2815397627387577,0.6,0.0,0.0
0.44,1.281584034789187,1.281584034789187,0.6,0.0,0.0
0.45,1.2816280749497029,1.2816280749497029,0.6,0.0,0.0
0.46,1.281671774809866,1.281671774809866,0.6,0.0,0.0
0.47000000000000003,1.2817150300232112,1.2817150300232112,0.6,0.0,0.0
0.48,1.281757740602811,1.281757740602811,0.6,0.0,0.0
0.49,1.2817998111714601,1.2817998111714601,0.6,0.0,0.0
0.5,1.2818411511689076,1.2818411511689076,0.6,0.0,0.0
0.51,1.281881675018611,1.281881675018611,0.6,0.0,0.0
0.52,1.2819213022552352,1.2819213022552352,0.6,0.0,0.0
0.53,1.2819599576215983,1.2819599576215983,0.6,0.0,0.0
0.54,1.2819975711264286,1.2819975711264286,0.6,0.0,0.0
0.55,1.282034078070214,1.282034078070214,0.6,0.0,0.0
0.56,1.2820694190555457,1.2820694190555457,0.6,0.0,0.0
0.5700000000000001,1.2821035399527296,1.2821035399527296,0.6,0.0,0.0
0.58,1.282136391862108,1.282136391862108,0.6,0.0,0.0
0.59,1.282167931034788,1.282167931034788,0.6,0.0,0.0
0.6,1.282198118794602,1.282198118794602,0.6,0.0,0.0
0.61,1.2822269214225206,1.2822269214225206,0.6,0.0,0.0
0.62,1.2822543100462842,1.2822543100462842,0.6,0.0,0.0
0.63,1.2822802604961638,1.2822802604961638,0.6,0.0,0.0
0.64,1.2823047531696903,1.2823047531696903,0.6,0.0,0.0
0.65,1.2823277728659397,1.2823277728659397,0.6,0.0,0.0
0.66,1.2823493086317834,1.2823493086317834,0.6,0.0,0.0
0.67,1.2823693535809741,1.2823693535809741,0.6,0.0,0.0
0.68,1.2823879047276738,1.2823879047276738,0.6,0.0,0.0
0.6900000000000001,1.2824049627958392,1.2824049627958392,0.6,0.0,0.0
0.7000000000000001,1.2824205320450452,1.2824205320450452,0.6,0.0,0.0
0.71,1.2824346200748442,1.2824346200748442,0.6,0.0,0.0
0.72,1.2824472376460625,1.2824472376460625,0.6,0.0,0.0
0.73,1.2824583984900644,1.2824583984900644,0.6,0.0,0.0
0.74,1.2824681191197713,1.2824681191197713,0.6,0.0,0.0
0.75,1.2824764186480062,1.2824764186480062,0.6,0.0,0.0
0.76,1.282483318603392,1.282483318603392,0.6,0.0,0.0
0.77,1.2824888427499783,1.2824888427499783,0.6,0.0,0.0
0.78,1.2824930169102464,1.2824930169102464,0.6,0.0,0.0
0.79,1.282495868791749,1.282495868791749,0.6,0.0,0.0
0.8,1.282497427817082,1.282497427817082,0.6,0.0,0.0
0.81,1.2824977249632477,1.2824977249632477,0.6,0.0,0.0
0.8200000000000001,1.2824967925948654,1.2824967925948654,0.6,0.0,0.0
0.8300000000000001,1.2824946643178596,1.2824946643178596,0.6,0.0,0.0
0.84,1.2824913748219777,1.2824913748219777,0.6,0.0,0.0
0.85,1.2824869597455113,1.2824869597455113,0.6,0.0,0.0
0.86,1.282481455529548,1.282481455529548,0.6,0.0,0.0
0.87,1.2824748992906632,1.2824748992906632,0.6,0.0,0.0
0.88,1.2824673286933146,1.2824673286933146,0.6,0.0,0.0
0.89,1.282458781829218,1.282458781829218,0.6,0.0,0.0
0.9,1.28244929710307,1.28244929710307,0.6,0.0,0.0
0.91,1.282438913124039,1.282438913124039,0.6,0.0,0.0
0.92,1.2824276686030098,1.2824276686030098,0.6,0.0,0.0
0.93,1.2824156022557176,1.2824156022557176,0.6,0.0,0.0
0.9400000000000001,1.2824027527118151,1.2824027527118151,0.6,0.0,0.0
0.9500000000000001,1.2823891584293103,1.2823891584293103,0.6,0.0,0.0
0.96,1.2823748576148108,1.2823748576148108,0.6,0.0,0.0
0.97,1.2823598881491136,1.2823598881491136,0.6,0.0,0.0
0.98,1.2823442875181246,1.2823442875181246,0.6,0.0,0.0
0.99,1.2823280927490397,1.2823280927490397,0.6,0.0,0.0
1.0,1.2823113403513726,1.2823113403513726,0.6,0.0,0.0
1.01,1.2822940662629665,1.2822940662629665,0.6,0.0,0.0
1.02,1.2822763058010964,1.2822763058010964,0.6,0.0,0.0
1.03,1.2822580936172445,1.2822580936172445,0.6,0.0,0.0
1.04,1.2822394636570198,1.2822394636570198,0.6,0.0,0.0
1.05,1.2822204491240625,1.2822204491240625,0.6,0.0,0.0
1.06,1.2822010824479657,1.2822010824479657,0.6,0.0,0.0
1.07,1.2821813952560464,1.2821813952560464,0.6,0.0,0.0
1.08,1.282161418348923,1.282161418348923,0.6,0.0,0.0
1.09,1.2821411816792876,1.2821411816792876,0.6,0.0,0.0
1.1,1.2821207143344229,1.2821207143344229,0.6,0.0,0.0
1.11,1.2821000445221578,1.2821000445221578,0.6,0.0,0.0
1.12,1.2820791995586345,1.2820791995586345,0.6,0.0,0.0
1.1300000000000001,1.2820582058600405,1.2820582058600405,0.6,0.0,0.0
1.1400000000000001,1.2820370889366088,1.2820370889366088,0.6,0.0,0.0
1.1500000000000001,1.2820158733893199,1.2820158733893199,0.6,0.0,0.0
1.16,1.2819945829078343,1.2819945829078343,0.6,0.0,0.0
1.17,1.2819732402752804,1.2819732402752804,0.6,0.0,0.0
1.18,1.2819518673649521,1.2819518673649521,0.6,0.0,0.0
1.19,1.28193048515262,1.28193048515262,0.6,0.0,0.0
1.2,1.2819091137177745,1.2819091137177745,0.6,0.0,0.0
1.21,1.2818877722546849,1.2818877722546849,0.6,0.0,0.0
1.22,1.2818664790822147,1.2818664790822147,0.6,0.0,0.0
1.23,1.2818452516550727,1.2818452516550727,0.6,0.0,0.0
1.24,1.2818241065766376,1.2818241065766376,0.6,0.0,0.0
1.25,1.2818030596122105,1.2818030596122105,0.6,0.0,0.0
1.26,1.2817821257053201,1.2817821257053201,0.6,0.0,0.0
1.27,1.2817613189917247,1.2817613189917247,0.6,0.0,0.0
1.28,1.2817406528171364,1.2817406528171364,0.6,0.0,0.0
1.29,1.2817201397540656,1.2817201397540656,0.6,0.0,0.0
1.3,1.2816997916206412,1.2816997916206412,0.6,0.0,0.0
1.31,1.281679619498398,1.281679619498398,0.6,0.0,0.0
1.32,1.2816596337514221,1.2816596337514221,0.6,0.0,0.0
1.33,1.2816398440462289,1.2816398440462289,0.6,0.0,0.0
1.34,1.281620259371225,1.281620259371225,0.6,0.0,0.0
1.35,1.28160088805672,1.28160088805672,0.6,0.0,0.0
1.36,1.2815817377953147,1.2815817377953147,0.6,0.0,0.0
1.37,1.2815628156620018,1.2815628156620018,0.6,0.0,0.0
1.3800000000000001,1.281544128134917,1.281544128134917,0.6,0.0,0.0
1.3900000000000001,1.2815256811155384,1.2815256811155384,0.6,0.0,0.0
1.4000000000000001,1.281507479949317,1.281507479949317,0.6,0.0,0.0
1.41,1.2814895294456512,1.2814895294456512,0.6,0.0,0.0
1.42,1.281471833897382,1.281471833897382,0.6,0.0,0.0
1.43,1.2814543971045065,1.2814543971045065,0.6,0.0,0.0
1.44,1.2814372223886443,1.2814372223886443,0.6,0.0,0.0
1.45,1.2814203126151396,1.2814203126151396,0.6,0.0,0.0
1.46,1.2814036702157512,1.2814036702157512,0.6,0.0,0.0
1.47,1.2813872972014382,1.2813872972014382,0.6,0.0,0.0
1.48,1.2813711951851887,1.2813711951851887,0.6,0.0,0.0
1.49,1.281355365399962,1.281355365399962,0.6,0.0,0.0
1.5,1.2813398087159569,1.2813398087159569,0.6,0.0,0.0
1.51,1.2813245256589196,1.2813245256589196,0.6,0.0,0.0
1.52,1.2813095164273558,1.2813095164273558,0.6,0.0,0.0
1.53,1.281294780909198,1.281294780909198,0.6,0.0,0.0
1.54,1.2812803186986148,1.2812803186986148,0.6,0.0,0.0
1.55,1.2812661291120175,1.2812661291120175,0.6,0.0,0.0
1.56,1.2812522112036853,1.2812522112036853,0.6,0.0,0.0
1.57,1.2812385637811043,1.2812385637811043,0.6,0.0,0.0
1.58,1.2812251854197796,1.2812251854197796,0.6,0.0,0.0
1.59,1.2812120744770703,1.2812120744770703,0.6,0.0,0.0
1.6,1.2811992291067922,1.2811992291067922,0.6,0.0,0.0
1.61,1.2811866472703228,1.2811866472703228,0.6,0.0,0.0
1.62,1.2811743267576616,1.2811743267576616,0.6,0.0,0.0
1.6300000000000001,1.2811622651879748,1.2811622651879748,0.6,0.0,0.0
1.6400000000000001,1.28115046002969,1.28115046002969,0.6,0.0,0.0
1.6500000000000001,1.2811389086101415,1.2811389086101415,0.6,0.0,0.0
1.6600000000000001,1.281127608126859,1.281127608126859,0.6,0.0,0.0
1.67,1.2811165556555353,1.2811165556555353,0.6,0.0,0.0
1.68,1.2811057481716355,1.2811057481716355,0.6,0.0,0.0
1.69,1.2810951825434402,1.2810951825434402,0.6,0.0,0.0
1.7,1.2810848555528795,1.2810848555528795,0.6,0.0,0.0
1.71,1.2810747639019087,1.2810747639019087,0.6,0.0,0.0
1.72,1.2810649042211424,1.2810649042211424,0.6,0.0,0.0
1.73,1.2810552730781175,1.2810552730781175,0.6,0.0,0.0
1.74,1.2810458669854914,1.2810458669854914,0.6,0.0,0.0
1.75,1.2810366824084347,1.2810366824084347,0.6,0.0,0.0
1.76,1.2810277157696905,1.2810277157696905,0.6,0.0,0.0
1.77,1.2810189634655504,1.2810189634655504,0.6,0.0,0.0
1.78,1.2810104218583607,1.2810104218583607,0.6,0.0,0.0
1.79,1.281002087292165,1.281002087292165,0.6,0.0,0.0
1.8,1.2809939560961363,1.2809939560961363,0.6,0.0,0.0
1.81,1.2809860245900344,1.2809860245900344,0.6,0.0,0.0
1.82,1.2809782890894081,1.2809782890894081,0.6,0.0,0.0
1.83,1.2809707459106412,1.2809707459106412,0.6,0.0,0.0
1.84,1.2809633913754803,1.2809633913754803,0.6,0.0,0.0
1.85,1.2809562218133246,1.2809562218133246,0.6,0.0,0.0
1.86,1.280949233573318,1.280949233573318,0.6,0.0,0.0
1.87,1.280942423014575,1.280942423014575,0.6,0.0,0.0
1.8800000000000001,1.2809357865241953,1.2809357865241953,0.6,0.0,0.0
1.8900000000000001,1.2809293205087842,1.2809293205087842,0.6,0.0,0.0
1.9000000000000001,1.2809230214039262,1.2809230214039262,0.6,0.0,0.0
1.9100000000000001,1.2809168856752537,1.2809168856752537,0.6,0.0,0.0
1.92,1.280910909822176,1.280910909822176,0.6,0.0,0.0
1.93,1.2809050903789752,1.2809050903789752,0.6,0.0,0.0
1.94,1.2808994239173501,1.2808994239173501,0.6,0.0,0.0
1.95,1.280893907047837,1.280893907047837,0.6,0.0,0.0
1.96,1.2808885364258058,1.2808885364258058,0.6,0.0,0.0
1.97,1.280883308746117,1.280883308746117,0.6,0.0,0.0
1.98,1.2808782207483904,1.2808782207483904,0.6,0.0,0.0
1.99,1.2808732692217206,1.2808732692217206,0.6,0.0,0.0
2.0,1.2808684509983788,1.2808684509983788,0.6,0.0,0.0
2.0100000000000002,1.2808637629615884,1.2808637629615884,0.6,0.0,0.0
2.02,1.280859202041143,1.280859202041143,0.6,0.0,0.0
2.0300000000000002,1.2808547652209186,1.2808547652209186,0.6,0.0,0.0
2.04,1.2808504495317519,1.2808504495317519,0.6,0.0,0.0
2.05,1.280846252056942,1.280846252056942,0.6,0.0,0.0
2.06,1.280842169931512,1.280842169931512,0.6,0.0,0.0
2.07,1.28083820034248,1.28083820034248,0.6,0.0,0.0
2.08,1.2808343405282165,1.2808343405282165,0.6,0.0,0.0
2.09,1.2808305877822654,1.2808305877822654,0.6,0.0,0.0
2.1,1.2808269394470744,1.2808269394470744,0.6,0.0,0.0
2.11,1.2808233929211568,1.2808233929211568,0.6,0.0,0.0
2.12,1.280819945651971,1.280819945651971,0.6,0.0,0.0
2.13,1.2808165951426271,1.2808165951426271,0.6,0.0,0.0
2.14,1.2808133389448555,1.2808133389448555,0.6,0.0,0.0
2.15,1.2808101746657707,1.2808101746657707,0.6,0.0,0.0
2.16,1.2808070999602352,1.2808070999602352,0.6,0.0,0.0
2.17,1.280804112537782,1.280804112537782,0.6,0.0,0.0
2.18,1.2808012101550248,1.2808012101550248,0.6,0.0,0.0
2.19,1.2807983906221712,1.2807983906221712,0.6,0.0,0.0
2.2,1.2807956517956667,1.2807956517956667,0.6,0.0,0.0
2.21,1.280792991584331,1.280792991584331,0.6,0.0,0.0
2.22,1.2807904079423176,1.2807904079423176,0.6,0.0,0.0
2.23,1.2807878988744648,1.2807878988744648,0.6,0.0,0.0
2.24,1.2807854624301214,1.2807854624301214,0.6,0.0,0.0
2.25,1.2807830967078293,1.2807830967078293,0.6,0.0,0.0
2.2600000000000002,1.2807807998492897,1.2807807998492897,0.6,0.0,0.0
2.27,1.2807785700438883,1.2807785700438883,0.6,0.0,0.0
2.2800000000000002,1.2807764055234312,1.2807764055234312,0.6,0.0,0.0
2.29,1.280774304564048,1.280774304564048,0.6,0.0,0.0
2.3000000000000003,1.2807722654847007,1.2807722654847007,0.6,0.0,0.0
2.31,1.2807702866463933,1.2807702866463933,0.6,0.0,0.0
2.32,1.2807683664514793,1.2807683664514793,0.6,0.0,0.0
2.33,1.2807665033427944,1.2807665033427944,0.6,0.0,0.0
2.34,1.2807646958028995,1.2807646958028995,0.6,0.0,0.0
2.35,1.2807629423526958,1.2807629423526958,0.6,0.0,0.0
2.36,1.2807612415529221,1.2807612415529221,0.6,0.0,0.0
2.37,1.2807595919993071,1.2807595919993071,0.6,0.0,0.0
2.38,1.280757992326513,1.280757992326513,0.6,0.0,0.0
2.39,1.2807564412028236,1.2807564412028236,0.6,0.0,0.0
2.4,1.2807549373328169,1.2807549373328169,0.6,0.0,0.0
2.41,1.2807534794542226,1.2807534794542226,0.6,0.0,0.0
2.42,1.2807520663391594,1.2807520663391594,0.6,0.0,0.0
2.43,1.280750696791051,1.280750696791051,0.6,0.0,0.0
2.44,1.2807493696468257,1.2807493696468257,0.6,0.0,0.0
2.45,1.280748083772977,1.280748083772977,0.6,0.0,0.0
2.46,1.280746838066465,1.280746838066465,0.6,0.0,0.0
2.47,1.2807456314549603,1.2807456314549603,0.6,0.0,0.0
2.48,1.2807444628933011,1.2807444628933011,0.6,0.0,0.0
2.49,1.2807433313660577,1.2807433313660577,0.6,0.0,0.0
2.5,1.28074223588387,1.28074223588387,0.6,0.0,0.0
2.5100000000000002,1.2807411754845406,1.2807411754845406,0.6,0.0,0.0
2.52,1.2807401492317723,1.2807401492317723,0.6,0.0,0.0
2.5300000000000002,1.280739156214556,1.280739156214556,0.6,0.0,0.0
2.54,1.2807381955464916,1.2807381955464916,0.6,0.0,0.0
2.5500000000000003,1.280737266365203,1.280737266365203,0.6,0.0,0.0
2.56,1.2807363678316146,1.2807363678316146,0.6,0.0,0.0
2.57,1.280735499129321,1.280735499129321,0.6,0.0,0.0
2.58,1.2807346594639883,1.2807346594639883,0.6,0.0,0.0
2.59,1.2807338480627175,1.2807338480627175,0.6,0.0,0.0
2.6,1.2807330641734538,1.2807330641734538,0.6,0.0,0.0
2.61,1.2807323070644936,1.2807323070644936,0.6,0.0,0.0
2.62,1.2807315760238378,1.2807315760238378,0.6,0.0,0.0
2.63,1.2807308703585547,1.2807308703585547,0.6,0.0,0.0
2.64,1.2807301893944583,1.2807301893944583,0.6,0.0,0.0
2.65,1.280729532475055,1.280729532475055,0.6,0.0,0.0
2.66,1.2807288989624601,1.2807288989624601,0.6,0.0,0.0
2.67,1.2807282882344642,1.2807282882344642,0.6,0.0,0.0
2.68,1.280727699686867,1.280727699686867,0.6,0.0,0.0
2.69,1.2807271327305576,1.2807271327305576,0.6,0.0,0.0
2.7,1.2807265867924011,1.2807265867924011,0.6,0.0,0.0
2.71,1.2807260613141311,1.2807260613141311,0.6,0.0,0.0
2.72,1.2807255557531656,1.2807255557531656,0.6,0.0,0.0
2.73,1.280725069580291,1.280725069580291,0.6,0.0,0.0
2.74,1.2807246022804044,1.2807246022804044,0.6,0.0,0.0
2.75,1.2807241533520817,1.2807241533520817,0.6,0.0,0.0
2.7600000000000002,1.280723722307093,1.280723722307093,0.6,0.0,0.0
2.77,1.280723308669681,1.280723308669681,0.6,0.0,0.0
2.7800000000000002,1.2807229119765373,1.2807229119765373,0.6,0.0,0.0
2.79,1.2807225317763524,1.2807225317763524,0.6,0.0,0.0
2.8000000000000003,1.2807221676295177,1.2807221676295177,0.6,0.0,0.0
2.81,1.2807218191078016,1.2807218191078016,0.6,0.0,0.0
2.82,1.2807214857937501,1.2807214857937501,0.6,0.0,0.0
2.83,1.2807211672805776,1.2807211672805776,0.6,0.0,0.0
2.84,1.280720863171867,1.280720863171867,0.6,0.0,0.0
2.85,1.280720573081305,1.280720573081305,0.6,0.0,0.0
2.86,1.28072029663239,1.28072029663239,0.6,0.0,0.0
2.87,1.2807200334580275,1.2807200334580275,0.6,0.0,0.0
2.88,1.280719783200267,1.280719783200267,0.6,0.0,0.0
2.89,1.2807195455101883,1.2807195455101883,0.6,0.0,0.0
2.9,1.280719320047477,1.280719320047477,0.6,0.0,0.0
2.91,1.2807191064802776,1.2807191064802776,0.6,0.0,0.0
2.92,1.2807189044849316,1.2807189044849316,0.6,0.0,0.0
2.93,1.2807187137457139,1.2807187137457139,0.6,0.0,0.0
2.94,1.280718533954659,1.280718533954659,0.6,0.0,0.0
2.95,1.2807183648113647,1.2807183648113647,0.6,0.0,0.0
2.96,1.280718206022636,1.280718206022636,0.6,0.0,0.0
2.97,1.2807180573024293,1.2807180573024293,0.6,0.0,0.0
2.98,1.2807179183716249,1.2807179183716249,0.6,0.0,0.0
2.99,1.280717788957771,1.280717788957771,0.6,0.0,0.0
3.0,1.280717668795014,1.280717668795014,0.6,0.0,0.0
3.0100000000000002,1.2807175576238246,1.2807175576238246,0.6,0.0,0.0
3.02,1.2807174551906617,1.2807174551906617,0.6,0.0,0.0
3.0300000000000002,1.2807173612485372,1.2807173612485372,0.6,0.0,0.0
3.04,1.280717275555546,1.280717275555546,0.6,0.0,0.0
3.0500000000000003,1.280717197876258,1.280717197876258,0.6,0.0,0.0
3.06,1.280717127980087,1.280717127980087,0.6,0.0,0.0
3.0700000000000003,1.2807170656425517,1.2807170656425517,0.6,0.0,0.0
3.08,1.280717010643907,1.280717010643907,0.6,0.0,0.0
3.09,1.280716962769762,1.280716962769762,0.6,0.0,0.0
3.1,1.280716921810484,1.280716921810484,0.6,0.0,0.0
3.11,1.2807168875615076,1.2807168875615076,0.6,0.0,0.0
3.12,1.2807168598229646,1.2807168598229646,0.6,0.0,0.0
3.13,1.2807168383995897,1.2807168383995897,0.6,0.0,0.0
3.14,1.2807168231007184,1.2807168231007184,0.6,0.0,0.0
3.15,1.2807168137398173,1.2807168137398173,0.6,0.0,0.0
3.16,1.2807168101351638,1.2807168101351638,0.6,0.0,0.0
3.17,1.2807168121087402,1.2807168121087402,0.6,0.0,0.0
3.18,1.2807168194868062,1.2807168194868062,0.6,0.0,0.0
3.19,1.2807168320996603,1.2807168320996603,0.6,0.0,0.0
3.2,1.2807168497813213,1.2807168497813213,0.6,0.0,0.0
3.21,1.280716872369525,1.280716872369525,0.6,0.0,0.0
3.22,1.2807168997062401,1.2807168997062401,0.6,0.0,0.0
3.23,1.2807169316364584,1.2807169316364584,0.6,0.0,0.0
3.24,1.280716968009229,1.280716968009229,0.6,0.0,0.0
3.25,1.2807170086781652,1.2807170086781652,0.6,0.0,0.0
3.2600000000000002,1.2807170534974233,1.2807170534974233,0.6,0.0,0.0
3.27,1.2807171023242183,1.2807171023242183,0.6,0.0,0.0
3.2800000000000002,1.2807171550223242,1.2807171550223242,0.6,0.0,0.0
3.29,1.2807172114571497,1.2807172114571497,0.6,0.0,0.0
3.3000000000000003,1.2807172714971344,1.2807172714971344,0.6,0.0,0.0
3.31,1.280717335013689,1.280717335013689,0.6,0.0,0.0
3.3200000000000003,1.2807174018811456,1.2807174018811456,0.6,0.0,0.0
3.33,1.2807174719769558,1.2807174719769558,0.6,0.0,0.0
3.34,1.2807175451811759,1.2807175451811759,0.6,0.0,0.0
3.35,1.2807176213767344,1.2807176213767344,0.6,0.0,0.0
3.36,1.2807177004492518,1.2807177004492518,0.6,0.0,0.0
3.37,1.280717782287117,1.280717782287117,0.6,0.0,0.0
3.38,1.2807178667812882,1.2807178667812882,0.6,0.0,0.0
3.39,1.2807179538251616,1.2807179538251616,0.6,0.0,0.0
3.4,1.2807180433147198,1.2807180433147198,0.6,0.0,0.0
3.41,1.2807181351482955,1.2807181351482955,0.6,0.0,0.0
3.42,1.2807182292268662,1.2807182292268662,0.6,0.0,0.0
3.43,1.280718325453502,1.280718325453502,0.6,0.0,0.0
3.44,1.2807184237336915,1.2807184237336915,0.6,0.0,0.0
3.45,1.2807185239762275,1.2807185239762275,0.6,0.0,0.0
3.46,1.2807186260886425,1.2807186260886425,0.6,0.0,0.0
3.47,1.280718729982593,1.280718729982593,0.6,0.0,0.0
3.48,1.280718835574054,1.280718835574054,0.6,0.0,0.0
3.49,1.2807189427793249,1.2807189427793249,0.6,0.0,0.0
3.5,1.2807190515168903,1.2807190515168903,0.6,0.0,0.0
3.5100000000000002,1.2807191617070874,1.2807191617070874,0.6,0.0,0.0
3.52,1.280719273272312,1.280719273272312,0.6,0.0,0.0
3.5300000000000002,1.2807193861368478,1.2807193861368478,0.6,0.0,0.0
3.54,1.2807195002270297,1.2807195002270297,0.6,0.0,0.0
3.5500000000000003,1.28071961547051,1.28071961547051,0.6,0.0,0.0
3.56,1.2807197317975265,1.2807197317975265,0.6,0.0,0.0
3.5700000000000003,1.2807198491393281,1.2807198491393281,0.6,0.0,0.0
3.58,1.2807199674295644,1.2807199674295644,0.6,0.0,0.0
3.59,1.2807200866032986,1.2807200866032986,0.6,0.0,0.0
3.6,1.2807202065977283,1.2807202065977283,0.6,0.0,0.0
3.61,1.2807203273505845,1.2807203273505845,0.6,0.0,0.0
3.62,1.280720448802111,1.280720448802111,0.6,0.0,0.0
3.63,1.2807205708941538,1.2807205708941538,0.6,0.0,0.0
3.64,1.280720693569755,1.280720693569755,0.6,0.0,0.0
3.65,1.2807208167736321,1.2807208167736321,0.6,0.0,0.0
3.66,1.280720940452029,1.280720940452029,0.6,0.0,0.0
3.67,1.2807210645527425,1.2807210645527425,0.6,0.0,0.0
3.68,1.2807211890248915,1.2807211890248915,0.6,0.0,0.0
3.69,1.280721313819037,1.280721313819037,0.6,0.0,0.0
3.7,1.2807214388871853,1.2807214388871853,0.6,0.0,0.0
3.71,1.280721564182427,1.280721564182427,0.6,0.0,0.0
3.72,1.280721689659687,1.280721689659687,0.6,0.0,0.0
3.73,1.2807218152748794,1.2807218152748794,0.6,0.0,0.0
3.74,1.280721940985275,1.280721940985275,0.6,0.0,0.0
3.75,1.2807220667493875,1.2807220667493875,0.6,0.0,0.0
3.7600000000000002,1.2807221925269812,1.2807221925269812,0.6,0.0,0.0
3.77,1.2807223182789642,1.2807223182789642,0.6,0.0,0.0
3.7800000000000002,1.2807224439675629,1.2807224439675629,0.6,0.0,0.0
3.79,1.2807225695560864,1.2807225695560864,0.6,0.0,0.0
3.8000000000000003,1.2807226950088137,1.2807226950088137,0.6,0.0,0.0
3.81,1.2807228202914749,1.2807228202914749,0.6,0.0,0.0
3.8200000000000003,1.2807229453707087,1.2807229453707087,0.6,0.0,0.0
3.83,1.2807230702140164,1.2807230702140164,0.6,0.0,0.0
3.84,1.2807231947901812,1.2807231947901812,0.6,0.0,0.0
3.85,1.2807233190689955,1.2807233190689955,0.6,0.0,0.0
3.86,1.280723443021398,1.280723443021398,0.6,0.0,0.0
3.87,1.2807235666191725,1.2807235666191725,0.6,0.0,0.0
3.88,1.280723689834836,1.280723689834836,0.6,0.0,0.0
3.89,1.2807238126424538,1.2807238126424538,0.6,0.0,0.0
3.9,1.2807239350164277,1.2807239350164277,0.6,0.0,0.0
3.91,1.2807240569322829,1.2807240569322829,0.6,0.0,0.0
3.92,1.2807241783665322,1.2807241783665322,0.6,0.0,0.0
3.93,1.2807242992965027,1.2807242992965027,0.6,0.0,0.0
3.94,1.2807244197002945,1.2807244197002945,0.6,0.0,0.0
3.95,1.2807245395569313,1.2807245395569313,0.6,0.0,0.0
3.96,1.2807246588461263,1.2807246588461263,0.6,0.0,0.0
3.97,1.280724777548517,1.280724777548517,0.6,0.0,0.0
3.98,1.2807248956451647,1.2807248956451647,0.6,0.0,0.0
3.99,1.2807250131185555,1.2807250131185555,0.6,0.0,0.0
4.0,1.2807251299514177,1.2807251299514177,0.6,0.0,0.0
4.01,1.2807252461274419,1.2807252461274419,0.6,0.0,0.0
4.0200000000000005,1.2807253616308518,1.2807253616308518,0.6,0.0,0.0
4.03,1.2807254764466338,1.2807254764466338,0.6,0.0,0.0
4.04,1.280725590560468,1.280725590560468,0.6,0.0,0.0
4.05,1.2807257039586744,1.2807257039586744,0.6,0.0,0.0
4.0600000000000005,1.280725816628211,1.280725816628211,0.6,0.0,0.0
4.07,1.2807259285566728,1.2807259285566728,0.6,0.0,0.0
4.08,1.2807260397207463,1.2807260397207463,0.6,0.0,0.0
4.09,1.2807261501195852,1.2807261501195852,0.6,0.0,0.0
4.1,1.2807262597543485,1.2807262597543485,0.6,0.0,0.0
4.11,1.2807263685919539,1.2807263685919539,0.6,0.0,0.0
4.12,1.2807264766467874,1.2807264766467874,0.6,0.0,0.0
4.13,1.2807265838993545,1.2807265838993545,0.6,0.0,0.0
4.14,1.2807266903407046,1.2807266903407046,0.6,0.0,0.0
4.15,1.2807267959630073,1.2807267959630073,0.6,0.0,0.0
4.16,1.2807269007589492,1.2807269007589492,0.6,0.0,0.0
4.17,1.2807270047220443,1.2807270047220443,0.6,0.0,0.0
4.18,1.2807271078456506,1.2807271078456506,0.6,0.0,0.0
4.19,1.2807272101235554,1.2807272101235554,0.6,0.0,0.0
4.2,1.2807273115502098,1.2807273115502098,0.6,0.0,0.0
4.21,1.2807274121210126,1.2807274121210126,0.6,0.0,0.0
4.22,1.2807275118312713,1.2807275118312713,0.6,0.0,0.0
4.23,1.2807276106765384,1.2807276106765384,0.6,0.0,0.0
4.24,1.2807277086530966,1.2807277086530966,0.6,0.0,0.0
4.25,1.2807278057575422,1.2807278057575422,0.6,0.0,0.0
4.26,1.2807279019868758,1.2807279019868758,0.6,0.0,0.0
4.2700000000000005,1.2807279973381784,1.2807279973381784,0.6,0.0,0.0
4.28,1.2807280918101724,1.2807280918101724,0.6,0.0,0.0
4.29,1.280728185401894,1.280728185401894,0.6,0.0,0.0
4.3,1.2807282781115104,1.2807282781115104,0.6,0.0,0.0
4.3100000000000005,1.2807283699369711,1.2807283699369711,0.6,0.0,0.0
4.32,1.2807284608764868,1.2807284608764868,0.6,0.0,0.0
4.33,1.280728550929739,1.280728550929739,0.6,0.0,0.0
4.34,1.280728640074531,1.280728640074531,0.6,0.0,0.0
4.3500000000000005,1.2807287283341662,1.2807287283341662,0.6,0.0,0.0
4.36,1.2807288157104981,1.2807288157104981,0.6,0.0,0.0
4.37,1.2807289022049373,1.2807289022049373,0.6,0.0,0.0
4.38,1.2807289878287105,1.2807289878287105,0.6,0.0,0.0
4.39,1.2807290725717637,1.2807290725717637,0.6,0.0,0.0
4.4,1.2807291564335976,1.2807291564335976,0.6,0.0,0.0
4.41,1.2807292394128231,1.2807292394128231,0.6,0.0,0.0
4.42,1.2807293215123612,1.2807293215123612,0.6,0.0,0.0
4.43,1.2807294027362572,1.2807294027362572,0.6,0.0,0.0
4.44,1.2807294830858933,1.2807294830858933,0.6,0.0,0.0
4.45,1.2807295625632042,1.2807295625632042,0.6,0.0,0.0
4.46,1.2807296411720346,1.2807296411720346,0.6,0.0,0.0
4.47,1.280729718914449,1.280729718914449,0.6,0.0,0.0
4.48,1.2807297957943364,1.2807297957943364,0.6,0.0,0.0
4.49,1.2807298718148319,1.2807298718148319,0.6,0.0,0.0
4.5,1.2807299469796676,1.2807299469796676,0.6,0.0,0.0
4.51,1.280730021292409,1.280730021292409,0.6,0.0,0.0
4.5200000000000005,1.2807300947572418,1.2807300947572418,0.6,0.0,0.0
4.53,1.2807301673772804,1.2807301673772804,0.6,0.0,0.0
4.54,1.280730239156617,1.280730239156617,0.6,0.0,0.0
4.55,1.280730310099739,1.280730310099739,0.6,0.0,0.0
4.5600000000000005,1.2807303802110155,1.2807303802110155,0.6,0.0,0.0
4.57,1.2807304494950384,1.2807304494950384,0.6,0.0,0.0
4.58,1.2807305179568094,1.2807305179568094,0.6,0.0,0.0
4.59,1.280730585600973,1.280730585600973,0.6,0.0,0.0
4.6000000000000005,1.2807306524331588,1.2807306524331588,0.6,0.0,0.0
4.61,1.280730718456341,1.280730718456341,0.6,0.0,0.0
4.62,1.280730783676304,1.280730783676304,0.6,0.0,0.0
4.63,1.280730848098625,1.280730848098625,0.6,0.0,0.0
4.64,1.2807309117281134,1.2807309117281134,0.6,0.0,0.0
4.65,1.2807309745691962,1.2807309745691962,0.6,0.0,0.0
4.66,1.2807310366284859,1.2807310366284859,0.6,0.0,0.0
4.67,1.2807310979114452,1.2807310979114452,0.6,0.0,0.0
4.68,1.2807311584244174,1.2807311584244174,0.6,0.0,0.0
4.69,1.2807312181744985,1.2807312181744985,0.6,0.0,0.0
4.7,1.2807312771645363,1.2807312771645363,0.6,0.0,0.0
4.71,1.280731335398234,1.280731335398234,0.6,0.0,0.0
4.72,1.2807313928814656,1.2807313928814656,0.6,0.0,0.0
4.73,1.2807314496222015,1.2807314496222015,0.6,0.0,0.0
4.74,1.2807315056253294,1.2807315056253294,0.6,0.0,0.0
4.75,1.280731560897905,1.280731560897905,0.6,0.0,0.0
4.76,1.2807316154459458,1.2807316154459458,0.6,0.0,0.0
4.7700000000000005,1.2807316692771535,1.2807316692771535,0.6,0.0,0.0
4.78,1.2807317223957912,1.2807317223957912,0.6,0.0,0.0
4.79,1.2807317748110558,1.2807317748110558,0.6,0.0,0.0
4.8,1.2807318265282146,1.2807318265282146,0.6,0.0,0.0
4.8100000000000005,1.2807318775543253,1.2807318775543253,0.6,0.0,0.0
4.82,1.280731927892699,1.280731927892699,0.6,0.0,0.0
4.83,1.2807319775513997,1.2807319775513997,0.6,0.0,0.0
4.84,1.2807320265387374,1.2807320265387374,0.6,0.0,0.0
4.8500000000000005,1.2807320748529702,1.2807320748529702,0.6,0.0,0.0
4.86,1.2807321225087518,1.2807321225087518,0.6,0.0,0.0
4.87,1.2807321695119427,1.2807321695119427,0.6,0.0,0.0
4.88,1.280732215868865,1.280732215868865,0.6,0.0,0.0
4.89,1.2807322615850323,1.2807322615850323,0.6,0.0,0.0
4.9,1.2807323066664658,1.2807323066664658,0.6,0.0,0.0
4.91,1.280732351121423,1.280732351121423,0.6,0.0,0.0
4.92,1.2807323949560148,1.2807323949560148,0.6,0.0,0.0
4.93,1.280732438175016,1.280732438175016,0.6,0.0,0.0
4.94,1.2807324807846479,1.2807324807846479,0.6,0.0,0.0
4.95,1.280732522792121,1.280732522792121,0.6,0.0,0.0
4.96,1.280732564204087,1.280732564204087,0.6,0.0,0.0
4.97,1.2807326050243644,1.2807326050243644,0.6,0.0,0.0
4.98,1.2807326452606644,1.2807326452606644,0.6,0.0,0.0
4.99,1.280732684919475,1.280732684919475,0.6,0.0,0.0
5.0,1.280732724007723,1.280732724007723,0.6,0.0,0.0
5.01,1.2807327625311968,1.2807327625311968,0.6,0.0,0.0
5.0200000000000005,1.2807322710113747,1.2807322710113747,0.6,0.0,0.0
5.03,1.280729920949288,1.280729920949288,0.6,0.0,0.0
5.04,1.2807259507187432,1.2807259507187432,0.6,0.0,0.0
5.05,1.2807205532419121,1.2807205532419121,0.6,0.0,0.0
5.0600000000000005,1.280713913010291,1.280713913010291,0.6,0.0,0.0
5.07,1.2807062288979996,1.2807062288979996,0.6,0.0,0.0
5.08,1.2806977182206352,1.2806977182206352,0.6,0.0,0.0
5.09,1.2806886323179438,1.2806886323179438,0.6,0.0,0.0
5.1000000000000005,1.2806792734194365,1.2806792734194365,0.6,0.0,0.0
5.11,1.2806699353489654,1.2806699353489654,0.6,0.0,0.0
5.12,1.2806608937665387,1.2806608937665387,0.6,0.0,0.0
5.13,1.280652405674702,1.280652405674702,0.6,0.0,0.0
5.14,1.2806447083065415,1.2806447083065415,0.6,0.0,0.0
5.15,1.2806380177093082,1.2806380177093082,0.6,0.0,0.0
5.16,1.2806325275971147,1.2806325275971147,0.6,0.0,0.0
5.17,1.2806284086529889,1.2806284086529889,0.6,0.0,0.0
5.18,1.2806258082583337,1.2806258082583337,0.6,0.0,0.0
5.19,1.2806248505851492,1.2806248505851492,0.6,0.0,0.0
5.2,1.2806256369899132,1.2806256369899132,0.6,0.0,0.0
5.21,1.280628246655474,1.280628246655474,0.6,0.0,0.0
5.22,1.2806327374344413,1.2806327374344413,0.6,0.0,0.0
5.23,1.2806391468526293,1.2806391468526293,0.6,0.0,0.0
5.24,1.2806474932366483,1.2806474932366483,0.6,0.0,0.0
5.25,1.2806577769340406,1.2806577769340406,0.6,0.0,0.0
5.26,1.2806699815986562,1.2806699815986562,0.6,0.0,0.0
5.2700000000000005,1.2806840755175537,1.2806840755175537,0.6,0.0,0.0
5.28,1.2807000129586439,1.2807000129586439,0.6,0.0,0.0
5.29,1.2807177355219017,1.2807177355219017,0.6,0.0,0.0
5.3,1.2807371734793553,1.2807371734793553,0.6,0.0,0.0
5.3100000000000005,1.2807582470912422,1.2807582470912422,0.6,0.0,0.0
5.32,1.2807808678877988,1.2807808678877988,0.6,0.0,0.0
5.33,1.2808049399085397,1.2808049399085397,0.6,0.0,0.0
5.34,1.2808303608917229,1.2808303608917229,0.6,0.0,0.0
5.3500000000000005,1.28085702341068,1.28085702341068,0.6,0.0,0.0
5.36,1.2808848159472421,1.2808848159472421,0.6,0.0,0.0
5.37,1.2809136239073526,1.2809136239073526,0.6,0.0,0.0
5.38,1.2809433305719455,1.2809433305719455,0.6,0.0,0.0
5.39,1.2809738179812367,1.2809738179812367,0.6,0.0,0.0
5.4,1.2810049677536222,1.2810049677536222,0.6,0.0,0.0
5.41,1.2810366618419993,1.2810366618419993,0.6,0.0,0.0
5.42,1.2810687832237955,1.2810687832237955,0.6,0.0,0.0
5.43,1.2811012165285736,1.2811012165285736,0.6,0.0,0.0
5.44,1.281133848604096,1.281133848604096,0.6,0.0,0.0
5.45,1.2811665690223355,1.2811665690223355,0.6,0.0,0.0
5.46,1.2811992705323108,1.2811992705323108,0.6,0.0,0.0
5.47,1.2812318494489523,1.2812318494489523,0.6,0.0,0.0
5.48,1.2812642060022845,1.2812642060022845,0.6,0.0,0.0
5.49,1.2812962446233962,1.2812962446233962,0.6,0.0,0.0
5.5,1.281327874196434,1.281327874196434,0.6,0.0,0.0
5.51,1.2813590082569428,1.2813590082569428,0.6,0.0,0.0
5.5200000000000005,1.281389565154249,1.281389565154249,0.6,0.0,0.0
5.53,1.2814194681700215,1.2814194681700215,0.6,0.0,0.0
5.54,1.2814486456070888,1.2814486456070888,0.6,0.0,0.0
5.55,1.2814770308447925,1.2814770308447925,0.6,0.0,0.0
5.5600000000000005,1.2815045623556631,1.2815045623556631,0.6,0.0,0.0
5.57,1.2815311837041459,1.2815311837041459,0.6,0.0,0.0
5.58,1.2815568435146094,1.2815568435146094,0.6,0.0,0.0
5.59,1.2815814954174956,1.2815814954174956,0.6,0.0,0.0
5.6000000000000005,1.2816050979746934,1.2816050979746934,0.6,0.0,0.0
5.61,1.2816276145862338,1.2816276145862338,0.6,0.0,0.0
5.62,1.2816490133805816,1.2816490133805816,0.6,0.0,0.0
5.63,1.2816692670904803,1.2816692670904803,0.6,0.0,0.0
5.64,1.281688352916047,1.281688352916047,0.6,0.0,0.0
5.65,1.2817062523769982,1.2817062523769982,0.6,0.0,0.0
5.66,1.2817229511557156,1.2817229511557156,0.6,0.0,0.0
5.67,1.2817384389325508,1.2817384389325508,0.6,0.0,0.0
5.68,1.2817527092149783,1.2817527092149783,0.6,0.0,0.0
5.69,1.2817657591617486,1.2817657591617486,0.6,0.0,0.0
5.7,1.28177758940257,1.28177758940257,0.6,0.0,0.0
5.71,1.2817882038599153,1.2817882038599153,0.6,0.0,0.0
5.72,1.28179760955897,1.28179760955897,0.6,0.0,0.0
5.73,1.2818058164503887,1.2818058164503887,0.6,0.0,0.0
5.74,1.281812837223874,1.281812837223874,0.6,0.0,0.0
5.75,1.2818186871196786,1.2818186871196786,0.6,0.0,0.0
5.76,1.2818233837526796,1.2818233837526796,0.6,0.0,0.0
5.7700000000000005,1.281826946954382,1.281826946954382,0.6,0.0,0.0
5.78,1.2818293985708324,1.2818293985708324,0.6,0.0,0.0
5.79,1.2818307622983065,1.2818307622983065,0.6,0.0,0.0
5.8,1.2818310635196342,1.2818310635196342,0.6,0.0,0.0
5.8100000000000005,1.2818303291408515,1.2818303291408515,0.6,0.0,0.0
5.82,1.2818285874335378,1.2818285874335378,0.6,0.0,0.0
5.83,1.2818258678814827,1.2818258678814827,0.6,0.0,0.0
5.84,1.2818222010364175,1.2818222010364175,0.6,0.0,0.0
5.8500000000000005,1.2818176183709513,1.2818176183709513,0.6,0.0,0.0
5.86,1.2818121521487291,1.2818121521487291,0.6,0.0,0.0
5.87,1.2818058352879256,1.2818058352879256,0.6,0.0,0.0
5.88,1.2817987012432672,1.2817987012432672,0.6,0.0,0.0
5.89,1.28179078388103,1.28179078388103,0.6,0.0,0.0
5.9,1.2817821173730766,1.2817821173730766,0.6,0.0,0.0
5.91,1.2817727360841282,1.2817727360841282,0.6,0.0,0.0
5.92,1.2817626744764952,1.2817626744764952,0.6,0.0,0.0
5.93,1.2817519670111117,1.2817519670111117,0.6,0.0,0.0
5.94,1.2817406480608344,1.2817406480608344,0.6,0.0,0.0
5.95,1.2817287518263887,1.2817287518263887,0.6,0.0,0.0
5.96,1.2817163122586908,1.2817163122586908,0.6,0.0,0.0
5.97,1.2817033629863577,1.2817033629863577,0.6,0.0,0.0
5.98,1.281689937248972,1.281689937248972,0.6,0.0,0.0
5.99,1.2816760678351182,1.2816760678351182,0.6,0.0,0.0
6.0,1.2816617870254863,1.2816617870254863,0.6,0.0,0.0
6.01,1.2816471265415599,1.2816471265415599,0.6,0.0,0.0
6.0200000000000005,1.2816321174974221,1.2816321174974221,0.6,0.0,0.0
6.03,1.281616790358301,1.281616790358301,0.6,0.0,0.0
6.04,1.2816011749012006,1.2816011749012006,0.6,0.0,0.0
6.05,1.2815853001815685,1.2815853001815685,0.6,0.0,0.0
6.0600000000000005,1.2815691945030114,1.2815691945030114,0.6,0.0,0.0
6.07,1.2815528853907245,1.2815528853907245,0.6,0.0,0.0
6.08,1.2815363995702258,1.2815363995702258,0.6,0.0,0.0
6.09,1.2815197629466402,1.2815197629466402,0.6,0.0,0.0
6.1000000000000005,1.2815030005898909,1.2815030005898909,0.6,0.0,0.0
6.11,1.2814861367217107,1.2814861367217107,0.6,0.0,0.0
6.12,1.2814691947063757,1.2814691947063757,0.6,0.0,0.0
6.13,1.2814521970425692,1.2814521970425692,0.6,0.0,0.0
6.140000000000001,1.2814351653632918,1.2814351653632918,0.6,0.0,0.0
6.15,1.2814181204280974,1.2814181204280974,0.6,0.0,0.0
6.16,1.2814010821275423,1.2814010821275423,0.6,0.0,0.0
6.17,1.2813840694843728,1.2813840694843728,0.6,0.0,0.0
6.18,1.2813671006606506,1.2813671006606506,0.6,0.0,0.0
6.19,1.2813501929600586,1.2813501929600586,0.6,0.0,0.0
6.2,1.281333362840924,1.281333362840924,0.6,0.0,0.0
6.21,1.2813166259219362,1.2813166259219362,0.6,0.0,0.0
6.22,1.2812999969959007,1.2812999969959007,0.6,0.0,0.0
6.23,1.2812834900420553,1.2812834900420553,0.6,0.0,0.0
6.24,1.2812671182393987,1.2812671182393987,0.6,0.0,0.0
6.25,1.2812508939820537,1.2812508939820537,0.6,0.0,0.0
6.26,1.2812348288943056,1.2812348288943056,0.6,0.0,0.0
6.2700000000000005,1.2812189338486522,1.2812189338486522,0.6,0.0,0.0
6.28,1.2812032189822338,1.2812032189822338,0.6,0.0,0.0
6.29,1.2811876937156839,1.2811876937156839,0.6,0.0,0.0
6.3,1.2811723667716315,1.2811723667716315,0.6,0.0,0.0
6.3100000000000005,1.2811572461941916,1.2811572461941916,0.6,0.0,0.0
6.32,1.2811423393683268,1.2811423393683268,0.6,0.0,0.0
6.33,1.2811276530401516,1.2811276530401516,0.6,0.0,0.0
6.34,1.2811131933371114,1.2811131933371114,0.6,0.0,0.0
6.3500000000000005,1.2810989657883962,1.2810989657883962,0.6,0.0,0.0
6.36,1.2810849753455242,1.2810849753455242,0.6,0.0,0.0
6.37,1.2810712264031405,1.2810712264031405,0.6,0.0,0.0
6.38,1.2810577228201696,1.2810577228201696,0.6,0.0,0.0
6.390000000000001,1.2810444679391084,1.2810444679391084,0.6,0.0,0.0
6.4,1.2810314646040177,1.2810314646040177,0.6,0.0,0.0
6.41,1.281018715184297,1.281018715184297,0.6,0.0,0.0
6.42,1.281006221606729,1.281006221606729,0.6,0.0,0.0
6.43,1.2809939853552872,1.2809939853552872,0.6,0.0,0.0
6.44,1.2809820074998215,1.2809820074998215,0.6,0.0,0.0
6.45,1.280970288714545,1.280970288714545,0.6,0.0,0.0
6.46,1.2809588292996028,1.2809588292996028,0.6,0.0,0.0
6.47,1.2809476291962993,1.2809476291962993,0.6,0.0,0.0
6.48,1.2809366880079636,1.2809366880079636,0.6,0.0,0.0
6.49,1.2809260050178062,1.2809260050178062,0.6,0.0,0.0
6.5,1.2809155792061768,1.2809155792061768,0.6,0.0,0.0
6.51,1.2809054092682748,1.2809054092682748,0.6,0.0,0.0
6.5200000000000005,1.2808954936308181,1.2808954936308181,0.6,0.0,0.0
6.53,1.2808858304685735,1.2808858304685735,0.6,0.0,0.0
6.54,1.2808764177204095,1.2808764177204095,0.6,0.0,0.0
6.55,1.280867253104826,1.280867253104826,0.6,0.0,0.0
6.5600000000000005,1.2808583341350235,1.2808583341350235,0.6,0.0,0.0
6.57,1.2808496581335922,1.2808496581335922,0.6,0.0,0.0
6.58,1.2808412222467134,1.2808412222467134,0.6,0.0,0.0
6.59,1.2808330234575407,1.2808330234575407,0.6,0.0,0.0
6.6000000000000005,1.280825058599782,1.280825058599782,0.6,0.0,0.0
6.61,1.2808173243702774,1.2808173243702774,0.6,0.0,0.0
6.62,1.2808098173412983,1.2808098173412983,0.6,0.0,0.0
6.63,1.280802533972306,1.280802533972306,0.6,0.0,0.0
6.640000000000001,1.2807954706213405,1.2807954706213405,0.6,0.0,0.0
6.65,1.280788623555877,1.280788623555877,0.6,0.0,0.0
6.66,1.2807819889633216,1.2807819889633216,0.6,0.0,0.0
6.67,1.2807755629591973,1.2807755629591973,0.6,0.0,0.0
6.68,1.2807693416034316,1.2807693416034316,0.6,0.0,0.0
6.69,1.2807633208994402,1.2807633208994402,0.6,0.0,0.0
6.7,1.2807574968094082,1.2807574968094082,0.6,0.0,0.0
6.71,1.2807518652610512,1.2807518652610512,0.6,0.0,0.0
6.72,1.280746422155285,1.280746422155285,0.6,0.0,0.0
6.73,1.280741163373786,1.280741163373786,0.6,0.0,0.0
6.74,1.280736084786064,1.280736084786064,0.6,0.0,0.0
6.75,1.2807311822547767,1.2807311822547767,0.6,0.0,0.0
6.76,1.280726451647254,1.280726451647254,0.6,0.0,0.0
6.7700000000000005,1.2807218888336527,1.2807218888336527,0.6,0.0,0.0
6.78,1.280717489697755,1.280717489697755,0.6,0.0,0.0
6.79,1.280713250140942,1.280713250140942,0.6,0.0,0.0
6.8,1.2807091660870316,1.2807091660870316,0.6,0.0,0.0
6.8100000000000005,1.2807052334869784,1.2807052334869784,0.6,0.0,0.0
6.82,1.2807014483232237,1.2807014483232237,0.6,0.0,0.0
6.83,1.2806978066135486,1.2806978066135486,0.6,0.0,0.0
6.84,1.280694304413934,1.280694304413934,0.6,0.0,0.0
6.8500000000000005,1.2806909378258422,1.2806909378258422,0.6,0.0,0.0
6.86,1.2806877029927766,1.2806877029927766,0.6,0.0,0.0
6.87,1.2806845961101714,1.2806845961101714,0.6,0.0,0.0
6.88,1.2806816134224666,1.2806816134224666,0.6,0.0,0.0
6.890000000000001,1.2806787512286302,1.2806787512286302,0.6,0.0,0.0
6.9,1.280676005883609,1.280676005883609,0.6,0.0,0.0
6.91,1.2806733738002458,1.2806733738002458,0.6,0.0,0.0
6.92,1.280670851451125,1.280670851451125,0.6,0.0,0.0
6.93,1.2806684353700313,1.2806684353700313,0.6,0.0,0.0
6.94,1.2806661221531368,1.2806661221531368,0.6,0.0,0.0
6.95,1.2806639084618934,1.2806639084618934,0.6,0.0,0.0
6.96,1.280661791020731,1.280661791020731,0.6,0.0,0.0
6.97,1.2806597666218151,1.2806597666218151,0.6,0.0,0.0
6.98,1.2806578321222635,1.2806578321222635,0.6,0.0,0.0
6.99,1.2806559844473382,1.2806559844473382,0.6,0.0,0.0
7.0,1.2806542205889124,1.2806542205889124,0.6,0.0,0.0
7.01,1.2806525376080966,1.2806525376080966,0.6,0.0,0.0
7.0200000000000005,1.2806509326328341,1.2806509326328341,0.6,0.0,0.0
7.03,1.280649402859578,1.280649402859578,0.6,0.0,0.0
7.04,1.2806479455525295,1.2806479455525295,0.6,0.0,0.0
7.05,1.2806465580448037,1.2806465580448037,0.6,0.0,0.0
7.0600000000000005,1.2806452377359077,1.2806452377359077,0.6,0.0,0.0
7.07,1.280643982093931,1.280643982093931,0.6,0.0,0.0
7.08,1.280642788652705,1.280642788652705,0.6,0.0,0.0
7.09,1.280641655013629,1.280641655013629,0.6,0.0,0.0
7.1000000000000005,1.2806405788431428,1.2806405788431428,0.6,0.0,0.0
7.11,1.2806395578732164,1.2806395578732164,0.6,0.0,0.0
7.12,1.2806385899003585,1.2806385899003585,0.6,0.0,0.0
7.13,1.2806376727848556,1.2806376727848556,0.6,0.0,0.0
7.140000000000001,1.2806368044499967,1.2806368044499967,0.6,0.0,0.0
7.15,1.2806359828811948,1.2806359828811948,0.6,0.0,0.0
7.16,1.2806352061251134,1.2806352061251134,0.6,0.0,0.0
7.17,1.2806344722887069,1.2806344722887069,0.6,0.0,0.0
7.18,1.28063377953825,1.28063377953825,0.6,0.0,0.0
7.19,1.2806331260983537,1.2806331260983537,0.6,0.0,0.0
7.2,1.2806325102509373,1.2806325102509373,0.6,0.0,0.0
7.21,1.2806319303341496,1.2806319303341496,0.6,0.0,0.0
7.22,1.2806313847376125,1.2806313847376125,0.6,0.0,0.0
7.23,1.2806308719105965,1.2806308719105965,0.6,0.0,0.0
7.24,1.2806303903554834,1.2806303903554834,0.6,0.0,0.0
7.25,1.280629938624502,1.280629938624502,0.6,0.0,0.0
7.26,1.2806295153205018,1.2806295153205018,0.6,0.0,0.0
7.2700000000000005,1.2806291190962542,1.2806291190962542,0.6,0.0,0.0
7.28,1.2806287486524799,1.2806287486524799,0.6,0.0,0.0
7.29,1.2806284027376256,1.2806284027376256,0.6,0.0,0.0
7.3,1.280628080145906,1.280628080145906,0.6,0.0,0.0
7.3100000000000005,1.2806277797168786,1.2806277797168786,0.6,0.0,0.0
7.32,1.2806275003336245,1.2806275003336245,0.6,0.0,0.0
7.33,1.2806272409222812,1.2806272409222812,0.6,0.0,0.0
7.34,1.2806270004502822,1.2806270004502822,0.6,0.0,0.0
7.3500000000000005,1.280626777925626,1.280626777925626,0.6,0.0,0.0
7.36,1.2806265723956765,1.2806265723956765,0.6,0.0,0.0
7.37,1.2806263829459943,1.2806263829459943,0.6,0.0,0.0
7.38,1.2806262086992437,1.2806262086992437,0.6,0.0,0.0
7.390000000000001,1.2806260488141639,1.2806260488141639,0.6,0.0,0.0
7.4,1.2806259024846423,1.2806259024846423,0.6,0.0,0.0
7.41,1.2806257689382492,1.2806257689382492,0.6,0.0,0.0
7.42,1.2806256474356734,1.2806256474356734,0.6,0.0,0.0
7.43,1.2806255372692896,1.2806255372692896,0.6,0.0,0.0
7.44,1.2806254377624264,1.2806254377624264,0.6,0.0,0.0
7.45,1.2806253482682592,1.2806253482682592,0.6,0.0,0.0
7.46,1.2806252681689039,1.2806252681689039,0.6,0.0,0.0
7.47,1.2806251968743696,1.2806251968743696,0.6,0.0,0.0
7.48,1.2806251338217018,1.2806251338217018,0.6,0.0,0.0
7.49,1.2806250784740179,1.2806250784740179,0.6,0.0,0.0
7.5,1.2806250303196012,1.2806250303196012,0.6,0.0,0.0
7.51,1.2806249888710202,1.2806249888710202,0.6,0.0,0.0
7.5200000000000005,1.2806249536643557,1.2806249536643557,0.6,0.0,0.0
7.53,1.280624924258224,1.280624924258224,0.6,0.0,0.0
7.54,1.2806249002330568,1.2806249002330568,0.6,0.0,0.0
7.55,1.2806248811902716,1.2806248811902716,0.6,0.0,0.0
7.5600000000000005,1.2806248667515165,1.2806248667515165,0.6,0.0,0.0
7.57,1.2806248565577272,1.2806248565577272,0.6,0.0,0.0
7.58,1.2806248502685926,1.2806248502685926,0.6,0.0,0.0
7.59,1.2806248475617785,1.2806248475617785,0.6,0.0,0.0
7.6000000000000005,1.2806248481322071,1.2806248481322071,0.6,0.0,0.0
7.61,1.2806248516913585,1.2806248516913585,0.6,0.0,0.0
7.62,1.2806248579665929,1.2806248579665929,0.6,0.0,0.0
7.63,1.2806248667005318,1.2806248667005318,0.6,0.0,0.0
7.640000000000001,1.2806248776503881,1.2806248776503881,0.6,0.0,0.0
7.65,1.2806248905875017,1.2806248905875017,0.6,0.0,0.0
7.66,1.280624905296566,1.280624905296566,0.6,0.0,0.0
7.67,1.2806249215751222,1.2806249215751222,0.6,0.0,0.0
7.68,1.280624939232982,1.280624939232982,0.6,0.0,0.0
7.69,1.280624958091783,1.280624958091783,0.6,0.0,0.0
7.7,1.2806249779842729,1.2806249779842729,0.6,0.0,0.0
7.71,1.280624998753973,1.280624998753973,0.6,0.0,0.0
7.72,1.2806250202546077,1.2806250202546077,0.6,0.0,0.0
7.73,1.2806250423498304,1.2806250423498304,0.6,0.0,0.0
7.74,1.2806250649124922,1.2806250649124922,0.6,0.0,0.0
7.75,1.2806250878243326,1.2806250878243326,0.6,0.0,0.0
7.76,1.2806251109755757,1.2806251109755757,0.6,0.0,0.0
7.7700000000000005,1.2806251342644297,1.2806251342644297,0.6,0.0,0.0
7.78,1.2806251575967829,1.2806251575967829,0.6,0.0,0.0
7.79,1.2806251808855347,1.2806251808855347,0.6,0.0,0.0
7.8,1.2806252040506847,1.2806252040506847,0.6,0.0,0.0
7.8100000000000005,1.280625227018847,1.280625227018847,0.6,0.0,0.0
7.82,1.2806252497227317,1.2806252497227317,0.6,0.0,0.0
7.83,1.2806252721009896,1.2806252721009896,0.6,0.0,0.0
7.84,1.2806252940978429,1.2806252940978429,0.6,0.0,0.0
7.8500000000000005,1.2806253156626606,1.2806253156626606,0.6,0.0,0.0
7.86,1.280625336749852,1.280625336749852,0.6,0.0,0.0
7.87,1.2806253573160438,1.2806253573160438,0.6,0.0,0.0
7.88,1.2806253773263194,1.2806253773263194,0.6,0.0,0.0
7.890000000000001,1.28062539674934,1.28062539674934,0.6,0.0,0.0
7.9,1.2806254155567451,1.2806254155567451,0.6,0.0,0.0
7.91,1.2806254337238703,1.2806254337238703,0.6,0.0,0.0
7.92,1.280625451229502,1.280625451229502,0.6,0.0,0.0
7.930000000000001,1.2806254680556524,1.2806254680556524,0.6,0.0,0.0
7.94,1.280625484187444,1.280625484187444,0.6,0.0,0.0
7.95,1.2806254996128505,1.2806254996128505,0.6,0.0,0.0
7.96,1.2806255143224108,1.2806255143224108,0.6,0.0,0.0
7.97,1.2806255283092312,1.2806255283092312,0.6,0.0,0.0
7.98,1.280625541568703,1.280625541568703,0.6,0.0,0.0
7.99,1.28062555409837,1.28062555409837,0.6,0.0,0.0
8.0,1.2806255658977823,1.2806255658977823,0.6,0.0,0.0
8.01,1.28062557696835,1.28062557696835,0.6,0.0,0.0
8.02,1.2806255873131638,1.2806255873131638,0.6,0.0,0.0
8.03,1.2806255969369156,1.2806255969369156,0.6,0.0,0.0
8.040000000000001,1.2806256058457386,1.2806256058457386,0.6,0.0,0.0
8.05,1.2806256140470718,1.2806256140470718,0.6,0.0,0.0
8.06,1.2806256215496103,1.2806256215496103,0.6,0.0,0.0
8.07,1.2806256283631257,1.2806256283631257,0.6,0.0,0.0
8.08,1.2806256344983975,1.2806256344983975,0.6,0.0,0.0
8.09,1.2806256399671292,1.2806256399671292,0.6,0.0,0.0
8.1,1.2806256447818936,1.2806256447818936,0.6,0.0,0.0
8.11,1.2806256489559034,1.2806256489559034,0.6,0.0,0.0
8.120000000000001,1.280625652502985,1.280625652502985,0.6,0.0,0.0
8.13,1.2806256554376676,1.2806256554376676,0.6,0.0,0.0
8.14,1.280625657774935,1.280625657774935,0.6,0.0,0.0
8.15,1.2806256595301988,1.2806256595301988,0.6,0.0,0.0
8.16,1.2806256607191855,1.2806256607191855,0.6,0.0,0.0
8.17,1.2806256613579599,1.2806256613579599,0.6,0.0,0.0
8.18,1.280625661462875,1.280625661462875,0.6,0.0,0.0
8.19,1.2806256610504825,1.2806256610504825,0.6,0.0,0.0
8.2,1.280625660137354,1.280625660137354,0.6,0.0,0.0
8.21,1.2806256587403169,1.2806256587403169,0.6,0.0,0.0
8.22,1.2806256568761756,1.2806256568761756,0.6,0.0,0.0
8.23,1.2806256545617416,1.2806256545617416,0.6,0.0,0.0
8.24,1.2806256518139287,1.2806256518139287,0.6,0.0,0.0
8.25,1.280625648649601,1.280625648649601,0.6,0.0,0.0
8.26,1.2806256450853384,1.2806256450853384,0.6,0.0,0.0
8.27,1.2806256411377988,1.2806256411377988,0.6,0.0,0.0
8.28,1.2806256368235802,1.2806256368235802,0.6,0.0,0.0
8.290000000000001,1.2806256321588334,1.2806256321588334,0.6,0.0,0.0
8.3,1.280625627159718,1.280625627159718,0.6,0.0,0.0
8.31,1.2806256218420362,1.2806256218420362,0.6,0.0,0.0
8.32,1.2806256162214213,1.2806256162214213,0.6,0.0,0.0
8.33,1.2806256103133362,1.2806256103133362,0.6,0.0,0.0
8.34,1.2806256041329485,1.2806256041329485,0.6,0.0,0.0
8.35,1.2806255976951433,1.2806255976951433,0.6,0.0,0.0
8.36,1.280625591014541,1.280625591014541,0.6,0.0,0.0
8.370000000000001,1.280625584105384,1.280625584105384,0.6,0.0,0.0
8.38,1.2806255769816617,1.2806255769816617,0.6,0.0,0.0
8.39,1.2806255696570745,1.2806255696570745,0.6,0.0,0.0
8.4,1.2806255621449474,1.2806255621449474,0.6,0.0,0.0
8.41,1.2806255544583602,1.2806255544583602,0.6,0.0,0.0
8.42,1.2806255466099368,1.2806255466099368,0.6,0.0,0.0
8.43,1.2806255386120409,1.2806255386120409,0.6,0.0,0.0
8.44,1.2806255304767566,1.2806255304767566,0.6,0.0,0.0
8.45,1.2806255222157688,1.2806255222157688,0.6,0.0,0.0
8.46,1.2806255138404186,1.2806255138404186,0.6,0.0,0.0
8.47,1.2806255053616673,1.2806255053616673,0.6,0.0,0.0
8.48,1.2806254967902326,1.2806254967902326,0.6,0.0,0.0
8.49,1.2806254881364199,1.2806254881364199,0.6,0.0,0.0
8.5,1.2806254794101661,1.2806254794101661,0.6,0.0,0.0
8.51,1.280625470621188,1.280625470621188,0.6,0.0,0.0
8.52,1.2806254617771875,1.2806254617771875,0.6,0.0,0.0
8.53,1.2806254528885808,1.2806254528885808,0.6,0.0,0.0
8.540000000000001,1.2806254439642395,1.2806254439642395,0.6,0.0,0.0
8.55,1.2806254350125612,1.2806254350125612,0.6,0.0,0.0
8.56,1.2806254260414616,1.2806254260414616,0.6,0.0,0.0
8.57,1.2806254170587121,1.2806254170587121,0.6,0.0,0.0
8.58,1.28062540807155,1.28062540807155,0.6,0.0,0.0
8.59,1.2806253990869443,1.2806253990869443,0.6,0.0,0.0
8.6,1.2806253901117248,1.2806253901117248,0.6,0.0,0.0
8.61,1.280625381152384,1.280625381152384,0.6,0.0,0.0
8.620000000000001,1.2806253722151983,1.2806253722151983,0.6,0.0,0.0
8.63,1.2806253633060654,1.2806253633060654,0.6,0.0,0.0
8.64,1.2806253544304507,1.2806253544304507,0.6,0.0,0.0
8.65,1.2806253455936885,1.2806253455936885,0.6,0.0,0.0
8.66,1.2806253368009555,1.2806253368009555,0.6,0.0,0.0
8.67,1.2806253280570756,1.2806253280570756,0.6,0.0,0.0
8.68,1.2806253193666624,1.2806253193666624,0.6,0.0,0.0
8.69,1.280625310733976,1.280625310733976,0.6,0.0,0.0
8.700000000000001,1.2806253021630174,1.2806253021630174,0.6,0.0,0.0
8.71,1.2806252936576177,1.2806252936576177,0.6,0.0,0.0
8.72,1.2806252852215128,1.2806252852215128,0.6,0.0,0.0
8.73,1.2806252768580157,1.2806252768580157,0.6,0.0,0.0
8.74,1.280625268570358,1.280625268570358,0.6,0.0,0.0
8.75,1.2806252603616535,1.2806252603616535,0.6,0.0,0.0
8.76,1.2806252522344581,1.2806252522344581,0.6,0.0,0.0
8.77,1.2806252441913388,1.2806252441913388,0.6,0.0,0.0
8.78,1.2806252362347452,1.2806252362347452,0.6,0.0,0.0
8.790000000000001,1.2806252283669863,1.2806252283669863,0.6,0.0,0.0
8.8,1.2806252205899948,1.2806252205899948,0.6,0.0,0.0
8.81,1.280625212905444,1.280625212905444,0.6,0.0,0.0
8.82,1.280625205315176,1.280625205315176,0.6,0.0,0.0
8.83,1.2806251978208827,1.2806251978208827,0.6,0.0,0.0
8.84,1.280625190423799,1.280625190423799,0.6,0.0,0.0
8.85,1.280625183125183,1.280625183125183,0.6,0.0,0.0
8.86,1.280625175926231,1.280625175926231,0.6,0.0,0.0
8.870000000000001,1.2806251688277868,1.2806251688277868,0.6,0.0,0.0
8.88,1.2806251618308984,1.2806251618308984,0.6,0.0,0.0
8.89,1.2806251549361447,1.2806251549361447,0.6,0.0,0.0
8.9,1.280625148143891,1.280625148143891,0.6,0.0,0.0
8.91,1.2806251414546428,1.2806251414546428,0.6,0.0,0.0
8.92,1.2806251348688722,1.2806251348688722,0.6,0.0,0.0
8.93,1.2806251283868622,1.2806251283868622,0.6,0.0,0.0
8.94,1.2806251220086518,1.2806251220086518,0.6,0.0,0.0
8.950000000000001,1.2806251157343298,1.2806251157343298,0.6,0.0,0.0
8.96,1.2806251095637033,1.2806251095637033,0.6,0.0,0.0
8.97,1.280625103496746,1.280625103496746,0.6,0.0,0.0
8.98,1.2806250975332911,1.2806250975332911,0.6,0.0,0.0
8.99,1.2806250916730968,1.2806250916730968,0.6,0.0,0.0
9.0,1.2806250859145483,1.2806250859145483,0.6,0.0,0.0
9.01,1.2806250802583614,1.2806250802583614,0.6,0.0,0.0
9.02,1.2806250747041705,1.2806250747041705,0.6,0.0,0.0
9.03,1.2806250692515444,1.2806250692515444,0.6,0.0,0.0
9.040000000000001,1.2806250638998629,1.2806250638998629,0.6,0.0,0.0
9.05,1.2806250586482353,1.2806250586482353,0.6,0.0,0.0
9.06,1.2806250534959653,1.2806250534959653,0.6,0.0,0.0
9.07,1.2806250484423487,1.2806250484423487,0.6,0.0,0.0
9.08,1.2806250434865944,1.2806250434865944,0.6,0.0,0.0
9.09,1.280625038627847,1.280625038627847,0.6,0.0,0.0
9.1,1.2806250338652323,1.2806250338652323,0.6,0.0,0.0
9.11,1.2806250291979893,1.2806250291979893,0.6,0.0,0.0
9.120000000000001,1.2806250246257116,1.2806250246257116,0.6,0.0,0.0
9.13,1.2806250201460152,1.2806250201460152,0.6,0.0,0.0
9.14,1.2806250157583656,1.2806250157583656,0.6,0.0,0.0
9.15,1.2806250114615794,1.2806250114615794,0.6,0.0,0.0
9.16,1.280625007254507,1.280625007254507,0.6,0.0,0.0
9.17,1.280625003136482,1.280625003136482,0.6,0.0,0.0
9.18,1.2806249991062426,1.2806249991062426,0.6,0.0,0.0
9.19,1.2806249951621882,1.2806249951621882,0.6,0.0,0.0
9.200000000000001,1.280624991303474,1.280624991303474,0.6,0.0,0.0
9.21,1.2806249875287687,1.2806249875287687,0.6,0.0,0.0
9.22,1.2806249838372696,1.2806249838372696,0.6,0.0,0.0
9.23,1.2806249802276397,1.2806249802276397,0.6,0.0,0.0
9.24,1.2806249766986073,1.2806249766986073,0.6,0.0,0.0
9.25,1.2806249732488775,1.2806249732488775,0.6,0.0,0.0
9.26,1.2806249698772427,1.2806249698772427,0.6,0.0,0.0
9.27,1.2806249665823126,1.2806249665823126,0.6,0.0,0.0
9.28,1.2806249633629956,1.2806249633629956,0.6,0.0,0.0
9.290000000000001,1.2806249602180841,1.2806249602180841,0.6,0.0,0.0
9.3,1.2806249571465593,1.2806249571465593,0.6,0.0,0.0
9.31,1.2806249541469577,1.2806249541469577,0.6,0.0,0.0
9.32,1.2806249512179257,1.2806249512179257,0.6,0.0,0.0
9.33,1.2806249483586003,1.2806249483586003,0.6,0.0,0.0
9.34,1.2806249455677776,1.2806249455677776,0.6,0.0,0.0
9.35,1.280624942843975,1.280624942843975,0.6,0.0,0.0
9.36,1.2806249401865055,1.2806249401865055,0.6,0.0,0.0
9.370000000000001,1.2806249375948455,1.2806249375948455,0.6,0.0,0.0
9.38,1.2806249350689582,1.2806249350689582,0.6,0.0,0.0
9.39,1.2806249326048007,1.2806249326048007,0.6,0.0,0.0
9.4,1.280624930201108,1.280624930201108,0.6,0.0,0.0
9.41,1.2806249278567465,1.2806249278567465,0.6,0.0,0.0
9.42,1.2806249255725373,1.2806249255725373,0.6,0.0,0.0
9.43,1.280624923347089,1.280624923347089,0.6,0.0,0.0
9.44,1.2806249211779923,1.2806249211779923,0.6,0.0,0.0
9.450000000000001,1.2806249190648509,1.2806249190648509,0.6,0.0,0.0
9.46,1.2806249170060866,1.2806249170060866,0.6,0.0,0.0
9.47,1.2806249150015918,1.2806249150015918,0.6,0.0,0.0
9.48,1.2806249130503478,1.2806249130503478,0.6,0.0,0.0
9.49,1.280624911151057,1.280624911151057,0.6,0.0,0.0
9.5,1.2806249093028954,1.2806249093028954,0.6,0.0,0.0
9.51,1.28062490749677,1.28062490749677,0.6,0.0,0.0
9.52,1.2806249057387251,1.2806249057387251,0.6,0.0,0.0
9.53,1.2806249040282702,1.2806249040282702,0.6,0.0,0.0
9.540000000000001,1.2806249023641079,1.2806249023641079,0.6,0.0,0.0
9.55,1.2806249007452608,1.2806249007452608,0.6,0.0,0.0
9.56,1.2806248991708955,1.2806248991708955,0.6,0.0,0.0
9.57,1.2806248976399373,1.2806248976399373,0.6,0.0,0.0
9.58,1.2806248961515818,1.2806248961515818,0.6,0.0,0.0
9.59,1.2806248947038337,1.2806248947038337,0.6,0.0,0.0
9.6,1.280624893296497,1.280624893296497,0.6,0.0,0.0
9.61,1.2806248919298964,1.2806248919298964,0.6,0.0,0.0
9.620000000000001,1.2806248906026554,1.2806248906026554,0.6,0.0,0.0
9.63,1.2806248893126566,1.2806248893126566,0.6,0.0,0.0
9.64,1.2806248880589175,1.2806248880589175,0.6,0.0,0.0
9.65,1.2806248868404206,1.2806248868404206,0.6,0.0,0.0
9.66,1.2806248856565858,1.2806248856565858,0.6,0.0,0.0
9.67,1.280624884505998,1.280624884505998,0.6,0.0,0.0
9.68,1.280624883388485,1.280624883388485,0.6,0.0,0.0
9.69,1.280624882302552,1.280624882302552,0.6,0.0,0.0
9.700000000000001,1.2806248812473864,1.2806248812473864,0.6,0.0,0.0
9.71,1.2806248802233011,1.2806248802233011,0.6,0.0,0.0
9.72,1.2806248792295518,1.2806248792295518,0.6,0.0,0.0
9.73,1.2806248782626997,1.2806248782626997,0.6,0.0,0.0
9.74,1.2806248773213498,1.2806248773213498,0.6,0.0,0.0
9.75,1.280624876405433,1.280624876405433,0.6,0.0,0.0
9.76,1.2806248755173855,1.2806248755173855,0.6,0.0,0.0
9.77,1.2806248746530118,1.2806248746530118,0.6,0.0,0.0
9.78,1.2806248738135038,1.2806248738135038,0.6,0.0,0.0
9.790000000000001,1.2806248729957324,1.2806248729957324,0.6,0.0,0.0
9.8,1.2806248721997875,1.2806248721997875,0.6,0.0,0.0
9.81,1.280624871427421,1.280624871427421,0.6,0.0,0.0
9.82,1.2806248706805097,1.2806248706805097,0.6,0.0,0.0
9.83,1.2806248699573288,1.2806248699573288,0.6,0.0,0.0
9.84,1.2806248692558593,1.2806248692558593,0.6,0.0,0.0
9.85,1.2806248685757766,1.2806248685757766,0.6,0.0,0.0
9.86,1.2806248679153533,1.2806248679153533,0.6,0.0,0.0
9.870000000000001,1.2806248672732952,1.2806248672732952,0.6,0.0,0.0
9.88,1.2806248666471225,1.2806248666471225,0.6,0.0,0.0
9.89,1.2806248660388588,1.2806248660388588,0.6,0.0,0.0
9.9,1.2806248654475416,1.2806248654475416,0.6,0.0,0.0
9.91,1.28062486487408,1.28062486487408,0.6,0.0,0.0
9.92,1.2806248643187903,1.2806248643187903,0.6,0.0,0.0
9.93,1.2806248637815705,1.2806248637815705,0.6,0.0,0.0
9.94,1.2806248632617903,1.2806248632617903,0.6,0.0,0.0
9.950000000000001,1.2806248627563332,1.2806248627563332,0.6,0.0,0.0
9.96,1.280624862264902,1.280624862264902,0.6,0.0,0.0
9.97,1.2806248617868186,1.2806248617868186,0.6,0.0,0.0
9.98,1.2806248613225488,1.2806248613225488,0.6,0.0,0.0
9.99,1.2806248608720772,1.2806248608720772,0.6,0.0,0.0
10.0,1.2806248604345425,1.2806248604345425,0.6,0.0,0.0
10.01,1.2806248600101817,1.2806248600101817,0.6,0.0,0.0
10.02,1.2806248595965362,1.2806248595965362,0.6,0.0,0.0
10.03,1.2806248591942335,1.2806248591942335,0.6,0.0,0.0
10.040000000000001,1.280624858803349,1.280624858803349,0.6,0.0,0.0
10.05,1.2806248584212192,1.2806248584212192,0.6,0.0,0.0
10.06,1.2806248580500252,1.2806248580500252,0.6,0.0,0.0
10.07,1.2806248576893562,1.2806248576893562,0.6,0.0,0.0
10.08,1.2806248573390542,1.2806248573390542,0.6,0.0,0.0
10.09,1.280624856996951,1.280624856996951,0.6,0.0,0.0
10.1,1.280624856663352,1.280624856663352,0.6,0.0,0.0
10.11,1.2806248563389255,1.2806248563389255,0.6,0.0,0.0
10.120000000000001,1.2806248560228688,1.2806248560228688,0.6,0.0,0.0
10.13,1.2806248557174533,1.2806248557174533,0.6,0.0,0.0
10.14,1.2806248554205417,1.2806248554205417,0.6,0.0,0.0
10.15,1.280624855131069,1.280624855131069,0.6,0.0,0.0
10.16,1.2806248548486163,1.2806248548486163,0.6,0.0,0.0
10.17,1.280624854574082,1.280624854574082,0.6,0.0,0.0
10.18,1.2806248543067804,1.2806248543067804,0.6,0.0,0.0
10.19,1.2806248540456033,1.2806248540456033,0.6,0.0,0.0
10.200000000000001,1.2806248537921534,1.2806248537921534,0.6,0.0,0.0
10.21,1.2806248535451517,1.2806248535451517,0.6,0.0,0.0
10.22,1.2806248533050606,1.2806248533050606,0.6,0.0,0.0
10.23,1.280624853070432,1.280624853070432,0.6,0.0,0.0
10.24,1.2806248528428994,1.2806248528428994,0.6,0.0,0.0
10.25,1.2806248526217578,1.2806248526217578,0.6,0.0,0.0
10.26,1.2806248524066053,1.2806248524066053,0.6,0.0,0.0
10.27,1.280624852198662,1.280624852198662,0.6,0.0,0.0
10.28,1.2806248519955776,1.2806248519955776,0.6,0.0,0.0
10.290000000000001,1.2806248517984922,1.2806248517984922,0.6,0.0,0.0
10.3,1.2806248516084655,1.2806248516084655,0.6,0.0,0.0
10.31,1.28062485142537,1.28062485142537,0.6,0.0,0.0
10.32,1.2806248512493046,1.2806248512493046,0.6,0.0,0.0
10.33,1.2806248510765406,1.2806248510765406,0.6,0.0,0.0
10.34,1.280624850910485,1.280624850910485,0.6,0.0,0.0
10.35,1.2806248507508706,1.2806248507508706,0.6,0.0,0.0
10.36,1.2806248505968874,1.2806248505968874,0.6,0.0,0.0
10.370000000000001,1.2806248504471205,1.2806248504471205,0.6,0.0,0.0
10.38,1.2806248503033328,1.2806248503033328,0.6,0.0,0.0
10.39,1.2806248501652833,1.2806248501652833,0.6,0.0,0.0
10.4,1.2806248500310884,1.2806248500310884,0.6,0.0,0.0
10.41,1.2806248499018582,1.2806248499018582,0.6,0.0,0.0
10.42,1.280624849779348,1.280624849779348,0.6,0.0,0.0
10.43,1.280624849661885,1.280624849661885,0.6,0.0,0.0
10.44,1.2806248495495913,1.2806248495495913,0.6,0.0,0.0
10.450000000000001,1.280624849440987,1.280624849440987,0.6,0.0,0.0
10.46,1.2806248493369465,1.2806248493369465,0.6,0.0,0.0
10.47,1.2806248492367205,1.2806248492367205,0.6,0.0,0.0
10.48,1.280624849140864,1.280624849140864,0.6,0.0,0.0
10.49,1.2806248490504384,1.2806248490504384,0.6,0.0,0.0
10.5,1.280624848964818,1.280624848964818,0.6,0.0,0.0
10.51,1.2806248488799068,1.2806248488799068,0.6,0.0,0.0
10.52,1.2806248487983274,1.2806248487983274,0.6,0.0,0.0
10.53,1.280624848719863,1.280624848719863,0.6,0.0,0.0
10.540000000000001,1.280624848643461,1.280624848643461,0.6,0.0,0.0
10.55,1.2806248485688818,1.2806248485688818,0.6,0.0,0.0
10.56,1.2806248484977418,1.2806248484977418,0.6,0.0,0.0
10.57,1.280624848429511,1.280624848429511,0.6,0.0,0.0
10.58,1.280624848365121,1.280624848365121,0.6,0.0,0.0
10.59,1.2806248483047133,1.2806248483047133,0.6,0.0,0.0
10.6,1.280624848247614,1.280624848247614,0.6,0.0,0.0
10.61,1.2806248481936113,1.2806248481936113,0.6,0.0,0.0
10.620000000000001,1.2806248481421796,1.2806248481421796,0.6,0.0,0.0
10.63,1.2806248480939193,1.2806248480939193,0.6,0.0,0.0
10.64,1.280624848048461,1.280624848048461,0.6,0.0,0.0
10.65,1.280624848006148,1.280624848006148,0.6,0.0,0.0
10.66,1.2806248479659719,1.2806248479659719,0.6,0.0,0.0
10.67,1.2806248479279665,1.2806248479279665,0.6,0.0,0.0
10.68,1.2806248478919353,1.2806248478919353,0.6,0.0,0.0
10.69,1.2806248478586981,1.2806248478586981,0.6,0.0,0.0
10.700000000000001,1.2806248478284394,1.2806248478284394,0.6,0.0,0.0
10.71,1.280624847799735,1.280624847799735,0.6,0.0,0.0
10.72,1.280624847772553,1.280624847772553,0.6,0.0,0.0
10.73,1.2806248477464128,1.2806248477464128,0.6,0.0,0.0
10.74,1.280624847721619,1.280624847721619,0.6,0.0,0.0
10.75,1.2806248476980682,1.2806248476980682,0.6,0.0,0.0
10.76,1.2806248476751403,1.2806248476751403,0.6,0.0,0.0
10.77,1.2806248476526616,1.2806248476526616,0.6,0.0,0.0
10.78,1.2806248476311757,1.2806248476311757,0.6,0.0,0.0
10.790000000000001,1.2806248476103013,1.2806248476103013,0.6,0.0,0.0
10.8,1.2806248475904447,1.2806248475904447,0.6,0.0,0.0
10.81,1.2806248475715358,1.2806248475715358,0.6,0.0,0.0
10.82,1.280624847553193,1.280624847553193,0.6,0.0,0.0
10.83,1.2806248475352562,1.2806248475352562,0.6,0.0,0.0
10.84,1.2806248475178295,1.2806248475178295,0.6,0.0,0.0
10.85,1.2806248475014488,1.2806248475014488,0.6,0.0,0.0
10.86,1.2806248474858286,1.2806248474858286,0.6,0.0,0.0
10.870000000000001,1.2806248474709254,1.2806248474709254,0.6,0.0,0.0
10.88,1.2806248474566988,1.2806248474566988,0.6,0.0,0.0
10.89,1.280624847442774,1.280624847442774,0.6,0.0,0.0
10.9,1.2806248474294326,1.2806248474294326,0.6,0.0,0.0
10.91,1.2806248474164492,1.2806248474164492,0.6,0.0,0.0
10.92,1.2806248474039548,1.2806248474039548,0.6,0.0,0.0
10.93,1.2806248473914692,1.2806248473914692,0.6,0.0,0.0
10.94,1.280624847379138,1.280624847379138,0.6,0.0,0.0
10.950000000000001,1.2806248473673765,1.2806248473673765,0.6,0.0,0.0
10.96,1.2806248473563393,1.2806248473563393,0.6,0.0,0.0
10.97,1.28062484734588,1.28062484734588,0.6,0.0,0.0
10.98,1.2806248473357693,1.2806248473357693,0.6,0.0,0.0
10.99,1.2806248473263664,1.2806248473263664,0.6,0.0,0.0
11.0,1.2806248473171662,1.2806248473171662,0.6,0.0,0.0
11.01,1.2806248473082937,1.2806248473082937,0.6,0.0,0.0
11.02,1.280624847299787,1.280624847299787,0.6,0.0,0.0
11.03,1.2806248472915363,1.2806248472915363,0.6,0.0,0.0
11.040000000000001,1.2806248472835178,1.2806248472835178,0.6,0.0,0.0
11.05,1.280624847275921,1.280624847275921,0.6,0.0,0.0
11.06,1.2806248472687947,1.2806248472687947,0.6,0.0,0.0
11.07,1.280624847261788,1.280624847261788,0.6,0.0,0.0
11.08,1.2806248472550141,1.2806248472550141,0.6,0.0,0.0
11.09,1.2806248472487067,1.2806248472487067,0.6,0.0,0.0
11.1,1.2806248472426487,1.2806248472426487,0.6,0.0,0.0
11.11,1.28062484723663,1.28062484723663,0.6,0.0,0.0
11.120000000000001,1.2806248472310908,1.2806248472310908,0.6,0.0,0.0
11.13,1.280624847226012,1.280624847226012,0.6,0.0,0.0
11.14,1.2806248472210002,1.2806248472210002,0.6,0.0,0.0
11.15,1.280624847216307,1.280624847216307,0.6,0.0,0.0
11.16,1.2806248472120314,1.2806248472120314,0.6,0.0,0.0
11.17,1.2806248472080262,1.2806248472080262,0.6,0.0,0.0
11.18,1.2806248472043957,1.2806248472043957,0.6,0.0,0.0
11.19,1.2806248472010917,1.2806248472010917,0.6,0.0,0.0
11.200000000000001,1.280624847197561,1.280624847197561,0.6,0.0,0.0
11.21,1.2806248471940649,1.2806248471940649,0.6,0.0,0.0
11.22,1.2806248471910116,1.2806248471910116,0.6,0.0,0.0
11.23,1.2806248471880661,1.2806248471880661,0.6,0.0,0.0
11.24,1.2806248471852548,1.2806248471852548,0.6,0.0,0.0
11.25,1.2806248471825372,1.2806248471825372,0.6,0.0,0.0
11.26,1.2806248471800108,1.2806248471800108,0.6,0.0,0.0
11.27,1.280624847177466,1.280624847177466,0.6,0.0,0.0
11.28,1.2806248471750095,1.2806248471750095,0.6,0.0,0.0
11.290000000000001,1.2806248471728836,1.2806248471728836,0.6,0.0,0.0
11.3,1.280624847171024,1.280624847171024,0.6,0.0,0.0
11.31,1.2806248471697175,1.2806248471697175,0.6,0.0,0.0
11.32,1.2806248471686952,1.2806248471686952,0.6,0.0,0.0
11.33,1.2806248471674861,1.2806248471674861,0.6,0.0,0.0
11.34,1.2806248471660897,1.2806248471660897,0.6,0.0,0.0
11.35,1.280624847164295,1.280624847164295,0.6,0.0,0.0
11.36,1.2806248471621777,1.2806248471621777,0.6,0.0,0.0
11.370000000000001,1.2806248471600008,1.2806248471600008,0.6,0.0,0.0
11.38,1.2806248471579496,1.2806248471579496,0.6,0.0,0.0
11.39,1.280624847156096,1.280624847156096,0.6,0.0,0.0
11.4,1.2806248471546549,1.2806248471546549,0.6,0.0,0.0
11.41,1.2806248471533401,1.2806248471533401,0.6,0.0,0.0
11.42,1.2806248471521575,1.2806248471521575,0.6,0.0,0.0
11.43,1.280624847151085,1.280624847151085,0.6,0.0,0.0
11.44,1.2806248471501114,1.2806248471501114,0.6,0.0,0.0
11.450000000000001,1.2806248471492472,1.2806248471492472,0.6,0.0,0.0
11.46,1.2806248471483779,1.2806248471483779,0.6,0.0,0.0
11.47,1.2806248471476114,1.2806248471476114,0.6,0.0,0.0
11.48,1.2806248471471409,1.2806248471471409,0.6,0.0,0.0
11.49,1.2806248471467658,1.2806248471467658,0.6,0.0,0.0
11.5,1.2806248471463741,1.2806248471463741,0.6,0.0,0.0
11.51,1.2806248471459556,1.2806248471459556,0.6,0.0,0.0
11.52,1.2806248471454407,1.2806248471454407,0.6,0.0,0.0
11.53,1.2806248471452601,1.2806248471452601,0.6,0.0,0.0
11.540000000000001,1.2806248471452018,1.2806248471452018,0.6,0.0,0.0
11.55,1.280624847145249,1.280624847145249,0.6,0.0,0.0
11.56,1.2806248471453658,1.2806248471453658,0.6,0.0,0.0
11.57,1.2806248471456572,1.2806248471456572,0.6,0.0,0.0
11.58,1.2806248471458925,1.2806248471458925,0.6,0.0,0.0
11.59,1.2806248471461936,1.2806248471461936,0.6,0.0,0.0
11.6,1.2806248471466637,1.2806248471466637,0.6,0.0,0.0
11.61,1.280624847147336,1.280624847147336,0.6,0.0,0.0
11.620000000000001,1.2806248471482669,1.2806248471482669,0.6,0.0,0.0
11.63,1.2806248471494062,1.2806248471494062,0.6,0.0,0.0
11.64,1.2806248471505963,1.2806248471505963,0.6,0.0,0.0
11.65,1.280624847151777,1.280624847151777,0.6,0.0,0.0
11.66,1.2806248471530677,1.2806248471530677,0.6,0.0,0.0
11.67,1.280624847154735,1.280624847154735,0.6,0.0,0.0
11.68,1.2806248471565023,1.2806248471565023,0.6,0.0,0.0
11.69,1.2806248471582702,1.2806248471582702,0.6,0.0,0.0
11.700000000000001,1.2806248471599337,1.2806248471599337,0.6,0.0,0.0
11.71,1.2806248471618913,1.2806248471618913,0.6,0.0,0.0
11.72,1.2806248471637507,1.2806248471637507,0.6,0.0,0.0
11.73,1.2806248471655468,1.2806248471655468,0.6,0.0,0.0
11.74,1.280624847167395,1.280624847167395,0.6,0.0,0.0
11.75,1.2806248471689488,1.2806248471689488,0.6,0.0,0.0
11.76,1.2806248471702413,1.2806248471702413,0.6,0.0,0.0
11.77,1.2806248471716977,1.2806248471716977,0.6,0.0,0.0
11.78,1.2806248471731545,1.2806248471731545,0.6,0.0,0.0
11.790000000000001,1.2806248471742792,1.2806248471742792,0.6,0.0,0.0
11.8,1.280624847175419,1.280624847175419,0.6,0.0,0.0
11.81,1.2806248471767037,1.2806248471767037,0.6,0.0,0.0
11.82,1.2806248471782213,1.2806248471782213,0.6,0.0,0.0
11.83,1.2806248471798976,1.2806248471798976,0.6,0.0,0.0
11.84,1.280624847181565,1.280624847181565,0.6,0.0,0.0
11.85,1.280624847183345,1.280624847183345,0.6,0.0,0.0
11.86,1.2806248471851225,1.2806248471851225,0.6,0.0,0.0
11.870000000000001,1.2806248471870787,1.2806248471870787,0.6,0.0,0.0
11.88,1.280624847189186,1.280624847189186,0.6,0.0,0.0
11.89,1.28062484719146,1.28062484719146,0.6,0.0,0.0
11.9,1.2806248471937618,1.2806248471937618,0.6,0.0,0.0
11.91,1.2806248471961832,1.2806248471961832,0.6,0.0,0.0
11.92,1.2806248471988566,1.2806248471988566,0.6,0.0,0.0
11.93,1.2806248472017001,1.2806248472017001,0.6,0.0,0.0
11.94,1.280624847204649,1.280624847204649,0.6,0.0,0.0
11.950000000000001,1.280624847207667,1.280624847207667,0.6,0.0,0.0
11.96,1.2806248472106496,1.2806248472106496,0.6,0.0,0.0
11.97,1.2806248472136224,1.2806248472136224,0.6,0.0,0.0
11.98,1.2806248472168502,1.2806248472168502,0.6,0.0,0.0
11.99,1.2806248472201498,1.2806248472201498,0.6,0.0,0.0
12.0,1.280624847223454,1.280624847223454,0.6,0.0,0.0
12.01,1.2806248472268662,1.2806248472268662,0.6,0.0,0.0
12.02,1.2806248472302422,1.2806248472302422,0.6,0.0,0.0
12.030000000000001,1.2806248472336588,1.2806248472336588,0.6,0.0,0.0
12.040000000000001,1.2806248472372794,1.2806248472372794,0.6,0.0,0.0
12.05,1.2806248472410124,1.2806248472410124,0.6,0.0,0.0
12.06,1.2806248472447526,1.2806248472447526,0.6,0.0,0.0
12.07,1.2806248472484385,1.2806248472484385,0.6,0.0,0.0
12.08,1.280624847252105,1.280624847252105,0.6,0.0,0.0
12.09,1.280624847255745,1.280624847255745,0.6,0.0,0.0
12.1,1.2806248472594466,1.2806248472594466,0.6,0.0,0.0
12.11,1.2806248472632253,1.2806248472632253,0.6,0.0,0.0
12.120000000000001,1.28062484726696,1.28062484726696,0.6,0.0,0.0
12.13,1.2806248472707011,1.2806248472707011,0.6,0.0,0.0
12.14,1.2806248472745176,1.2806248472745176,0.6,0.0,0.0
12.15,1.28062484727839,1.28062484727839,0.6,0.0,0.0
12.16,1.2806248472822441,1.2806248472822441,0.6,0.0,0.0
12.17,1.280624847286177,1.280624847286177,0.6,0.0,0.0
12.18,1.2806248472900237,1.2806248472900237,0.6,0.0,0.0
12.19,1.280624847293895,1.280624847293895,0.6,0.0,0.0
12.200000000000001,1.2806248472977804,1.2806248472977804,0.6,0.0,0.0
12.21,1.2806248473016164,1.2806248473016164,0.6,0.0,0.0
12.22,1.2806248473054607,1.2806248473054607,0.6,0.0,0.0
12.23,1.2806248473093493,1.2806248473093493,0.6,0.0,0.0
12.24,1.2806248473132689,1.2806248473132689,0.6,0.0,0.0
12.25,1.2806248473170927,1.2806248473170927,0.6,0.0,0.0
12.26,1.280624847320868,1.280624847320868,0.6,0.0,0.0
12.27,1.2806248473246093,1.2806248473246093,0.6,0.0,0.0
12.280000000000001,1.2806248473282968,1.2806248473282968,0.6,0.0,0.0
12.290000000000001,1.2806248473319937,1.2806248473319937,0.6,0.0,0.0
12.3,1.2806248473356872,1.2806248473356872,0.6,0.0,0.0
12.31,1.2806248473393407,1.2806248473393407,0.6,0.0,0.0
12.32,1.2806248473430049,1.2806248473430049,0.6,0.0,0.0
12.33,1.2806248473466615,1.2806248473466615,0.6,0.0,0.0
12.34,1.2806248473503405,1.2806248473503405,0.6,0.0,0.0
12.35,1.2806248473540462,1.2806248473540462,0.6,0.0,0.0
12.36,1.2806248473577149,1.2806248473577149,0.6,0.0,0.0
12.370000000000001,1.28062484736136,1.28062484736136,0.6,0.0,0.0
12.38,1.2806248473650068,1.2806248473650068,0.6,0.0,0.0
12.39,1.2806248473685964,1.2806248473685964,0.6,0.0,0.0
12.4,1.2806248473720865,1.2806248473720865,0.6,0.0,0.0
12.41,1.2806248473755428,1.2806248473755428,0.6,0.0,0.0
12.42,1.2806248473789634,1.2806248473789634,0.6,0.0,0.0
12.43,1.2806248473822968,1.2806248473822968,0.6,0.0,0.0
12.44,1.2806248473855983,1.2806248473855983,0.6,0.0,0.0
12.450000000000001,1.2806248473888613,1.2806248473888613,0.6,0.0,0.0
12.46,1.280624847392168,1.280624847392168,0.6,0.0,0.0
12.47,1.2806248473954036,1.2806248473954036,0.6,0.0,0.0
12.48,1.2806248473985675,1.2806248473985675,0.6,0.0,0.0
12.49,1.2806248474017166,1.2806248474017166,0.6,0.0,0.0
12.5,1.2806248474047706,1.2806248474047706,0.6,0.0,0.0
12.51,1.280624847407745,1.280624847407745,0.6,0.0,0.0
12.52,1.2806248474107558,1.2806248474107558,0.6,0.0,0.0
12.530000000000001,1.280624847413694,1.280624847413694,0.6,0.0,0.0
12.540000000000001,1.28062484741659,1.28062484741659,0.6,0.0,0.0
12.55,1.2806248474193604,1.2806248474193604,0.6,0.0,0.0
12.56,1.2806248474219744,1.2806248474219744,0.6,0.0,0.0
12.57,1.2806248474245168,1.2806248474245168,0.6,0.0,0.0
12.58,1.2806248474270483,1.2806248474270483,0.6,0.0,0.0
12.59,1.28062484742953,1.28062484742953,0.6,0.0,0.0
12.6,1.2806248474319182,1.2806248474319182,0.6,0.0,0.0
12.61,1.280624847434181,1.280624847434181,0.6,0.0,0.0
12.620000000000001,1.2806248474363564,1.2806248474363564,0.6,0.0,0.0
12.63,1.2806248474384772,1.2806248474384772,0.6,0.0,0.0
12.64,1.2806248474405446,1.2806248474405446,0.6,0.0,0.0
12.65,1.2806248474424626,1.2806248474424626,0.6,0.0,0.0
12.66,1.2806248474442758,1.2806248474442758,0.6,0.0,0.0
12.67,1.280624847446004,1.280624847446004,0.6,0.0,0.0
12.68,1.2806248474476358,1.2806248474476358,0.6,0.0,0.0
12.69,1.2806248474492,1.2806248474492,0.6,0.0,0.0
12.700000000000001,1.280624847450721,1.280624847450721,0.6,0.0,0.0
12.71,1.2806248474521786,1.2806248474521786,0.6,0.0,0.0
12.72,1.2806248474535906,1.2806248474535906,0.6,0.0,0.0
12.73,1.280624847454945,1.280624847454945,0.6,0.0,0.0
12.74,1.280624847456216,1.280624847456216,0.6,0.0,0.0
12.75,1.2806248474574085,1.2806248474574085,0.6,0.0,0.0
12.76,1.2806248474585329,1.2806248474585329,0.6,0.0,0.0
12.77,1.2806248474595985,1.2806248474595985,0.6,0.0,0.0
12.780000000000001,1.280624847460688,1.280624847460688,0.6,0.0,0.0
12.790000000000001,1.2806248474617123,1.2806248474617123,0.6,0.0,0.0
12.8,1.2806248474627175,1.2806248474627175,0.6,0.0,0.0
12.81,1.2806248474637238,1.2806248474637238,0.6,0.0,0.0
12.82,1.2806248474647481,1.2806248474647481,0.6,0.0,0.0
12.83,1.2806248474658282,1.2806248474658282,0.6,0.0,0.0
12.84,1.2806248474669863,1.2806248474669863,0.6,0.0,0.0
12.85,1.280624847468135,1.280624847468135,0.6,0.0,0.0
12.86,1.2806248474692303,1.2806248474692303,0.6,0.0,0.0
12.870000000000001,1.2806248474703652,1.2806248474703652,0.6,0.0,0.0
12.88,1.2806248474714952,1.2806248474714952,0.6,0.0,0.0
12.89,1.2806248474725854,1.2806248474725854,0.6,0.0,0.0
12.9,1.2806248474736448,1.2806248474736448,0.6,0.0,0.0
12.91,1.280624847474648,1.280624847474648,0.6,0.0,0.0
12.92,1.2806248474756057,1.2806248474756057,0.6,0.0,0.0
12.93,1.280624847476522,1.280624847476522,0.6,0.0,0.0
12.94,1.2806248474773616,1.2806248474773616,0.6,0.0,0.0
12.950000000000001,1.2806248474781634,1.2806248474781634,0.6,0.0,0.0
12.96,1.2806248474789277,1.2806248474789277,0.6,0.0,0.0
12.97,1.2806248474796678,1.2806248474796678,0.6,0.0,0.0
12.98,1.2806248474803819,1.2806248474803819,0.6,0.0,0.0
12.99,1.2806248474810564,1.2806248474810564,0.6,0.0,0.0
13.0,1.2806248474816964,1.2806248474816964,0.6,0.0,0.0
13.01,1.2806248474823418,1.2806248474823418,0.6,0.0,0.0
13.02,1.2806248474829474,1.2806248474829474,0.6,0.0,0.0
13.030000000000001,1.2806248474834965,1.2806248474834965,0.6,0.0,0.0
13.040000000000001,1.2806248474839976,1.2806248474839976,0.6,0.0,0.0
13.05,1.280624847484458,1.280624847484458,0.6,0.0,0.0
13.06,1.2806248474848685,1.2806248474848685,0.6,0.0,0.0
13.07,1.2806248474852455,1.2806248474852455,0.6,0.0,0.0
13.08,1.2806248474855884,1.2806248474855884,0.6,0.0,0.0
13.09,1.280624847485907,1.280624847485907,0.6,0.0,0.0
13.1,1.2806248474861937,1.2806248474861937,0.6,0.0,0.0
13.11,1.2806248474864377,1.2806248474864377,0.6,0.0,0.0
13.120000000000001,1.2806248474866393,1.2806248474866393,0.6,0.0,0.0
13.13,1.2806248474868034,1.2806248474868034,0.6,0.0,0.0
13.14,1.2806248474869393,1.2806248474869393,0.6,0.0,0.0
13.15,1.2806248474870436,1.2806248474870436,0.6,0.0,0.0
13.16,1.2806248474871174,1.2806248474871174,0.6,0.0,0.0
13.17,1.2806248474871516,1.2806248474871516,0.6,0.0,0.0
13.18,1.2806248474871518,1.2806248474871518,0.6,0.0,0.0
13.19,1.2806248474871256,1.2806248474871256,0.6,0.0,0.0
13.200000000000001,1.2806248474870678,1.2806248474870678,0.6,0.0,0.0
13.21,1.2806248474869872,1.2806248474869872,0.6,0.0,0.0
13.22,1.2806248474859423,1.2806248474859423,0.6,0.0,0.0
13.23,1.2806248474840796,1.2806248474840796,0.6,0.0,0.0
13.24,1.280624847482244,1.280624847482244,0.6,0.0,0.0
13.25,1.2806248474804087,1.2806248474804087,0.6,0.0,0.0
13.26,1.2806248474785993,1.2806248474785993,0.6,0.0,0.0
13.27,1.2806248474768125,1.2806248474768125,0.6,0.0,0.0
13.280000000000001,1.280624847475046,1.280624847475046,0.6,0.0,0.0
13.290000000000001,1.2806248474733208,1.2806248474733208,0.6,0.0,0.0
13.3,1.2806248474716315,1.2806248474716315,0.6,0.0,0.0
13.31,1.2806248474699906,1.2806248474699906,0.6,0.0,0.0
13.32,1.2806248474683843,1.2806248474683843,0.6,0.0,0.0
13.33,1.2806248474668236,1.2806248474668236,0.6,0.0,0.0
13.34,1.2806248474653217,1.2806248474653217,0.6,0.0,0.0
13.35,1.2806248474638708,1.2806248474638708,0.6,0.0,0.0
13.36,1.2806248474624673,1.2806248474624673,0.6,0.0,0.0
13.370000000000001,1.2806248474611215,1.2806248474611215,0.6,0.0,0.0
13.38,1.2806248474598323,1.2806248474598323,0.6,0.0,0.0
13.39,1.2806248474585984,1.2806248474585984,0.6,0.0,0.0
13.4,1.2806248474574267,1.2806248474574267,0.6,0.0,0.0
13.41,1.280624847456314,1.280624847456314,0.6,0.0,0.0
13.42,1.2806248474552646,1.2806248474552646,0.6,0.0,0.0
13.43,1.2806248474542727,1.2806248474542727,0.6,0.0,0.0
13.44,1.2806248474533484,1.2806248474533484,0.6,0.0,0.0
13.450000000000001,1.2806248474524875,1.2806248474524875,0.6,0.0,0.0
13.46,1.280624847451687,1.280624847451687,0.6,0.0,0.0
13.47,1.28062484745095,1.28062484745095,0.6,0.0,0.0
13.48,1.280624847450283,1.280624847450283,0.6,0.0,0.0
13.49,1.2806248474496913,1.2806248474496913,0.6,0.0,0.0
13.5,1.2806248474491662,1.2806248474491662,0.6,0.0,0.0
13.51,1.2806248474487116,1.2806248474487116,0.6,0.0,0.0
13.52,1.280624847448325,1.280624847448325,0.6,0.0,0.0
13.530000000000001,1.280624847448013,1.280624847448013,0.6,0.0,0.0
13.540000000000001,1.2806248474477782,1.2806248474477782,0.6,0.0,0.0
13.55,1.280624847447612,1.280624847447612,0.6,0.0,0.0
13.56,1.2806248474475121,1.2806248474475121,0.6,0.0,0.0
13.57,1.2806248474474728,1.2806248474474728,0.6,0.0,0.0
13.58,1.2806248474474915,1.2806248474474915,0.6,0.0,0.0
13.59,1.2806248474475685,1.2806248474475685,0.6,0.0,0.0
13.6,1.280624847447697,1.280624847447697,0.6,0.0,0.0
13.61,1.2806248474478736,1.2806248474478736,0.6,0.0,0.0
13.620000000000001,1.2806248474481143,1.2806248474481143,0.6,0.0,0.0
13.63,1.2806248474484074,1.2806248474484074,0.6,0.0,0.0
13.64,1.2806248474487563,1.2806248474487563,0.6,0.0,0.0
13.65,1.2806248474491615,1.2806248474491615,0.6,0.0,0.0
13.66,1.2806248474496225,1.2806248474496225,0.6,0.0,0.0
13.67,1.2806248474501294,1.2806248474501294,0.6,0.0,0.0
13.68,1.2806248474506894,1.2806248474506894,0.6,0.0,0.0
13.69,1.2806248474512996,1.2806248474512996,0.6,0.0,0.0
13.700000000000001,1.280624847451945,1.280624847451945,0.6,0.0,0.0
13.71,1.2806248474526187,1.2806248474526187,0.6,0.0,0.0
13.72,1.2806248474533468,1.2806248474533468,0.6,0.0,0.0
13.73,1.2806248474541122,1.2806248474541122,0.6,0.0,0.0
13.74,1.2806248474549182,1.2806248474549182,0.6,0.0,0.0
13.75,1.280624847455744,1.280624847455744,0.6,0.0,0.0
13.76,1.2806248474565716,1.2806248474565716,0.6,0.0,0.0
13.77,1.280624847457424,1.280624847457424,0.6,0.0,0.0
13.780000000000001,1.280624847458305,1.280624847458305,0.6,0.0,0.0
13.790000000000001,1.2806248474592015,1.2806248474592015,0.6,0.0,0.0
13.8,1.2806248474601212,1.2806248474601212,0.6,0.0,0.0
13.81,1.2806248474610606,1.2806248474610606,0.6,0.0,0.0
13.82,1.280624847462021,1.280624847462021,0.6,0.0,0.0
13.83,1.280624847463009,1.280624847463009,0.6,0.0,0.0
13.84,1.2806248474640372,1.2806248474640372,0.6,0.0,0.0
13.85,1.2806248474651205,1.2806248474651205,0.6,0.0,0.0
13.86,1.2806248474662594,1.2806248474662594,0.6,0.0,0.0
13.870000000000001,1.2806248474674076,1.2806248474674076,0.6,0.0,0.0
13.88,1.280624847468571,1.280624847468571,0.6,0.0,0.0
13.89,1.2806248474697741,1.2806248474697741,0.6,0.0,0.0
13.9,1.2806248474710125,1.2806248474710125,0.6,0.0,0.0
13.91,1.2806248474722826,1.2806248474722826,0.6,0.0,0.0
13.92,1.2806248474735564,1.2806248474735564,0.6,0.0,0.0
13.93,1.280624847473728,1.280624847473728,0.6,0.0,0.0
13.94,1.2806248474739172,1.2806248474739172,0.6,0.0,0.0
13.950000000000001,1.2806248474741004,1.2806248474741004,0.6,0.0,0.0
13.96,1.2806248474742932,1.2806248474742932,0.6,0.0,0.0
13.97,1.2806248474744852,1.2806248474744852,0.6,0.0,0.0
13.98,1.2806248474746769,1.2806248474746769,0.6,0.0,0.0
13.99,1.2806248474749,1.2806248474749,0.6,0.0,0.0
14.0,1.2806248474751245,1.2806248474751245,0.6,0.0,0.0
14.01,1.280624847475361,1.280624847475361,0.6,0.0,0.0
14.02,1.2806248474756374,1.2806248474756374,0.6,0.0,0.0
14.030000000000001,1.280624847475931,1.280624847475931,0.6,0.0,0.0
14.040000000000001,1.2806248474762285,1.2806248474762285,0.6,0.0,0.0
14.05,1.2806248474765356,1.2806248474765356,0.6,0.0,0.0
14.06,1.2806248474768445,1.2806248474768445,0.6,0.0,0.0
14.07,1.2806248474771706,1.2806248474771706,0.6,0.0,0.0
14.08,1.2806248474775423,1.2806248474775423,0.6,0.0,0.0
14.09,1.2806248474779587,1.2806248474779587,0.6,0.0,0.0
14.1,1.2806248474784268,1.2806248474784268,0.6,0.0,0.0
14.11,1.280624847478934,1.280624847478934,0.6,0.0,0.0
14.120000000000001,1.2806248474794835,1.2806248474794835,0.6,0.0,0.0
14.13,1.2806248474800932,1.2806248474800932,0.6,0.0,0.0
14.14,1.2806248474807633,1.2806248474807633,0.6,0.0,0.0
14.15,1.2806248474814808,1.2806248474814808,0.6,0.0,0.0
14.16,1.280624847482229,1.280624847482229,0.6,0.0,0.0
14.17,1.2806248474830098,1.2806248474830098,0.6,0.0,0.0
14.18,1.2806248474838144,1.2806248474838144,0.6,0.0,0.0
14.19,1.280624847484647,1.280624847484647,0.6,0.0,0.0
14.200000000000001,1.2806248474855075,1.2806248474855075,0.6,0.0,0.0
14.21,1.2806248474863837,1.2806248474863837,0.6,0.0,0.0
14.22,1.2806248474872401,1.2806248474872401,0.6,0.0,0.0
14.23,1.280624847488102,1.280624847488102,0.6,0.0,0.0
14.24,1.2806248474889763,1.2806248474889763,0.6,0.0,0.0
14.25,1.2806248474898656,1.2806248474898656,0.6,0.0,0.0
14.26,1.2806248474907649,1.2806248474907649,0.6,0.0,0.0
14.27,1.2806248474916564,1.2806248474916564,0.6,0.0,0.0
14.280000000000001,1.2806248474925503,1.2806248474925503,0.6,0.0,0.0
14.290000000000001,1.280624847493433,1.280624847493433,0.6,0.0,0.0
14.3,1.2806248474942896,1.2806248474942896,0.6,0.0,0.0
14.31,1.2806248474951223,1.2806248474951223,0.6,0.0,0.0
14.32,1.280624847495927,1.280624847495927,0.6,0.0,0.0
14.33,1.2806248474967012,1.2806248474967012,0.6,0.0,0.0
14.34,1.280624847497455,1.280624847497455,0.6,0.0,0.0
14.35,1.2806248474981785,1.2806248474981785,0.6,0.0,0.0
14.36,1.280624847498887,1.280624847498887,0.6,0.0,0.0
14.370000000000001,1.2806248474995792,1.2806248474995792,0.6,0.0,0.0
14.38,1.2806248475002495,1.2806248475002495,0.6,0.0,0.0
14.39,1.2806248475008728,1.2806248475008728,0.6,0.0,0.0
14.4,1.2806248475014654,1.2806248475014654,0.6,0.0,0.0
14.41,1.2806248475020328,1.2806248475020328,0.6,0.0,0.0
14.42,1.2806248475025668,1.2806248475025668,0.6,0.0,0.0
14.43,1.280624847503056,1.280624847503056,0.6,0.0,0.0
14.44,1.280624847503524,1.280624847503524,0.6,0.0,0.0
14.450000000000001,1.2806248475039523,1.2806248475039523,0.6,0.0,0.0
14.46,1.2806248475043451,1.2806248475043451,0.6,0.0,0.0
14.47,1.2806248475047002,1.2806248475047002,0.6,0.0,0.0
14.48,1.2806248475050308,1.2806248475050308,0.6,0.0,0.0
14.49,1.2806248475053255,1.2806248475053255,0.6,0.0,0.0
14.5,1.280624847505583,1.280624847505583,0.6,0.0,0.0
14.51,1.280624847505797,1.280624847505797,0.6,0.0,0.0
14.52,1.2806248475059925,1.2806248475059925,0.6,0.0,0.0
14.530000000000001,1.2806248475061561,1.2806248475061561,0.6,0.0,0.0
14.540000000000001,1.2806248475062874,1.2806248475062874,0.6,0.0,0.0
14.55,1.2806248475063644,1.2806248475063644,0.6,0.0,0.0
14.56,1.2806248475064057,1.2806248475064057,0.6,0.0,0.0
14.57,1.28062484750642,1.28062484750642,0.6,0.0,0.0
14.58,1.2806248475064121,1.2806248475064121,0.6,0.0,0.0
14.59,1.2806248475058577,1.2806248475058577,0.6,0.0,0.0
14.6,1.2806248475052349,1.2806248475052349,0.6,0.0,0.0
14.61,1.2806248475046098,1.2806248475046098,0.6,0.0,0.0
14.620000000000001,1.280624847503984,1.280624847503984,0.6,0.0,0.0
14.63,1.280624847503363,1.280624847503363,0.6,0.0,0.0
14.64,1.2806248475027415,1.2806248475027415,0.6,0.0,0.0
14.65,1.2806248475021198,1.2806248475021198,0.6,0.0,0.0
14.66,1.2806248475015019,1.2806248475015019,0.6,0.0,0.0
14.67,1.2806248475008912,1.2806248475008912,0.6,0.0,0.0
14.68,1.2806248475002815,1.2806248475002815,0.6,0.0,0.0
14.69,1.2806248474996709,1.2806248474996709,0.6,0.0,0.0
14.700000000000001,1.2806248474990622,1.2806248474990622,0.6,0.0,0.0
14.71,1.2806248474984592,1.2806248474984592,0.6,0.0,0.0
14.72,1.2806248474978592,1.2806248474978592,0.6,0.0,0.0
14.73,1.2806248474972646,1.2806248474972646,0.6,0.0,0.0
14.74,1.2806248474966777,1.2806248474966777,0.6,0.0,0.0
14.75,1.2806248474961015,1.2806248474961015,0.6,0.0,0.0
14.76,1.2806248474955355,1.2806248474955355,0.6,0.0,0.0
14.77,1.28062484749498,1.28062484749498,0.6,0.0,0.0
14.780000000000001,1.28062484749443,1.28062484749443,0.6,0.0,0.0
14.790000000000001,1.280624847493891,1.280624847493891,0.6,0.0,0.0
14.8,1.2806248474933686,1.2806248474933686,0.6,0.0,0.0
14.81,1.2806248474928674,1.2806248474928674,0.6,0.0,0.0
14.82,1.2806248474923865,1.2806248474923865,0.6,0.0,0.0
14.83,1.2806248474919255,1.2806248474919255,0.6,0.0,0.0
14.84,1.2806248474914845,1.2806248474914845,0.6,0.0,0.0
14.85,1.280624847491064,1.280624847491064,0.6,0.0,0.0
14.86,1.2806248474906634,1.2806248474906634,0.6,0.0,0.0
14.870000000000001,1.2806248474902826,1.2806248474902826,0.6,0.0,0.0
14.88,1.28062484748992,1.28062484748992,0.6,0.0,0.0
14.89,1.2806248474895758,1.2806248474895758,0.6,0.0,0.0
14.9,1.2806248474892508,1.2806248474892508,0.6,0.0,0.0
14.91,1.280624847488944,1.280624847488944,0.6,0.0,0.0
14.92,1.2806248474886555,1.2806248474886555,0.6,0.0,0.0
14.93,1.280624847488386,1.280624847488386,0.6,0.0,0.0
14.94,1.280624847488134,1.280624847488134,0.6,0.0,0.0
14.950000000000001,1.2806248474879,1.2806248474879,0.6,0.0,0.0
14.96,1.2806248474876845,1.2806248474876845,0.6,0.0,0.0
14.97,1.280624847487488,1.280624847487488,0.6,0.0,0.0
14.98,1.280624847487309,1.280624847487309,0.6,0.0,0.0
14.99,1.2806248474871473,1.2806248474871473,0.6,0.0,0.0
15.0,1.280624847487003,1.280624847487003,0.6,0.0,0.0
15.01,1.2806248474868753,1.2806248474868753,0.6,0.0,0.0
15.02,1.2806248474867634,1.2806248474867634,0.6,0.0,0.0
15.030000000000001,1.2806248475490758,1.2806248475490758,0.6,0.0,0.0
15.040000000000001,1.2806248479479359,1.2806248479479359,0.6,0.0,0.0
15.05,1.2806248492761192,1.2806248492761192,0.6,0.0,0.0
15.06,1.280624852274655,1.280624852274655,0.6,0.0,0.0
15.07,1.2806248577499975,1.2806248577499975,0.6,0.0,0.0
15.08,1.2806248664862212,1.2806248664862212,0.6,0.0,0.0
15.09,1.2806248791742967,1.2806248791742967,0.6,0.0,0.0
15.1,1.280624896328959,1.280624896328959,0.6,0.0,0.0
15.11,1.2806249182344642,1.2806249182344642,0.6,0.0,0.0
15.120000000000001,1.2806249448747882,1.2806249448747882,0.6,0.0,0.0
15.13,1.2806249758698394,1.2806249758698394,0.6,0.0,0.0
15.14,1.2806250104325232,1.2806250104325232,0.6,0.0,0.0
15.15,1.2806250473104295,1.2806250473104295,0.6,0.0,0.0
15.16,1.2806250847297245,1.2806250847297245,0.6,0.0,0.0
15.17,1.2806251203657895,1.2806251203657895,0.6,0.0,0.0
15.18,1.2806251512978757,1.2806251512978757,0.6,0.0,0.0
15.19,1.280625173949338,1.280625173949338,0.6,0.0,0.0
15.200000000000001,1.2806251840876983,1.2806251840876983,0.6,0.0,0.0
15.21,1.280625176448118,1.280625176448118,0.6,0.0,0.0
15.22,1.2806251458981415,1.2806251458981415,0.6,0.0,0.0
15.23,1.2806250857157138,1.2806250857157138,0.6,0.0,0.0
15.24,1.2806249888128691,1.2806249888128691,0.6,0.0,0.0
15.25,1.2806248463814494,1.2806248463814494,0.6,0.0,0.0
15.26,1.2806242744103808,1.2806242744103808,0.6,0.0,0.0
15.27,1.2806235171475868,1.2806235171475868,0.6,0.0,0.0
15.280000000000001,1.280622527387543,1.280622527387543,0.6,0.0,0.0
15.290000000000001,1.2806213024004935,1.2806213024004935,0.6,0.0,0.0
15.3,1.280619792253661,1.280619792253661,0.6,0.0,0.0
15.31,1.2806179587290623,1.2806179587290623,0.6,0.0,0.0
15.32,1.2806157610849562,1.2806157610849562,0.6,0.0,0.0
15.33,1.2806131561240366,1.2806131561240366,0.6,0.0,0.0
15.34,1.2806100981715864,1.2806100981715864,0.6,0.0,0.0
15.35,1.280606524566913,1.280606524566913,0.6,0.0,0.0
15.36,1.2806024122610646,1.2806024122610646,0.6,0.0,0.0
15.370000000000001,1.2805976950107325,1.2805976950107325,0.6,0.0,0.0
15.38,1.2805923174080394,1.2805923174080394,0.6,0.0,0.0
15.39,1.2805862216978563,1.2805862216978563,0.6,0.0,0.0
15.4,1.2805793478684127,1.2805793478684127,0.6,0.0,0.0
15.41,1.2805716336528286,1.2805716336528286,0.6,0.0,0.0
15.42,1.2805630146173215,1.2805630146173215,0.6,0.0,0.0
15.43,1.2805534242173024,1.2805534242173024,0.6,0.0,0.0
15.44,1.2805427938614589,1.2805427938614589,0.6,0.0,0.0
15.450000000000001,1.2805310353536599,1.2805310353536599,0.6,0.0,0.0
15.46,1.2805181104298267,1.2805181104298267,0.6,0.0,0.0
15.47,1.2805039281470665,1.2805039281470665,0.6,0.0,0.0
15.48,1.2804883913262393,1.2804883913262393,0.6,0.0,0.0
15.49,1.2804714632544854,1.2804714632544854,0.6,0.0,0.0
15.5,1.280453045358284,1.280453045358284,0.6,0.0,0.0
15.51,1.2804330565252753,1.2804330565252753,0.6,0.0,0.0
15.52,1.2804113904209942,1.2804113904209942,0.6,0.0,0.0
15.530000000000001,1.2803880110166908,1.2803880110166908,0.6,0.0,0.0
15.540000000000001,1.2803628105897904,1.2803628105897904,0.6,0.0,0.0
15.55,1.280335703476585,1.280335703476585,0.6,0.0,0.0
15.56,1.2803066029991492,1.2803066029991492,0.6,0.0,0.0
15.57,1.2802754215360665,1.2802754215360665,0.6,0.0,0.0
15.58,1.2802420707555446,1.2802420707555446,0.6,0.0,0.0
15.59,1.280206461524358,1.280206461524358,0.6,0.0,0.0
15.6,1.2801685041321662,1.2801685041321662,0.6,0.0,0.0
15.610000000000001,1.2801281083581029,1.2801281083581029,0.6,0.0,0.0
15.620000000000001,1.2800851835710674,1.2800851835710674,0.6,0.0,0.0
15.63,1.2800396388284405,1.2800396388284405,0.6,0.0,0.0
15.64,1.2799913829742127,1.2799913829742127,0.6,0.0,0.0
15.65,1.2799403247392471,1.2799403247392471,0.6,0.0,0.0
15.66,1.2798863727758185,1.2798863727758185,0.6,0.0,0.0
15.67,1.2798294359690026,1.2798294359690026,0.6,0.0,0.0
15.68,1.2797693793075127,1.2797693793075127,0.6,0.0,0.0
15.69,1.279706198502868,1.279706198502868,0.6,0.0,0.0
15.700000000000001,1.279639759764047,1.279639759764047,0.6,0.0,0.0
15.71,1.279569974678707,1.279569974678707,0.6,0.0,0.0
15.72,1.279496752965245,1.279496752965245,0.6,0.0,0.0
15.73,1.2794200057700535,1.2794200057700535,0.6,0.0,0.0
15.74,1.2793396448346388,1.2793396448346388,0.6,0.0,0.0
15.75,1.2792555286992222,1.2792555286992222,0.6,0.0,0.0
15.76,1.27916767800968,1.27916767800968,0.6,0.0,0.0
15.77,1.279075895474726,1.279075895474726,0.6,0.0,0.0
15.780000000000001,1.2789802125971488,1.2789802125971488,0.6,0.0,0.0
15.790000000000001,1.2788804883937723,1.2788804883937723,0.6,0.0,0.0
15.8,1.2787766404645668,1.2787766404645668,0.6,0.0,0.0
15.81,1.2786685876121535,1.2786685876121535,0.6,0.0,0.0
15.82,1.2785562498917242,1.2785562498917242,0.6,0.0,0.0
15.83,1.2784395486780007,1.2784395486780007,0.6,0.0,0.0
15.84,1.2783184067180589,1.2783184067180589,0.6,0.0,0.0
15.85,1.2781927481832893,1.2781927481832893,0.6,0.0,0.0
15.860000000000001,1.2780624987121092,1.2780624987121092,0.6,0.0,0.0
15.870000000000001,1.2779275854760428,1.2779275854760428,0.6,0.0,0.0
15.88,1.2777879372156105,1.2777879372156105,0.6,0.0,0.0
15.89,1.2776434836417152,1.2776434836417152,0.6,0.0,0.0
15.9,1.2774941579096863,1.2774941579096863,0.6,0.0,0.0
15.91,1.2773398930676487,1.2773398930676487,0.6,0.0,0.0
15.92,1.2771806244422823,1.2771806244422823,0.6,0.0,0.0
15.93,1.2770162890942434,1.2770162890942434,0.6,0.0,0.0
15.94,1.2768468193165765,1.2768468193165765,0.6,0.0,0.0
15.950000000000001,1.2766721379022976,1.2766721379022976,0.6,0.0,0.0
15.96,1.276492242052495,1.276492242052495,0.6,0.0,0.0
15.97,1.2763070454439451,1.2763070454439451,0.6,0.0,0.0
15.98,1.2761164921116963,1.2761164921116963,0.6,0.0,0.0
15.99,1.2759205338319357,1.2759205338319357,0.6,0.0,0.0
16.0,1.2757191183019767,1.2757191183019767,0.6,0.0,0.0
16.01,1.2755121969958982,1.2755121969958982,0.6,0.0,0.0
16.02,1.2752997210145949,1.2752997210145949,0.6,0.0,0.0
16.03,1.2750816477070646,1.2750816477070646,0.6,0.0,0.0
16.04,1.2748579361792187,1.2748579361792187,0.6,0.0,0.0
16.05,1.2746285430872255,1.2746285430872255,0.6,0.0,0.0
16.06,1.2743934290434862,1.2743934290434862,0.6,0.0,0.0
16.07,1.2741525564533178,1.2741525564533178,0.6,0.0,0.0
16.080000000000002,1.273905887462582,1.273905887462582,0.6,0.0,0.0
16.09,1.2736533719561698,1.2736533719561698,0.6,0.0,0.0
16.1,1.2733948843235687,1.2733948843235687,0.6,0.0,0.0
16.11,1.2731304916049113,1.2731304916049113,0.6,0.0,0.0
16.12,1.2728601670634923,1.2728601670634923,0.6,0.0,0.0
16.13,1.2725838886872458,1.2725838886872458,0.6,0.0,0.0
16.14,1.2723016353585725,1.2723016353585725,0.6,0.0,0.0
16.15,1.2720135472502778,1.2720135472502778,0.6,0.0,0.0
16.16,1.271719440097847,1.271719440097847,0.6,0.0,0.0
16.17,1.2714192931346198,1.2714192931346198,0.6,0.0,0.0
16.18,1.2711130871372756,1.2711130871372756,0.6,0.0,0.0
16.19,1.2708008043747712,1.2708008043747712,0.6,0.0,0.0
16.2,1.2704824285727303,1.2704824285727303,0.6,0.0,0.0
16.21,1.270157944877194,1.270157944877194,0.6,0.0,0.0
16.22,1.269827339144888,1.269827339144888,0.6,0.0,0.0
16.23,1.2694906005924402,1.2694906005924402,0.6,0.0,0.0
16.240000000000002,1.2691477170727978,1.2691477170727978,0.6,0.0,0.0
16.25,1.2687986803556337,1.2687986803556337,0.6,0.0,0.0
16.26,1.2684434807998965,1.2684434807998965,0.6,0.0,0.0
16.27,1.268082112565798,1.268082112565798,0.6,0.0,0.0
16.28,1.2677145690102878,1.2677145690102878,0.6,0.0,0.0
16.29,1.2673408452366808,1.2673408452366808,0.6,0.0,0.0
16.3,1.2669609374090196,1.2669609374090196,0.6,0.0,0.0
16.31,1.2665748427097552,1.2665748427097552,0.6,0.0,0.0
16.32,1.2661825592955545,1.2661825592955545,0.6,0.0,0.0
16.330000000000002,1.2657840862553873,1.2657840862553873,0.6,0.0,0.0
16.34,1.265379423567386,1.265379423567386,0.6,0.0,0.0
16.35,1.2649685720581825,1.2649685720581825,0.6,0.0,0.0
16.36,1.264551533360305,1.264551533360305,0.6,0.0,0.0
16.37,1.2641283098706033,1.2641283098706033,0.6,0.0,0.0
16.38,1.2636989047070655,1.2636989047070655,0.6,0.0,0.0
16.39,1.263263321673208,1.263263321673208,0.6,0.0,0.0
16.4,1.2628215645613183,1.2628215645613183,0.6,0.0,0.0
16.41,1.2623736397058143,1.2623736397058143,0.6,0.0,0.0
16.42,1.261919551415038,1.261919551415038,0.6,0.0,0.0
16.43,1.2614593071165834,1.2614593071165834,0.6,0.0,0.0
16.44,1.260992912114158,1.260992912114158,0.6,0.0,0.0
16.45,1.260520374779025,1.260520374779025,0.6,0.0,0.0
16.46,1.2600417019257497,1.2600417019257497,0.6,0.0,0.0
16.47,1.2595569013974945,1.2595569013974945,0.6,0.0,0.0
16.48,1.2590659813805696,1.2590659813805696,0.6,0.0,0.0
16.490000000000002,1.2585689503685762,1.2585689503685762,0.6,0.0,0.0
16.5,1.2580658171302967,1.2580658171302967,0.6,0.0,0.0
16.51,1.257556590676747,1.257556590676747,0.6,0.0,0.0
16.52,1.2570412802306985,1.2570412802306985,0.6,0.0,0.0
16.53,1.2565198951977488,1.2565198951977488,0.6,0.0,0.0
16.54,1.255992445136379,1.255992445136379,0.6,0.0,0.0
16.55,1.2554589397318692,1.2554589397318692,0.6,0.0,0.0
16.56,1.2549193887719872,1.2549193887719872,0.6,0.0,0.0
16.57,1.2543736440222328,1.2543736440222328,0.6,0.0,0.0
16.580000000000002,1.2538218839715525,1.2538218839715525,0.6,0.0,0.0
16.59,1.253264122428044,1.253264122428044,0.6,0.0,0.0
16.6,1.2527004349339663,1.2527004349339663,0.6,0.0,0.0
16.61,1.2521307703550772,1.2521307703550772,0.6,0.0,0.0
16.62,1.25155513377812,1.25155513377812,0.6,0.0,0.0
16.63,1.2509735420040748,1.2509735420040748,0.6,0.0,0.0
16.64,1.2503859838146651,1.2503859838146651,0.6,0.0,0.0
16.65,1.24979246892734,1.24979246892734,0.6,0.0,0.0
16.66,1.2491930069641013,1.2491930069641013,0.6,0.0,0.0
16.67,1.2485876052339668,1.2485876052339668,0.6,0.0,0.0
16.68,1.2479762775324688,1.2479762775324688,0.6,0.0,0.0
16.69,1.2473590309093294,1.2473590309093294,0.6,0.0,0.0
16.7,1.2467358744763528,1.2467358744763528,0.6,0.0,0.0
16.71,1.2461068171945857,1.2461068171945857,0.6,0.0,0.0
16.72,1.245471867866966,1.245471867866966,0.6,0.0,0.0
16.73,1.2448310328337817,1.2448310328337817,0.6,0.0,0.0
16.740000000000002,1.2441843251373748,1.2441843251373748,0.6,0.0,0.0
16.75,1.2435317507957646,1.2435317507957646,0.6,0.0,0.0
16.76,1.2428733179382192,1.2428733179382192,0.6,0.0,0.0
16.77,1.2422090345016459,1.2422090345016459,0.6,0.0,0.0
16.78,1.2415383197537764,1.2415383197537764,0.6,0.0,0.0
16.79,1.2408618548608055,1.2408618548608055,0.6,0.0,0.0
16.8,1.240179593365523,1.240179593365523,0.6,0.0,0.0
16.81,1.2394915435814728,1.2394915435814728,0.6,0.0,0.0
16.82,1.2387976727625827,1.2387976727625827,0.6,0.0,0.0
16.830000000000002,1.2380979546118227,1.2380979546118227,0.6,0.0,0.0
16.84,1.2373923945221665,1.2373923945221665,0.6,0.0,0.0
16.85,1.2366810225020404,1.2366810225020404,0.6,0.0,0.0
16.86,1.2359638622999831,1.2359638622999831,0.6,0.0,0.0
16.87,1.235241472472273,1.235241472472273,0.6,0.0,0.0
16.88,1.2345133078567092,1.2345133078567092,0.6,0.0,0.0
16.89,1.2337793745655021,1.2337793745655021,0.6,0.0,0.0
16.9,1.2330396785842108,1.2330396785842108,0.6,0.0,0.0
16.91,1.2322942257792646,1.2322942257792646,0.6,0.0,0.0
16.92,1.231543021921503,1.231543021921503,0.6,0.0,0.0
16.93,1.2307860703667726,1.2307860703667726,0.6,0.0,0.0
16.94,1.230023378935972,1.230023378935972,0.6,0.0,0.0
16.95,1.2292549530944756,1.2292549530944756,0.6,0.0,0.0
16.96,1.2284808004777084,1.2284808004777084,0.6,0.0,0.0
16.97,1.2277009241844594,1.2277009241844594,0.6,0.0,0.0
16.98,1.2269153295132877,1.2269153295132877,0.6,0.0,0.0
16.990000000000002,1.2261240217297762,1.2261240217297762,0.6,0.0,0.0
17.0,1.225327006079893,1.225327006079893,0.6,0.0,0.0
17.01,1.224524287804107,1.224524287804107,0.6,0.0,0.0
17.02,1.22371587214968,1.22371587214968,0.6,0.0,0.0
17.03,1.22290176438405,1.22290176438405,0.6,0.0,0.0
17.04,1.2220819698089738,1.2220819698089738,0.6,0.0,0.0
17.05,1.2212564937729047,1.2212564937729047,0.6,0.0,0.0
17.06,1.2204253416859008,1.2204253416859008,0.6,0.0,0.0
17.07,1.2195885190332176,1.2195885190332176,0.6,0.0,0.0
17.080000000000002,1.2187460313892833,1.2187460313892833,0.6,0.0,0.0
17.09,1.2178978844313562,1.2178978844313562,0.6,0.0,0.0
17.1,1.2170440839527379,1.2170440839527379,0.6,0.0,0.0
17.11,1.2161846358765191,1.2161846358765191,0.6,0.0,0.0
17.12,1.2153195462692596,1.2153195462692596,0.6,0.0,0.0
17.13,1.2144488213563536,1.2144488213563536,0.6,0.0,0.0
17.14,1.2135724675327129,1.2135724675327129,0.6,0.0,0.0
17.150000000000002,1.2126904913772942,1.2126904913772942,0.6,0.0,0.0
17.16,1.2118028996655463,1.2118028996655463,0.6,0.0,0.0
17.17,1.2109096993821031,1.2109096993821031,0.6,0.0,0.0
17.18,1.2100108977346489,1.2100108977346489,0.6,0.0,0.0
17.19,1.2091065021652396,1.2091065021652396,0.6,0.0,0.0
17.2,1.2081965203622749,1.2081965203622749,0.6,0.0,0.0
17.21,1.2072809602726737,1.2072809602726737,0.6,0.0,0.0
17.22,1.2063598301125467,1.2063598301125467,0.6,0.0,0.0
17.23,1.2054331383799306,1.2054331383799306,0.6,0.0,0.0
17.240000000000002,1.2045008938646968,1.2045008938646968,0.6,0.0,0.0
17.25,1.203563105659067,1.203563105659067,0.6,0.0,0.0
17.26,1.202619783167799,1.202619783167799,0.6,0.0,0.0
17.27,1.2016709361180118,1.2016709361180118,0.6,0.0,0.0
17.28,1.2007165745692803,1.2007165745692803,0.6,0.0,0.0
17.29,1.199756708922213,1.199756708922213,0.6,0.0,0.0
17.3,1.198791349926443,1.198791349926443,0.6,0.0,0.0
17.31,1.197820506472183,1.197820506472183,0.6,0.0,0.0
17.32,1.1968441944538948,1.1968441944538948,0.6,0.0,0.0
17.330000000000002,1.195862423517836,1.195862423517836,0.6,0.0,0.0
17.34,1.1948752058932013,1.1948752058932013,0.6,0.0,0.0
17.35,1.1938825541962454,1.1938825541962454,0.6,0.0,0.0
17.36,1.192884481437216,1.192884481437216,0.6,0.0,0.0
17.37,1.1918810010260332,1.1918810010260332,0.6,0.0,0.0
17.38,1.1908721267776907,1.1908721267776907,0.6,0.0,0.0
17.39,1.1898578729177973,1.1898578729177973,0.6,0.0,0.0
17.400000000000002,1.1888382540890121,1.1888382540890121,0.6,0.0,0.0
17.41,1.1878132853532517,1.1878132853532517,0.6,0.0,0.0
17.42,1.186782982191851,1.186782982191851,0.6,0.0,0.0
17.43,1.1857469165492247,1.1857469165492247,0.6,0.0,0.0
17.44,1.1847054918195334,1.1847054918195334,0.6,0.0,0.0
17.45,1.1836587663636569,1.1836587663636569,0.6,0.0,0.0
17.46,1.182606837455047,1.182606837455047,0.6,0.0,0.0
17.47,1.1815496577166351,1.1815496577166351,0.6,0.0,0.0
17.48,1.180487286187277,1.180487286187277,0.6,0.0,0.0
17.490000000000002,1.1794197117846243,1.1794197117846243,0.6,0.0,0.0
17.5,1.1783469396830233,1.1783469396830233,0.6,0.0,0.0
17.51,1.1772689813635073,1.1772689813635073,0.6,0.0,0.0
17.52,1.1761858554983575,1.1761858554983575,0.6,0.0,0.0
17.53,1.1750975825065182,1.1750975825065182,0.6,0.0,0.0
17.54,1.1740041837544397,1.1740041837544397,0.6,0.0,0.0
17.55,1.1729056817721255,1.1729056817721255,0.6,0.0,0.0
17.56,1.1718020997823255,1.1718020997823255,0.6,0.0,0.0
17.57,1.1706934617825047,1.1706934617825047,0.6,0.0,0.0
17.580000000000002,1.1695797923716404,1.1695797923716404,0.6,0.0,0.0
17.59,1.168461116393923,1.168461116393923,0.6,0.0,0.0
17.6,1.1673374591992443,1.1673374591992443,0.6,0.0,0.0
17.61,1.1662088462719797,1.1662088462719797,0.6,0.0,0.0
17.62,1.16507580658715,1.16507580658715,0.6,0.0,0.0
17.63,1.1639378595758252,1.1639378595758252,0.6,0.0,0.0
17.64,1.1627950303917554,1.1627950303917554,0.6,0.0,0.0
17.650000000000002,1.1616473425731408,1.1616473425731408,0.6,0.0,0.0
17.66,1.1604948241603903,1.1604948241603903,0.6,0.0,0.0
17.67,1.1593375035337972,1.1593375035337972,0.6,0.0,0.0
17.68,1.1581754054448987,1.1581754054448987,0.6,0.0,0.0
17.69,1.1570085570623845,1.1570085570623845,0.6,0.0,0.0
17.7,1.1558369859456137,1.1558369859456137,0.6,0.0,0.0
17.71,1.1546607200397785,1.1546607200397785,0.6,0.0,0.0
17.72,1.1534797876722083,1.1534797876722083,0.6,0.0,0.0
17.73,1.1522942175485316,1.1522942175485316,0.6,0.0,0.0
17.740000000000002,1.151104038748731,1.151104038748731,0.6,0.0,0.0
17.75,1.1499092807225946,1.1499092807225946,0.6,0.0,0.0
17.76,1.148709973285828,1.148709973285828,0.6,0.0,0.0
17.77,1.1475061466158918,1.1475061466158918,0.6,0.0,0.0
17.78,1.146297831247419,1.146297831247419,0.6,0.0,0.0
17.79,1.1450850580678917,1.1450850580678917,0.6,0.0,0.0
17.8,1.1438678583135673,1.1438678583135673,0.6,0.0,0.0
17.81,1.142646263565184,1.142646263565184,0.6,0.0,0.0
17.82,1.1414203057432992,1.1414203057432992,0.6,0.0,0.0
17.830000000000002,1.1401900171041481,1.1401900171041481,0.6,0.0,0.0
17.84,1.1389554302353733,1.1389554302353733,0.6,0.0,0.0
17.85,1.137716578052112,1.137716578052112,0.6,0.0,0.0
17.86,1.1364734937922998,1.1364734937922998,0.6,0.0,0.0
17.87,1.1352262110129057,1.1352262110129057,0.6,0.0,0.0
17.88,1.1339747635855861,1.1339747635855861,0.6,0.0,0.0
17.89,1.1327191856927277,1.1327191856927277,0.6,0.0,0.0
17.900000000000002,1.1314595118235464,1.1314595118235464,0.6,0.0,0.0
17.91,1.1301957767702833,1.1301957767702833,0.6,0.0,0.0
17.92,1.128928015624613,1.128928015624613,0.6,0.0,0.0
17.93,1.127656263773816,1.127656263773816,0.6,0.0,0.0
17.94,1.1263805568970207,1.1263805568970207,0.6,0.0,0.0
17.95,1.125100930961887,1.125100930961887,0.6,0.0,0.0
17.96,1.1238174222214252,1.1238174222214252,0.6,0.0,0.0
17.97,1.1225300672103988,1.1225300672103988,0.6,0.0,0.0
17.98,1.121238902742534,1.121238902742534,0.6,0.0,0.0
17.990000000000002,1.1199439659074535,1.1199439659074535,0.6,0.0,0.0
18.0,1.1186452940675853,1.1186452940675853,0.6,0.0,0.0
18.01,1.1173429248557305,1.1173429248557305,0.6,0.0,0.0
18.02,1.1160368961721272,1.1160368961721272,0.6,0.0,0.0
18.03,1.1147272461820714,1.1147272461820714,0.6,0.0,0.0
18.04,1.113414013313634,1.113414013313634,0.6,0.0,0.0
18.05,1.1120972362554473,1.1120972362554473,0.6,0.0,0.0
18.06,1.1107769539544865,1.1107769539544865,0.6,0.0,0.0
18.07,1.1094532056140252,1.1094532056140252,0.6,0.0,0.0
18.080000000000002,1.1081260306920284,1.1081260306920284,0.6,0.0,0.0
18.09,1.1067954688998167,1.1067954688998167,0.6,0.0,0.0
18.1,1.1054615601997373,1.1054615601997373,0.6,0.0,0.0
18.11,1.1041243448042775,1.1041243448042775,0.6,0.0,0.0
18.12,1.102783863174632,1.102783863174632,0.6,0.0,0.0
18.13,1.1014401560197522,1.1014401560197522,0.6,0.0,0.0
18.14,1.100093264295094,1.100093264295094,0.6,0.0,0.0
18.150000000000002,1.0987432292018855,1.0987432292018855,0.6,0.0,0.0
18.16,1.0973900921863504,1.0973900921863504,0.6,0.0,0.0
18.17,1.0960338949390884,1.0960338949390884,0.6,0.0,0.0
18.18,1.0946746793946596,1.0946746793946596,0.6,0.0,0.0
18.19,1.0933124877313432,1.0933124877313432,0.6,0.0,0.0
18.2,1.0919473623707698,1.0919473623707698,0.6,0.0,0.0
18.21,1.090579345977755,1.090579345977755,0.6,0.0,0.0
18.22,1.0892084814600484,1.0892084814600484,0.6,0.0,0.0
18.23,1.0878348119688723,1.0878348119688723,0.6,0.0,0.0
18.240000000000002,1.086458380898912,1.086458380898912,0.6,0.0,0.0
18.25,1.0850792318891438,1.0850792318891438,0.6,0.0,0.0
18.26,1.083697408822743,1.083697408822743,0.6,0.0,0.0
18.27,1.0823129558278228,1.0823129558278228,0.6,0.0,0.0
18.28,1.0809259172778738,1.0809259172778738,0.6,0.0,0.0
18.29,1.0795363377928076,1.0795363377928076,0.6,0.0,0.0
18.3,1.0781442622392234,1.0781442622392234,0.6,0.0,0.0
18.31,1.0767497357318894,1.0767497357318894,0.6,0.0,0.0
18.32,1.075352803634526,1.075352803634526,0.6,0.0,0.0
18.330000000000002,1.0739535115606222,1.0739535115606222,0.6,0.0,0.0
18.34,1.072551905374418,1.072551905374418,0.6,0.0,0.0
18.35,1.071148031192729,1.071148031192729,0.6,0.0,0.0
18.36,1.0697419353855102,1.0697419353855102,0.6,0.0,0.0
18.37,1.068333664577272,1.068333664577272,0.6,0.0,0.0
18.38,1.0669232656485388,1.0669232656485388,0.6,0.0,0.0
18.39,1.0655107857371036,1.0655107857371036,0.6,0.0,0.0
18.400000000000002,1.0640962722398262,1.0640962722398262,0.6,0.0,0.0
18.41,1.0626797728135255,1.0626797728135255,0.6,0.0,0.0
18.42,1.061261335376793,1.061261335376793,0.6,0.0,0.0
18.43,1.0598410081113194,1.0598410081113194,0.6,0.0,0.0
18.44,1.0584188394634564,1.0584188394634564,0.6,0.0,0.0
18.45,1.056994878145689,1.056994878145689,0.6,0.0,0.0
18.46,1.0555691731385444,1.0555691731385444,0.6,0.0,0.0
18.47,1.0541417736920589,1.0541417736920589,0.6,0.0,0.0
18.48,1.0527127293270984,1.0527127293270984,0.6,0.0,0.0
18.490000000000002,1.051282089837009,1.051282089837009,0.6,0.0,0.0
18.5,1.049849905289159,1.049849905289159,0.6,0.0,0.0
18.51,1.0484162260264354,1.0484162260264354,0.6,0.0,0.0
18.52,1.0469810129120265,1.0469810129120265,0.6,0.0,0.0
18.53,1.0455442330779046,1.0455442330779046,0.6,0.0,0.0
18.54,1.0441063788093985,1.0441063788093985,0.6,0.0,0.0
18.55,1.0426672340000824,1.0426672340000824,0.6,0.0,0.0
18.56,1.0412268503864897,1.0412268503864897,0.6,0.0,0.0
18.57,1.0397851306028174,1.0397851306028174,0.6,0.0,0.0
18.580000000000002,1.0383421819189986,1.0383421819189986,0.6,0.0,0.0
18.59,1.0368981549378948,1.0368981549378948,0.6,0.0,0.0
18.6,1.035453105590949,1.035453105590949,0.6,0.0,0.0
18.61,1.0340070884582602,1.0340070884582602,0.6,0.0,0.0
18.62,1.0325601571940748,1.0325601571940748,0.6,0.0,0.0
18.63,1.031112365421407,1.031112365421407,0.6,0.0,0.0
18.64,1.0296637670806699,1.0296637670806699,0.6,0.0,0.0
18.650000000000002,1.028214416428207,1.028214416428207,0.6,0.0,0.0
18.66,1.0267643680188416,1.0267643680188416,0.6,0.0,0.0
18.67,1.0253136767331812,1.0253136767331812,0.6,0.0,0.0
18.68,1.023862397769645,1.023862397769645,0.6,0.0,0.0
18.69,1.022410586633449,1.022410586633449,0.6,0.0,0.0
18.7,1.0209582991353983,1.0209582991353983,0.6,0.0,0.0
18.71,1.019214176571628,1.019214176571628,0.6,0.0,0.0
18.72,1.0157445737396542,1.0157445737396542,0.6,0.0,0.0
18.73,1.0122693987890194,1.0122693987890194,0.6,0.0,0.0
18.740000000000002,1.008788725426144,1.008788725426144,0.6,0.0,0.0
18.75,1.0053026279692345,1.0053026279692345,0.6,0.0,0.0
18.76,1.001811181166116,1.001811181166116,0.6,0.0,0.0
18.77,0.9983144604722235,0.9983144604722235,0.6,0.0,0.0
18.78,0.9948125416995165,0.9948125416995165,0.6,0.0,0.0
18.79,0.9913055012470093,0.9913055012470093,0.6,0.0,0.0
18.8,0.9877934162226473,0.9877934162226473,0.6,0.0,0.0
18.81,0.984276364192366,0.984276364192366,0.6,0.0,0.0
18.82,0.9807544231893258,0.9807544231893258,0.6,0.0,0.0
18.830000000000002,0.9772276720219091,0.9772276720219091,0.6,0.0,0.0
18.84,0.9736961899681017,0.9736968375782585,0.6,0.0,0.0
18.85,0.9701600569256491,0.97016089058032,0.6,0.0,0.0
18.86,0.9666193535690002,0.9666195564158001,0.6,0.0,0.0
18.87,0.9630741608492385,0.9630727044421911,0.6,0.0,0.0
18.88,0.9595245605359176,0.9595203205119941,0.6,0.0,0.0
18.89,0.955970635162848,0.9559624948287395,0.6,0.0,0.0
18.900000000000002,0.952412467551888,0.9523994167651925,0.6,0.0,0.0
18.91,0.9488501416483436,0.9488313735595835,0.6,0.0,0.0
18.92,0.9452837415413151,0.94525874787035,0.6,0.0,0.0
18.93,0.9417133525443055,0.9416820150587837,0.6,0.0,0.0
18.94,0.9381390602593409,0.9381017417961287,0.6,0.0,0.0
18.95,0.9345609512760243,0.9345185834359212,0.6,0.0,0.0
18.96,0.9309791127106364,0.9309332810766463,0.6,0.0,0.0
18.97,0.9273936322096795,0.9273466588300527,0.6,0.0,0.0
18.98,0.9238045984604912,0.923759621247705,0.6,0.0,0.0
18.990000000000002,0.9202121009041927,0.9201731488007042,0.6,0.0,0.0
19.0,0.9166162294735009,0.916588299606567,0.6,0.0,0.0
19.01,0.9130170752813901,0.9130061970823332,0.6,0.0,0.0
19.02,0.9094147296466294,0.9094280326885487,0.6,0.0,0.0
19.03,0.9058092853931351,0.9058550600577647,0.6,0.0,0.0
19.04,0.9022008354306303,0.9022885910403824,0.6,0.0,0.0
19.05,0.8985894737923534,0.8987299913347706,0.6,0.0,0.0
19.06,0.894975295511225,0.8951806760930873,0.6,0.0,0.0
19.07,0.8913583965539029,0.8916421053623111,0.6,0.0,0.0
19.080000000000002,0.887738873500031,0.888115779412503,0.6,0.0,0.0
19.09,0.8841168235584423,0.8846032339620264,0.6,0.0,0.0
19.1,0.8804923453801653,0.8811060353156673,0.6,0.0,0.0
19.11,0.8768655384106567,0.8776257754298338,0.6,0.0,0.0
19.12,0.8732365028534739,0.8741640669220447,0.6,0.0,0.0
19.13,0.8696050182210673,0.8707225380349254,0.6,0.0,0.0
19.14,0.8659717590445095,0.8673028275825692,0.6,0.0,0.0
19.150000000000002,0.8623366029787263,0.8639065798778686,0.6,0.0,0.0
19.16,0.8586993243176141,0.8605354396684144,0.6,0.0,0.0
19.17,0.8550606239938096,0.8571910470952044,0.6,0.0,0.0
19.18,0.8514200182608266,0.8538750326774961,0.6,0.0,0.0
19.19,0.8477782173309206,0.850589012355401,0.6,0.0,0.0
19.2,0.8441346998131726,0.8473345825916373,0.6,0.0,0.0
19.21,0.840489896757252,0.8441133155517602,0.6,0.0,0.0
19.22,0.8368442243026584,0.8409267543641455,0.6,0.0,0.0
19.23,0.8331971614494247,0.8377764085285563,0.6,0.0,0.0
19.240000000000002,0.8295491528287053,0.8346637493773074,0.6,0.0,0.0
19.25,0.8259003180617155,0.8315902057069382,0.6,0.0,0.0
19.26,0.8222507513380761,0.8285571595422909,0.6,0.0,0.0
19.27,0.8186005727834418,0.8255659420533759,0.6,0.0,0.0
19.28,0.8149500146276485,0.8226178296360918,0.6,0.0,0.0
19.29,0.8112991198809567,0.8197140401680153,0.6,0.0,0.0
19.3,0.8076480081678631,0.8168557294485321,0.6,0.0,0.0
19.31,0.8039967819249024,0.8140439869501012,0.6,0.0,0.0
19.32,0.800345557852923,0.8112798352299648,0.6,0.0,0.0
19.330000000000002,0.7966944553805753,0.8085642254853582,0.6,0.0,0.0
19.34,0.7930435982996568,0.8058980327085863,0.6,0.0,0.0
19.35,0.7893931140069047,0.8032820560255121,0.6,0.0,0.0
19.36,0.7857431327204784,0.8007170155066571,0.6,0.0,0.0
19.37,0.7820937860683205,0.7982035501402868,0.6,0.0,0.0
19.38,0.7784452078106463,0.7957422148909781,0.6,0.0,0.0
19.39,0.7747975334419205,0.7933334837989715,0.6,0.0,0.0
19.400000000000002,0.7711508988001773,0.7909777404475965,0.6,0.0,0.0
19.41,0.7675054427868028,0.7886752853284995,0.6,0.0,0.0
19.42,0.7638613051836046,0.7864263307859971,0.6,0.0,0.0
19.43,0.7602186267421661,0.7842310004820136,0.6,0.0,0.0
19.44,0.7565775504547423,0.782089330715697,0.6,0.0,0.0
19.45,0.7529382193381365,0.7800012689139134,0.6,0.0,0.0
19.46,0.7493007784578253,0.7779666753257004,0.6,0.0,0.0
19.47,0.7456653752786634,0.7759853228198781,0.6,0.0,0.0
19.48,0.7420321521519161,0.7740568979344012,0.6,0.0,0.0
19.490000000000002,0.7384012543977649,0.7721810034297998,0.6,0.0,0.0
19.5,0.7347728377870231,0.7703571541920681,0.6,0.0,0.0
19.51,0.7311470575514065,0.7685847877564781,0.6,0.0,0.0
19.52,0.7275240701436629,0.7668632570313708,0.6,0.0,0.0
19.53,0.7239040351088676,0.7651918409290276,0.6,0.0,0.0
19.54,0.7202871144131623,0.7635697395947082,0.6,0.0,0.0
19.55,0.7166734719473645,0.761996081086949,0.6,0.0,0.0
19.56,0.7130632735820667,0.7604699232360513,0.6,0.0,0.0
19.57,0.7094566881019454,0.7589902567273392,0.6,0.0,0.0
19.580000000000002,0.7058538866385646,0.7575560076962535,0.6,0.0,0.0
19.59,0.7022550421360432,0.7561660441195771,0.6,0.0,0.0
19.6,0.6986603312685695,0.7548191751609888,0.6,0.0,0.0
19.61,0.6950699321683315,0.7535141579880004,0.6,0.0,0.0
19.62,0.6914840255503,0.7522497010924808,0.6,0.0,0.0
19.63,0.6879027958682354,0.751024468508763,0.6,0.0,0.0
19.64,0.6843264299128646,0.7498370841748793,0.6,0.0,0.0
19.650000000000002,0.6807551159535374,0.7486861364369368,0.6,0.0,0.0
19.66,0.67718904723063,0.747570182617044,0.6,0.0,0.0
19.67,0.6736284186989093,0.7464877537620987,0.6,0.0,0.0
19.68,0.6700734276358495,0.7454373594206553,0.6,0.0,0.0
19.69,0.6665242764034399,0.7444174925021787,0.6,0.0,0.0
19.7,0.6629811685061096,0.7434266341877138,0.6,0.0,0.0
19.71,0.6594443114822249,0.7424632588736242,0.6,0.0,0.0
19.72,0.6559139163710936,0.7415258391312285,0.6,0.0,0.0
19.73,0.6523901968385143,0.7406128506648619,0.6,0.0,0.0
19.740000000000002,0.6488733702824716,0.7397227772501744,0.6,0.0,0.0
19.75,0.6453636579188963,0.7388541156342918,0.6,0.0,0.0
19.76,0.6418612837877197,0.7380053803802142,0.6,0.0,0.0
19.77,0.6383664760417981,0.7371751086325707,0.6,0.0,0.0
19.78,0.63487946605603,0.7363618648116073,0.6,0.0,0.0
19.79,0.6314004896312209,0.7355642451653537,0.6,0.0,0.0
19.8,0.6279297853358494,0.7347808822195674,0.6,0.0,0.0
19.81,0.624467597101623,0.7340104490763123,0.6,0.0,0.0
19.82,0.621014171457119,0.7332516635534932,0.6,0.0,0.0
19.830000000000002,0.6175697601025714,0.7325032921488067,0.6,0.0,0.0
19.84,0.6141346176111172,0.7317641538130887,0.6,0.0,0.0
19.85,0.6107090042314253,0.7310331235191825,0.6,0.0,0.0
19.86,0.6072931834925573,0.7303091357167393,0.6,0.0,0.0
19.87,0.6038874235725264,0.7295911870543551,0.6,0.0,0.0
19.88,0.6004919975978967,0.7288783398148426,0.6,0.0,0.0
19.89,0.597107182562693,0.7281697241892753,0.6,0.005000000000000782,0.0
19.900000000000002,0.5937332606434992,0.7274645409613815,0.6,0.015000000000002345,0.0
19.91,0.5903705184728087,0.7267620629645068,0.6,0.025000000000000355,0.0
19.92,0.5870192480421336,0.7260616373952601,0.6,0.03500000000000192,0.0
19.93,0.5836797450783885,0.7253626871597234,0.6,0.04499999999999993,0.0
19.94,0.5803523114046782,0.7246647123206605,0.6,0.05500000000000149,0.0
19.95,0.577037253788533,0.7239672908160384,0.6,0.0649999999999995,0.0
19.96,0.5737348833381412,0.7232700791197317,0.6,0.07500000000000107,0.0
19.97,0.5704455173714688,0.7225728126484724,0.6,0.08499999999999908,0.0
19.98,0.5671694783764987,0.7218753057580845,0.6,0.09500000000000064,0.0
19.990000000000002,0.5639070935966037,0.7211774515155416,0.6,0.1050000000000022,0.0
20.0,0.5606586966363099,0.7204792210747246,0.6,0.11500000000000021,0.0
20.01,0.5574246261786694,0.7197806569420211,0.6,0.12500000000000178,0.0
20.02,0.5542052266712576,0.7190818958881492,0.6,0.1349999999999998,0.0
20.03,0.5510008484188208,0.7183831311000624,0.6,0.14500000000000135,0.0
20.04,0.5478118471981216,0.7176846349329206,0.6,0.15499999999999936,0.0
20.05,0.5446385853766289,0.7169867504330019,0.6,0.16500000000000092,0.0
20.06,0.5414814303895271,0.7162898864920755,0.6,0.17499999999999893,0.0
20.07,0.5383407563032172,0.7155945291674451,0.6,0.1850000000000005,0.0
20.080000000000002,0.5352169434289104,0.7149012168082407,0.6,0.19500000000000206,0.0
20.09,0.5321103779297158,0.7142105521964021,0.6,0.20500000000000007,0.0
20.1,0.5290214522115064,0.7135231955993586,0.6,0.21500000000000163,0.0
20.11,0.5259505653389124,0.712839861392641,0.6,0.22499999999999964,0.0
20.12,0.5228981224288666,0.7121613146245841,0.6,0.2350000000000012,0.0
20.13,0.5198645350735782,0.7114883667113007,0.6,0.24499999999999922,0.0
20.14,0.5168497839603449,0.7108218723976689,0.6,0.2550000000000008,0.0
20.150000000000002,0.5138553000712617,0.7101627251143652,0.6,0.26500000000000234,0.0
20.16,0.5108808365747856,0.7095118529469225,0.6,0.27500000000000036,0.0
20.17,0.5079266154585237,0.7088702143373256,0.6,0.2850000000000019,0.0
20.18,0.5049935414472343,0.7082387936890181,0.6,0.29499999999999993,0.0
20.19,0.5020821725356226,0.7076185968904709,0.6,0.3050000000000015,0.0
20.2,0.49919212778495076,0.7070106467743141,0.6,0.3149999999999995,0.0
20.21,0.4963248467045928,0.7064159785292448,0.6,0.32500000000000107,0.0
20.22,0.49348063398535547,0.705835635082075,0.6,0.3349999999999991,0.0
20.23,0.4906591188351805,0.7052706624669383,0.6,0.34500000000000064,0.0
20.240000000000002,0.4878618136158337,0.7047221051990877,0.6,0.3550000000000022,0.0
20.25,0.48508904088921756,0.70419100167029,0.6,0.3650000000000002,0.0
20.26,0.4823407176639973,0.7036783795829784,0.6,0.3750000000000018,0.0
20.27,0.4796177162149849,0.7031852514397511,0.6,0.3849999999999998,0.0
20.28,0.4769205967661446,0.7027126101048979,0.6,0.39500000000000135,0.0
20.29,0.4742497607114972,0.7022614244541333,0.6,0.40499999999999936,0.0
20.3,0.47160576807147386,0.701832635128653,0.6,0.4150000000000009,0.0
20.31,0.46898916119784484,0.7014271504085328,0.6,0.42499999999999893,0.0
20.32,0.466400460790754,0.7010458422209832,0.6,0.4350000000000005,0.0
20.330000000000002,0.46384020891693845,0.7006895422976828,0.6,0.44500000000000206,0.0
20.34,0.4613089530840616,0.7003590384951971,0.6,0.45500000000000007,0.0
20.35,0.4588072432105034,0.7000550709970291,0.6,0.46500000000000163,0.0
20.36,0.45633563524049287,0.6997783301680084,0.6,0.47499999999999964,0.0
20.37,0.4538946902733624,0.6995294517060954,0.6,0.4850000000000012,0.0
20.38,0.451484973910027,0.6993090148947582,0.6,0.4949999999999992,0.0
20.39,0.44910705633151776,0.6991175396293846,0.6,0.5050000000000008,0.0
20.400000000000002,0.4467615117856592,0.6989554835787097,0.6,0.5150000000000023,0.0
20.41,0.4444489184540347,0.6988232410491922,0.6,0.5250000000000004,0.0
20.42,0.4421698581728237,0.6987211402137803,0.6,0.5350000000000019,0.0
20.43,0.4399249159909822,0.6986494414686776,0.6,0.5449999999999999,0.0
20.44,0.4377146797941849,0.6986083362532169,0.6,0.5550000000000015,0.0
20.45,0.43553974013436253,0.6985979454666631,0.6,0.5649999999999995,0.0
20.46,0.43340068963633044,0.6986183189193759,0.6,0.5750000000000011,0.0
20.47,0.4312981227114274,0.6986694348117352,0.6,0.5849999999999991,0.0
20.48,0.42923263509398846,0.698751199137458,0.6,0.5950000000000006,0.0
20.490000000000002,0.4272048235617517,0.6988634456897285,0.6,0.6050000000000022,0.0
20.5,0.4252152854524359,0.6990059364931973,0.6,0.6150000000000002,0.0
20.51,0.4232646178306339,0.6991783620174447,0.6,0.6250000000000018,0.0
20.52,0.4213534178793739,0.6993803419894267,0.6,0.6349999999999998,0.0
20.53,0.41948228222394496,0.6996114268539578,0.6,0.6450000000000014,0.0
20.54,0.4176518074136049,0.6998710986191488,0.6,0.6549999999999994,0.0
20.55,0.41586259033852074,0.7001587726354848,0.6,0.6650000000000009,0.0
20.56,0.4141152308957136,0.7004737994510292,0.6,0.6749999999999989,0.0
20.57,0.412410337204419,0.7008154672402725,0.6,0.6850000000000005,0.0
20.580000000000002,0.41074852404005247,0.701183006657554,0.6,0.6950000000000021,0.0
20.59,0.40913031555385526,0.7015755798994319,0.6,0.7050000000000001,0.0
20.6,0.40755618514190844,0.7019923055200343,0.6,0.7150000000000016,0.0
20.61,0.4060267421951129,0.7024322462708948,0.6,0.7249999999999996,0.0
20.62,0.40454250653636314,0.7028944161596958,0.6,0.7350000000000012,0.0
20.63,0.4031040309993371,0.7033777838572659,0.6,0.7449999999999992,0.0
20.64,0.4017118197799651,0.7038812762060399,0.6,0.7550000000000008,0.0
20.650000000000002,0.40036629844010013,0.704403782306469,0.6,0.7650000000000023,0.0
20.66,0.3990678505300049,0.7049441568571964,0.6,0.7750000000000004,0.0
20.67,0.39781715486136787,0.7055012245612192,0.6,0.7850000000000019,0.0
20.68,0.3966147964706515,0.7060737841553889,0.6,0.7949999999999999,0.0
20.69,0.39546118407341796,0.7066606126408714,0.6,0.8050000000000015,0.0
20.7,0.39435680770828757,0.7072604695913736,0.6,0.8149999999999995,0.0
20.71,0.3933021332645179,0.707872101523252,0.6,0.8250000000000011,0.0
20.72,0.39229762403295204,0.7084942463097853,0.6,0.8349999999999991,0.0
20.73,0.3913438063298607,0.7091256376211874,0.6,0.8450000000000006,0.0
20.740000000000002,0.3904410783291175,0.7097650093722271,0.6,0.8550000000000022,0.0
20.75,0.38958966351119756,0.710411100159166,0.6,0.8650000000000002,0.0
20.76,0.3887899558486868,0.7110626576675004,0.6,0.8750000000000018,0.0
20.77,0.3880422072664168,0.7117184430327319,0.6,0.8849999999999998,0.0
20.78,0.38734680700437774,0.7123772351359381,0.6,0.8950000000000014,0.0
20.79,0.3867041383863656,0.7130378348163258,0.6,0.9049999999999994,0.0
20.8,0.38611435187703236,0.7136990689837079,0.6,0.9150000000000009,0.0
20.81,0.3855778090201214,0.7143597946139153,0.6,0.9249999999999989,0.0
20.82,0.38509473457222204,0.7150189026105968,0.6,0.9350000000000005,0.0
20.830000000000002,0.3846652966714999,0.7156753215181876,0.6,0.9450000000000021,0.0
20.84,0.38428976434325396,0.7163280215101373,0.6,0.9550000000000001,0.0
20.85,0.3839682602396996,0.7169760160186681,0.6,0.9650000000000016,0.0
20.86,0.38370094926532905,0.7176183674951152,0.6,0.9749999999999996,0.0
20.87,0.3834879653227497,0.718254188673407,0.6,0.9850000000000012,0.0
20.88,0.3833294005877203,0.718882645762815,0.6,0.9949999999999992,0.0
20.89,0.3832253376750932,0.7195029609652206,0.6,1.0050000000000008,0.0
20.900000000000002,0.3831758291349347,0.7201144155014992,0.6,1.0150000000000023,0.0
20.91,0.383180903820096,0.7190969096653017,0.6,1.0250000000000004,0.0
20.92,0.3832405650172955,0.7177092790094882,0.6,1.035000000000002,0.0
20.93,0.3833547910885828,0.7163293955520518,0.6,1.045,0.0
20.94,0.3835235348175756,0.7149574612517525,0.6,1.0550000000000015,0.0
20.95,0.3837466329348417,0.7135936609251324,0.6,1.0649999999999995,0.0
20.96,0.38402401028671884,0.7122381618333895,0.6,1.075000000000001,0.0
20.97,0.3843555035129166,0.710891113235562,0.6,1.084999999999999,0.0
20.98,0.3847409537640894,0.709552646195192,0.6,1.0950000000000006,0.0
20.990000000000002,0.38518022337924157,0.708222873088388,0.6,1.1050000000000022,0.0
21.0,0.385673177506371,0.7069018875362503,0.6,1.1150000000000002,0.0
21.01,0.3862196367218438,0.7055897642311315,0.6,1.1250000000000018,0.0
21.02,0.3868193867560633,0.7042865628469295,0.6,1.1349999999999998,0.0
21.03,0.38747216621865677,0.7029923123580326,0.6,1.1450000000000014,0.0
21.04,0.3881776652372501,0.7017070348889758,0.6,1.1549999999999994,0.0
21.05,0.38893557298759907,0.700430729936067,0.6,1.165000000000001,0.0
21.06,0.3897455755927523,0.699163378878195,0.6,1.174999999999999,0.0
21.07,0.39060733636604406,0.6979049453193884,0.6,1.1850000000000005,0.0
21.080000000000002,0.3915204979625986,0.6966553775872247,0.6,1.195000000000002,0.0
21.09,0.3924846850687526,0.6954145997588064,0.6,1.205,0.0
21.1,0.39349950496548397,0.6941825272597962,0.6,1.2150000000000016,0.0
21.11,0.3945645478136441,0.6929590574039518,0.6,1.2249999999999996,0.0
21.12,0.39567938740578323,0.6917440726946219,0.6,1.2350000000000012,0.0
21.13,0.396843581966688,0.6905374416659705,0.6,1.2449999999999992,0.0
21.14,0.39805667481411605,0.6893390197855531,0.6,1.2550000000000008,0.0
21.150000000000002,0.399318195072556,0.6881486503039241,0.6,1.2650000000000023,0.0
21.16,0.4006276586575343,0.6869661657775685,0.6,1.2750000000000004,0.0
21.17,0.4019845688482084,0.6857913884147154,0.6,1.285000000000002,0.0
21.18,0.40338841720537955,0.684624131715917,0.6,1.295,0.0
21.19,0.40483868437603415,0.6834642015433267,0.6,1.3050000000000015,0.0
21.2,0.40633484084472243,0.6823113973572296,0.6,1.3149999999999995,0.0
21.21,0.40787634779658644,0.6811655134926553,0.6,1.325000000000001,0.0
21.22,0.4094626580151123,0.680026340471288,0.6,1.334999999999999,0.0
21.23,0.4110932163227666,0.6788936663427001,0.6,1.3450000000000006,0.0
21.240000000000002,0.4127674608970347,0.6777672780496274,0.6,1.3550000000000022,0.0
21.25,0.41448482339931286,0.676646962811521,0.6,1.3650000000000002,0.0
21.26,0.41624473007676005,0.6755325095207038,0.6,1.3750000000000018,0.0
21.27,0.41804660236741487,0.6744237101452085,0.6,1.3849999999999998,0.0
21.28,0.41988985755798636,0.6733203611324369,0.6,1.3950000000000014,0.0
21.29,0.4217739095107391,0.6722222647580383,0.6,1.4049999999999994,0.0
21.3,0.4236981692926999,0.6711292307145464,0.6,1.415000000000001,0.0
21.31,0.4256620455415016,0.6700410771293529,0.6,1.424999999999999,0.0
21.32,0.42766494551804446,0.6689576322953634,0.6,1.4350000000000005,0.0
21.330000000000002,0.42970627524303906,0.6678787356659293,0.6,1.445000000000002,0.0
21.34,0.43178544033152094,0.6668042393165458,0.6,1.455,0.0
21.35,0.4339018464226172,0.6657340091433325,0.6,1.4650000000000016,0.0
21.36,0.43605489963599997,0.6646679260508759,0.6,1.4749999999999996,0.0
21.37,0.43824424772138715,0.6636058870694964,0.6,1.4850000000000012,0.0
21.38,0.4404690894967088,0.6625478065111171,0.6,1.4949999999999992,0.0
21.39,0.4427288265443951,0.661493616920546,0.6,1.5050000000000008,0.0
21.400000000000002,0.4450228368163448,0.6604432700290406,0.6,1.5150000000000023,0.0
21.41,0.4473505319450321,0.6593967376647973,0.6,1.5250000000000004,0.0
21.42,0.44971133100227345,0.6583540125202628,0.6,1.535000000000002,0.0
21.43,0.45210466071962263,0.6573151088855833,0.6,1.545,0.0
21.44,0.4545299504815973,0.6562800633126349,0.6,1.5550000000000015,0.0
21.45,0.45698663323771876,0.6552489351356592,0.6,1.5649999999999995,0.0
21.46,0.45947414483101173,0.6542218069223634,0.6,1.575000000000001,0.0
21.47,0.4619919250554675,0.6531987847175,0.6,1.584999999999999,0.0
21.48,0.46453941799737497,0.6521799985003578,0.6,1.5950000000000006,0.0
21.490000000000002,0.4671160729339116,0.6511656025278488,0.6,1.6050000000000022,0.0
21.5,0.46972134357768314,0.6501557746582411,0.6,1.6150000000000002,0.0
21.51,0.4723546897556789,0.6491507167697281,0.6,1.6250000000000018,0.0
21.52,0.47501557630242053,0.6481506551723452,0.6,1.6349999999999998,0.0
21.53,0.4777034741480569,0.6471558394402493,0.6,1.6450000000000014,0.0
21.54,0.4804178596493154,0.6461665425945872,0.6,1.6549999999999994,0.0
21.55,0.48315821572590556,0.6451830605542949,0.6,1.665000000000001,0.0
21.56,0.48592403089710995,0.6442057115347171,0.6,1.674999999999999,0.0
21.57,0.48871480057860267,0.6432348355608678,0.6,1.6850000000000005,0.0
21.580000000000002,0.49153002561173914,0.6422707933177614,0.6,1.695000000000002,0.0
21.59,0.4943692133976851,0.6413139659962684,0.6,1.705,0.0
21.6,0.4972318784643486,0.6403647536199873,0.6,1.7150000000000016,0.0
21.61,0.5001175407609975,0.6394235748445308,0.6,1.7249999999999996,0.0
21.62,0.5030257272192423,0.6384908651267023,0.6,1.7350000000000012,0.0
21.63,0.5059559713287708,0.6375670759901493,0.6,1.7449999999999992,0.0
21.64,0.5089078131112759,0.6366526736808912,0.6,1.7550000000000008,0.0
21.650000000000002,0.5118807990693708,0.6357481429669952,0.6,1.7650000000000023,0.0
21.66,0.5148744820838033,0.6348540159894273,0.6,1.7750000000000004,0.0
21.67,0.5178884217529109,0.6339708826805113,0.6,1.785000000000002,0.0
21.68,0.5209221839189667,0.6330993053601724,0.6,1.795,0.0
21.69,0.5239753412417952,0.632239824994118,0.6,1.8050000000000015,0.0
21.7,0.5270474723265924,0.6313929649317847,0.6,1.8149999999999995,0.0
21.71,0.5301381627385108,0.6305592318903195,0.6,1.825000000000001,0.0
21.72,0.53324700430164,0.6297391159577616,0.6,1.834999999999999,0.0
21.73,0.5363735947628111,0.6289330900922118,0.6,1.8450000000000006,0.0
21.740000000000002,0.5395175382272694,0.6281416108286039,0.6,1.8550000000000022,0.0
21.75,0.5426784455763346,0.6273651161241067,0.6,1.8650000000000002,0.0
21.76,0.5458559331093966,0.6266040271962162,0.6,1.8750000000000018,0.0
21.77,0.5490496233171951,0.6258587468609714,0.6,1.8849999999999998,0.0
21.78,0.552259145097391,0.6251296596095652,0.6,1.8950000000000014,0.0
21.79,0.5554841329416543,0.6244171315873903,0.6,1.9049999999999994,0.0
21.8,0.5587242273181667,0.6237215098190306,0.6,1.915000000000001,0.0
21.81,0.5619790744953171,0.6230431228733473,0.6,1.924999999999999,0.0
21.82,0.5652483263780418,0.6223822800014169,0.6,1.9350000000000005,0.0
21.830000000000002,0.568531640591628,0.6217392712893509,0.6,1.945000000000002,0.0
21.84,0.5718286804914363,0.621114367700778,0.6,1.955,0.0
21.85,0.5751391143856827,0.6205078203797582,0.6,1.9650000000000016,0.0
21.86,0.5784626163204132,0.6199198617373057,0.6,1.9749999999999996,0.0
21.87,0.5817988658575858,0.6193507042607642,0.6,1.9850000000000012,0.0
21.88,0.5851475476543172,0.6188005415609397,0.6,1.9949999999999992,0.0
21.89,0.5885083513315974,0.6182695478705006,0.6,2.005000000000001,0.0
21.900000000000002,0.591880971617538,0.6177578783060174,0.6,2.0150000000000023,0.0
21.91,0.5952651087040717,0.6172656689930818,0.6,2.0250000000000004,0.0
21.92,0.5986604670405985,0.6167930372973051,0.6,2.035000000000002,0.0
21.93,0.6020667561259543,0.6163400818671559,0.6,2.040000000000001,0.0
21.94,0.6054836903666758,0.6159068830120558,0.6,2.040000000000001,0.0
21.95,0.6089109881797988,0.6154935028985586,0.6,2.040000000000001,0.0
21.96,0.6123483737111934,0.6150999858882037,0.6,2.040000000000001,0.0
21.97,0.6157955747024625,0.6147263588301316,0.6,2.040000000000001,0.0
21.98,0.6192523231928563,0.6143726313112101,0.6,2.040000000000001,0.0
21.990000000000002,0.6227183561156411,0.6140387961287077,0.6,2.040000000000001,0.0
22.0,0.6261934140774353,0.6137248296422938,0.6,2.040000000000001,0.0
22.01,0.6296772424303044,0.6134306921582183,0.6,2.040000000000001,0.0
22.02,0.6331695899589129,0.6131563283638917,0.6,2.040000000000001,0.0
22.03,0.6366702101040528,0.6129016677198784,0.6,2.040000000000001,0.0
22.04,0.6401788594715976,0.6126666251324862,0.6,2.040000000000001,0.0
22.05,0.6436952991075716,0.6124511010286973,0.6,2.040000000000001,0.0
22.06,0.6472192936168474,0.6122549823266175,0.6,2.040000000000001,0.0
22.07,0.6507506109656256,0.6120781502757051,0.6,2.040000000000001,0.0
22.080000000000002,0.6542890233465424,0.6119204501413295,0.6,2.040000000000001,0.0
22.09,0.657834306008885,0.6117817382689443,0.6,2.040000000000001,0.0
22.1,0.6613862383063431,0.6116618517676493,0.6,2.040000000000001,0.0
22.11,0.664944602099848,0.611560616395483,0.6,2.040000000000001,0.0
22.12,0.6685091830301763,0.6114778473549465,0.6,2.040000000000001,0.0
22.13,0.6720797703516566,0.6114133500674206,0.6,2.040000000000001,0.0
22.14,0.6756561559647717,0.6113669202763181,0.6,2.040000000000001,0.0
22.150000000000002,0.6792381347705299,0.6113383448606959,0.6,2.040000000000001,0.0
22.16,0.6828255057046327,0.6113274026131267,0.6,2.040000000000001,0.0
22.17,0.6864180697572624,0.6113338643584341,0.6,2.040000000000001,0.0
22.18,0.690015630907058,0.6113574937644237,0.6,2.040000000000001,0.0
22.19,0.6936179965242436,0.6113980480419496,0.6,2.040000000000001,0.0
22.2,0.6972249765473665,0.611455282710415,0.6,2.040000000000001,0.0
22.21,0.7008363834820113,0.6115289344716289,0.6,2.040000000000001,0.0
22.22,0.7044520323966073,0.6116187485423656,0.6,2.040000000000001,0.0
22.23,0.7080717415963002,0.6117244612953436,0.6,2.040000000000001,0.0
22.240000000000002,0.7116953314603066,0.6118458052720648,0.6,2.040000000000001,0.0
22.25,0.7153226252232707,0.6119825097429501,0.6,2.040000000000001,0.0
22.26,0.7189534483482445,0.6121343012319269,0.6,2.040000000000001,0.0
22.27,0.722587628696532,0.6123009040041724,0.6,2.040000000000001,0.0
22.28,0.7262249967161798,0.6124820406256914,0.6,2.040000000000001,0.0
22.29,0.7298653848521298,0.6126774362461896,0.6,2.040000000000001,0.0
22.3,0.7335086277846704,0.6128868037111765,0.6,2.040000000000001,0.0
22.31,0.7371545628463471,0.6131098674187562,0.6,2.040000000000001,0.0
22.32,0.7408030293418785,0.6133463478519328,0.6,2.040000000000001,0.0
22.330000000000002,0.744453868518422,0.6135959661968873,0.6,2.040000000000001,0.0
22.34,0.7481069239189608,0.6138584447593401,0.6,2.040000000000001,0.0
22.35,0.7517620409297993,0.6141335073445959,0.6,2.040000000000001,0.0
22.36,0.7554190672327205,0.6144208796529309,0.6,2.040000000000001,0.0
22.37,0.7590778521354431,0.6147202896881657,0.6,2.040000000000001,0.0
22.38,0.7627382468962162,0.6150314681257602,0.6,2.040000000000001,0.0
22.39,0.7664001048840359,0.6153541486198373,0.6,2.040000000000001,0.0
22.400000000000002,0.770063281089143,0.615688068278501,0.6,2.040000000000001,0.0
22.41,0.7737276322729318,0.6160329679055168,0.6,2.040000000000001,0.0
22.42,0.7773930170794356,0.616388592046398,0.6,2.040000000000001,0.0
22.43,0.7810592844361863,0.616754690799739,0.6,2.040000000000001,0.0
22.44,0.784726290404916,0.6171310158166516,0.6,2.040000000000001,0.0
22.45,0.7883938983983969,0.6175173273767551,0.6,2.040000000000001,0.0
22.46,0.7920619728826833,0.6179133870156827,0.6,2.040000000000001,0.0
22.47,0.7957303809079294,0.6183189643378366,0.6,2.040000000000001,0.0
22.48,0.7993989925802171,0.6187338334632222,0.6,2.040000000000001,0.0
22.490000000000002,0.8030676782453872,0.6191577750434575,0.6,2.040000000000001,0.0
22.5,0.8067363093331648,0.6195905730498558,0.6,2.040000000000001,0.0
22.51,0.8104047594543259,0.6200320195005369,0.6,2.040000000000001,0.0
22.52,0.8140729025992446,0.6204819123764177,0.6,2.040000000000001,0.0
22.53,0.8177406140298096,0.6209400552456524,0.6,2.040000000000001,0.0
22.54,0.8214077710954666,0.621406258169995,0.6,2.040000000000001,0.0
22.55,0.8250742521584159,0.6218803375350841,0.6,2.040000000000001,0.0
22.56,0.8287399367733903,0.6223621162765727,0.6,2.040000000000001,0.0
22.57,0.8324047055119188,0.6228514239584562,0.6,2.040000000000001,0.0
22.580000000000002,0.8360684400606467,0.6233480960801856,0.6,2.040000000000001,0.0
22.59,0.8397310242211673,0.6238519752932433,0.6,2.040000000000001,0.0
22.6,0.8433923426074542,0.6243629104983224,0.6,2.040000000000001,0.0
22.61,0.8470522807400617,0.6248807572267431,0.6,2.040000000000001,0.0
22.62,0.8507107253759512,0.6254053773828401,0.6,2.040000000000001,0.0
22.63,0.8543674461017742,0.6259366393817677,0.6,2.040000000000001,0.0
22.64,0.8580224638323898,0.626474440036151,0.6,2.040000000000001,0.0
22.650000000000002,0.861675664719467,0.6270186153546404,0.6,2.040000000000001,0.0
22.66,0.8653269360555391,0.6275690758674672,0.6,2.040000000000001,0.0
22.67,0.8689761713064318,0.6281257154240767,0.6,2.040000000000001,0.0
22.68,0.8726232642117029,0.6286884337442838,0.6,2.040000000000001,0.0
22.69,0.8762681091933726,0.629257136530088,0.6,2.040000000000001,0.0
22.7,0.8799106017364993,0.6298317352918334,0.6,2.040000000000001,0.0
22.71,0.8835506381410931,0.630412147397658,0.6,2.040000000000001,0.0
22.72,0.8871884317105768,0.6309982957429086,0.6,2.040000000000001,0.0
22.73,0.8908235476045452,0.6315901086748026,0.6,2.040000000000001,0.0
22.740000000000002,0.8944558806160549,0.6321875198273784,0.6,2.040000000000001,0.0
22.75,0.8980853530064451,0.6327904679846241,0.6,2.040000000000001,0.0
22.76,0.9017118559058862,0.6333988969011259,0.6,2.040000000000001,0.0
22.77,0.9053352883050472,0.6340127551323768,0.6,2.040000000000001,0.0
22.78,0.9089555513292302,0.6346319958628269,0.6,2.040000000000001,0.0
22.79,0.9125725479949456,0.6352565767089006,0.6,2.040000000000001,0.0
22.8,0.9161861825313121,0.635886459546548,0.6,2.040000000000001,0.0
22.81,0.9197963602064616,0.6365216103132342,0.6,2.040000000000001,0.0
22.82,0.9234029870645042,0.637161998814501,0.6,2.040000000000001,0.0
22.830000000000002,0.9270059702446533,0.6378075985267507,0.6,2.040000000000001,0.0
22.84,0.9306052171672873,0.6384583863974185,0.6,2.040000000000001,0.0
22.85,0.9342006364064545,0.6391143426436241,0.6,2.040000000000001,0.0
22.86,0.9377921370231062,0.6397754505492117,0.6,2.040000000000001,0.0
22.87,0.941379628685941,0.6404416962609228,0.6,2.040000000000001,0.0
22.88,0.9449630217942451,0.6411130685843491,0.6,2.040000000000001,0.0
22.89,0.9485422274628668,0.6417895587795865,0.6,2.040000000000001,0.0
22.900000000000002,0.9521171572687248,0.642471160357561,0.6,2.040000000000001,0.0
22.91,0.9556877236127348,0.6431578688773346,0.6,2.040000000000001,0.0
22.92,0.959253839524872,0.6438496817444423,0.6,2.040000000000001,0.0
22.93,0.9628154187196117,0.6445465980114318,0.6,2.040000000000001,0.0
22.94,0.9663723752142748,0.6452486181800805,0.6,2.040000000000001,0.0
22.95,0.969924624141852,0.645955744005955,0.6,2.040000000000001,0.0
22.96,0.973472080879827,0.6466679783061338,0.6,2.040000000000001,0.0
22.97,0.9770146616216554,0.6473853247699065,0.6,2.040000000000001,0.0
22.98,0.9805522831255624,0.6481077877757433,0.6,2.040000000000001,0.0
22.990000000000002,0.9840848626387663,0.6488353721860471,0.6,2.040000000000001,0.0
23.0,0.9876123180870613,0.6495680832373341,0.6,2.040000000000001,0.0
23.01,0.9911345679648141,0.6503059264625648,0.6,2.040000000000001,0.0
23.02,0.9946515311821159,0.6510489068111226,0.6,2.040000000000001,0.0
23.03,0.9981631274467594,0.6517970296650359,0.6,2.040000000000001,0.0
23.04,1.001669276898786,0.6525502998163648,0.6,2.040000000000001,0.0
23.05,1.0051699001244017,0.6533087216089956,0.6,2.040000000000001,0.0
23.06,1.008664918413094,0.654072298971967,0.6,2.040000000000001,0.0
23.07,1.0121542535208305,0.6548410343202332,0.6,2.040000000000001,0.0
23.080000000000002,1.0156378276463138,0.6556149298714568,0.6,2.040000000000001,0.0
23.09,1.0191155636321463,0.6563939865183988,0.6,2.040000000000001,0.0
23.1,1.0225873847841427,0.6571782040372931,0.6,2.040000000000001,0.0
23.11,1.0260532148849673,0.6579675808720779,0.6,2.040000000000001,0.0
23.12,1.0276853264158594,0.6587621144006365,0.6,2.040000000000001,0.0
23.13,1.0291205308289988,0.6595617998176456,0.6,2.040000000000001,0.0
23.14,1.030554921211011,0.6603666306883155,0.6,2.040000000000001,0.0
23.150000000000002,1.0319884435443503,0.6611766206121193,0.6,2.040000000000001,0.0
23.16,1.0334210440711071,0.6619917183627593,0.6,2.040000000000001,0.0
23.17,1.03485266932296,0.6628119325762667,0.6,2.040000000000001,0.0
23.18,1.0362832661237484,0.6636372501616408,0.6,2.040000000000001,0.0
23.19,1.0377127815672682,0.6644676556383435,0.6,2.040000000000001,0.0
23.2,1.0391411630540242,0.6653031314422004,0.6,2.040000000000001,0.0
23.21,1.040568358253427,0.6661436578650561,0.6,2.040000000000001,0.0
23.22,1.0419943151305824,0.6669892130038844,0.6,2.040000000000001,0.0
23.23,1.0434189819290824,0.667839772717945,0.6,2.040000000000001,0.0
23.240000000000002,1.0448423071865605,0.6686953107701441,0.6,2.040000000000001,0.0
23.25,1.0462642397175155,0.6695557980894687,0.6,2.040000000000001,0.0
23.26,1.0476847286268351,0.6704212038012675,0.6,2.040000000000001,0.0
23.27,1.0491037233006317,0.6712914949471026,0.6,2.040000000000001,0.0
23.28,1.0505211734131539,0.6721667309527164,0.6,2.040000000000001,0.0
23.29,1.0519370289222185,0.6730467965093828,0.6,2.040000000000001,0.0
23.3,1.053351240068539,0.6739315159550217,0.6,2.040000000000001,0.0
23.31,1.0547637573721016,0.6748209627338081,0.6,2.040000000000001,0.0
23.32,1.0561745316467188,0.6757150916181697,0.6,2.040000000000001,0.0
23.330000000000002,1.0575835139816017,0.6766139537055451,0.6,2.040000000000001,0.0
23.34,1.0589906557532156,0.6775173929553933,0.6,2.040000000000001,0.0
23.35,1.0603959086149524,0.6784253477935307,0.6,2.040000000000001,0.0
23.36,1.0617992245048997,0.6793377004941931,0.6,2.040000000000001,0.0
23.37,1.063200555640678,0.6802545037149952,0.6,2.040000000000001,0.0
23.38,1.0645998545288506,0.6811756726271762,0.6,2.040000000000001,0.0
23.39,1.0659970739479414,0.6821011403596062,0.6,2.040000000000001,0.0
23.400000000000002,1.0673921669618214,0.6830308101121684,0.6,2.040000000000001,0.0
23.41,1.0687850869034583,0.6839646515007128,0.6,2.040000000000001,0.0
23.42,1.0701757873979358,0.684902597134011,0.6,2.040000000000001,0.0
23.43,1.0715642223421749,0.6858445776247925,0.6,2.040000000000001,0.0
23.44,1.0729503459149332,0.6867905216414117,0.6,2.040000000000001,0.0
23.45,1.0743341125642278,0.6877403560070982,0.6,2.040000000000001,0.0
23.46,1.0757154770237791,0.6886940057151817,0.6,2.040000000000001,0.0
23.47,1.0770943943007323,0.6896513940236669,0.6,2.040000000000001,0.0
23.48,1.0784708196767496,0.6906124424950353,0.6,2.040000000000001,0.0
23.490000000000002,1.0798447087149212,0.6915770710869296,0.6,2.040000000000001,0.0
23.5,1.081216017240279,0.6925451982151005,0.6,2.040000000000001,0.0
23.51,1.0825847013600414,0.693516740825336,0.6,2.040000000000001,0.0
23.52,1.0839507174556848,0.6944916144667852,0.6,2.040000000000001,0.0
23.53,1.085314022181695,0.6954697333670316,0.6,2.040000000000001,0.0
23.54,1.086674572460268,0.6964510105076144,0.6,2.040000000000001,0.0
23.55,1.0880323254873818,0.6974353577003435,0.6,2.040000000000001,0.0
23.56,1.089387238725539,0.6984226856652764,0.6,2.040000000000001,0.0
23.57,1.0907392699125342,0.6994129041092975,0.6,2.040000000000001,0.0
23.580000000000002,1.0920883770538106,0.700405921803671,0.6,2.040000000000001,0.0
23.59,1.0934345184200798,0.7014016466635346,0.6,2.040000000000001,0.0
23.6,1.094777652552945,0.7023999858260319,0.6,2.040000000000001,0.0
23.61,1.0961177382630534,0.7034008457298927,0.6,2.040000000000001,0.0
23.62,1.0974547346330572,0.7044041321930677,0.6,2.040000000000001,0.0
23.63,1.098788600991178,0.7054097504917162,0.6,2.040000000000001,0.0
23.64,1.1001192969456528,0.7064176054376692,0.6,2.040000000000001,0.0
23.650000000000002,1.1014467823646281,0.7074276014547946,0.6,2.040000000000001,0.0
23.66,1.1027710173821685,0.7084396426560691,0.6,2.040000000000001,0.0
23.67,1.104091962397075,0.7094536329187878,0.6,2.040000000000001,0.0
23.68,1.10540957805704,0.7104694759585153,0.6,2.040000000000001,0.0
23.69,1.106723825290071,0.7114870754022573,0.6,2.040000000000001,0.0
23.7,1.1080346652673352,0.7125063348605761,0.6,2.040000000000001,0.0
23.71,1.1093420594335346,0.7135271579981649,0.6,2.040000000000001,0.0
23.72,1.1106459694763613,0.7145494486024212,0.6,2.040000000000001,0.0
23.73,1.1119463573563693,0.7155731106515862,0.6,2.040000000000001,0.0
23.740000000000002,1.1132431852843196,0.7165980483798939,0.6,2.040000000000001,0.0
23.75,1.1145364157218396,0.7176241663420034,0.6,2.040000000000001,0.0
23.76,1.1158260113941891,0.7186513694754747,0.6,2.040000000000001,0.0
23.77,1.1171119352827534,0.7196795631605719,0.6,2.040000000000001,0.0
23.78,1.1183941506140713,0.7207086532792926,0.6,2.040000000000001,0.0
23.79,1.1196726208764618,0.7217385462628181,0.6,2.040000000000001,0.0
23.8,1.1209473098012335,0.7227691491728453,0.6,2.040000000000001,0.0
23.81,1.122218181372227,0.723800369725766,0.6,2.040000000000001,0.0
23.82,1.1234851998350162,0.7248321163440469,0.6,2.040000000000001,0.0
23.830000000000002,1.1247483296736067,0.7258642982318672,0.6,2.040000000000001,0.0
23.84,1.1260075356186772,0.7268968254151096,0.6,2.040000000000001,0.0
23.85,1.1272627826634913,0.72792960873057,0.6,2.040000000000001,0.0
23.86,1.1285140360332278,0.7289625599224915,0.6,2.040000000000001,0.0
23.87,1.1297612611950933,0.7299955916718788,0.6,2.040000000000001,0.0
23.88,1.1310044238822268,0.7310286176280474,0.6,2.040000000000001,0.0
23.89,1.132243490057801,0.7320615524424469,0.6,2.040000000000001,0.0
23.900000000000002,1.1334784259375892,0.7330943118007591,0.6,2.040000000000001,0.0
23.91,1.1347091979590966,0.7341268124562652,0.6,2.040000000000001,0.0
23.92,1.1359357728284984,0.7351589181585844,0.6,2.040000000000001,0.0
23.93,1.1371581174739698,0.7361906029719615,0.6,2.040000000000001,0.0
23.94,1.138376199068121,0.7372217898731893,0.6,2.040000000000001,0.0
23.95,1.1395899850250784,0.738252433372343,0.6,2.040000000000001,0.0
23.96,1.1407994430012391,0.739282426648307,0.6,2.040000000000001,0.0
23.97,1.1420045408840644,0.7403116855217506,0.6,2.040000000000001,0.0
23.98,1.1432052467949225,0.7413401348635988,0.6,2.040000000000001,0.0
23.990000000000002,1.1444015290962042,0.7423676998730535,0.6,2.040000000000001,0.0
24.0,1.1455933563759424,0.7433943096335891,0.6,2.040000000000001,0.0
24.01,1.1467806974744303,0.7444198918302125,0.6,2.040000000000001,0.0
24.02,1.1479635214479011,0.7454443762621895,0.6,2.040000000000001,0.0
24.03,1.149141797591891,0.7464676939602002,0.6,2.040000000000001,0.0
24.04,1.1503154954301453,0.7474897760864277,0.6,2.040000000000001,0.0
24.05,1.1514845847178488,0.7485105583661301,0.6,2.040000000000001,0.0
24.060000000000002,1.1526490354392087,0.7495299745287463,0.6,2.040000000000001,0.0
24.07,1.1538088177990262,0.7505479606038403,0.6,2.040000000000001,0.0
24.080000000000002,1.1549639022403946,0.7515644539173857,0.6,2.040000000000001,0.0
24.09,1.156114259426321,0.7525793917559018,0.6,2.040000000000001,0.0
24.1,1.157259860250628,0.7535927150050766,0.6,2.040000000000001,0.0
24.11,1.1584006758273118,0.7546043646079416,0.6,2.040000000000001,0.0
24.12,1.1595366774954872,0.7556142826909957,0.6,2.040000000000001,0.0
24.13,1.1606678368181096,0.7566224125857322,0.6,2.040000000000001,0.0
24.14,1.1617941255821582,0.7576286999470414,0.6,2.040000000000001,0.0
24.150000000000002,1.1629155157903104,0.7586330893157198,0.6,2.040000000000001,0.0
24.16,1.1640319796649843,0.7596355274995318,0.6,2.040000000000001,0.0
24.17,1.165143489648177,0.7606359612688173,0.6,2.040000000000001,0.0
24.18,1.166250018400932,0.7616343419710514,0.6,2.040000000000001,0.0
24.19,1.1673515388082913,0.7626306185766286,0.6,2.040000000000001,0.0
24.2,1.1684480239579695,0.7636247422714959,0.6,2.040000000000001,0.0
24.21,1.1695394471718625,0.7646166576071874,0.6,2.040000000000001,0.0
24.22,1.1706257819673225,0.765606317948742,0.6,2.040000000000001,0.0
24.23,1.1717070020844516,0.7665936761295019,0.6,2.040000000000001,0.0
24.240000000000002,1.1727830814806794,0.7675786471441133,0.6,2.040000000000001,0.0
24.25,1.1738539943211603,0.7685612332094957,0.6,2.040000000000001,0.0
24.26,1.1749197149767185,0.7695413908007678,0.6,2.040000000000001,0.0
24.27,1.1759802180329313,0.7705190774383315,0.6,2.040000000000001,0.0
24.28,1.177035478285123,0.7714942526763479,0.6,2.040000000000001,0.0
24.29,1.178085470729429,0.7724668768313984,0.6,2.040000000000001,0.0
24.3,1.179130170583322,0.7734369107171329,0.6,2.040000000000001,0.0
24.310000000000002,1.1801695532541951,0.7744043161033727,0.6,2.040000000000001,0.0
24.32,1.1812035943635617,0.7753690553188268,0.6,2.040000000000001,0.0
24.330000000000002,1.1822322697437817,0.7763310914699393,0.6,2.040000000000001,0.0
24.34,1.1832555554203124,0.7772903882974018,0.6,2.040000000000001,0.0
24.35,1.1842734276324336,0.7782469102495926,0.6,2.040000000000001,0.0
24.36,1.1852858628061198,0.7792006223818039,0.6,2.040000000000001,0.0
24.37,1.1862928375718387,0.7801514903217859,0.6,2.040000000000001,0.0
24.38,1.1872943287738398,0.7810994804845462,0.6,2.040000000000001,0.0
24.39,1.188290313457216,0.782044559674061,0.6,2.040000000000001,0.0
24.400000000000002,1.1892807688376086,0.7829866953199113,0.6,2.040000000000001,0.0
24.41,1.1902656723529779,0.7839258554861253,0.6,2.040000000000001,0.0
24.42,1.1912450016309626,0.7848620086105776,0.6,2.040000000000001,0.0
24.43,1.1922187344947937,0.7857951237630452,0.6,2.040000000000001,0.0
24.44,1.1931868489629311,0.7867251704267453,0.6,2.040000000000001,0.0
24.45,1.1941493232406934,0.787652118549749,0.6,2.040000000000001,0.0
24.46,1.1951061357380401,0.7885759385264595,0.6,2.040000000000001,0.0
24.47,1.1960572650529047,0.7894966011272747,0.6,2.040000000000001,0.0
24.48,1.197002689981137,0.7904140775928067,0.6,2.040000000000001,0.0
24.490000000000002,1.1979423894880148,0.7913283865445689,0.6,2.040000000000001,0.0
24.5,1.1988763427590015,0.7922394554486135,0.6,2.040000000000001,0.0
24.51,1.1998045291435613,0.7931472549807754,0.6,2.040000000000001,0.0
24.52,1.2007269281906994,0.7940517558919152,0.6,2.040000000000001,0.0
24.53,1.2016435196264983,0.7949529363497457,0.6,2.040000000000001,0.0
24.54,1.2025542833751794,0.795850763037794,0.6,2.040000000000001,0.0
24.55,1.203459199539551,0.7967452034241169,0.6,2.040000000000001,0.0
24.560000000000002,1.204358248399507,0.7976362301645983,0.6,2.040000000000001,0.0
24.57,1.2052514104576115,0.7985238160727465,0.6,2.040000000000001,0.0
24.580000000000002,1.206138666356834,0.7994079341047854,0.6,2.040000000000001,0.0
24.59,1.207019996931486,0.8002885573414369,0.6,2.040000000000001,0.0
24.6,1.2078953832210733,0.8011656574614018,0.6,2.040000000000001,0.0
24.61,1.2087648063994563,0.8020392107691795,0.6,2.040000000000001,0.0
24.62,1.2096282478649918,0.802909187582569,0.6,2.040000000000001,0.0
24.63,1.210485689194226,0.8037755644149956,0.6,2.040000000000001,0.0
24.64,1.2113371120834402,0.8046383132216707,0.6,2.040000000000001,0.0
24.650000000000002,1.2121824984932992,0.8054974075396549,0.6,2.040000000000001,0.0
24.66,1.2130218304800535,0.8063528209389511,0.6,2.040000000000001,0.0
24.67,1.2138550903331886,0.8072045270136533,0.6,2.040000000000001,0.0
24.68,1.2146822605040006,0.8080524993725873,0.6,2.040000000000001,0.0
24.69,1.215503323601002,0.8088967116311021,0.6,2.040000000000001,0.0
24.7,1.2163182624270417,0.8097371374030169,0.6,2.040000000000001,0.0
24.71,1.2171270599352007,0.8105737502939231,0.6,2.040000000000001,0.0
24.72,1.2179296992656252,0.8114065238945599,0.6,2.040000000000001,0.0
24.73,1.2187261637642781,0.8122354317757122,0.6,2.040000000000001,0.0
24.740000000000002,1.2195164368669686,0.8130604457560306,0.6,2.040000000000001,0.0
24.75,1.220300502224789,0.8138815410622563,0.6,2.040000000000001,0.0
24.76,1.2210783436617128,0.814698692879893,0.6,2.040000000000001,0.0
24.77,1.2218499451552365,0.8155118729713178,0.6,2.040000000000001,0.0
24.78,1.2226152909036434,0.8163210547473304,0.6,2.040000000000001,0.0
24.79,1.22337436523252,0.8171262115806448,0.6,2.040000000000001,0.0
24.8,1.2241271526018918,0.8179273168040191,0.6,2.040000000000001,0.0
24.810000000000002,1.224873637669029,0.81872434371051,0.6,2.040000000000001,0.0
24.82,1.2256138052797605,0.8195172655538829,0.6,2.040000000000001,0.0
24.830000000000002,1.2263476403831959,0.8203060555492054,0.6,2.040000000000001,0.0
24.84,1.2270751281633931,0.8210906868743637,0.6,2.040000000000001,0.0
24.85,1.2277962539062115,0.8218711326719709,0.6,2.040000000000001,0.0
24.86,1.2285110031555528,0.8226473660519625,0.6,2.040000000000001,0.0
24.87,1.2292193614714626,0.8234193600947081,0.6,2.040000000000001,0.0
24.88,1.229921314674872,0.8241870878536778,0.6,2.040000000000001,0.0
24.89,1.2306168487530893,0.82495052239774,0.6,2.040000000000001,0.0
24.900000000000002,1.2313059497630747,0.8257096348657964,0.6,2.040000000000001,0.0
24.91,1.231988604041465,0.8264644019263856,0.6,2.040000000000001,0.0
24.92,1.2326647980025285,0.8272147928856527,0.6,2.040000000000001,0.0
24.93,1.2333345182623279,0.8279607825718889,0.6,2.040000000000001,0.0
24.94,1.2339977515736171,0.8287023458269864,0.6,2.040000000000001,0.0
24.95,1.23465448482503,0.8294394519424041,0.6,2.040000000000001,0.0
24.96,1.2353047051159554,0.8301720776468559,0.6,2.040000000000001,0.0
24.97,1.2359483996784562,0.8309001941192875,0.6,2.040000000000001,0.0
24.98,1.2365855558431946,0.8316237744216075,0.6,2.040000000000001,0.0
24.990000000000002,1.2372161611349195,0.8323427916505631,0.6,2.040000000000001,0.0
25.0,1.2378402033062397,0.8330572189449561,0.6,2.040000000000001,0.0
25.01,1.2384576701361318,0.8337670294930386,0.6,2.040000000000001,0.0
25.02,1.2390685496242413,0.834472196540012,0.6,2.040000000000001,0.0
25.03,1.23967301671862,0.8351726308180597,0.6,2.040000000000001,0.0
25.04,1.2402711173500034,0.8358684282620555,0.6,2.040000000000001,0.0
25.05,1.2408625850352817,0.8365595011022847,0.6,2.040000000000001,0.0
25.060000000000002,1.2414474091434482,0.8372458196761311,0.6,2.040000000000001,0.0
25.07,1.2420255742352997,0.8379273553732192,0.6,2.040000000000001,0.0
25.080000000000002,1.2425970666571045,0.838604079827678,0.6,2.040000000000001,0.0
25.09,1.243161873170252,0.8392759650298305,0.6,2.040000000000001,0.0
25.1,1.2437199811458146,0.8399429835010186,0.6,2.040000000000001,0.0
25.11,1.244271378771592,0.8406051086705778,0.6,2.040000000000001,0.0
25.12,1.2448160551743914,0.8412623147274387,0.6,2.040000000000001,0.0
25.13,1.2453540008234028,0.8419145771641235,0.6,2.040000000000001,0.0
25.14,1.2458852073494033,0.8425618725698124,0.6,2.040000000000001,0.0
25.150000000000002,1.246409666462258,0.8432041791232425,0.6,2.040000000000001,0.0
25.16,1.2469273758460284,0.8438414764628424,0.6,2.040000000000001,0.0
25.17,1.2474383305999635,0.8444737459517102,0.6,2.040000000000001,0.0
25.18,1.2479425291221415,0.845100970782037,0.6,2.040000000000001,0.0
25.19,1.2484399718357602,0.8457231360803841,0.6,2.040000000000001,0.0
25.2,1.2489306612195819,0.8463402290068134,0.6,2.040000000000001,0.0
25.21,1.2494145065165077,0.846952164238655,0.6,2.040000000000001,0.0
25.22,1.2498917056880532,0.8475590825228752,0.6,2.040000000000001,0.0
25.23,1.2503621300343735,0.8481608634886215,0.6,2.040000000000001,0.0
25.240000000000002,1.2508258762079025,0.8487575826010691,0.6,2.040000000000001,0.0
25.25,1.2512829158456142,0.8493491988492331,0.6,2.040000000000001,0.0
25.26,1.251733265632322,0.8499357133552148,0.6,2.040000000000001,0.0
25.27,1.2521769447825117,0.8505171297626104,0.6,2.040000000000001,0.0
25.28,1.252613974408326,0.8510934537198328,0.6,2.040000000000001,0.0
25.29,1.253044380347746,0.8516646951695854,0.6,2.040000000000001,0.0
25.3,1.2534680167256238,0.8522307419328856,0.6,2.040000000000001,0.0
25.310000000000002,1.2538851019185417,0.8527918543055882,0.6,2.040000000000001,0.0
25.32,1.254295651522178,0.8533479182495697,0.6,2.040000000000001,0.0
25.330000000000002,1.2546996888587123,0.8538989309520885,0.6,2.040000000000001,0.0
25.34,1.2550972611209956,0.8544448515415108,0.6,2.040000000000001,0.0
25.35,1.2554885866015717,0.8549857916047778,0.6,2.040000000000001,0.0
25.36,1.2558735325617747,0.8555219221664092,0.6,2.040000000000001,0.0
25.37,1.2562521437097822,0.8560531350564756,0.6,2.040000000000001,0.0
25.38,1.2566244690723967,0.8565794621582252,0.6,2.040000000000001,0.0
25.39,1.2569905583283907,0.8571009380176883,0.6,2.040000000000001,0.0
25.400000000000002,1.257350464180368,0.8576176020227377,0.6,2.040000000000001,0.0
25.41,1.2577042417208406,0.8581294926823151,0.6,2.040000000000001,0.0
25.42,1.258051948340938,0.8586366521416489,0.6,2.040000000000001,0.0
25.43,1.2583936436821037,0.8591391248648426,0.6,2.040000000000001,0.0
25.44,1.2587293895619425,0.8596369575763511,0.6,2.040000000000001,0.0
25.45,1.2590591830293478,0.8601301306277305,0.6,2.040000000000001,0.0
25.46,1.2593831298448888,0.8606188329967471,0.6,2.040000000000001,0.0
25.47,1.2597013260535386,0.861102975879331,0.6,2.040000000000001,0.0
25.48,1.2600138421606055,0.8615827594252135,0.6,2.040000000000001,0.0
25.490000000000002,1.2603207613411822,0.862058099503393,0.6,2.040000000000001,0.0
25.5,1.2606222260711577,0.8625291931430835,0.6,2.040000000000001,0.0
25.51,1.2609182302115052,0.8629960322630431,0.6,2.040000000000001,0.0
25.52,1.2612088489187931,0.8634586780053071,0.6,2.040000000000001,0.0
25.53,1.2614941600748748,0.8639171940910647,0.6,2.040000000000001,0.0
25.54,1.2617742428529055,0.8643716456747952,0.6,2.040000000000001,0.0
25.55,1.2620491777899951,0.8648220993792007,0.6,2.040000000000001,0.0
25.560000000000002,1.262319046440043,0.8652686230103349,0.6,2.040000000000001,0.0
25.57,1.2625839314225074,0.8657112855778344,0.6,2.040000000000001,0.0
25.580000000000002,1.2628439164155272,0.8661501572688023,0.6,2.040000000000001,0.0
25.59,1.2630990858134024,0.8665853091652858,0.6,2.040000000000001,0.0
25.6,1.263349524815368,0.8670168132932353,0.6,2.040000000000001,0.0
25.61,1.2635953192649378,0.8674447424790908,0.6,2.040000000000001,0.0
25.62,1.263836555556348,0.8678691702575826,0.6,2.040000000000001,0.0
25.63,1.264073320530869,0.8682901707752751,0.6,2.040000000000001,0.0
25.64,1.26430570136217,0.8687078186909639,0.6,2.040000000000001,0.0
25.650000000000002,1.2645337855748249,0.8691221890772618,0.6,2.040000000000001,0.0
25.66,1.264757660732914,0.869533357379633,0.6,2.040000000000001,0.0
25.67,1.264977359005687,0.8699413569452935,0.6,2.040000000000001,0.0
25.68,1.2651930803779006,0.8703463492320221,0.6,2.040000000000001,0.0
25.69,1.2654048546245702,0.8707483659660848,0.6,2.040000000000001,0.0
25.7,1.265612770869111,0.8711474843161608,0.6,2.040000000000001,0.0
25.71,1.2658169152372336,0.8715437792763284,0.6,2.040000000000001,0.0
25.72,1.2660173743578198,0.8719373262930571,0.6,2.040000000000001,0.0
25.73,1.2662142344783893,0.8723282005391487,0.6,2.040000000000001,0.0
25.740000000000002,1.266407532781206,0.8727164768762886,0.6,2.040000000000001,0.0
25.75,1.2665974519200585,0.8731021939270328,0.6,2.040000000000001,0.0
25.76,1.2667839787404196,0.8734854976169034,0.6,2.040000000000001,0.0
25.77,1.2669672939252452,0.8738663900134458,0.6,2.040000000000001,0.0
25.78,1.267147430844692,0.8742450137348047,0.6,2.040000000000001,0.0
25.79,1.2673244711519882,0.8746214048972394,0.6,2.040000000000001,0.0
25.8,1.2674984955083424,0.8749956343884011,0.6,2.040000000000001,0.0
25.810000000000002,1.2676695835102885,0.8753677722130986,0.6,2.040000000000001,0.0
25.82,1.267837813636447,0.8757378874225878,0.6,2.040000000000001,0.0
25.830000000000002,1.268003263180278,0.8761060480615004,0.6,2.040000000000001,0.0
25.84,1.2681660081977364,0.8764723211039808,0.6,2.040000000000001,0.0
25.85,1.2683261234554526,0.8768367724025623,0.6,2.040000000000001,0.0
25.86,1.2684836823960781,0.8771994666496362,0.6,2.040000000000001,0.0
25.87,1.2686387570587305,0.8775604672920152,0.6,2.040000000000001,0.0
25.88,1.2687914180254887,0.8779198365132102,0.6,2.040000000000001,0.0
25.89,1.2689417343012168,0.8782776351179368,0.6,2.040000000000001,0.0
25.900000000000002,1.2690897738716749,0.8786339228422925,0.6,2.040000000000001,0.0
25.91,1.2692356026674005,0.8789887577427723,0.6,2.040000000000001,0.0
25.92,1.2693792852319388,0.879342196568967,0.6,2.040000000000001,0.0
25.93,1.2695208845101933,0.879694294623267,0.6,2.040000000000001,0.0
25.94,1.2696604600720478,0.8800450258805399,0.6,2.040000000000001,0.0
25.95,1.269798064197137,0.8803946052558819,0.6,2.040000000000001,0.0
25.96,1.2699337754002908,0.8807430011144697,0.6,2.040000000000001,0.0
25.97,1.2700676387116585,0.881090262398908,0.6,2.040000000000001,0.0
25.98,1.2701997087892645,0.8814364368276717,0.6,2.040000000000001,0.0
25.990000000000002,1.2703300386026235,0.8817815705631695,0.6,2.040000000000001,0.0
26.0,1.2704586794302026,0.8821257082096596,0.6,2.040000000000001,0.0
26.01,1.2705856808544502,0.8824688928074071,0.6,2.040000000000001,0.0
26.02,1.2707110907577812,0.8828111655170531,0.6,2.040000000000001,0.0
26.03,1.270834955316997,0.8831525668570342,0.6,2.040000000000001,0.0
26.04,1.2709573190066077,0.8834931348006992,0.6,2.040000000000001,0.0
26.05,1.271078224608602,0.883832906061078,0.6,2.040000000000001,0.0
26.060000000000002,1.2711977132256909,0.8841719157818526,0.6,2.040000000000001,0.0
26.07,1.2713158238293,0.8845101975490279,0.6,2.040000000000001,0.0
26.080000000000002,1.2714325936353714,0.884847783165399,0.6,2.040000000000001,0.0
26.09,1.2715480345485044,0.8851847016528339,0.6,2.040000000000001,0.0
26.1,1.2716622041063048,0.8855209718302258,0.6,2.040000000000001,0.0
26.11,1.2717751366736778,0.885856632601652,0.6,2.040000000000001,0.0
26.12,1.2718868650238275,0.886191710662136,0.6,2.040000000000001,0.0
26.13,1.271997419633715,0.8865262311518864,0.6,2.040000000000001,0.0
26.14,1.2721068291779336,0.8868602174081165,0.6,2.040000000000001,0.0
26.150000000000002,1.2722151492234621,0.887193704901542,0.6,2.040000000000001,0.0
26.16,1.2723223744507455,0.8875266988545115,0.6,2.040000000000001,0.0
26.17,1.2724285287634955,0.887859218208802,0.6,2.040000000000001,0.0
26.18,1.272533634653023,0.8881912805653411,0.6,2.040000000000001,0.0
26.19,1.2726377132409772,0.8885229022224271,0.6,2.040000000000001,0.0
26.2,1.2727407843151561,0.8888540982094908,0.6,2.040000000000001,0.0
26.21,1.2728428662845868,0.8891848823204206,0.6,2.040000000000001,0.0
26.22,1.2729439765406838,0.8895152671194394,0.6,2.040000000000001,0.0
26.23,1.273044130930725,0.889845264087337,0.6,2.040000000000001,0.0
26.240000000000002,1.2731433444376392,0.890174883463349,0.6,2.040000000000001,0.0
26.25,1.2732416305856242,0.890504134504449,0.6,2.040000000000001,0.0
26.26,1.2733390021133901,0.8908330252998358,0.6,2.040000000000001,0.0
26.27,1.273435470452261,0.8911615630371895,0.6,2.040000000000001,0.0
26.28,1.2735310460982894,0.8914897538341229,0.6,2.040000000000001,0.0
26.29,1.2736257385677732,0.8918176029009246,0.6,2.040000000000001,0.0
26.3,1.2737195564400676,0.8921451145476947,0.6,2.040000000000001,0.0
26.310000000000002,1.2738125073998068,0.8924722922245554,0.6,2.040000000000001,0.0
26.32,1.2739045982798045,0.8927991385615325,0.6,2.040000000000001,0.0
26.330000000000002,1.2739958351034195,0.8931256554092296,0.6,2.040000000000001,0.0
26.34,1.2740862231269878,0.8934518438799308,0.6,2.040000000000001,0.0
26.35,1.274175766881932,0.8937777043862584,0.6,2.040000000000001,0.0
26.36,1.2742644702175996,0.8941032366831169,0.6,2.040000000000001,0.0
26.37,1.27435233634332,0.8944284399069571,0.6,2.040000000000001,0.0
26.38,1.274439367869553,0.8947533126156118,0.6,2.040000000000001,0.0
26.39,1.274525566848629,0.8950778528283715,0.6,2.040000000000001,0.0
26.400000000000002,1.274610934815777,0.8954020580647555,0.6,2.040000000000001,0.0
26.41,1.2746954727479247,0.8957259253436588,0.6,2.040000000000001,0.0
26.42,1.2747791814350429,0.8960494513791136,0.6,2.040000000000001,0.0
26.43,1.2748620609331511,0.8963726323420363,0.6,2.040000000000001,0.0
26.44,1.2749441112803779,0.896695464218946,0.6,2.040000000000001,0.0
26.45,1.2750253318487599,0.8970179425174225,0.6,2.040000000000001,0.0
26.46,1.2751057220746247,0.8973400626409676,0.6,2.040000000000001,0.0
26.47,1.275185280883811,0.8976618196236397,0.6,2.040000000000001,0.0
26.48,1.275264007074932,0.8979832083358332,0.6,2.040000000000001,0.0
26.490000000000002,1.2753418992684717,0.8983042234765228,0.6,2.040000000000001,0.0
26.5,1.2754189559395255,0.8986248596030535,0.6,2.040000000000001,0.0
26.51,1.2754951754494381,0.8989451111651516,0.6,2.040000000000001,0.0
26.52,1.2755705560776678,0.8992649725349209,0.6,2.040000000000001,0.0
26.53,1.2756450960518715,0.8995844380365078,0.6,2.040000000000001,0.0
26.54,1.2757187935781895,0.8999035019748172,0.6,2.040000000000001,0.0
26.55,1.2757916468687642,0.9002221586636697,0.6,2.040000000000001,0.0
26.560000000000002,1.2758636541689319,0.9005404024526759,0.6,2.040000000000001,0.0
26.57,1.2759347917405393,0.9008582162477159,0.6,2.040000000000001,0.0
26.580000000000002,1.2760050807499244,0.9011756061064516,0.6,2.040000000000001,0.0
26.59,1.2760745202448274,0.9014925669808567,0.6,2.040000000000001,0.0
26.6,1.2761431093060878,0.9018090938561175,0.6,2.040000000000001,0.0
26.61,1.2762108577360411,0.9021251873662667,0.6,2.040000000000001,0.0
26.62,1.2762777555890075,0.9024408381264374,0.6,2.040000000000001,0.0
26.63,1.2763437996675908,0.9027560410133544,0.6,2.040000000000001,0.0
26.64,1.2764089877747984,0.9030707899249842,0.6,2.040000000000001,0.0
26.650000000000002,1.2764733194787379,0.9033850805527226,0.6,2.040000000000001,0.0
26.66,1.2765367945878265,0.9036989088289737,0.6,2.040000000000001,0.0
26.67,1.276599412849413,0.9040122707657203,0.6,2.040000000000001,0.0
26.68,1.276661175218399,0.9043251631713864,0.6,2.040000000000001,0.0
26.69,1.2767220819859357,0.9046375826106816,0.6,2.040000000000001,0.0
26.7,1.2767821340454815,0.9049495261143565,0.6,2.040000000000001,0.0
26.71,1.2768413325885866,0.9052609910159202,0.6,2.040000000000001,0.0
26.72,1.276899679113341,0.9055719749604033,0.6,2.040000000000001,0.0
26.73,1.2769571751104094,0.905882475716705,0.6,2.040000000000001,0.0
26.740000000000002,1.2770137954698626,0.9061924919602078,0.6,2.040000000000001,0.0
26.75,1.277069524093826,0.9065020221214573,0.6,2.040000000000001,0.0
26.76,1.2771244168424851,0.906811065158319,0.6,2.040000000000001,0.0
26.77,1.2771784735969898,0.9071195716331407,0.6,2.040000000000001,0.0
26.78,1.277231700648894,0.9074276386822971,0.6,2.040000000000001,0.0
26.79,1.277284037629344,0.9077352174921504,0.6,2.040000000000001,0.0
26.8,1.2773355709961143,0.9080422775847121,0.6,2.040000000000001,0.0
26.810000000000002,1.2773862901161446,0.9083488285775743,0.6,2.040000000000001,0.0
26.82,1.2774362202579552,0.9086549160746297,0.6,2.040000000000001,0.0
26.830000000000002,1.2774853122862788,0.908960508555593,0.6,2.040000000000001,0.0
26.84,1.2775336134554298,0.9092656234452858,0.6,2.040000000000001,0.0
26.85,1.2775811049652082,0.9095702514131473,0.6,2.040000000000001,0.0
26.86,1.2776277974318127,0.9098743983892977,0.6,2.040000000000001,0.0
26.87,1.2776737004976693,0.9101780694281639,0.6,2.040000000000001,0.0
26.88,1.2777188225468687,0.9104812687643635,0.6,2.040000000000001,0.0
26.89,1.2777631715241282,0.91078400042839,0.6,2.040000000000001,0.0
26.900000000000002,1.2778067552335666,0.9110862684519897,0.6,2.040000000000001,0.0
26.91,1.2778495815068935,0.9113880769920003,0.6,2.040000000000001,0.0
26.92,1.2778916582842195,0.9116894303764363,0.6,2.040000000000001,0.0
26.93,1.277932993673092,0.9119903331581002,0.6,2.040000000000001,0.0
26.94,1.2779735959717953,0.9122907901102922,0.6,2.040000000000001,0.0
26.95,1.2780134721991487,0.9125908051949644,0.6,2.040000000000001,0.0
26.96,1.2780526285780047,0.9128903821566693,0.6,2.040000000000001,0.0
26.97,1.2780910749560341,0.9131895270735619,0.6,2.040000000000001,0.0
26.98,1.2781288211422566,0.9134882460855814,0.6,2.040000000000001,0.0
26.990000000000002,1.2781658770341124,0.9137865455023853,0.6,2.040000000000001,0.0
27.0,1.2782022526325205,0.9140844317866453,0.6,2.040000000000001,0.0
27.01,1.2782379580911842,0.9143819115694762,0.6,2.040000000000001,0.0
27.02,1.2782730036598027,0.9146789916434152,0.6,2.040000000000001,0.0
27.03,1.278307399722173,0.9149756789572977,0.6,2.040000000000001,0.0
27.04,1.2783411567753948,0.915271980608895,0.6,2.040000000000001,0.0
27.05,1.2783742854301396,0.9155679038369375,0.6,2.040000000000001,0.0
27.060000000000002,1.2784067963961427,0.9158634560135697,0.6,2.040000000000001,0.0
27.07,1.2784387004783733,0.9161586446333916,0.6,2.040000000000001,0.0
27.080000000000002,1.2784700085747742,0.9164534773021668,0.6,2.040000000000001,0.0
27.09,1.2785007316470083,0.9167479617321816,0.6,2.040000000000001,0.0
27.1,1.278530880727254,0.9170421057186618,0.6,2.040000000000001,0.0
27.11,1.278560466897472,0.9173359171398977,0.6,2.040000000000001,0.0
27.12,1.278589501289515,0.9176294039444167,0.6,2.040000000000001,0.0
27.13,1.2786179950556251,0.9179225741344105,0.6,2.040000000000001,0.0
27.14,1.2786459593818196,0.9182154357592156,0.6,2.040000000000001,0.0
27.150000000000002,1.2786734054557785,0.9185079968987314,0.6,2.040000000000001,0.0
27.16,1.2787003444633063,0.918800265661107,0.6,2.040000000000001,0.0
27.17,1.2787267875782933,0.9190922501557973,0.6,2.040000000000001,0.0
27.18,1.2787527459505257,0.9193839585005981,0.6,2.040000000000001,0.0
27.19,1.2787782306996407,0.9196753988030714,0.6,2.040000000000001,0.0
27.2,1.2788032528955344,0.9199665791415548,0.6,2.040000000000001,0.0
27.21,1.278827823555153,0.9202575075643828,0.6,2.040000000000001,0.0
27.22,1.2788519536292249,0.9205481920832672,0.6,2.040000000000001,0.0
27.23,1.2788756521663567,0.9208386404857279,0.6,2.040000000000001,0.0
27.240000000000002,1.2788989296282218,0.9211288596847961,0.6,2.040000000000001,0.0
27.25,1.278921796642065,0.9214188574337707,0.6,2.040000000000001,0.0
27.26,1.2789442637275108,0.9217086414640291,0.6,2.040000000000001,0.0
27.27,1.2789663413012373,0.921998219412035,0.6,2.040000000000001,0.0
27.28,1.2789880396639068,0.922287598822611,0.6,2.040000000000001,0.0
27.29,1.2790093690009499,0.9225767871385111,0.6,2.040000000000001,0.0
27.3,1.279030370630734,0.9228657916921031,0.6,2.040000000000001,0.0
27.310000000000002,1.279051022033925,0.9231546357704994,0.6,2.040000000000001,0.0
27.32,1.2790713328604362,0.9234433094058476,0.6,2.040000000000001,0.0
27.330000000000002,1.2790913126011718,0.9237318194871093,0.6,2.040000000000001,0.0
27.34,1.279110970578048,0.9240201727640107,0.6,2.040000000000001,0.0
27.35,1.2791303159378122,0.92430837583734,0.6,2.040000000000001,0.0
27.36,1.2791493576466948,0.9245964351525033,0.6,2.040000000000001,0.0
27.37,1.279168088067358,0.924884356996822,0.6,2.040000000000001,0.0
27.38,1.279186526419775,0.9251721474932403,0.6,2.040000000000001,0.0
27.39,1.2792046903606569,0.9254598125911133,0.6,2.040000000000001,0.0
27.400000000000002,1.2792225888237685,0.9257473490425161,0.6,2.040000000000001,0.0
27.41,1.2792402172949804,0.9260347695454455,0.6,2.040000000000001,0.0
27.42,1.2792576004209812,0.926322084511987,0.6,2.040000000000001,0.0
27.43,1.2792747399999271,0.9266092982450369,0.6,2.040000000000001,0.0
27.44,1.2792916395920473,0.9268964142939623,0.6,2.040000000000001,0.0
27.45,1.2793082936002838,0.927183436621957,0.6,2.040000000000001,0.0
27.46,1.2793247284044302,0.9274703646066185,0.6,2.040000000000001,0.0
27.47,1.2793409472619142,0.9277572114429885,0.6,2.040000000000001,0.0
27.48,1.279356966036788,0.9280439802780984,0.6,2.040000000000001,0.0
27.490000000000002,1.2793727765618437,0.9283306767376702,0.6,2.040000000000001,0.0
27.5,1.279388390842639,0.9286173008859568,0.6,2.040000000000001,0.0
27.51,1.2794038071834561,0.9289038561330979,0.6,2.040000000000001,0.0
27.52,1.2794190332925117,0.9291903448961822,0.6,2.040000000000001,0.0
27.53,1.2794340783585383,0.9294767723886748,0.6,2.040000000000001,0.0
27.54,1.2794489482691902,0.929763142141582,0.6,2.040000000000001,0.0
27.55,1.279463653073369,0.9300494571157512,0.6,2.040000000000001,0.0
27.560000000000002,1.279478191879128,0.9303357216017086,0.6,2.040000000000001,0.0
27.57,1.2794925691780115,0.9306219360861456,0.6,2.040000000000001,0.0
27.580000000000002,1.2795067869892318,0.9309081025604384,0.6,2.040000000000001,0.0
27.59,1.2795208495754895,0.9311942226212678,0.6,2.040000000000001,0.0
27.6,1.279534759719935,0.9314802984550905,0.6,2.040000000000001,0.0
27.61,1.2795485293895017,0.9317663315744967,0.6,2.040000000000001,0.0
27.62,1.2795621558106702,0.9320523259015614,0.6,2.040000000000001,0.0
27.63,1.2795756421086133,0.9323382808207521,0.6,2.040000000000001,0.0
27.64,1.2795889917493586,0.932624197618629,0.6,2.040000000000001,0.0
27.650000000000002,1.2796022079336413,0.9329100774405537,0.6,2.040000000000001,0.0
27.66,1.2796152936110725,0.9331959212563883,0.6,2.040000000000001,0.0
27.67,1.2796282515283608,0.9334817298537209,0.6,2.040000000000001,0.0
27.68,1.2796410842410042,0.9337675038553853,0.6,2.040000000000001,0.0
27.69,1.2796537941220325,0.9340532437267095,0.6,2.040000000000001,0.0
27.7,1.2796663833715076,0.9343389497815724,0.6,2.040000000000001,0.0
27.71,1.2796788540237811,0.9346246221870058,0.6,2.040000000000001,0.0
27.72,1.2796912079586436,0.9349102609722155,0.6,2.040000000000001,0.0
27.73,1.2797034469050783,0.9351958660314705,0.6,2.040000000000001,0.0
27.740000000000002,1.2797155724467,0.9354814371301468,0.6,2.040000000000001,0.0
27.75,1.2797275860316786,0.9357669739112486,0.6,2.040000000000001,0.0
27.76,1.2797394889747875,0.9360524758985957,0.6,2.040000000000001,0.0
27.77,1.279751282467989,0.936337942504324,0.6,2.040000000000001,0.0
27.78,1.2797629675825788,0.9366233730323945,0.6,2.040000000000001,0.0
27.79,1.279774545278022,0.9369087666849,0.6,2.040000000000001,0.0
27.8,1.2797860164047705,0.9371941225668349,0.6,2.040000000000001,0.0
27.810000000000002,1.279797381711183,0.9374794396918731,0.6,2.040000000000001,0.0
27.82,1.2798086418496424,0.9377647169871034,0.6,2.040000000000001,0.0
27.830000000000002,1.2798197973822047,0.9380499532981376,0.6,2.040000000000001,0.0
27.84,1.279830848784461,0.9383351473957887,0.6,2.040000000000001,0.0
27.85,1.2798417964533924,0.9386202979786386,0.6,2.040000000000001,0.0
27.86,1.2798526407105293,0.9389054036805137,0.6,2.040000000000001,0.0
27.87,1.2798633818107,0.9391904630758737,0.6,2.040000000000001,0.0
27.88,1.2798740199432113,0.9394754746819973,0.6,2.040000000000001,0.0
27.89,1.2798845552392282,0.939760436968195,0.6,2.040000000000001,0.0
27.900000000000002,1.2798949877782115,0.9400453483577595,0.6,2.040000000000001,0.0
27.91,1.2799053175924178,0.9403302072338467,0.6,2.040000000000001,0.0
27.92,1.2799155446666937,0.940615011944827,0.6,2.040000000000001,0.0
27.93,1.2799256689538046,0.9408997608100801,0.6,2.040000000000001,0.0
27.94,1.2799356903704935,0.9411844521219637,0.6,2.040000000000001,0.0
27.95,1.2799456088078534,0.9414690841545525,0.6,2.040000000000001,0.0
27.96,1.279955424126425,0.9417536551642185,0.6,2.040000000000001,0.0
27.97,1.2799651361784938,0.9420381633978626,0.6,2.040000000000001,0.0
27.98,1.2799747447987833,0.9423226070968487,0.6,2.040000000000001,0.0
27.990000000000002,1.2799842498085627,0.9426069844964695,0.6,2.040000000000001,0.0
28.0,1.2799936510264867,0.9428912938408487,0.6,2.040000000000001,0.0
28.01,1.2800029482655257,0.9431755333791495,0.6,2.040000000000001,0.0
28.02,1.280012141351389,0.9434597013651419,0.6,2.040000000000001,0.0
28.03,1.2800212301110296,0.9437437960766742,0.6,2.040000000000001,0.0
28.04,1.2800302101458212,0.9440278125002661,0.6,2.040000000000001,0.0
28.05,1.2800390847271523,0.9443117514843306,0.6,2.040000000000001,0.0
28.060000000000002,1.2800478553806696,0.9445956125911796,0.6,2.040000000000001,0.0
28.07,1.2800565207779,0.9448793933181667,0.6,2.040000000000001,0.0
28.080000000000002,1.2800650808860854,0.9451630921107607,0.6,2.040000000000001,0.0
28.09,1.2800735356170931,0.9454467073729681,0.6,2.040000000000001,0.0
28.1,1.2800818849666395,0.9457302375915964,0.6,2.040000000000001,0.0
28.11,1.280090127886468,0.9460136804558081,0.6,2.040000000000001,0.0
28.12,1.2800982641375631,0.9462970341319553,0.6,2.040000000000001,0.0
28.13,1.280106293636433,0.9465802970405967,0.6,2.040000000000001,0.0
28.14,1.2801142163225947,0.9468634676268659,0.6,2.040000000000001,0.0
28.150000000000002,1.2801220321697948,0.9471465443696591,0.6,2.040000000000001,0.0
28.16,1.2801297352567869,0.9474295257841252,0.6,2.040000000000001,0.0
28.17,1.2801373342605347,0.9477124045415537,0.6,2.040000000000001,0.0
28.18,1.280144826717264,0.9479951879024936,0.6,2.040000000000001,0.0
28.19,1.280152212821647,0.9482778719210186,0.6,2.040000000000001,0.0
28.2,1.2801594929594964,0.948560455441703,0.6,2.040000000000001,0.0
28.21,1.280166667626725,0.9488429375629978,0.6,2.040000000000001,0.0
28.22,1.2801737375212252,0.9491253175860346,0.6,2.040000000000001,0.0
28.23,1.280180703669404,0.9494075952393262,0.6,2.040000000000001,0.0
28.240000000000002,1.2801875676076258,0.9496897710466431,0.6,2.040000000000001,0.0
28.25,1.2801943270206915,0.9499718405929772,0.6,2.040000000000001,0.0
28.26,1.2802009811883504,0.9502538020370683,0.6,2.040000000000001,0.0
28.27,1.2802075308041623,0.9505356542798598,0.6,2.040000000000001,0.0
28.28,1.280213976965865,0.9508173871710184,0.6,2.040000000000001,0.0
28.29,1.280220321440933,0.9510990216560865,0.6,2.040000000000001,0.0
28.3,1.280226564758196,0.9513805465781069,0.6,2.040000000000001,0.0
28.310000000000002,1.2802327075797815,0.9516619620027522,0.6,2.040000000000001,0.0
28.32,1.2802387500196952,0.9519432651036872,0.6,2.040000000000001,0.0
28.330000000000002,1.2802446902948668,0.9522244534236775,0.6,2.040000000000001,0.0
28.34,1.2802505300211844,0.9525055274346796,0.6,2.040000000000001,0.0
28.35,1.280256270632854,0.952786487094918,0.6,2.040000000000001,0.0
28.36,1.280261913283174,0.9530673321649624,0.6,2.040000000000001,0.0
28.37,1.2802674590298764,0.9533480623989946,0.6,2.040000000000001,0.0
28.38,1.280272908899312,0.9536286775391973,0.6,2.040000000000001,0.0
28.39,1.2802782639128176,0.9539091773233489,0.6,2.040000000000001,0.0
28.400000000000002,1.2802835250957618,0.9541895614989081,0.6,2.040000000000001,0.0
28.41,1.2802886934881665,0.9544698298304074,0.6,2.040000000000001,0.0
28.42,1.2802937701497337,0.9547499821062676,0.6,2.040000000000001,0.0
28.43,1.2802987561630053,0.9550300181422666,0.6,2.040000000000001,0.0
28.44,1.2803036526318639,0.9553099377831312,0.6,2.040000000000001,0.0
28.45,1.2803084606856723,0.955589740903074,0.6,2.040000000000001,0.0
28.46,1.2803131814790873,0.9558694274080594,0.6,2.040000000000001,0.0
28.47,1.2803178161880606,0.9561489972350777,0.6,2.040000000000001,0.0
28.48,1.2803223660136878,0.9564284503515553,0.6,2.040000000000001,0.0
28.490000000000002,1.2803268321760324,0.9567077867515006,0.6,2.040000000000001,0.0
28.5,1.2803312159177898,0.9569870064598239,0.6,2.040000000000001,0.0
28.51,1.2803355185015772,0.9572661095269702,0.6,2.040000000000001,0.0
28.52,1.2803397412072572,0.9575450960286388,0.6,2.040000000000001,0.0
28.53,1.2803438853318003,0.957823966067419,0.6,2.040000000000001,0.0
28.54,1.2803479521875243,0.958102719767275,0.6,2.040000000000001,0.0
28.55,1.2803519431013115,0.958381357272736,0.6,2.040000000000001,0.0
28.560000000000002,1.2803558594113635,0.9586598787515852,0.6,2.040000000000001,0.0
28.57,1.2803597024674982,0.9589382843890356,0.6,2.040000000000001,0.0
28.580000000000002,1.2803634736291452,0.9592165743879904,0.6,2.040000000000001,0.0
28.59,1.2803671742635174,0.9594947489650805,0.6,2.040000000000001,0.0
28.6,1.2803708057438,0.9597728083540996,0.6,2.040000000000001,0.0
28.61,1.2803743694486873,0.9600507528003448,0.6,2.040000000000001,0.0
28.62,1.2803778667596522,0.9603285825597994,0.6,2.040000000000001,0.0
28.63,1.2803812990599819,0.9606062978994101,0.6,2.040000000000001,0.0
28.64,1.2803846677333506,0.960883899093797,0.6,2.040000000000001,0.0
28.650000000000002,1.2803879741627042,0.9611613864261382,0.6,2.040000000000001,0.0
28.66,1.2803912197285223,0.9614387601858484,0.6,2.040000000000001,0.0
28.67,1.2803944058072658,0.9617160206638422,0.6,2.040000000000001,0.0
28.68,1.2803975337697746,0.9619931681575341,0.6,2.040000000000001,0.0
28.69,1.280400604979866,0.9622702029632219,0.6,2.040000000000001,0.0
28.7,1.280403620795505,0.962547125381383,0.6,2.040000000000001,0.0
28.71,1.2804065825629491,0.9628239357100734,0.6,2.040000000000001,0.0
28.72,1.2804094916195443,0.9631006342465814,0.6,2.040000000000001,0.0
28.73,1.2804123492910868,0.9633772212857443,0.6,2.040000000000001,0.0
28.740000000000002,1.2804151568904825,0.9636536971208216,0.6,2.040000000000001,0.0
28.75,1.2804179157173814,0.9639300620407193,0.6,2.040000000000001,0.0
28.76,1.2804206270566638,0.9642063163302882,0.6,2.040000000000001,0.0
28.77,1.2804232921776315,0.9644824602702866,0.6,2.040000000000001,0.0
28.78,1.2804259123338861,0.9647584941369176,0.6,2.040000000000001,0.0
28.79,1.2804284887618522,0.9650344182013494,0.6,2.040000000000001,0.0
28.8,1.2804310226802338,0.9653102327331126,0.6,2.040000000000001,0.0
28.810000000000002,1.2804335152910529,0.9655859379954522,0.6,2.040000000000001,0.0
28.82,1.2804359677779504,0.9658615342502961,0.6,2.040000000000001,0.0
28.830000000000002,1.280438381306225,0.9661370217676853,0.6,2.040000000000001,0.0
28.84,1.2804407570198562,0.9664124008093973,0.6,2.040000000000001,0.0
28.85,1.2804430960575008,0.9666876716528576,0.6,2.040000000000001,0.0
28.86,1.2804453995256841,0.9669628345800552,0.6,2.040000000000001,0.0
28.87,1.2804476685395965,0.9672378898737759,0.6,2.040000000000001,0.0
28.88,1.2804499041659818,0.9675128378692913,0.6,2.040000000000001,0.0
28.89,1.2804521068439125,0.9677876789369046,0.6,2.040000000000001,0.0
28.900000000000002,1.2804542775412475,0.9680624119726196,0.6,2.040000000000001,0.0
28.91,1.2804564172099497,0.9683370363840622,0.6,2.040000000000001,0.0
28.92,1.280458526767889,0.9686115520867792,0.6,2.040000000000001,0.0
28.93,1.280460607167696,0.9688859590146328,0.6,2.040000000000001,0.0
28.94,1.2804626592099517,0.9691602573143665,0.6,2.040000000000001,0.0
28.95,1.2804646813755791,0.9694344466469333,0.6,2.040000000000001,0.0
28.96,1.2804666771541195,0.9697085168280991,0.6,2.040000000000001,0.0
28.97,1.2804686475463338,0.9699824828377576,0.6,2.040000000000001,0.0
28.98,1.2804705938425487,0.970256337483372,0.6,2.040000000000001,0.0
28.990000000000002,1.2804725151235279,0.9705300825150783,0.6,2.040000000000001,0.0
29.0,1.2804744129308725,0.9708037188141765,0.6,2.040000000000001,0.0
29.01,1.2804762880787974,0.971077246624896,0.6,2.040000000000001,0.0
29.02,1.2804781431729253,0.9713506760907861,0.6,2.040000000000001,0.0
29.03,1.2804799767428123,0.9716239957975438,0.6,2.040000000000001,0.0
29.04,1.280481789396498,0.9718972065463877,0.6,2.040000000000001,0.0
29.05,1.2804835817122624,0.9721703083571268,0.6,2.040000000000001,0.0
29.060000000000002,1.280485354226676,0.9724433005353232,0.6,2.040000000000001,0.0
29.07,1.2804871074565076,0.9727161829789471,0.6,2.040000000000001,0.0
29.080000000000002,1.2804888418936606,0.9729889553387967,0.6,2.040000000000001,0.0
29.09,1.2804905580081758,0.973261617252237,0.6,2.040000000000001,0.0
29.1,1.280492256247002,0.9735341683562431,0.6,2.040000000000001,0.0
29.11,1.2804939370069894,0.9738066082674668,0.6,2.040000000000001,0.0
29.12,1.2804956005748636,0.9740789365928088,0.6,2.040000000000001,0.0
29.13,1.2804972473572347,0.9743511522491815,0.6,2.040000000000001,0.0
29.14,1.2804988777423985,0.974623254383061,0.6,2.040000000000001,0.0
29.150000000000002,1.2805004920902374,0.9748952426794195,0.6,2.040000000000001,0.0
29.16,1.2805020907322013,0.9751671168751714,0.6,2.040000000000001,0.0
29.17,1.2805036739781126,0.9754388766909463,0.6,2.040000000000001,0.0
29.18,1.2805052421139131,0.975710521780197,0.6,2.040000000000001,0.0
29.19,1.280506795403957,0.9759820517341606,0.6,2.040000000000001,0.0
29.2,1.2805083340946866,0.9762534661213932,0.6,2.040000000000001,0.0
29.21,1.280509858410184,0.9765247644581998,0.6,2.040000000000001,0.0
29.22,1.2805113685578566,0.976795946255609,0.6,2.040000000000001,0.0
29.23,1.2805128647277266,0.9770670110077928,0.6,2.040000000000001,0.0
29.240000000000002,1.2805143470925602,0.9773379581909948,0.6,2.040000000000001,0.0
29.25,1.2805158158090633,0.9776087872699576,0.6,2.040000000000001,0.0
29.26,1.2805172710186352,0.9778794977015723,0.6,2.040000000000001,0.0
29.27,1.280518712847987,0.9781500889226683,0.6,2.040000000000001,0.0
29.28,1.2805201414115117,0.9784205603592279,0.6,2.040000000000001,0.0
29.29,1.2805215568084658,0.9786909114392103,0.6,2.040000000000001,0.0
29.3,1.2805229591266027,0.9789611415827887,0.6,2.040000000000001,0.0
29.310000000000002,1.2805243484428013,0.9792312501897718,0.6,2.040000000000001,0.0
29.32,1.2805257248218604,0.9795012366756423,0.6,2.040000000000001,0.0
29.330000000000002,1.2805270883191664,0.9797711004313889,0.6,2.040000000000001,0.0
29.34,1.280528438980359,0.980040840857846,0.6,2.040000000000001,0.0
29.35,1.2805297768414858,0.9803104573308407,0.6,2.040000000000001,0.0
29.36,1.2805311019308805,0.9805799492560385,0.6,2.040000000000001,0.0
29.37,1.280532414270903,0.9808493160024864,0.6,2.040000000000001,0.0
29.38,1.2805337138741213,0.9811185569643057,0.6,2.040000000000001,0.0
29.39,1.2805350007492573,0.9813876715361313,0.6,2.040000000000001,0.0
29.400000000000002,1.28053627489754,0.9816566590966279,0.6,2.040000000000001,0.0
29.41,1.280537536316389,0.981925519048662,0.6,2.040000000000001,0.0
29.42,1.2805387849991214,0.9821942507879429,0.6,2.040000000000001,0.0
29.43,1.2805400209335225,0.9824628536969777,0.6,2.040000000000001,0.0
29.44,1.2805412441072277,0.9827313271767544,0.6,2.040000000000001,0.0
29.45,1.280542454501535,0.9829996706636565,0.6,2.040000000000001,0.0
29.46,1.2805436520968143,0.9832678835807016,0.6,2.040000000000001,0.0
29.47,1.2805448368762495,0.9835359653389659,0.6,2.040000000000001,0.0
29.48,1.2805460088163774,0.9838039153862347,0.6,2.040000000000001,0.0
29.490000000000002,1.2805471678965286,0.9840717331891963,0.6,2.040000000000001,0.0
29.5,1.280548314095099,0.9843394172718806,0.6,2.040000000000001,0.0
29.51,1.2805494473252017,0.9846069669824762,0.6,2.040000000000001,0.0
29.52,1.280550567534853,0.9848743817015763,0.6,2.040000000000001,0.0
29.53,1.2805516746956909,0.9851416607938123,0.6,2.040000000000001,0.0
29.54,1.280552768779523,0.9854088036277194,0.6,2.040000000000001,0.0
29.55,1.28055384975967,0.9856758095718503,0.6,2.040000000000001,0.0
29.560000000000002,1.2805549176117585,0.9859426780137468,0.6,2.040000000000001,0.0
29.57,1.280555972312585,0.986209408328944,0.6,2.040000000000001,0.0
29.580000000000002,1.2805570138426783,0.9864759999102044,0.6,2.040000000000001,0.0
29.59,1.2805580421834428,0.9867424521576419,0.6,2.040000000000001,0.0
29.6,1.280559057321163,0.9870087644653506,0.6,2.040000000000001,0.0
29.61,1.280560059244086,0.9872749362514359,0.6,2.040000000000001,0.0
29.62,1.2805610479444953,0.9875409669347774,0.6,2.040000000000001,0.0
29.63,1.2805620234463657,0.9878068562357435,0.6,2.040000000000001,0.0
29.64,1.2805629857231373,0.988072603270721,0.6,2.040000000000001,0.0
29.650000000000002,1.2805639347770166,0.988338207466666,0.6,2.040000000000001,0.0
29.66,1.2805648706163253,0.9886036682926598,0.6,2.040000000000001,0.0
29.67,1.2805657932530687,0.98886898518123,0.6,2.040000000000001,0.0
29.68,1.2805667015363271,0.9891341443245945,0.6,2.040000000000001,0.0
29.69,1.280567596679596,0.9893991596776938,0.6,2.040000000000001,0.0
29.7,1.2805684787311626,0.9896640298426976,0.6,2.040000000000001,0.0
29.71,1.2805693477504128,0.9899287533777493,0.6,2.040000000000001,0.0
29.72,1.2805702038212095,0.990193330642547,0.6,2.040000000000001,0.0
29.73,1.2805710473409542,0.9904577619736307,0.6,2.040000000000001,0.0
29.740000000000002,1.280571877759778,0.9907220501100834,0.6,2.040000000000001,0.0
29.75,1.2805726952985501,0.9909862081019448,0.6,2.040000000000001,0.0
29.76,1.2805734998756078,0.9912501967998317,0.6,2.040000000000001,0.0
29.77,1.2805742934541324,0.9915140385386289,0.6,2.040000000000001,0.0
29.78,1.2805750728257714,0.991777752091684,0.6,2.040000000000001,0.0
29.79,1.2805758397119025,0.992041294563332,0.6,2.040000000000001,0.0
29.8,1.2805765941997027,0.9923046870951134,0.6,2.040000000000001,0.0
29.810000000000002,1.2805773358658787,0.9925679338058976,0.6,2.040000000000001,0.0
29.82,1.2805780651547274,0.9928310264614855,0.6,2.040000000000001,0.0
29.830000000000002,1.2805787821972723,0.9930939679271077,0.6,2.040000000000001,0.0
29.84,1.2805794871093288,0.9933567581873849,0.6,2.040000000000001,0.0
29.85,1.2805801800056629,0.9936193970346081,0.6,2.040000000000001,0.0
29.86,1.2805808610022846,0.9938818842315044,0.6,2.040000000000001,0.0
29.87,1.2805815302174293,0.9941442195062061,0.6,2.040000000000001,0.0
29.88,1.2805821877720127,0.9944064025418702,0.6,2.040000000000001,0.0
29.89,1.2805828337904106,0.9946684330072109,0.6,2.040000000000001,0.0
29.900000000000002,1.2805834684002941,0.994930324672567,0.6,2.040000000000001,0.0
29.91,1.2805840917325202,0.9951920637656588,0.6,2.040000000000001,0.0
29.92,1.2805847039217377,0.9954536496551729,0.6,2.040000000000001,0.0
29.93,1.280585305105587,0.9957150812651355,0.6,2.040000000000001,0.0
29.94,1.2805858954250187,0.9959763583049979,0.6,2.040000000000001,0.0
29.95,1.2805864759732941,0.9962374805253011,0.6,2.040000000000001,0.0
29.96,1.2805870459128634,0.9964984476932448,0.6,2.040000000000001,0.0
29.97,1.280587605401401,0.9967592599129926,0.6,2.040000000000001,0.0
29.98,1.2805881545923408,0.9970199166361067,0.6,2.040000000000001,0.0
29.990000000000002,1.2805886936394455,0.9972804175948171,0.6,2.040000000000001,0.0
30.0,1.2805892226992135,0.9975407625179336,0.6,2.040000000000001,0.0
30.01,1.2805897419311136,0.997800951156886,0.6,2.040000000000001,0.0
30.02,1.2805902514964709,0.9980609832664096,0.6,2.040000000000001,0.0
30.03,1.2805907515583599,0.9983208586017197,0.6,2.040000000000001,0.0
30.04,1.2805912422818269,0.9985805769225039,0.6,2.040000000000001,0.0
30.05,1.280591723832915,0.9988401379861669,0.6,2.040000000000001,0.0
30.060000000000002,1.2805921963795344,0.9990995415655385,0.6,2.040000000000001,0.0
30.07,1.2805926600902515,0.9993587874209422,0.6,2.040000000000001,0.0
30.080000000000002,1.2805931151345602,0.9996178753226778,0.6,2.040000000000001,0.0
30.09,1.2805935616827826,0.9998768050449409,0.6,2.040000000000001,0.0
30.1,1.2805939999054372,1.0001355763621276,0.6,2.040000000000001,0.0
30.11,1.2805944299738004,1.0003941890555759,0.6,2.040000000000001,0.0
30.12,1.2805948520588062,1.000652642906924,0.6,2.040000000000001,0.0
30.13,1.280595266331651,1.0009109376993517,0.6,2.040000000000001,0.0
30.14,1.2805956729630918,1.001169073219552,0.6,2.040000000000001,0.0
30.150000000000002,1.2805960721233767,1.0014270492552901,0.6,2.040000000000001,0.0
30.16,1.2805964639824161,1.0016848656008637,0.6,2.040000000000001,0.0
30.17,1.2805968487090342,1.001942522045364,0.6,2.040000000000001,0.0
30.18,1.2805972264712,1.0022000183875508,0.6,2.040000000000001,0.0
30.19,1.2805975974360475,1.0024573544209159,0.6,2.040000000000001,0.0
30.2,1.2805979617689998,1.0027145299454288,0.6,2.040000000000001,0.0
30.21,1.280598319634416,1.0029715447594354,0.6,2.040000000000001,0.0
30.22,1.2805986711949755,1.0032283986598585,0.6,2.040000000000001,0.0
30.23,1.2805990166116563,1.0034850914499764,0.6,2.040000000000001,0.0
30.240000000000002,1.2805993555306612,1.003741608218749,0.6,2.040000000000001,0.0
30.25,1.2805996886517932,1.0039979632507694,0.6,2.040000000000001,0.0
30.26,1.2806000161298359,1.0042541584450961,0.6,2.040000000000001,0.0
30.27,1.2806003381176563,1.0045101906640186,0.6,2.040000000000001,0.0
30.28,1.2806006547662958,1.004766060624652,0.6,2.040000000000001,0.0
30.29,1.2806009662241409,1.0050217684301075,0.6,2.040000000000001,0.0
30.3,1.280601272637073,1.0052773138911129,0.6,2.040000000000001,0.0
30.310000000000002,1.2806015741483978,1.005532696840837,0.6,2.040000000000001,0.0
30.32,1.280601870898784,1.0057879171213162,0.6,2.040000000000001,0.0
30.330000000000002,1.2806021630262523,1.006042974573945,0.6,2.040000000000001,0.0
30.34,1.2806024506663114,1.0062978690366833,0.6,2.040000000000001,0.0
30.35,1.280602733951496,1.0065526003535885,0.6,2.040000000000001,0.0
30.36,1.2806030130118957,1.0068071683820823,0.6,2.040000000000001,0.0
30.37,1.2806032880792513,1.007061572973527,0.6,2.040000000000001,0.0
30.38,1.280603559126744,1.0073158139980443,0.6,2.040000000000001,0.0
30.39,1.2806038262692292,1.007569891329904,0.6,2.040000000000001,0.0
30.400000000000002,1.280604089625473,1.0078238048451051,0.6,2.040000000000001,0.0
30.41,1.2806043493057346,1.0080775544390377,0.6,2.040000000000001,0.0
30.42,1.2806046059018636,1.0083311399946198,0.6,2.040000000000001,0.0
30.43,1.2806048589606787,1.0085845651409395,0.6,2.040000000000001,0.0
30.44,1.2806051086493166,1.0088378205027093,0.6,2.040000000000001,0.0
30.45,1.280605354709424,1.0090909141201054,0.6,2.040000000000001,0.0
30.46,1.280605598049187,1.009343841422628,0.6,2.040000000000001,0.0
30.47,1.2806058379670784,1.0095966027011845,0.6,2.040000000000001,0.0
30.48,1.28060607528941,1.0098492200456068,0.6,2.040000000000001,0.0
30.490000000000002,1.2806063093432887,1.010101647129117,0.6,2.040000000000001,0.0
30.5,1.2806065409848408,1.0103539126223824,0.6,2.040000000000001,0.0
30.51,1.2806067698415449,1.0106060107847996,0.6,2.040000000000001,0.0
30.52,1.280606995982016,1.0108579641387494,0.6,2.040000000000001,0.0
30.53,1.280607219509464,1.011109727411521,0.6,2.040000000000001,0.0
30.54,1.280607440415849,1.011361347092122,0.6,2.040000000000001,0.0
30.55,1.2806076588833541,1.0116127773788206,0.6,2.040000000000001,0.0
30.560000000000002,1.2806078749943526,1.0118640417838598,0.6,2.040000000000001,0.0
30.57,1.2806080888085705,1.0121151357876692,0.6,2.040000000000001,0.0
30.580000000000002,1.2806083003826598,1.0123660620744674,0.6,2.040000000000001,0.0
30.59,1.2806085097028415,1.0126168206630781,0.6,2.040000000000001,0.0
30.6,1.2806087168788667,1.0128674115572824,0.6,2.040000000000001,0.0
30.61,1.2806089219613954,1.0131178346299323,0.6,2.040000000000001,0.0
30.62,1.2806091249965283,1.0133680896800505,0.6,2.040000000000001,0.0
30.63,1.280609326027813,1.013618176454352,0.6,2.040000000000001,0.0
30.64,1.2806095250958256,1.0138680946499752,0.6,2.040000000000001,0.0
30.650000000000002,1.2806097222388224,1.0141178439566867,0.6,2.040000000000001,0.0
30.66,1.2806099174922931,1.0143674240873892,0.6,2.040000000000001,0.0
30.67,1.2806101108892767,1.0146168347683482,0.6,2.040000000000001,0.0
30.68,1.2806103024604518,1.014866075784996,0.6,2.040000000000001,0.0
30.69,1.2806104922342163,1.0151151469542015,0.6,2.040000000000001,0.0
30.7,1.2806106802367077,1.0153640480959294,0.6,2.040000000000001,0.0
30.71,1.2806108664919476,1.0156127790424425,0.6,2.040000000000001,0.0
30.72,1.2806110510219282,1.0158613396196983,0.6,2.040000000000001,0.0
30.73,1.2806112338466802,1.016109729643156,0.6,2.040000000000001,0.0
30.740000000000002,1.2806114149843613,1.016357948928607,0.6,2.040000000000001,0.0
30.75,1.2806115944513472,1.0166059972882786,0.6,2.040000000000001,0.0
30.76,1.2806117722622936,1.0168538745299183,0.6,2.040000000000001,0.0
30.77,1.2806119484302674,1.0171015804631496,0.6,2.040000000000001,0.0
30.78,1.2806121229667522,1.0173491148932405,0.6,2.040000000000001,0.0
30.79,1.2806122958817947,1.0175964776334188,0.6,2.040000000000001,0.0
30.8,1.2806124671841,1.017843668494987,0.6,2.040000000000001,0.0
30.810000000000002,1.2806126368810793,1.0180906872867266,0.6,2.040000000000001,0.0
30.82,1.2806128049789192,1.0183375338285439,0.6,2.040000000000001,0.0
30.830000000000002,1.280612971482657,1.0185842079302083,0.6,2.040000000000001,0.0
30.84,1.2806131363962907,1.0188307094101292,0.6,2.040000000000001,0.0
30.85,1.2806132997229038,1.019077038090346,0.6,2.040000000000001,0.0
30.86,1.280613461464633,1.0193231937923704,0.6,2.040000000000001,0.0
30.87,1.280613621622861,1.019569176341171,0.6,2.040000000000001,0.0
30.88,1.2806137801982007,1.0198149855640515,0.6,2.040000000000001,0.0
30.89,1.2806139371905578,1.020060621290292,0.6,2.040000000000001,0.0
30.900000000000002,1.280614092599323,1.0203060833438813,0.6,2.040000000000001,0.0
30.91,1.2806142464232828,1.0205513715673733,0.6,2.040000000000001,0.0
30.92,1.2806143986609,1.0207964858020495,0.6,2.040000000000001,0.0
30.93,1.2806145493101535,1.0210414259037792,0.6,2.040000000000001,0.0
30.94,1.2806146983687365,1.0212861966395472,0.6,2.040000000000001,0.0
30.95,1.280614845834087,1.0215307894538914,0.6,2.040000000000001,0.0
30.96,1.2806149917034335,1.02177520805349,0.6,2.040000000000001,0.0
30.970000000000002,1.2806151359738636,1.0220194530187081,0.6,2.040000000000001,0.0
30.98,1.2806152786425442,1.0222635215264169,0.6,2.040000000000001,0.0
30.990000000000002,1.280615419706492,1.022507415094682,0.6,2.040000000000001,0.0
31.0,1.2806155592073136,1.022751133344679,0.6,2.040000000000001,0.0
31.01,1.280615697092071,1.0229946753897698,0.6,2.040000000000001,0.0
31.02,1.2806158333570525,1.0232380416403886,0.6,2.040000000000001,0.0
31.03,1.2806159680000582,1.0234812317615083,0.6,2.040000000000001,0.0
31.04,1.2806161010171626,1.0237242453742557,0.6,2.040000000000001,0.0
31.05,1.2806162324062877,1.0239670824201212,0.6,2.040000000000001,0.0
31.060000000000002,1.2806163621659479,1.0242097427358239,0.6,2.040000000000001,0.0
31.07,1.2806164902924069,1.0244522260741282,0.6,2.040000000000001,0.0
31.080000000000002,1.2806166167857254,1.0246945323275685,0.6,2.040000000000001,0.0
31.09,1.280616741643503,1.024936661231547,0.6,2.040000000000001,0.0
31.1,1.2806168648649299,1.025178612580666,0.6,2.040000000000001,0.0
31.11,1.2806169864498482,1.0254203863315219,0.6,2.040000000000001,0.0
31.12,1.2806171066211058,1.02566198218065,0.6,2.040000000000001,0.0
31.13,1.2806172251272516,1.0259033999347626,0.6,2.040000000000001,0.0
31.14,1.2806173420016818,1.026144664200267,0.6,2.040000000000001,0.0
31.150000000000002,1.2806174572461684,1.0263857252506599,0.6,2.040000000000001,0.0
31.16,1.280617570862877,1.0266266076655668,0.6,2.040000000000001,0.0
31.17,1.2806176828541405,1.026867313043743,0.6,2.040000000000001,0.0
31.18,1.2806177930470717,1.0271078431518934,0.6,2.040000000000001,0.0
31.19,1.2806179018354023,1.0273481922612573,0.6,2.040000000000001,0.0
31.2,1.280618008788209,1.0275883622784776,0.6,2.040000000000001,0.0
31.21,1.2806181143555573,1.027828354824266,0.6,2.040000000000001,0.0
31.220000000000002,1.2806182180933536,1.0280681658848172,0.6,2.040000000000001,0.0
31.23,1.2806183203674015,1.0283078232632563,0.6,2.040000000000001,0.0
31.240000000000002,1.2806184210490101,1.0285472762510963,0.6,2.040000000000001,0.0
31.25,1.2806185201369094,1.02878655413333,0.6,2.040000000000001,0.0
31.26,1.2806186176688004,1.0290256702048954,0.6,2.040000000000001,0.0
31.27,1.280618713649377,1.0292645926641635,0.6,2.040000000000001,0.0
31.28,1.2806188081720398,1.0295033313681972,0.6,2.040000000000001,0.0
31.29,1.2806189009356446,1.0297419128956484,0.6,2.040000000000001,0.0
31.3,1.2806189923904163,1.0299802965605829,0.6,2.040000000000001,0.0
31.310000000000002,1.2806190821148813,1.0302184956633829,0.6,2.040000000000001,0.0
31.32,1.2806191705453636,1.0304565146987097,0.6,2.040000000000001,0.0
31.330000000000002,1.2806192572788668,1.0306943531917616,0.6,2.040000000000001,0.0
31.34,1.2806193427350208,1.030932034875276,0.6,2.040000000000001,0.0
31.35,1.2806194265277857,1.0311695105116583,0.6,2.040000000000001,0.0
31.36,1.2806195090640078,1.031406807983627,0.6,2.040000000000001,0.0
31.37,1.2806195899737958,1.0316439259730972,0.6,2.040000000000001,0.0
31.38,1.2806196696488943,1.0318808853708632,0.6,2.040000000000001,0.0
31.39,1.280619747735564,1.0321176384734738,0.6,2.040000000000001,0.0
31.400000000000002,1.2806198246123386,1.0323542143102356,0.6,2.040000000000001,0.0
31.41,1.2806199000844152,1.0325906278570396,0.6,2.040000000000001,0.0
31.42,1.280619974150895,1.0328268395271802,0.6,2.040000000000001,0.0
31.43,1.2806200467921844,1.0330628720761812,0.6,2.040000000000001,0.0
31.44,1.2806201181132657,1.0332987421111144,0.6,2.040000000000001,0.0
31.45,1.2806201881346995,1.0335344104225765,0.6,2.040000000000001,0.0
31.46,1.2806202568751104,1.033769899786187,0.6,2.040000000000001,0.0
31.470000000000002,1.2806203243533512,1.0340052302936686,0.6,2.040000000000001,0.0
31.48,1.2806203905887077,1.0342403533922115,0.6,2.040000000000001,0.0
31.490000000000002,1.2806204556003886,1.0344752990912114,0.6,2.040000000000001,0.0
31.5,1.2806205194082603,1.0347100808534393,0.6,2.040000000000001,0.0
31.51,1.2806205820333032,1.0349446602019952,0.6,2.040000000000001,0.0
31.52,1.280620643494653,1.0351790601517763,0.6,2.040000000000001,0.0
31.53,1.2806207038130708,1.0354133011371562,0.6,2.040000000000001,0.0
31.54,1.2806207630093642,1.0356473341806782,0.6,2.040000000000001,0.0
31.55,1.2806208211039223,1.035881189704844,0.6,2.040000000000001,0.0
31.560000000000002,1.2806208781174209,1.036114885075791,0.6,2.040000000000001,0.0
31.57,1.2806209340712988,1.0363483722345612,0.6,2.040000000000001,0.0
31.580000000000002,1.2806209889863491,1.0365816811113904,0.6,2.040000000000001,0.0
31.59,1.2806210428834528,1.036814826051008,0.6,2.040000000000001,0.0
31.6,1.280621095783472,1.0370477678170582,0.6,2.040000000000001,0.0
31.61,1.280621147707521,1.0372805295927008,0.6,2.040000000000001,0.0
31.62,1.2806211986767284,1.037513131960411,0.6,2.040000000000001,0.0
31.63,1.2806212487124013,1.0377455258252222,0.6,2.040000000000001,0.0
31.64,1.2806212978348328,1.0379777413869096,0.6,2.040000000000001,0.0
31.650000000000002,1.2806213460651998,1.0382097921423858,0.6,2.040000000000001,0.0
31.66,1.2806213934242527,1.0384416396768172,0.6,2.040000000000001,0.0
31.67,1.2806214399321691,1.0386733066030973,0.6,2.040000000000001,0.0
31.68,1.280621485609697,1.03890481423643,0.6,2.040000000000001,0.0
31.69,1.28062153047703,1.0391361130424503,0.6,2.040000000000001,0.0
31.7,1.280621574554255,1.0393672330562007,0.6,2.040000000000001,0.0
31.71,1.2806216178613483,1.039598188341597,0.6,2.040000000000001,0.0
31.720000000000002,1.2806216604179004,1.0398289401235408,0.6,2.040000000000001,0.0
31.73,1.2806217022435005,1.0400595105870079,0.6,2.040000000000001,0.0
31.740000000000002,1.280621743357064,1.040289917496838,0.6,2.040000000000001,0.0
31.75,1.280621783777567,1.0405201209604298,0.6,2.040000000000001,0.0
31.76,1.2806218235238855,1.040750143342295,0.6,2.040000000000001,0.0
31.77,1.280621862614028,1.0409800059145211,0.6,2.040000000000001,0.0
31.78,1.2806219010660396,1.041209659411338,0.6,2.040000000000001,0.0
31.79,1.280621938979742,1.0414391328163684,0.6,2.040000000000001,0.0
31.8,1.2806219762057673,1.0416684427025986,0.6,2.040000000000001,0.0
31.810000000000002,1.2806220129247228,1.0418975548090788,0.6,2.040000000000001,0.0
31.82,1.280622048993682,1.042126480461864,0.6,2.040000000000001,0.0
31.830000000000002,1.2806220845850695,1.04235524415355,0.6,2.040000000000001,0.0
31.84,1.2806221195623633,1.042583800219047,0.6,2.040000000000001,0.0
31.85,1.2806221540902936,1.0428121717945857,0.6,2.040000000000001,0.0
31.86,1.280622188038555,1.043040366598021,0.6,2.040000000000001,0.0
31.87,1.2806222215641505,1.0432683724833742,0.6,2.040000000000001,0.0
31.88,1.2806222545559713,1.0434961945726628,0.6,2.040000000000001,0.0
31.89,1.2806222871368105,1.0437238596749279,0.6,2.040000000000001,0.0
31.900000000000002,1.2806223192132866,1.0439513151538689,0.6,2.040000000000001,0.0
31.91,1.2806223508785421,1.0441785922723976,0.6,2.040000000000001,0.0
31.92,1.2806223821187572,1.0444057073296706,0.6,2.040000000000001,0.0
31.93,1.2806224129456796,1.0446326130444346,0.6,2.040000000000001,0.0
31.94,1.2806224433712563,1.0448593364014735,0.6,2.040000000000001,0.0
31.95,1.2806224734049034,1.0450858801770242,0.6,2.040000000000001,0.0
31.96,1.2806225030669995,1.045312236093369,0.6,2.040000000000001,0.0
31.970000000000002,1.28062253236494,1.0455384088963395,0.6,2.040000000000001,0.0
31.98,1.2806225613088065,1.0457644235610961,0.6,2.040000000000001,0.0
31.990000000000002,1.2806225899082873,1.0459902286210152,0.6,2.040000000000001,0.0
32.0,1.280622618172863,1.0462158543770494,0.6,2.040000000000001,0.0
32.01,1.2806226461116827,1.046441314616253,0.6,2.040000000000001,0.0
32.02,1.2806226737512878,1.0466665768187662,0.6,2.040000000000001,0.0
32.03,1.2806227010458886,1.046891650948822,0.6,2.040000000000001,0.0
32.04,1.2806227280750282,1.0471165396629958,0.6,2.040000000000001,0.0
32.05,1.280622754769207,1.0473412469590562,0.6,2.040000000000001,0.0
32.06,1.28062278121904,1.0475657940197538,0.6,2.040000000000001,0.0
32.07,1.2806228073504735,1.047790131401943,0.6,2.040000000000001,0.0
32.08,1.2806228332489773,1.048014286087587,0.6,2.040000000000001,0.0
32.09,1.2806228588441109,1.048238261708295,0.6,2.040000000000001,0.0
32.1,1.280622884216508,1.0484620495479255,0.6,2.040000000000001,0.0
32.11,1.2806229092989347,1.048685653679268,0.6,2.040000000000001,0.0
32.12,1.2806229341677242,1.048909075885017,0.6,2.040000000000001,0.0
32.13,1.280622958758377,1.0491323110527058,0.6,2.040000000000001,0.0
32.14,1.2806229831434714,1.0493553891909098,0.6,2.040000000000001,0.0
32.15,1.2806230072608071,1.0495782579234874,0.6,2.040000000000001,0.0
32.160000000000004,1.2806230311796412,1.0498009470109118,0.6,2.040000000000001,0.0
32.17,1.2806230548397772,1.050023470751592,0.6,2.040000000000001,0.0
32.18,1.2806230783075137,1.0502457957319877,0.6,2.040000000000001,0.0
32.19,1.2806231015241942,1.0504679349141348,0.6,2.040000000000001,0.0
32.2,1.280623124553739,1.0506899075079768,0.6,2.040000000000001,0.0
32.21,1.2806231473388237,1.0509116978901085,0.6,2.040000000000001,0.0
32.22,1.2806231699411648,1.0511332816482835,0.6,2.040000000000001,0.0
32.230000000000004,1.2806231923044957,1.0513546838655576,0.6,2.040000000000001,0.0
32.24,1.2806232144886909,1.051575900672774,0.6,2.040000000000001,0.0
32.25,1.280623236438253,1.0517969397850433,0.6,2.040000000000001,0.0
32.26,1.2806232582116812,1.0520177923574376,0.6,2.040000000000001,0.0
32.27,1.2806232797539667,1.0522384594096665,0.6,2.040000000000001,0.0
32.28,1.2806233011224284,1.052458945757621,0.6,2.040000000000001,0.0
32.29,1.2806233222623784,1.0526792454862743,0.6,2.040000000000001,0.0
32.3,1.2806233432302718,1.0528993620096392,0.6,2.040000000000001,0.0
32.31,1.2806233639715938,1.0531192956576307,0.6,2.040000000000001,0.0
32.32,1.2806233845421446,1.0533390434386614,0.6,2.040000000000001,0.0
32.33,1.2806234048874123,1.0535586337914054,0.6,2.040000000000001,0.0
32.34,1.2806234250627284,1.053778014861643,0.6,2.040000000000001,0.0
32.35,1.2806234450135265,1.0539972160191167,0.6,2.040000000000001,0.0
32.36,1.2806234647948045,1.0542162524618985,0.6,2.040000000000001,0.0
32.37,1.2806234843517768,1.0544350897547612,0.6,2.040000000000001,0.0
32.38,1.2806235037394411,1.0546537411303558,0.6,2.040000000000001,0.0
32.39,1.280623522902667,1.054872226918778,0.6,2.040000000000001,0.0
32.4,1.2806235418964869,1.0550905301542584,0.6,2.040000000000001,0.0
32.410000000000004,1.2806235606654377,1.0553086271168373,0.6,2.040000000000001,0.0
32.42,1.2806235792646985,1.0555265428199172,0.6,2.040000000000001,0.0
32.43,1.280623597638412,1.0557442731205633,0.6,2.040000000000001,0.0
32.44,1.2806236158420898,1.0559618259545125,0.6,2.040000000000001,0.0
32.45,1.280623633819379,1.0561791924756243,0.6,2.040000000000001,0.0
32.46,1.2806236516261265,1.0563963736566138,0.6,2.040000000000001,0.0
32.47,1.280623669205551,1.0566133744164865,0.6,2.040000000000001,0.0
32.480000000000004,1.2806236866139424,1.0568301887222602,0.6,2.040000000000001,0.0
32.49,1.2806237037940067,1.0570468200408711,0.6,2.040000000000001,0.0
32.5,1.2806237208025766,1.0572632687748533,0.6,2.040000000000001,0.0
32.51,1.2806237375819605,1.0574795318745192,0.6,2.040000000000001,0.0
32.52,1.2806237541893684,1.0576956378191247,0.6,2.040000000000001,0.0
32.53,1.2806237705667642,1.05791153490385,0.6,2.040000000000001,0.0
32.54,1.2806237867717938,1.0581272525494012,0.6,2.040000000000001,0.0
32.55,1.2806238027519126,1.0583428053834256,0.6,2.040000000000001,0.0
32.56,1.2806238185536403,1.0585581596654365,0.6,2.040000000000001,0.0
32.57,1.2806238341299128,1.0587733285104264,0.6,2.040000000000001,0.0
32.58,1.2806238495277429,1.0589883316899389,0.6,2.040000000000001,0.0
32.59,1.280623864699601,1.0592031530462789,0.6,2.040000000000001,0.0
32.6,1.2806238796933072,1.0594177684955668,0.6,2.040000000000001,0.0
32.61,1.2806238944608936,1.0596322025002387,0.6,2.040000000000001,0.0
32.62,1.2806239090507587,1.0598464522782611,0.6,2.040000000000001,0.0
32.63,1.2806239234145944,1.0600605244763186,0.6,2.040000000000001,0.0
32.64,1.2806239375891086,1.060274410667527,0.6,2.040000000000001,0.0
32.65,1.280623951562305,1.0604881123335632,0.6,2.040000000000001,0.0
32.660000000000004,1.2806239653346334,1.060701633722186,0.6,2.040000000000001,0.0
32.67,1.2806239789065756,1.0609149690786468,0.6,2.040000000000001,0.0
32.68,1.2806239922786546,1.0611281469720062,0.6,2.040000000000001,0.0
32.69,1.2806240054514728,1.0613411168005527,0.6,2.040000000000001,0.0
32.7,1.2806240184256892,1.0615539065152806,0.6,2.040000000000001,0.0
32.71,1.280624031202028,1.061766533186394,0.6,2.040000000000001,0.0
32.72,1.2806240437812715,1.061978961122213,0.6,2.040000000000001,0.0
32.730000000000004,1.280624056141134,1.06219120441121,0.6,2.040000000000001,0.0
32.74,1.280624068328475,1.062403282459739,0.6,2.040000000000001,0.0
32.75,1.2806240803235565,1.0626151792689085,0.6,2.040000000000001,0.0
32.76,1.2806240921267737,1.0628268706840636,0.6,2.040000000000001,0.0
32.77,1.2806241037391295,1.0630383807125767,0.6,2.040000000000001,0.0
32.78,1.2806241151618702,1.0632497076648884,0.6,2.040000000000001,0.0
32.79,1.2806241263963034,1.063460857139952,0.6,2.040000000000001,0.0
32.8,1.2806241374438692,1.0636718210622416,0.6,2.040000000000001,0.0
32.81,1.280624148306052,1.0638826013393408,0.6,2.040000000000001,0.0
32.82,1.2806241589844414,1.0640932247482484,0.6,2.040000000000001,0.0
32.83,1.28062416948066,1.0643036403291983,0.6,2.040000000000001,0.0
32.84,1.2806241797964322,1.0645138757777293,0.6,2.040000000000001,0.0
32.85,1.2806241899335364,1.0647239301556808,0.6,2.040000000000001,0.0
32.86,1.2806241998938188,1.0649338248056635,0.6,2.040000000000001,0.0
32.87,1.2806242096791998,1.0651435120881594,0.6,2.040000000000001,0.0
32.88,1.2806242192916308,1.0653530175380936,0.6,2.040000000000001,0.0
32.89,1.2806242287331522,1.0655623458799424,0.6,2.040000000000001,0.0
32.9,1.2806242380058277,1.065771488206584,0.6,2.040000000000001,0.0
32.910000000000004,1.2806242471118041,1.0659804479030552,0.6,2.040000000000001,0.0
32.92,1.2806242560532686,1.0661892513405404,0.6,2.040000000000001,0.0
32.93,1.2806242648324375,1.0663978473861275,0.6,2.040000000000001,0.0
32.94,1.2806242734515882,1.0666062647852275,0.6,2.040000000000001,0.0
32.95,1.2806242819130524,1.0668145194540777,0.6,2.040000000000001,0.0
32.96,1.2806242902191631,1.0670225769374493,0.6,2.040000000000001,0.0
32.97,1.280624298372329,1.0672304510707467,0.6,2.040000000000001,0.0
32.980000000000004,1.2806243063749716,1.0674381648275815,0.6,2.040000000000001,0.0
32.99,1.2806243142295375,1.0676456783887394,0.6,2.040000000000001,0.0
33.0,1.2806243219385236,1.067853007234378,0.6,2.040000000000001,0.0
33.01,1.2806243295044262,1.0680601547824955,0.6,2.040000000000001,0.0
33.02,1.2806243369297738,1.0682671201911644,0.6,2.040000000000001,0.0
33.03,1.2806243442171144,1.0684739058267019,0.6,2.040000000000001,0.0
33.04,1.2806243513690159,1.0686805074803636,0.6,2.040000000000001,0.0
33.05,1.2806243583880417,1.0688869284973537,0.6,2.040000000000001,0.0
33.06,1.2806243652767864,1.0690931683331684,0.6,2.040000000000001,0.0
33.07,1.2806243720378405,1.0692992252680003,0.6,2.040000000000001,0.0
33.08,1.2806243786737939,1.0695051271283529,0.6,2.040000000000001,0.0
33.09,1.2806243851872516,1.069710822942216,0.6,2.040000000000001,0.0
33.1,1.2806243915808124,1.069916342729443,0.6,2.040000000000001,0.0
33.11,1.28062439785706,1.0701216841942311,0.6,2.040000000000001,0.0
33.12,1.280624404018592,1.0703268627087588,0.6,2.040000000000001,0.0
33.13,1.280624410067974,1.070531835955133,0.6,2.040000000000001,0.0
33.14,1.2806244160077769,1.0707366279324306,0.6,2.040000000000001,0.0
33.15,1.2806244218405585,1.0709412459966439,0.6,2.040000000000001,0.0
33.160000000000004,1.2806244275688352,1.0711456783489053,0.6,2.040000000000001,0.0
33.17,1.2806244331951386,1.0713499298405107,0.6,2.040000000000001,0.0
33.18,1.2806244387219559,1.0715540268653383,0.6,2.040000000000001,0.0
33.19,1.2806244441517576,1.071757918196247,0.6,2.040000000000001,0.0
33.2,1.2806244494869905,1.0719616330459576,0.6,2.040000000000001,0.0
33.21,1.280624454730068,1.0721651854829926,0.6,2.040000000000001,0.0
33.22,1.2806244598833805,1.0723685429381935,0.6,2.040000000000001,0.0
33.230000000000004,1.2806244649492857,1.0725717185958372,0.6,2.040000000000001,0.0
33.24,1.2806244699301053,1.0727747353093524,0.6,2.040000000000001,0.0
33.25,1.2806244748281292,1.0729775536225348,0.6,2.040000000000001,0.0
33.26,1.280624479645611,1.0731801889909183,0.6,2.040000000000001,0.0
33.27,1.2806244843847663,1.073382644529947,0.6,2.040000000000001,0.0
33.28,1.2806244890477638,1.0735849197150107,0.6,2.040000000000001,0.0
33.29,1.2806244936367428,1.0737870168245272,0.6,2.040000000000001,0.0
33.3,1.280624498153788,1.0739889317109848,0.6,2.040000000000001,0.0
33.31,1.280624502600952,1.07419066768737,0.6,2.040000000000001,0.0
33.32,1.2806245069802353,1.0743922242097366,0.6,2.040000000000001,0.0
33.33,1.2806245112935997,1.0745935996440972,0.6,2.040000000000001,0.0
33.34,1.2806245155429565,1.0747948214588152,0.6,2.040000000000001,0.0
33.35,1.280624519730171,1.074995839319067,0.6,2.040000000000001,0.0
33.36,1.2806245238570602,1.0751966825117227,0.6,2.040000000000001,0.0
33.37,1.2806245279253947,1.0753973677207187,0.6,2.040000000000001,0.0
33.38,1.2806245319368963,1.0755978493361584,0.6,2.040000000000001,0.0
33.39,1.2806245358932284,1.0757981521495494,0.6,2.040000000000001,0.0
33.4,1.2806245397960165,1.0759982808219017,0.6,2.040000000000001,0.0
33.410000000000004,1.2806245436468275,1.0761982272195945,0.6,2.040000000000001,0.0
33.42,1.2806245474471767,1.0763979941591921,0.6,2.040000000000001,0.0
33.43,1.2806245511930827,1.0765976076497632,0.6,2.040000000000001,0.0
33.44,1.2806245548969035,1.0767970178131558,0.6,2.040000000000001,0.0
33.45,1.2806245585548512,1.0769962522547032,0.6,2.040000000000001,0.0
33.46,1.2806245621680727,1.0771953272304708,0.6,2.040000000000001,0.0
33.47,1.2806245657378,1.0773942081897583,0.6,2.040000000000001,0.0
33.480000000000004,1.2806245692652427,1.0775929089166922,0.6,2.040000000000001,0.0
33.49,1.2806245727515686,1.0777914492210428,0.6,2.040000000000001,0.0
33.5,1.2806245761978985,1.0779898127324605,0.6,2.040000000000001,0.0
33.51,1.2806245796053017,1.0781879762959048,0.6,2.040000000000001,0.0
33.52,1.2806245829748037,1.0783859624202263,0.6,2.040000000000001,0.0
33.53,1.2806245863073884,1.0785837710722512,0.6,2.040000000000001,0.0
33.54,1.280624589603987,1.078781406293756,0.6,2.040000000000001,0.0
33.55,1.2806245928654918,1.0789788611045772,0.6,2.040000000000001,0.0
33.56,1.280624596092748,1.079176137512798,0.6,2.040000000000001,0.0
33.57,1.2806245992865566,1.079373261020607,0.6,2.040000000000001,0.0
33.58,1.2806246024476766,1.0795701826702297,0.6,2.040000000000001,0.0
33.59,1.280624605576826,1.0797669287670015,0.6,2.040000000000001,0.0
33.6,1.280624608674681,1.0799634987544735,0.6,2.040000000000001,0.0
33.61,1.2806246117418794,1.08015991368693,0.6,2.040000000000001,0.0
33.62,1.280624614779018,1.0803561273431934,0.6,2.040000000000001,0.0
33.63,1.2806246177866554,1.080552163834716,0.6,2.040000000000001,0.0
33.64,1.2806246207653174,1.0807480282907516,0.6,2.040000000000001,0.0
33.65,1.2806246237154888,1.0809437127412254,0.6,2.040000000000001,0.0
33.660000000000004,1.2806246266376218,1.0811392192722005,0.6,2.040000000000001,0.0
33.67,1.2806246295321364,1.0813345740838725,0.6,2.040000000000001,0.0
33.68,1.2806246323994226,1.081529727990516,0.6,2.040000000000001,0.0
33.69,1.2806246352398334,1.0817247074114233,0.6,2.040000000000001,0.0
33.7,1.2806246380536932,1.0819195109502997,0.6,2.040000000000001,0.0
33.71,1.2806246408413018,1.0821141605654985,0.6,2.040000000000001,0.0
33.72,1.280624643602926,1.0823086099384043,0.6,2.040000000000001,0.0
33.730000000000004,1.2806246463388093,1.0825028830955092,0.6,2.040000000000001,0.0
33.74,1.2806246490491673,1.0826969847083547,0.6,2.040000000000001,0.0
33.75,1.2806246517341946,1.0828909075201623,0.6,2.040000000000001,0.0
33.76,1.2806246543940636,1.0830846532145384,0.6,2.040000000000001,0.0
33.77,1.2806246570289248,1.0832782478525333,0.6,2.040000000000001,0.0
33.78,1.2806246596389064,1.0834716426690818,0.6,2.040000000000001,0.0
33.79,1.2806246622241189,1.083664863742527,0.6,2.040000000000001,0.0
33.8,1.2806246647846558,1.0838579099637202,0.6,2.040000000000001,0.0
33.81,1.2806246673205965,1.084050802956873,0.6,2.040000000000001,0.0
33.82,1.2806246698319983,1.0842434967769612,0.6,2.040000000000001,0.0
33.83,1.2806246723189074,1.084436015094445,0.6,2.040000000000001,0.0
33.84,1.2806246747813583,1.0846283629364122,0.6,2.040000000000001,0.0
33.85,1.2806246772193708,1.0848205328860532,0.6,2.040000000000001,0.0
33.86,1.2806246796329572,1.085012526501085,0.6,2.040000000000001,0.0
33.87,1.2806246820221179,1.085204369925665,0.6,2.040000000000001,0.0
33.88,1.2806246843868438,1.0853960146037955,0.6,2.040000000000001,0.0
33.89,1.2806246867271185,1.085587486348783,0.6,2.040000000000001,0.0
33.9,1.2806246890429223,1.0857787842449647,0.6,2.040000000000001,0.0
33.910000000000004,1.2806246913342272,1.085969929670547,0.6,2.040000000000001,0.0
33.92,1.280624693600998,1.086160877013051,0.6,2.040000000000001,0.0
33.93,1.2806246958431993,1.0863516497033001,0.6,2.040000000000001,0.0
33.94,1.2806246980607943,1.0865422528448845,0.6,2.040000000000001,0.0
33.95,1.2806247002537405,1.0867326791069263,0.6,2.040000000000001,0.0
33.96,1.2806247024219943,1.0869229298564735,0.6,2.040000000000001,0.0
33.97,1.2806247045655144,1.0871130312714048,0.6,2.040000000000001,0.0
33.980000000000004,1.2806247066842584,1.0873029350850387,0.6,2.040000000000001,0.0
33.99,1.2806247087781857,1.0874926668170672,0.6,2.040000000000001,0.0
34.0,1.2806247108472575,1.087682225499886,0.6,2.040000000000001,0.0
34.01,1.2806247128914363,1.0878716327101696,0.6,2.040000000000001,0.0
34.02,1.280624714910691,1.0880608429716254,0.6,2.040000000000001,0.0
34.03,1.2806247169049931,1.0882498795499713,0.6,2.040000000000001,0.0
34.04,1.2806247188743172,1.0884387473464023,0.6,2.040000000000001,0.0
34.05,1.280624720818647,1.0886274392987167,0.6,2.040000000000001,0.0
34.06,1.2806247227379648,1.0888159568987563,0.6,2.040000000000001,0.0
34.07,1.280624724632265,1.089004325786291,0.6,2.040000000000001,0.0
34.08,1.2806247265015458,1.0891924982389178,0.6,2.040000000000001,0.0
34.09,1.2806247283458132,1.089380499462071,0.6,2.040000000000001,0.0
34.1,1.2806247301650806,1.0895683287372009,0.6,2.040000000000001,0.0
34.11,1.2806247319593707,1.0897560073176376,0.6,2.040000000000001,0.0
34.12,1.28062473372871,1.0899434901168588,0.6,2.040000000000001,0.0
34.13,1.2806247354731366,1.0901308001562031,0.6,2.040000000000001,0.0
34.14,1.280624737192697,1.090317942350427,0.6,2.040000000000001,0.0
34.15,1.2806247388874452,1.0905049097908142,0.6,2.040000000000001,0.0
34.160000000000004,1.2806247405574442,1.0906917036689345,0.6,2.040000000000001,0.0
34.17,1.2806247422027666,1.0908783498564143,0.6,2.040000000000001,0.0
34.18,1.2806247438234928,1.0910648007918513,0.6,2.040000000000001,0.0
34.19,1.2806247454197144,1.0912510815168521,0.6,2.040000000000001,0.0
34.2,1.2806247469915304,1.0914371910567262,0.6,2.040000000000001,0.0
34.21,1.28062474853905,1.0916231509202636,0.6,2.040000000000001,0.0
34.22,1.280624750059643,1.0918089161966114,0.6,2.040000000000001,0.0
34.230000000000004,1.2806247515588782,1.0919945097745969,0.6,2.040000000000001,0.0
34.24,1.2806247530343418,1.0921799361685167,0.6,2.040000000000001,0.0
34.25,1.2806247544860825,1.0923651891122848,0.6,2.040000000000001,0.0
34.26,1.2806247559142512,1.0925502694674973,0.6,2.040000000000001,0.0
34.27,1.2806247573190133,1.0927352029554516,0.6,2.040000000000001,0.0
34.28,1.2806247587005417,1.092919942390631,0.6,2.040000000000001,0.0
34.29,1.280624760059021,1.0931045125660523,0.6,2.040000000000001,0.0
34.300000000000004,1.2806247613946427,1.0932889125844947,0.6,2.040000000000001,0.0
34.31,1.2806247627076062,1.0934731638587802,0.6,2.040000000000001,0.0
34.32,1.2806247639981214,1.0936572217471556,0.6,2.040000000000001,0.0
34.33,1.2806247652664058,1.0938411090157056,0.6,2.040000000000001,0.0
34.34,1.2806247665126838,1.0940248298855666,0.6,2.040000000000001,0.0
34.35,1.280624767737189,1.0942083785809984,0.6,2.040000000000001,0.0
34.36,1.2806247689401615,1.094391755613076,0.6,2.040000000000001,0.0
34.37,1.280624770121849,1.0945749866722643,0.6,2.040000000000001,0.0
34.38,1.280624771282505,1.0947580249472875,0.6,2.040000000000001,0.0
34.39,1.2806247724223905,1.0949408949855417,0.6,2.040000000000001,0.0
34.4,1.2806247735417735,1.0951235957502645,0.6,2.040000000000001,0.0
34.410000000000004,1.2806247746409263,1.0953061488008575,0.6,2.040000000000001,0.0
34.42,1.2806247757201283,1.0954885097284925,0.6,2.040000000000001,0.0
34.43,1.2806247767796635,1.0956707011064226,0.6,2.040000000000001,0.0
34.44,1.2806247778198196,1.0958527268809237,0.6,2.040000000000001,0.0
34.45,1.2806247788408907,1.0960345817419141,0.6,2.040000000000001,0.0
34.46,1.2806247798431734,1.0962162659681172,0.6,2.040000000000001,0.0
34.47,1.2806247808269708,1.0963978051129337,0.6,2.040000000000001,0.0
34.480000000000004,1.280624781792586,1.0965791527452005,0.6,2.040000000000001,0.0
34.49,1.2806247827403285,1.0967603331689455,0.6,2.040000000000001,0.0
34.5,1.2806247836705085,1.0969413635477765,0.6,2.040000000000001,0.0
34.51,1.2806247845834393,1.0971222264089362,0.6,2.040000000000001,0.0
34.52,1.280624785479437,1.0973028996885559,0.6,2.040000000000001,0.0
34.53,1.280624786358818,1.097483428521209,0.6,2.040000000000001,0.0
34.54,1.2806247872219014,1.0976637729605032,0.6,2.040000000000001,0.0
34.550000000000004,1.280624788069007,1.09784396578673,0.6,2.040000000000001,0.0
34.56,1.2806247889004547,1.0980239711163815,0.6,2.040000000000001,0.0
34.57,1.2806247897165655,1.098203828582825,0.6,2.040000000000001,0.0
34.58,1.2806247905176602,1.0983835006074227,0.6,2.040000000000001,0.0
34.59,1.280624791304059,1.0985630228215486,0.6,2.040000000000001,0.0
34.6,1.280624792076081,1.0987423767749172,0.6,2.040000000000001,0.0
34.61,1.280624792834046,1.0989215456253494,0.6,2.040000000000001,0.0
34.62,1.280624793578271,1.0991005460411025,0.6,2.040000000000001,0.0
34.63,1.2806247943090714,1.09927937693494,0.6,2.040000000000001,0.0
34.64,1.2806247950267622,1.0994580413128783,0.6,2.040000000000001,0.0
34.65,1.2806247957316537,1.09963654382736,0.6,2.040000000000001,0.0
34.660000000000004,1.2806247964240565,1.0998148767711238,0.6,2.040000000000001,0.0
34.67,1.2806247971042763,1.0999930418733188,0.6,2.040000000000001,0.0
34.68,1.280624797772617,1.1001710422758721,0.6,2.040000000000001,0.0
34.69,1.2806247984293786,1.1003488740698655,0.6,2.040000000000001,0.0
34.7,1.2806247990748574,1.1005265622494365,0.6,2.040000000000001,0.0
34.71,1.280624799709347,1.1007040620923665,0.6,2.040000000000001,0.0
34.72,1.2806248003331357,1.1008813974485783,0.6,2.040000000000001,0.0
34.730000000000004,1.2806248009465093,1.101058584497743,0.6,2.040000000000001,0.0
34.74,1.280624801549747,1.1012355901870887,0.6,2.040000000000001,0.0
34.75,1.280624802143125,1.101412427900915,0.6,2.040000000000001,0.0
34.76,1.2806248027269145,1.1015891179475967,0.6,2.040000000000001,0.0
34.77,1.2806248033013814,1.101765643116159,0.6,2.040000000000001,0.0
34.78,1.2806248038667871,1.1019419828167558,0.6,2.040000000000001,0.0
34.79,1.280624804423387,1.1021181801374003,0.6,2.040000000000001,0.0
34.800000000000004,1.2806248049714308,1.1022941962170596,0.6,2.040000000000001,0.0
34.81,1.2806248055111644,1.1024700631741136,0.6,2.040000000000001,0.0
34.82,1.2806248060428265,1.1026457457580099,0.6,2.040000000000001,0.0
34.83,1.280624806566651,1.1028212830603739,0.6,2.040000000000001,0.0
34.84,1.2806248070828654,1.10299663824197,0.6,2.040000000000001,0.0
34.85,1.2806248075916922,1.1031718458655275,0.6,2.040000000000001,0.0
34.86,1.2806248080933464,1.1033468884020547,0.6,2.040000000000001,0.0
34.87,1.2806248085880385,1.103521749031764,0.6,2.040000000000001,0.0
34.88,1.280624809075972,1.1036964434489611,0.6,2.040000000000001,0.0
34.89,1.2806248095573445,1.1038709719904762,0.6,2.040000000000001,0.0
34.9,1.2806248100323476,1.1040453370633798,0.6,2.040000000000001,0.0
34.910000000000004,1.2806248105011666,1.10421954200898,0.6,2.040000000000001,0.0
34.92,1.2806248109639804,1.1043935810640308,0.6,2.040000000000001,0.0
34.93,1.2806248114209426,1.1045674548861264,0.6,2.040000000000001,0.0
34.94,1.2806248118722445,1.1047411876703843,0.6,2.040000000000001,0.0
34.95,1.2806248123180712,1.1049147404429587,0.6,2.040000000000001,0.0
34.96,1.2806248127585518,1.1050881263305732,0.6,2.040000000000001,0.0
34.97,1.2806248131938354,1.1052613691596058,0.6,2.040000000000001,0.0
34.980000000000004,1.2806248136240637,1.1054344466252752,0.6,2.040000000000001,0.0
34.99,1.2806248140493734,1.1056073404427418,0.6,2.040000000000001,0.0
35.0,1.2806248144698957,1.1057800718312902,0.6,2.040000000000001,0.0
35.01,1.280624814885755,1.1059526409446057,0.6,2.040000000000001,0.0
35.02,1.280624815297071,1.1061250499272846,0.6,2.040000000000001,0.0
35.03,1.280624815703957,1.106297294878766,0.6,2.040000000000001,0.0
35.04,1.2806248161065212,1.1064693760560547,0.6,2.040000000000001,0.0
35.050000000000004,1.2806248165048666,1.106641317373821,0.6,2.040000000000001,0.0
35.06,1.28062481689909,1.1068130747602583,0.6,2.040000000000001,0.0
35.07,1.2806248172892836,1.1069846716584641,0.6,2.040000000000001,0.0
35.08,1.2806248176755342,1.1071561233747667,0.6,2.040000000000001,0.0
35.09,1.2806248180579245,1.1073273981969232,0.6,2.040000000000001,0.0
35.1,1.2806248184365312,1.1074985091662068,0.6,2.040000000000001,0.0
35.11,1.2806248188114262,1.1076694758650814,0.6,2.040000000000001,0.0
35.12,1.2806248191826777,1.1078402818850361,0.6,2.040000000000001,0.0
35.13,1.2806248195503485,1.1080109068960118,0.6,2.040000000000001,0.0
35.14,1.2806248199144978,1.108181392765409,0.6,2.040000000000001,0.0
35.15,1.28062482027518,1.1083517021439453,0.6,2.040000000000001,0.0
35.160000000000004,1.2806248206324458,1.1085218660437768,0.6,2.040000000000001,0.0
35.17,1.2806248209863416,1.1086918503736845,0.6,2.040000000000001,0.0
35.18,1.2806248213369105,1.1088616910991764,0.6,2.040000000000001,0.0
35.19,1.2806248216841916,1.1090313712879925,0.6,2.040000000000001,0.0
35.2,1.2806248220282204,1.1092008743605597,0.6,2.040000000000001,0.0
35.21,1.28062482236903,1.1093702315973621,0.6,2.040000000000001,0.0
35.22,1.2806248227066486,1.1095394080116872,0.6,2.040000000000001,0.0
35.230000000000004,1.2806248230411028,1.1097084297446598,0.6,2.040000000000001,0.0
35.24,1.2806248233724162,1.1098772889265176,0.6,2.040000000000001,0.0
35.25,1.2806248237006088,1.110045989966883,0.6,2.040000000000001,0.0
35.26,1.280624824025699,1.110214531940177,0.6,2.040000000000001,0.0
35.27,1.2806248243477025,1.1103829110791275,0.6,2.040000000000001,0.0
35.28,1.2806248246666323,1.1105511526900484,0.6,2.040000000000001,0.0
35.29,1.2806248249824994,1.1107192182272898,0.6,2.040000000000001,0.0
35.300000000000004,1.2806248252953132,1.1108871208131144,0.6,2.040000000000001,0.0
35.31,1.2806248256050807,1.1110548807179659,0.6,2.040000000000001,0.0
35.32,1.2806248259118076,1.1112224821732462,0.6,2.040000000000001,0.0
35.33,1.280624826215498,1.1113899060250898,0.6,2.040000000000001,0.0
35.34,1.2806248265161546,1.111557192407091,0.6,2.040000000000001,0.0
35.35,1.280624826813778,1.1117243047604464,0.6,2.040000000000001,0.0
35.36,1.2806248271083696,1.111891273721192,0.6,2.040000000000001,0.0
35.37,1.2806248273999277,1.1120580654925705,0.6,2.040000000000001,0.0
35.38,1.2806248276884504,1.112224716385972,0.6,2.040000000000001,0.0
35.39,1.2806248279739356,1.112391208849733,0.6,2.040000000000001,0.0
35.4,1.28062482825638,1.1125575267570809,0.6,2.040000000000001,0.0
35.410000000000004,1.2806248285357795,1.112723701102356,0.6,2.040000000000001,0.0
35.42,1.2806248288121307,1.1128896973578724,0.6,2.040000000000001,0.0
35.43,1.2806248290854285,1.113055541012145,0.6,2.040000000000001,0.0
35.44,1.2806248293556688,1.1132212247238211,0.6,2.040000000000001,0.0
35.45,1.2806248296228464,1.1133867525325936,0.6,2.040000000000001,0.0
35.46,1.280624829886957,1.1135521236357904,0.6,2.040000000000001,0.0
35.47,1.2806248301479952,1.1137173345287597,0.6,2.040000000000001,0.0
35.480000000000004,1.2806248304059573,1.1138824097875013,0.6,2.040000000000001,0.0
35.49,1.280624830660839,1.114047311547291,0.6,2.040000000000001,0.0
35.5,1.280624830912636,1.114212052704261,0.6,2.040000000000001,0.0
35.51,1.2806248311613453,1.1143766356495801,0.6,2.040000000000001,0.0
35.52,1.280624831406964,1.114541062761578,0.6,2.040000000000001,0.0
35.53,1.2806248316494893,1.114705354047911,0.6,2.040000000000001,0.0
35.54,1.2806248318889197,1.1148694729755309,0.6,2.040000000000001,0.0
35.550000000000004,1.2806248321252545,1.1150334318958746,0.6,2.040000000000001,0.0
35.56,1.2806248323584934,1.1151972540982003,0.6,2.040000000000001,0.0
35.57,1.280624832588637,1.1153609179299413,0.6,2.040000000000001,0.0
35.58,1.2806248328156866,1.1155244062767722,0.6,2.040000000000001,0.0
35.59,1.2806248330396444,1.1156877384819495,0.6,2.040000000000001,0.0
35.6,1.2806248332605141,1.1158509160724912,0.6,2.040000000000001,0.0
35.61,1.2806248334783,1.1160139398972988,0.6,2.040000000000001,0.0
35.62,1.2806248336930073,1.1161768069999225,0.6,2.040000000000001,0.0
35.63,1.280624833904642,1.116339517485322,0.6,2.040000000000001,0.0
35.64,1.280624834113212,1.1165020940961614,0.6,2.040000000000001,0.0
35.65,1.2806248343187259,1.116664500039271,0.6,2.040000000000001,0.0
35.660000000000004,1.280624834521193,1.1168267478396017,0.6,2.040000000000001,0.0
35.67,1.2806248347206244,1.1169888593280717,0.6,2.040000000000001,0.0
35.68,1.2806248349170324,1.1171507987545182,0.6,2.040000000000001,0.0
35.69,1.2806248351104295,1.1173125806092075,0.6,2.040000000000001,0.0
35.7,1.2806248353008305,1.1174742093168972,0.6,2.040000000000001,0.0
35.71,1.2806248354882381,1.1176357031365176,0.6,2.040000000000001,0.0
35.72,1.280624835672682,1.1177970376247008,0.6,2.040000000000001,0.0
35.730000000000004,1.2806248358541799,1.117958201520014,0.6,2.040000000000001,0.0
35.74,1.2806248360327637,1.118119228552106,0.6,2.040000000000001,0.0
35.75,1.2806248362084407,1.1182801034570482,0.6,2.040000000000001,0.0
35.76,1.2806248363812314,1.1184408096099547,0.6,2.040000000000001,0.0
35.77,1.2806248365511583,1.1186013775152461,0.6,2.040000000000001,0.0
35.78,1.2806248367182447,1.118761791805845,0.6,2.040000000000001,0.0
35.79,1.2806248368825146,1.1189220360688992,0.6,2.040000000000001,0.0
35.800000000000004,1.2806248370439939,1.1190821249482366,0.6,2.040000000000001,0.0
35.81,1.280624837202709,1.1192420599442658,0.6,2.040000000000001,0.0
35.82,1.2806248373586864,1.1194018465939088,0.6,2.040000000000001,0.0
35.83,1.280624837511955,1.1195614781316072,0.6,2.040000000000001,0.0
35.84,1.2806248376625444,1.1197209548983769,0.6,2.040000000000001,0.0
35.85,1.280624837810484,1.1198802806549446,0.6,2.040000000000001,0.0
35.86,1.2806248379558052,1.1200394521488217,0.6,2.040000000000001,0.0
35.87,1.2806248380985399,1.1201984705279797,0.6,2.040000000000001,0.0
35.88,1.2806248382387202,1.1203573574697758,0.6,2.040000000000001,0.0
35.89,1.2806248383763796,1.1205160770796383,0.6,2.040000000000001,0.0
35.9,1.2806248385115526,1.1206746415446454,0.6,2.040000000000001,0.0
35.910000000000004,1.2806248386442731,1.1208330720623225,0.6,2.040000000000001,0.0
35.92,1.280624838774577,1.1209913337087314,0.6,2.040000000000001,0.0
35.93,1.2806248389024997,1.1211494406152411,0.6,2.040000000000001,0.0
35.94,1.2806248390280783,1.1213073976935386,0.6,2.040000000000001,0.0
35.95,1.2806248391513493,1.1214652222843218,0.6,2.040000000000001,0.0
35.96,1.28062483927235,1.1216228908109658,0.6,2.040000000000001,0.0
35.97,1.2806248393911188,1.121780391823401,0.6,2.040000000000001,0.0
35.980000000000004,1.280624839507693,1.1219377584186276,0.6,2.040000000000001,0.0
35.99,1.2806248396221118,1.1220949756965621,0.6,2.040000000000001,0.0
36.0,1.2806248397344138,1.122252027207661,0.6,2.040000000000001,0.0
36.01,1.2806248398446376,1.122408944584543,0.6,2.040000000000001,0.0
36.02,1.280624839952823,1.1225656954103567,0.6,2.040000000000001,0.0
36.03,1.2806248400590088,1.1227223113415552,0.6,2.040000000000001,0.0
36.04,1.2806248401632347,1.1228787760432413,0.6,2.040000000000001,0.0
36.050000000000004,1.2806248402655407,1.1230350737271064,0.6,2.040000000000001,0.0
36.06,1.2806248403659657,1.1231912204557961,0.6,2.040000000000001,0.0
36.07,1.2806248404645495,1.123347215683595,0.6,2.040000000000001,0.0
36.08,1.2806248405613312,1.1235030655892027,0.6,2.040000000000001,0.0
36.09,1.2806248406563507,1.1236587640729878,0.6,2.040000000000001,0.0
36.1,1.2806248407496468,1.123814310635274,0.6,2.040000000000001,0.0
36.11,1.2806248408412588,1.12396970924847,0.6,2.040000000000001,0.0
36.12,1.2806248409312253,1.1241249570697909,0.6,2.040000000000001,0.0
36.13,1.280624841019585,1.1242800547289074,0.6,2.040000000000001,0.0
36.14,1.2806248411063763,1.1244350235889122,0.6,2.040000000000001,0.0
36.15,1.2806248411916372,1.1245898282284794,0.6,2.040000000000001,0.0
36.160000000000004,1.2806248412754049,1.1247444807205282,0.6,2.040000000000001,0.0
36.17,1.280624841357717,1.124899002818132,0.6,2.040000000000001,0.0
36.18,1.2806248414386108,1.125053374168477,0.6,2.040000000000001,0.0
36.19,1.2806248415181216,1.125207578610265,0.6,2.040000000000001,0.0
36.2,1.280624841596286,1.125361655000508,0.6,2.040000000000001,0.0
36.21,1.2806248416731394,1.1255155675516506,0.6,2.040000000000001,0.0
36.22,1.2806248417487167,1.1256693464274818,0.6,2.040000000000001,0.0
36.230000000000004,1.2806248418230521,1.1258229588293507,0.6,2.040000000000001,0.0
36.24,1.2806248418961794,1.1259764426567314,0.6,2.040000000000001,0.0
36.25,1.2806248419681316,1.1261297624251978,0.6,2.040000000000001,0.0
36.26,1.2806248420389417,1.126282949631977,0.6,2.040000000000001,0.0
36.27,1.2806248421086408,1.126435988878507,0.6,2.040000000000001,0.0
36.28,1.2806248421772608,1.1265888642708717,0.6,2.040000000000001,0.0
36.29,1.2806248422448325,1.1267415907926668,0.6,2.040000000000001,0.0
36.300000000000004,1.2806248423113855,1.126894169354017,0.6,2.040000000000001,0.0
36.31,1.2806248423769486,1.1270466048815373,0.6,2.040000000000001,0.0
36.32,1.2806248424415512,1.1271988917531928,0.6,2.040000000000001,0.0
36.33,1.2806248425052205,1.127351029793383,0.6,2.040000000000001,0.0
36.34,1.2806248425679836,1.127503022464186,0.6,2.040000000000001,0.0
36.35,1.2806248426298668,1.1276548671495612,0.6,2.040000000000001,0.0
36.36,1.2806248426908962,1.1278065645445257,0.6,2.040000000000001,0.0
36.37,1.2806248427510962,1.1279581356987203,0.6,2.040000000000001,0.0
36.38,1.2806248428104912,1.128109545807546,0.6,2.040000000000001,0.0
36.39,1.2806248428691045,1.1282608068153963,0.6,2.040000000000001,0.0
36.4,1.2806248429269584,1.1284119394756695,0.6,2.040000000000001,0.0
36.410000000000004,1.280624842984072,1.128562909711062,0.6,2.040000000000001,0.0
36.42,1.2806248430404699,1.128713731545764,0.6,2.040000000000001,0.0
36.43,1.2806248430961715,1.1288644087831112,0.6,2.040000000000001,0.0
36.44,1.2806248431512,1.1290149592279943,0.6,2.040000000000001,0.0
36.45,1.2806248432055707,1.1291653602976033,0.6,2.040000000000001,0.0
36.46,1.280624843259302,1.129315599864526,0.6,2.040000000000001,0.0
36.47,1.2806248433124112,1.1294657139208228,0.6,2.040000000000001,0.0
36.480000000000004,1.2806248433649152,1.1296156683460492,0.6,2.040000000000001,0.0
36.49,1.2806248434168293,1.1297654919600795,0.6,2.040000000000001,0.0
36.5,1.2806248434681693,1.1299151530850746,0.6,2.040000000000001,0.0
36.51,1.2806248435189496,1.130064687493728,0.6,2.040000000000001,0.0
36.52,1.2806248435691836,1.1302140616725604,0.6,2.040000000000001,0.0
36.53,1.280624843618885,1.1303633064201295,0.6,2.040000000000001,0.0
36.54,1.280624843668066,1.1305124064138738,0.6,2.040000000000001,0.0
36.550000000000004,1.2806248437167382,1.1306613461600645,0.6,2.040000000000001,0.0
36.56,1.280624843764913,1.1308101401598352,0.6,2.040000000000001,0.0
36.57,1.280624843812601,1.1309587898149518,0.6,2.040000000000001,0.0
36.58,1.2806248438598122,1.1311072992892495,0.6,2.040000000000001,0.0
36.59,1.2806248439065555,1.1312556635265256,0.6,2.040000000000001,0.0
36.6,1.28062484395284,1.131403882406594,0.6,2.040000000000001,0.0
36.61,1.280624843998674,1.1315519589136005,0.6,2.040000000000001,0.0
36.62,1.2806248440440648,1.1316998908639126,0.6,2.040000000000001,0.0
36.63,1.2806248440890202,1.13184767886803,0.6,2.040000000000001,0.0
36.64,1.2806248441335462,1.1319953435251873,0.6,2.040000000000001,0.0
36.65,1.2806248441776487,1.1321428507499927,0.6,2.040000000000001,0.0
36.660000000000004,1.2806248442213342,1.1322902122884868,0.6,2.040000000000001,0.0
36.67,1.2806248442646069,1.1324374482853112,0.6,2.040000000000001,0.0
36.68,1.2806248443074726,1.1325845255431044,0.6,2.040000000000001,0.0
36.69,1.2806248443499348,1.132731457822438,0.6,2.040000000000001,0.0
36.7,1.2806248443919976,1.1328782485061049,0.6,2.040000000000001,0.0
36.71,1.2806248444336645,1.1330249154503773,0.6,2.040000000000001,0.0
36.72,1.280624844474939,1.1331714367481849,0.6,2.040000000000001,0.0
36.730000000000004,1.2806248445158237,1.1333177998663826,0.6,2.040000000000001,0.0
36.74,1.280624844556321,1.1334640402412666,0.6,2.040000000000001,0.0
36.75,1.2806248445964337,1.133610124614727,0.6,2.040000000000001,0.0
36.76,1.2806248446361628,1.1337560811758516,0.6,2.040000000000001,0.0
36.77,1.2806248446755102,1.1339018788863386,0.6,2.040000000000001,0.0
36.78,1.2806248447144772,1.13404755283465,0.6,2.040000000000001,0.0
36.79,1.2806248447530648,1.1341930701918057,0.6,2.040000000000001,0.0
36.800000000000004,1.2806248447912747,1.1343384610203207,0.6,2.040000000000001,0.0
36.81,1.2806248448291067,1.1344837104303307,0.6,2.040000000000001,0.0
36.82,1.2806248448665616,1.13462880314549,0.6,2.040000000000001,0.0
36.83,1.2806248449036395,1.1347737534737559,0.6,2.040000000000001,0.0
36.84,1.280624844940341,1.1349185629190157,0.6,2.040000000000001,0.0
36.85,1.280624844976666,1.1350632350766563,0.6,2.040000000000001,0.0
36.86,1.2806248450126145,1.1352077654867443,0.6,2.040000000000001,0.0
36.87,1.280624845048186,1.1353521538526246,0.6,2.040000000000001,0.0
36.88,1.2806248450833808,1.13549640306831,0.6,2.040000000000001,0.0
36.89,1.2806248451181979,1.1356405110623897,0.6,2.040000000000001,0.0
36.9,1.280624845152637,1.1357844784715942,0.6,2.040000000000001,0.0
36.910000000000004,1.2806248451866977,1.1359283253179164,0.6,2.040000000000001,0.0
36.92,1.2806248452203797,1.1360720182024122,0.6,2.040000000000001,0.0
36.93,1.2806248452536824,1.1362155687193565,0.6,2.040000000000001,0.0
36.94,1.2806248452866054,1.1363589968217485,0.6,2.040000000000001,0.0
36.95,1.2806248453191482,1.1365022838156305,0.6,2.040000000000001,0.0
36.96,1.2806248453513098,1.136645414655066,0.6,2.040000000000001,0.0
36.97,1.2806248453830902,1.1367884250896954,0.6,2.040000000000001,0.0
36.980000000000004,1.2806248454144893,1.1369312822934676,0.6,2.040000000000001,0.0
36.99,1.2806248454455058,1.1370740143263591,0.6,2.040000000000001,0.0
37.0,1.2806248454761395,1.1372165904635039,0.6,2.040000000000001,0.0
37.01,1.2806248455063907,1.1373590458188452,0.6,2.040000000000001,0.0
37.02,1.2806248455362588,1.137501347550661,0.6,2.040000000000001,0.0
37.03,1.280624845565744,1.1376435251610821,0.6,2.040000000000001,0.0
37.04,1.280624845594846,1.1377855642245376,0.6,2.040000000000001,0.0
37.050000000000004,1.280624845623565,1.1379274495909546,0.6,2.040000000000001,0.0
37.06,1.280624845651901,1.1380691953873843,0.6,2.040000000000001,0.0
37.07,1.2806248456798544,1.138210803276179,0.6,2.040000000000001,0.0
37.08,1.2806248457074254,1.1383522763436607,0.6,2.040000000000001,0.0
37.09,1.2806248457346145,1.1384936105954848,0.6,2.040000000000001,0.0
37.1,1.2806248457614224,1.1386348056772835,0.6,2.040000000000001,0.0
37.11,1.2806248457878502,1.1387758641998338,0.6,2.040000000000001,0.0
37.12,1.2806248458138985,1.1389167845059465,0.6,2.040000000000001,0.0
37.13,1.280624845839568,1.1390575668594052,0.6,2.040000000000001,0.0
37.14,1.28062484586486,1.1391982311250874,0.6,2.040000000000001,0.0
37.15,1.280624845889776,1.1393387443689968,0.6,2.040000000000001,0.0
37.160000000000004,1.2806248459143172,1.1394791180468686,0.6,2.040000000000001,0.0
37.17,1.2806248459384855,1.1396193719100423,0.6,2.040000000000001,0.0
37.18,1.2806248459622822,1.1397594874148063,0.6,2.040000000000001,0.0
37.19,1.2806248459856675,1.1398994500287618,0.6,2.040000000000001,0.0
37.2,1.2806248460087257,1.140039294483633,0.6,2.040000000000001,0.0
37.21,1.2806248460314185,1.1401789886897544,0.6,2.040000000000001,0.0
37.22,1.2806248460537493,1.1403185602326071,0.6,2.040000000000001,0.0
37.230000000000004,1.280624846075718,1.140457978922687,0.6,2.040000000000001,0.0
37.24,1.2806248460973297,1.1405972794068324,0.6,2.040000000000001,0.0
37.25,1.2806248461185858,1.1407364292391269,0.6,2.040000000000001,0.0
37.26,1.2806248461394893,1.1408754574987812,0.6,2.040000000000001,0.0
37.27,1.280624846160043,1.1410143499804526,0.6,2.040000000000001,0.0
37.28,1.2806248461802496,1.1411530917945831,0.6,2.040000000000001,0.0
37.29,1.2806248462001129,1.1412916968303324,0.6,2.040000000000001,0.0
37.300000000000004,1.280624846219636,1.1414301668888456,0.6,2.040000000000001,0.0
37.31,1.2806248462388217,1.1415685045246136,0.6,2.040000000000001,0.0
37.32,1.2806248462576744,1.1417067063462067,0.6,2.040000000000001,0.0
37.33,1.2806248462761973,1.141844771761173,0.6,2.040000000000001,0.0
37.34,1.2806248462943943,1.1419827032646361,0.6,2.040000000000001,0.0
37.35,1.2806248463122691,1.1421204993441314,0.6,2.040000000000001,0.0
37.36,1.280624846329826,1.1422581603257742,0.6,2.040000000000001,0.0
37.37,1.2806248463470686,1.1423957055647609,0.6,2.040000000000001,0.0
37.38,1.2806248463640015,1.142533102699224,0.6,2.040000000000001,0.0
37.39,1.2806248463806291,1.1426703630043686,0.6,2.040000000000001,0.0
37.4,1.2806248463969547,1.1428075061366718,0.6,2.040000000000001,0.0
37.410000000000004,1.280624846412984,1.142944513624755,0.6,2.040000000000001,0.0
37.42,1.2806248464287202,1.1430813713899701,0.6,2.040000000000001,0.0
37.43,1.2806248464441687,1.1432181132822308,0.6,2.040000000000001,0.0
37.44,1.2806248464593344,1.1433547079615372,0.6,2.040000000000001,0.0
37.45,1.2806248464742207,1.1434911824894574,0.6,2.040000000000001,0.0
37.46,1.280624846488833,1.1436275071587878,0.6,2.040000000000001,0.0
37.47,1.280624846503176,1.1437637160837357,0.6,2.040000000000001,0.0
37.480000000000004,1.280624846517254,1.1438997773625739,0.6,2.040000000000001,0.0
37.49,1.2806248465310723,1.1440357195612811,0.6,2.040000000000001,0.0
37.5,1.2806248465446357,1.1441715287172705,0.6,2.040000000000001,0.0
37.51,1.2806248465579488,1.1443071901694735,0.6,2.040000000000001,0.0
37.52,1.2806248465710168,1.1444427176570666,0.6,2.040000000000001,0.0
37.53,1.2806248465838443,1.1445781130341033,0.6,2.040000000000001,0.0
37.54,1.280624846596436,1.144713378420361,0.6,2.040000000000001,0.0
37.550000000000004,1.2806248466087973,1.1448485108440258,0.6,2.040000000000001,0.0
37.56,1.2806248466209327,1.1449835097697285,0.6,2.040000000000001,0.0
37.57,1.280624846632847,1.145118377248908,0.6,2.040000000000001,0.0
37.58,1.2806248466445451,1.1452531122310345,0.6,2.040000000000001,0.0
37.59,1.280624846656032,1.1453877148336447,0.6,2.040000000000001,0.0
37.6,1.2806248466673122,1.1455222040193571,0.6,2.040000000000001,0.0
37.61,1.280624846678391,1.1456565480279437,0.6,2.040000000000001,0.0
37.62,1.2806248466892727,1.1457907579150757,0.6,2.040000000000001,0.0
37.63,1.2806248466999621,1.1459248532171156,0.6,2.040000000000001,0.0
37.64,1.2806248467104637,1.1460588155787081,0.6,2.040000000000001,0.0
37.65,1.2806248467207826,1.1461926313894892,0.6,2.040000000000001,0.0
37.660000000000004,1.280624846730923,1.146326333552572,0.6,2.040000000000001,0.0
37.67,1.2806248467408892,1.1464598915875488,0.6,2.040000000000001,0.0
37.68,1.280624846750686,1.146593331883847,0.6,2.040000000000001,0.0
37.69,1.2806248467603176,1.1467266253619903,0.6,2.040000000000001,0.0
37.7,1.2806248467697887,1.1468598054549135,0.6,2.040000000000001,0.0
37.71,1.2806248467791033,1.1469928408838983,0.6,2.040000000000001,0.0
37.72,1.2806248467882657,1.1471257597458406,0.6,2.040000000000001,0.0
37.730000000000004,1.28062484679728,1.14725854824163,0.6,2.040000000000001,0.0
37.74,1.28062484680615,1.147391191959722,0.6,2.040000000000001,0.0
37.75,1.2806248468148802,1.1475237044922741,0.6,2.040000000000001,0.0
37.76,1.280624846823474,1.1476560915348735,0.6,2.040000000000001,0.0
37.77,1.2806248468319357,1.1477883475741886,0.6,2.040000000000001,0.0
37.78,1.2806248468402686,1.1479204721534078,0.6,2.040000000000001,0.0
37.79,1.2806248468484767,1.148052468387895,0.6,2.040000000000001,0.0
37.800000000000004,1.2806248468565633,1.148184334482154,0.6,2.040000000000001,0.0
37.81,1.2806248468645323,1.1483160706999052,0.6,2.040000000000001,0.0
37.82,1.2806248468723866,1.1484476953102007,0.6,2.040000000000001,0.0
37.83,1.28062484688013,1.1485791767759121,0.6,2.040000000000001,0.0
37.84,1.2806248468877652,1.1487105283329277,0.6,2.040000000000001,0.0
37.85,1.2806248468952954,1.1488417666939796,0.6,2.040000000000001,0.0
37.86,1.2806248469027237,1.1489728745205405,0.6,2.040000000000001,0.0
37.87,1.2806248469100536,1.1491038424833577,0.6,2.040000000000001,0.0
37.88,1.2806248469172874,1.149234693556047,0.6,2.040000000000001,0.0
37.89,1.2806248469244175,1.1493654181964088,0.6,2.040000000000001,0.0
37.9,1.2806248469314674,1.1494959997035417,0.6,2.040000000000001,0.0
37.910000000000004,1.2806248469384296,1.1496264687476745,0.6,2.040000000000001,0.0
37.92,1.280624846945306,1.1497568133282434,0.6,2.040000000000001,0.0
37.93,1.2806248469520993,1.1498870127055787,0.6,2.040000000000001,0.0
37.94,1.2806248469588115,1.1500170985383649,0.6,2.040000000000001,0.0
37.95,1.2806248469654449,1.1501470524210557,0.6,2.040000000000001,0.0
37.96,1.2806248469720019,1.1502768830755912,0.6,2.040000000000001,0.0
37.97,1.280624846978484,1.150406568806014,0.6,2.040000000000001,0.0
37.980000000000004,1.2806248469848935,1.1505361310049258,0.6,2.040000000000001,0.0
37.99,1.2806248469912325,1.150665563591799,0.6,2.040000000000001,0.0
38.0,1.2806248469975023,1.150794871808567,0.6,2.040000000000001,0.0
38.01,1.2806248470037047,1.1509240512959131,0.6,2.040000000000001,0.0
38.02,1.2806248470098418,1.151053120913139,0.6,2.040000000000001,0.0
38.03,1.2806248470159145,1.1511820531210009,0.6,2.040000000000001,0.0
38.04,1.2806248470219244,1.1513108545462896,0.6,2.040000000000001,0.0
38.050000000000004,1.280624847027873,1.1514395446036638,0.6,2.040000000000001,0.0
38.06,1.2806248470337611,1.151568096813263,0.6,2.040000000000001,0.0
38.07,1.2806248470395902,1.151696534351385,0.6,2.040000000000001,0.0
38.08,1.2806248470453616,1.1518248302919216,0.6,2.040000000000001,0.0
38.09,1.2806248470510764,1.1519530157365083,0.6,2.040000000000001,0.0
38.1,1.2806248470567354,1.1520810743953063,0.6,2.040000000000001,0.0
38.11,1.2806248470623394,1.1522089933901332,0.6,2.040000000000001,0.0
38.12,1.2806248470678894,1.1523367848648334,0.6,2.040000000000001,0.0
38.13,1.2806248470733863,1.1524644552157888,0.6,2.040000000000001,0.0
38.14,1.2806248470788308,1.1525919990109803,0.6,2.040000000000001,0.0
38.15,1.2806248470842236,1.1527194154270208,0.6,2.040000000000001,0.0
38.160000000000004,1.2806248470895651,1.1528467078491549,0.6,2.040000000000001,0.0
38.17,1.2806248470948562,1.1529738744183538,0.6,2.040000000000001,0.0
38.18,1.2806248471000974,1.1531009152984903,0.6,2.040000000000001,0.0
38.19,1.280624847105289,1.1532278485195582,0.6,2.040000000000001,0.0
38.2,1.2806248471104313,1.1533546434413269,0.6,2.040000000000001,0.0
38.21,1.280624847115525,1.1534813130049355,0.6,2.040000000000001,0.0
38.22,1.2806248471205703,1.1536078717952727,0.6,2.040000000000001,0.0
38.230000000000004,1.2806248471255677,1.153734305307058,0.6,2.040000000000001,0.0
38.24,1.2806248471305175,1.1538606034845074,0.6,2.040000000000001,0.0
38.25,1.2806248471354194,1.1539867958896417,0.6,2.040000000000001,0.0
38.26,1.2806248471402737,1.1541128444568276,0.6,2.040000000000001,0.0
38.27,1.2806248471450812,1.1542387755651098,0.6,2.040000000000001,0.0
38.28,1.2806248471498414,1.1543645917314218,0.6,2.040000000000001,0.0
38.29,1.2806248471545545,1.1544902730355926,0.6,2.040000000000001,0.0
38.300000000000004,1.280624847159221,1.1546158169592633,0.6,2.040000000000001,0.0
38.31,1.2806248471638404,1.1547412455125725,0.6,2.040000000000001,0.0
38.32,1.280624847168413,1.1548665548286317,0.6,2.040000000000001,0.0
38.33,1.280624847172939,1.1549917357616286,0.6,2.040000000000001,0.0
38.34,1.280624847177418,1.1551168118400346,0.6,2.040000000000001,0.0
38.35,1.2806248471818504,1.1552417632431795,0.6,2.040000000000001,0.0
38.36,1.2806248471862358,1.1553665771163444,0.6,2.040000000000001,0.0
38.37,1.2806248471905748,1.155491280448611,0.6,2.040000000000001,0.0
38.38,1.2806248471948667,1.1556158638829164,0.6,2.040000000000001,0.0
38.39,1.280624847199112,1.1557403120633543,0.6,2.040000000000001,0.0
38.4,1.2806248472033102,1.1558646519225872,0.6,2.040000000000001,0.0
38.410000000000004,1.2806248472074613,1.1559888691011964,0.6,2.040000000000001,0.0
38.42,1.2806248472115656,1.1561129505050785,0.6,2.040000000000001,0.0
38.43,1.2806248472156228,1.1562369246862312,0.6,2.040000000000001,0.0
38.44,1.2806248472196324,1.1563607802271318,0.6,2.040000000000001,0.0
38.45,1.2806248472235948,1.1564844971162604,0.6,2.040000000000001,0.0
38.46,1.2806248472275104,1.156608105842945,0.6,2.040000000000001,0.0
38.47,1.2806248472313784,1.1567315889851233,0.6,2.040000000000001,0.0
38.480000000000004,1.2806248472351986,1.1568549530584658,0.6,2.040000000000001,0.0
38.49,1.280624847238972,1.1569781797111625,0.6,2.040000000000001,0.0
38.5,1.2806248472426978,1.1571012893383554,0.6,2.040000000000001,0.0
38.51,1.2806248472463764,1.1572242789194285,0.6,2.040000000000001,0.0
38.52,1.2806248472500075,1.1573471459959281,0.6,2.040000000000001,0.0
38.53,1.280624847253591,1.1574698916360635,0.6,2.040000000000001,0.0
38.54,1.2806248472571273,1.157592516484385,0.6,2.040000000000001,0.0
38.550000000000004,1.280624847260616,1.1577150198791184,0.6,2.040000000000001,0.0
38.56,1.2806248472640576,1.1578374023025575,0.6,2.040000000000001,0.0
38.57,1.2806248472674517,1.1579596640466245,0.6,2.040000000000001,0.0
38.58,1.2806248472707988,1.1580818049382506,0.6,2.040000000000001,0.0
38.59,1.2806248472740989,1.1582038421578265,0.6,2.040000000000001,0.0
38.6,1.2806248472773516,1.1583257464748282,0.6,2.040000000000001,0.0
38.61,1.2806248472805577,1.1584475302463637,0.6,2.040000000000001,0.0
38.62,1.2806248472837172,1.158569206514588,0.6,2.040000000000001,0.0
38.63,1.2806248472868296,1.1586907624274716,0.6,2.040000000000001,0.0
38.64,1.2806248472898958,1.1588121878023898,0.6,2.040000000000001,0.0
38.65,1.2806248472929158,1.1589335056284258,0.6,2.040000000000001,0.0
38.660000000000004,1.28062484729589,1.1590547049556719,0.6,2.040000000000001,0.0
38.67,1.2806248472988182,1.159175770982962,0.6,2.040000000000001,0.0
38.68,1.2806248473017003,1.1592967316052207,0.6,2.040000000000001,0.0
38.69,1.2806248473045376,1.1594175717600665,0.6,2.040000000000001,0.0
38.7,1.2806248473073296,1.159538278921943,0.6,2.040000000000001,0.0
38.71,1.2806248473100772,1.159658867390425,0.6,2.040000000000001,0.0
38.72,1.2806248473127801,1.1597793399118186,0.6,2.040000000000001,0.0
38.730000000000004,1.280624847315439,1.1598996926729717,0.6,2.040000000000001,0.0
38.74,1.2806248473180537,1.1600199254262669,0.6,2.040000000000001,0.0
38.75,1.2806248473206252,1.160140040238659,0.6,2.040000000000001,0.0
38.76,1.2806248473231536,1.160260036103337,0.6,2.040000000000001,0.0
38.77,1.2806248473256392,1.1603799131120383,0.6,2.040000000000001,0.0
38.78,1.2806248473280821,1.1604996880242884,0.6,2.040000000000001,0.0
38.79,1.2806248473304833,1.1606193316785818,0.6,2.040000000000001,0.0
38.800000000000004,1.2806248473328434,1.1607388564999361,0.6,2.040000000000001,0.0
38.81,1.2806248473351622,1.1608582778775551,0.6,2.040000000000001,0.0
38.82,1.2806248473374406,1.1609775797713526,0.6,2.040000000000001,0.0
38.83,1.280624847339679,1.1610967534337289,0.6,2.040000000000001,0.0
38.84,1.2806248473418773,1.1612158204444225,0.6,2.040000000000001,0.0
38.85,1.2806248473440371,1.1613347717473759,0.6,2.040000000000001,0.0
38.86,1.2806248473461581,1.1614535918793587,0.6,2.040000000000001,0.0
38.87,1.2806248473482413,1.1615723091322216,0.6,2.040000000000001,0.0
38.88,1.2806248473502866,1.1616909078820064,0.6,2.040000000000001,0.0
38.89,1.280624847352295,1.161809376055378,0.6,2.040000000000001,0.0
38.9,1.280624847354267,1.1619277275306557,0.6,2.040000000000001,0.0
38.910000000000004,1.280624847356203,1.162045965139818,0.6,2.040000000000001,0.0
38.92,1.2806248473581037,1.1621640851600772,0.6,2.040000000000001,0.0
38.93,1.2806248473599695,1.1622820872708972,0.6,2.040000000000001,0.0
38.94,1.2806248473618012,1.1623999735480652,0.6,2.040000000000001,0.0
38.95,1.280624847363599,1.1625177429864877,0.6,2.040000000000001,0.0
38.96,1.2806248473653639,1.1626353956645057,0.6,2.040000000000001,0.0
38.97,1.2806248473670963,1.1627529480591876,0.6,2.040000000000001,0.0
38.980000000000004,1.2806248473687967,1.1628703713600363,0.6,2.040000000000001,0.0
38.99,1.2806248473704658,1.1629876778826675,0.6,2.040000000000001,0.0
39.0,1.2806248473721045,1.1631048830420854,0.6,2.040000000000001,0.0
39.01,1.2806248473737125,1.163221970736123,0.6,2.040000000000001,0.0
39.02,1.2806248473752915,1.1633389323400658,0.6,2.040000000000001,0.0
39.03,1.2806248473768416,1.1634557961261538,0.6,2.040000000000001,0.0
39.04,1.2806248473783635,1.1635725277598883,0.6,2.040000000000001,0.0
39.050000000000004,1.2806248473798572,1.163689154402708,0.6,2.040000000000001,0.0
39.06,1.280624847381324,1.1638056728097086,0.6,2.040000000000001,0.0
39.07,1.2806248473827644,1.163922060183165,0.6,2.040000000000001,0.0
39.08,1.2806248473841788,1.1640383420204428,0.6,2.040000000000001,0.0
39.09,1.2806248473855677,1.164154495182587,0.6,2.040000000000001,0.0
39.1,1.2806248473869322,1.1642705356188663,0.6,2.040000000000001,0.0
39.11,1.2806248473882722,1.1643864633575822,0.6,2.040000000000001,0.0
39.12,1.2806248473895887,1.1645022757613985,0.6,2.040000000000001,0.0
39.13,1.2806248473908821,1.1646179728353734,0.6,2.040000000000001,0.0
39.14,1.2806248473921533,1.1647335559365852,0.6,2.040000000000001,0.0
39.15,1.2806248473934028,1.1648490244254657,0.6,2.040000000000001,0.0
39.160000000000004,1.2806248473946307,1.1649643783706425,0.6,2.040000000000001,0.0
39.17,1.280624847395838,1.1650796337975005,0.6,2.040000000000001,0.0
39.18,1.2806248473970248,1.1651947739595399,0.6,2.040000000000001,0.0
39.19,1.2806248473981918,1.1653097870868367,0.6,2.040000000000001,0.0
39.2,1.2806248473993396,1.1654247002523357,0.6,2.040000000000001,0.0
39.21,1.2806248474004691,1.1655395005012719,0.6,2.040000000000001,0.0
39.22,1.28062484740158,1.1656541750538048,0.6,2.040000000000001,0.0
39.230000000000004,1.2806248474026738,1.165768749507618,0.6,2.040000000000001,0.0
39.24,1.28062484740375,1.1658832099672019,0.6,2.040000000000001,0.0
39.25,1.2806248474048096,1.1659975441892687,0.6,2.040000000000001,0.0
39.26,1.280624847405853,1.1661117646051349,0.6,2.040000000000001,0.0
39.27,1.2806248474068809,1.166225875539463,0.6,2.040000000000001,0.0
39.28,1.2806248474078934,1.1663398729025318,0.6,2.040000000000001,0.0
39.29,1.2806248474088908,1.16645375600228,0.6,2.040000000000001,0.0
39.300000000000004,1.2806248474098738,1.166567527291462,0.6,2.040000000000001,0.0
39.31,1.2806248474108428,1.1666811856789183,0.6,2.040000000000001,0.0
39.32,1.2806248474117983,1.166794731100612,0.6,2.040000000000001,0.0
39.33,1.2806248474127404,1.1669081797495877,0.6,2.040000000000001,0.0
39.34,1.2806248474136694,1.1670215035858944,0.6,2.040000000000001,0.0
39.35,1.280624847414586,1.1671347145519448,0.6,2.040000000000001,0.0
39.36,1.280624847415489,1.1672478275183396,0.6,2.040000000000001,0.0
39.37,1.280624847416382,1.1673608269394815,0.6,2.040000000000001,0.0
39.38,1.2806248474172632,1.1674737044011176,0.6,2.040000000000001,0.0
39.39,1.2806248474181323,1.1675864874365711,0.6,2.040000000000001,0.0
39.4,1.2806248474189916,1.1676991418984652,0.6,2.040000000000001,0.0
39.410000000000004,1.2806248474198407,1.1678116758577675,0.6,2.040000000000001,0.0
39.42,1.2806248474206794,1.1679241052360858,0.6,2.040000000000001,0.0
39.43,1.2806248474215078,1.1680364260379301,0.6,2.040000000000001,0.0
39.44,1.2806248474223267,1.168148632563358,0.6,2.040000000000001,0.0
39.45,1.2806248474231363,1.168260744031774,0.6,2.040000000000001,0.0
39.46,1.2806248474239366,1.1683727430689137,0.6,2.040000000000001,0.0
39.47,1.280624847424728,1.1684846216184825,0.6,2.040000000000001,0.0
39.480000000000004,1.2806248474255104,1.1685963943487945,0.6,2.040000000000001,0.0
39.49,1.2806248474262845,1.1687080620621861,0.6,2.040000000000001,0.0
39.5,1.2806248474270503,1.1688196186257855,0.6,2.040000000000001,0.0
39.51,1.280624847427808,1.1689310544487472,0.6,2.040000000000001,0.0
39.52,1.2806248474285578,1.1690423929564842,0.6,2.040000000000001,0.0
39.53,1.2806248474293,1.1691536159685396,0.6,2.040000000000001,0.0
39.54,1.2806248474300346,1.1692647198634367,0.6,2.040000000000001,0.0
39.550000000000004,1.2806248474307615,1.16937571490059,0.6,2.040000000000001,0.0
39.56,1.2806248474314812,1.1694866011884735,0.6,2.040000000000001,0.0
39.57,1.280624847432194,1.1695973775857011,0.6,2.040000000000001,0.0
39.58,1.2806248474328996,1.1697080433620588,0.6,2.040000000000001,0.0
39.59,1.2806248474335982,1.1698185997760933,0.6,2.040000000000001,0.0
39.6,1.28062484743429,1.1699290465470884,0.6,2.040000000000001,0.0
39.61,1.280624847434975,1.1700393835490355,0.6,2.040000000000001,0.0
39.62,1.2806248474356539,1.1701496264261955,0.6,2.040000000000001,0.0
39.63,1.280624847436326,1.1702597479159196,0.6,2.040000000000001,0.0
39.64,1.2806248474369917,1.170369759724915,0.6,2.040000000000001,0.0
39.65,1.280624847437651,1.1704796753107662,0.6,2.040000000000001,0.0
39.660000000000004,1.280624847438304,1.1705894810919883,0.6,2.040000000000001,0.0
39.67,1.2806248474389506,1.1706991681397223,0.6,2.040000000000001,0.0
39.68,1.2806248474395916,1.1708087635558386,0.6,2.040000000000001,0.0
39.69,1.2806248474402264,1.1709182346449631,0.6,2.040000000000001,0.0
39.7,1.280624847440855,1.1710276071071573,0.6,2.040000000000001,0.0
39.71,1.2806248474414776,1.1711368580785557,0.6,2.040000000000001,0.0
39.72,1.2806248474420943,1.1712460163035656,0.6,2.040000000000001,0.0
39.730000000000004,1.280624847442705,1.1713550692732808,0.6,2.040000000000001,0.0
39.74,1.28062484744331,1.1714639989580853,0.6,2.040000000000001,0.0
39.75,1.2806248474439088,1.1715728332586526,0.6,2.040000000000001,0.0
39.76,1.2806248474445017,1.1716815584628533,0.6,2.040000000000001,0.0
39.77,1.2806248474450892,1.1717901653987561,0.6,2.040000000000001,0.0
39.78,1.2806248474456707,1.1718986655893695,0.6,2.040000000000001,0.0
39.79,1.2806248474462463,1.1720070568302239,0.6,2.040000000000001,0.0
39.800000000000004,1.280624847446816,1.1721153407794076,0.6,2.040000000000001,0.0
39.81,1.28062484744738,1.1722235170183122,0.6,2.040000000000001,0.0
39.82,1.280624847447938,1.1723316005261526,0.6,2.040000000000001,0.0
39.83,1.2806248474484903,1.1724395674027792,0.6,2.040000000000001,0.0
39.84,1.2806248474490367,1.172547437030829,0.6,2.040000000000001,0.0
39.85,1.2806248474495774,1.1726551978325128,0.6,2.040000000000001,0.0
39.86,1.2806248474501125,1.1727628484742956,0.6,2.040000000000001,0.0
39.87,1.2806248474506416,1.1728703854007447,0.6,2.040000000000001,0.0
39.88,1.2806248474511648,1.1729778145362793,0.6,2.040000000000001,0.0
39.89,1.2806248474516824,1.173085138907724,0.6,2.040000000000001,0.0
39.9,1.2806248474521937,1.1731923572141647,0.6,2.040000000000001,0.0
39.910000000000004,1.2806248474526996,1.1732994678174324,0.6,2.040000000000001,0.0
39.92,1.2806248474531992,1.1734064725796067,0.6,2.040000000000001,0.0
39.93,1.2806248474536932,1.1735133711560175,0.6,2.040000000000001,0.0
39.94,1.2806248474541813,1.1736201632464893,0.6,2.040000000000001,0.0
39.95,1.2806248474546635,1.1737268641671328,0.6,2.040000000000001,0.0
39.96,1.28062484745514,1.1738334473454597,0.6,2.040000000000001,0.0
39.97,1.2806248474556106,1.1739399242514186,0.6,2.040000000000001,0.0
39.980000000000004,1.2806248474560753,1.1740463080161174,0.6,2.040000000000001,0.0
39.99,1.280624847456534,1.1741525853505779,0.6,2.040000000000001,0.0
40.0,1.2806248474569872,1.1742587497519068,0.6,2.040000000000001,0.0
