case_id,controller,time_s,position_error_m
Scene01,PID,0.0,0.0
Scene01,PID,0.05,0.09999020096748032
Scene01,PID,0.1,0.1999793397500836
Scene01,PID,0.1499999999999999,0.29996807175034196
Scene01,PID,0.2,0.39995631985309105
Scene01,PID,0.25,0.4999440049778936
Scene01,PID,0.2999999999999999,0.5999310420321107
Scene01,PID,0.35,0.6999118433786975
Scene01,PID,0.4,0.798938691643202
Scene01,PID,0.45,0.8941708670542731
Scene01,PID,0.5,0.9831682792151645
Scene01,PID,0.55,1.0641512812945075
Scene01,PID,0.5999999999999999,1.1359835506831502
Scene01,PID,0.65,1.1980363009750543
Scene01,PID,0.7,1.250062149731796
Scene01,PID,0.75,1.2921389722514824
Scene01,PID,0.8,1.3245667345137493
Scene01,PID,0.8499999999999999,1.3477895849718093
Scene01,PID,0.9,1.3623578430724272
Scene01,PID,0.95,1.368891821237613
Scene01,PID,1.0,1.3680475712504498
Scene01,PID,1.05,1.3604937912667012
Scene01,PID,1.1,1.3468968482894446
Scene01,PID,1.15,1.3279105971045464
Scene01,PID,1.2,1.304168368232669
Scene01,PID,1.25,1.2762759539687134
Scene01,PID,1.3,1.244807955471686
Scene01,PID,1.35,1.2103041838534332
Scene01,PID,1.4,1.173269163064498
Scene01,PID,1.45,1.134172649899336
Scene01,PID,1.5,1.0934486849013192
Scene01,PID,1.55,1.0514963785634555
Scene01,PID,1.6,1.0086808343858058
Scene01,PID,1.65,0.9653337591328164
Scene01,PID,1.7,0.9217545483840706
Scene01,PID,1.75,0.878212412019928
Scene01,PID,1.8,0.8349467159993265
Scene01,PID,1.85,0.7921699501136912
Scene01,PID,1.9,0.7500680973119134
Scene01,PID,1.95,0.7088031412157991
Scene01,PID,2.0,0.6685140134649425
Scene01,PID,2.05,0.6293184363497133
Scene01,PID,2.1,0.5913144039709768
Scene01,PID,2.15,0.5545815759523709
Scene01,PID,2.2,0.5191830183707196
Scene01,PID,2.25,0.4851662680973332
Scene01,PID,2.3000000000000003,0.45256530979053533
Scene01,PID,2.35,0.4214011453966089
Scene01,PID,2.4,0.39168356586672637
Scene01,PID,2.45,0.36341288783543124
Scene01,PID,2.5,0.336579266164982
Scene01,PID,2.5500000000000003,0.31116657806718706
Scene01,PID,2.6,0.28715170980411653
Scene01,PID,2.65,0.26450351237741554
Scene01,PID,2.7,0.24318879259305515
Scene01,PID,2.75,0.22316990364484202
Scene01,PID,2.8000000000000003,0.20440228448407272
Scene01,PID,2.85,0.18684304416078668
Scene01,PID,2.9,0.17044684951923994
Scene01,PID,2.95,0.1551635639033604
Scene01,PID,3.0,0.14094371073808887
Scene01,PID,3.0500000000000003,0.12773973567455776
Scene01,PID,3.1,0.11550271328270512
Scene01,PID,3.15,0.10417847774443256
Scene01,PID,3.2,0.09372107685071995
Scene01,PID,3.25,0.08408379758761964
Scene01,PID,3.3000000000000003,0.07521740929203347
Scene01,PID,3.35,0.06707418104284013
Scene01,PID,3.4,0.05961191669731125
Scene01,PID,3.45,0.05278909994926284
Scene01,PID,3.5,0.046559208988607104
Scene01,PID,3.5500000000000003,0.04088411240391476
Scene01,PID,3.6,0.03572674586208269
Scene01,PID,3.65,0.03105164131974103
Scene01,PID,3.7,0.026819336909424507
Scene01,PID,3.75,0.022999356589662234
Scene01,PID,3.8,0.019561059064080233
Scene01,PID,3.85,0.016475634732820765
Scene01,PID,3.9,0.01371140950744909
Scene01,PID,3.95,0.011244258056337664
Scene01,PID,4.0,0.009050004827124702
Scene01,PID,4.05,0.00710637752211163
Scene01,PID,4.1,0.0053890342271518685
Scene01,PID,4.15,0.0038788710593493664
Scene01,PID,4.2,0.002557594106583852
Scene01,PID,4.25,0.0014081617543322317
Scene01,PID,4.3,0.00041408057144389236
Scene01,PID,4.3500000000000005,0.0004407255519325464
Scene01,PID,4.4,0.0011692263102158823
Scene01,PID,4.45,0.0017840237132986697
Scene01,PID,4.5,0.002296625575036518
Scene01,PID,4.55,0.002718338830581149
Scene01,PID,4.6000000000000005,0.003059390356897398
Scene01,PID,4.65,0.003328517834424007
Scene01,PID,4.7,0.003534042877122447
Scene01,PID,4.75,0.0036835814923552603
Scene01,PID,4.8,0.003784012210175548
Scene01,PID,4.8500000000000005,0.003841644881124041
Scene01,PID,4.9,0.003862331460132041
Scene01,PID,4.95,0.003851411947911388
Scene01,PID,5.0,0.0038138152312008353
Scene01,PID,5.05,0.0968576222630464
Scene01,PID,5.1000000000000005,0.17088097515044076
Scene01,PID,5.15,0.2268761739288898
Scene01,PID,5.2,0.26654712156050486
Scene01,PID,5.25,0.2916925636794083
Scene01,PID,5.3,0.30424872080889287
Scene01,PID,5.3500000000000005,0.3061468140916723
Scene01,PID,5.4,0.2992655119796144
Scene01,PID,5.45,0.28537950826527236
Scene01,PID,5.5,0.26612043373280336
Scene01,PID,5.55,0.24293440270086464
Scene01,PID,5.6000000000000005,0.21708005734205038
Scene01,PID,5.65,0.189632651217174
Scene01,PID,5.7,0.16148495472637237
Scene01,PID,5.75,0.13335953686640067
Scene01,PID,5.8,0.10582819376412367
Scene01,PID,5.8500000000000005,0.07933245645166842
Scene01,PID,5.9,0.0542020420614886
Scene01,PID,5.95,0.030671757880069705
Scene01,PID,6.0,0.008897246129958347
Scene01,PID,6.05,0.011030518115628496
Scene01,PID,6.1000000000000005,0.029072568109057784
Scene01,PID,6.15,0.04523105620003953
Scene01,PID,6.2,0.059540243412786964
Scene01,PID,6.25,0.07205916495649234
Scene01,PID,6.3,0.08286448328408724
Scene01,PID,6.3500000000000005,0.09204670571893736
Scene01,PID,6.4,0.09970575721339436
Scene01,PID,6.45,0.10594599337869504
Scene01,PID,6.5,0.11087478278633789
Scene01,PID,6.55,0.11459978822843375
Scene01,PID,6.6000000000000005,0.11722762191513603
Scene01,PID,6.65,0.11886227196687749
Scene01,PID,6.7,0.11960381193972758
Scene01,PID,6.75,0.1195487631732135
Scene01,PID,6.8,0.11878874317796395
Scene01,PID,6.8500000000000005,0.11740999637280325
Scene01,PID,6.9,0.11549378708717306
Scene01,PID,6.95,0.11311516165570445
Scene01,PID,7.0,0.11034461795521366
Scene01,PID,7.05,0.10724575958737859
Scene01,PID,7.1000000000000005,0.10387844961685744
Scene01,PID,7.15,0.10029558666739824
Scene01,PID,7.2,0.0965466592165285
Scene01,PID,7.25,0.09267537022626904
Scene01,PID,7.3,0.08872110115497911
Scene01,PID,7.35,0.08471950560281982
Scene01,PID,7.4,0.0807015493168759
Scene01,PID,7.45,0.07669493780611525
Scene01,PID,7.5,0.07272369026623693
Scene01,PID,7.55,0.06880858422201364
Scene01,PID,7.6,0.06496749400283974
Scene01,PID,7.65,0.06121551431291117
Scene01,PID,7.7,0.05756525015011249
Scene01,PID,7.75,0.054026960722671546
Scene01,PID,7.8,0.05060900285270442
Scene01,PID,7.85,0.04731783414220736
Scene01,PID,7.9,0.044157875989945694
Scene01,PID,7.95,0.04113259676094572
Scene01,PID,8.0,0.03824412823979806
Scene01,PID,8.05,0.03549275063039126
Scene01,PID,8.099999999999998,0.03287860389796826
Scene01,PID,8.15,0.030400889262418573
Scene01,PID,8.199999999999998,0.028057488076205672
Scene01,PID,8.25,0.025845533379618146
Scene01,PID,8.3,0.02376249448996859
Scene01,PID,8.349999999999998,0.021805274382195705
Scene01,PID,8.4,0.019969055613504594
Scene01,PID,8.449999999999998,0.01825002355462324
Scene01,PID,8.5,0.016644177339285804
Scene01,PID,8.55,0.015147419173246135
Scene01,PID,8.599999999999998,0.013753586040424537
Scene01,PID,8.65,0.012458717097038274
Scene01,PID,8.700000000000001,0.011258268310472275
Scene01,PID,8.75,0.01014785183126321
Scene01,PID,8.8,0.009121637587213627
Scene01,PID,8.849999999999998,0.008175240132967332
Scene01,PID,8.9,0.00730443758103938
Scene01,PID,8.950000000000001,0.006505055976944618
Scene01,PID,9.0,0.0057725770544028165
Scene01,PID,9.05,0.005101850976108935
Scene01,PID,9.1,0.004489554597336466
Scene01,PID,9.15,0.003931984792000521
Scene01,PID,9.2,0.003425723680052784
Scene01,PID,9.25,0.0029666541766726344
Scene01,PID,9.3,0.0025508251204655616
Scene01,PID,9.35,0.0021756465019286972
Scene01,PID,9.4,0.0018382281192828045
Scene01,PID,9.45,0.0015359383953885714
Scene01,PID,9.5,0.0012657920018721593
Scene01,PID,9.55,0.0010242895501857451
Scene01,PID,9.6,0.0008097339588317754
Scene01,PID,9.65,0.0006199464187002297
Scene01,PID,9.7,0.0004529430066320206
Scene01,PID,9.75,0.0003069391492989263
Scene01,PID,9.8,0.0001792126931583724
Scene01,PID,9.85,6.82549391105107e-05
Scene01,PID,9.9,2.732890484774171e-05
Scene01,PID,9.95,0.00010898043333544431
Scene01,PID,10.0,0.00017800806571168968
Scene01,PID,10.05,0.07400935900961869
Scene01,PID,10.1,0.12427120372607625
Scene01,PID,10.15,0.15604325736878621
Scene01,PID,10.2,0.17404603505230298
Scene01,PID,10.25,0.18176304629114526
Scene01,PID,10.3,0.18179129114107972
Scene01,PID,10.35,0.1761256602381156
Scene01,PID,10.4,0.16631513347516425
Scene01,PID,10.45,0.15357676240933316
Scene01,PID,10.5,0.13886945001365447
Scene01,PID,10.55,0.12295173103835921
Scene01,PID,10.6,0.1064228790149766
Scene01,PID,10.65,0.08975355829363174
Scene01,PID,10.7,0.07331026161977583
Scene01,PID,10.75,0.057374504727235376
Scene01,PID,10.8,0.04215799385288577
Scene01,PID,10.85,0.02781511900664846
Scene01,PID,10.9,0.014453072323560079
Scene01,PID,10.95,0.002140625754057268
Scene01,PID,11.0,0.00908372210876962
Scene01,PID,11.05,0.019208372344186486
Scene01,PID,11.1,0.02824272652215143
Scene01,PID,11.15,0.03621167537919945
Scene01,PID,11.2,0.0431527239914935
Scene01,PID,11.25,0.049112905522889605
Scene01,PID,11.3,0.05414593225878228
Scene01,PID,11.35,0.05830883379011986
Scene01,PID,11.4,0.06166284038655867
Scene01,PID,11.45,0.0642700683508064
Scene01,PID,11.5,0.06619339274049985
Scene01,PID,11.55,0.06749532704320416
Scene01,PID,11.6,0.06823668388018156
Scene01,PID,11.65,0.06847660735419936
Scene01,PID,11.7,0.06827079228105859
Scene01,PID,11.75,0.06767332510134239
Scene01,PID,11.8,0.06673336515713046
Scene01,PID,11.85,0.06549774295341138
Scene01,PID,11.9,0.06401025776017555
Scene01,PID,11.95,0.06230977177267505
Scene01,PID,12.0,0.06043471252769628
Scene01,PID,12.05,0.058417938622570276
Scene01,PID,12.1,0.05628995876589116
Scene01,PID,12.15,0.0540789035111402
Scene01,PID,12.2,0.05180908180717836
Scene01,PID,12.25,0.04950285177483593
Scene01,PID,12.3,0.04718017558307608
Scene01,PID,12.35,0.044858029363597396
Scene01,PID,12.4,0.042551574717627716
Scene01,PID,12.45,0.04027393563880466
Scene01,PID,12.5,0.03803605628922746
Scene01,PID,12.55,0.035847409178428435
Scene01,PID,12.6,0.033716060759912736
Scene01,PID,12.65,0.03164837657594788
Scene01,PID,12.7,0.029649562294768117
Scene01,PID,12.75,0.02772360185167777
Scene01,PID,12.8,0.02587366642544886
Scene01,PID,12.85,0.024102085810616458
Scene01,PID,12.9,0.022409762919149756
Scene01,PID,12.95,0.020797487115551405
Scene01,PID,13.0,0.019265530160859967
Scene01,PID,13.05,0.09499248402686078
Scene01,PID,13.1,0.1540577189719965
Scene01,PID,13.15,0.19763500955344604
Scene01,PID,13.2,0.22745769920750725
Scene01,PID,13.25,0.2453269745677602
Scene01,PID,13.3,0.25303637443490246
Scene01,PID,13.35,0.2523137496451202
Scene01,PID,13.4,0.24478350027824725
Scene01,PID,13.45,0.23192568270642155
Scene01,PID,13.5,0.21506274910032452
Scene01,PID,13.55,0.1953500102866368
Scene01,PID,13.6,0.17377395696115627
Scene01,PID,13.65,0.15115901227398432
Scene01,PID,13.7,0.12818010400487623
Scene01,PID,13.75,0.10538011123626312
Scene01,PID,13.8,0.08318548177213003
Scene01,PID,13.85,0.06192216519601246
Scene01,PID,13.9,0.041829923881788744
Scene01,PID,13.95,0.023076300412911976
Scene01,PID,14.0,0.005769202304891863
Scene01,PID,14.05,0.010031599175071904
Scene01,PID,14.1,0.024305134090507607
Scene01,PID,14.15,0.037060934962028114
Scene01,PID,14.2,0.04833224083211185
Scene01,PID,14.25,0.058171155425656096
Scene01,PID,14.3,0.06664343291384789
Scene01,PID,14.35,0.07382347683640056
Scene01,PID,14.4,0.0797929059654443
Scene01,PID,14.45,0.08463702670900553
Scene01,PID,14.5,0.0884427840434352
Scene01,PID,14.55,0.09129745876769846
Scene01,PID,14.6,0.09328503905363661
Scene01,PID,14.65,0.09449041486930021
Scene01,PID,14.7,0.09499237308474484
Scene01,PID,14.75,0.09486873533187179
Scene01,PID,14.8,0.09419139287567013
Scene01,PID,14.85,0.0930297658822159
Scene01,PID,14.9,0.09144799971781659
Scene01,PID,14.95,0.08950593061362078
Scene01,PID,15.0,0.08725906049614807
Scene01,PID,15.05,0.08475780260989829
Scene01,PID,15.1,0.0820494765166142
Scene01,PID,15.15,0.07917566364466033
Scene01,PID,15.2,0.07617543772809654
Scene01,PID,15.25,0.07308306821138366
Scene01,PID,15.3,0.06992938728084752
Scene01,PID,15.35,0.06674244842001542
Scene01,PID,15.4,0.06354643342342037
Scene01,PID,15.45,0.060362924777928484
Scene01,PID,15.5,0.05721073044439429
Scene01,PID,15.55,0.054106021538487425
Scene01,PID,15.6,0.05106261508134757
Scene01,PID,15.65,0.04809221594089941
Scene01,PID,15.7,0.045204578463611256
Scene01,PID,15.75,0.042407502668563524
Scene01,PID,15.8,0.03970734853377955
Scene01,PID,15.85,0.03710905674487286
Scene01,PID,15.9,0.03461601638813683
Scene01,PID,15.95,0.03223062202996552
Scene01,PID,16.0,0.029954455202293673
Scene01,PID,16.05,0.027787942421154455
Scene01,PID,16.1,0.025730263144863486
Scene01,PID,16.15,0.023780757171351752
Scene01,PID,16.2,0.021938046485406204
Scene01,PID,16.25,0.020199513398678093
Scene01,PID,16.3,0.01856278948068457
Scene01,PID,16.35,0.01702535392533555
Scene01,PID,16.4,0.015584493715447678
Scene01,PID,16.45,0.014235589903970336
Scene01,PID,16.5,0.012975804754610465
Scene01,PID,16.55,0.01180175890499413
Scene01,PID,16.6,0.010710137680916887
Scene01,PID,16.65,0.009695777814599182
Scene01,PID,16.7,0.008755582774192305
Scene01,PID,16.75,0.007885965056923183
Scene01,PID,16.8,0.007083468419811112
Scene01,PID,16.85,0.006343767128745625
Scene01,PID,16.9,0.005663097837709685
Scene01,PID,16.95,0.005038352993008033
Scene01,PID,17.0,0.004466322165811221
Scene01,PID,17.05,0.003943744228013912
Scene01,PID,17.1,0.003466363485779667
Scene01,PID,17.150000000000002,0.00303175688941515
Scene01,PID,17.2,0.002637084198759966
Scene01,PID,17.25,0.002279715624547764
Scene01,PID,17.3,0.001956850243752586
Scene01,PID,17.35,0.0016652282040858807
Scene01,PID,17.400000000000002,0.001402972007589657
Scene01,PID,17.45,0.00116790465673589
Scene01,PID,17.5,0.0009580417360179955
Scene01,PID,17.55,0.0007715019899166089
Scene01,PID,17.6,0.0006053051927139668
Scene01,PID,17.650000000000002,0.0004583287776878249
Scene01,PID,17.7,0.0003289660956351721
Scene01,PID,17.75,0.00021575588909253555
Scene01,PID,17.8,0.00011738441179259616
Scene01,PID,17.85,3.228788326855579e-05
Scene01,PID,17.900000000000002,4.122484013371986e-05
Scene01,PID,17.95,0.00010393565638372037
Scene01,PID,18.0,0.00015689066332316996
Scene01,PID,18.05,0.00020104030446434925
Scene01,PID,18.1,0.00023724206980803403
Scene01,PID,18.15,0.0002663977761763299
Scene01,PID,18.2,0.00028956869495112196
Scene01,PID,18.25,0.0003072572789673039
Scene01,PID,18.3,0.0003201141168940355
Scene01,PID,18.35,0.0003287340839968082
Scene01,PID,18.4,0.00033366077789942543
Scene01,PID,18.45,0.0003353909543921674
Scene01,PID,18.5,0.00033431417367957316
Scene01,PID,18.55,0.0003308515216424735
Scene01,PID,18.6,0.0003253779424241572
Scene01,PID,18.65,0.0003182276279911689
Scene01,PID,18.7,0.00030970707194556224
Scene01,PID,18.75,0.0003000993030095739
Scene01,PID,18.8,0.000289668118508521
Scene01,PID,18.85,0.00027833585204464794
Scene01,PID,18.9,0.0002664540322765811
Scene01,PID,18.95,0.0002541957441444799
Scene01,PID,19.0,0.00024171726580320726
Scene01,PID,19.05,0.00022916618265266667
Scene01,PID,19.1,0.00021668495361929483
Scene01,PID,19.15,0.00020441447751571418
Scene01,PID,19.2,0.00019256639175706117
Scene01,PID,19.25,0.0001811687349547583
Scene01,PID,19.3,0.00017020015677397774
Scene01,PID,19.35,0.00015968048723678343
Scene01,PID,19.4,0.0001496079240319799
Scene01,PID,19.45,0.0001399590325399816
Scene01,PID,19.5,0.00013068874582037934
Scene01,PID,19.55,0.00012173036460128352
Scene01,PID,19.6,0.00011294178417961994
Scene01,PID,19.65,0.00010446179693208626
Scene01,PID,19.7,9.63572874649625e-05
Scene01,PID,19.75,8.864048485289175e-05
Scene01,PID,19.8,8.132361817940112e-05
Scene01,PID,19.85,7.441891652802118e-05
Scene01,PID,19.9,6.793860898051123e-05
Scene01,PID,19.95,6.189492461686143e-05
Scene01,PID,20.0,5.629747668063562e-05
Scene01,PID,20.05,0.052799705650120356
Scene01,PID,20.1,0.09896994214490949
Scene01,PID,20.15,0.14325789613901252
Scene01,PID,20.2,0.1847708185426737
Scene01,PID,20.25,0.22356718683324453
Scene01,PID,20.3,0.2596607981453246
Scene01,PID,20.35,0.29304743942751477
Scene01,PID,20.4,0.3237377021259564
Scene01,PID,20.45,0.3517505651126241
Scene01,PID,20.5,0.3768671125573346
Scene01,PID,20.55,0.39940971433112865
Scene01,PID,20.6,0.4195847244644602
Scene01,PID,20.65,0.4372575743043533
Scene01,PID,20.7,0.45248355538742835
Scene01,PID,20.75,0.4653106538478899
Scene01,PID,20.8,0.4758304901413649
Scene01,PID,20.85,0.4840937090844644
Scene01,PID,20.9,0.49017626070976184
Scene01,PID,20.95,0.4941704050434452
Scene01,PID,21.0,0.4961653388487286
Scene01,PID,21.05,0.49625171416283886
Scene01,PID,21.1,0.49452486550498254
Scene01,PID,21.15,0.4910800257616797
Scene01,PID,21.2,0.4860141967572019
Scene01,PID,21.25,0.47942472376851003
Scene01,PID,21.3,0.4714106506316465
Scene01,PID,21.35,0.462070869676538
Scene01,PID,21.4,0.4515052542299961
Scene01,PID,21.45,0.4398126818051195
Scene01,PID,21.5,0.427089431149863
Scene01,PID,21.55,0.413434758483611
Scene01,PID,21.6,0.3989409573033909
Scene01,PID,21.65,0.38370374855397155
Scene01,PID,21.7,0.3678133613659854
Scene01,PID,21.75,0.3513546520650435
Scene01,PID,21.8,0.33442195978206124
Scene01,PID,21.85,0.3170999237533442
Scene01,PID,21.9,0.2994661548100976
Scene01,PID,21.95,0.2816059317258401
Scene01,PID,22.0,0.26359573189080526
Scene01,PID,22.05,0.24550532711600673
Scene01,PID,22.1,0.22740532399733748
Scene01,PID,22.15,0.20936084563736912
Scene01,PID,22.2,0.19143607419183475
Scene01,PID,22.25,0.1736892895136444
Scene01,PID,22.3,0.15617605876496535
Scene01,PID,22.35,0.13894866429425537
Scene01,PID,22.4,0.1220558254720648
Scene01,PID,22.45,0.10554287156741336
Scene01,PID,22.5,0.0894515760664126
Scene01,PID,22.55,0.07381974389561187
Scene01,PID,22.6,0.05868254230602484
Scene01,PID,22.65,0.04407190483034392
Scene01,PID,22.7,0.0300184883218156
Scene01,PID,22.75,0.016559232070203097
Scene01,PID,22.8,0.0038866579790061326
Scene01,PID,22.85,0.0087938739453319
Scene01,PID,22.9,0.020372856113825836
Scene01,PID,22.95,0.03136040547774236
Scene01,PID,23.0,0.04170807920185981
Scene01,PID,23.05,0.05140404744593514
Scene01,PID,23.1,0.06044378617821188
Scene01,PID,23.15,0.0688239805835868
Scene01,PID,23.2,0.0765466174585977
Scene01,PID,23.25,0.0836160867955
Scene01,PID,23.3,0.09003891195363911
Scene01,PID,23.35,0.09582321239091107
Scene01,PID,23.4,0.10097716284773665
Scene01,PID,23.45,0.10551379068453476
Scene01,PID,23.5,0.1094466766537091
Scene01,PID,23.55,0.11279097016041403
Scene01,PID,23.6,0.11556310049853918
Scene01,PID,23.65,0.117780665090881
Scene01,PID,23.7,0.11946276901090434
Scene01,PID,23.75,0.12062941957860265
Scene01,PID,23.8,0.12130154429846995
Scene01,PID,23.85,0.12150082665561446
Scene01,PID,23.9,0.12124951947679734
Scene01,PID,23.95,0.12057057687081368
Scene01,PID,24.0,0.11948729954493088
Scene01,PID,24.05,0.11802327418201466
Scene01,PID,24.1,0.11620224817153424
Scene01,PID,24.15,0.11404908826728337
Scene01,PID,24.2,0.11158770826347601
Scene01,PID,24.25,0.10884179528242001
Scene01,PID,24.3,0.10583499104872633
Scene01,PID,24.35,0.1025905618108705
Scene01,PID,24.4,0.09913149432839935
Scene01,PID,24.45,0.09548404872956101
Scene01,PID,24.5,0.09166865777376278
Scene01,PID,24.55,0.08770706888887164
Scene01,PID,24.6,0.08362027605680476
Scene01,PID,24.65,0.07942841799390887
Scene01,PID,24.7,0.07515148605344851
Scene01,PID,24.75,0.07081452536810812
Scene01,PID,24.8,0.0664326569255145
Scene01,PID,24.85,0.06202355217127635
Scene01,PID,24.9,0.05760386341453779
Scene01,PID,24.95,0.05318914755911506
Scene01,PID,25.0,0.04879401212785914
Scene01,PID,25.05,0.044441367107677016
Scene01,PID,25.1,0.04014006014495575
Scene01,PID,25.15,0.03590281604975311
Scene01,PID,25.2,0.03174127914840151
Scene01,PID,25.25,0.027665965910761103
Scene01,PID,25.3,0.023686217913284426
Scene01,PID,25.35,0.019817013303371156
Scene01,PID,25.4,0.016066668163261993
Scene01,PID,25.45,0.012440943758886762
Scene01,PID,25.5,0.008946547349326985
Scene01,PID,25.55,0.005589286917080613
Scene01,PID,25.6,0.0023748602949951814
Scene01,PID,25.65,0.0007101083031513396
Scene01,PID,25.7,0.0036144247683009985
Scene01,PID,25.75,0.006371645672259654
Scene01,PID,25.8,0.008972005132182496
Scene01,PID,25.85,0.01141373504604589
Scene01,PID,25.9,0.013696224067627515
Scene01,PID,25.95,0.015819759687669434
Scene01,PID,26.0,0.01778365044692231
Scene01,PID,26.05,0.01958362259980392
Scene01,PID,26.1,0.021224834817833306
Scene01,PID,26.15,0.022709290850382507
Scene01,PID,26.2,0.024039578745641894
Scene01,PID,26.25,0.02521885420788376
Scene01,PID,26.3,0.026250824140620792
Scene01,PID,26.35,0.027139469098490406
Scene01,PID,26.4,0.027883167329266618
Scene01,PID,26.45,0.028489788760815114
Scene01,PID,26.5,0.028963938862114003
Scene01,PID,26.55,0.0293105227281793
Scene01,PID,26.6,0.02953471809605307
Scene01,PID,26.65,0.02964194836513615
Scene01,PID,26.7,0.02963785562047839
Scene01,PID,26.75,0.029526958290034603
Scene01,PID,26.8,0.02931416726132414
Scene01,PID,26.85,0.02900614358974496
Scene01,PID,26.9,0.02860864986418504
Scene01,PID,26.95,0.02812746567038441
Scene01,PID,27.0,0.02756835667553131
Scene01,PID,27.05,0.02693704371316092
Scene01,PID,27.1,0.026239171868303997
Scene01,PID,27.15,0.025481564496021684
Scene01,PID,27.2,0.02466997401858101
Scene01,PID,27.25,0.02380937899706818
Scene01,PID,27.3,0.02290515063781647
Scene01,PID,27.35,0.021962474288742446
Scene01,PID,27.4,0.020986321033933077
Scene01,PID,27.45,0.019981419288361002
Scene01,PID,27.5,0.018952226392676796
Scene01,PID,27.55,0.017905566554963212
Scene01,PID,27.6,0.01684868195571097
Scene01,PID,27.65,0.015783118552809217
Scene01,PID,27.7,0.01471296338964579
Scene01,PID,27.75,0.01364201861450641
Scene01,PID,27.8,0.012573780128738348
Scene01,PID,27.85,0.011511416235228342
Scene01,PID,27.9,0.010457746287302299
Scene01,PID,27.95,0.009415219338442273
Scene01,PID,28.0,0.008394646019330643
Scene01,PID,28.05,0.0073954009282212975
Scene01,PID,28.1,0.00641865504066082
Scene01,PID,28.15,0.005466594194432164
Scene01,PID,28.2,0.004541099259295843
Scene01,PID,28.25,0.0036437337326731996
Scene01,PID,28.3,0.002775731385946765
Scene01,PID,28.35,0.0019379841050633263
Scene01,PID,28.4,0.0011310308502047544
Scene01,PID,28.45,0.0003659353149597842
Scene01,PID,28.5,0.0003621801170997066
Scene01,PID,28.55,0.0010530914781536737
Scene01,PID,28.6,0.0017064709019141077
Scene01,PID,28.65,0.0023220758437956235
Scene01,PID,28.7,0.0028999320902853344
Scene01,PID,28.75,0.003440321562265466
Scene01,PID,28.8,0.003943785012584017
Scene01,PID,28.85,0.004411125723591286
Scene01,PID,28.9,0.004836298395395038
Scene01,PID,28.95,0.005220969748892256
Scene01,PID,29.0,0.00556792429605778
Scene01,PID,29.05,0.005877876069451267
Scene01,PID,29.1,0.006151687886620313
Scene01,PID,29.15,0.006390368793903791
Scene01,PID,29.2,0.006595071510900587
Scene01,PID,29.25,0.006767089875280952
Scene01,PID,29.3,0.00690785628785772
Scene01,PID,29.35,0.007017668857905728
Scene01,PID,29.4,0.007093442049837553
Scene01,PID,29.45,0.007139932378133894
Scene01,PID,29.5,0.007158434381479238
Scene01,PID,29.55,0.007150292910473942
Scene01,PID,29.6,0.0071168969135583775
Scene01,PID,29.65,0.007059673222997388
Scene01,PID,29.7,0.00698008034084004
Scene01,PID,29.75,0.006879602224999226
Scene01,PID,29.8,0.006759742075300857
Scene01,PID,29.85,0.006621413456282978
Scene01,PID,29.9,0.00646535800451238
Scene01,PID,29.95,0.006293685579434674
Scene01,PID,30.0,0.006107752225741605
Scene01,PID,30.05,0.07976335373801587
Scene01,PID,30.1,0.14382324533177976
Scene01,PID,30.15,0.20561766220931785
Scene01,PID,30.2,0.2632557688744432
Scene01,PID,30.25,0.31706153038428575
Scene01,PID,30.3,0.36706783375583296
Scene01,PID,30.35,0.41327866117941514
Scene01,PID,30.4,0.45571753331836734
Scene01,PID,30.45,0.4944142982812004
Scene01,PID,30.5,0.529409343795018
Scene01,PID,30.55,0.5607540718503864
Scene01,PID,30.6,0.5885106434722366
Scene01,PID,30.65,0.6127550904346559
Scene01,PID,30.7,0.6335722985749053
Scene01,PID,30.75,0.6510430386825233
Scene01,PID,30.8,0.6652630248183482
Scene01,PID,30.85,0.6763435773834505
Scene01,PID,30.9,0.6844001442021067
Scene01,PID,30.95,0.6895535699636243
Scene01,PID,31.0,0.6919290393741044
Scene01,PID,31.05,0.6916567878165173
Scene01,PID,31.1,0.6888680796987925
Scene01,PID,31.15,0.683697285920389
Scene01,PID,31.2,0.6762818499525002
Scene01,PID,31.25,0.666759794244713
Scene01,PID,31.3,0.6552701094307986
Scene01,PID,31.35,0.6419525295857438
Scene01,PID,31.4,0.6269456056430879
Scene01,PID,31.45,0.6103880255719287
Scene01,PID,31.5,0.592415945695491
Scene01,PID,31.55,0.5731656519914029
Scene01,PID,31.6,0.5527665471966314
Scene01,PID,31.65,0.5313518106420385
Scene01,PID,31.7,0.5090501841199212
Scene01,PID,31.75,0.48598475499721083
Scene01,PID,31.8,0.4622796566063191
Scene01,PID,31.85,0.4380407361806762
Scene01,PID,31.9,0.413392718425921
Scene01,PID,31.95,0.3884453266192239
Scene01,PID,32.0,0.36329995179239083
Scene01,PID,32.05,0.33806528256000107
Scene01,PID,32.1,0.3128334891323923
Scene01,PID,32.15,0.2876961072754728
Scene01,PID,32.2,0.262737802426605
Scene01,PID,32.25,0.23804345930027657
Scene01,PID,32.3,0.21368767896296662
Scene01,PID,32.35,0.18974190658041268
Scene01,PID,32.4,0.1662741712597808
Scene01,PID,32.45,0.14334609489635533
Scene01,PID,32.5,0.12101520511407807
Scene01,PID,32.55,0.09933471406333268
Scene01,PID,32.6,0.07835376186856573
Scene01,PID,32.65,0.05811914908828531
Scene01,PID,32.7,0.03868130271861992
Scene01,PID,32.75,0.020128960220751366
Scene01,PID,32.8,0.00376378761834768
Scene01,PID,32.85,0.01526156592119543
Scene01,PID,32.9,0.031183703293820773
Scene01,PID,32.95,0.04632736992849888
Scene01,PID,33.0,0.06059076892865865
Scene01,PID,33.05,0.07394750697920854
Scene01,PID,33.1,0.08638972371156245
Scene01,PID,33.15,0.09791532666540326
Scene01,PID,33.2,0.10852589864133942
Scene01,PID,33.25,0.1182259688164527
Scene01,PID,33.3,0.12702522597994098
Scene01,PID,33.35,0.13493570721085124
Scene01,PID,33.4,0.1419716857426013
Scene01,PID,33.45,0.14814951751427735
Scene01,PID,33.5,0.15348887152563312
Scene01,PID,33.55,0.1580111264618901
Scene01,PID,33.6,0.16173960318859307
Scene01,PID,33.65,0.16469947741382499
Scene01,PID,33.7,0.16691736341603336
Scene01,PID,33.75,0.16842131491163753
Scene01,PID,33.8,0.16924059810330405
Scene01,PID,33.85,0.16940565777472874
Scene01,PID,33.9,0.16894772068158453
Scene01,PID,33.95,0.1678986716430448
Scene01,PID,34.0,0.16629094328386035
Scene01,PID,34.05,0.1641575352379915
Scene01,PID,34.1,0.1615327502730442
Scene01,PID,34.15,0.15844949709443912
Scene01,PID,34.2,0.15494117078049344
Scene01,PID,34.25,0.15104094370418228
Scene01,PID,34.300000000000004,0.1467825270247454
Scene01,PID,34.35,0.1421996476304412
Scene01,PID,34.4,0.13732399057526867
Scene01,PID,34.45,0.13218720491869834
Scene01,PID,34.5,0.12682010470401997
Scene01,PID,34.550000000000004,0.12125425320572267
Scene01,PID,34.6,0.11552107615409174
Scene01,PID,34.65,0.10964813183512397
Scene01,PID,34.7,0.10366314687640125
Scene01,PID,34.75,0.09759262153000375
Scene01,PID,34.800000000000004,0.09146304862067565
Scene01,PID,34.85,0.08530241296586989
Scene01,PID,34.9,0.07913241984822608
Scene01,PID,34.95,0.07297541957521725
Scene01,PID,35.0,0.06685232331470738
Scene01,PID,35.050000000000004,0.060782586936865
Scene01,PID,35.1,0.05479082201979872
Scene01,PID,35.15,0.048891749360964146
Scene01,PID,35.2,0.04310175013610297
Scene01,PID,35.25,0.03743574541002888
Scene01,PID,35.300000000000004,0.03190714954630985
Scene01,PID,35.35,0.026532391935523723
Scene01,PID,35.4,0.02132575764665079
Scene01,PID,35.45,0.016296136778207952
Scene01,PID,35.5,0.011453952797046038
Scene01,PID,35.550000000000004,0.0068103187959996335
Scene01,PID,35.6,0.002394576676153112
Scene01,PID,35.65,0.001960144623238419
Scene01,PID,35.7,0.0059427324635098625
Scene01,PID,35.75,0.009742200874607273
Scene01,PID,35.800000000000004,0.013325727243977402
Scene01,PID,35.85,0.016688635683399483
Scene01,PID,35.9,0.019829759426475527
Scene01,PID,35.95,0.02274319036499306
Scene01,PID,36.0,0.02543120642028524
Scene01,PID,36.05,0.027895940039615118
Scene01,PID,36.1,0.030139680169720243
Scene01,PID,36.15,0.03216559665640227
Scene01,PID,36.2,0.03397771092449524
Scene01,PID,36.25,0.035578368281464184
Scene01,PID,36.3,0.03697024710002005
Scene01,PID,36.35,0.03816049829225832
Scene01,PID,36.4,0.03915486680229561
Scene01,PID,36.45,0.03995959947665815
Scene01,PID,36.5,0.04058140700260107
Scene01,PID,36.55,0.04102742595118376
Scene01,PID,36.6,0.04130227466869042
Scene01,PID,36.65,0.04141440236012023
Scene01,PID,36.7,0.041371578995884166
Scene01,PID,36.75,0.0411815025890386
Scene01,PID,36.8,0.040851993411720675
Scene01,PID,36.85,0.0403909488539352
Scene01,PID,36.9,0.03980640909742543
Scene01,PID,36.95,0.03910748823282389
Scene01,PID,37.0,0.038301597790854326
Scene01,PID,37.05,0.037396746838122885
Scene01,PID,37.1,0.03640083535930329
Scene01,PID,37.15,0.0353216117292353
Scene01,PID,37.2,0.034166630187383966
Scene01,PID,37.25,0.03294360254628918
Scene01,PID,37.3,0.031663707778967806
Scene01,PID,37.35,0.030332029952651322
Scene01,PID,37.4,0.028955752643312207
Scene01,PID,37.45,0.02754177768864279
Scene01,PID,37.5,0.02609669064023551
Scene01,PID,37.55,0.024626726219604957
Scene01,PID,37.6,0.023137733779535475
Scene01,PID,37.65,0.021640425506604295
Scene01,PID,37.7,0.02013899454835854
Scene01,PID,37.75,0.018638191063588504
Scene01,PID,37.8,0.017143196591592025
Scene01,PID,37.85,0.015658802827508454
Scene01,PID,37.9,0.014189387135325828
Scene01,PID,37.95,0.012738888129416644
Scene01,PID,38.0,0.011311995729578582
Scene01,PID,38.05,0.009918012194208176
Scene01,PID,38.1,0.008556559087408117
Scene01,PID,38.15,0.007230812618610461
Scene01,PID,38.2,0.005943566194186136
Scene01,PID,38.25,0.004697224929667254
Scene01,PID,38.3,0.003493817096182721
Scene01,PID,38.35,0.0023350776699822616
Scene01,PID,38.4,0.001225162322568891
Scene01,PID,38.45,0.0001930761393921536
Scene01,PID,38.5,0.0008498399263680239
Scene01,PID,38.55,0.0018006672491733937
Scene01,PID,38.6,0.0027009258182324387
Scene01,PID,38.65,0.0035484808543879602
Scene01,PID,38.7,0.0043430517799444845
Scene01,PID,38.75,0.005084920011672585
Scene01,PID,38.8,0.005774217126273281
Scene01,PID,38.85,0.006404103372499702
Scene01,PID,38.9,0.00697987060112063
Scene01,PID,38.95,0.007502166359119518
Scene01,PID,39.0,0.007971854627796945
Scene01,PID,39.05,0.008390010734962233
Scene01,PID,39.1,0.008757916754459222
Scene01,PID,39.15,0.009077057146635724
Scene01,PID,39.2,0.009349114526249827
Scene01,PID,39.25,0.009573550186409934
Scene01,PID,39.3,0.009750757333201403
Scene01,PID,39.35,0.009884160660107144
Scene01,PID,39.4,0.009975526079319976
Scene01,PID,39.45,0.01002671510551098
Scene01,PID,39.5,0.010039676472704267
Scene01,PID,39.55,0.010016437755817932
Scene01,PID,39.6,0.00995909699557061
Scene01,PID,39.65,0.00986981432576791
Scene01,PID,39.7,0.009748670165733362
Scene01,PID,39.75,0.009598202378174254
Scene01,PID,39.8,0.009420894795372253
Scene01,PID,39.85,0.009218709199555366
Scene01,PID,39.9,0.008993584967645992
Scene01,PID,39.95,0.008747428546211187
Scene01,PID,40.0,0.00848210292704515
Scene01,PID,40.05,0.05890635598772335
Scene01,PID,40.1,0.10473083094236824
Scene01,PID,40.15,0.14874694040315575
Scene01,PID,40.2,0.1900039771443152
Scene01,PID,40.25,0.22854719502055626
Scene01,PID,40.3,0.26438655911523046
Scene01,PID,40.35,0.29751682272276203
Scene01,PID,40.4,0.32794860173785023
Scene01,PID,40.45,0.3557013585748639
Scene01,PID,40.5,0.3805471162906934
Scene01,PID,40.55,0.40281476227423835
Scene01,PID,40.6,0.4227258505119196
Scene01,PID,40.65,0.4401406059949743
Scene01,PID,40.7,0.45511175892908573
Scene01,PID,40.75,0.46769182331918274
Scene01,PID,40.8,0.477955427560764
Scene01,PID,40.85,0.48598442321675356
Scene01,PID,40.9,0.49184467300264073
Scene01,PID,40.95,0.4956077242542827
Scene01,PID,41.0,0.4973805889314421
Scene01,PID,41.05,0.4972494182685978
Scene01,PID,41.1,0.4953109497305115
Scene01,PID,41.15,0.4916620359625208
Scene01,PID,41.2,0.4864000124708713
Scene01,PID,41.25,0.4796233204250018
Scene01,PID,41.3,0.47143031723056783
Scene01,PID,41.35,0.46192078072105597
Scene01,PID,41.4,0.45119375053280475
Scene01,PID,41.45,0.4393480832969694
Scene01,PID,41.5,0.4264832744896058
Scene01,PID,41.55,0.41269375566621597
Scene01,PID,41.6,0.39807706086444133
Scene01,PID,41.65,0.382727560277794
Scene01,PID,41.7,0.3667358735416971
Scene01,PID,41.75,0.3501926846932339
Scene01,PID,41.8,0.33318378987983843
Scene01,PID,41.85,0.31579306223226
Scene01,PID,41.9,0.2981031945050383
Scene01,PID,41.95,0.2801918259688644
Scene01,PID,42.0,0.26213476626238247
Scene01,PID,42.05,0.24400584450393448
Scene01,PID,42.1,0.22587313907369636
Scene01,PID,42.15,0.20780260232917747
Scene01,PID,42.2,0.1898582080204262
Scene01,PID,42.25,0.1720987150585583
Scene01,PID,42.3,0.15457826029870103
Scene01,PID,42.35,0.13735035029749657
Scene01,PID,42.4,0.12046416221548746
Scene01,PID,42.45,0.10396388386363925
Scene01,PID,42.5,0.08789132384853754
Scene01,PID,42.55,0.07228480771495774
Scene01,PID,42.6,0.057179290761028886
Scene01,PID,42.65,0.04260845118438675
Scene01,PID,42.7,0.02860551743296318
Scene01,PID,42.75,0.015223295298895129
Scene01,PID,42.8,0.0030419676317954675
Scene01,PID,42.85,0.010209079650898272
Scene01,PID,42.9,0.021694976521682542
Scene01,PID,42.95,0.03261782765480831
Scene01,PID,43.0,0.042907688862780055
Scene01,PID,43.05,0.05254652228185341
Scene01,PID,43.1,0.06152808618805215
Scene01,PID,43.15,0.0698510269222181
Scene01,PID,43.2,0.07751680048025009
Scene01,PID,43.25,0.08452907170702843
Scene01,PID,43.3,0.09089314607853917
Scene01,PID,43.35,0.09661782469523691
Scene01,PID,43.4,0.10171339857261276
Scene01,PID,43.45,0.10619204328894902
Scene01,PID,43.5,0.11006700077354484
Scene01,PID,43.55,0.11335354349480571
Scene01,PID,43.6,0.11606855502637647
Scene01,PID,43.65,0.11823010312773417
Scene01,PID,43.7,0.1198574702612925
Scene01,PID,43.75,0.12097018270618734
Scene01,PID,43.8,0.12158945537066615
Scene01,PID,43.85,0.12173723245944752
Scene01,PID,43.9,0.12143601212484492
Scene01,PID,43.95,0.12070882634542601
Scene01,PID,44.0,0.11957914363909208
Scene01,PID,44.05,0.11807072524442679
Scene01,PID,44.1,0.11620745232156043
Scene01,PID,44.15,0.11401326202618092
Scene01,PID,44.2,0.11151200316440342
Scene01,PID,44.25,0.10872738176306508
Scene01,PID,44.3,0.10568570527537818
Scene01,PID,44.35,0.10240915882576003
Scene01,PID,44.4,0.09892088160662547
Scene01,PID,44.45,0.09524347022593826
Scene01,PID,44.5,0.09139886750744476
Scene01,PID,44.55,0.0874098197056671
Scene01,PID,44.6,0.08330070877241429
Scene01,PID,44.65,0.0790900997712088
Scene01,PID,44.7,0.07479786393237609
Scene01,PID,44.75,0.07044295731104422
Scene01,PID,44.8,0.06604333184861534
Scene01,PID,44.85,0.06161860529048745
Scene01,PID,44.9,0.05718899517509752
Scene01,PID,44.95,0.05276804935065342
Scene01,PID,45.0,0.0483708914517313
Scene01,PID,45.05,0.04401155121661136
Scene01,PID,45.1,0.03970290177803042
Scene01,PID,45.15,0.03546039072430899
Scene01,PID,45.2,0.03129899935353776
Scene01,PID,45.25,0.027226935638943916
Scene01,PID,45.3,0.023254213973556048
Scene01,PID,45.35,0.019389794161007362
Scene01,PID,45.4,0.01564157252941848
Scene01,PID,45.45,0.01201965809706518
Scene01,PID,45.5,0.008534317168762531
Scene01,PID,45.55,0.005190869502718203
Scene01,PID,45.6,0.0020083793501390616
Scene01,PID,45.65,0.0011507237657578276
Scene01,PID,45.7,0.004009746028493102
Scene01,PID,45.75,0.006753443252602455
Scene01,PID,45.8,0.009340050187206884
Scene01,PID,45.85,0.011767925545479082
Scene01,PID,45.9,0.014035408808248566
Scene01,PID,45.95,0.01614206149216123
Scene01,PID,46.0,0.01808832930864483
Scene01,PID,46.05,0.019875440665255945
Scene01,PID,46.1,0.021502343720749363
Scene01,PID,46.15,0.022970995410683738
Scene01,PID,46.2,0.024284819127539662
Scene01,PID,46.25,0.025446835948748598
Scene01,PID,46.3,0.026460586253681313
Scene01,PID,46.35,0.027330109772382694
Scene01,PID,46.4,0.028059926064939938
Scene01,PID,46.45,0.028650474702483147
Scene01,PID,46.5,0.029108280333125146
Scene01,PID,46.55,0.029438560135350646
Scene01,PID,46.6,0.029646464874220922
Scene01,PID,46.65,0.02973736995223193
Scene01,PID,46.7,0.029716846486567985
Scene01,PID,46.75,0.02959063240419904
Scene01,PID,46.8,0.029363311869497626
Scene01,PID,46.85,0.02904106672946871
Scene01,PID,46.9,0.028629866092409605
Scene01,PID,46.95,0.028135513616098014
Scene01,PID,47.0,0.027563791091736522
Scene01,PID,47.05,0.02692042688522067
Scene01,PID,47.1,0.02621106438102453
Scene01,PID,47.15,0.02544223142447918
Scene01,PID,47.2,0.02462022444745786
Scene01,PID,47.25,0.023749833088032378
Scene01,PID,47.3,0.02283644264216146
Scene01,PID,47.35,0.02188525150787037
Scene01,PID,47.4,0.020901242992400346
Scene01,PID,47.45,0.019889157121769547
Scene01,PID,47.5,0.01885346245344045
Scene01,PID,47.55,0.017803009048437096
Scene01,PID,47.6,0.016740699304996647
Scene01,PID,47.65,0.015670202563600525
Scene01,PID,47.7,0.014595582238828193
Scene01,PID,47.75,0.01352061681457754
Scene01,PID,47.8,0.012448778952826265
Scene01,PID,47.85,0.011383214627197423
Scene01,PID,47.9,0.010326722297723401
Scene01,PID,47.95,0.009288393087572148
Scene01,PID,48.0,0.00826842373827325
Scene01,PID,48.05,0.007268768614078583
Scene01,PID,48.1,0.006291842038617574
Scene01,PID,48.15,0.005339763879624183
Scene01,PID,48.2,0.0044143502790194656
Scene01,PID,48.25,0.003517108798334998
Scene01,PID,48.3,0.0026492473423781115
Scene01,PID,48.35,0.0018160640122300235
Scene01,PID,48.4,0.0010209446445707032
Scene01,PID,48.45,0.0002705009603648174
Scene01,PID,48.5,0.00047697386495824007
Scene01,PID,48.55,0.0011600359383078635
Scene01,PID,48.6,0.0018093642591283223
Scene01,PID,48.65,0.0024219214936935436
Scene01,PID,48.7,0.0029974636262920006
Scene01,PID,48.75,0.0035363110962772074
Scene01,PID,48.8,0.004032134588979594
Scene01,PID,48.85,0.004488425444362134
Scene01,PID,48.9,0.0049061557021722125
Scene01,PID,48.95,0.005285834752438014
Scene01,PID,49.0,0.005628141199033476
Scene01,PID,49.05,0.005933919823301517
Scene01,PID,49.1,0.006204179107439325
Scene01,PID,49.15,0.006440089030891418
Scene01,PID,49.2,0.006642979009484916
Scene01,PID,49.25,0.00680927320531727
Scene01,PID,49.3,0.006942438046684807
Scene01,PID,49.35,0.007044172878751147
Scene01,PID,49.4,0.007115720127729871
Scene01,PID,49.45,0.007158391230569458
Scene01,PID,49.5,0.007173560762998434
Scene01,PID,49.55,0.007162660572744221
Scene01,PID,49.6,0.007127173916258898
Scene01,PID,49.65,0.0070686295981340136
Scene01,PID,49.7,0.006987494944900886
Scene01,PID,49.75,0.006884837867828331
Scene01,PID,49.8,0.006762799173949627
Scene01,PID,49.85,0.006622794382269896
Scene01,PID,49.9,0.0064662284716516995
Scene01,PID,49.95,0.006294488722023522
Scene01,PID,50.0,0.006108937556222156
Scene01,RA-GCA-CGHTE,0.0,0.0
Scene01,RA-GCA-CGHTE,0.05,0.09812832174987851
Scene01,RA-GCA-CGHTE,0.1,0.18391373808188
Scene01,RA-GCA-CGHTE,0.15,0.2574675350910196
Scene01,RA-GCA-CGHTE,0.2,0.3198337174822861
Scene01,RA-GCA-CGHTE,0.25,0.3719927017551431
Scene01,RA-GCA-CGHTE,0.3,0.4148726897102971
Scene01,RA-GCA-CGHTE,0.35,0.44934970226899806
Scene01,RA-GCA-CGHTE,0.4,0.47624799145144475
Scene01,RA-GCA-CGHTE,0.45,0.49634077115417063
Scene01,RA-GCA-CGHTE,0.5,0.5103512182109944
Scene01,RA-GCA-CGHTE,0.55,0.5189537016558422
Scene01,RA-GCA-CGHTE,0.6,0.5227752023396808
Scene01,RA-GCA-CGHTE,0.65,0.5223968885488939
Scene01,RA-GCA-CGHTE,0.7000000000000001,0.5183558165965161
Scene01,RA-GCA-CGHTE,0.75,0.5111467283962152
Scene01,RA-GCA-CGHTE,0.8,0.5012239209548837
Scene01,RA-GCA-CGHTE,0.85,0.4890031651964595
Scene01,RA-GCA-CGHTE,0.9,0.4748636546293057
Scene01,RA-GCA-CGHTE,0.95,0.45914996550864995
Scene01,RA-GCA-CGHTE,1.0,0.4421740136016079
Scene01,RA-GCA-CGHTE,1.05,0.42421699425224224
Scene01,RA-GCA-CGHTE,1.1,0.4055312935744724
Scene01,RA-GCA-CGHTE,1.15,0.38634236123594956
Scene01,RA-GCA-CGHTE,1.2,0.3668505362337835
Scene01,RA-GCA-CGHTE,1.25,0.3472328188214999
Scene01,RA-GCA-CGHTE,1.3,0.3276445826711849
Scene01,RA-GCA-CGHTE,1.35,0.3082212228369672
Scene01,RA-GCA-CGHTE,1.4,0.2890797360953328
Scene01,RA-GCA-CGHTE,1.45,0.2703202306232275
Scene01,RA-GCA-CGHTE,1.5,0.25202736385560964
Scene01,RA-GCA-CGHTE,1.55,0.23427170701492184
Scene01,RA-GCA-CGHTE,1.6,0.21711103622563277
Scene01,RA-GCA-CGHTE,1.65,0.200591549801584
Scene01,RA-GCA-CGHTE,1.7,0.18474901280117573
Scene01,RA-GCA-CGHTE,1.75,0.1696098320638093
Scene01,RA-GCA-CGHTE,1.8,0.155192057258692
Scene01,RA-GCA-CGHTE,1.85,0.1415063182116616
Scene01,RA-GCA-CGHTE,1.9,0.1285566925877779
Scene01,RA-GCA-CGHTE,1.95,0.11634150412380073
Scene01,RA-GCA-CGHTE,2.0,0.1048540795578039
Scene01,RA-GCA-CGHTE,2.05,0.09408342280660786
Scene01,RA-GCA-CGHTE,2.1,0.08401484586681285
Scene01,RA-GCA-CGHTE,2.15,0.07463054177767159
Scene01,RA-GCA-CGHTE,2.2,0.06591010819760701
Scene01,RA-GCA-CGHTE,2.25,0.05783102450243227
Scene01,RA-GCA-CGHTE,2.3000000000000003,0.05036907794217349
Scene01,RA-GCA-CGHTE,2.35,0.04349875291173699
Scene01,RA-GCA-CGHTE,2.4,0.0371935785280586
Scene01,RA-GCA-CGHTE,2.45,0.03142643656657462
Scene01,RA-GCA-CGHTE,2.5,0.02616983752092228
Scene01,RA-GCA-CGHTE,2.5500000000000003,0.021396162863535295
Scene01,RA-GCA-CGHTE,2.6,0.017077877649846585
Scene01,RA-GCA-CGHTE,2.65,0.013187715477807949
Scene01,RA-GCA-CGHTE,2.7,0.009698837813473027
Scene01,RA-GCA-CGHTE,2.75,0.006584970957104197
Scene01,RA-GCA-CGHTE,2.8000000000000003,0.003820519696263958
Scene01,RA-GCA-CGHTE,2.85,0.001380663545456962
Scene01,RA-GCA-CGHTE,2.9,0.0007585657539843643
Scene01,RA-GCA-CGHTE,2.95,0.0026202223564686378
Scene01,RA-GCA-CGHTE,3.0,0.004226399156767258
Scene01,RA-GCA-CGHTE,3.0500000000000003,0.005598192014232062
Scene01,RA-GCA-CGHTE,3.1,0.006755678429150258
Scene01,RA-GCA-CGHTE,3.15,0.007717903442778784
Scene01,RA-GCA-CGHTE,3.2,0.008502875839289104
Scene01,RA-GCA-CGHTE,3.25,0.009127572235297698
Scene01,RA-GCA-CGHTE,3.3000000000000003,0.009607947872855682
Scene01,RA-GCA-CGHTE,3.35,0.00995895301511407
Scene01,RA-GCA-CGHTE,3.4,0.010194554597863892
Scene01,RA-GCA-CGHTE,3.45,0.01032776246456546
Scene01,RA-GCA-CGHTE,3.5,0.01037065838257778
Scene01,RA-GCA-CGHTE,3.5500000000000003,0.010334428419723984
Scene01,RA-GCA-CGHTE,3.6,0.010229397518676464
Scene01,RA-GCA-CGHTE,3.65,0.010065065635078696
Scene01,RA-GCA-CGHTE,3.7,0.009850145248981867
Scene01,RA-GCA-CGHTE,3.75,0.009592599662425982
Scene01,RA-GCA-CGHTE,3.8,0.00929968179861973
Scene01,RA-GCA-CGHTE,3.85,0.00897797294550351
Scene01,RA-GCA-CGHTE,3.9,0.008633421583713385
Scene01,RA-GCA-CGHTE,3.95,0.008271381569072922
Scene01,RA-GCA-CGHTE,4.0,0.007896649842068726
Scene01,RA-GCA-CGHTE,4.05,0.0075135031331949875
Scene01,RA-GCA-CGHTE,4.1,0.0071257338126287095
Scene01,RA-GCA-CGHTE,4.15,0.006736684559198736
Scene01,RA-GCA-CGHTE,4.2,0.006349281834838294
Scene01,RA-GCA-CGHTE,4.25,0.005966068064166663
Scene01,RA-GCA-CGHTE,4.3,0.0055892324298554286
Scene01,RA-GCA-CGHTE,4.3500000000000005,0.005220640356771611
Scene01,RA-GCA-CGHTE,4.4,0.004861861037596782
Scene01,RA-GCA-CGHTE,4.45,0.004514194672406546
Scene01,RA-GCA-CGHTE,4.5,0.004178696950379646
Scene01,RA-GCA-CGHTE,4.55,0.0038562028036714935
Scene01,RA-GCA-CGHTE,4.6000000000000005,0.0035473485592767418
Scene01,RA-GCA-CGHTE,4.65,0.0032525927014948053
Scene01,RA-GCA-CGHTE,4.7,0.0029722352289134335
Scene01,RA-GCA-CGHTE,4.75,0.0027064646713004237
Scene01,RA-GCA-CGHTE,4.8,0.0024553639188358294
Scene01,RA-GCA-CGHTE,4.8500000000000005,0.0022186782725945884
Scene01,RA-GCA-CGHTE,4.9,0.0019963469804409333
Scene01,RA-GCA-CGHTE,4.95,0.0017881229070564335
Scene01,RA-GCA-CGHTE,5.0,0.0015936902306457061
Scene01,RA-GCA-CGHTE,5.05,0.09573472630039959
Scene01,RA-GCA-CGHTE,5.1000000000000005,0.17716386414685914
Scene01,RA-GCA-CGHTE,5.15,0.2469741223350752
Scene01,RA-GCA-CGHTE,5.2,0.3061480222239581
Scene01,RA-GCA-CGHTE,5.25,0.35561848328234724
Scene01,RA-GCA-CGHTE,5.3,0.39626866471777156
Scene01,RA-GCA-CGHTE,5.3500000000000005,0.42893201922349
Scene01,RA-GCA-CGHTE,5.4,0.45439269521705583
Scene01,RA-GCA-CGHTE,5.45,0.47338623901069354
Scene01,RA-GCA-CGHTE,5.5,0.48660055284378956
Scene01,RA-GCA-CGHTE,5.55,0.4946770698289953
Scene01,RA-GCA-CGHTE,5.6000000000000005,0.4982121095617025
Scene01,RA-GCA-CGHTE,5.65,0.497758381767504
Scene01,RA-GCA-CGHTE,5.7,0.4938266084602745
Scene01,RA-GCA-CGHTE,5.75,0.4868872380514375
Scene01,RA-GCA-CGHTE,5.8,0.4773722274719159
Scene01,RA-GCA-CGHTE,5.8500000000000005,0.46567687102196054
Scene01,RA-GCA-CGHTE,5.9,0.45216165697556576
Scene01,RA-GCA-CGHTE,5.95,0.43715413523880997
Scene01,RA-GCA-CGHTE,6.0,0.4209507813649278
Scene01,RA-GCA-CGHTE,6.05,0.403818844167148
Scene01,RA-GCA-CGHTE,6.1000000000000005,0.3859981658334739
Scene01,RA-GCA-CGHTE,6.15,0.36770296532814406
Scene01,RA-GCA-CGHTE,6.2,0.34912357665985283
Scene01,RA-GCA-CGHTE,6.25,0.3304281357667094
Scene01,RA-GCA-CGHTE,6.3,0.31176421051905123
Scene01,RA-GCA-CGHTE,6.3500000000000005,0.2932603694038125
Scene01,RA-GCA-CGHTE,6.4,0.2750276855602891
Scene01,RA-GCA-CGHTE,6.45,0.25716117371792
Scene01,RA-GCA-CGHTE,6.5,0.23974115849827804
Scene01,RA-GCA-CGHTE,6.55,0.22283457297109166
Scene01,RA-GCA-CGHTE,6.6000000000000005,0.20649618681532367
Scene01,RA-GCA-CGHTE,6.65,0.1907697649889446
Scene01,RA-GCA-CGHTE,6.7,0.17568915699175136
Scene01,RA-GCA-CGHTE,6.75,0.16127931816311403
Scene01,RA-GCA-CGHTE,6.8,0.14755726376573364
Scene01,RA-GCA-CGHTE,6.8500000000000005,0.13453295956047562
Scene01,RA-GCA-CGHTE,6.9,0.1222101565671796
Scene01,RA-GCA-CGHTE,6.95,0.11058711030551116
Scene01,RA-GCA-CGHTE,7.0,0.09965736356866195
Scene01,RA-GCA-CGHTE,7.05,0.08941034348077181
Scene01,RA-GCA-CGHTE,7.1000000000000005,0.07983197378509566
Scene01,RA-GCA-CGHTE,7.15,0.07090521873446853
Scene01,RA-GCA-CGHTE,7.2,0.06261058170115952
Scene01,RA-GCA-CGHTE,7.25,0.054926555908719976
Scene01,RA-GCA-CGHTE,7.3,0.0478300346393592
Scene01,RA-GCA-CGHTE,7.35,0.0412966767099352
Scene01,RA-GCA-CGHTE,7.4,0.03530123794599582
Scene01,RA-GCA-CGHTE,7.45,0.02981786497615424
Scene01,RA-GCA-CGHTE,7.5,0.024820356403008503
Scene01,RA-GCA-CGHTE,7.55,0.020282393215419248
Scene01,RA-GCA-CGHTE,7.6,0.016177740710610067
Scene01,RA-GCA-CGHTE,7.65,0.012480424125671519
Scene01,RA-GCA-CGHTE,7.7,0.009164880082771276
Scene01,RA-GCA-CGHTE,7.75,0.006206085842089593
Scene01,RA-GCA-CGHTE,7.8,0.0035796682085553755
Scene01,RA-GCA-CGHTE,7.85,0.0012619940891394068
Scene01,RA-GCA-CGHTE,7.9,0.0007697559878518946
Scene01,RA-GCA-CGHTE,7.95,0.002537528633780539
Scene01,RA-GCA-CGHTE,8.0,0.004062353732395607
Scene01,RA-GCA-CGHTE,8.05,0.005364311059977922
Scene01,RA-GCA-CGHTE,8.1,0.0064625087211673815
Scene01,RA-GCA-CGHTE,8.15,0.007375070923689719
Scene01,RA-GCA-CGHTE,8.2,0.008119134513277615
Scene01,RA-GCA-CGHTE,8.25,0.008710852994152418
Scene01,RA-GCA-CGHTE,8.3,0.00916540686960765
Scene01,RA-GCA-CGHTE,8.35,0.009497018990382244
Scene01,RA-GCA-CGHTE,8.4,0.009718976375520327
Scene01,RA-GCA-CGHTE,8.45,0.009843654280164316
Scene01,RA-GCA-CGHTE,8.5,0.009882544317969533
Scene01,RA-GCA-CGHTE,8.55,0.009846285469850002
Scene01,RA-GCA-CGHTE,8.6,0.009744696844299128
Scene01,RA-GCA-CGHTE,8.65,0.009586812306103809
Scene01,RA-GCA-CGHTE,8.700000000000001,0.00938091618809267
Scene01,RA-GCA-CGHTE,8.75,0.0091345798362088
Scene01,RA-GCA-CGHTE,8.8,0.008854698512390513
Scene01,RA-GCA-CGHTE,8.85,0.008547528448888286
Scene01,RA-GCA-CGHTE,8.9,0.008218723635312841
Scene01,RA-GCA-CGHTE,8.950000000000001,0.007873372512024801
Scene01,RA-GCA-CGHTE,9.0,0.007516033495168273
Scene01,RA-GCA-CGHTE,9.05,0.0071507702503126325
Scene01,RA-GCA-CGHTE,9.1,0.0067811856653765545
Scene01,RA-GCA-CGHTE,9.15,0.006410454911778274
Scene01,RA-GCA-CGHTE,9.2,0.006041357311232787
Scene01,RA-GCA-CGHTE,9.25,0.005676306962092426
Scene01,RA-GCA-CGHTE,9.3,0.0053173822793315395
Scene01,RA-GCA-CGHTE,9.35,0.004966353320300598
Scene01,RA-GCA-CGHTE,9.4,0.0046247086537754
Scene01,RA-GCA-CGHTE,9.45,0.004293681430091567
Scene01,RA-GCA-CGHTE,9.5,0.00397427218633517
Scene01,RA-GCA-CGHTE,9.55,0.0036672717167487434
Scene01,RA-GCA-CGHTE,9.6,0.0033732819161151895
Scene01,RA-GCA-CGHTE,9.65,0.0030927357250103427
Scene01,RA-GCA-CGHTE,9.7,0.0028259231361840165
Scene01,RA-GCA-CGHTE,9.75,0.0025731005086484515
Scene01,RA-GCA-CGHTE,9.8,0.0023341608056259844
Scene01,RA-GCA-CGHTE,9.85,0.002108954397259666
Scene01,RA-GCA-CGHTE,9.9,0.0018974210899855848
Scene01,RA-GCA-CGHTE,9.95,0.0016993240468128339
Scene01,RA-GCA-CGHTE,10.0,0.0015143605754843758
Scene01,RA-GCA-CGHTE,10.05,0.07956151731992911
Scene01,RA-GCA-CGHTE,10.1,0.1470084387633399
Scene01,RA-GCA-CGHTE,10.15,0.20482929173455133
Scene01,RA-GCA-CGHTE,10.2,0.25383823490338564
Scene01,RA-GCA-CGHTE,10.25,0.2948083173207916
Scene01,RA-GCA-CGHTE,10.3,0.3284713362991418
Scene01,RA-GCA-CGHTE,10.35,0.35551788531952333
Scene01,RA-GCA-CGHTE,10.4,0.3765976904101951
Scene01,RA-GCA-CGHTE,10.45,0.3923201944420569
Scene01,RA-GCA-CGHTE,10.5,0.4032553532755223
Scene01,RA-GCA-CGHTE,10.55,0.4099346111484632
Scene01,RA-GCA-CGHTE,10.6,0.4128520255678687
Scene01,RA-GCA-CGHTE,10.65,0.4124655146397611
Scene01,RA-GCA-CGHTE,10.7,0.4091982024236316
Scene01,RA-GCA-CGHTE,10.75,0.40343984027372315
Scene01,RA-GCA-CGHTE,10.8,0.3955482843961402
Scene01,RA-GCA-CGHTE,10.85,0.3858510120348466
Scene01,RA-GCA-CGHTE,10.9,0.3746466604937684
Scene01,RA-GCA-CGHTE,10.95,0.3622065752302248
Scene01,RA-GCA-CGHTE,11.0,0.348776354848928
Scene01,RA-GCA-CGHTE,11.05,0.33457738241346213
Scene01,RA-GCA-CGHTE,11.1,0.319808333946904
Scene01,RA-GCA-CGHTE,11.15,0.3046466562682202
Scene01,RA-GCA-CGHTE,11.2,0.28925000762616904
Scene01,RA-GCA-CGHTE,11.25,0.2737576556102308
Scene01,RA-GCA-CGHTE,11.3,0.25829182776497106
Scene01,RA-GCA-CGHTE,11.35,0.2429590114881197
Scene01,RA-GCA-CGHTE,11.4,0.22785120030282258
Scene01,RA-GCA-CGHTE,11.45,0.21304708456236554
Scene01,RA-GCA-CGHTE,11.5,0.19861318507056325
Scene01,RA-GCA-CGHTE,11.55,0.18460492911096615
Scene01,RA-GCA-CGHTE,11.6,0.1710676681258132
Scene01,RA-GCA-CGHTE,11.65,0.15803763650950486
Scene01,RA-GCA-CGHTE,11.7,0.14554285701856706
Scene01,RA-GCA-CGHTE,11.75,0.13360398353753844
Scene01,RA-GCA-CGHTE,11.8,0.1222350938827077
Scene01,RA-GCA-CGHTE,11.85,0.11144443471454757
Scene01,RA-GCA-CGHTE,11.9,0.10123507662246745
Scene01,RA-GCA-CGHTE,11.95,0.09160557291528093
Scene01,RA-GCA-CGHTE,12.0,0.08255055540779033
Scene01,RA-GCA-CGHTE,12.05,0.0740612523808295
Scene01,RA-GCA-CGHTE,12.1,0.06612598928499125
Scene01,RA-GCA-CGHTE,12.15,0.05873064127132821
Scene01,RA-GCA-CGHTE,12.2,0.05185904478490322
Scene01,RA-GCA-CGHTE,12.25,0.045493372863832704
Scene01,RA-GCA-CGHTE,12.3,0.03961447354731362
Scene01,RA-GCA-CGHTE,12.35,0.03420217287741778
Scene01,RA-GCA-CGHTE,12.4,0.029235549390714155
Scene01,RA-GCA-CGHTE,12.45,0.024693177799878896
Scene01,RA-GCA-CGHTE,12.5,0.020553345652379207
Scene01,RA-GCA-CGHTE,12.55,0.01679424308110633
Scene01,RA-GCA-CGHTE,12.6,0.013394130870160836
Scene01,RA-GCA-CGHTE,12.65,0.01033148581798038
Scene01,RA-GCA-CGHTE,12.7,0.007585126050551949
Scene01,RA-GCA-CGHTE,12.75,0.005134317642491837
Scene01,RA-GCA-CGHTE,12.8,0.002958865523144283
Scene01,RA-GCA-CGHTE,12.85,0.0010391881416342843
Scene01,RA-GCA-CGHTE,12.9,0.0006436214961240695
Scene01,RA-GCA-CGHTE,12.95,0.0021077473768897903
Scene01,RA-GCA-CGHTE,13.0,0.0033706131079824786
Scene01,RA-GCA-CGHTE,13.05,0.08288951371437392
Scene01,RA-GCA-CGHTE,13.1,0.15163892636331688
Scene01,RA-GCA-CGHTE,13.15,0.21056398155925216
Scene01,RA-GCA-CGHTE,13.2,0.26049618087776594
Scene01,RA-GCA-CGHTE,13.25,0.30222500277704434
Scene01,RA-GCA-CGHTE,13.3,0.33649775582543384
Scene01,RA-GCA-CGHTE,13.35,0.36401963313801033
Scene01,RA-GCA-CGHTE,13.4,0.38545406055399134
Scene01,RA-GCA-CGHTE,13.45,0.4014232978719825
Scene01,RA-GCA-CGHTE,13.5,0.4125092560242418
Scene01,RA-GCA-CGHTE,13.55,0.4192544969545242
Scene01,RA-GCA-CGHTE,13.6,0.4221633858231648
Scene01,RA-GCA-CGHTE,13.65,0.4217033679967521
Scene01,RA-GCA-CGHTE,13.7,0.4183063458310272
Scene01,RA-GCA-CGHTE,13.75,0.41237013280989565
Scene01,RA-GCA-CGHTE,13.8,0.40425996481818416
Scene01,RA-GCA-CGHTE,13.85,0.39431005054829527
Scene01,RA-GCA-CGHTE,13.9,0.3828251450966196
Scene01,RA-GCA-CGHTE,13.95,0.370082132546278
Scene01,RA-GCA-CGHTE,14.0,0.35633160519222606
Scene01,RA-GCA-CGHTE,14.05,0.34179942862164836
Scene01,RA-GCA-CGHTE,14.1,0.3266882833082292
Scene01,RA-GCA-CGHTE,14.15,0.3111791747700714
Scene01,RA-GCA-CGHTE,14.2,0.29543290551999135
Scene01,RA-GCA-CGHTE,14.25,0.2795915033311491
Scene01,RA-GCA-CGHTE,14.3,0.2637796010761839
Scene01,RA-GCA-CGHTE,14.35,0.2481057646169127
Scene01,RA-GCA-CGHTE,14.4,0.23266376583437065
Scene01,RA-GCA-CGHTE,14.45,0.21753379881200807
Scene01,RA-GCA-CGHTE,14.5,0.20278363776486863
Scene01,RA-GCA-CGHTE,14.55,0.18846973594381922
Scene01,RA-GCA-CGHTE,14.6,0.17463826450475572
Scene01,RA-GCA-CGHTE,14.65,0.16132609349454619
Scene01,RA-GCA-CGHTE,14.7,0.14856171312307076
Scene01,RA-GCA-CGHTE,14.75,0.13636609704364488
Scene01,RA-GCA-CGHTE,14.8,0.12475351051999972
Scene01,RA-GCA-CGHTE,14.85,0.11373226141884452
Scene01,RA-GCA-CGHTE,14.9,0.10330546112525774
Scene01,RA-GCA-CGHTE,14.95,0.09347142968347022
Scene01,RA-GCA-CGHTE,15.0,0.08422465329126361
Scene01,RA-GCA-CGHTE,15.05,0.0755560979720844
Scene01,RA-GCA-CGHTE,15.1,0.06745377098201644
Scene01,RA-GCA-CGHTE,15.15,0.059903183651284664
Scene01,RA-GCA-CGHTE,15.2,0.05288777056131977
Scene01,RA-GCA-CGHTE,15.25,0.04638927303300555
Scene01,RA-GCA-CGHTE,15.3,0.04038808433344876
Scene01,RA-GCA-CGHTE,15.35,0.03486355854744794
Scene01,RA-GCA-CGHTE,15.4,0.029794290885016395
Scene01,RA-GCA-CGHTE,15.45,0.02515836627559942
Scene01,RA-GCA-CGHTE,15.5,0.02093357997579126
Scene01,RA-GCA-CGHTE,15.55,0.01709763155731281
Scene01,RA-GCA-CGHTE,15.6,0.013628296059129852
Scene01,RA-GCA-CGHTE,15.65,0.010503572126456362
Scene01,RA-GCA-CGHTE,15.7,0.007701809738259513
Scene01,RA-GCA-CGHTE,15.75,0.005201819143193731
Scene01,RA-GCA-CGHTE,15.8,0.0029829631726645545
Scene01,RA-GCA-CGHTE,15.85,0.0010252333810694125
Scene01,RA-GCA-CGHTE,15.9,0.0006906878190893196
Scene01,RA-GCA-CGHTE,15.95,0.002183377922728269
Scene01,RA-GCA-CGHTE,16.0,0.003470636113144465
Scene01,RA-GCA-CGHTE,16.05,0.004569456677680606
Scene01,RA-GCA-CGHTE,16.1,0.0054960097736938
Scene01,RA-GCA-CGHTE,16.15,0.006265632272379307
Scene01,RA-GCA-CGHTE,16.2,0.0068928240607863955
Scene01,RA-GCA-CGHTE,16.25,0.0073912519005823185
Scene01,RA-GCA-CGHTE,16.3,0.007773758610591486
Scene01,RA-GCA-CGHTE,16.35,0.008052376180520682
Scene01,RA-GCA-CGHTE,16.4,0.008238343790752722
Scene01,RA-GCA-CGHTE,16.45,0.008342128717528041
Scene01,RA-GCA-CGHTE,16.5,0.008373450215627187
Scene01,RA-GCA-CGHTE,16.55,0.008341305668839283
Scene01,RA-GCA-CGHTE,16.6,0.008253998505356464
Scene01,RA-GCA-CGHTE,16.65,0.008119167540547423
Scene01,RA-GCA-CGHTE,16.7,0.007943817227836547
Scene01,RA-GCA-CGHTE,16.75,0.0077343486322298816
Scene01,RA-GCA-CGHTE,16.8,0.007496590723055974
Scene01,RA-GCA-CGHTE,16.85,0.007235831813899196
Scene01,RA-GCA-CGHTE,16.9,0.006956850726460573
Scene01,RA-GCA-CGHTE,16.95,0.00666394770297174
Scene01,RA-GCA-CGHTE,17.0,0.00636097474768782
Scene01,RA-GCA-CGHTE,17.05,0.006051365276871223
Scene01,RA-GCA-CGHTE,17.1,0.005738163002803276
Scene01,RA-GCA-CGHTE,17.150000000000002,0.0054240498843700635
Scene01,RA-GCA-CGHTE,17.2,0.005111373120351814
Scene01,RA-GCA-CGHTE,17.25,0.004802171114164366
Scene01,RA-GCA-CGHTE,17.3,0.004498198033726197
Scene01,RA-GCA-CGHTE,17.35,0.004200947918169717
Scene01,RA-GCA-CGHTE,17.400000000000002,0.003911677074846409
Scene01,RA-GCA-CGHTE,17.45,0.003631424764888536
Scene01,RA-GCA-CGHTE,17.5,0.003361034443111422
Scene01,RA-GCA-CGHTE,17.55,0.003101172043079359
Scene01,RA-GCA-CGHTE,17.6,0.0028523439655980813
Scene01,RA-GCA-CGHTE,17.650000000000002,0.002614913937696528
Scene01,RA-GCA-CGHTE,17.7,0.002389118239173982
Scene01,RA-GCA-CGHTE,17.75,0.0021751598375256975
Scene01,RA-GCA-CGHTE,17.8,0.001972996356030876
Scene01,RA-GCA-CGHTE,17.85,0.001782459214101806
Scene01,RA-GCA-CGHTE,17.900000000000002,0.0016035032933920947
Scene01,RA-GCA-CGHTE,17.95,0.0014359263817631536
Scene01,RA-GCA-CGHTE,18.0,0.0012794708905321539
Scene01,RA-GCA-CGHTE,18.05,0.0011338332365404846
Scene01,RA-GCA-CGHTE,18.1,0.0009986716378005453
Scene01,RA-GCA-CGHTE,18.15,0.0008736131542672674
Scene01,RA-GCA-CGHTE,18.2,0.0007582607393033055
Scene01,RA-GCA-CGHTE,18.25,0.0006521988500445409
Scene01,RA-GCA-CGHTE,18.3,0.0005549988201103597
Scene01,RA-GCA-CGHTE,18.35,0.00046622357579375787
Scene01,RA-GCA-CGHTE,18.4,0.0003854318076559654
Scene01,RA-GCA-CGHTE,18.45,0.0003121816446523396
Scene01,RA-GCA-CGHTE,18.5,0.00024603386440352526
Scene01,RA-GCA-CGHTE,18.55,0.00018655467850343948
Scene01,RA-GCA-CGHTE,18.6,0.00013331811771176045
Scene01,RA-GCA-CGHTE,18.65,8.590806988464793e-05
Scene01,RA-GCA-CGHTE,18.7,4.3919977043925065e-05
Scene01,RA-GCA-CGHTE,18.75,6.962240247151801e-06
Scene01,RA-GCA-CGHTE,18.8,2.5342614611669175e-05
Scene01,RA-GCA-CGHTE,18.85,5.3357146486184454e-05
Scene01,RA-GCA-CGHTE,18.9,7.742826410083257e-05
Scene01,RA-GCA-CGHTE,18.95,9.788669037121198e-05
Scene01,RA-GCA-CGHTE,19.0,0.00011504673585532793
Scene01,RA-GCA-CGHTE,19.05,0.0001292062155969119
Scene01,RA-GCA-CGHTE,19.1,0.00014064630749825662
Scene01,RA-GCA-CGHTE,19.15,0.0001496317078526886
Scene01,RA-GCA-CGHTE,19.2,0.0001564109674845736
Scene01,RA-GCA-CGHTE,19.25,0.0001612166259246533
Scene01,RA-GCA-CGHTE,19.3,0.000164265619398355
Scene01,RA-GCA-CGHTE,19.35,0.00016575982670380068
Scene01,RA-GCA-CGHTE,19.4,0.0001658864428844573
Scene01,RA-GCA-CGHTE,19.45,0.00016481857314871426
Scene01,RA-GCA-CGHTE,19.5,0.00016271578465428124
Scene01,RA-GCA-CGHTE,19.55,0.0001597246924483715
Scene01,RA-GCA-CGHTE,19.6,0.0001559795674205011
Scene01,RA-GCA-CGHTE,19.65,0.0001516029527764751
Scene01,RA-GCA-CGHTE,19.7,0.00014670628555366944
Scene01,RA-GCA-CGHTE,19.75,0.00014139051902627007
Scene01,RA-GCA-CGHTE,19.8,0.00013574673824844164
Scene01,RA-GCA-CGHTE,19.85,0.00012985676864483785
Scene01,RA-GCA-CGHTE,19.9,0.0001237937749182128
Scene01,RA-GCA-CGHTE,19.95,0.0001176228381912778
Scene01,RA-GCA-CGHTE,20.0,0.00011140150679990181
Scene01,RA-GCA-CGHTE,20.05,0.05065279792008453
Scene01,RA-GCA-CGHTE,20.1,0.1010751189931868
Scene01,RA-GCA-CGHTE,20.15,0.14934356462607865
Scene01,RA-GCA-CGHTE,20.2,0.19399313195218376
Scene01,RA-GCA-CGHTE,20.25,0.2339177620711126
Scene01,RA-GCA-CGHTE,20.3,0.2683371472915151
Scene01,RA-GCA-CGHTE,20.35,0.2967626094034044
Scene01,RA-GCA-CGHTE,20.4,0.3189597982438293
Scene01,RA-GCA-CGHTE,20.45,0.33491077629671234
Scene01,RA-GCA-CGHTE,20.5,0.3447777263615676
Scene01,RA-GCA-CGHTE,20.55,0.34886939799651656
Scene01,RA-GCA-CGHTE,20.6,0.3476105680880479
Scene01,RA-GCA-CGHTE,20.65,0.341514338368214
Scene01,RA-GCA-CGHTE,20.7,0.3311569435565388
Scene01,RA-GCA-CGHTE,20.75,0.31715480030541504
Scene01,RA-GCA-CGHTE,20.8,0.3001436736573744
Scene01,RA-GCA-CGHTE,20.85,0.2807600007002332
Scene01,RA-GCA-CGHTE,20.9,0.25962446647026344
Scene01,RA-GCA-CGHTE,20.95,0.23732800802018153
Scene01,RA-GCA-CGHTE,21.0,0.21442035786402733
Scene01,RA-GCA-CGHTE,21.05,0.1914012039167003
Scene01,RA-GCA-CGHTE,21.1,0.1687139385276257
Scene01,RA-GCA-CGHTE,21.15,0.14674187573083458
Scene01,RA-GCA-CGHTE,21.2,0.12580677417037694
Scene01,RA-GCA-CGHTE,21.25,0.10616943921644287
Scene01,RA-GCA-CGHTE,21.3,0.08803223923029273
Scene01,RA-GCA-CGHTE,21.35,0.0715434516866369
Scene01,RA-GCA-CGHTE,21.4,0.056803629932029955
Scene01,RA-GCA-CGHTE,21.45,0.04387482863672115
Scene01,RA-GCA-CGHTE,21.5,0.03279506523772526
Scene01,RA-GCA-CGHTE,21.55,0.023604293070798223
Scene01,RA-GCA-CGHTE,21.6,0.016396414173547487
Scene01,RA-GCA-CGHTE,21.65,0.011407725694098038
Scene01,RA-GCA-CGHTE,21.7,0.008963083845536339
Scene01,RA-GCA-CGHTE,21.75,0.008735934420055025
Scene01,RA-GCA-CGHTE,21.8,0.009471746916832724
Scene01,RA-GCA-CGHTE,21.85,0.010190860396832289
Scene01,RA-GCA-CGHTE,21.9,0.010522284010594707
Scene01,RA-GCA-CGHTE,21.95,0.010402188408853008
Scene01,RA-GCA-CGHTE,22.0,0.009889698901852801
Scene01,RA-GCA-CGHTE,22.05,0.00909818661764499
Scene01,RA-GCA-CGHTE,22.1,0.008173605887864855
Scene01,RA-GCA-CGHTE,22.15,0.007290193915340197
Scene01,RA-GCA-CGHTE,22.2,0.006642048989136817
Scene01,RA-GCA-CGHTE,22.25,0.006398263220951547
Scene01,RA-GCA-CGHTE,22.3,0.006616152336348636
Scene01,RA-GCA-CGHTE,22.35,0.007205445554275243
Scene01,RA-GCA-CGHTE,22.4,0.00800363327618417
Scene01,RA-GCA-CGHTE,22.45,0.008862653028263268
Scene01,RA-GCA-CGHTE,22.5,0.009677918487633663
Scene01,RA-GCA-CGHTE,22.55,0.010383421008558748
Scene01,RA-GCA-CGHTE,22.6,0.01094068791574801
Scene01,RA-GCA-CGHTE,22.65,0.011330145521081546
Scene01,RA-GCA-CGHTE,22.7,0.011545333313987653
Scene01,RA-GCA-CGHTE,22.75,0.011589090135264437
Scene01,RA-GCA-CGHTE,22.8,0.011470892476834164
Scene01,RA-GCA-CGHTE,22.85,0.011204896416476609
Scene01,RA-GCA-CGHTE,22.9,0.010808425753622286
Scene01,RA-GCA-CGHTE,22.95,0.010300763533895321
Scene01,RA-GCA-CGHTE,23.0,0.009702167569255897
Scene01,RA-GCA-CGHTE,23.05,0.009033066030159232
Scene01,RA-GCA-CGHTE,23.1,0.008313408455129663
Scene01,RA-GCA-CGHTE,23.15,0.007562145343269993
Scene01,RA-GCA-CGHTE,23.2,0.006796828042617051
Scene01,RA-GCA-CGHTE,23.25,0.006033316136004187
Scene01,RA-GCA-CGHTE,23.3,0.005285577333609132
Scene01,RA-GCA-CGHTE,23.35,0.004565572216407415
Scene01,RA-GCA-CGHTE,23.4,0.003883212264403573
Scene01,RA-GCA-CGHTE,23.45,0.00324637956601492
Scene01,RA-GCA-CGHTE,23.5,0.0026610038821742684
Scene01,RA-GCA-CGHTE,23.55,0.0021311836293266494
Scene01,RA-GCA-CGHTE,23.6,0.0016593513759358615
Scene01,RA-GCA-CGHTE,23.65,0.0012464883188456912
Scene01,RA-GCA-CGHTE,23.7,0.0008924237821299896
Scene01,RA-GCA-CGHTE,23.75,0.0005963670814104844
Scene01,RA-GCA-CGHTE,23.8,0.000358364983252635
Scene01,RA-GCA-CGHTE,23.85,0.00018599458772475228
Scene01,RA-GCA-CGHTE,23.9,0.00012336206621357148
Scene01,RA-GCA-CGHTE,23.95,0.00017261111672514816
Scene01,RA-GCA-CGHTE,24.0,0.0002300447758926772
Scene01,RA-GCA-CGHTE,24.05,0.00026610738681503076
Scene01,RA-GCA-CGHTE,24.1,0.00027929713823654875
Scene01,RA-GCA-CGHTE,24.15,0.00027285532240775795
Scene01,RA-GCA-CGHTE,24.2,0.00025124148036248756
Scene01,RA-GCA-CGHTE,24.25,0.0002195901443852136
Scene01,RA-GCA-CGHTE,24.3,0.00018408894099646467
Scene01,RA-GCA-CGHTE,24.35,0.00015312224523862889
Scene01,RA-GCA-CGHTE,24.4,0.00013786275549980352
Scene01,RA-GCA-CGHTE,24.45,0.00014631003860826657
Scene01,RA-GCA-CGHTE,24.5,0.00017421794658425721
Scene01,RA-GCA-CGHTE,24.55,0.00021136323603780424
Scene01,RA-GCA-CGHTE,24.6,0.0002503004146663179
Scene01,RA-GCA-CGHTE,24.65,0.0002868958349835681
Scene01,RA-GCA-CGHTE,24.7,0.000318922820619599
Scene01,RA-GCA-CGHTE,24.75,0.0003451870932706869
Scene01,RA-GCA-CGHTE,24.8,0.000365118580841848
Scene01,RA-GCA-CGHTE,24.85,0.0003785482966337468
Scene01,RA-GCA-CGHTE,24.9,0.0003856009445611944
Scene01,RA-GCA-CGHTE,24.95,0.000386612390085844
Scene01,RA-GCA-CGHTE,25.0,0.0003820720331067042
Scene01,RA-GCA-CGHTE,25.05,0.00037257721869623166
Scene01,RA-GCA-CGHTE,25.1,0.00035879561313000605
Scene01,RA-GCA-CGHTE,25.15,0.0003414336301162424
Scene01,RA-GCA-CGHTE,25.2,0.00032120986664522296
Scene01,RA-GCA-CGHTE,25.25,0.00029883299299516034
Scene01,RA-GCA-CGHTE,25.3,0.00027497943533376276
Scene01,RA-GCA-CGHTE,25.35,0.00025029849770399107
Scene01,RA-GCA-CGHTE,25.4,0.00022537136101384396
Scene01,RA-GCA-CGHTE,25.45,0.00020072176016571171
Scene01,RA-GCA-CGHTE,25.5,0.00017681093475814213
Scene01,RA-GCA-CGHTE,25.55,0.00015403398106348374
Scene01,RA-GCA-CGHTE,25.6,0.00013272052376297263
Scene01,RA-GCA-CGHTE,25.65,0.00011313725306232234
Scene01,RA-GCA-CGHTE,25.7,9.549158931600027e-05
Scene01,RA-GCA-CGHTE,25.75,7.995832248419573e-05
Scene01,RA-GCA-CGHTE,25.8,6.66106366838326e-05
Scene01,RA-GCA-CGHTE,25.85,5.548758334848624e-05
Scene01,RA-GCA-CGHTE,25.9,4.6550404292739254e-05
Scene01,RA-GCA-CGHTE,25.95,3.966987973336214e-05
Scene01,RA-GCA-CGHTE,26.0,3.458621833860835e-05
Scene01,RA-GCA-CGHTE,26.05,3.091725100470019e-05
Scene01,RA-GCA-CGHTE,26.1,2.8213197247368106e-05
Scene01,RA-GCA-CGHTE,26.15,2.6047824344893087e-05
Scene01,RA-GCA-CGHTE,26.2,2.409076639775661e-05
Scene01,RA-GCA-CGHTE,26.25,2.2124959628793804e-05
Scene01,RA-GCA-CGHTE,26.3,2.0038578317901428e-05
Scene01,RA-GCA-CGHTE,26.35,1.7798782222017954e-05
Scene01,RA-GCA-CGHTE,26.4,1.542722774233508e-05
Scene01,RA-GCA-CGHTE,26.45,1.2983059127520638e-05
Scene01,RA-GCA-CGHTE,26.5,1.0556103727505613e-05
Scene01,RA-GCA-CGHTE,26.55,8.275221661860084e-06
Scene01,RA-GCA-CGHTE,26.6,6.3436495064119896e-06
Scene01,RA-GCA-CGHTE,26.65,5.096766018944498e-06
Scene01,RA-GCA-CGHTE,26.7,4.888150949143566e-06
Scene01,RA-GCA-CGHTE,26.75,5.610841871907802e-06
Scene01,RA-GCA-CGHTE,26.8,6.772081899673053e-06
Scene01,RA-GCA-CGHTE,26.85,8.00716451675877e-06
Scene01,RA-GCA-CGHTE,26.9,9.140769229248909e-06
Scene01,RA-GCA-CGHTE,26.95,1.0095141377560393e-05
Scene01,RA-GCA-CGHTE,27.0,1.0837887765125437e-05
Scene01,RA-GCA-CGHTE,27.05,1.1357900373432003e-05
Scene01,RA-GCA-CGHTE,27.1,1.1661285290361009e-05
Scene01,RA-GCA-CGHTE,27.15,1.1761048883403774e-05
Scene01,RA-GCA-CGHTE,27.2,1.1675042180140632e-05
Scene01,RA-GCA-CGHTE,27.25,1.1424676867256118e-05
Scene01,RA-GCA-CGHTE,27.3,1.1033568850532037e-05
Scene01,RA-GCA-CGHTE,27.35,1.0526185961498474e-05
Scene01,RA-GCA-CGHTE,27.4,9.927234319646546e-06
Scene01,RA-GCA-CGHTE,27.45,9.260998635298406e-06
Scene01,RA-GCA-CGHTE,27.5,8.550649960722927e-06
Scene01,RA-GCA-CGHTE,27.55,7.817822198104433e-06
Scene01,RA-GCA-CGHTE,27.6,7.0823099594600695e-06
Scene01,RA-GCA-CGHTE,27.65,6.361966824702337e-06
Scene01,RA-GCA-CGHTE,27.7,5.67231638443285e-06
Scene01,RA-GCA-CGHTE,27.75,5.0265430219912625e-06
Scene01,RA-GCA-CGHTE,27.8,4.435428406112035e-06
Scene01,RA-GCA-CGHTE,27.85,3.90719094141799e-06
Scene01,RA-GCA-CGHTE,27.9,3.4472095533061745e-06
Scene01,RA-GCA-CGHTE,27.95,3.0576164650976723e-06
Scene01,RA-GCA-CGHTE,28.0,2.7368532177338304e-06
Scene01,RA-GCA-CGHTE,28.05,2.479449830214445e-06
Scene01,RA-GCA-CGHTE,28.1,2.2763811368384712e-06
Scene01,RA-GCA-CGHTE,28.15,2.1161948749450245e-06
Scene01,RA-GCA-CGHTE,28.2,1.9866940297724007e-06
Scene01,RA-GCA-CGHTE,28.25,1.8766027199766023e-06
Scene01,RA-GCA-CGHTE,28.3,1.7767183265421018e-06
Scene01,RA-GCA-CGHTE,28.35,1.6804344311836366e-06
Scene01,RA-GCA-CGHTE,28.4,1.5836665151518573e-06
Scene01,RA-GCA-CGHTE,28.45,1.4844629772355611e-06
Scene01,RA-GCA-CGHTE,28.5,1.3825071773548145e-06
Scene01,RA-GCA-CGHTE,28.55,1.2786477957782217e-06
Scene01,RA-GCA-CGHTE,28.6,1.1745464773002186e-06
Scene01,RA-GCA-CGHTE,28.65,1.0722672655905186e-06
Scene01,RA-GCA-CGHTE,28.7,9.740236235890483e-07
Scene01,RA-GCA-CGHTE,28.75,8.819846043600465e-07
Scene01,RA-GCA-CGHTE,28.8,7.981964686266137e-07
Scene01,RA-GCA-CGHTE,28.85,7.2429715801398e-07
Scene01,RA-GCA-CGHTE,28.9,6.612795910269998e-07
Scene01,RA-GCA-CGHTE,28.95,6.094527019795429e-07
Scene01,RA-GCA-CGHTE,29.0,5.681705882222694e-07
Scene01,RA-GCA-CGHTE,29.05,5.360291740946776e-07
Scene01,RA-GCA-CGHTE,29.1,5.110312023600802e-07
Scene01,RA-GCA-CGHTE,29.15,4.909480718076235e-07
Scene01,RA-GCA-CGHTE,29.2,4.7364500458165344e-07
Scene01,RA-GCA-CGHTE,29.25,4.5731913321987636e-07
Scene01,RA-GCA-CGHTE,29.3,4.406127732175282e-07
Scene01,RA-GCA-CGHTE,29.35,4.226244917992776e-07
Scene01,RA-GCA-CGHTE,29.4,4.028593132047261e-07
Scene01,RA-GCA-CGHTE,29.45,3.8115282291470454e-07
Scene01,RA-GCA-CGHTE,29.5,3.5759231478540536e-07
Scene01,RA-GCA-CGHTE,29.55,3.324448642015915e-07
Scene01,RA-GCA-CGHTE,29.6,3.0609724341233593e-07
Scene01,RA-GCA-CGHTE,29.65,2.7900753202625914e-07
Scene01,RA-GCA-CGHTE,29.7,2.5166837869513704e-07
Scene01,RA-GCA-CGHTE,29.75,2.2457998904122613e-07
Scene01,RA-GCA-CGHTE,29.8,1.982317667033663e-07
Scene01,RA-GCA-CGHTE,29.85,1.7309173883980755e-07
Scene01,RA-GCA-CGHTE,29.9,1.4960256398125876e-07
Scene01,RA-GCA-CGHTE,29.95,1.2818306545850367e-07
Scene01,RA-GCA-CGHTE,30.0,1.0923135077907836e-07
Scene01,RA-GCA-CGHTE,30.05,0.07159437792961834
Scene01,RA-GCA-CGHTE,30.1,0.14286473372206998
Scene01,RA-GCA-CGHTE,30.15,0.21116906469355431
Scene01,RA-GCA-CGHTE,30.2,0.27446275723358776
Scene01,RA-GCA-CGHTE,30.25,0.3311882796421709
Scene01,RA-GCA-CGHTE,30.3,0.38024520045063437
Scene01,RA-GCA-CGHTE,30.35,0.42094565100220027
Scene01,RA-GCA-CGHTE,30.4,0.45295879050490173
Scene01,RA-GCA-CGHTE,30.45,0.47625309264574733
Scene01,RA-GCA-CGHTE,30.5,0.49104230659301396
Scene01,RA-GCA-CGHTE,30.55,0.4977376200613122
Scene01,RA-GCA-CGHTE,30.6,0.4969062653514081
Scene01,RA-GCA-CGHTE,30.65,0.48923560792516185
Scene01,RA-GCA-CGHTE,30.7,0.4755013803012928
Scene01,RA-GCA-CGHTE,30.75,0.4565388836728049
Scene01,RA-GCA-CGHTE,30.8,0.43321639992339595
Scene01,RA-GCA-CGHTE,30.85,0.40641059213417186
Scene01,RA-GCA-CGHTE,30.9,0.3769840137031499
Scene01,RA-GCA-CGHTE,30.95,0.34576512907768553
Scene01,RA-GCA-CGHTE,31.0,0.3135313003296657
Scene01,RA-GCA-CGHTE,31.05,0.2809951201781448
Scene01,RA-GCA-CGHTE,31.1,0.24879431111580252
Scene01,RA-GCA-CGHTE,31.15,0.21748522452213215
Scene01,RA-GCA-CGHTE,31.2,0.1875398010067904
Scene01,RA-GCA-CGHTE,31.25,0.15934578630905818
Scene01,RA-GCA-CGHTE,31.3,0.13320995101345753
Scene01,RA-GCA-CGHTE,31.35,0.10936424301465413
Scene01,RA-GCA-CGHTE,31.4,0.08797516764533035
Scene01,RA-GCA-CGHTE,31.45,0.069157501179061
Scene01,RA-GCA-CGHTE,31.5,0.0529950612790302
Scene01,RA-GCA-CGHTE,31.55,0.039573943693721636
Scene01,RA-GCA-CGHTE,31.6,0.02903387364343151
Scene01,RA-GCA-CGHTE,31.65,0.02161162092916991
Scene01,RA-GCA-CGHTE,31.7,0.017492648207707153
Scene01,RA-GCA-CGHTE,31.75,0.016230173140707394
Scene01,RA-GCA-CGHTE,31.8,0.016549600907291812
Scene01,RA-GCA-CGHTE,31.85,0.017231583504676427
Scene01,RA-GCA-CGHTE,31.9,0.017636199711517617
Scene01,RA-GCA-CGHTE,31.95,0.017553471139985653
Scene01,RA-GCA-CGHTE,32.0,0.0169908383176268
Scene01,RA-GCA-CGHTE,32.05,0.016059368427068243
Scene01,RA-GCA-CGHTE,32.1,0.01492278080650818
Scene01,RA-GCA-CGHTE,32.15,0.013773142222343077
Scene01,RA-GCA-CGHTE,32.2,0.012810574151248517
Scene01,RA-GCA-CGHTE,32.25,0.012209586836462602
Scene01,RA-GCA-CGHTE,32.3,0.012068631016478775
Scene01,RA-GCA-CGHTE,32.35,0.012372903172641073
Scene01,RA-GCA-CGHTE,32.4,0.013010295505423843
Scene01,RA-GCA-CGHTE,32.45,0.01382892891709859
Scene01,RA-GCA-CGHTE,32.5,0.01468783686124798
Scene01,RA-GCA-CGHTE,32.55,0.015478791473992304
Scene01,RA-GCA-CGHTE,32.6,0.016127958034393517
Scene01,RA-GCA-CGHTE,32.65,0.01659012927650967
Scene01,RA-GCA-CGHTE,32.7,0.01684204389882213
Scene01,RA-GCA-CGHTE,32.75,0.016876769028266996
Scene01,RA-GCA-CGHTE,32.8,0.016699344814014992
Scene01,RA-GCA-CGHTE,32.85,0.016323460322322722
Scene01,RA-GCA-CGHTE,32.9,0.015768839000184613
Scene01,RA-GCA-CGHTE,32.95,0.015059199933560835
Scene01,RA-GCA-CGHTE,33.0,0.01422060357197083
Scene01,RA-GCA-CGHTE,33.05,0.013280118328493039
Scene01,RA-GCA-CGHTE,33.1,0.012264744984911886
Scene01,RA-GCA-CGHTE,33.15,0.011200560254316106
Scene01,RA-GCA-CGHTE,33.2,0.01011205199463033
Scene01,RA-GCA-CGHTE,33.25,0.00902161983376754
Scene01,RA-GCA-CGHTE,33.3,0.007949223592117066
Scene01,RA-GCA-CGHTE,33.35,0.006912160094111561
Scene01,RA-GCA-CGHTE,33.4,0.005924953482790845
Scene01,RA-GCA-CGHTE,33.45,0.004999343366311113
Scene01,RA-GCA-CGHTE,33.5,0.004144357026192507
Scene01,RA-GCA-CGHTE,33.55,0.003366454849349269
Scene01,RA-GCA-CGHTE,33.6,0.002669744911808861
Scene01,RA-GCA-CGHTE,33.65,0.002056265376032895
Scene01,RA-GCA-CGHTE,33.7,0.0015263864147821826
Scene01,RA-GCA-CGHTE,33.75,0.001079450849828122
Scene01,RA-GCA-CGHTE,33.8,0.0007151388541342423
Scene01,RA-GCA-CGHTE,33.85,0.00043744525096181606
Scene01,RA-GCA-CGHTE,33.9,0.00026714365724424645
Scene01,RA-GCA-CGHTE,33.95,0.00023762734776321327
Scene01,RA-GCA-CGHTE,34.0,0.00028997293797991926
Scene01,RA-GCA-CGHTE,34.05,0.0003423848984488496
Scene01,RA-GCA-CGHTE,34.1,0.00037124379140201976
Scene01,RA-GCA-CGHTE,34.15,0.00037508439218693964
Scene01,RA-GCA-CGHTE,34.2,0.00035842822381222244
Scene01,RA-GCA-CGHTE,34.25,0.0003281105103681439
Scene01,RA-GCA-CGHTE,34.300000000000004,0.0002927262146380567
Scene01,RA-GCA-CGHTE,34.35,0.00026283640951693004
Scene01,RA-GCA-CGHTE,34.4,0.0002497895501245924
Scene01,RA-GCA-CGHTE,34.45,0.00026048570000592825
Scene01,RA-GCA-CGHTE,34.5,0.00029235374149666943
Scene01,RA-GCA-CGHTE,34.550000000000004,0.00033684027424902153
Scene01,RA-GCA-CGHTE,34.6,0.0003857484906758733
Scene01,RA-GCA-CGHTE,34.65,0.00043339575530501584
Scene01,RA-GCA-CGHTE,34.7,0.000476234054349169
Scene01,RA-GCA-CGHTE,34.75,0.000512150970768642
Scene01,RA-GCA-CGHTE,34.800000000000004,0.000539985610880715
Scene01,RA-GCA-CGHTE,34.85,0.0005592328651434396
Scene01,RA-GCA-CGHTE,34.9,0.0005698591991338143
Scene01,RA-GCA-CGHTE,34.95,0.0005721767213424643
Scene01,RA-GCA-CGHTE,35.0,0.0005667515169264382
Scene01,RA-GCA-CGHTE,35.050000000000004,0.0005543246155003156
Scene01,RA-GCA-CGHTE,35.1,0.0005357784524640816
Scene01,RA-GCA-CGHTE,35.15,0.0005120644643304923
Scene01,RA-GCA-CGHTE,35.2,0.0004841568629894871
Scene01,RA-GCA-CGHTE,35.25,0.00045303698744551883
Scene01,RA-GCA-CGHTE,35.300000000000004,0.0004196584948659177
Scene01,RA-GCA-CGHTE,35.35,0.00038492510071859524
Scene01,RA-GCA-CGHTE,35.4,0.0003496734507448643
Scene01,RA-GCA-CGHTE,35.45,0.000314660688355945
Scene01,RA-GCA-CGHTE,35.5,0.00028055730999879445
Scene01,RA-GCA-CGHTE,35.550000000000004,0.00024794423783654614
Scene01,RA-GCA-CGHTE,35.6,0.00021729330213542488
Scene01,RA-GCA-CGHTE,35.65,0.0001889960329737969
Scene01,RA-GCA-CGHTE,35.7,0.00016334678896281444
Scene01,RA-GCA-CGHTE,35.75,0.00014054603831438968
Scene01,RA-GCA-CGHTE,35.800000000000004,0.0001206980636974242
Scene01,RA-GCA-CGHTE,35.85,0.00010380806431263747
Scene01,RA-GCA-CGHTE,35.9,8.977671847153672e-05
Scene01,RA-GCA-CGHTE,35.95,7.835041086784006e-05
Scene01,RA-GCA-CGHTE,36.0,6.917319501256545e-05
Scene01,RA-GCA-CGHTE,36.05,6.180950771843014e-05
Scene01,RA-GCA-CGHTE,36.1,5.5789814628141674e-05
Scene01,RA-GCA-CGHTE,36.15,5.066632209977309e-05
Scene01,RA-GCA-CGHTE,36.2,4.606866023545882e-05
Scene01,RA-GCA-CGHTE,36.25,4.1727790657748016e-05
Scene01,RA-GCA-CGHTE,36.3,3.7476373518909214e-05
Scene01,RA-GCA-CGHTE,36.35,3.323477796912958e-05
Scene01,RA-GCA-CGHTE,36.4,2.8992362011020766e-05
Scene01,RA-GCA-CGHTE,36.45,2.4790762729034108e-05
Scene01,RA-GCA-CGHTE,36.5,2.071346639139892e-05
Scene01,RA-GCA-CGHTE,36.55,1.6885567356627955e-05
Scene01,RA-GCA-CGHTE,36.6,1.3489234686581513e-05
Scene01,RA-GCA-CGHTE,36.65,1.0796605580254982e-05
Scene01,RA-GCA-CGHTE,36.7,9.170740282920718e-06
Scene01,RA-GCA-CGHTE,36.75,8.85543389734987e-06
Scene01,RA-GCA-CGHTE,36.8,9.628154154267695e-06
Scene01,RA-GCA-CGHTE,36.85,1.0958809243729506e-05
Scene01,RA-GCA-CGHTE,36.9,1.2419281948351086e-05
Scene01,RA-GCA-CGHTE,36.95,1.3771643694331504e-05
Scene01,RA-GCA-CGHTE,37.0,1.4900317570055852e-05
Scene01,RA-GCA-CGHTE,37.05,1.575522159092884e-05
Scene01,RA-GCA-CGHTE,37.1,1.6321829220331775e-05
Scene01,RA-GCA-CGHTE,37.15,1.6606129675809224e-05
Scene01,RA-GCA-CGHTE,37.2,1.662658948199887e-05
Scene01,RA-GCA-CGHTE,37.25,1.6409424054684103e-05
Scene01,RA-GCA-CGHTE,37.3,1.5985533461449812e-05
Scene01,RA-GCA-CGHTE,37.35,1.538835160134322e-05
Scene01,RA-GCA-CGHTE,37.4,1.4652257826845983e-05
Scene01,RA-GCA-CGHTE,37.45,1.3811359378080836e-05
Scene01,RA-GCA-CGHTE,37.5,1.2898550933697132e-05
Scene01,RA-GCA-CGHTE,37.55,1.1944669352804247e-05
Scene01,RA-GCA-CGHTE,37.6,1.0978326769125787e-05
Scene01,RA-GCA-CGHTE,37.65,1.002532612329235e-05
Scene01,RA-GCA-CGHTE,37.7,9.107803963247436e-06
Scene01,RA-GCA-CGHTE,37.75,8.24434953386777e-06
Scene01,RA-GCA-CGHTE,37.8,7.449695398602335e-06
Scene01,RA-GCA-CGHTE,37.85,6.734269711799395e-06
Scene01,RA-GCA-CGHTE,37.9,6.103827089404928e-06
Scene01,RA-GCA-CGHTE,37.95,5.559228849661731e-06
Scene01,RA-GCA-CGHTE,38.0,5.096682522162553e-06
Scene01,RA-GCA-CGHTE,38.05,4.70762887707723e-06
Scene01,RA-GCA-CGHTE,38.1,4.3806453532175305e-06
Scene01,RA-GCA-CGHTE,38.15,4.102625593765964e-06
Scene01,RA-GCA-CGHTE,38.2,3.8604300925039505e-06
Scene01,RA-GCA-CGHTE,38.25,3.642247599587395e-06
Scene01,RA-GCA-CGHTE,38.3,3.4384714234733216e-06
Scene01,RA-GCA-CGHTE,38.35,3.242054600892643e-06
Scene01,RA-GCA-CGHTE,38.4,3.0484510755452285e-06
Scene01,RA-GCA-CGHTE,38.45,2.8552973113444333e-06
Scene01,RA-GCA-CGHTE,38.5,2.661994823556233e-06
Scene01,RA-GCA-CGHTE,38.55,2.4692838844182024e-06
Scene01,RA-GCA-CGHTE,38.6,2.278814074479728e-06
Scene01,RA-GCA-CGHTE,38.65,2.092778323689217e-06
Scene01,RA-GCA-CGHTE,38.7,1.9137262580089364e-06
Scene01,RA-GCA-CGHTE,38.75,1.7439591635254037e-06
Scene01,RA-GCA-CGHTE,38.8,1.5856054541572502e-06
Scene01,RA-GCA-CGHTE,38.85,1.4404030494444299e-06
Scene01,RA-GCA-CGHTE,38.9,1.3096275320968752e-06
Scene01,RA-GCA-CGHTE,38.95,1.1939166509772623e-06
Scene01,RA-GCA-CGHTE,39.0,1.0930288142736027e-06
Scene01,RA-GCA-CGHTE,39.05,1.0060427393541836e-06
Scene01,RA-GCA-CGHTE,39.1,9.314128500335424e-07
Scene01,RA-GCA-CGHTE,39.15,8.671327525753562e-07
Scene01,RA-GCA-CGHTE,39.2,8.109690102695724e-07
Scene01,RA-GCA-CGHTE,39.25,7.607070587504681e-07
Scene01,RA-GCA-CGHTE,39.3,7.143583644334962e-07
Scene01,RA-GCA-CGHTE,39.35,6.702970344804929e-07
Scene01,RA-GCA-CGHTE,39.4,6.273199800983456e-07
Scene01,RA-GCA-CGHTE,39.45,5.84644694490873e-07
Scene01,RA-GCA-CGHTE,39.5,5.418655493149369e-07
Scene01,RA-GCA-CGHTE,39.55,4.988896933739872e-07
Scene01,RA-GCA-CGHTE,39.6,4.558673946116635e-07
Scene01,RA-GCA-CGHTE,39.65,4.1312660640382197e-07
Scene01,RA-GCA-CGHTE,39.7,3.711166875709484e-07
Scene01,RA-GCA-CGHTE,39.75,3.303639477150333e-07
Scene01,RA-GCA-CGHTE,39.8,2.9143877568827973e-07
Scene01,RA-GCA-CGHTE,39.85,2.5493474569499527e-07
Scene01,RA-GCA-CGHTE,39.9,2.2145607085084212e-07
Scene01,RA-GCA-CGHTE,39.95,1.9160878468506036e-07
Scene01,RA-GCA-CGHTE,40.0,1.659819105220658e-07
Scene01,RA-GCA-CGHTE,40.05,0.05065254922282649
Scene01,RA-GCA-CGHTE,40.1,0.10107472386420396
Scene01,RA-GCA-CGHTE,40.15,0.14934286752885484
Scene01,RA-GCA-CGHTE,40.2,0.1939921069340561
Scene01,RA-GCA-CGHTE,40.25,0.2339164648387267
Scene01,RA-GCA-CGHTE,40.3,0.2683356781680062
Scene01,RA-GCA-CGHTE,40.35,0.2967610819234765
Scene01,RA-GCA-CGHTE,40.4,0.31895832126722
Scene01,RA-GCA-CGHTE,40.45,0.3349094452470951
Scene01,RA-GCA-CGHTE,40.5,0.34477661655087133
Scene01,RA-GCA-CGHTE,40.55,0.3488685615480954
Scene01,RA-GCA-CGHTE,40.6,0.34761003594661716
Scene01,RA-GCA-CGHTE,40.65,0.341514122520369
Scene01,RA-GCA-CGHTE,40.7,0.3311570372733534
Scene01,RA-GCA-CGHTE,40.75,0.31715518101808404
Scene01,RA-GCA-CGHTE,40.8,0.30014430984470186
Scene01,RA-GCA-CGHTE,40.85,0.2807608569035777
Scene01,RA-GCA-CGHTE,40.9,0.25962550363864273
Scene01,RA-GCA-CGHTE,40.95,0.23732918434890288
Scene01,RA-GCA-CGHTE,41.0,0.21442163348005125
Scene01,RA-GCA-CGHTE,41.05,0.19140254505053333
Scene01,RA-GCA-CGHTE,41.1,0.16871531735007292
Scene01,RA-GCA-CGHTE,41.15,0.14674326898671536
Scene01,RA-GCA-CGHTE,41.2,0.12580816432470357
Scene01,RA-GCA-CGHTE,41.25,0.10617081589391243
Scene01,RA-GCA-CGHTE,41.3,0.08803360044159268
Scene01,RA-GCA-CGHTE,41.35,0.07154480109799151
Scene01,RA-GCA-CGHTE,41.4,0.05680497712668491
Scene01,RA-GCA-CGHTE,41.45,0.04387618947851982
Scene01,RA-GCA-CGHTE,41.5,0.03279646087271194
Scene01,RA-GCA-CGHTE,41.55,0.023605745318732718
Scene01,RA-GCA-CGHTE,41.6,0.016397925652828976
Scene01,RA-GCA-CGHTE,41.65,0.011409204008381952
Scene01,RA-GCA-CGHTE,41.7,0.00896421876132002
Scene01,RA-GCA-CGHTE,41.75,0.008736443574439466
Scene01,RA-GCA-CGHTE,41.8,0.0094716958620694
Scene01,RA-GCA-CGHTE,41.85,0.010190395927928492
Scene01,RA-GCA-CGHTE,41.9,0.010521489719429724
Scene01,RA-GCA-CGHTE,41.95,0.010401094765312566
Scene01,RA-GCA-CGHTE,42.0,0.00988830377077953
Scene01,RA-GCA-CGHTE,42.05,0.009096468372825656
Scene01,RA-GCA-CGHTE,42.1,0.008171538298759681
Scene01,RA-GCA-CGHTE,42.15,0.007287776166272403
Scene01,RA-GCA-CGHTE,42.2,0.006639360412165396
Scene01,RA-GCA-CGHTE,42.25,0.006395503712637448
Scene01,RA-GCA-CGHTE,42.3,0.006613569150755728
Scene01,RA-GCA-CGHTE,42.35,0.007203192026015119
Scene01,RA-GCA-CGHTE,42.4,0.0080017372624187
Scene01,RA-GCA-CGHTE,42.45,0.008861076040269785
Scene01,RA-GCA-CGHTE,42.5,0.009676605521558192
Scene01,RA-GCA-CGHTE,42.55,0.010382320969809322
Scene01,RA-GCA-CGHTE,42.6,0.01093975844047508
Scene01,RA-GCA-CGHTE,42.65,0.0113293529203479
Scene01,RA-GCA-CGHTE,42.7,0.011544650853951515
Scene01,RA-GCA-CGHTE,42.75,0.011588496561284318
Scene01,RA-GCA-CGHTE,42.8,0.011470370791756928
Scene01,RA-GCA-CGHTE,42.85,0.01120443298977616
Scene01,RA-GCA-CGHTE,42.9,0.01080800956871528
Scene01,RA-GCA-CGHTE,42.95,0.010300385577908775
Scene01,RA-GCA-CGHTE,43.0,0.009701820531742313
Scene01,RA-GCA-CGHTE,43.05,0.009032744092463175
Scene01,RA-GCA-CGHTE,43.1,0.00831310699309713
Scene01,RA-GCA-CGHTE,43.15,0.007561860633764753
Scene01,RA-GCA-CGHTE,43.2,0.006796557136533641
Scene01,RA-GCA-CGHTE,43.25,0.006033056820281635
Scene01,RA-GCA-CGHTE,43.3,0.005285328014941748
Scene01,RA-GCA-CGHTE,43.35,0.004565331750023917
Scene01,RA-GCA-CGHTE,43.4,0.0038829798619320795
Scene01,RA-GCA-CGHTE,43.45,0.003246154784222031
Scene01,RA-GCA-CGHTE,43.5,0.002660786596305463
Scene01,RA-GCA-CGHTE,43.55,0.0021309739853240185
Scene01,RA-GCA-CGHTE,43.6,0.0016591498062563798
Scene01,RA-GCA-CGHTE,43.65,0.0012462956878678078
Scene01,RA-GCA-CGHTE,43.7,0.0008922417725753971
Scene01,RA-GCA-CGHTE,43.75,0.0005961993634026741
Scene01,RA-GCA-CGHTE,43.8,0.0003582217402641143
Scene01,RA-GCA-CGHTE,43.85,0.00018591551432374056
Scene01,RA-GCA-CGHTE,43.9,0.0001234556310649341
Scene01,RA-GCA-CGHTE,43.95,0.00017277977026307155
Scene01,RA-GCA-CGHTE,44.0,0.00023021714824865763
Scene01,RA-GCA-CGHTE,44.05,0.0002662750587275106
Scene01,RA-GCA-CGHTE,44.1,0.0002794600157048554
Scene01,RA-GCA-CGHTE,44.15,0.00027301442241272136
Scene01,RA-GCA-CGHTE,44.2,0.0002513982384146154
Scene01,RA-GCA-CGHTE,44.25,0.00021974597352516107
Scene01,RA-GCA-CGHTE,44.3,0.00018424399882476333
Scene01,RA-GCA-CGHTE,44.35,0.00015327136530195586
Scene01,RA-GCA-CGHTE,44.4,0.00013798907142990413
Scene01,RA-GCA-CGHTE,44.45,0.0001463954043703385
Scene01,RA-GCA-CGHTE,44.5,0.00017426482960400004
Scene01,RA-GCA-CGHTE,44.55,0.00021138446687589705
Scene01,RA-GCA-CGHTE,44.6,0.0002503061524670968
Scene01,RA-GCA-CGHTE,44.65,0.0002868922376085153
Scene01,RA-GCA-CGHTE,44.7,0.0003189134740497255
Scene01,RA-GCA-CGHTE,44.75,0.00034517411602220385
Scene01,RA-GCA-CGHTE,44.8,0.0003651032503124943
Scene01,RA-GCA-CGHTE,44.85,0.00037853138792159734
Scene01,RA-GCA-CGHTE,44.9,0.0003855829296390307
Scene01,RA-GCA-CGHTE,44.95,0.00038659354759114627
Scene01,RA-GCA-CGHTE,45.0,0.0003820525232082056
Scene01,RA-GCA-CGHTE,45.05,0.00037255712911109663
Scene01,RA-GCA-CGHTE,45.1,0.0003587749829647156
Scene01,RA-GCA-CGHTE,45.15,0.0003414124712728864
Scene01,RA-GCA-CGHTE,45.2,0.00032118816243235465
Scene01,RA-GCA-CGHTE,45.25,0.0002988107190024237
Scene01,RA-GCA-CGHTE,45.3,0.00027495656578402155
Scene01,RA-GCA-CGHTE,45.35,0.0002502749996976089
Scene01,RA-GCA-CGHTE,45.4,0.0002253471834408172
Scene01,RA-GCA-CGHTE,45.45,0.00020069687813296661
Scene01,RA-GCA-CGHTE,45.5,0.00017678532101583457
Scene01,RA-GCA-CGHTE,45.55,0.0001540075992215643
Scene01,RA-GCA-CGHTE,45.6,0.00013269332806677914
Scene01,RA-GCA-CGHTE,45.65,0.00011310920132923213
Scene01,RA-GCA-CGHTE,45.7,9.546265755262322e-05
Scene01,RA-GCA-CGHTE,45.75,7.992849890677822e-05
Scene01,RA-GCA-CGHTE,45.8,6.658003610773147e-05
Scene01,RA-GCA-CGHTE,45.85,5.545647365259549e-05
Scene01,RA-GCA-CGHTE,45.9,4.651932120713891e-05
Scene01,RA-GCA-CGHTE,45.95,3.963957721867573e-05
Scene01,RA-GCA-CGHTE,46.0,3.455759888362228e-05
Scene01,RA-GCA-CGHTE,46.05,3.0891102712537314e-05
Scene01,RA-GCA-CGHTE,46.1,2.818997877472896e-05
Scene01,RA-GCA-CGHTE,46.15,2.602761298838611e-05
Scene01,RA-GCA-CGHTE,46.2,2.4073352969904713e-05
Scene01,RA-GCA-CGHTE,46.25,2.210998503781776e-05
Scene01,RA-GCA-CGHTE,46.3,2.002564619703908e-05
Scene01,RA-GCA-CGHTE,46.35,1.7787516712114093e-05
Scene01,RA-GCA-CGHTE,46.4,1.541729746365381e-05
Scene01,RA-GCA-CGHTE,46.45,1.2974182661999661e-05
Scene01,RA-GCA-CGHTE,46.5,1.0548052696465831e-05
Scene01,RA-GCA-CGHTE,46.55,8.267846720447007e-06
Scene01,RA-GCA-CGHTE,46.6,6.336994970793968e-06
Scene01,RA-GCA-CGHTE,46.65,5.091357902139525e-06
Scene01,RA-GCA-CGHTE,46.7,4.884820975737476e-06
Scene01,RA-GCA-CGHTE,46.75,5.609466916514902e-06
Scene01,RA-GCA-CGHTE,46.8,6.7718830115694075e-06
Scene01,RA-GCA-CGHTE,46.85,8.007569460154985e-06
Scene01,RA-GCA-CGHTE,46.9,9.141466948875295e-06
Scene01,RA-GCA-CGHTE,46.95,1.0095966915073335e-05
Scene01,RA-GCA-CGHTE,47.0,1.083874635424776e-05
Scene01,RA-GCA-CGHTE,47.05,1.1358730836303732e-05
Scene01,RA-GCA-CGHTE,47.1,1.1662052394747472e-05
Scene01,RA-GCA-CGHTE,47.15,1.1761731722972984e-05
Scene01,RA-GCA-CGHTE,47.2,1.1675625123009244e-05
Scene01,RA-GCA-CGHTE,47.25,1.1425152035256544e-05
Scene01,RA-GCA-CGHTE,47.3,1.1033926860123488e-05
Scene01,RA-GCA-CGHTE,47.35,1.0526416291916077e-05
Scene01,RA-GCA-CGHTE,47.4,9.927333586966757e-06
Scene01,RA-GCA-CGHTE,47.45,9.26096356229057e-06
Scene01,RA-GCA-CGHTE,47.5,8.550476489404151e-06
Scene01,RA-GCA-CGHTE,47.55,7.817510310037696e-06
Scene01,RA-GCA-CGHTE,47.6,7.0818612204846725e-06
Scene01,RA-GCA-CGHTE,47.65,6.3613821161558605e-06
Scene01,RA-GCA-CGHTE,47.7,5.671597809414973e-06
Scene01,RA-GCA-CGHTE,47.75,5.025695702678784e-06
Scene01,RA-GCA-CGHTE,47.8,4.434461290868259e-06
Scene01,RA-GCA-CGHTE,47.85,3.906117223252723e-06
Scene01,RA-GCA-CGHTE,47.9,3.4460477469449905e-06
Scene01,RA-GCA-CGHTE,47.95,3.0563906311936843e-06
Scene01,RA-GCA-CGHTE,48.0,2.7355927467481713e-06
Scene01,RA-GCA-CGHTE,48.05,2.4781865045514405e-06
Scene01,RA-GCA-CGHTE,48.1,2.275145275509762e-06
Scene01,RA-GCA-CGHTE,48.15,2.115010611262553e-06
Scene01,RA-GCA-CGHTE,48.2,1.985576851400024e-06
Scene01,RA-GCA-CGHTE,48.25,1.8755587039944109e-06
Scene01,RA-GCA-CGHTE,48.3,1.7757460171711735e-06
Scene01,RA-GCA-CGHTE,48.35,1.679527736737455e-06
Scene01,RA-GCA-CGHTE,48.4,1.5828169021721665e-06
Scene01,RA-GCA-CGHTE,48.45,1.4836610112322268e-06
Scene01,RA-GCA-CGHTE,48.5,1.3817438520973708e-06
Scene01,RA-GCA-CGHTE,48.55,1.2779151338028663e-06
Scene01,RA-GCA-CGHTE,48.6,1.1738379873852225e-06
Scene01,RA-GCA-CGHTE,48.65,1.071578377465145e-06
Scene01,RA-GCA-CGHTE,48.7,9.73352075525532e-07
Scene01,RA-GCA-CGHTE,48.75,8.813300351647302e-07
Scene01,RA-GCA-CGHTE,48.8,7.975611906113521e-07
Scene01,RA-GCA-CGHTE,48.85,7.23685659235647e-07
Scene01,RA-GCA-CGHTE,48.9,6.607381947413424e-07
Scene01,RA-GCA-CGHTE,48.95,6.089387282459772e-07
Scene01,RA-GCA-CGHTE,49.0,5.676896111282689e-07
Scene01,RA-GCA-CGHTE,49.05,5.355866529404068e-07
Scene01,RA-GCA-CGHTE,49.1,5.106311447329403e-07
Scene01,RA-GCA-CGHTE,49.15,4.905924811090189e-07
Scene01,RA-GCA-CGHTE,49.2,4.733339838999735e-07
Scene01,RA-GCA-CGHTE,49.25,4.5705115549627326e-07
Scene01,RA-GCA-CGHTE,49.3,4.403852349012798e-07
Scene01,RA-GCA-CGHTE,49.35,4.224342447694089e-07
Scene01,RA-GCA-CGHTE,49.4,4.027028308223996e-07
Scene01,RA-GCA-CGHTE,49.45,3.8102664433716884e-07
Scene01,RA-GCA-CGHTE,49.5,3.574929107995565e-07
Scene01,RA-GCA-CGHTE,49.55,3.3236889860264523e-07
Scene01,RA-GCA-CGHTE,49.6,3.060414847298392e-07
Scene01,RA-GCA-CGHTE,49.65,2.789691273708147e-07
Scene01,RA-GCA-CGHTE,49.7,2.5164473528297917e-07
Scene01,RA-GCA-CGHTE,49.75,2.2456867804056676e-07
Scene01,RA-GCA-CGHTE,49.8,1.9823063704272138e-07
Scene01,RA-GCA-CGHTE,49.85,1.7309886176233776e-07
Scene01,RA-GCA-CGHTE,49.9,1.4961603203664338e-07
Scene01,RA-GCA-CGHTE,49.95,1.2820103003984986e-07
Scene01,RA-GCA-CGHTE,50.0,1.0924833923810088e-07
Scene04,PID,0.0,0.0
Scene04,PID,0.05,0.01499223840793254
Scene04,PID,0.1,0.029984628943514502
Scene04,PID,0.1499999999999999,0.044977183424034776
Scene04,PID,0.2,0.05996988959002551
Scene04,PID,0.25,0.07496274523921395
Scene04,PID,0.2999999999999999,0.089955744524687
Scene04,PID,0.35,0.10494888127755983
Scene04,PID,0.4,0.11994214912532122
Scene04,PID,0.45,0.1349355417781879
Scene04,PID,0.5,0.14992905303633394
Scene04,PID,0.55,0.16492267668171962
Scene04,PID,0.5999999999999999,0.1799164065080557
Scene04,PID,0.65,0.1949102363003498
Scene04,PID,0.7,0.20990415978535434
Scene04,PID,0.75,0.22489817070297322
Scene04,PID,0.8,0.23989226266546299
Scene04,PID,0.8499999999999999,0.2548864292582789
Scene04,PID,0.9,0.26988066427479573
Scene04,PID,0.95,0.28487496132364215
Scene04,PID,1.0,0.2998693136387191
Scene04,PID,1.05,0.3148637147847029
Scene04,PID,1.1,0.32985815799313
Scene04,PID,1.15,0.3448526367318277
Scene04,PID,1.2,0.3598471440197334
Scene04,PID,1.25,0.3748416731596211
Scene04,PID,1.3,0.3898362176537428
Scene04,PID,1.35,0.4048307696030855
Scene04,PID,1.4,0.4198253215114009
Scene04,PID,1.45,0.4348198661958548
Scene04,PID,1.5,0.4498143964357024
Scene04,PID,1.55,0.46480890478744413
Scene04,PID,1.6,0.47980338303706527
Scene04,PID,1.65,0.494797823870397
Scene04,PID,1.7,0.5097922197040226
Scene04,PID,1.75,0.5247865623212836
Scene04,PID,1.8,0.5397808433007706
Scene04,PID,1.85,0.5547750547197147
Scene04,PID,1.9,0.5697691882914868
Scene04,PID,1.95,0.5847632355814252
Scene04,PID,2.0,0.5997571873562956
Scene04,PID,2.05,0.6147510349473221
Scene04,PID,2.1,0.6297447692269333
Scene04,PID,2.15,0.6447383808543518
Scene04,PID,2.2,0.6597318602641363
Scene04,PID,2.25,0.6747251978431485
Scene04,PID,2.3000000000000003,0.6897183839665492
Scene04,PID,2.35,0.7047114085106526
Scene04,PID,2.4,0.7197042612983957
Scene04,PID,2.45,0.7346969319759737
Scene04,PID,2.5,0.7496894100128385
Scene04,PID,2.5500000000000003,0.7646816745192191
Scene04,PID,2.6,0.7796737269460319
Scene04,PID,2.65,0.7946655828567223
Scene04,PID,2.7,0.8096539403316299
Scene04,PID,2.75,0.82424506645648
Scene04,PID,2.8000000000000003,0.8374640405800061
Scene04,PID,2.85,0.8485051326696559
Scene04,PID,2.9,0.8568139571649672
Scene04,PID,2.95,0.8620418005651134
Scene04,PID,3.0,0.8640112726378584
Scene04,PID,3.0500000000000003,0.862677452999303
Scene04,PID,3.1,0.8580958682859273
Scene04,PID,3.15,0.8503969199541923
Scene04,PID,3.2,0.8397649116208724
Scene04,PID,3.25,0.8264239847770993
Scene04,PID,3.3000000000000003,0.8106216741922393
Scene04,PID,3.35,0.7926167931122986
Scene04,PID,3.4,0.7726741242794727
Scene04,PID,3.45,0.7510553902132586
Scene04,PID,3.5,0.7280183881495715
Scene04,PID,3.5500000000000003,0.7038111179792832
Scene04,PID,3.6,0.6786692259334237
Scene04,PID,3.65,0.652815377257663
Scene04,PID,3.7,0.626456941804562
Scene04,PID,3.75,0.5997838466291096
Scene04,PID,3.8,0.5729720235369761
Scene04,PID,3.85,0.5461793443347247
Scene04,PID,3.9,0.5195492768767137
Scene04,PID,3.95,0.493209051160152
Scene04,PID,4.0,0.4672717946105871
Scene04,PID,4.05,0.44183610597549405
Scene04,PID,4.1,0.4169872574232155
Scene04,PID,4.15,0.39279784836894616
Scene04,PID,4.2,0.3693285913061496
Scene04,PID,4.25,0.34662912359042075
Scene04,PID,4.3,0.32473911232090225
Scene04,PID,4.3500000000000005,0.30368862594486146
Scene04,PID,4.4,0.2834995913363212
Scene04,PID,4.45,0.2641860752093481
Scene04,PID,4.5,0.2457551353014975
Scene04,PID,4.55,0.22820795973797647
Scene04,PID,4.6000000000000005,0.21154001644358011
Scene04,PID,4.65,0.19574180288164156
Scene04,PID,4.7,0.18080024370818681
Scene04,PID,4.75,0.16669737654273287
Scene04,PID,4.8,0.15341317345378402
Scene04,PID,4.8500000000000005,0.14092502461524825
Scene04,PID,4.9,0.1292071793048275
Scene04,PID,4.95,0.1182335605761573
Scene04,PID,5.0,0.10797674320187078
Scene04,PID,5.05,0.08472512342566674
Scene04,PID,5.1000000000000005,0.0656828720875644
Scene04,PID,5.15,0.050345732214533534
Scene04,PID,5.2,0.038135531006316725
Scene04,PID,5.25,0.028567118455441246
Scene04,PID,5.3,0.021206238400830253
Scene04,PID,5.3500000000000005,0.01566507562030473
Scene04,PID,5.4,0.011612411048103299
Scene04,PID,5.45,0.00876187709358846
Scene04,PID,5.5,0.006876168428791037
Scene04,PID,5.55,0.005754220716970093
Scene04,PID,5.6000000000000005,0.005234011513010529
Scene04,PID,5.65,0.00516492687098571
Scene04,PID,5.7,0.005428611898651535
Scene04,PID,5.75,0.005933134504163792
Scene04,PID,5.8,0.006595053531792921
Scene04,PID,5.8500000000000005,0.007344421766137824
Scene04,PID,5.9,0.008139506533212614
Scene04,PID,5.95,0.008939999516049967
Scene04,PID,6.0,0.009716455362292162
Scene04,PID,6.05,0.010445465017189022
Scene04,PID,6.1000000000000005,0.011114482686303667
Scene04,PID,6.15,0.011710772294065926
Scene04,PID,6.2,0.01222791701168591
Scene04,PID,6.25,0.012661226184877531
Scene04,PID,6.3,0.013007497862574716
Scene04,PID,6.3500000000000005,0.013268958986648819
Scene04,PID,6.4,0.01344663055202178
Scene04,PID,6.45,0.013544774482751711
Scene04,PID,6.5,0.013568042088734302
Scene04,PID,6.55,0.013522076122572725
Scene04,PID,6.6000000000000005,0.013413044709329249
Scene04,PID,6.65,0.013247158148238737
Scene04,PID,6.7,0.0130309998588225
Scene04,PID,6.75,0.012770362199828302
Scene04,PID,6.8,0.012470429433198317
Scene04,PID,6.8500000000000005,0.012137843959248773
Scene04,PID,6.9,0.011777843141188793
Scene04,PID,6.95,0.011394308024785582
Scene04,PID,7.0,0.010991399696243187
Scene04,PID,7.05,0.010575106719738159
Scene04,PID,7.1000000000000005,0.010147868610788313
Scene04,PID,7.15,0.0097125245194849
Scene04,PID,7.2,0.009273667190767165
Scene04,PID,7.25,0.00883418543288439
Scene04,PID,7.3,0.008396498767481608
Scene04,PID,7.35,0.007963054791401802
Scene04,PID,7.4,0.007536047045413996
Scene04,PID,7.45,0.007117427138496835
Scene04,PID,7.5,0.0067089110660483176
Scene04,PID,7.55,0.006311779984399025
Scene04,PID,7.6,0.005927000469408084
Scene04,PID,7.65,0.00555548062523581
Scene04,PID,7.7,0.005197769806546627
Scene04,PID,7.75,0.004854459890917707
Scene04,PID,7.8,0.004526002100062377
Scene04,PID,7.85,0.004212329872407495
Scene04,PID,7.9,0.003913344635165352
Scene04,PID,7.95,0.0036289052163731594
Scene04,PID,8.0,0.0033593018548550035
Scene04,PID,8.05,0.0031040213091166912
Scene04,PID,8.099999999999998,0.002862762573592417
Scene04,PID,8.15,0.002635193866621369
Scene04,PID,8.199999999999998,0.002421348812521543
Scene04,PID,8.25,0.0022207474683249052
Scene04,PID,8.3,0.0020327857733142313
Scene04,PID,8.349999999999998,0.0018569021892791456
Scene04,PID,8.4,0.001692467235449917
Scene04,PID,8.449999999999998,0.0015397016396994138
Scene04,PID,8.5,0.0013978375645724624
Scene04,PID,8.55,0.0012661832199540922
Scene04,PID,8.599999999999998,0.0011441209119971208
Scene04,PID,8.65,0.0010309953620428807
Scene04,PID,8.700000000000001,0.0009264733649800914
Scene04,PID,8.75,0.0008303752066121173
Scene04,PID,8.8,0.000741921453994328
Scene04,PID,8.849999999999998,0.0006606299025315806
Scene04,PID,8.9,0.0005860424298436217
Scene04,PID,8.950000000000001,0.000517729982994827
Scene04,PID,9.0,0.00045524038412159964
Scene04,PID,9.05,0.00039812833620379325
Scene04,PID,9.1,0.0003460962287640346
Scene04,PID,9.15,0.00029883747061077803
Scene04,PID,9.2,0.00025609178997877246
Scene04,PID,9.25,0.00021764964561899895
Scene04,PID,9.3,0.00018335663789304969
Scene04,PID,9.35,0.0001519252576698376
Scene04,PID,9.4,0.00012370598035761334
Scene04,PID,9.45,9.847762304994223e-05
Scene04,PID,9.5,7.604372915671751e-05
Scene04,PID,9.55,5.623726278659853e-05
Scene04,PID,9.6,3.8921812643105e-05
Scene04,PID,9.65,2.388303460112215e-05
Scene04,PID,9.7,1.0438566044909572e-05
Scene04,PID,9.75,1.2112839462665259e-06
Scene04,PID,9.8,1.1204567824933208e-05
Scene04,PID,9.85,1.9662578393323903e-05
Scene04,PID,9.9,2.668984880228685e-05
Scene04,PID,9.95,3.237415255052238e-05
Scene04,PID,10.0,3.6786503487073895e-05
Scene04,PID,10.05,4.000419710783337e-05
Scene04,PID,10.1,4.224849392365142e-05
Scene04,PID,10.15,4.3655739984764634e-05
Scene04,PID,10.2,4.435718420779282e-05
Scene04,PID,10.25,4.44840755100206e-05
Scene04,PID,10.3,4.416766280873111e-05
Scene04,PID,10.35,4.3539195020983965e-05
Scene04,PID,10.4,4.2729921063837644e-05
Scene04,PID,10.45,4.1871089854794496e-05
Scene04,PID,10.5,4.0417642260294315e-05
Scene04,PID,10.55,3.8627548921390765e-05
Scene04,PID,10.6,3.673572055938648e-05
Scene04,PID,10.65,3.4797638086810155e-05
Scene04,PID,10.7,3.286354215485633e-05
Scene04,PID,10.75,3.097843315605074e-05
Scene04,PID,10.8,2.9182071221142715e-05
Scene04,PID,10.85,2.7508976221104552e-05
Scene04,PID,10.9,2.598842776713233e-05
Scene04,PID,10.95,2.4644465208647737e-05
Scene04,PID,11.0,2.3495887635961946e-05
Scene04,PID,11.05,2.1824317755219374e-05
Scene04,PID,11.1,1.9757310296934202e-05
Scene04,PID,11.15,1.7724627098101825e-05
Scene04,PID,11.2,1.574671218296598e-05
Scene04,PID,11.25,1.3844009575767007e-05
Scene04,PID,11.3,1.2036963300297907e-05
Scene04,PID,11.35,1.0346017380572061e-05
Scene04,PID,11.4,8.7916158410502e-06
Scene04,PID,11.45,7.394202705098456e-06
Scene04,PID,11.5,6.174221997236146e-06
Scene04,PID,11.55,5.152117741634066e-06
Scene04,PID,11.6,4.348333962859839e-06
Scene04,PID,11.65,3.5645328027106184e-06
Scene04,PID,11.7,2.6399850724848563e-06
Scene04,PID,11.75,1.8071481513995803e-06
Scene04,PID,11.8,1.0660220529169458e-06
Scene04,PID,11.85,4.1660687125746625e-07
Scene04,PID,11.9,1.4109872151786438e-07
Scene04,PID,11.95,6.070918750414903e-07
Scene04,PID,12.0,9.813747693603995e-07
Scene04,PID,12.05,1.2639469238791674e-06
Scene04,PID,12.1,1.4548083157641993e-06
Scene04,PID,12.15,1.5539589533380506e-06
Scene04,PID,12.2,1.5613988569543055e-06
Scene04,PID,12.25,1.4771280728474806e-06
Scene04,PID,12.3,1.3011467016886518e-06
Scene04,PID,12.35,1.2319798678414234e-06
Scene04,PID,12.4,1.1778807722967767e-06
Scene04,PID,12.45,1.1237816807222978e-06
Scene04,PID,12.5,1.0696825942318264e-06
Scene04,PID,12.55,1.0155835138598664e-06
Scene04,PID,12.6,9.614844403796894e-07
Scene04,PID,12.65,9.073853745798885e-07
Scene04,PID,12.7,8.532863186718894e-07
Scene04,PID,12.75,7.991872746194049e-07
Scene04,PID,12.8,7.450882447344251e-07
Scene04,PID,12.85,6.909892319004752e-07
Scene04,PID,12.9,6.368902414639646e-07
Scene04,PID,12.95,5.827912788723788e-07
Scene04,PID,13.0,5.286923529637018e-07
Scene04,PID,13.05,4.7459347628239165e-07
Scene04,PID,13.1,4.2049466805057953e-07
Scene04,PID,13.15,3.6639595804578097e-07
Scene04,PID,13.2,3.12297397652496e-07
Scene04,PID,13.25,2.581990809117524e-07
Scene04,PID,13.3,2.0410120179062942e-07
Scene04,PID,13.35,1.9246245221458062e-07
Scene04,PID,13.4,1.8391343849540875e-07
Scene04,PID,13.45,1.7536443383600616e-07
Scene04,PID,13.5,1.668154384508124e-07
Scene04,PID,13.55,1.582664550608285e-07
Scene04,PID,13.6,1.4971748497868527e-07
Scene04,PID,13.65,1.4116853088446953e-07
Scene04,PID,13.7,1.326195958700334e-07
Scene04,PID,13.75,1.240706841014133e-07
Scene04,PID,13.8,1.1552180024600407e-07
Scene04,PID,13.85,1.0697295127123315e-07
Scene04,PID,13.9,9.842414648803478e-08
Scene04,PID,13.95,8.987539799929404e-08
Scene04,PID,14.0,8.132672384942027e-08
Scene04,PID,14.05,7.277815045643282e-08
Scene04,PID,14.1,6.422971751799123e-08
Scene04,PID,14.15,5.5681490047750203e-08
Scene04,PID,14.2,4.7133580060035884e-08
Scene04,PID,14.25,3.8586198179346874e-08
Scene04,PID,14.3,3.003979476046973e-08
Scene04,PID,14.35,2.1495538109367648e-08
Scene04,PID,14.4,1.295767520146379e-08
Scene04,PID,14.45,4.463050086709121e-09
Scene04,PID,14.5,4.255652767307583e-09
Scene04,PID,14.55,1.2746632257301106e-08
Scene04,PID,14.6,2.128419555080302e-08
Scene04,PID,14.65,2.982836915185495e-08
Scene04,PID,14.7,3.8374738235390066e-08
Scene04,PID,14.75,4.692210306374877e-08
Scene04,PID,14.8,4.91406341743636e-08
Scene04,PID,14.85,4.8758757361471104e-08
Scene04,PID,14.9,4.837688106960014e-08
Scene04,PID,14.95,4.799500599316213e-08
Scene04,PID,15.0,4.761313282748292e-08
Scene04,PID,15.05,4.7231260714646957e-08
Scene04,PID,15.1,4.6849389685827476e-08
Scene04,PID,15.15,4.646751999525083e-08
Scene04,PID,15.2,4.6085651676183375e-08
Scene04,PID,15.25,4.5703784985032555e-08
Scene04,PID,15.3,4.532191951327669e-08
Scene04,PID,15.35,4.4940055741719215e-08
Scene04,PID,15.4,4.455819304227305e-08
Scene04,PID,15.45,4.4176332342377816e-08
Scene04,PID,15.5,4.379447323866171e-08
Scene04,PID,15.55,4.341261555121275e-08
Scene04,PID,15.6,4.303075976770984e-08
Scene04,PID,15.65,4.2648905711298233e-08
Scene04,PID,15.7,4.226705320675369e-08
Scene04,PID,15.75,4.188520252462484e-08
Scene04,PID,15.8,4.150335371521297e-08
Scene04,PID,15.85,4.112150705272237e-08
Scene04,PID,15.9,4.0739662147208745e-08
Scene04,PID,15.95,4.0357819498915484e-08
Scene04,PID,16.0,3.9975978500054284e-08
Scene04,PID,16.05,3.959414009933766e-08
Scene04,PID,16.1,3.9212303915621276e-08
Scene04,PID,16.15,3.8830469792269645e-08
Scene04,PID,16.2,3.844863824135716e-08
Scene04,PID,16.25,3.806680911157426e-08
Scene04,PID,16.3,3.768498203243684e-08
Scene04,PID,16.35,3.730315796870573e-08
Scene04,PID,16.4,3.692133633403904e-08
Scene04,PID,16.45,3.6539517655624224e-08
Scene04,PID,16.5,3.615770157599991e-08
Scene04,PID,16.55,3.577588862956204e-08
Scene04,PID,16.6,3.539407824439994e-08
Scene04,PID,16.65,3.50122714069983e-08
Scene04,PID,16.7,3.463046799797312e-08
Scene04,PID,16.75,3.4248667236388957e-08
Scene04,PID,16.8,3.3866870344522816e-08
Scene04,PID,16.85,3.3485076773425284e-08
Scene04,PID,16.9,3.31032868677206e-08
Scene04,PID,16.95,3.272150097775405e-08
Scene04,PID,17.0,3.233971879379831e-08
Scene04,PID,17.05,3.195794067867477e-08
Scene04,PID,17.1,3.157616700201263e-08
Scene04,PID,17.150000000000002,3.119439747453234e-08
Scene04,PID,17.2,3.0812632702801005e-08
Scene04,PID,17.25,3.051494068894655e-08
Scene04,PID,17.3,3.0270681097174116e-08
Scene04,PID,17.35,3.0026421528514505e-08
Scene04,PID,17.400000000000002,2.9782162205580803e-08
Scene04,PID,17.45,2.9537902906916087e-08
Scene04,PID,17.5,2.9293643633127445e-08
Scene04,PID,17.55,2.9049384162798006e-08
Scene04,PID,17.6,2.8805124940665325e-08
Scene04,PID,17.650000000000002,2.8560865745355992e-08
Scene04,PID,17.7,2.8316606577564154e-08
Scene04,PID,17.75,2.8072347438008095e-08
Scene04,PID,17.8,2.7828088327431337e-08
Scene04,PID,17.85,2.758382880251504e-08
Scene04,PID,17.900000000000002,2.7339569974278277e-08
Scene04,PID,17.95,2.7095310955369793e-08
Scene04,PID,18.0,2.68510519686901e-08
Scene04,PID,18.05,2.660679301512681e-08
Scene04,PID,18.1,2.6362533873556132e-08
Scene04,PID,18.15,2.6118274989021617e-08
Scene04,PID,18.2,2.587401614046996e-08
Scene04,PID,18.25,2.562975710688568e-08
Scene04,PID,18.3,2.5385498333425687e-08
Scene04,PID,18.35,2.5141239599155604e-08
Scene04,PID,18.4,2.489698090522888e-08
Scene04,PID,18.45,2.4652722252844678e-08
Scene04,PID,18.5,2.4408463643250165e-08
Scene04,PID,18.55,2.4164204633654554e-08
Scene04,PID,18.6,2.391994633562939e-08
Scene04,PID,18.65,2.3675687862404242e-08
Scene04,PID,18.7,2.3431429437488253e-08
Scene04,PID,18.75,2.318717106240813e-08
Scene04,PID,18.8,2.2942912516711476e-08
Scene04,PID,18.85,2.2698654246146738e-08
Scene04,PID,18.9,2.245439625244632e-08
Scene04,PID,18.95,2.2210137649242673e-08
Scene04,PID,19.0,2.1965879770689223e-08
Scene04,PID,19.05,2.1721621508539886e-08
Scene04,PID,19.1,2.1477363530990616e-08
Scene04,PID,19.15,2.1233105618156263e-08
Scene04,PID,19.2,2.0988847772296184e-08
Scene04,PID,19.25,2.0744589551688384e-08
Scene04,PID,19.3,2.050033206903084e-08
Scene04,PID,19.35,2.0256074438746056e-08
Scene04,PID,19.4,2.001181688560283e-08
Scene04,PID,19.45,1.9767559412460755e-08
Scene04,PID,19.5,1.952330180027882e-08
Scene04,PID,19.55,1.927904449629937e-08
Scene04,PID,19.6,1.903478750383909e-08
Scene04,PID,19.65,1.879052993821274e-08
Scene04,PID,19.7,1.8546273135355094e-08
Scene04,PID,19.75,1.83020159889174e-08
Scene04,PID,19.8,1.8057759169108796e-08
Scene04,PID,19.85,1.7813502458187934e-08
Scene04,PID,19.9,1.7569245860696256e-08
Scene04,PID,19.95,1.732498938143131e-08
Scene04,PID,20.0,1.7080732803421844e-08
Scene04,PID,20.05,1.6836476576120658e-08
Scene04,PID,20.1,1.659222048316675e-08
Scene04,PID,20.15,1.6347964530581998e-08
Scene04,PID,20.2,1.61037085027107e-08
Scene04,PID,20.25,1.5859452850419496e-08
Scene04,PID,20.3,1.5615197580913106e-08
Scene04,PID,20.35,1.5370941813683513e-08
Scene04,PID,20.4,1.5126686889144854e-08
Scene04,PID,20.45,1.4882431705777321e-08
Scene04,PID,20.5,1.4638176938982266e-08
Scene04,PID,20.55,1.4393922376620228e-08
Scene04,PID,20.6,1.4149668029278107e-08
Scene04,PID,20.65,1.3905413908286641e-08
Scene04,PID,20.7,1.3661159803745082e-08
Scene04,PID,20.75,1.3416906172762423e-08
Scene04,PID,20.8,1.317265280728793e-08
Scene04,PID,20.85,1.2928399722370163e-08
Scene04,PID,20.9,1.2684146490134472e-08
Scene04,PID,20.95,1.2439894238267453e-08
Scene04,PID,21.0,1.2195642319525975e-08
Scene04,PID,21.05,1.1951390088212824e-08
Scene04,PID,21.1,1.170713889870074e-08
Scene04,PID,21.15,1.1462887664802292e-08
Scene04,PID,21.2,1.1218637078744646e-08
Scene04,PID,21.25,1.0974386946917902e-08
Scene04,PID,21.3,1.0730137300341035e-08
Scene04,PID,21.35,1.048588817292308e-08
Scene04,PID,21.4,1.0358948319987534e-08
Scene04,PID,21.45,1.0291854664775368e-08
Scene04,PID,21.5,1.0224761045007468e-08
Scene04,PID,21.55,1.015766723934727e-08
Scene04,PID,21.6,1.0090573692593563e-08
Scene04,PID,21.65,1.002347996140877e-08
Scene04,PID,21.7,9.956386490631247e-09
Scene04,PID,21.75,9.889293059002928e-09
Scene04,PID,21.8,9.822199445286763e-09
Scene04,PID,21.85,9.755106316425002e-09
Scene04,PID,21.9,9.688012785107435e-09
Scene04,PID,21.95,9.620919296283466e-09
Scene04,PID,22.0,9.553826294927584e-09
Scene04,PID,22.05,9.486732893802066e-09
Scene04,PID,22.1,9.419639537932799e-09
Scene04,PID,22.15,9.352546450333611e-09
Scene04,PID,22.2,9.285453409966936e-09
Scene04,PID,22.25,9.218359973784061e-09
Scene04,PID,22.3,9.151267253046495e-09
Scene04,PID,22.35,9.084174582727352e-09
Scene04,PID,22.4,9.017081075791099e-09
Scene04,PID,22.45,8.949988509718539e-09
Scene04,PID,22.5,8.882895775502815e-09
Scene04,PID,22.55,8.815802874374252e-09
Scene04,PID,22.6,8.748710251682016e-09
Scene04,PID,22.65,8.681617686693217e-09
Scene04,PID,22.7,8.614524958715385e-09
Scene04,PID,22.75,8.54743229117964e-09
Scene04,PID,22.8,8.480340129602268e-09
Scene04,PID,22.85,8.413247587300323e-09
Scene04,PID,22.9,8.346155331924307e-09
Scene04,PID,22.95,8.279063143010817e-09
Scene04,PID,23.0,8.211970800147705e-09
Scene04,PID,23.05,8.144878749099887e-09
Scene04,PID,23.1,8.07778654752356e-09
Scene04,PID,23.15,8.01069464129808e-09
Scene04,PID,23.2,7.943602810239742e-09
Scene04,PID,23.25,7.876511056269361e-09
Scene04,PID,23.3,7.809419159332173e-09
Scene04,PID,23.35,7.742327565566957e-09
Scene04,PID,23.4,7.675236055059759e-09
Scene04,PID,23.45,7.608144407971401e-09
Scene04,PID,23.5,7.541053070666365e-09
Scene04,PID,23.55,7.473961823465818e-09
Scene04,PID,23.6,7.406870446776291e-09
Scene04,PID,23.65,7.339779387219664e-09
Scene04,PID,23.7,7.272688425385699e-09
Scene04,PID,23.75,7.205597564004068e-09
Scene04,PID,23.8,7.1385065838648745e-09
Scene04,PID,23.85,7.071415931992204e-09
Scene04,PID,23.9,7.004325389396324e-09
Scene04,PID,23.95,6.9372347372053844e-09
Scene04,PID,24.0,6.870144422798304e-09
Scene04,PID,24.05,6.803054227557062e-09
Scene04,PID,24.1,6.735964155042333e-09
Scene04,PID,24.15,6.668873986915596e-09
Scene04,PID,24.2,6.601784171116279e-09
Scene04,PID,24.25,6.5346944896147355e-09
Scene04,PID,24.3,6.467604724547707e-09
Scene04,PID,24.35,6.400515324354776e-09
Scene04,PID,24.4,6.333425849489852e-09
Scene04,PID,24.45,6.266336748771449e-09
Scene04,PID,24.5,6.199247805095277e-09
Scene04,PID,24.55,6.132158801573131e-09
Scene04,PID,24.6,6.0650704097151355e-09
Scene04,PID,24.65,5.997981746974253e-09
Scene04,PID,24.7,5.930893263313277e-09
Scene04,PID,24.75,5.863805186921307e-09
Scene04,PID,24.8,5.79671730218694e-09
Scene04,PID,24.85,5.72962939380011e-09
Scene04,PID,24.9,5.6625419128969985e-09
Scene04,PID,24.95,5.5954548668669274e-09
Scene04,PID,25.0,5.528367153246936e-09
Scene04,PID,25.05,5.461280556503629e-09
Scene04,PID,25.1,5.3941941970011635e-09
Scene04,PID,25.15,5.327107417576942e-09
Scene04,PID,25.2,5.260021337861035e-09
Scene04,PID,25.25,5.192935523676498e-09
Scene04,PID,25.3,5.12584976340752e-09
Scene04,PID,25.35,5.058764290074489e-09
Scene04,PID,25.4,4.991679559328312e-09
Scene04,PID,25.45,4.924594695203454e-09
Scene04,PID,25.5,4.857510376695994e-09
Scene04,PID,25.55,4.790426395358799e-09
Scene04,PID,25.6,4.723342543517937e-09
Scene04,PID,25.65,4.656259280447806e-09
Scene04,PID,25.7,4.5891761781509105e-09
Scene04,PID,25.75,4.5220936977429384e-09
Scene04,PID,25.8,4.455011635246623e-09
Scene04,PID,25.85,4.387929787790657e-09
Scene04,PID,25.9,4.320848619809045e-09
Scene04,PID,25.95,4.253767930904163e-09
Scene04,PID,26.0,4.186687744103856e-09
Scene04,PID,26.05,4.119607861899537e-09
Scene04,PID,26.1,4.052528754515382e-09
Scene04,PID,26.15,3.985450227826376e-09
Scene04,PID,26.2,3.918372089621229e-09
Scene04,PID,26.25,3.851294815868908e-09
Scene04,PID,26.3,3.784218218696248e-09
Scene04,PID,26.35,3.717142334730307e-09
Scene04,PID,26.4,3.6500669812597785e-09
Scene04,PID,26.45,3.582992644609157e-09
Scene04,PID,26.5,3.5159191482344352e-09
Scene04,PID,26.55,3.448846319134333e-09
Scene04,PID,26.6,3.3817746542774624e-09
Scene04,PID,26.65,3.314703766808374e-09
Scene04,PID,26.7,3.2476341626958873e-09
Scene04,PID,26.75,3.1805656870567854e-09
Scene04,PID,26.8,3.1134981907991297e-09
Scene04,PID,26.85,3.04643241932322e-09
Scene04,PID,26.9,2.9793675710512737e-09
Scene04,PID,26.95,2.9123041844739883e-09
Scene04,PID,27.0,2.8452425849571477e-09
Scene04,PID,27.05,2.7781826638218642e-09
Scene04,PID,27.1,2.711124101610618e-09
Scene04,PID,27.15,2.6440681455088987e-09
Scene04,PID,27.2,2.577014280951354e-09
Scene04,PID,27.25,2.5099617876110745e-09
Scene04,PID,27.3,2.442912627441988e-09
Scene04,PID,27.35,2.3758661194887913e-09
Scene04,PID,27.4,2.30882182889173e-09
Scene04,PID,27.45,2.2417811242214494e-09
Scene04,PID,27.5,2.1747438520943116e-09
Scene04,PID,27.55,2.1077101180854715e-09
Scene04,PID,27.6,2.0406805147014163e-09
Scene04,PID,27.65,1.973655906653452e-09
Scene04,PID,27.7,1.9066358862069625e-09
Scene04,PID,27.75,1.8396216690542584e-09
Scene04,PID,27.8,1.7726136662830763e-09
Scene04,PID,27.85,1.7056123884528873e-09
Scene04,PID,27.9,1.6386191314617002e-09
Scene04,PID,27.95,1.5716344489218923e-09
Scene04,PID,28.0,1.5046599592915118e-09
Scene04,PID,28.05,1.4376968342143748e-09
Scene04,PID,28.1,1.370746517486746e-09
Scene04,PID,28.15,1.303811459884336e-09
Scene04,PID,28.2,1.2368938808997287e-09
Scene04,PID,28.25,1.1699967795880672e-09
Scene04,PID,28.3,1.1031236599473921e-09
Scene04,PID,28.35,1.036279650713921e-09
Scene04,PID,28.4,9.694705058894723e-10
Scene04,PID,28.45,9.027037452703703e-10
Scene04,PID,28.5,8.359900195216191e-10
Scene04,PID,28.55,7.693428466634026e-10
Scene04,PID,28.6,7.027811612744935e-10
Scene04,PID,28.65,6.363315703115522e-10
Scene04,PID,28.7,5.700337937474619e-10
Scene04,PID,28.75,5.039474442944117e-10
Scene04,PID,28.8,4.575708452916563e-10
Scene04,PID,28.85,4.4136925629032693e-10
Scene04,PID,28.9,4.2517466860395824e-10
Scene04,PID,28.95,4.0898791392111967e-10
Scene04,PID,29.0,3.928097431809752e-10
Scene04,PID,29.05,3.766419427204543e-10
Scene04,PID,29.1,3.6048498029026816e-10
Scene04,PID,29.15,3.443410940965973e-10
Scene04,PID,29.2,3.282119644974301e-10
Scene04,PID,29.25,3.120996634725982e-10
Scene04,PID,29.3,2.960074064602522e-10
Scene04,PID,29.35,2.7993818171953626e-10
Scene04,PID,29.4,2.6389688065439245e-10
Scene04,PID,29.45,2.478879826020543e-10
Scene04,PID,29.5,2.3191892940386624e-10
Scene04,PID,29.55,2.159982967525637e-10
Scene04,PID,29.6,2.0013764031544804e-10
Scene04,PID,29.65,1.8435244079999786e-10
Scene04,PID,29.7,1.6866367843850272e-10
Scene04,PID,29.75,1.5310168714041263e-10
Scene04,PID,29.8,1.377084891900759e-10
Scene04,PID,29.85,1.225484741259455e-10
Scene04,PID,29.9,1.0771965700390257e-10
Scene04,PID,29.95,9.338043266454679e-11
Scene04,PID,30.0,7.979487697246907e-11
Scene04,RA-GCA-CGHTE,0.0,0.0
Scene04,RA-GCA-CGHTE,0.05,0.0143406185975966
Scene04,RA-GCA-CGHTE,0.1,0.026316491489821098
Scene04,RA-GCA-CGHTE,0.15,0.0365774460358919
Scene04,RA-GCA-CGHTE,0.2,0.0452730435339132
Scene04,RA-GCA-CGHTE,0.25,0.0525406635606328
Scene04,RA-GCA-CGHTE,0.3,0.0585103649626946
Scene04,RA-GCA-CGHTE,0.35,0.0633048818236781
Scene04,RA-GCA-CGHTE,0.4,0.0670396807446336
Scene04,RA-GCA-CGHTE,0.45,0.06982306478778161
Scene04,RA-GCA-CGHTE,0.5,0.07175631539210299
Scene04,RA-GCA-CGHTE,0.55,0.07293386647749851
Scene04,RA-GCA-CGHTE,0.6,0.07344350475869309
Scene04,RA-GCA-CGHTE,0.65,0.07336659192949911
Scene04,RA-GCA-CGHTE,0.7000000000000001,0.07277830415874179
Scene04,RA-GCA-CGHTE,0.75,0.07174788516366451
Scene04,RA-GCA-CGHTE,0.8,0.07033890911997889
Scene04,RA-GCA-CGHTE,0.85,0.06860955036740451
Scene04,RA-GCA-CGHTE,0.9,0.0666128574402654
Scene04,RA-GCA-CGHTE,0.95,0.06439702798905148
Scene04,RA-GCA-CGHTE,1.0,0.06200568421372668
Scene04,RA-GCA-CGHTE,1.05,0.059478144424813195
Scene04,RA-GCA-CGHTE,1.1,0.05684969207754981
Scene04,RA-GCA-CGHTE,1.15,0.054151838011073095
Scene04,RA-GCA-CGHTE,1.2,0.05141257677709088
Scene04,RA-GCA-CGHTE,1.25,0.04865663520092223
Scene04,RA-GCA-CGHTE,1.3,0.045905712475170835
Scene04,RA-GCA-CGHTE,1.35,0.043178711247641666
Scene04,RA-GCA-CGHTE,1.4,0.040491959147408496
Scene04,RA-GCA-CGHTE,1.45,0.037859420470307714
Scene04,RA-GCA-CGHTE,1.5,0.035292897683869506
Scene04,RA-GCA-CGHTE,1.55,0.03280222257788712
Scene04,RA-GCA-CGHTE,1.6,0.030395437128302283
Scene04,RA-GCA-CGHTE,1.65,0.028078964414055108
Scene04,RA-GCA-CGHTE,1.7,0.025857768637756795
Scene04,RA-GCA-CGHTE,1.75,0.023735505421755843
Scene04,RA-GCA-CGHTE,1.8,0.021714662330477474
Scene04,RA-GCA-CGHTE,1.85,0.01979669047214605
Scene04,RA-GCA-CGHTE,1.9,0.017982185809167994
Scene04,RA-GCA-CGHTE,1.95,0.016270759870256057
Scene04,RA-GCA-CGHTE,2.0,0.01466150742262795
Scene04,RA-GCA-CGHTE,2.05,0.01315285986161574
Scene04,RA-GCA-CGHTE,2.1,0.011742733558212537
Scene04,RA-GCA-CGHTE,2.15,0.01042860961283576
Scene04,RA-GCA-CGHTE,2.2,0.00920760837754464
Scene04,RA-GCA-CGHTE,2.25,0.008076554657509227
Scene04,RA-GCA-CGHTE,2.3000000000000003,0.007032038448645196
Scene04,RA-GCA-CGHTE,2.35,0.006070468900430393
Scene04,RA-GCA-CGHTE,2.4,0.005188122829645426
Scene04,RA-GCA-CGHTE,2.45,0.004381188001778003
Scene04,RA-GCA-CGHTE,2.5,0.003645801550796414
Scene04,RA-GCA-CGHTE,2.5500000000000003,0.0029780838569630785
Scene04,RA-GCA-CGHTE,2.6,0.0023741682375608723
Scene04,RA-GCA-CGHTE,2.65,0.0018302267679594123
Scene04,RA-GCA-CGHTE,2.7,0.0013424925370666473
Scene04,RA-GCA-CGHTE,2.75,0.0009072786567688811
Scene04,RA-GCA-CGHTE,2.8000000000000003,0.0005209942562812854
Scene04,RA-GCA-CGHTE,2.85,0.00018015777772444077
Scene04,RA-GCA-CGHTE,2.9,0.00011859220116933764
Scene04,RA-GCA-CGHTE,2.95,0.0003784883744944082
Scene04,RA-GCA-CGHTE,3.0,0.0006026281234433711
Scene04,RA-GCA-CGHTE,3.0500000000000003,0.000793968781612427
Scene04,RA-GCA-CGHTE,3.1,0.0009553243215579874
Scene04,RA-GCA-CGHTE,3.15,0.001089363635136013
Scene04,RA-GCA-CGHTE,3.2,0.001198610166804451
Scene04,RA-GCA-CGHTE,3.25,0.0012854424098336394
Scene04,RA-GCA-CGHTE,3.3000000000000003,0.0013520954852238606
Scene04,RA-GCA-CGHTE,3.35,0.0014006633390157856
Scene04,RA-GCA-CGHTE,3.4,0.0014331020879185818
Scene04,RA-GCA-CGHTE,3.45,0.0014512328041793596
Scene04,RA-GCA-CGHTE,3.5,0.0014567484149365934
Scene04,RA-GCA-CGHTE,3.5500000000000003,0.0014512142286069456
Scene04,RA-GCA-CGHTE,3.6,0.0014360754812430267
Scene04,RA-GCA-CGHTE,3.65,0.0014126617391321265
Scene04,RA-GCA-CGHTE,3.7,0.0013821919183110156
Scene04,RA-GCA-CGHTE,3.75,0.0013457807413870262
Scene04,RA-GCA-CGHTE,3.8,0.0013044424995976023
Scene04,RA-GCA-CGHTE,3.85,0.001259097864637404
Scene04,RA-GCA-CGHTE,3.9,0.0012105786324032586
Scene04,RA-GCA-CGHTE,3.95,0.0011596333727028618
Scene04,RA-GCA-CGHTE,4.0,0.0011069326541937041
Scene04,RA-GCA-CGHTE,4.05,0.0010530741889094308
Scene04,RA-GCA-CGHTE,4.1,0.0009985878704135143
Scene04,RA-GCA-CGHTE,4.15,0.0009439406310598476
Scene04,RA-GCA-CGHTE,4.2,0.0008895411392368936
Scene04,RA-GCA-CGHTE,4.25,0.0008357442943753847
Scene04,RA-GCA-CGHTE,4.3,0.000782855586678677
Scene04,RA-GCA-CGHTE,4.3500000000000005,0.0007311351312744299
Scene04,RA-GCA-CGHTE,4.4,0.000680803553180676
Scene04,RA-GCA-CGHTE,4.45,0.0006320391189968971
Scene04,RA-GCA-CGHTE,4.5,0.0005849887326605526
Scene04,RA-GCA-CGHTE,4.55,0.0005397693226356646
Scene04,RA-GCA-CGHTE,4.6000000000000005,0.0004964691453821512
Scene04,RA-GCA-CGHTE,4.65,0.00045515570163035115
Scene04,RA-GCA-CGHTE,4.7,0.00041586200089605116
Scene04,RA-GCA-CGHTE,4.75,0.00037863022399564676
Scene04,RA-GCA-CGHTE,4.8,0.0003434665353556643
Scene04,RA-GCA-CGHTE,4.8500000000000005,0.0003103401053019592
Scene04,RA-GCA-CGHTE,4.9,0.00027920650237757573
Scene04,RA-GCA-CGHTE,4.95,0.00025004859478520086
Scene04,RA-GCA-CGHTE,5.0,0.00022282763178688693
Scene04,RA-GCA-CGHTE,5.05,0.014224604891033056
Scene04,RA-GCA-CGHTE,5.1000000000000005,0.026325863083573434
Scene04,RA-GCA-CGHTE,5.15,0.036700405676104
Scene04,RA-GCA-CGHTE,5.2,0.04549424903008359
Scene04,RA-GCA-CGHTE,5.25,0.05284604514968061
Scene04,RA-GCA-CGHTE,5.3,0.05888704849542959
Scene04,RA-GCA-CGHTE,5.3500000000000005,0.0637411246953905
Scene04,RA-GCA-CGHTE,5.4,0.06752481074102512
Scene04,RA-GCA-CGHTE,5.45,0.07034741980517745
Scene04,RA-GCA-CGHTE,5.5,0.07231118359984712
Scene04,RA-GCA-CGHTE,5.55,0.07351142719905912
Scene04,RA-GCA-CGHTE,5.6000000000000005,0.07403677076412542
Scene04,RA-GCA-CGHTE,5.65,0.0739693530464327
Scene04,RA-GCA-CGHTE,5.7,0.07338507257524429
Scene04,RA-GCA-CGHTE,5.75,0.07235384253688638
Scene04,RA-GCA-CGHTE,5.8,0.07093985563791128
Scene04,RA-GCA-CGHTE,5.8500000000000005,0.06920185603659991
Scene04,RA-GCA-CGHTE,5.9,0.0671934150754725
Scene04,RA-GCA-CGHTE,5.95,0.06496320928383992
Scene04,RA-GCA-CGHTE,6.0,0.06255529707633789
Scene04,RA-GCA-CGHTE,6.05,0.06000939332594491
Scene04,RA-GCA-CGHTE,6.1000000000000005,0.057361140306269716
Scene04,RA-GCA-CGHTE,6.15,0.05464237215622236
Scene04,RA-GCA-CGHTE,6.2,0.051881373578378964
Scene04,RA-GCA-CGHTE,6.25,0.0491031305099463
Scene04,RA-GCA-CGHTE,6.3,0.046329572296122556
Scene04,RA-GCA-CGHTE,6.3500000000000005,0.04357980484293811
Scene04,RA-GCA-CGHTE,6.4,0.040870334073944026
Scene04,RA-GCA-CGHTE,6.45,0.03821527962649762
Scene04,RA-GCA-CGHTE,6.5,0.0356265780542071
Scene04,RA-GCA-CGHTE,6.55,0.033114175807588575
Scene04,RA-GCA-CGHTE,6.6000000000000005,0.030686211716678624
Scene04,RA-GCA-CGHTE,6.65,0.028349189523083185
Scene04,RA-GCA-CGHTE,6.7,0.02610813933766809
Scene04,RA-GCA-CGHTE,6.75,0.023966769378195973
Scene04,RA-GCA-CGHTE,6.8,0.021927609595902897
Scene04,RA-GCA-CGHTE,6.8500000000000005,0.019992137332289106
Scene04,RA-GCA-CGHTE,6.9,0.018160909702478634
Scene04,RA-GCA-CGHTE,6.95,0.016433672147367684
Scene04,RA-GCA-CGHTE,7.0,0.014809464652528304
Scene04,RA-GCA-CGHTE,7.05,0.01328671208563792
Scene04,RA-GCA-CGHTE,7.1000000000000005,0.01186332460957229
Scene04,RA-GCA-CGHTE,7.15,0.0105367700780985
Scene04,RA-GCA-CGHTE,7.2,0.009304151612205658
Scene04,RA-GCA-CGHTE,7.25,0.008162272985654973
Scene04,RA-GCA-CGHTE,7.3,0.007107700278362161
Scene04,RA-GCA-CGHTE,7.35,0.0061368163086408245
Scene04,RA-GCA-CGHTE,7.4,0.005245869640994494
Scene04,RA-GCA-CGHTE,7.45,0.00443101831213677
Scene04,RA-GCA-CGHTE,7.5,0.003688368650036411
Scene04,RA-GCA-CGHTE,7.55,0.0030140095078536877
Scene04,RA-GCA-CGHTE,7.6,0.002404042270725215
Scene04,RA-GCA-CGHTE,7.65,0.0018546069545621882
Scene04,RA-GCA-CGHTE,7.7,0.0013619047077866322
Scene04,RA-GCA-CGHTE,7.75,0.000922217024731831
Scene04,RA-GCA-CGHTE,7.8,0.0005319219346073827
Scene04,RA-GCA-CGHTE,7.85,0.00018750744507789563
Scene04,RA-GCA-CGHTE,7.9,0.00011441750169250003
Scene04,RA-GCA-CGHTE,7.95,0.0003771143278712422
Scene04,RA-GCA-CGHTE,8.0,0.0006037081464342899
Scene04,RA-GCA-CGHTE,8.05,0.000797182905177607
Scene04,RA-GCA-CGHTE,8.1,0.0009603782253599924
Scene04,RA-GCA-CGHTE,8.15,0.0010959873540390408
Scene04,RA-GCA-CGHTE,8.2,0.0012065568910926139
Scene04,RA-GCA-CGHTE,8.25,0.0012944873556219871
Scene04,RA-GCA-CGHTE,8.3,0.0013620346289264784
Scene04,RA-GCA-CGHTE,8.35,0.0014113123208974176
Scene04,RA-GCA-CGHTE,8.4,0.0014442947067550005
Scene04,RA-GCA-CGHTE,8.45,0.001462820807412779
Scene04,RA-GCA-CGHTE,8.5,0.0014685990063139087
Scene04,RA-GCA-CGHTE,8.55,0.0014632098158888773
Scene04,RA-GCA-CGHTE,8.6,0.0014481124059428918
Scene04,RA-GCA-CGHTE,8.65,0.0014246492376905895
Scene04,RA-GCA-CGHTE,8.700000000000001,0.0013940512586700926
Scene04,RA-GCA-CGHTE,8.75,0.0013574438680670209
Scene04,RA-GCA-CGHTE,8.8,0.0013158515313484997
Scene04,RA-GCA-CGHTE,8.85,0.0012702040865402164
Scene04,RA-GCA-CGHTE,8.9,0.001221341677741794
Scene04,RA-GCA-CGHTE,8.950000000000001,0.0011700204505751266
Scene04,RA-GCA-CGHTE,9.0,0.0011169178164411875
Scene04,RA-GCA-CGHTE,9.05,0.0010626376431825957
Scene04,RA-GCA-CGHTE,9.1,0.0010077153375869232
Scene04,RA-GCA-CGHTE,9.15,0.0009526227468195099
Scene04,RA-GCA-CGHTE,9.2,0.0008977728937003003
Scene04,RA-GCA-CGHTE,9.25,0.0008435245135935979
Scene04,RA-GCA-CGHTE,9.3,0.000790186447902965
Scene04,RA-GCA-CGHTE,9.35,0.0007380217508301559
Scene04,RA-GCA-CGHTE,9.4,0.000687252551518916
Scene04,RA-GCA-CGHTE,9.45,0.0006380612498690963
Scene04,RA-GCA-CGHTE,9.5,0.0005905954910123727
Scene04,RA-GCA-CGHTE,9.55,0.0005449737303373539
Scene04,RA-GCA-CGHTE,9.6,0.000501285425253298
Scene04,RA-GCA-CGHTE,9.65,0.0004595992287039797
Scene04,RA-GCA-CGHTE,9.7,0.0004199484669649158
Scene04,RA-GCA-CGHTE,9.75,0.0003823716940700725
Scene04,RA-GCA-CGHTE,9.8,0.00034688473285471376
Scene04,RA-GCA-CGHTE,9.85,0.0003134516088305622
Scene04,RA-GCA-CGHTE,9.9,0.0002820281207545076
Scene04,RA-GCA-CGHTE,9.95,0.00025259723421089473
Scene04,RA-GCA-CGHTE,10.0,0.0002251198532712283
Scene04,RA-GCA-CGHTE,10.05,0.0001995324350472323
Scene04,RA-GCA-CGHTE,10.1,0.00017578146531965956
Scene04,RA-GCA-CGHTE,10.15,0.00015380377721370566
Scene04,RA-GCA-CGHTE,10.2,0.0001335298649933319
Scene04,RA-GCA-CGHTE,10.25,0.00011488696634998541
Scene04,RA-GCA-CGHTE,10.3,9.779998949781913e-05
Scene04,RA-GCA-CGHTE,10.35,8.219234425221432e-05
Scene04,RA-GCA-CGHTE,10.4,6.798667652873368e-05
Scene04,RA-GCA-CGHTE,10.45,5.51055161539515e-05
Scene04,RA-GCA-CGHTE,10.5,4.347184100165571e-05
Scene04,RA-GCA-CGHTE,10.55,3.3009568395641415e-05
Scene04,RA-GCA-CGHTE,10.6,2.364397336956723e-05
Scene04,RA-GCA-CGHTE,10.65,1.530204754480663e-05
Scene04,RA-GCA-CGHTE,10.7,7.912800021461533e-06
Scene04,RA-GCA-CGHTE,10.75,1.4075072625769348e-06
Scene04,RA-GCA-CGHTE,10.8,4.280087770875471e-06
Scene04,RA-GCA-CGHTE,10.85,9.2136216372308e-06
Scene04,RA-GCA-CGHTE,10.9,1.345399928187195e-05
Scene04,RA-GCA-CGHTE,10.95,1.705928926309134e-05
Scene04,RA-GCA-CGHTE,11.0,2.008468603657824e-05
Scene04,RA-GCA-CGHTE,11.05,2.2580394851954543e-05
Scene04,RA-GCA-CGHTE,11.1,2.45977052210118e-05
Scene04,RA-GCA-CGHTE,11.15,2.6183722720574155e-05
Scene04,RA-GCA-CGHTE,11.2,2.7382461138312214e-05
Scene04,RA-GCA-CGHTE,11.25,2.8234956085379027e-05
Scene04,RA-GCA-CGHTE,11.3,2.8778616011727527e-05
Scene04,RA-GCA-CGHTE,11.35,2.9048688157555632e-05
Scene04,RA-GCA-CGHTE,11.4,2.907805146004496e-05
Scene04,RA-GCA-CGHTE,11.45,2.889712696234676e-05
Scene04,RA-GCA-CGHTE,11.5,2.853395759093557e-05
Scene04,RA-GCA-CGHTE,11.55,2.8014308712521424e-05
Scene04,RA-GCA-CGHTE,11.6,2.7361779483971667e-05
Scene04,RA-GCA-CGHTE,11.65,2.6597912410785658e-05
Scene04,RA-GCA-CGHTE,11.7,2.5742299896995043e-05
Scene04,RA-GCA-CGHTE,11.75,2.481269009176907e-05
Scene04,RA-GCA-CGHTE,11.8,2.3825102674605437e-05
Scene04,RA-GCA-CGHTE,11.85,2.2793933044230393e-05
Scene04,RA-GCA-CGHTE,11.9,2.173204812757693e-05
Scene04,RA-GCA-CGHTE,11.95,2.0650804693612824e-05
Scene04,RA-GCA-CGHTE,12.0,1.9560446173018744e-05
Scene04,RA-GCA-CGHTE,12.05,1.8470001228925562e-05
Scene04,RA-GCA-CGHTE,12.1,1.7387210434301408e-05
Scene04,RA-GCA-CGHTE,12.15,1.6318841287878356e-05
Scene04,RA-GCA-CGHTE,12.2,1.5270530773221515e-05
Scene04,RA-GCA-CGHTE,12.25,1.4247212517752303e-05
Scene04,RA-GCA-CGHTE,12.3,1.325303499364497e-05
Scene04,RA-GCA-CGHTE,12.35,1.2291607667077906e-05
Scene04,RA-GCA-CGHTE,12.4,1.1365353016457402e-05
Scene04,RA-GCA-CGHTE,12.45,1.0476344173563231e-05
Scene04,RA-GCA-CGHTE,12.5,9.626004628957198e-06
Scene04,RA-GCA-CGHTE,12.55,8.815402547802625e-06
Scene04,RA-GCA-CGHTE,12.6,8.045701420371597e-06
Scene04,RA-GCA-CGHTE,12.65,7.3172343207737205e-06
Scene04,RA-GCA-CGHTE,12.7,6.629594421170835e-06
Scene04,RA-GCA-CGHTE,12.75,5.981946807915527e-06
Scene04,RA-GCA-CGHTE,12.8,5.374197230452977e-06
Scene04,RA-GCA-CGHTE,12.85,4.805706664194744e-06
Scene04,RA-GCA-CGHTE,12.9,4.275595450741264e-06
Scene04,RA-GCA-CGHTE,12.95,3.782695232233567e-06
Scene04,RA-GCA-CGHTE,13.0,3.325744420517403e-06
Scene04,RA-GCA-CGHTE,13.05,2.903397012956849e-06
Scene04,RA-GCA-CGHTE,13.1,2.5142379941004937e-06
Scene04,RA-GCA-CGHTE,13.15,2.1567994159627024e-06
Scene04,RA-GCA-CGHTE,13.2,1.8295766123263039e-06
Scene04,RA-GCA-CGHTE,13.25,1.5310430154018986e-06
Scene04,RA-GCA-CGHTE,13.3,1.259662887867068e-06
Scene04,RA-GCA-CGHTE,13.35,1.0139034986506576e-06
Scene04,RA-GCA-CGHTE,13.4,7.92245502645209e-07
Scene04,RA-GCA-CGHTE,13.45,5.931918639695926e-07
Scene04,RA-GCA-CGHTE,13.5,4.152759671038639e-07
Scene04,RA-GCA-CGHTE,13.55,2.570674217964301e-07
Scene04,RA-GCA-CGHTE,13.6,1.171785663958179e-07
Scene04,RA-GCA-CGHTE,13.65,5.731885044294335e-09
Scene04,RA-GCA-CGHTE,13.7,1.1295472715228281e-07
Scene04,RA-GCA-CGHTE,13.75,2.0572795587607185e-07
Scene04,RA-GCA-CGHTE,13.8,2.852344466159637e-07
Scene04,RA-GCA-CGHTE,13.85,3.526004492309099e-07
Scene04,RA-GCA-CGHTE,13.9,4.088949454750149e-07
Scene04,RA-GCA-CGHTE,13.95,4.551292290485197e-07
Scene04,RA-GCA-CGHTE,14.0,4.9225708010741e-07
Scene04,RA-GCA-CGHTE,14.05,5.211703374796083e-07
Scene04,RA-GCA-CGHTE,14.1,5.42698193631224e-07
Scene04,RA-GCA-CGHTE,14.15,5.5762767568488e-07
Scene04,RA-GCA-CGHTE,14.2,5.666928937893547e-07
Scene04,RA-GCA-CGHTE,14.25,5.705764092965572e-07
Scene04,RA-GCA-CGHTE,14.3,5.699106512178167e-07
Scene04,RA-GCA-CGHTE,14.35,5.652798344551206e-07
Scene04,RA-GCA-CGHTE,14.4,5.572219131186864e-07
Scene04,RA-GCA-CGHTE,14.45,5.462307841208884e-07
Scene04,RA-GCA-CGHTE,14.5,5.327591177860422e-07
Scene04,RA-GCA-CGHTE,14.55,5.172181167197978e-07
Scene04,RA-GCA-CGHTE,14.6,4.999816913776187e-07
Scene04,RA-GCA-CGHTE,14.65,4.81388388279445e-07
Scene04,RA-GCA-CGHTE,14.7,4.6174330004207473e-07
Scene04,RA-GCA-CGHTE,14.75,4.413085183565498e-07
Scene04,RA-GCA-CGHTE,14.8,4.203442881615409e-07
Scene04,RA-GCA-CGHTE,14.85,3.990671606874581e-07
Scene04,RA-GCA-CGHTE,14.9,3.776681582497016e-07
Scene04,RA-GCA-CGHTE,14.95,3.563147553285319e-07
Scene04,RA-GCA-CGHTE,15.0,3.351526367294492e-07
Scene04,RA-GCA-CGHTE,15.05,3.143074166461541e-07
Scene04,RA-GCA-CGHTE,15.1,2.938844339318615e-07
Scene04,RA-GCA-CGHTE,15.15,2.7397757970352294e-07
Scene04,RA-GCA-CGHTE,15.2,2.5466270883331335e-07
Scene04,RA-GCA-CGHTE,15.25,2.359956175825126e-07
Scene04,RA-GCA-CGHTE,15.3,2.1803604371440866e-07
Scene04,RA-GCA-CGHTE,15.35,2.0081801690421002e-07
Scene04,RA-GCA-CGHTE,15.4,1.8436114859754903e-07
Scene04,RA-GCA-CGHTE,15.45,1.686878944069276e-07
Scene04,RA-GCA-CGHTE,15.5,1.5381636141231623e-07
Scene04,RA-GCA-CGHTE,15.55,1.3975006990968035e-07
Scene04,RA-GCA-CGHTE,15.6,1.264758233414995e-07
Scene04,RA-GCA-CGHTE,15.65,1.139995240885819e-07
Scene04,RA-GCA-CGHTE,15.7,1.0229834575015488e-07
Scene04,RA-GCA-CGHTE,15.75,9.136479300766545e-08
Scene04,RA-GCA-CGHTE,15.8,8.117094259844686e-08
Scene04,RA-GCA-CGHTE,15.85,7.170249420862273e-08
Scene04,RA-GCA-CGHTE,15.9,6.292725540537977e-08
Scene04,RA-GCA-CGHTE,15.95,5.4826124795211065e-08
Scene04,RA-GCA-CGHTE,16.0,4.736427574947936e-08
Scene04,RA-GCA-CGHTE,16.05,4.051941646080972e-08
Scene04,RA-GCA-CGHTE,16.1,3.42557862629097e-08
Scene04,RA-GCA-CGHTE,16.15,2.8549364689288695e-08
Scene04,RA-GCA-CGHTE,16.2,2.3364416915092058e-08
Scene04,RA-GCA-CGHTE,16.25,1.8676381884514007e-08
Scene04,RA-GCA-CGHTE,16.3,1.4450586738991663e-08
Scene04,RA-GCA-CGHTE,16.35,1.066256058456732e-08
Scene04,RA-GCA-CGHTE,16.4,7.279360908511405e-09
Scene04,RA-GCA-CGHTE,16.45,4.277284880292103e-09
Scene04,RA-GCA-CGHTE,16.5,1.6255792318669216e-09
Scene04,RA-GCA-CGHTE,16.55,6.989201665038777e-10
Scene04,RA-GCA-CGHTE,16.6,2.7230557142822772e-09
Scene04,RA-GCA-CGHTE,16.65,4.468823505201852e-09
Scene04,RA-GCA-CGHTE,16.7,5.961747920953688e-09
Scene04,RA-GCA-CGHTE,16.75,7.22096552389182e-09
Scene04,RA-GCA-CGHTE,16.8,8.269570749036502e-09
Scene04,RA-GCA-CGHTE,16.85,9.124879948963296e-09
Scene04,RA-GCA-CGHTE,16.9,9.807328188610099e-09
Scene04,RA-GCA-CGHTE,16.95,1.03323467265196e-08
Scene04,RA-GCA-CGHTE,17.0,1.0717801800857631e-08
Scene04,RA-GCA-CGHTE,17.05,1.0977406544421394e-08
Scene04,RA-GCA-CGHTE,17.1,1.1126608270248066e-08
Scene04,RA-GCA-CGHTE,17.150000000000002,1.1177210416176517e-08
Scene04,RA-GCA-CGHTE,17.2,1.1142405592908261e-08
Scene04,RA-GCA-CGHTE,17.25,1.1032510349126933e-08
Scene04,RA-GCA-CGHTE,17.3,1.085867851178827e-08
Scene04,RA-GCA-CGHTE,17.35,1.0629710160850582e-08
Scene04,RA-GCA-CGHTE,17.400000000000002,1.03545916171687e-08
Scene04,RA-GCA-CGHTE,17.45,1.0040808587120176e-08
Scene04,RA-GCA-CGHTE,17.5,9.695811407437431e-09
Scene04,RA-GCA-CGHTE,17.55,9.325783362521241e-09
Scene04,RA-GCA-CGHTE,17.6,8.93667895841799e-09
Scene04,RA-GCA-CGHTE,17.650000000000002,8.53365863138851e-09
Scene04,RA-GCA-CGHTE,17.7,8.121361456417061e-09
Scene04,RA-GCA-CGHTE,17.75,7.703900027160679e-09
Scene04,RA-GCA-CGHTE,17.8,7.284900657164235e-09
Scene04,RA-GCA-CGHTE,17.85,6.867534948073051e-09
Scene04,RA-GCA-CGHTE,17.900000000000002,6.454559956043056e-09
Scene04,RA-GCA-CGHTE,17.95,6.048349272293907e-09
Scene04,RA-GCA-CGHTE,18.0,5.650929673728466e-09
Scene04,RA-GCA-CGHTE,18.05,5.2640044210321645e-09
Scene04,RA-GCA-CGHTE,18.1,4.888985922208817e-09
Scene04,RA-GCA-CGHTE,18.15,4.527023017176777e-09
Scene04,RA-GCA-CGHTE,18.2,4.179023639876542e-09
Scene04,RA-GCA-CGHTE,18.25,3.845681921009486e-09
Scene04,RA-GCA-CGHTE,18.3,3.527498814955084e-09
Scene04,RA-GCA-CGHTE,18.35,3.2248027448974296e-09
Scene04,RA-GCA-CGHTE,18.4,2.9378439772869123e-09
Scene04,RA-GCA-CGHTE,18.45,2.666523509677705e-09
Scene04,RA-GCA-CGHTE,18.5,2.4108222742776675e-09
Scene04,RA-GCA-CGHTE,18.55,2.170572876806371e-09
Scene04,RA-GCA-CGHTE,18.6,1.945512220886116e-09
Scene04,RA-GCA-CGHTE,18.65,1.7353059292401074e-09
Scene04,RA-GCA-CGHTE,18.7,1.5395545651751078e-09
Scene04,RA-GCA-CGHTE,18.75,1.3578056160747083e-09
Scene04,RA-GCA-CGHTE,18.8,1.1895679301308128e-09
Scene04,RA-GCA-CGHTE,18.85,1.0343132677786141e-09
Scene04,RA-GCA-CGHTE,18.9,8.914911741595953e-10
Scene04,RA-GCA-CGHTE,18.95,7.605327702291944e-10
Scene04,RA-GCA-CGHTE,19.0,6.408562995716729e-10
Scene04,RA-GCA-CGHTE,19.05,5.318733419393361e-10
Scene04,RA-GCA-CGHTE,19.1,4.3299770056079516e-10
Scene04,RA-GCA-CGHTE,19.15,3.436438487394036e-10
Scene04,RA-GCA-CGHTE,19.2,2.632342697603693e-10
Scene04,RA-GCA-CGHTE,19.25,1.9119791700797601e-10
Scene04,RA-GCA-CGHTE,19.3,1.2698181183413886e-10
Scene04,RA-GCA-CGHTE,19.35,7.00451534256402e-11
Scene04,RA-GCA-CGHTE,19.4,1.987238088732175e-11
Scene04,RA-GCA-CGHTE,19.45,2.4075807389312008e-11
Scene04,RA-GCA-CGHTE,19.5,6.223137002487919e-11
Scene04,RA-GCA-CGHTE,19.55,9.508658398878772e-11
Scene04,RA-GCA-CGHTE,19.6,1.230817024783252e-10
Scene04,RA-GCA-CGHTE,19.65,1.4663683313774568e-10
Scene04,RA-GCA-CGHTE,19.7,1.6614908533769527e-10
Scene04,RA-GCA-CGHTE,19.75,1.819949948218783e-10
Scene04,RA-GCA-CGHTE,19.8,1.9452870048917367e-10
Scene04,RA-GCA-CGHTE,19.85,2.040848115090704e-10
Scene04,RA-GCA-CGHTE,19.9,2.1097329597218635e-10
Scene04,RA-GCA-CGHTE,19.95,2.154848054751639e-10
Scene04,RA-GCA-CGHTE,20.0,2.1789178499155115e-10
Scene04,RA-GCA-CGHTE,20.05,2.1844380800012948e-10
Scene04,RA-GCA-CGHTE,20.1,2.1737401943160966e-10
Scene04,RA-GCA-CGHTE,20.15,2.1489691353302482e-10
Scene04,RA-GCA-CGHTE,20.2,2.1120899853015183e-10
Scene04,RA-GCA-CGHTE,20.25,2.064916842281161e-10
Scene04,RA-GCA-CGHTE,20.3,2.0090817234937277e-10
Scene04,RA-GCA-CGHTE,20.35,1.9460789806024026e-10
Scene04,RA-GCA-CGHTE,20.4,1.877276395690024e-10
Scene04,RA-GCA-CGHTE,20.45,1.8039151886905875e-10
Scene04,RA-GCA-CGHTE,20.5,1.7270833741012631e-10
Scene04,RA-GCA-CGHTE,20.55,1.6477712511787441e-10
Scene04,RA-GCA-CGHTE,20.6,1.566858131755058e-10
Scene04,RA-GCA-CGHTE,20.65,1.4851345052903492e-10
Scene04,RA-GCA-CGHTE,20.7,1.403268730801336e-10
Scene04,RA-GCA-CGHTE,20.75,1.321866998221455e-10
Scene04,RA-GCA-CGHTE,20.8,1.2414466834098515e-10
Scene04,RA-GCA-CGHTE,20.85,1.1624607638202879e-10
Scene04,RA-GCA-CGHTE,20.9,1.0852711760234642e-10
Scene04,RA-GCA-CGHTE,20.95,1.0102132140805281e-10
Scene04,RA-GCA-CGHTE,21.0,9.375444582590943e-11
Scene04,RA-GCA-CGHTE,21.05,8.674758579092259e-11
Scene04,RA-GCA-CGHTE,21.1,8.001695115712367e-11
Scene04,RA-GCA-CGHTE,21.15,7.357453268834209e-11
Scene04,RA-GCA-CGHTE,21.2,6.743054460796998e-11
Scene04,RA-GCA-CGHTE,21.25,6.159098214986286e-11
Scene04,RA-GCA-CGHTE,21.3,5.605784366538584e-11
Scene04,RA-GCA-CGHTE,21.35,5.083112898248278e-11
Scene04,RA-GCA-CGHTE,21.4,4.590994965456079e-11
Scene04,RA-GCA-CGHTE,21.45,4.129008653351409e-11
Scene04,RA-GCA-CGHTE,21.5,3.696510001661484e-11
Scene04,RA-GCA-CGHTE,21.55,3.2928994573435325e-11
Scene04,RA-GCA-CGHTE,21.6,2.9173110149731375e-11
Scene04,RA-GCA-CGHTE,21.65,2.5688786730859002e-11
Scene04,RA-GCA-CGHTE,21.7,2.2466698202794298e-11
Scene04,RA-GCA-CGHTE,21.75,1.9495520067026086e-11
Scene04,RA-GCA-CGHTE,21.8,1.676392793004473e-11
Scene04,RA-GCA-CGHTE,21.85,1.4261041476341052e-11
Scene04,RA-GCA-CGHTE,21.9,1.1975314364201853e-11
Scene04,RA-GCA-CGHTE,21.95,9.896088491314996e-12
Scene04,RA-GCA-CGHTE,22.0,8.011595427746142e-12
Scene04,RA-GCA-CGHTE,22.05,6.3105109955204605e-12
Scene04,RA-GCA-CGHTE,22.1,4.781511087890694e-12
Scene04,RA-GCA-CGHTE,22.15,3.4134936983122486e-12
Scene04,RA-GCA-CGHTE,22.2,2.1958012082074753e-12
Scene04,RA-GCA-CGHTE,22.25,1.1171112961561852e-12
Scene04,RA-GCA-CGHTE,22.3,1.681390240708054e-13
Scene04,RA-GCA-CGHTE,22.35,6.617130072660004e-13
Scene04,RA-GCA-CGHTE,22.4,1.380908941129236e-12
Scene04,RA-GCA-CGHTE,22.45,1.998191268806047e-12
Scene04,RA-GCA-CGHTE,22.5,2.5226597212035115e-12
Scene04,RA-GCA-CGHTE,22.55,2.9623074185670926e-12
Scene04,RA-GCA-CGHTE,22.6,3.3251276563831087e-12
Scene04,RA-GCA-CGHTE,22.65,3.618003839202588e-12
Scene04,RA-GCA-CGHTE,22.7,3.8487075085471864e-12
Scene04,RA-GCA-CGHTE,22.75,4.021679605947619e-12
Scene04,RA-GCA-CGHTE,22.8,4.144247530992208e-12
Scene04,RA-GCA-CGHTE,22.85,4.220630170278512e-12
Scene04,RA-GCA-CGHTE,22.9,4.257710913122042e-12
Scene04,RA-GCA-CGHTE,22.95,4.259930674836964e-12
Scene04,RA-GCA-CGHTE,23.0,4.232618542640096e-12
Scene04,RA-GCA-CGHTE,23.05,4.177772898239804e-12
Scene04,RA-GCA-CGHTE,23.1,4.100944851238126e-12
Scene04,RA-GCA-CGHTE,23.15,4.004354867880385e-12
Scene04,RA-GCA-CGHTE,23.2,3.891111579393076e-12
Scene04,RA-GCA-CGHTE,23.25,3.765211817310899e-12
Scene04,RA-GCA-CGHTE,23.3,3.628876032008461e-12
Scene04,RA-GCA-CGHTE,23.35,3.483436491042486e-12
Scene04,RA-GCA-CGHTE,23.4,3.3320018236936005e-12
Scene04,RA-GCA-CGHTE,23.45,3.1763483823610118e-12
Scene04,RA-GCA-CGHTE,23.5,3.0180304733171936e-12
Scene04,RA-GCA-CGHTE,23.55,2.8581583051761686e-12
Scene04,RA-GCA-CGHTE,23.6,2.698508220183396e-12
Scene04,RA-GCA-CGHTE,23.65,2.5395242930555673e-12
Scene04,RA-GCA-CGHTE,23.7,2.3829828700332817e-12
Scene04,RA-GCA-CGHTE,23.75,2.2297721189058334e-12
Scene04,RA-GCA-CGHTE,23.8,2.079892026692122e-12
Scene04,RA-GCA-CGHTE,23.85,1.9344528099832506e-12
Scene04,RA-GCA-CGHTE,23.9,1.793676513947896e-12
Scene04,RA-GCA-CGHTE,23.95,1.6580072253499278e-12
Scene04,RA-GCA-CGHTE,24.0,1.5281110887057523e-12
Scene04,RA-GCA-CGHTE,24.05,1.4039881116430145e-12
Scene04,RA-GCA-CGHTE,24.1,1.2860823913979692e-12
Scene04,RA-GCA-CGHTE,24.15,1.1746159830254386e-12
Scene04,RA-GCA-CGHTE,24.2,1.068700714708647e-12
Scene04,RA-GCA-CGHTE,24.25,9.690027197269417e-13
Scene04,RA-GCA-CGHTE,24.3,8.750779021245918e-13
Scene04,RA-GCA-CGHTE,24.35,7.855939784884848e-13
Scene04,RA-GCA-CGHTE,24.4,7.027713815731971e-13
Scene04,RA-GCA-CGHTE,24.45,6.25499879051527e-13
Scene04,RA-GCA-CGHTE,24.5,5.535574091591229e-13
Scene04,RA-GCA-CGHTE,24.55,4.871660164496073e-13
Scene04,RA-GCA-CGHTE,24.6,4.2632571899983294e-13
Scene04,RA-GCA-CGHTE,24.65,3.699263353843138e-13
Scene04,RA-GCA-CGHTE,24.7,3.1796792515448943e-13
Scene04,RA-GCA-CGHTE,24.75,2.708946769735793e-13
Scene04,RA-GCA-CGHTE,24.8,2.2737447960520616e-13
Scene04,RA-GCA-CGHTE,24.85,1.8807372039304252e-13
Scene04,RA-GCA-CGHTE,24.9,1.5232668461458175e-13
Scene04,RA-GCA-CGHTE,24.95,1.205781176461972e-13
Scene04,RA-GCA-CGHTE,25.0,9.171921355621812e-14
Scene04,RA-GCA-CGHTE,25.05,6.619696016308238e-14
Scene04,RA-GCA-CGHTE,25.1,4.3353581218945023e-14
Scene04,RA-GCA-CGHTE,25.15,2.277948632599021e-14
Scene04,RA-GCA-CGHTE,25.2,5.768112291460635e-15
Scene04,RA-GCA-CGHTE,25.25,1.061978015519171e-14
Scene04,RA-GCA-CGHTE,25.3,2.330130741454572e-14
Scene04,RA-GCA-CGHTE,25.35,3.501544003289015e-14
Scene04,RA-GCA-CGHTE,25.4,4.431977042088896e-14
Scene04,RA-GCA-CGHTE,25.45,5.2300173545177823e-14
Scene04,RA-GCA-CGHTE,25.5,5.895159486426213e-14
Scene04,RA-GCA-CGHTE,25.55,6.449390579606242e-14
Scene04,RA-GCA-CGHTE,25.6,6.848293791738525e-14
Scene04,RA-GCA-CGHTE,25.65,7.09182288835422e-14
Scene04,RA-GCA-CGHTE,25.7,7.290853745307063e-14
Scene04,RA-GCA-CGHTE,25.75,7.356679768500165e-14
Scene04,RA-GCA-CGHTE,25.8,7.400219427662729e-14
Scene04,RA-GCA-CGHTE,25.85,7.399341895898593e-14
Scene04,RA-GCA-CGHTE,25.9,7.398466556147752e-14
Scene04,RA-GCA-CGHTE,25.95,7.331078856996097e-14
Scene04,RA-GCA-CGHTE,26.0,7.330355421879792e-14
Scene04,RA-GCA-CGHTE,26.05,7.218760253487234e-14
Scene04,RA-GCA-CGHTE,26.1,7.10727600022973e-14
Scene04,RA-GCA-CGHTE,26.15,6.907102219284818e-14
Scene04,RA-GCA-CGHTE,26.2,6.684823904885092e-14
Scene04,RA-GCA-CGHTE,26.25,6.46262629955602e-14
Scene04,RA-GCA-CGHTE,26.3,6.28490745911561e-14
Scene04,RA-GCA-CGHTE,26.35,6.062861825193856e-14
Scene04,RA-GCA-CGHTE,26.4,5.75207968795075e-14
Scene04,RA-GCA-CGHTE,26.45,5.5079721912056736e-14
Scene04,RA-GCA-CGHTE,26.5,5.286154103884094e-14
Scene04,RA-GCA-CGHTE,26.55,5.0644360825904573e-14
Scene04,RA-GCA-CGHTE,26.6,4.842827203820444e-14
Scene04,RA-GCA-CGHTE,26.65,4.532580257965786e-14
Scene04,RA-GCA-CGHTE,26.7,4.2668915811581585e-14
Scene04,RA-GCA-CGHTE,26.75,4.045793249461847e-14
Scene04,RA-GCA-CGHTE,26.8,3.8914666578511745e-14
Scene04,RA-GCA-CGHTE,26.85,3.6708845196543876e-14
Scene04,RA-GCA-CGHTE,26.9,3.450634488637326e-14
Scene04,RA-GCA-CGHTE,26.95,3.2307445070859995e-14
Scene04,RA-GCA-CGHTE,27.0,3.011221651166129e-14
Scene04,RA-GCA-CGHTE,27.05,2.7920594524612898e-14
Scene04,RA-GCA-CGHTE,27.1,2.5732891440376846e-14
Scene04,RA-GCA-CGHTE,27.15,2.4208864846824904e-14
Scene04,RA-GCA-CGHTE,27.2,2.3125302344524453e-14
Scene04,RA-GCA-CGHTE,27.25,2.2039583349281008e-14
Scene04,RA-GCA-CGHTE,27.3,2.1169513478060013e-14
Scene04,RA-GCA-CGHTE,27.35,1.985716140353166e-14
Scene04,RA-GCA-CGHTE,27.4,1.8759213031699902e-14
Scene04,RA-GCA-CGHTE,27.45,1.7439741922202303e-14
Scene04,RA-GCA-CGHTE,27.5,1.655114546661307e-14
Scene04,RA-GCA-CGHTE,27.55,1.5439253450208476e-14
Scene04,RA-GCA-CGHTE,27.6,1.5407855838627277e-14
Scene04,RA-GCA-CGHTE,27.65,1.5374250286778638e-14
Scene04,RA-GCA-CGHTE,27.7,1.5341428888268514e-14
Scene04,RA-GCA-CGHTE,27.75,1.5311812367606262e-14
Scene04,RA-GCA-CGHTE,27.8,1.528594760583687e-14
Scene04,RA-GCA-CGHTE,27.85,1.5264584764742147e-14
Scene04,RA-GCA-CGHTE,27.9,1.5246706078936137e-14
Scene04,RA-GCA-CGHTE,27.95,1.523190160896488e-14
Scene04,RA-GCA-CGHTE,28.0,1.5220102423839863e-14
Scene04,RA-GCA-CGHTE,28.05,1.521127317968149e-14
Scene04,RA-GCA-CGHTE,28.1,1.5205513628598766e-14
Scene04,RA-GCA-CGHTE,28.15,1.432148649465401e-14
Scene04,RA-GCA-CGHTE,28.2,1.3662207737059851e-14
Scene04,RA-GCA-CGHTE,28.25,1.300797153591743e-14
Scene04,RA-GCA-CGHTE,28.3,1.1921773554518862e-14
Scene04,RA-GCA-CGHTE,28.35,1.1065960441346808e-14
Scene04,RA-GCA-CGHTE,28.4,9.78964480724121e-15
Scene04,RA-GCA-CGHTE,28.45,8.752976838441325e-15
Scene04,RA-GCA-CGHTE,28.5,7.957552455500352e-15
Scene04,RA-GCA-CGHTE,28.55,8.021866652472134e-15
Scene04,RA-GCA-CGHTE,28.6,8.092152783954027e-15
Scene04,RA-GCA-CGHTE,28.65,8.168378379596562e-15
Scene04,RA-GCA-CGHTE,28.7,8.247366100863421e-15
Scene04,RA-GCA-CGHTE,28.75,8.326413765117369e-15
Scene04,RA-GCA-CGHTE,28.8,8.404781076586872e-15
Scene04,RA-GCA-CGHTE,28.85,8.48228651055483e-15
Scene04,RA-GCA-CGHTE,28.9,8.558760034786452e-15
Scene04,RA-GCA-CGHTE,28.95,8.635658403687244e-15
Scene04,RA-GCA-CGHTE,29.0,8.710765843529256e-15
Scene04,RA-GCA-CGHTE,29.05,8.7819889051154e-15
Scene04,RA-GCA-CGHTE,29.1,8.848443486685095e-15
Scene04,RA-GCA-CGHTE,29.15,8.908075292341965e-15
Scene04,RA-GCA-CGHTE,29.2,8.962907229401685e-15
Scene04,RA-GCA-CGHTE,29.25,9.013776704181863e-15
Scene04,RA-GCA-CGHTE,29.3,9.059327678164295e-15
Scene04,RA-GCA-CGHTE,29.35,9.09668195295893e-15
Scene04,RA-GCA-CGHTE,29.4,9.122238166809002e-15
Scene04,RA-GCA-CGHTE,29.45,9.12928435370549e-15
Scene04,RA-GCA-CGHTE,29.5,9.113658821339998e-15
Scene04,RA-GCA-CGHTE,29.55,9.075525350931014e-15
Scene04,RA-GCA-CGHTE,29.6,9.014832397448548e-15
Scene04,RA-GCA-CGHTE,29.65,8.932890852162428e-15
Scene04,RA-GCA-CGHTE,29.7,8.833101578682983e-15
Scene04,RA-GCA-CGHTE,29.75,8.71966215030564e-15
Scene04,RA-GCA-CGHTE,29.8,8.594791659124363e-15
Scene04,RA-GCA-CGHTE,29.85,8.461473131849053e-15
Scene04,RA-GCA-CGHTE,29.9,8.324635271815175e-15
Scene04,RA-GCA-CGHTE,29.95,8.188260115914303e-15
Scene04,RA-GCA-CGHTE,30.0,8.057492460961069e-15
