axis,controller,time_s,reference_m,actual_m
X,PID,0.0,0.0,0.0
X,PID,0.05,0.0,5.674125409399381e-15
X,PID,0.1,0.0,3.32868359802074e-14
X,PID,0.15,0.0,-6.77535855471884e-14
X,PID,0.2,0.0,-3.55211398116789e-13
X,PID,0.25,0.0,-7.473895213548289e-13
X,PID,0.3,0.0,-1.30555951321854e-12
X,PID,0.35,0.0,-2.1429889791123997e-12
X,PID,0.4,0.0,-3.40482517265523e-12
X,PID,0.45,0.0,-5.23684653725575e-12
X,PID,0.5,0.0,-7.765405188019599e-12
X,PID,0.55,0.0,-1.1078656880573098e-11
X,PID,0.6,0.0,-1.50578206728841e-11
X,PID,0.65,0.0,-1.9643586883995398e-11
X,PID,0.7,0.0,-2.40921091249877e-11
X,PID,0.75,0.0,-2.7807533732794797e-11
X,PID,0.8,0.0,-2.8978110214432296e-11
X,PID,0.85,0.0,-2.5575171325994398e-11
X,PID,0.9,0.0,-1.84064685165235e-11
X,PID,0.95,0.0,-4.42910295101016e-12
X,PID,1.0,0.0,1.92363547201097e-11
X,PID,1.05,0.0,5.4595785406138095e-11
X,PID,1.1,0.0,1.03316339318516e-10
X,PID,1.15,0.0,1.66634728313057e-10
X,PID,1.2,0.0,2.45251406864697e-10
X,PID,1.25,0.0,3.38906813906491e-10
X,PID,1.3,0.0,4.4660724082509703e-10
X,PID,1.35,0.0,5.67487832865389e-10
X,PID,1.4,0.0,6.99436030286957e-10
X,PID,1.45,0.0,8.39591554104794e-10
X,PID,1.5,0.0,9.86154467028898e-10
X,PID,1.55,0.0,1.1369161315854302e-09
X,PID,1.6,0.0,1.2894096142950302e-09
X,PID,1.65,0.0,1.4415375774093701e-09
X,PID,1.7,0.0,1.59107949680963e-09
X,PID,1.75,0.0,1.7371388219155302e-09
X,PID,1.8,0.0,1.87791752142123e-09
X,PID,1.85,0.0,2.01183554071678e-09
X,PID,1.9,0.0,2.13754336769341e-09
X,PID,1.95,0.0,2.2538684320268e-09
X,PID,2.0,0.0,2.3598632229689804e-09
X,PID,2.05,0.0,2.4545892031662303e-09
X,PID,2.1,0.0,2.5373107088000904e-09
X,PID,2.15,0.0,2.6074452150380404e-09
X,PID,2.2,0.0,2.6645661368395904e-09
X,PID,2.25,0.0,2.7096990814870204e-09
X,PID,2.3,0.0,2.7430101614296604e-09
X,PID,2.35,0.0,2.76449868676127e-09
X,PID,2.4,0.0,2.7747327750344203e-09
X,PID,2.45,0.0,2.7744707848158803e-09
X,PID,2.5,0.0,2.7646613156866604e-09
X,PID,2.55,0.0,2.7525868769065104e-09
X,PID,2.6,0.0,2.7362226724490402e-09
X,PID,2.65,0.0,2.7131849606468103e-09
X,PID,2.7,0.0,2.6860572141089803e-09
X,PID,2.75,0.0,2.65178463670518e-09
X,PID,2.8,0.0,2.6097855066844603e-09
X,PID,2.85,0.0,2.5601253634329e-09
X,PID,2.9,0.0,2.5030784174881904e-09
X,PID,2.95,0.0,2.4390990688246803e-09
X,PID,3.0,0.0,2.3687196244073503e-09
X,PID,3.05,0.0,2.2925376782944504e-09
X,PID,3.1,0.0,2.2112209529890904e-09
X,PID,3.15,0.0,2.12541319297888e-09
X,PID,3.2,0.0,2.0355368334504403e-09
X,PID,3.25,0.0,1.94228357142668e-09
X,PID,3.3,0.0,1.84631999303302e-09
X,PID,3.35,0.0,1.7480657984438e-09
X,PID,3.4,0.0,1.6482194033700301e-09
X,PID,3.45,0.0,1.54732356625114e-09
X,PID,3.5,0.0,1.4457878856155e-09
X,PID,3.55,0.0,1.34404556184495e-09
X,PID,3.6,0.0,1.2424813290701702e-09
X,PID,3.65,0.0,1.1415168607618802e-09
X,PID,3.7,0.0,1.0416015195100501e-09
X,PID,3.75,0.0,9.43171675276424e-10
X,PID,3.8,0.0,8.46447931154177e-10
X,PID,3.85,0.0,7.51677303531787e-10
X,PID,3.9,0.0,6.58987372390601e-10
X,PID,3.95,0.0,5.68485054797754e-10
X,PID,4.0,0.0,4.80200663843233e-10
X,PID,4.05,0.0,3.9435174693483005e-10
X,PID,4.1,0.0,3.11161521302169e-10
X,PID,4.15,0.0,2.3079520194768003e-10
X,PID,4.2,0.0,1.53577419503888e-10
X,PID,4.25,0.0,7.958834641882139e-11
X,PID,4.3,0.0,8.950617101216419e-12
X,PID,4.35,0.0,-5.82412915121784e-11
X,PID,4.4,0.0,-1.21947009791599e-10
X,PID,4.45,0.0,-1.82192346678787e-10
X,PID,4.5,0.0,-2.38870712395745e-10
X,PID,4.55,0.0,-2.92005314182819e-10
X,PID,4.6,0.0,-3.41574814717518e-10
X,PID,4.65,0.0,-3.87545062510258e-10
X,PID,4.7,0.0,-4.2987931565798006e-10
X,PID,4.75,0.0,-4.68634123652513e-10
X,PID,4.8,0.0,-5.03783063458253e-10
X,PID,4.85,0.0,-5.35353464550872e-10
X,PID,4.9,0.0,-5.63424482844511e-10
X,PID,4.95,0.0,-5.88061341849779e-10
X,PID,5.0,0.0,-6.09353983435973e-10
X,PID,5.05,0.0,-6.27585446017595e-10
X,PID,5.1,0.0,-6.43235363304123e-10
X,PID,5.15,0.0,-6.56229404357076e-10
X,PID,5.2,0.0,-6.665903769904741e-10
X,PID,5.25,0.0,-6.743270444351e-10
X,PID,5.3,0.0,-6.79482155389041e-10
X,PID,5.35,0.0,-6.8212136978086e-10
X,PID,5.4,0.0,-6.82308680623869e-10
X,PID,5.45,0.0,-6.80127785347605e-10
X,PID,5.5,0.0,-6.75667066847271e-10
X,PID,5.55,0.0,-6.69042068087734e-10
X,PID,5.6,0.0,-6.60368336014795e-10
X,PID,5.65,0.0,-6.49758771852765e-10
X,PID,5.7,0.0,-6.37346378339583e-10
X,PID,5.75,0.0,-6.23264783683146e-10
X,PID,5.8,0.0,-6.07639944842152e-10
X,PID,5.85,0.0,-5.90560318255509e-10
X,PID,5.9,0.0,-5.72152768723773e-10
X,PID,5.95,0.0,-5.525684663020311e-10
X,PID,6.0,0.0,-5.31920732724799e-10
X,PID,6.05,0.0,-5.10344103363258e-10
X,PID,6.1,0.0,-4.87972864819371e-10
X,PID,6.15,0.0,-4.64938299149081e-10
X,PID,6.2,0.0,-4.4134147574276006e-10
X,PID,6.25,0.0,-4.1727143074237703e-10
X,PID,6.3,0.0,-3.92822416491235e-10
X,PID,6.35,0.0,-3.68081560130078e-10
X,PID,6.4,0.0,-3.43122274299526e-10
X,PID,6.45,0.0,-3.1803883861809503e-10
X,PID,6.5,0.0,-2.9291341867805703e-10
X,PID,6.55,0.0,-2.6781605181691e-10
X,PID,6.6,0.0,-2.42826170817031e-10
X,PID,6.65,0.0,-2.18019836248403e-10
X,PID,6.7,0.0,-1.9341297441298102e-10
X,PID,6.75,0.0,-1.69048834315971e-10
X,PID,6.8,0.0,-1.4495427583161e-10
X,PID,6.85,0.0,-1.21215708117204e-10
X,PID,6.9,0.0,-9.785447965747489e-11
X,PID,6.95,0.0,-7.4913469007534e-11
X,PID,7.0,0.0,-5.2436272915346694e-11
X,PID,7.05,0.0,-3.0473086137553496e-11
X,PID,7.1,0.0,-9.077690611999519e-12
X,PID,7.15,0.0,1.1709092254812899e-11
X,PID,7.2,0.0,3.1824664230480795e-11
X,PID,7.25,0.0,5.120662343862979e-11
X,PID,7.3,0.0,6.98102676139385e-11
X,PID,7.35,0.0,8.757833970106619e-11
X,PID,7.4,0.0,1.04448701114321e-10
X,PID,7.45,0.0,1.20377431100305e-10
X,PID,7.5,0.0,1.35369318786568e-10
X,PID,7.55,0.0,1.49386112328499e-10
X,PID,7.6,0.0,1.6242052209342002e-10
X,PID,7.65,0.0,1.74460744778048e-10
X,PID,7.7,0.0,1.85506034909804e-10
X,PID,7.75,0.0,1.95583236789037e-10
X,PID,7.8,0.0,2.0472614240627801e-10
X,PID,7.85,0.0,2.12889976666336e-10
X,PID,7.9,0.0,2.20069890235565e-10
X,PID,7.95,0.0,2.26309556104768e-10
X,PID,8.0,0.0,2.31630791460685e-10
X,PID,8.05,0.0,2.36016525704171e-10
X,PID,8.1,0.0,2.3941971965270903e-10
X,PID,8.15,0.0,2.41853530375346e-10
X,PID,8.2,0.0,2.43294671367932e-10
X,PID,8.25,0.0,2.43709861127453e-10
X,PID,8.3,0.0,2.43083549632747e-10
X,PID,8.35,0.0,2.41760004119753e-10
X,PID,8.4,0.0,2.39583256505282e-10
X,PID,8.45,0.0,2.3658791926529e-10
X,PID,8.5,0.0,2.32812735524901e-10
X,PID,8.55,0.0,2.28300579058408e-10
X,PID,8.6,0.0,2.23132848615957e-10
X,PID,8.65,0.0,2.17391843942271e-10
X,PID,8.7,0.0,2.11072909147109e-10
X,PID,8.75,0.0,2.04218283591326e-10
X,PID,8.8,0.0,1.96870206635776e-10
X,PID,8.85,0.0,1.89070917641316e-10
X,PID,8.9,0.0,1.8085669574062701e-10
X,PID,8.95,0.0,1.72255033725745e-10
X,PID,9.0,0.0,1.63314276517487e-10
X,PID,9.05,0.0,1.54073153471283e-10
X,PID,9.1,0.0,1.44570061887975e-10
X,PID,9.15,0.0,1.34843067013817e-10
X,PID,9.2,0.0,1.24929902040473e-10
X,PID,9.25,0.0,1.1496211397446901e-10
X,PID,9.3,0.0,1.05058459807422e-10
X,PID,9.35,0.0,9.520943697363629e-11
X,PID,9.4,0.0,8.547952823744659e-11
X,PID,9.45,0.0,7.5935310086931e-11
X,PID,9.5,0.0,6.664545273391139e-11
X,PID,9.55,0.0,5.7680720113951694e-11
X,PID,9.6,0.0,4.903173792156759e-11
X,PID,9.65,0.0,4.0548000778424694e-11
X,PID,9.7,0.0,3.24297859338948e-11
X,PID,9.75,0.0,2.4717825827844397e-11
X,PID,9.8,0.0,1.7451778437309e-11
X,PID,9.85,0.0,1.0670227276495198e-11
X,PID,9.9,0.0,4.41068139677799e-12
X,PID,9.95,0.0,-1.2904246132966798e-12
X,PID,10.0,1.0,-6.46427174389574e-12
X,PID,10.05,1.0,-0.0042487841710658
X,PID,10.1,1.0,0.0036638065325549
X,PID,10.15,1.0,0.0091196515206627
X,PID,10.2,1.0,0.0180412332165226
X,PID,10.25,1.0,0.029662124154774
X,PID,10.3,1.0,0.0439646031469723
X,PID,10.35,1.0,0.060890582954713
X,PID,10.4,1.0,0.0803067133252567
X,PID,10.45,1.0,0.102060250343324
X,PID,10.5,1.0,0.125982478348303
X,PID,10.55,1.0,0.151894439075939
X,PID,10.6,1.0,0.179611014665057
X,PID,10.65,1.0,0.208949644374872
X,PID,10.7,1.0,0.239730300728974
X,PID,10.75,1.0,0.27178351173781
X,PID,10.8,1.0,0.304929494156343
X,PID,10.85,1.0,0.338989808734169
X,PID,10.9,1.0,0.3737938381831
X,PID,10.95,1.0,0.409179178343487
X,PID,11.0,1.0,0.44498787401706
X,PID,11.05,1.0,0.48106916062386
X,PID,11.1,1.0,0.517278849196805
X,PID,11.15,1.0,0.553478513955795
X,PID,11.2,1.0,0.589536803518564
X,PID,11.25,1.0,0.625329614871875
X,PID,11.3,1.0,0.660739812201763
X,PID,11.35,1.0,0.69565735777717
X,PID,11.4,1.0,0.729979447349347
X,PID,11.45,1.0,0.763610359741397
X,PID,11.5,1.0,0.796461609605946
X,PID,11.55,1.0,0.828451845993562
X,PID,11.6,1.0,0.859506785449994
X,PID,11.65,1.0,0.889559281217376
X,PID,11.7,1.0,0.918548758821171
X,PID,11.75,1.0,0.946422006512513
X,PID,11.8,1.0,0.97313174791078
X,PID,11.85,1.0,0.998637785388651
X,PID,11.9,1.0,1.02290572989047
X,PID,11.95,1.0,1.04590739301218
X,PID,12.0,1.0,1.06762145292454
X,PID,12.05,1.0,1.08803038879911
X,PID,12.1,1.0,1.10712466374108
X,PID,12.15,1.0,1.12490491790868
X,PID,12.2,1.0,1.14137626588934
X,PID,12.25,1.0,1.15652875202483
X,PID,12.3,1.0,1.17037873146512
X,PID,12.35,1.0,1.18294384478083
X,PID,12.4,1.0,1.19422161992082
X,PID,12.45,1.0,1.20425001521333
X,PID,12.5,1.0,1.21305368901011
X,PID,12.55,1.0,1.22064223907587
X,PID,12.6,1.0,1.22705319080161
X,PID,12.65,1.0,1.23232626322567
X,PID,12.7,1.0,1.23649116369972
X,PID,12.75,1.0,1.23958689076275
X,PID,12.8,1.0,1.2416560037516
X,PID,12.85,1.0,1.24274374996198
X,PID,12.9,1.0,1.24289880859186
X,PID,12.95,1.0,1.2421611239075
X,PID,13.0,1.0,1.2405786896786
X,PID,13.05,1.0,1.23820100703557
X,PID,13.1,1.0,1.23507640350586
X,PID,13.15,1.0,1.23125287015192
X,PID,13.2,1.0,1.22677813717954
X,PID,13.25,1.0,1.22169901047373
X,PID,13.3,1.0,1.21606232358119
X,PID,13.35,1.0,1.20992032021057
X,PID,13.4,1.0,1.20331651532398
X,PID,13.45,1.0,1.19629601772351
X,PID,13.5,1.0,1.188902616607
X,PID,13.55,1.0,1.18118541826793
X,PID,13.6,1.0,1.17318607728695
X,PID,13.65,1.0,1.16494636589021
X,PID,13.7,1.0,1.15650715010767
X,PID,13.75,1.0,1.1479094104327
X,PID,13.8,1.0,1.13919317082567
X,PID,13.85,1.0,1.13039516970909
X,PID,13.9,1.0,1.12155151662724
X,PID,13.95,1.0,1.11269674903722
X,PID,14.0,1.0,1.10386391056513
X,PID,14.05,1.0,1.09508413403866
X,PID,14.1,1.0,1.08638673606527
X,PID,14.15,1.0,1.0777991150976
X,PID,14.2,1.0,1.06934664277167
X,PID,14.25,1.0,1.06105628614691
X,PID,14.3,1.0,1.05294883160636
X,PID,14.35,1.0,1.0450443063287
X,PID,14.4,1.0,1.03736072821162
X,PID,14.45,1.0,1.02991394350899
X,PID,14.5,1.0,1.02272447754418
X,PID,14.55,1.0,1.01580337999245
X,PID,14.6,1.0,1.00916173674107
X,PID,14.65,1.0,1.00280908190233
X,PID,14.7,1.0,0.99675300711432
X,PID,14.75,1.0,0.991005281680161
X,PID,14.8,1.0,0.985570913555349
X,PID,14.85,1.0,0.980452988188815
X,PID,14.9,1.0,0.97565418375599
X,PID,14.95,1.0,0.971175688937685
X,PID,15.0,1.0,0.96701953236637
X,PID,15.05,1.0,0.963186275132647
X,PID,15.1,1.0,0.959672895166009
X,PID,15.15,1.0,0.956476484957978
X,PID,15.2,1.0,0.953593058949441
X,PID,15.25,1.0,0.951017839842579
X,PID,15.3,1.0,0.948746400424416
X,PID,15.35,1.0,0.94677150493416
X,PID,15.4,1.0,0.945085860616234
X,PID,15.45,1.0,0.943681426759536
X,PID,15.5,1.0,0.942549468167475
X,PID,15.55,1.0,0.94168122072794
X,PID,15.6,1.0,0.941067161967877
X,PID,15.65,1.0,0.940696813137583
X,PID,15.7,1.0,0.940559550246223
X,PID,15.75,1.0,0.940644384408893
X,PID,15.8,1.0,0.940940019958013
X,PID,15.85,1.0,0.941435514501906
X,PID,15.9,1.0,0.942119188591937
X,PID,15.95,1.0,0.942979267372019
X,PID,16.0,1.0,0.94400404339951
X,PID,16.05,1.0,0.945181832237804
X,PID,16.1,1.0,0.946501033373011
X,PID,16.15,1.0,0.947949289321794
X,PID,16.2,1.0,0.949514785669805
X,PID,16.25,1.0,0.951186598912273
X,PID,16.3,1.0,0.952953642856154
X,PID,16.35,1.0,0.954805149452102
X,PID,16.4,1.0,0.956730724806928
X,PID,16.45,1.0,0.958719543449753
X,PID,16.5,1.0,0.960758541506899
X,PID,16.55,1.0,0.962839901429801
X,PID,16.6,1.0,0.964954256077979
X,PID,16.65,1.0,0.967092724759549
X,PID,16.7,1.0,0.969246957659936
X,PID,16.75,1.0,0.971409180270571
X,PID,16.8,1.0,0.973567777080966
X,PID,16.85,1.0,0.975715177472063
X,PID,16.9,1.0,0.977845666342743
X,PID,16.95,1.0,0.979952660709145
X,PID,17.0,1.0,0.982030138785035
X,PID,17.05,1.0,0.984072669057102
X,PID,17.1,1.0,0.986075439360257
X,PID,17.15,1.0,0.988027547294345
X,PID,17.2,1.0,0.989927104045359
X,PID,17.25,1.0,0.99177042793776
X,PID,17.3,1.0,0.993553848942336
X,PID,17.35,1.0,0.995274225689804
X,PID,17.4,1.0,0.996928959836963
X,PID,17.45,1.0,0.998516010432847
X,PID,17.5,1.0,1.00002905810516
X,PID,17.55,1.0,1.00146666900872
X,PID,17.6,1.0,1.00282876976859
X,PID,17.65,1.0,1.00411432244277
X,PID,17.7,1.0,1.0053227238641
X,PID,17.75,1.0,1.00645380817367
X,PID,17.8,1.0,1.00750784935437
X,PID,17.85,1.0,1.00848429708785
X,PID,17.9,1.0,1.00937923240606
X,PID,17.95,1.0,1.01019650043888
X,PID,18.0,1.0,1.01093705973653
X,PID,18.05,1.0,1.01160216540513
X,PID,18.1,1.0,1.01219336222193
X,PID,18.15,1.0,1.01271247775052
X,PID,18.2,1.0,1.01316161545604
X,PID,18.25,1.0,1.01354128833727
X,PID,18.3,1.0,1.01385168022507
X,PID,18.35,1.0,1.01409692194967
X,PID,18.4,1.0,1.01427937870979
X,PID,18.45,1.0,1.0144015533011
X,PID,18.5,1.0,1.01446607326008
X,PID,18.55,1.0,1.01447567800791
X,PID,18.6,1.0,1.01443320599434
X,PID,18.65,1.0,1.01434107603438
X,PID,18.7,1.0,1.01420095189666
X,PID,18.75,1.0,1.01401657885699
X,PID,18.8,1.0,1.01379077961398
X,PID,18.85,1.0,1.01352637459988
X,PID,18.9,1.0,1.01322616705831
X,PID,18.95,1.0,1.01289292812213
X,PID,19.0,1.0,1.01252938189123
X,PID,19.05,1.0,1.01213819051032
X,PID,19.1,1.0,1.01172330938197
X,PID,19.15,1.0,1.01128683621266
X,PID,19.2,1.0,1.01083118416937
X,PID,19.25,1.0,1.01035884296455
X,PID,19.3,1.0,1.00987219301835
X,PID,19.35,1.0,1.00937349196395
X,PID,19.4,1.0,1.00886486115288
X,PID,19.45,1.0,1.00834827216034
X,PID,19.5,1.0,1.00782598542757
X,PID,19.55,1.0,1.00730401947023
X,PID,19.6,1.0,1.00678148747009
X,PID,19.65,1.0,1.00626021213078
X,PID,19.7,1.0,1.00574187113577
X,PID,19.75,1.0,1.0052279874586
X,PID,19.8,1.0,1.00471991967296
X,PID,19.85,1.0,1.00421885226287
X,PID,19.9,1.0,1.00372578593284
X,PID,19.95,1.0,1.00324152791799
X,PID,20.0,1.0,1.00277353282814
X,PID,20.05,1.0,1.00231881304584
X,PID,20.1,1.0,1.0018781090282
X,PID,20.15,1.0,1.0014521959832
X,PID,20.2,1.0,1.00104170170758
X,PID,20.25,1.0,1.00064710150005
X,PID,20.3,1.0,1.00026871307441
X,PID,20.35,1.0,0.999906691472766
X,PID,20.4,1.0,0.999561023978664
X,PID,20.45,1.0,0.999234477277188
X,PID,20.5,1.0,0.998929633072124
X,PID,20.55,1.0,0.998643691345781
X,PID,20.6,1.0,0.998376679935417
X,PID,20.65,1.0,0.998128519041729
X,PID,20.7,1.0,0.997899020268025
X,PID,20.75,1.0,0.997687885659397
X,PID,20.8,1.0,0.997494706741892
X,PID,20.85,1.0,0.997318963561685
X,PID,20.9,1.0,0.997160023724255
X,PID,20.95,1.0,0.997020285679595
X,PID,21.0,1.0,0.996900306043257
X,PID,21.05,1.0,0.996797554530691
X,PID,21.1,1.0,0.996711540372988
X,PID,21.15,1.0,0.996641720204284
X,PID,21.2,1.0,0.996587500095714
X,PID,21.25,1.0,0.996548237589368
X,PID,21.3,1.0,0.996523243732248
X,PID,21.35,1.0,0.996511785110221
X,PID,21.4,1.0,0.996513085881976
X,PID,21.45,1.0,0.996526890412143
X,PID,21.5,1.0,0.996553726605697
X,PID,21.55,1.0,0.996591745779477
X,PID,21.6,1.0,0.99664021713627
X,PID,21.65,1.0,0.996698398130382
X,PID,21.7,1.0,0.996765537430789
X,PID,21.75,1.0,0.996840877884281
X,PID,21.8,1.0,0.996923659478607
X,PID,21.85,1.0,0.997013122305625
X,PID,21.9,1.0,0.99710850952445
X,PID,21.95,1.0,0.997209070324594
X,PID,22.0,1.0,0.99731488490891
X,PID,22.05,1.0,0.997425049777669
X,PID,22.1,1.0,0.997538723774522
X,PID,22.15,1.0,0.997655306190134
X,PID,22.2,1.0,0.997774226775707
X,PID,22.25,1.0,0.997894949120513
X,PID,22.3,1.0,0.99801697402942
X,PID,22.35,1.0,0.998139842900426
X,PID,22.4,1.0,0.998263141102186
X,PID,22.45,1.0,0.998386501351542
X,PID,22.5,1.0,0.998509607091057
X,PID,22.55,1.0,0.998630213134813
X,PID,22.6,1.0,0.998748792108431
X,PID,22.65,1.0,0.998865383537377
X,PID,22.7,1.0,0.998979707912183
X,PID,22.75,1.0,0.999091534080182
X,PID,22.8,1.0,0.99920068181973
X,PID,22.85,1.0,0.999307024414429
X,PID,22.9,1.0,0.999410491227345
X,PID,22.95,1.0,0.999511070275235
X,PID,23.0,1.0,0.999608810802769
X,PID,23.05,1.0,0.999703825856747
X,PID,23.1,1.0,0.999793828151528
X,PID,23.15,1.0,0.99987742082476
X,PID,23.2,1.0,0.999956753491319
X,PID,23.25,1.0,1.00003181672078
X,PID,23.3,1.0,1.00010263937794
X,PID,23.35,1.0,1.00016928962279
X,PID,23.4,1.0,1.00023187591051
X,PID,23.45,1.0,1.00029054799146
X,PID,23.5,1.0,1.0003454979112
X,PID,23.55,1.0,1.00039696101043
X,PID,23.6,1.0,1.00044521692501
X,PID,23.65,1.0,1.00049059058596
X,PID,23.7,1.0,1.00053034208747
X,PID,23.75,1.0,1.00056437001628
X,PID,23.8,1.0,1.00059456222213
X,PID,23.85,1.0,1.00062106218807
X,PID,23.9,1.0,1.0006440297423
X,PID,23.95,1.0,1.00066364072095
X,PID,24.0,1.0,1.00068008663083
X,PID,24.05,1.0,1.00069357431227
X,PID,24.1,1.0,1.00070432560185
X,PID,24.15,1.0,1.00071257699516
X,PID,24.2,1.0,1.00071857930966
X,PID,24.25,1.0,1.00072259734737
X,PID,24.3,1.0,1.00072416795309
X,PID,24.35,1.0,1.00072190343063
X,PID,24.4,1.0,1.00071748415341
X,PID,24.45,1.0,1.00071105371674
X,PID,24.5,1.0,1.00070275250638
X,PID,24.55,1.0,1.00069271676468
X,PID,24.6,1.0,1.00068107765661
X,PID,24.65,1.0,1.0006679603358
X,PID,24.7,1.0,1.00065348301067
X,PID,24.75,1.0,1.00063775601043
X,PID,24.8,1.0,1.00062088085121
X,PID,24.85,1.0,1.00060294930208
X,PID,24.9,1.0,1.00058404245111
X,PID,24.95,1.0,1.00056466021407
X,PID,25.0,1.0,1.00054499090423
X,PID,25.05,1.0,1.00052482188446
X,PID,25.1,1.0,1.00050423041123
X,PID,25.15,1.0,1.00048328249882
X,PID,25.2,1.0,1.00046203213676
X,PID,25.25,1.0,1.0004405205072
X,PID,25.3,1.0,1.00041877520237
X,PID,25.35,1.0,1.00039680944197
X,PID,25.4,1.0,1.00037462129053
X,PID,25.45,1.0,1.00035219287491
X,PID,25.5,1.0,1.00032948960163
X,PID,25.55,1.0,1.00030645937433
X,PID,25.6,1.0,1.00028384038789
X,PID,25.65,1.0,1.00026315543447
X,PID,25.7,1.0,1.00024286662839
X,PID,25.75,1.0,1.00022299760826
X,PID,25.8,1.0,1.0002035633749
X,PID,25.85,1.0,1.00018456996769
X,PID,25.9,1.0,1.00016601414086
X,PID,25.95,1.0,1.00014788303987
X,PID,26.0,1.0,1.00013015387768
X,PID,26.05,1.0,1.0001127936111
X,PID,26.1,1.0,1.00009575861711
X,PID,26.15,1.0,1.00007899436918
X,PID,26.2,1.0,1.00006243511361
X,PID,26.25,1.0,1.00004600354583
X,PID,26.3,1.0,1.00003052332422
X,PID,26.35,1.0,1.00001691768865
X,PID,26.4,1.0,1.00000396438278
X,PID,26.45,1.0,0.999991659068734
X,PID,26.5,1.0,0.999979993988132
X,PID,26.55,1.0,0.999968957974305
X,PID,26.6,1.0,0.999958536464473
X,PID,26.65,1.0,0.999948711511932
X,PID,26.7,1.0,0.999939461798247
X,PID,26.75,1.0,0.99993076264544
X,PID,26.8,1.0,0.999922586028179
X,PID,26.85,1.0,0.999914900585969
X,PID,26.9,1.0,0.999907671635337
X,PID,26.95,1.0,0.999900861182028
X,PID,27.0,1.0,0.999894427933187
X,PID,27.05,1.0,0.99988921246514
X,PID,27.1,1.0,0.999884903157152
X,PID,27.15,1.0,0.999881168769903
X,PID,27.2,1.0,0.999877989556578
X,PID,27.25,1.0,0.999875343844709
X,PID,27.3,1.0,0.999873208036165
X,PID,27.35,1.0,0.999871556607165
X,PID,27.4,1.0,0.999870362108264
X,PID,27.45,1.0,0.999869595164363
X,PID,27.5,1.0,0.999869224474707
X,PID,27.55,1.0,0.999869216812881
X,PID,27.6,1.0,0.999869537026814
X,PID,27.65,1.0,0.999870148038779
X,PID,27.7,1.0,0.999871010845389
X,PID,27.75,1.0,0.999872084517603
X,PID,27.8,1.0,0.99987332620072
X,PID,27.85,1.0,0.999875440200715
X,PID,27.9,1.0,0.999877915317227
X,PID,27.95,1.0,0.999880672101737
X,PID,28.0,1.0,0.99988369267818
X,PID,28.05,1.0,0.999886959545579
X,PID,28.1,1.0,0.99989045564867
X,PID,28.15,1.0,0.999894164448542
X,PID,28.2,1.0,0.999898069993256
X,PID,28.25,1.0,0.999902156988487
X,PID,28.3,1.0,0.999906410868144
X,PID,28.35,1.0,0.999910817865009
X,PID,28.4,1.0,0.99991536508136
X,PID,28.45,1.0,0.999920040559608
X,PID,28.5,1.0,0.999924833352922
X,PID,28.55,1.0,0.999929733595866
X,PID,28.6,1.0,0.99993473257502
X,PID,28.65,1.0,0.999939822799621
X,PID,28.7,1.0,0.999944864068366
X,PID,28.75,1.0,0.999949887180659
X,PID,28.8,1.0,0.999954898203667
X,PID,28.85,1.0,0.999959878157038
X,PID,28.9,1.0,0.999964807935107
X,PID,28.95,1.0,0.999969668306902
X,PID,29.0,1.0,0.99997443991614
X,PID,29.05,1.0,0.999979103281229
X,PID,29.1,1.0,0.999983638795269
X,PID,29.15,1.0,0.999988026726048
X,PID,29.2,1.0,0.999992247216045
X,PID,29.25,1.0,0.999996280282431
X,PID,29.3,1.0,1.00000010581707
X,PID,29.35,1.0,1.0000037035865
X,PID,29.4,1.0,1.00000705323198
X,PID,29.45,1.0,1.00001013426942
X,PID,29.5,1.0,1.00001292608947
X,PID,29.55,1.0,1.00001540795742
X,PID,29.6,1.0,1.00001762757226
X,PID,29.65,1.0,1.00002024319611
X,PID,29.7,1.0,1.00002267359124
X,PID,29.75,1.0,1.00002491926682
X,PID,29.8,1.0,1.00002698197234
X,PID,29.85,1.0,1.00002886473486
X,PID,29.9,1.0,1.00003057189639
X,PID,29.95,1.0,1.00003210915119
X,PID,30.0,1.0,1.00003348358312
X,RA-GCA-CGHTE,0.0,0.0,0.0
X,RA-GCA-CGHTE,0.05,0.0,2.542747986281123e-15
X,RA-GCA-CGHTE,0.1,0.0,1.3783737871731461e-14
X,RA-GCA-CGHTE,0.15,0.0,1.911767660510775e-14
X,RA-GCA-CGHTE,0.2,0.0,1.3693190446512504e-14
X,RA-GCA-CGHTE,0.25,0.0,4.9280387816538095e-14
X,RA-GCA-CGHTE,0.3,0.0,1.4112905935806121e-13
X,RA-GCA-CGHTE,0.35,0.0,2.1505915828818438e-13
X,RA-GCA-CGHTE,0.4,0.0,2.977571043995265e-13
X,RA-GCA-CGHTE,0.45,0.0,3.1607765494399295e-13
X,RA-GCA-CGHTE,0.5,0.0,4.687718000778713e-13
X,RA-GCA-CGHTE,0.55,0.0,6.810216750568675e-13
X,RA-GCA-CGHTE,0.6,0.0,9.33645872706594e-13
X,RA-GCA-CGHTE,0.65,0.0,1.178831517738959e-12
X,RA-GCA-CGHTE,0.7000000000000001,0.0,1.7158292859531969e-12
X,RA-GCA-CGHTE,0.75,0.0,2.8714818788846648e-12
X,RA-GCA-CGHTE,0.8,0.0,3.53091445367498e-12
X,RA-GCA-CGHTE,0.85,0.0,3.452198331359188e-12
X,RA-GCA-CGHTE,0.9,0.0,2.5468672817059505e-12
X,RA-GCA-CGHTE,0.95,0.0,1.1764001319965937e-12
X,RA-GCA-CGHTE,1.0,0.0,-5.568016870124062e-13
X,RA-GCA-CGHTE,1.05,0.0,-2.67195975026106e-12
X,RA-GCA-CGHTE,1.1,0.0,-4.8081804135324386e-12
X,RA-GCA-CGHTE,1.15,0.0,-7.066270682751519e-12
X,RA-GCA-CGHTE,1.2,0.0,-9.2968880045457e-12
X,RA-GCA-CGHTE,1.25,0.0,-1.1243774032980843e-11
X,RA-GCA-CGHTE,1.3,0.0,-1.2969243761359464e-11
X,RA-GCA-CGHTE,1.35,0.0,-1.4484308711841398e-11
X,RA-GCA-CGHTE,1.4,0.0,-1.6002332414794748e-11
X,RA-GCA-CGHTE,1.45,0.0,-1.7356365468919358e-11
X,RA-GCA-CGHTE,1.5,0.0,-1.8478866693783107e-11
X,RA-GCA-CGHTE,1.55,0.0,-1.9276970268062756e-11
X,RA-GCA-CGHTE,1.6,0.0,-1.975414837868588e-11
X,RA-GCA-CGHTE,1.65,0.0,-2.017991680616729e-11
X,RA-GCA-CGHTE,1.7,0.0,-2.0340127422489942e-11
X,RA-GCA-CGHTE,1.75,0.0,-2.035452055983616e-11
X,RA-GCA-CGHTE,1.8,0.0,-2.0223934013758465e-11
X,RA-GCA-CGHTE,1.85,0.0,-1.9980476810476183e-11
X,RA-GCA-CGHTE,1.9,0.0,-1.9705009452858434e-11
X,RA-GCA-CGHTE,1.95,0.0,-1.928143397901436e-11
X,RA-GCA-CGHTE,2.0,0.0,-1.8829536574893574e-11
X,RA-GCA-CGHTE,2.05,0.0,-1.835770127423737e-11
X,RA-GCA-CGHTE,2.1,0.0,-1.8051018607015e-11
X,RA-GCA-CGHTE,2.15,0.0,-1.7982694446246408e-11
X,RA-GCA-CGHTE,2.2,0.0,-1.7989372651060884e-11
X,RA-GCA-CGHTE,2.25,0.0,-1.7522852294324158e-11
X,RA-GCA-CGHTE,2.3000000000000003,0.0,-1.6643453326135382e-11
X,RA-GCA-CGHTE,2.35,0.0,-1.5463142745096477e-11
X,RA-GCA-CGHTE,2.4,0.0,-1.4167130931852487e-11
X,RA-GCA-CGHTE,2.45,0.0,-1.2793675333740528e-11
X,RA-GCA-CGHTE,2.5,0.0,-1.1541815564147791e-11
X,RA-GCA-CGHTE,2.5500000000000003,0.0,-1.033900877568202e-11
X,RA-GCA-CGHTE,2.6,0.0,-9.121822266574363e-12
X,RA-GCA-CGHTE,2.65,0.0,-7.904557889166878e-12
X,RA-GCA-CGHTE,2.7,0.0,-6.978601127710421e-12
X,RA-GCA-CGHTE,2.75,0.0,-6.0142041710397734e-12
X,RA-GCA-CGHTE,2.8000000000000003,0.0,-4.590394828220142e-12
X,RA-GCA-CGHTE,2.85,0.0,-2.7602359446845992e-12
X,RA-GCA-CGHTE,2.9,0.0,-9.632197252584296e-13
X,RA-GCA-CGHTE,2.95,0.0,8.453714476251465e-13
X,RA-GCA-CGHTE,3.0,0.0,3.130154435520188e-12
X,RA-GCA-CGHTE,3.0500000000000003,0.0,5.661576124660747e-12
X,RA-GCA-CGHTE,3.1,0.0,8.728725986455806e-12
X,RA-GCA-CGHTE,3.15,0.0,1.314427038509047e-11
X,RA-GCA-CGHTE,3.2,0.0,1.8399978535278936e-11
X,RA-GCA-CGHTE,3.25,0.0,2.4484284877031547e-11
X,RA-GCA-CGHTE,3.3000000000000003,0.0,3.142520379176853e-11
X,RA-GCA-CGHTE,3.35,0.0,3.8332614606085796e-11
X,RA-GCA-CGHTE,3.4,0.0,4.491826511933862e-11
X,RA-GCA-CGHTE,3.45,0.0,5.142979103697136e-11
X,RA-GCA-CGHTE,3.5,0.0,5.7227739787346863e-11
X,RA-GCA-CGHTE,3.5500000000000003,0.0,6.254245537696527e-11
X,RA-GCA-CGHTE,3.6,0.0,6.86184115367579e-11
X,RA-GCA-CGHTE,3.65,0.0,7.260704853615138e-11
X,RA-GCA-CGHTE,3.7,0.0,7.182394040814393e-11
X,RA-GCA-CGHTE,3.75,0.0,6.664597852493815e-11
X,RA-GCA-CGHTE,3.8,0.0,5.891792337876008e-11
X,RA-GCA-CGHTE,3.85,0.0,4.9459810992511066e-11
X,RA-GCA-CGHTE,3.9,0.0,3.937138687658137e-11
X,RA-GCA-CGHTE,3.95,0.0,2.8829282048831368e-11
X,RA-GCA-CGHTE,4.0,0.0,1.931653645237076e-11
X,RA-GCA-CGHTE,4.05,0.0,1.0795672432458232e-11
X,RA-GCA-CGHTE,4.1,0.0,4.167459677429779e-12
X,RA-GCA-CGHTE,4.15,0.0,-1.650120980750765e-12
X,RA-GCA-CGHTE,4.2,0.0,-5.9882575631716815e-12
X,RA-GCA-CGHTE,4.25,0.0,-1.002017900512134e-11
X,RA-GCA-CGHTE,4.3,0.0,-1.3069205937576376e-11
X,RA-GCA-CGHTE,4.3500000000000005,0.0,-1.4424099426349157e-11
X,RA-GCA-CGHTE,4.4,0.0,-1.411126942912227e-11
X,RA-GCA-CGHTE,4.45,0.0,-1.4466537696152968e-11
X,RA-GCA-CGHTE,4.5,0.0,-1.601227044692184e-11
X,RA-GCA-CGHTE,4.55,0.0,-1.832728437626199e-11
X,RA-GCA-CGHTE,4.6000000000000005,0.0,-1.987752255510352e-11
X,RA-GCA-CGHTE,4.65,0.0,-2.037423184647821e-11
X,RA-GCA-CGHTE,4.7,0.0,-2.081649272670153e-11
X,RA-GCA-CGHTE,4.75,0.0,-2.2445427487789823e-11
X,RA-GCA-CGHTE,4.8,0.0,-2.475112651118848e-11
X,RA-GCA-CGHTE,4.8500000000000005,0.0,-2.856835190305165e-11
X,RA-GCA-CGHTE,4.9,0.0,-3.346014315713479e-11
X,RA-GCA-CGHTE,4.95,0.0,-3.865423468081203e-11
X,RA-GCA-CGHTE,5.0,0.0,-4.3949591587965896e-11
X,RA-GCA-CGHTE,5.05,0.0,-4.896344376339922e-11
X,RA-GCA-CGHTE,5.1000000000000005,0.0,-5.348918804369496e-11
X,RA-GCA-CGHTE,5.15,0.0,-5.732742280972428e-11
X,RA-GCA-CGHTE,5.2,0.0,-6.04080293218146e-11
X,RA-GCA-CGHTE,5.25,0.0,-6.267028319081272e-11
X,RA-GCA-CGHTE,5.3,0.0,-6.40856730664241e-11
X,RA-GCA-CGHTE,5.3500000000000005,0.0,-6.471122833330156e-11
X,RA-GCA-CGHTE,5.4,0.0,-6.465843088269494e-11
X,RA-GCA-CGHTE,5.45,0.0,-6.392844529890294e-11
X,RA-GCA-CGHTE,5.5,0.0,-6.258120616793999e-11
X,RA-GCA-CGHTE,5.55,0.0,-6.062148727601096e-11
X,RA-GCA-CGHTE,5.6000000000000005,0.0,-5.819358711629113e-11
X,RA-GCA-CGHTE,5.65,0.0,-5.556428005311548e-11
X,RA-GCA-CGHTE,5.7,0.0,-5.2911200027084856e-11
X,RA-GCA-CGHTE,5.75,0.0,-4.9940590374885125e-11
X,RA-GCA-CGHTE,5.8,0.0,-4.7048168603093065e-11
X,RA-GCA-CGHTE,5.8500000000000005,0.0,-4.4265426675820696e-11
X,RA-GCA-CGHTE,5.9,0.0,-4.150350513402989e-11
X,RA-GCA-CGHTE,5.95,0.0,-3.8918808986705214e-11
X,RA-GCA-CGHTE,6.0,0.0,-3.646471291393532e-11
X,RA-GCA-CGHTE,6.05,0.0,-3.409171627170389e-11
X,RA-GCA-CGHTE,6.1000000000000005,0.0,-3.179166952992484e-11
X,RA-GCA-CGHTE,6.15,0.0,-2.968138211675095e-11
X,RA-GCA-CGHTE,6.2,0.0,-2.766479655860773e-11
X,RA-GCA-CGHTE,6.25,0.0,-2.6002854831010117e-11
X,RA-GCA-CGHTE,6.3,0.0,-2.4502823594655936e-11
X,RA-GCA-CGHTE,6.3500000000000005,0.0,-2.3173568874646208e-11
X,RA-GCA-CGHTE,6.4,0.0,-2.194943367975359e-11
X,RA-GCA-CGHTE,6.45,0.0,-2.0831727444445348e-11
X,RA-GCA-CGHTE,6.5,0.0,-1.979333931195452e-11
X,RA-GCA-CGHTE,6.55,0.0,-1.8752567419624348e-11
X,RA-GCA-CGHTE,6.6000000000000005,0.0,-1.769749647967932e-11
X,RA-GCA-CGHTE,6.65,0.0,-1.668217023337361e-11
X,RA-GCA-CGHTE,6.7,0.0,-1.5741441073776155e-11
X,RA-GCA-CGHTE,6.75,0.0,-1.4768759551773324e-11
X,RA-GCA-CGHTE,6.8,0.0,-1.3869780762086607e-11
X,RA-GCA-CGHTE,6.8500000000000005,0.0,-1.3057796770834782e-11
X,RA-GCA-CGHTE,6.9,0.0,-1.2201214285738684e-11
X,RA-GCA-CGHTE,6.95,0.0,-1.1467583347736382e-11
X,RA-GCA-CGHTE,7.0,0.0,-1.0964462381696488e-11
X,RA-GCA-CGHTE,7.05,0.0,-1.0350401218370046e-11
X,RA-GCA-CGHTE,7.1000000000000005,0.0,-9.966510894559238e-12
X,RA-GCA-CGHTE,7.15,0.0,-9.895808725164136e-12
X,RA-GCA-CGHTE,7.2,0.0,-9.985484493895995e-12
X,RA-GCA-CGHTE,7.25,0.0,-1.0268438601899036e-11
X,RA-GCA-CGHTE,7.3,0.0,-1.0813737476162056e-11
X,RA-GCA-CGHTE,7.35,0.0,-1.1498112873949178e-11
X,RA-GCA-CGHTE,7.4,0.0,-1.2285035452306518e-11
X,RA-GCA-CGHTE,7.45,0.0,-1.3102678924965089e-11
X,RA-GCA-CGHTE,7.5,0.0,-1.385794497997218e-11
X,RA-GCA-CGHTE,7.55,0.0,-1.4483267524314894e-11
X,RA-GCA-CGHTE,7.6,0.0,-1.5144146672746158e-11
X,RA-GCA-CGHTE,7.65,0.0,-1.6278653522850783e-11
X,RA-GCA-CGHTE,7.7,0.0,-1.7257471594418293e-11
X,RA-GCA-CGHTE,7.75,0.0,-1.816445478545017e-11
X,RA-GCA-CGHTE,7.8,0.0,-1.8746433145615662e-11
X,RA-GCA-CGHTE,7.85,0.0,-1.908277545567441e-11
X,RA-GCA-CGHTE,7.9,0.0,-1.8934179882025067e-11
X,RA-GCA-CGHTE,7.95,0.0,-1.7918882694767064e-11
X,RA-GCA-CGHTE,8.0,0.0,-1.6332348861605836e-11
X,RA-GCA-CGHTE,8.05,0.0,-1.481607020839572e-11
X,RA-GCA-CGHTE,8.1,0.0,-1.2953220428039903e-11
X,RA-GCA-CGHTE,8.15,0.0,-1.0826803122700516e-11
X,RA-GCA-CGHTE,8.2,0.0,-8.157829445648493e-12
X,RA-GCA-CGHTE,8.25,0.0,-5.6779844328024455e-12
X,RA-GCA-CGHTE,8.3,0.0,-3.5275407646286037e-12
X,RA-GCA-CGHTE,8.35,0.0,-2.371936986362565e-12
X,RA-GCA-CGHTE,8.4,0.0,-1.824468285215032e-12
X,RA-GCA-CGHTE,8.45,0.0,-2.8319362211136805e-12
X,RA-GCA-CGHTE,8.5,0.0,-2.4879370440272757e-12
X,RA-GCA-CGHTE,8.55,0.0,-5.006656168797492e-12
X,RA-GCA-CGHTE,8.6,0.0,-1.0927345218044352e-11
X,RA-GCA-CGHTE,8.65,0.0,-2.0835210010396303e-11
X,RA-GCA-CGHTE,8.700000000000001,0.0,-3.55658407839843e-11
X,RA-GCA-CGHTE,8.75,0.0,-5.2857136455244266e-11
X,RA-GCA-CGHTE,8.8,0.0,-7.109016299187704e-11
X,RA-GCA-CGHTE,8.85,0.0,-8.869295934113213e-11
X,RA-GCA-CGHTE,8.9,0.0,-1.0596579767952084e-10
X,RA-GCA-CGHTE,8.950000000000001,0.0,-1.2153214385407067e-10
X,RA-GCA-CGHTE,9.0,0.0,-1.3511260293874107e-10
X,RA-GCA-CGHTE,9.05,0.0,-1.4617373893905862e-10
X,RA-GCA-CGHTE,9.1,0.0,-1.5465592113807715e-10
X,RA-GCA-CGHTE,9.15,0.0,-1.6018156963733046e-10
X,RA-GCA-CGHTE,9.2,0.0,-1.635135434115983e-10
X,RA-GCA-CGHTE,9.25,0.0,-1.6452066251582236e-10
X,RA-GCA-CGHTE,9.3,0.0,-1.6494856117338983e-10
X,RA-GCA-CGHTE,9.35,0.0,-1.6533957359630954e-10
X,RA-GCA-CGHTE,9.4,0.0,-1.6552167362424603e-10
X,RA-GCA-CGHTE,9.45,0.0,-1.6484831237890852e-10
X,RA-GCA-CGHTE,9.5,0.0,-1.6287909146615477e-10
X,RA-GCA-CGHTE,9.55,0.0,-1.5943728549176572e-10
X,RA-GCA-CGHTE,9.6,0.0,-1.5435917462727318e-10
X,RA-GCA-CGHTE,9.65,0.0,-1.4825770292925748e-10
X,RA-GCA-CGHTE,9.7,0.0,-1.3985312016841835e-10
X,RA-GCA-CGHTE,9.75,0.0,-1.2929990554403814e-10
X,RA-GCA-CGHTE,9.8,0.0,-1.1742248243191338e-10
X,RA-GCA-CGHTE,9.85,0.0,-1.0472911665290082e-10
X,RA-GCA-CGHTE,9.9,0.0,-9.231550416923699e-11
X,RA-GCA-CGHTE,9.95,0.0,-8.074784028277963e-11
X,RA-GCA-CGHTE,10.0,1.0,-7.001664474214913e-11
X,RA-GCA-CGHTE,10.05,1.0,-0.0006636200963549
X,RA-GCA-CGHTE,10.1,1.0,-0.0010546839647784
X,RA-GCA-CGHTE,10.15,1.0,0.0007552665420686
X,RA-GCA-CGHTE,10.2,1.0,0.0061356268973174
X,RA-GCA-CGHTE,10.25,1.0,0.016019717797348
X,RA-GCA-CGHTE,10.3,1.0,0.0309617056359891
X,RA-GCA-CGHTE,10.35,1.0,0.051194085326014
X,RA-GCA-CGHTE,10.4,1.0,0.076684631060153
X,RA-GCA-CGHTE,10.45,1.0,0.1071888605438842
X,RA-GCA-CGHTE,10.5,1.0,0.1422961651081049
X,RA-GCA-CGHTE,10.55,1.0,0.1814697059053884
X,RA-GCA-CGHTE,10.6,1.0,0.2240811501540316
X,RA-GCA-CGHTE,10.65,1.0,0.269441488337249
X,RA-GCA-CGHTE,10.7,1.0,0.3168288386048923
X,RA-GCA-CGHTE,10.75,1.0,0.3655136338732853
X,RA-GCA-CGHTE,10.8,1.0,0.4147811799521489
X,RA-GCA-CGHTE,10.85,1.0,0.4639512809408836
X,RA-GCA-CGHTE,10.9,1.0,0.5123945694814553
X,RA-GCA-CGHTE,10.95,1.0,0.5595452654741929
X,RA-GCA-CGHTE,11.0,1.0,0.6049102595665856
X,RA-GCA-CGHTE,11.05,1.0,0.6480746410438681
X,RA-GCA-CGHTE,11.1,1.0,0.6887039433982904
X,RA-GCA-CGHTE,11.15,1.0,0.7265435514340752
X,RA-GCA-CGHTE,11.2,1.0,0.761415815217103
X,RA-GCA-CGHTE,11.25,1.0,0.7932153187237455
X,RA-GCA-CGHTE,11.3,1.0,0.821902840880482
X,RA-GCA-CGHTE,11.35,1.0,0.8474984252839312
X,RA-GCA-CGHTE,11.4,1.0,0.8700738979881419
X,RA-GCA-CGHTE,11.45,1.0,0.889745168676208
X,RA-GCA-CGHTE,11.5,1.0,0.906664495592653
X,RA-GCA-CGHTE,11.55,1.0,0.921012950015036
X,RA-GCA-CGHTE,11.6,1.0,0.932993169313962
X,RA-GCA-CGHTE,11.65,1.0,0.9428225607861356
X,RA-GCA-CGHTE,11.7,1.0,0.95072700786626
X,RA-GCA-CGHTE,11.75,1.0,0.9569351924212082
X,RA-GCA-CGHTE,11.8,1.0,0.9616735455352492
X,RA-GCA-CGHTE,11.85,1.0,0.9651618785774077
X,RA-GCA-CGHTE,11.9,1.0,0.967609729266126
X,RA-GCA-CGHTE,11.95,1.0,0.9692133833254007
X,RA-GCA-CGHTE,12.0,1.0,0.9701536409081184
X,RA-GCA-CGHTE,12.05,1.0,0.9705941253638236
X,RA-GCA-CGHTE,12.1,1.0,0.970680314297824
X,RA-GCA-CGHTE,12.15,1.0,0.9705390569577516
X,RA-GCA-CGHTE,12.2,1.0,0.970278605174732
X,RA-GCA-CGHTE,12.25,1.0,0.9699890579403484
X,RA-GCA-CGHTE,12.3,1.0,0.9697431627920108
X,RA-GCA-CGHTE,12.35,1.0,0.969597401410928
X,RA-GCA-CGHTE,12.4,1.0,0.9695932940273768
X,RA-GCA-CGHTE,12.45,1.0,0.9697588597965154
X,RA-GCA-CGHTE,12.5,1.0,0.9701101759541992
X,RA-GCA-CGHTE,12.55,1.0,0.9706529846342006
X,RA-GCA-CGHTE,12.6,1.0,0.9713843020896872
X,RA-GCA-CGHTE,12.65,1.0,0.9722939932834394
X,RA-GCA-CGHTE,12.7,1.0,0.9733662749332213
X,RA-GCA-CGHTE,12.75,1.0,0.9745811310402548
X,RA-GCA-CGHTE,12.8,1.0,0.97591559420175
X,RA-GCA-CGHTE,12.85,1.0,0.9773449382532784
X,RA-GCA-CGHTE,12.9,1.0,0.9788436912762386
X,RA-GCA-CGHTE,12.95,1.0,0.9803865236484576
X,RA-GCA-CGHTE,13.0,1.0,0.9819490010308732
X,RA-GCA-CGHTE,13.05,1.0,0.98350818284287
X,RA-GCA-CGHTE,13.1,1.0,0.9850430948580808
X,RA-GCA-CGHTE,13.15,1.0,0.9865350749192684
X,RA-GCA-CGHTE,13.2,1.0,0.9879680025060428
X,RA-GCA-CGHTE,13.25,1.0,0.9893283786142396
X,RA-GCA-CGHTE,13.3,1.0,0.990605542427436
X,RA-GCA-CGHTE,13.35,1.0,0.9917913611500409
X,RA-GCA-CGHTE,13.4,1.0,0.9928802917101676
X,RA-GCA-CGHTE,13.45,1.0,0.9938691166766208
X,RA-GCA-CGHTE,13.5,1.0,0.994756982932962
X,RA-GCA-CGHTE,13.55,1.0,0.9955448079559036
X,RA-GCA-CGHTE,13.6,1.0,0.9962352632188224
X,RA-GCA-CGHTE,13.65,1.0,0.9968324590987334
X,RA-GCA-CGHTE,13.7,1.0,0.997341674938504
X,RA-GCA-CGHTE,13.75,1.0,0.9977691067467772
X,RA-GCA-CGHTE,13.8,1.0,0.9981216157184702
X,RA-GCA-CGHTE,13.85,1.0,0.9984065001238668
X,RA-GCA-CGHTE,13.9,1.0,0.998631283659096
X,RA-GCA-CGHTE,13.95,1.0,0.9988035267895622
X,RA-GCA-CGHTE,14.0,1.0,0.9989306620666044
X,RA-GCA-CGHTE,14.05,1.0,0.9990198541841891
X,RA-GCA-CGHTE,14.1,1.0,0.9990778848637994
X,RA-GCA-CGHTE,14.15,1.0,0.999111061998334
X,RA-GCA-CGHTE,14.2,1.0,0.999125151812004
X,RA-GCA-CGHTE,14.25,1.0,0.9991253338908704
X,RA-GCA-CGHTE,14.3,1.0,0.9991161730770758
X,RA-GCA-CGHTE,14.35,1.0,0.9991016122349196
X,RA-GCA-CGHTE,14.4,1.0,0.9990849788896252
X,RA-GCA-CGHTE,14.45,1.0,0.9990690048752098
X,RA-GCA-CGHTE,14.5,1.0,0.9990558574912418
X,RA-GCA-CGHTE,14.55,1.0,0.9990471787428304
X,RA-GCA-CGHTE,14.6,1.0,0.999044131509013
X,RA-GCA-CGHTE,14.65,1.0,0.9990474496292088
X,RA-GCA-CGHTE,14.7,1.0,0.999057490718956
X,RA-GCA-CGHTE,14.75,1.0,0.999074294159448
X,RA-GCA-CGHTE,14.8,1.0,0.9990976226548576
X,RA-GCA-CGHTE,14.85,1.0,0.9991270264307548
X,RA-GCA-CGHTE,14.9,1.0,0.99916188502531
X,RA-GCA-CGHTE,14.95,1.0,0.999201462808842
X,RA-GCA-CGHTE,15.0,1.0,0.9992449404562036
X,RA-GCA-CGHTE,15.05,1.0,0.9992914556673268
X,RA-GCA-CGHTE,15.1,1.0,0.9993401356860196
X,RA-GCA-CGHTE,15.15,1.0,0.9993901249936504
X,RA-GCA-CGHTE,15.2,1.0,0.9994406082585088
X,RA-GCA-CGHTE,15.25,1.0,0.9994908286547346
X,RA-GCA-CGHTE,15.3,1.0,0.9995401017451574
X,RA-GCA-CGHTE,15.35,1.0,0.9995878253353598
X,RA-GCA-CGHTE,15.4,1.0,0.999633485613449
X,RA-GCA-CGHTE,15.45,1.0,0.999676651204329
X,RA-GCA-CGHTE,15.5,1.0,0.9997169932588542
X,RA-GCA-CGHTE,15.55,1.0,0.9997542859659848
X,RA-GCA-CGHTE,15.6,1.0,0.9997883630518772
X,RA-GCA-CGHTE,15.65,1.0,0.9998191408149074
X,RA-GCA-CGHTE,15.7,1.0,0.9998466091047938
X,RA-GCA-CGHTE,15.75,1.0,0.9998708200499118
X,RA-GCA-CGHTE,15.8,1.0,0.9998918794570734
X,RA-GCA-CGHTE,15.85,1.0,0.9999099380034828
X,RA-GCA-CGHTE,15.9,1.0,0.9999251824133284
X,RA-GCA-CGHTE,15.95,1.0,0.99993782708822
X,RA-GCA-CGHTE,16.0,1.0,0.9999480793206552
X,RA-GCA-CGHTE,16.05,1.0,0.9999562118465044
X,RA-GCA-CGHTE,16.1,1.0,0.9999624813375791
X,RA-GCA-CGHTE,16.15,1.0,0.9999671396162628
X,RA-GCA-CGHTE,16.2,1.0,0.9999704168615078
X,RA-GCA-CGHTE,16.25,1.0,0.9999725579494776
X,RA-GCA-CGHTE,16.3,1.0,0.9999737817856804
X,RA-GCA-CGHTE,16.35,1.0,0.9999742893015284
X,RA-GCA-CGHTE,16.4,1.0,0.9999742631436832
X,RA-GCA-CGHTE,16.45,1.0,0.9999738636577375
X,RA-GCA-CGHTE,16.5,1.0,0.9999732300207268
X,RA-GCA-CGHTE,16.55,1.0,0.999972483075174
X,RA-GCA-CGHTE,16.6,1.0,0.9999717242000212
X,RA-GCA-CGHTE,16.65,1.0,0.9999710352272516
X,RA-GCA-CGHTE,16.7,1.0,0.9999704797677748
X,RA-GCA-CGHTE,16.75,1.0,0.9999701045263192
X,RA-GCA-CGHTE,16.8,1.0,0.99996994051817
X,RA-GCA-CGHTE,16.85,1.0,0.999970005596985
X,RA-GCA-CGHTE,16.9,1.0,0.999970305991506
X,RA-GCA-CGHTE,16.95,1.0,0.9999708380827964
X,RA-GCA-CGHTE,17.0,1.0,0.9999715899289342
X,RA-GCA-CGHTE,17.05,1.0,0.9999725436489684
X,RA-GCA-CGHTE,17.1,1.0,0.9999736759689338
X,RA-GCA-CGHTE,17.150000000000002,1.0,0.9999749609760648
X,RA-GCA-CGHTE,17.2,1.0,0.9999763703217012
X,RA-GCA-CGHTE,17.25,1.0,0.9999778747598412
X,RA-GCA-CGHTE,17.3,1.0,0.9999794451451371
X,RA-GCA-CGHTE,17.35,1.0,0.9999810532798318
X,RA-GCA-CGHTE,17.400000000000002,1.0,0.999982672550534
X,RA-GCA-CGHTE,17.45,1.0,0.9999842784250071
X,RA-GCA-CGHTE,17.5,1.0,0.9999858489335552
X,RA-GCA-CGHTE,17.55,1.0,0.9999873649495424
X,RA-GCA-CGHTE,17.6,1.0,0.9999888103441968
X,RA-GCA-CGHTE,17.650000000000002,1.0,0.9999901720423462
X,RA-GCA-CGHTE,17.7,1.0,0.9999914396316416
X,RA-GCA-CGHTE,17.75,1.0,0.99999260598685
X,RA-GCA-CGHTE,17.8,1.0,0.9999936669802902
X,RA-GCA-CGHTE,17.85,1.0,0.999994620731306
X,RA-GCA-CGHTE,17.900000000000002,1.0,0.9999954675980376
X,RA-GCA-CGHTE,17.95,1.0,0.9999962098949716
X,RA-GCA-CGHTE,18.0,1.0,0.9999968515996812
X,RA-GCA-CGHTE,18.05,1.0,0.9999973980555136
X,RA-GCA-CGHTE,18.1,1.0,0.9999978556833
X,RA-GCA-CGHTE,18.15,1.0,0.9999982317009471
X,RA-GCA-CGHTE,18.2,1.0,0.9999985338637192
X,RA-GCA-CGHTE,18.25,1.0,0.9999987702248484
X,RA-GCA-CGHTE,18.3,1.0,0.9999989489221888
X,RA-GCA-CGHTE,18.35,1.0,0.999999077992108
X,RA-GCA-CGHTE,18.4,1.0,0.9999991651631318
X,RA-GCA-CGHTE,18.45,1.0,0.9999992177539264
X,RA-GCA-CGHTE,18.5,1.0,0.999999242721592
X,RA-GCA-CGHTE,18.55,1.0,0.9999992464554872
X,RA-GCA-CGHTE,18.6,1.0,0.9999992347167296
X,RA-GCA-CGHTE,18.65,1.0,0.9999992126060008
X,RA-GCA-CGHTE,18.7,1.0,0.9999991845397928
X,RA-GCA-CGHTE,18.75,1.0,0.9999991542645412
X,RA-GCA-CGHTE,18.8,1.0,0.9999991249344884
X,RA-GCA-CGHTE,18.85,1.0,0.9999990990144224
X,RA-GCA-CGHTE,18.9,1.0,0.9999990783498804
X,RA-GCA-CGHTE,18.95,1.0,0.999999064245896
X,RA-GCA-CGHTE,19.0,1.0,0.9999990575455152
X,RA-GCA-CGHTE,19.05,1.0,0.9999990586464844
X,RA-GCA-CGHTE,19.1,1.0,0.9999990677337892
X,RA-GCA-CGHTE,19.15,1.0,0.9999990845541242
X,RA-GCA-CGHTE,19.2,1.0,0.9999991086111428
X,RA-GCA-CGHTE,19.25,1.0,0.9999991392532376
X,RA-GCA-CGHTE,19.3,1.0,0.9999991756626748
X,RA-GCA-CGHTE,19.35,1.0,0.9999992169459272
X,RA-GCA-CGHTE,19.4,1.0,0.9999992621550192
X,RA-GCA-CGHTE,19.45,1.0,0.9999993103303736
X,RA-GCA-CGHTE,19.5,1.0,0.9999993605076078
X,RA-GCA-CGHTE,19.55,1.0,0.9999994117626244
X,RA-GCA-CGHTE,19.6,1.0,0.9999994632380824
X,RA-GCA-CGHTE,19.65,1.0,0.9999995141531138
X,RA-GCA-CGHTE,19.7,1.0,0.9999995638146446
X,RA-GCA-CGHTE,19.75,1.0,0.9999996116247112
X,RA-GCA-CGHTE,19.8,1.0,0.9999996570841696
X,RA-GCA-CGHTE,19.85,1.0,0.9999996997931172
X,RA-GCA-CGHTE,19.9,1.0,0.9999997394487814
X,RA-GCA-CGHTE,19.95,1.0,0.999999775840917
X,RA-GCA-CGHTE,20.0,1.0,0.9999998088456296
X,RA-GCA-CGHTE,20.05,1.0,0.9999998384178996
X,RA-GCA-CGHTE,20.1,1.0,0.9999998645862884
X,RA-GCA-CGHTE,20.15,1.0,0.9999998874453742
X,RA-GCA-CGHTE,20.2,1.0,0.999999907115484
X,RA-GCA-CGHTE,20.25,1.0,0.999999923775792
X,RA-GCA-CGHTE,20.3,1.0,0.9999999376379172
X,RA-GCA-CGHTE,20.35,1.0,0.9999999489379608
X,RA-GCA-CGHTE,20.4,1.0,0.9999999579282036
X,RA-GCA-CGHTE,20.45,1.0,0.9999999648690048
X,RA-GCA-CGHTE,20.5,1.0,0.9999999700227762
X,RA-GCA-CGHTE,20.55,1.0,0.9999999736471794
X,RA-GCA-CGHTE,20.6,1.0,0.999999975990752
X,RA-GCA-CGHTE,20.65,1.0,0.9999999772889426
X,RA-GCA-CGHTE,20.7,1.0,0.999999977766298
X,RA-GCA-CGHTE,20.75,1.0,0.9999999776112573
X,RA-GCA-CGHTE,20.8,1.0,0.9999999770082094
X,RA-GCA-CGHTE,20.85,1.0,0.9999999761150676
X,RA-GCA-CGHTE,20.9,1.0,0.99999997506825
X,RA-GCA-CGHTE,20.95,1.0,0.9999999739822668
X,RA-GCA-CGHTE,21.0,1.0,0.9999999729511048
X,RA-GCA-CGHTE,21.05,1.0,0.9999999720490502
X,RA-GCA-CGHTE,21.1,1.0,0.9999999713307394
X,RA-GCA-CGHTE,21.15,1.0,0.999999970833594
X,RA-GCA-CGHTE,21.2,1.0,0.9999999705858192
X,RA-GCA-CGHTE,21.25,1.0,0.999999970596382
X,RA-GCA-CGHTE,21.3,1.0,0.9999999708688648
X,RA-GCA-CGHTE,21.35,1.0,0.9999999713913148
X,RA-GCA-CGHTE,21.4,1.0,0.9999999721497612
X,RA-GCA-CGHTE,21.45,1.0,0.9999999731193342
X,RA-GCA-CGHTE,21.5,1.0,0.999999974274858
X,RA-GCA-CGHTE,21.55,1.0,0.9999999755855424
X,RA-GCA-CGHTE,21.6,1.0,0.999999977021516
X,RA-GCA-CGHTE,21.65,1.0,0.9999999785503196
X,RA-GCA-CGHTE,21.7,1.0,0.9999999801412373
X,RA-GCA-CGHTE,21.75,1.0,0.9999999817647356
X,RA-GCA-CGHTE,21.8,1.0,0.9999999833932924
X,RA-GCA-CGHTE,21.85,1.0,0.99999998500192
X,RA-GCA-CGHTE,21.9,1.0,0.9999999865685372
X,RA-GCA-CGHTE,21.95,1.0,0.9999999880741518
X,RA-GCA-CGHTE,22.0,1.0,0.9999999895029564
X,RA-GCA-CGHTE,22.05,1.0,0.9999999908426064
X,RA-GCA-CGHTE,22.1,1.0,0.9999999920837096
X,RA-GCA-CGHTE,22.15,1.0,0.9999999932198418
X,RA-GCA-CGHTE,22.2,1.0,0.99999999424734
X,RA-GCA-CGHTE,22.25,1.0,0.999999995165056
X,RA-GCA-CGHTE,22.3,1.0,0.9999999959740784
X,RA-GCA-CGHTE,22.35,1.0,0.9999999966774178
X,RA-GCA-CGHTE,22.4,1.0,0.9999999972797105
X,RA-GCA-CGHTE,22.45,1.0,0.9999999977869036
X,RA-GCA-CGHTE,22.5,1.0,0.9999999982059636
X,RA-GCA-CGHTE,22.55,1.0,0.999999998544592
X,RA-GCA-CGHTE,22.6,1.0,0.9999999988109486
X,RA-GCA-CGHTE,22.65,1.0,0.999999999013418
X,RA-GCA-CGHTE,22.7,1.0,0.9999999991604316
X,RA-GCA-CGHTE,22.75,1.0,0.999999999260254
X,RA-GCA-CGHTE,22.8,1.0,0.9999999993208094
X,RA-GCA-CGHTE,22.85,1.0,0.999999999349584
X,RA-GCA-CGHTE,22.9,1.0,0.999999999353496
X,RA-GCA-CGHTE,22.95,1.0,0.9999999993388534
X,RA-GCA-CGHTE,23.0,1.0,0.9999999993112934
X,RA-GCA-CGHTE,23.05,1.0,0.9999999992757558
X,RA-GCA-CGHTE,23.1,1.0,0.9999999992364894
X,RA-GCA-CGHTE,23.15,1.0,0.999999999197038
X,RA-GCA-CGHTE,23.2,1.0,0.999999999160286
X,RA-GCA-CGHTE,23.25,1.0,0.9999999991284988
X,RA-GCA-CGHTE,23.3,1.0,0.9999999991033448
X,RA-GCA-CGHTE,23.35,1.0,0.99999999908597
X,RA-GCA-CGHTE,23.4,1.0,0.9999999990770494
X,RA-GCA-CGHTE,23.45,1.0,0.9999999990768424
X,RA-GCA-CGHTE,23.5,1.0,0.9999999990852636
X,RA-GCA-CGHTE,23.55,1.0,0.9999999991019364
X,RA-GCA-CGHTE,23.6,1.0,0.9999999991262482
X,RA-GCA-CGHTE,23.65,1.0,0.9999999991574138
X,RA-GCA-CGHTE,23.7,1.0,0.9999999991945238
X,RA-GCA-CGHTE,23.75,1.0,0.9999999992365908
X,RA-GCA-CGHTE,23.8,1.0,0.9999999992825856
X,RA-GCA-CGHTE,23.85,1.0,0.9999999993314772
X,RA-GCA-CGHTE,23.9,1.0,0.9999999993822593
X,RA-GCA-CGHTE,23.95,1.0,0.9999999994339744
X,RA-GCA-CGHTE,24.0,1.0,0.9999999994857393
X,RA-GCA-CGHTE,24.05,1.0,0.999999999536762
X,RA-GCA-CGHTE,24.1,1.0,0.9999999995863412
X,RA-GCA-CGHTE,24.15,1.0,0.9999999996338788
X,RA-GCA-CGHTE,24.2,1.0,0.9999999996788844
X,RA-GCA-CGHTE,24.25,1.0,0.9999999997209698
X,RA-GCA-CGHTE,24.3,1.0,0.999999999759848
X,RA-GCA-CGHTE,24.35,1.0,0.9999999997953282
X,RA-GCA-CGHTE,24.4,1.0,0.9999999998273073
X,RA-GCA-CGHTE,24.45,1.0,0.9999999998557634
X,RA-GCA-CGHTE,24.5,1.0,0.9999999998807452
X,RA-GCA-CGHTE,24.55,1.0,0.999999999902361
X,RA-GCA-CGHTE,24.6,1.0,0.9999999999207688
X,RA-GCA-CGHTE,24.65,1.0,0.9999999999361704
X,RA-GCA-CGHTE,24.7,1.0,0.9999999999487952
X,RA-GCA-CGHTE,24.75,1.0,0.9999999999588958
X,RA-GCA-CGHTE,24.8,1.0,0.9999999999667376
X,RA-GCA-CGHTE,24.85,1.0,0.9999999999725926
X,RA-GCA-CGHTE,24.9,1.0,0.9999999999767316
X,RA-GCA-CGHTE,24.95,1.0,0.9999999999794188
X,RA-GCA-CGHTE,25.0,1.0,0.9999999999809068
X,RA-GCA-CGHTE,25.05,1.0,0.9999999999814332
X,RA-GCA-CGHTE,25.1,1.0,0.9999999999812174
X,RA-GCA-CGHTE,25.15,1.0,0.9999999999804576
X,RA-GCA-CGHTE,25.2,1.0,0.9999999999793312
X,RA-GCA-CGHTE,25.25,1.0,0.9999999999779914
X,RA-GCA-CGHTE,25.3,1.0,0.9999999999765704
X,RA-GCA-CGHTE,25.35,1.0,0.9999999999751772
X,RA-GCA-CGHTE,25.4,1.0,0.9999999999738995
X,RA-GCA-CGHTE,25.45,1.0,0.999999999972806
X,RA-GCA-CGHTE,25.5,1.0,0.999999999971946
X,RA-GCA-CGHTE,25.55,1.0,0.9999999999713516
X,RA-GCA-CGHTE,25.6,1.0,0.9999999999710426
X,RA-GCA-CGHTE,25.65,1.0,0.9999999999710236
X,RA-GCA-CGHTE,25.7,1.0,0.999999999971288
X,RA-GCA-CGHTE,25.75,1.0,0.999999999971822
X,RA-GCA-CGHTE,25.8,1.0,0.9999999999726036
X,RA-GCA-CGHTE,25.85,1.0,0.9999999999736054
X,RA-GCA-CGHTE,25.9,1.0,0.9999999999747976
X,RA-GCA-CGHTE,25.95,1.0,0.9999999999761472
X,RA-GCA-CGHTE,26.0,1.0,0.9999999999776192
X,RA-GCA-CGHTE,26.05,1.0,0.9999999999791812
X,RA-GCA-CGHTE,26.1,1.0,0.9999999999808002
X,RA-GCA-CGHTE,26.15,1.0,0.9999999999824462
X,RA-GCA-CGHTE,26.2,1.0,0.99999999998409
X,RA-GCA-CGHTE,26.25,1.0,0.999999999985707
X,RA-GCA-CGHTE,26.3,1.0,0.9999999999872746
X,RA-GCA-CGHTE,26.35,1.0,0.9999999999887744
X,RA-GCA-CGHTE,26.4,1.0,0.9999999999901912
X,RA-GCA-CGHTE,26.45,1.0,0.9999999999915123
X,RA-GCA-CGHTE,26.5,1.0,0.9999999999927298
X,RA-GCA-CGHTE,26.55,1.0,0.9999999999938368
X,RA-GCA-CGHTE,26.6,1.0,0.9999999999948314
X,RA-GCA-CGHTE,26.65,1.0,0.9999999999957128
X,RA-GCA-CGHTE,26.7,1.0,0.9999999999964836
X,RA-GCA-CGHTE,26.75,1.0,0.9999999999971472
X,RA-GCA-CGHTE,26.8,1.0,0.9999999999977094
X,RA-GCA-CGHTE,26.85,1.0,0.9999999999981766
X,RA-GCA-CGHTE,26.9,1.0,0.9999999999985556
X,RA-GCA-CGHTE,26.95,1.0,0.9999999999988554
X,RA-GCA-CGHTE,27.0,1.0,0.9999999999990844
X,RA-GCA-CGHTE,27.05,1.0,0.999999999999252
X,RA-GCA-CGHTE,27.1,1.0,0.9999999999993668
X,RA-GCA-CGHTE,27.15,1.0,0.9999999999994368
X,RA-GCA-CGHTE,27.2,1.0,0.9999999999994704
X,RA-GCA-CGHTE,27.25,1.0,0.9999999999994744
X,RA-GCA-CGHTE,27.3,1.0,0.9999999999994564
X,RA-GCA-CGHTE,27.35,1.0,0.9999999999994228
X,RA-GCA-CGHTE,27.4,1.0,0.9999999999993786
X,RA-GCA-CGHTE,27.45,1.0,0.9999999999993294
X,RA-GCA-CGHTE,27.5,1.0,0.9999999999992786
X,RA-GCA-CGHTE,27.55,1.0,0.9999999999992298
X,RA-GCA-CGHTE,27.6,1.0,0.9999999999991857
X,RA-GCA-CGHTE,27.65,1.0,0.9999999999991483
X,RA-GCA-CGHTE,27.7,1.0,0.9999999999991191
X,RA-GCA-CGHTE,27.75,1.0,0.9999999999990994
X,RA-GCA-CGHTE,27.8,1.0,0.9999999999990892
X,RA-GCA-CGHTE,27.85,1.0,0.9999999999990884
X,RA-GCA-CGHTE,27.9,1.0,0.9999999999990964
X,RA-GCA-CGHTE,27.95,1.0,0.9999999999991132
X,RA-GCA-CGHTE,28.0,1.0,0.9999999999991384
X,RA-GCA-CGHTE,28.05,1.0,0.9999999999991704
X,RA-GCA-CGHTE,28.1,1.0,0.9999999999992089
X,RA-GCA-CGHTE,28.15,1.0,0.9999999999992524
X,RA-GCA-CGHTE,28.2,1.0,0.9999999999992996
X,RA-GCA-CGHTE,28.25,1.0,0.99999999999935
X,RA-GCA-CGHTE,28.3,1.0,0.9999999999994016
X,RA-GCA-CGHTE,28.35,1.0,0.9999999999994542
X,RA-GCA-CGHTE,28.4,1.0,0.9999999999995064
X,RA-GCA-CGHTE,28.45,1.0,0.9999999999995576
X,RA-GCA-CGHTE,28.5,1.0,0.9999999999996076
X,RA-GCA-CGHTE,28.55,1.0,0.999999999999655
X,RA-GCA-CGHTE,28.6,1.0,0.9999999999997
X,RA-GCA-CGHTE,28.65,1.0,0.9999999999997414
X,RA-GCA-CGHTE,28.7,1.0,0.9999999999997796
X,RA-GCA-CGHTE,28.75,1.0,0.9999999999998144
X,RA-GCA-CGHTE,28.8,1.0,0.9999999999998448
X,RA-GCA-CGHTE,28.85,1.0,0.9999999999998715
X,RA-GCA-CGHTE,28.9,1.0,0.999999999999895
X,RA-GCA-CGHTE,28.95,1.0,0.9999999999999148
X,RA-GCA-CGHTE,29.0,1.0,0.9999999999999316
X,RA-GCA-CGHTE,29.05,1.0,0.9999999999999454
X,RA-GCA-CGHTE,29.1,1.0,0.9999999999999564
X,RA-GCA-CGHTE,29.15,1.0,0.999999999999965
X,RA-GCA-CGHTE,29.2,1.0,0.9999999999999712
X,RA-GCA-CGHTE,29.25,1.0,0.9999999999999756
X,RA-GCA-CGHTE,29.3,1.0,0.9999999999999784
X,RA-GCA-CGHTE,29.35,1.0,0.99999999999998
X,RA-GCA-CGHTE,29.4,1.0,0.9999999999999802
X,RA-GCA-CGHTE,29.45,1.0,0.99999999999998
X,RA-GCA-CGHTE,29.5,1.0,0.9999999999999796
X,RA-GCA-CGHTE,29.55,1.0,0.9999999999999784
X,RA-GCA-CGHTE,29.6,1.0,0.9999999999999772
X,RA-GCA-CGHTE,29.65,1.0,0.999999999999976
X,RA-GCA-CGHTE,29.7,1.0,0.999999999999975
X,RA-GCA-CGHTE,29.75,1.0,0.999999999999974
X,RA-GCA-CGHTE,29.8,1.0,0.9999999999999726
X,RA-GCA-CGHTE,29.85,1.0,0.9999999999999716
X,RA-GCA-CGHTE,29.9,1.0,0.9999999999999712
X,RA-GCA-CGHTE,29.95,1.0,0.9999999999999708
X,RA-GCA-CGHTE,30.0,1.0,0.9999999999999708
Y,PID,0.0,0.0,0.0
Y,PID,0.05,0.0,1.03139928290778e-14
Y,PID,0.1,0.0,4.16747514202862e-14
Y,PID,0.15,0.0,4.72604193407842e-14
Y,PID,0.2,0.0,7.38318779266934e-14
Y,PID,0.25,0.0,9.618320077965931e-14
Y,PID,0.3,0.0,1.13105731159966e-13
Y,PID,0.35,0.0,1.18049612939299e-13
Y,PID,0.4,0.0,1.05248374751858e-13
Y,PID,0.45,0.0,8.63912376790747e-14
Y,PID,0.5,0.0,7.2859503050949e-14
Y,PID,0.55,0.0,6.607090857672681e-14
Y,PID,0.6,0.0,5.94346228862882e-14
Y,PID,0.65,0.0,5.36124783960672e-14
Y,PID,0.7,0.0,5.19098877093133e-14
Y,PID,0.75,0.0,5.66025623439393e-14
Y,PID,0.8,0.0,7.753043882877941e-14
Y,PID,0.85,0.0,1.25697777590153e-13
Y,PID,0.9,0.0,1.86568414109385e-13
Y,PID,0.95,0.0,2.96368850763356e-13
Y,PID,1.0,0.0,4.70267416733975e-13
Y,PID,1.05,0.0,7.17830638188502e-13
Y,PID,1.1,0.0,1.04994016628621e-12
Y,PID,1.15,0.0,1.47354197272325e-12
Y,PID,1.2,0.0,1.99152006236377e-12
Y,PID,1.25,0.0,2.60463504521315e-12
Y,PID,1.3,0.0,3.3098555006525797e-12
Y,PID,1.35,0.0,4.09551502930044e-12
Y,PID,1.4,0.0,4.9489931834959496e-12
Y,PID,1.45,0.0,5.85711978515262e-12
Y,PID,1.5,0.0,6.80800149715149e-12
Y,PID,1.55,0.0,7.78808439088727e-12
Y,PID,1.6,0.0,8.78092136208044e-12
Y,PID,1.65,0.0,9.77420515126321e-12
Y,PID,1.7,0.0,1.0754248687422199e-11
Y,PID,1.75,0.0,1.1712256791141598e-11
Y,PID,1.8,0.0,1.2636103441520899e-11
Y,PID,1.85,0.0,1.3514468010166398e-11
Y,PID,1.9,0.0,1.43368816900323e-11
Y,PID,1.95,0.0,1.5096143764029597e-11
Y,PID,2.0,0.0,1.5790982326023e-11
Y,PID,2.05,0.0,1.64141055812185e-11
Y,PID,2.1,0.0,1.69629237466428e-11
Y,PID,2.15,0.0,1.74367989299456e-11
Y,PID,2.2,0.0,1.78372000027477e-11
Y,PID,2.25,0.0,1.8158219454012498e-11
Y,PID,2.3,0.0,1.8400613111671597e-11
Y,PID,2.35,0.0,1.85696495291509e-11
Y,PID,2.4,0.0,1.8669318668971198e-11
Y,PID,2.45,0.0,1.8704854039951898e-11
Y,PID,2.5,0.0,1.86827326972107e-11
Y,PID,2.55,0.0,1.86136286607237e-11
Y,PID,2.6,0.0,1.84896774562003e-11
Y,PID,2.65,0.0,1.8307909399018797e-11
Y,PID,2.7,0.0,1.8069420827600397e-11
Y,PID,2.75,0.0,1.7786392522380398e-11
Y,PID,2.8,0.0,1.7451923251919597e-11
Y,PID,2.85,0.0,1.7066708449674198e-11
Y,PID,2.9,0.0,1.6636211844829898e-11
Y,PID,2.95,0.0,1.6153159833679197e-11
Y,PID,3.0,0.0,1.56231769108723e-11
Y,PID,3.05,0.0,1.50596174718283e-11
Y,PID,3.1,0.0,1.44745886887719e-11
Y,PID,3.15,0.0,1.3880602119337198e-11
Y,PID,3.2,0.0,1.3228364829670098e-11
Y,PID,3.25,0.0,1.2545818882756599e-11
Y,PID,3.3,0.0,1.1861110031109698e-11
Y,PID,3.35,0.0,1.1142339165467899e-11
Y,PID,3.4,0.0,1.0441780797270699e-11
Y,PID,3.45,0.0,9.77577102659077e-12
Y,PID,3.5,0.0,9.13039175179254e-12
Y,PID,3.55,0.0,8.511104301802109e-12
Y,PID,3.6,0.0,7.915059661567539e-12
Y,PID,3.65,0.0,7.356350307777959e-12
Y,PID,3.7,0.0,6.8662181395044294e-12
Y,PID,3.75,0.0,6.478631143513909e-12
Y,PID,3.8,0.0,6.17504875360202e-12
Y,PID,3.85,0.0,5.95347685859933e-12
Y,PID,3.9,0.0,5.78857792341053e-12
Y,PID,3.95,0.0,5.66585121170524e-12
Y,PID,4.0,0.0,5.56388398373334e-12
Y,PID,4.05,0.0,5.49102832468299e-12
Y,PID,4.1,0.0,5.4694633986401994e-12
Y,PID,4.15,0.0,5.49165682161277e-12
Y,PID,4.2,0.0,5.58180723562968e-12
Y,PID,4.25,0.0,5.73734505690643e-12
Y,PID,4.3,0.0,5.95445462362702e-12
Y,PID,4.35,0.0,6.22872697336127e-12
Y,PID,4.4,0.0,6.550381099182929e-12
Y,PID,4.45,0.0,6.902037267103199e-12
Y,PID,4.5,0.0,7.294344446793669e-12
Y,PID,4.55,0.0,7.72068203593796e-12
Y,PID,4.6,0.0,8.190950460706049e-12
Y,PID,4.65,0.0,8.72423289737422e-12
Y,PID,4.7,0.0,9.34271558148823e-12
Y,PID,4.75,0.0,1.00244975377403e-11
Y,PID,4.8,0.0,1.0785987211917499e-11
Y,PID,4.85,0.0,1.1619039618126e-11
Y,PID,4.9,0.0,1.2494440488515498e-11
Y,PID,4.95,0.0,1.33801433857292e-11
Y,PID,5.0,0.0,1.4246321440259e-11
Y,PID,5.05,0.0,1.50455497980687e-11
Y,PID,5.1,0.0,1.57715088122775e-11
Y,PID,5.15,0.0,1.6439842588589198e-11
Y,PID,5.2,0.0,1.7021762030638898e-11
Y,PID,5.25,0.0,1.75310448647607e-11
Y,PID,5.3,0.0,1.7962928300896598e-11
Y,PID,5.35,0.0,1.83222511780036e-11
Y,PID,5.4,0.0,1.86039554260578e-11
Y,PID,5.45,0.0,1.8808444788519397e-11
Y,PID,5.5,0.0,1.89395944835976e-11
Y,PID,5.55,0.0,1.89952262765193e-11
Y,PID,5.6,0.0,1.8976345448256698e-11
Y,PID,5.65,0.0,1.88882519092277e-11
Y,PID,5.7,0.0,1.87301842298649e-11
Y,PID,5.75,0.0,1.8503050290687498e-11
Y,PID,5.8,0.0,1.8211403984409397e-11
Y,PID,5.85,0.0,1.7873836005876197e-11
Y,PID,5.9,0.0,1.7494676591082002e-11
Y,PID,5.95,0.0,1.7068378217053398e-11
Y,PID,6.0,0.0,1.6604419314865697e-11
Y,PID,6.05,0.0,1.6103664240154297e-11
Y,PID,6.1,0.0,1.5573101861344898e-11
Y,PID,6.15,0.0,1.5021724300845e-11
Y,PID,6.2,0.0,1.4438381001035098e-11
Y,PID,6.25,0.0,1.3811183660988398e-11
Y,PID,6.3,0.0,1.313875267406e-11
Y,PID,6.35,0.0,1.2422750475767599e-11
Y,PID,6.4,0.0,1.16592201594822e-11
Y,PID,6.45,0.0,1.0850098557691399e-11
Y,PID,6.5,0.0,1.00028179864192e-11
Y,PID,6.55,0.0,9.10828683443338e-12
Y,PID,6.6,0.0,8.164859449437239e-12
Y,PID,6.65,0.0,7.168159930529889e-12
Y,PID,6.7,0.0,6.09954251297924e-12
Y,PID,6.75,0.0,4.94054905175405e-12
Y,PID,6.8,0.0,3.67210173622498e-12
Y,PID,6.85,0.0,2.31743936341841e-12
Y,PID,6.9,0.0,8.62875418763469e-13
Y,PID,6.95,0.0,-6.890242571880409e-13
Y,PID,7.0,0.0,-2.34350541133119e-12
Y,PID,7.05,0.0,-4.0874923675422896e-12
Y,PID,7.1,0.0,-5.9078337902573396e-12
Y,PID,7.15,0.0,-7.80513629988963e-12
Y,PID,7.2,0.0,-9.75966626585354e-12
Y,PID,7.25,0.0,-1.1754095060014698e-11
Y,PID,7.3,0.0,-1.3771443793037199e-11
Y,PID,7.35,0.0,-1.5790834828914297e-11
Y,PID,7.4,0.0,-1.7788647687416898e-11
Y,PID,7.45,0.0,-1.97463580643222e-11
Y,PID,7.5,0.0,-2.1664255732707297e-11
Y,PID,7.55,0.0,-2.3522924593680597e-11
Y,PID,7.6,0.0,-2.5314366717814796e-11
Y,PID,7.65,0.0,-2.70285417966065e-11
Y,PID,7.7,0.0,-2.8658903402736596e-11
Y,PID,7.75,0.0,-3.0208266568463596e-11
Y,PID,7.8,0.0,-3.1681851640989795e-11
Y,PID,7.85,0.0,-2.9901838643528896e-11
Y,PID,7.9,0.0,-2.2863526665778697e-11
Y,PID,7.95,0.0,-9.81263763296022e-12
Y,PID,8.0,0.0,1.1165280001871399e-11
Y,PID,8.05,0.0,3.6449156914182e-11
Y,PID,8.1,0.0,5.807824662664639e-11
Y,PID,8.15,0.0,7.5840992351528e-11
Y,PID,8.2,0.0,8.43180246950854e-11
Y,PID,8.25,0.0,7.64282591312906e-11
Y,PID,8.3,0.0,4.6608501742378097e-11
Y,PID,8.35,0.0,3.05630808910489e-11
Y,PID,8.4,0.0,5.863474235861139e-12
Y,PID,8.45,0.0,-2.8419676010303298e-11
Y,PID,8.5,0.0,-7.317447689834109e-11
Y,PID,8.55,0.0,-1.2924778474292002e-10
Y,PID,8.6,0.0,-1.78103445826864e-10
Y,PID,8.65,0.0,-1.91291876124761e-10
Y,PID,8.7,0.0,-1.8874346593757502e-10
Y,PID,8.75,0.0,-1.67119496252706e-10
Y,PID,8.8,0.0,-1.23081248057552e-10
Y,PID,8.85,0.0,-5.32900023395181e-11
Y,PID,8.9,0.0,3.87489420822378e-11
Y,PID,8.95,0.0,1.39441096798172e-10
Y,PID,9.0,0.0,2.59136080407822e-10
Y,PID,9.05,0.0,3.97142138757798e-10
Y,PID,9.1,0.0,5.52386225660631e-10
Y,PID,9.15,0.0,7.23414002894813e-10
Y,PID,9.2,0.0,9.083898402047601e-10
Y,PID,9.25,0.0,1.1009689473248301e-09
Y,PID,9.3,0.0,1.2949714668268902e-09
Y,PID,9.35,0.0,1.48944528812472e-09
Y,PID,9.4,0.0,1.6797985294547302e-09
Y,PID,9.45,0.0,1.8609516576776102e-09
Y,PID,9.5,0.0,2.02733748827835e-09
Y,PID,9.55,0.0,2.1729011853662504e-09
Y,PID,9.6,0.0,2.30313991283453e-09
Y,PID,9.65,0.0,2.44403284618666e-09
Y,PID,9.7,0.0,2.5700196737161604e-09
Y,PID,9.75,0.0,2.67871806600493e-09
Y,PID,9.8,0.0,2.7677218991213e-09
Y,PID,9.85,0.0,2.83460125461997e-09
Y,PID,9.9,0.0,2.8769024195420702e-09
Y,PID,9.95,0.0,2.89214788641512e-09
Y,PID,10.0,1.0,2.8807880269669604e-09
Y,PID,10.05,1.0,-0.0042487821003916
Y,PID,10.1,1.0,0.0036638134605599
Y,PID,10.15,1.0,0.0091196596961612
Y,PID,10.2,1.0,0.0180412447449529
Y,PID,10.25,1.0,0.0296621377946837
Y,PID,10.3,1.0,0.0439646187626782
Y,PID,10.35,1.0,0.0608906005221552
Y,PID,10.4,1.0,0.0803067328332328
Y,PID,10.45,1.0,0.102060271471311
Y,PID,10.5,1.0,0.125982500709081
Y,PID,10.55,1.0,0.151894463234085
Y,PID,10.6,1.0,0.179611038401891
Y,PID,10.65,1.0,0.208949666347126
Y,PID,10.7,1.0,0.239730319045663
Y,PID,10.75,1.0,0.271783514283883
Y,PID,10.8,1.0,0.304929493809768
Y,PID,10.85,1.0,0.338989810542651
Y,PID,10.9,1.0,0.373793843490009
Y,PID,10.95,1.0,0.409179185729243
Y,PID,11.0,1.0,0.444987858330581
Y,PID,11.05,1.0,0.48106907926519
Y,PID,11.1,1.0,0.517278723279082
Y,PID,11.15,1.0,0.553478387232696
Y,PID,11.2,1.0,0.589536682467967
Y,PID,11.25,1.0,0.625329503043926
Y,PID,11.3,1.0,0.660739697412061
Y,PID,11.35,1.0,0.695657242718661
Y,PID,11.4,1.0,0.729979257024843
Y,PID,11.45,1.0,0.763610066697285
Y,PID,11.5,1.0,0.796461182616202
Y,PID,11.55,1.0,0.828451357411859
Y,PID,11.6,1.0,0.859509779938918
Y,PID,11.65,1.0,0.889568008789072
Y,PID,11.7,1.0,0.918556093226375
Y,PID,11.75,1.0,0.946432528465153
Y,PID,11.8,1.0,0.973143485922432
Y,PID,11.85,1.0,0.998649866233467
Y,PID,11.9,1.0,1.02291775637673
Y,PID,11.95,1.0,1.04591925773122
Y,PID,12.0,1.0,1.06763150773415
Y,PID,12.05,1.0,1.08803995734947
Y,PID,12.1,1.0,1.10713280222684
Y,PID,12.15,1.0,1.12490485282991
Y,PID,12.2,1.0,1.14135775445943
Y,PID,12.25,1.0,1.15649436046259
Y,PID,12.3,1.0,1.17032476526396
Y,PID,12.35,1.0,1.18286311877141
Y,PID,12.4,1.0,1.19412394779906
Y,PID,12.45,1.0,1.20412973351889
Y,PID,12.5,1.0,1.21290667339085
Y,PID,12.55,1.0,1.22048014839526
Y,PID,12.6,1.0,1.22688121085988
Y,PID,12.65,1.0,1.23214635286103
Y,PID,12.7,1.0,1.23631173755735
Y,PID,12.75,1.0,1.23941032039077
Y,PID,12.8,1.0,1.24148732623166
Y,PID,12.85,1.0,1.24258756287451
Y,PID,12.9,1.0,1.242753444899
Y,PID,12.95,1.0,1.24202756473
Y,PID,13.0,1.0,1.24045928370314
Y,PID,13.05,1.0,1.23809666088158
Y,PID,13.1,1.0,1.23498662585459
Y,PID,13.15,1.0,1.23117560438217
Y,PID,13.2,1.0,1.22671223155023
Y,PID,13.25,1.0,1.22164368703958
Y,PID,13.3,1.0,1.21601795040213
Y,PID,13.35,1.0,1.20988466168962
Y,PID,13.4,1.0,1.20328870896805
Y,PID,13.45,1.0,1.19627550766724
Y,PID,13.5,1.0,1.1888892619381
Y,PID,13.55,1.0,1.18117930361086
Y,PID,13.6,1.0,1.17318666015955
Y,PID,13.65,1.0,1.16495347691806
Y,PID,13.7,1.0,1.15652051122434
Y,PID,13.75,1.0,1.14792851497611
Y,PID,13.8,1.0,1.13921914059497
Y,PID,13.85,1.0,1.13042821249939
Y,PID,13.9,1.0,1.12159171732976
Y,PID,13.95,1.0,1.1127439698871
Y,PID,14.0,1.0,1.1039181877906
Y,PID,14.05,1.0,1.09514574988634
Y,PID,14.1,1.0,1.08645544891282
Y,PID,14.15,1.0,1.0778744184278
Y,PID,14.2,1.0,1.06942769531982
Y,PID,14.25,1.0,1.06114045763614
Y,PID,14.3,1.0,1.05303797716209
Y,PID,14.35,1.0,1.0451382747431
Y,PID,14.4,1.0,1.03745957792718
Y,PID,14.45,1.0,1.03001802405813
Y,PID,14.5,1.0,1.0228276027445
Y,PID,14.55,1.0,1.01590888016514
Y,PID,14.6,1.0,1.00927035615754
Y,PID,14.65,1.0,1.00292161253588
Y,PID,14.7,1.0,0.996870788362552
Y,PID,14.75,1.0,0.991124171880058
Y,PID,14.8,1.0,0.985687643744781
Y,PID,14.85,1.0,0.98057183692106
Y,PID,14.9,1.0,0.975775612202252
Y,PID,14.95,1.0,0.971300393323126
Y,PID,15.0,1.0,0.967146169449586
Y,PID,15.05,1.0,0.963311518671177
Y,PID,15.1,1.0,0.959795113983276
Y,PID,15.15,1.0,0.956598344781995
Y,PID,15.2,1.0,0.953714332834054
Y,PID,15.25,1.0,0.95113811492385
Y,PID,15.3,1.0,0.948863757147827
Y,PID,15.35,1.0,0.946884402024017
Y,PID,15.4,1.0,0.945192586315612
Y,PID,15.45,1.0,0.943783354456205
Y,PID,15.5,1.0,0.942646269329235
Y,PID,15.55,1.0,0.941772154321947
Y,PID,15.6,1.0,0.941151298052783
Y,PID,15.65,1.0,0.940773512444757
Y,PID,15.7,1.0,0.940628190798836
Y,PID,15.75,1.0,0.940705072575388
Y,PID,15.8,1.0,0.940993060507141
Y,PID,15.85,1.0,0.941480648322757
Y,PID,15.9,1.0,0.942156393317285
Y,PID,15.95,1.0,0.943008764641573
Y,PID,16.0,1.0,0.944026204042803
Y,PID,16.05,1.0,0.945197050735234
Y,PID,16.1,1.0,0.946508202712604
Y,PID,16.15,1.0,0.94794897478359
Y,PID,16.2,1.0,0.949507937482667
Y,PID,16.25,1.0,0.951173878975382
Y,PID,16.3,1.0,0.952935861853623
Y,PID,16.35,1.0,0.954783279930892
Y,PID,16.4,1.0,0.956704888376941
Y,PID,16.45,1.0,0.958686904212898
Y,PID,16.5,1.0,0.960721554950925
Y,PID,16.55,1.0,0.962799107332425
Y,PID,16.6,1.0,0.96491028811025
Y,PID,16.65,1.0,0.967046330818262
Y,PID,16.7,1.0,0.969199022540891
Y,PID,16.75,1.0,0.971360275226807
Y,PID,16.8,1.0,0.973514822543826
Y,PID,16.85,1.0,0.975659765678343
Y,PID,16.9,1.0,0.977788042340823
Y,PID,16.95,1.0,0.979893149653333
Y,PID,17.0,1.0,0.981969176526785
Y,PID,17.05,1.0,0.984010836038176
Y,PID,17.1,1.0,0.986013497807828
Y,PID,17.15,1.0,0.987967315181467
Y,PID,17.2,1.0,0.989865897952074
Y,PID,17.25,1.0,0.99170835109926
Y,PID,17.3,1.0,0.99349106298919
Y,PID,17.35,1.0,0.995210974198726
Y,PID,17.4,1.0,0.996865594175396
Y,PID,17.45,1.0,0.998453017897355
Y,PID,17.5,1.0,0.999971942533357
Y,PID,17.55,1.0,1.00141177769172
Y,PID,17.6,1.0,1.0027744670688
Y,PID,17.65,1.0,1.00406030914104
Y,PID,17.7,1.0,1.00526858480575
Y,PID,17.75,1.0,1.00639899985212
Y,PID,17.8,1.0,1.00745168695183
Y,PID,17.85,1.0,1.00842720764969
Y,PID,17.9,1.0,1.00932655435426
Y,PID,17.95,1.0,1.01014481218444
Y,PID,18.0,1.0,1.01088508046171
Y,PID,18.05,1.0,1.01154962765995
Y,PID,18.1,1.0,1.01213998370242
Y,PID,18.15,1.0,1.01265796628055
Y,PID,18.2,1.0,1.0131056744861
Y,PID,18.25,1.0,1.01348548244336
Y,PID,18.3,1.0,1.01380003294129
Y,PID,18.35,1.0,1.014048004984
Y,PID,18.4,1.0,1.01423128803198
Y,PID,18.45,1.0,1.01435437508822
Y,PID,18.5,1.0,1.01441988814476
Y,PID,18.55,1.0,1.01443055663952
Y,PID,18.6,1.0,1.01438920412771
Y,PID,18.65,1.0,1.01429873495334
Y,PID,18.7,1.0,1.01416212092063
Y,PID,18.75,1.0,1.01398184875356
Y,PID,18.8,1.0,1.01375925868952
Y,PID,18.85,1.0,1.01349837157064
Y,PID,18.9,1.0,1.01320197819277
Y,PID,18.95,1.0,1.01287283021352
Y,PID,19.0,1.0,1.01251362467843
Y,PID,19.05,1.0,1.01212698854711
Y,PID,19.1,1.0,1.01171546321934
Y,PID,19.15,1.0,1.01128148906127
Y,PID,19.2,1.0,1.01082961377003
Y,PID,19.25,1.0,1.01036183184327
Y,PID,19.3,1.0,1.00987997839934
Y,PID,19.35,1.0,1.0093863385611
Y,PID,19.4,1.0,1.00888306731087
Y,PID,19.45,1.0,1.00837217649662
Y,PID,19.5,1.0,1.00785552183826
Y,PID,19.55,1.0,1.0073347899338
Y,PID,19.6,1.0,1.00681192609064
Y,PID,19.65,1.0,1.0062939757508
Y,PID,19.7,1.0,1.0057790196188
Y,PID,19.75,1.0,1.00526867267229
Y,PID,19.8,1.0,1.00476440610579
Y,PID,19.85,1.0,1.00426753906281
Y,PID,19.9,1.0,1.00377923036806
Y,PID,19.95,1.0,1.0033004702595
Y,PID,20.0,1.0,1.00283207212056
Y,PID,20.05,1.0,1.00237560969621
Y,PID,20.1,1.0,1.0019345584328
Y,PID,20.15,1.0,1.00150793589694
Y,PID,20.2,1.0,1.00109656738095
Y,PID,20.25,1.0,1.00070118466593
Y,PID,20.3,1.0,1.00032242602172
Y,PID,20.35,1.0,0.999960836206912
Y,PID,20.4,1.0,0.999616866468878
Y,PID,20.45,1.0,0.999290874543732
Y,PID,20.5,1.0,0.998981266059044
Y,PID,20.55,1.0,0.998684364489161
Y,PID,20.6,1.0,0.998405448800861
Y,PID,20.65,1.0,0.998145037117647
Y,PID,20.7,1.0,0.997903647563023
Y,PID,20.75,1.0,0.997681798260492
Y,PID,20.8,1.0,0.997480007333557
Y,PID,20.85,1.0,0.997298792905722
Y,PID,20.9,1.0,0.99713867310049
Y,PID,20.95,1.0,0.996999712197906
Y,PID,21.0,1.0,0.996871432073017
Y,PID,21.05,1.0,0.996761173193109
Y,PID,21.1,1.0,0.996668679964016
Y,PID,21.15,1.0,0.996593645776445
Y,PID,21.2,1.0,0.996535713005975
Y,PID,21.25,1.0,0.996494473013057
Y,PID,21.3,1.0,0.996469466143013
Y,PID,21.35,1.0,0.996460181726037
Y,PID,21.4,1.0,0.996466058077195
Y,PID,21.45,1.0,0.996484085507101
Y,PID,21.5,1.0,0.996509252558388
Y,PID,21.55,1.0,0.996546122813919
Y,PID,21.6,1.0,0.996594133157841
Y,PID,21.65,1.0,0.996652720474301
Y,PID,21.7,1.0,0.996721321647444
Y,PID,21.75,1.0,0.996799373561417
Y,PID,21.8,1.0,0.996886313100367
Y,PID,21.85,1.0,0.996981577148439
Y,PID,21.9,1.0,0.997084602589781
Y,PID,21.95,1.0,0.997194239121129
Y,PID,22.0,1.0,0.997308729352436
Y,PID,22.05,1.0,0.997428476517605
Y,PID,22.1,1.0,0.997552793468104
Y,PID,22.15,1.0,0.997680985528754
Y,PID,22.2,1.0,0.997812350497721
Y,PID,22.25,1.0,0.997946178646526
Y,PID,22.3,1.0,0.998081752720036
Y,PID,22.35,1.0,0.998218347936472
Y,PID,22.4,1.0,0.998355231987401
Y,PID,22.45,1.0,0.998491665037743
Y,PID,22.5,1.0,0.998629460819346
Y,PID,22.55,1.0,0.998767494373332
Y,PID,22.6,1.0,0.998904168278525
Y,PID,22.65,1.0,0.999038879429632
Y,PID,22.7,1.0,0.999171024721359
Y,PID,22.75,1.0,0.99930000104841
Y,PID,22.8,1.0,0.999425205305492
Y,PID,22.85,1.0,0.99954603438731
Y,PID,22.9,1.0,0.999661885188569
Y,PID,22.95,1.0,0.999772154603975
Y,PID,23.0,1.0,0.999876239528234
Y,PID,23.05,1.0,0.999979496020488
Y,PID,23.1,1.0,1.00007974376747
Y,PID,23.15,1.0,1.00017506139535
Y,PID,23.2,1.0,1.00026526113588
Y,PID,23.25,1.0,1.00035017796687
Y,PID,23.3,1.0,1.00042966961218
Y,PID,23.35,1.0,1.00050361654174
Y,PID,23.4,1.0,1.00057192197154
Y,PID,23.45,1.0,1.00063451186361
Y,PID,23.5,1.0,1.00069133492607
Y,PID,23.55,1.0,1.00074236261307
Y,PID,23.6,1.0,1.00078758912482
Y,PID,23.65,1.0,1.00083233342315
Y,PID,23.7,1.0,1.00087280183737
Y,PID,23.75,1.0,1.00090832598756
Y,PID,23.8,1.0,1.00093886353105
Y,PID,23.85,1.0,1.00096437212519
Y,PID,23.9,1.0,1.00098480942733
Y,PID,23.95,1.0,1.00100013309481
Y,PID,24.0,1.0,1.00101030078497
Y,PID,24.05,1.0,1.00101527015516
Y,PID,24.1,1.0,1.00101499886272
Y,PID,24.15,1.0,1.00100944456499
Y,PID,24.2,1.0,1.00099856491932
Y,PID,24.25,1.0,1.00098627418174
Y,PID,24.3,1.0,1.00097223946435
Y,PID,24.35,1.0,1.00095482696506
Y,PID,24.4,1.0,1.00093425109827
Y,PID,24.45,1.0,1.00091073912105
Y,PID,24.5,1.0,1.00088453113314
Y,PID,24.55,1.0,1.00085588007695
Y,PID,24.6,1.0,1.00082505173759
Y,PID,24.65,1.0,1.00079232474282
Y,PID,24.7,1.0,1.00075799056309
Y,PID,24.75,1.0,1.00072235351152
Y,PID,24.8,1.0,1.00068573074391
Y,PID,24.85,1.0,1.00064845225873
Y,PID,24.9,1.0,1.00061006907772
Y,PID,24.95,1.0,1.00057008213959
Y,PID,25.0,1.0,1.00052952795201
Y,PID,25.05,1.0,1.00048860913226
Y,PID,25.1,1.0,1.00044752829758
Y,PID,25.15,1.0,1.00040648806524
Y,PID,25.2,1.0,1.00036569105249
Y,PID,25.25,1.0,1.0003253398766
Y,PID,25.3,1.0,1.00028563715482
Y,PID,25.35,1.0,1.00024678550441
Y,PID,25.4,1.0,1.00020898754263
Y,PID,25.45,1.0,1.00017244588674
Y,PID,25.5,1.0,1.00013736315399
Y,PID,25.55,1.0,1.00010394196164
Y,PID,25.6,1.0,1.00007296530609
Y,PID,25.65,1.0,1.00004310246749
Y,PID,25.7,1.0,1.00001434575604
Y,PID,25.75,1.0,0.999986695171748
Y,PID,25.8,1.0,0.999960150714606
Y,PID,25.85,1.0,0.999934712384617
Y,PID,25.9,1.0,0.999910380181781
Y,PID,25.95,1.0,0.999887154106098
Y,PID,26.0,1.0,0.999865034157567
Y,PID,26.05,1.0,0.999844020336189
Y,PID,26.1,1.0,0.999824112641964
Y,PID,26.15,1.0,0.999805311074891
Y,PID,26.2,1.0,0.999787615634972
Y,PID,26.25,1.0,0.999771026322204
Y,PID,26.3,1.0,0.999769323724849
Y,PID,26.35,1.0,0.999768064091246
Y,PID,26.4,1.0,0.999766804457642
Y,PID,26.45,1.0,0.999765544824039
Y,PID,26.5,1.0,0.999764285190436
Y,PID,26.55,1.0,0.999763025556833
Y,PID,26.6,1.0,0.99976176592323
Y,PID,26.65,1.0,0.999760506289627
Y,PID,26.7,1.0,0.999759246656024
Y,PID,26.75,1.0,0.99975798702242
Y,PID,26.8,1.0,0.999756727388817
Y,PID,26.85,1.0,0.999755467755214
Y,PID,26.9,1.0,0.999754208121611
Y,PID,26.95,1.0,0.999752948488008
Y,PID,27.0,1.0,0.999751688854405
Y,PID,27.05,1.0,0.999757052474788
Y,PID,27.1,1.0,0.999762430218633
Y,PID,27.15,1.0,0.999767807962479
Y,PID,27.2,1.0,0.999773185706324
Y,PID,27.25,1.0,0.99977856345017
Y,PID,27.3,1.0,0.999783941194015
Y,PID,27.35,1.0,0.999789318937861
Y,PID,27.4,1.0,0.999794696681706
Y,PID,27.45,1.0,0.999800074425551
Y,PID,27.5,1.0,0.999805452169397
Y,PID,27.55,1.0,0.999810829913242
Y,PID,27.6,1.0,0.999816207657088
Y,PID,27.65,1.0,0.999821585400933
Y,PID,27.7,1.0,0.999826963144779
Y,PID,27.75,1.0,0.999832340888624
Y,PID,27.8,1.0,0.999837731154413
Y,PID,27.85,1.0,0.999843165580639
Y,PID,27.9,1.0,0.999848600006865
Y,PID,27.95,1.0,0.999854034433091
Y,PID,28.0,1.0,0.999859468859318
Y,PID,28.05,1.0,0.999864903285544
Y,PID,28.1,1.0,0.99987033771177
Y,PID,28.15,1.0,0.999875772137997
Y,PID,28.2,1.0,0.999881206564223
Y,PID,28.25,1.0,0.999886640990449
Y,PID,28.3,1.0,0.999892075416675
Y,PID,28.35,1.0,0.999897509842902
Y,PID,28.4,1.0,0.999902944269128
Y,PID,28.45,1.0,0.999908378695354
Y,PID,28.5,1.0,0.999913813121581
Y,PID,28.55,1.0,0.999919247547807
Y,PID,28.6,1.0,0.999924681974033
Y,PID,28.65,1.0,0.99993011640026
Y,PID,28.7,1.0,0.999934006036142
Y,PID,28.75,1.0,0.999936652802883
Y,PID,28.8,1.0,0.999939299569624
Y,PID,28.85,1.0,0.999941946336364
Y,PID,28.9,1.0,0.999944593103105
Y,PID,28.95,1.0,0.999947239869846
Y,PID,29.0,1.0,0.999949886636587
Y,PID,29.05,1.0,0.999952533403327
Y,PID,29.1,1.0,0.999955180170068
Y,PID,29.15,1.0,0.999957826936809
Y,PID,29.2,1.0,0.999960473703549
Y,PID,29.25,1.0,0.99996312047029
Y,PID,29.3,1.0,0.999965767237031
Y,PID,29.35,1.0,0.999968414003771
Y,PID,29.4,1.0,0.999971060770512
Y,PID,29.45,1.0,0.999973707537253
Y,PID,29.5,1.0,0.999976354303994
Y,PID,29.55,1.0,0.999979001070734
Y,PID,29.6,1.0,0.999981647837475
Y,PID,29.65,1.0,0.999984294604216
Y,PID,29.7,1.0,0.999986941370956
Y,PID,29.75,1.0,0.999989588137697
Y,PID,29.8,1.0,0.999992154872292
Y,PID,29.85,1.0,0.999994334397777
Y,PID,29.9,1.0,0.999996513923263
Y,PID,29.95,1.0,0.999998693448749
Y,PID,30.0,1.0,1.00000087297423
Y,RA-GCA-CGHTE,0.0,0.0,0.0
Y,RA-GCA-CGHTE,0.05,0.0,1.1831468999155285e-15
Y,RA-GCA-CGHTE,0.1,0.0,-1.0329674123343029e-15
Y,RA-GCA-CGHTE,0.15,0.0,1.650907830692248e-14
Y,RA-GCA-CGHTE,0.2,0.0,1.8539735625367822e-14
Y,RA-GCA-CGHTE,0.25,0.0,1.7473566180602187e-14
Y,RA-GCA-CGHTE,0.3,0.0,3.7289150534039534e-14
Y,RA-GCA-CGHTE,0.35,0.0,1.9413076615552643e-14
Y,RA-GCA-CGHTE,0.4,0.0,-3.6137700794549263e-14
Y,RA-GCA-CGHTE,0.45,0.0,-1.26914057966115e-13
Y,RA-GCA-CGHTE,0.5,0.0,-8.466688266316233e-14
Y,RA-GCA-CGHTE,0.55,0.0,6.279437218422906e-14
Y,RA-GCA-CGHTE,0.6,0.0,2.309001480006739e-13
Y,RA-GCA-CGHTE,0.65,0.0,2.788273833365493e-13
Y,RA-GCA-CGHTE,0.7000000000000001,0.0,2.1167055755986066e-13
Y,RA-GCA-CGHTE,0.75,0.0,9.827173685599501e-14
Y,RA-GCA-CGHTE,0.8,0.0,2.1287787613710706e-13
Y,RA-GCA-CGHTE,0.85,0.0,5.546957336250046e-13
Y,RA-GCA-CGHTE,0.9,0.0,1.1252275415627356e-12
Y,RA-GCA-CGHTE,0.95,0.0,1.8696585633555644e-12
Y,RA-GCA-CGHTE,1.0,0.0,2.2370704368892214e-12
Y,RA-GCA-CGHTE,1.05,0.0,2.2535982874826072e-12
Y,RA-GCA-CGHTE,1.1,0.0,2.098523879867525e-12
Y,RA-GCA-CGHTE,1.15,0.0,1.880351392209216e-12
Y,RA-GCA-CGHTE,1.2,0.0,1.7166984476421025e-12
Y,RA-GCA-CGHTE,1.25,0.0,1.5718378591007569e-12
Y,RA-GCA-CGHTE,1.3,0.0,1.4682063378150998e-12
Y,RA-GCA-CGHTE,1.35,0.0,1.2394283621379737e-12
Y,RA-GCA-CGHTE,1.4,0.0,8.296966810322359e-13
Y,RA-GCA-CGHTE,1.45,0.0,3.413593361798949e-13
Y,RA-GCA-CGHTE,1.5,0.0,-1.6787291974816546e-13
Y,RA-GCA-CGHTE,1.55,0.0,-7.194903777330876e-13
Y,RA-GCA-CGHTE,1.6,0.0,-1.2274056196056513e-12
Y,RA-GCA-CGHTE,1.65,0.0,-1.7364508240421485e-12
Y,RA-GCA-CGHTE,1.7,0.0,-2.201677320760418e-12
Y,RA-GCA-CGHTE,1.75,0.0,-2.5427318224411586e-12
Y,RA-GCA-CGHTE,1.8,0.0,-2.825629255261948e-12
Y,RA-GCA-CGHTE,1.85,0.0,-2.891047479322585e-12
Y,RA-GCA-CGHTE,1.9,0.0,-2.778692693472339e-12
Y,RA-GCA-CGHTE,1.95,0.0,-2.686708560696632e-12
Y,RA-GCA-CGHTE,2.0,0.0,-2.6421080404948656e-12
Y,RA-GCA-CGHTE,2.05,0.0,-3.0189127713234266e-12
Y,RA-GCA-CGHTE,2.1,0.0,-3.773739690400431e-12
Y,RA-GCA-CGHTE,2.15,0.0,-4.793010454390336e-12
Y,RA-GCA-CGHTE,2.2,0.0,-6.147121415647711e-12
Y,RA-GCA-CGHTE,2.25,0.0,-7.1353055304876794e-12
Y,RA-GCA-CGHTE,2.3000000000000003,0.0,-7.697186467717093e-12
Y,RA-GCA-CGHTE,2.35,0.0,-7.780684185090178e-12
Y,RA-GCA-CGHTE,2.4,0.0,-7.561822583930777e-12
Y,RA-GCA-CGHTE,2.45,0.0,-7.123305533806727e-12
Y,RA-GCA-CGHTE,2.5,0.0,-6.768142167084067e-12
Y,RA-GCA-CGHTE,2.5500000000000003,0.0,-6.4306221912339256e-12
Y,RA-GCA-CGHTE,2.6,0.0,-5.822918218103387e-12
Y,RA-GCA-CGHTE,2.65,0.0,-5.105517211902074e-12
Y,RA-GCA-CGHTE,2.7,0.0,-4.735122789342634e-12
Y,RA-GCA-CGHTE,2.75,0.0,-4.894654078801995e-12
Y,RA-GCA-CGHTE,2.8000000000000003,0.0,-4.765297689874089e-12
Y,RA-GCA-CGHTE,2.85,0.0,-4.1440151775174006e-12
Y,RA-GCA-CGHTE,2.9,0.0,-3.519411525464902e-12
Y,RA-GCA-CGHTE,2.95,0.0,-2.8699555450513906e-12
Y,RA-GCA-CGHTE,3.0,0.0,-1.6640438065559817e-12
Y,RA-GCA-CGHTE,3.0500000000000003,0.0,1.3954620707250894e-13
Y,RA-GCA-CGHTE,3.1,0.0,2.752987649262023e-12
Y,RA-GCA-CGHTE,3.15,0.0,6.1898430553656774e-12
Y,RA-GCA-CGHTE,3.2,0.0,9.968916912650663e-12
Y,RA-GCA-CGHTE,3.25,0.0,1.4062051538526019e-11
Y,RA-GCA-CGHTE,3.3000000000000003,0.0,1.8121199703666968e-11
Y,RA-GCA-CGHTE,3.35,0.0,2.2253415841262872e-11
Y,RA-GCA-CGHTE,3.4,0.0,2.6330448256772392e-11
Y,RA-GCA-CGHTE,3.45,0.0,3.0343413703036423e-11
Y,RA-GCA-CGHTE,3.5,0.0,3.337119030523652e-11
Y,RA-GCA-CGHTE,3.5500000000000003,0.0,3.5663760677749726e-11
Y,RA-GCA-CGHTE,3.6,0.0,3.792418974971063e-11
Y,RA-GCA-CGHTE,3.65,0.0,3.885881979275755e-11
Y,RA-GCA-CGHTE,3.7,0.0,3.5973420730943424e-11
Y,RA-GCA-CGHTE,3.75,0.0,2.8425710921293692e-11
Y,RA-GCA-CGHTE,3.8,0.0,1.845710664510538e-11
Y,RA-GCA-CGHTE,3.85,0.0,7.005331412059038e-12
Y,RA-GCA-CGHTE,3.9,0.0,-4.997149777390561e-12
Y,RA-GCA-CGHTE,3.95,0.0,-1.7054556648858843e-11
Y,RA-GCA-CGHTE,4.0,0.0,-2.8118405654785538e-11
Y,RA-GCA-CGHTE,4.05,0.0,-3.9601865806766585e-11
Y,RA-GCA-CGHTE,4.1,0.0,-4.956253401939726e-11
Y,RA-GCA-CGHTE,4.15,0.0,-5.741216314482789e-11
Y,RA-GCA-CGHTE,4.2,0.0,-6.282174188100558e-11
Y,RA-GCA-CGHTE,4.25,0.0,-6.626019061583681e-11
Y,RA-GCA-CGHTE,4.3,0.0,-6.643832815999783e-11
Y,RA-GCA-CGHTE,4.3500000000000005,0.0,-6.355993713543225e-11
Y,RA-GCA-CGHTE,4.4,0.0,-5.871117387561167e-11
Y,RA-GCA-CGHTE,4.45,0.0,-5.2462080467066716e-11
Y,RA-GCA-CGHTE,4.5,0.0,-4.511123634261137e-11
Y,RA-GCA-CGHTE,4.55,0.0,-3.71971550537316e-11
Y,RA-GCA-CGHTE,4.6000000000000005,0.0,-2.757690121057573e-11
Y,RA-GCA-CGHTE,4.65,0.0,-1.7453674191709446e-11
Y,RA-GCA-CGHTE,4.7,0.0,-8.62312470733673e-12
Y,RA-GCA-CGHTE,4.75,0.0,-1.2186478442434074e-12
Y,RA-GCA-CGHTE,4.8,0.0,4.754789446650181e-12
Y,RA-GCA-CGHTE,4.8500000000000005,0.0,8.534832176630037e-12
Y,RA-GCA-CGHTE,4.9,0.0,1.0328916233109252e-11
Y,RA-GCA-CGHTE,4.95,0.0,1.0961467373742551e-11
Y,RA-GCA-CGHTE,5.0,0.0,1.0554348967819482e-11
Y,RA-GCA-CGHTE,5.05,0.0,9.520203750472228e-12
Y,RA-GCA-CGHTE,5.1000000000000005,0.0,7.784417078315803e-12
Y,RA-GCA-CGHTE,5.15,0.0,5.561339880549411e-12
Y,RA-GCA-CGHTE,5.2,0.0,2.9839327460012576e-12
Y,RA-GCA-CGHTE,5.25,0.0,1.7994446863129006e-13
Y,RA-GCA-CGHTE,5.3,0.0,-2.67075298944922e-12
Y,RA-GCA-CGHTE,5.3500000000000005,0.0,-5.523187294471612e-12
Y,RA-GCA-CGHTE,5.4,0.0,-8.307309316276377e-12
Y,RA-GCA-CGHTE,5.45,0.0,-1.0948108349141844e-11
Y,RA-GCA-CGHTE,5.5,0.0,-1.329186187980606e-11
Y,RA-GCA-CGHTE,5.55,0.0,-1.5398632194136626e-11
Y,RA-GCA-CGHTE,5.6000000000000005,0.0,-1.7264743282085047e-11
Y,RA-GCA-CGHTE,5.65,0.0,-1.8914486997232048e-11
Y,RA-GCA-CGHTE,5.7,0.0,-1.9518887427872896e-11
Y,RA-GCA-CGHTE,5.75,0.0,-1.91342899790312e-11
Y,RA-GCA-CGHTE,5.8,0.0,-1.831846956430381e-11
Y,RA-GCA-CGHTE,5.8500000000000005,0.0,-1.7300957537048487e-11
Y,RA-GCA-CGHTE,5.9,0.0,-1.5887910768417978e-11
Y,RA-GCA-CGHTE,5.95,0.0,-1.4230950266870376e-11
Y,RA-GCA-CGHTE,6.0,0.0,-1.2595346459017404e-11
Y,RA-GCA-CGHTE,6.05,0.0,-1.105990073667824e-11
Y,RA-GCA-CGHTE,6.1000000000000005,0.0,-9.695288232196876e-12
Y,RA-GCA-CGHTE,6.15,0.0,-8.55253472297547e-12
Y,RA-GCA-CGHTE,6.2,0.0,-7.60269594157057e-12
Y,RA-GCA-CGHTE,6.25,0.0,-6.889615492167447e-12
Y,RA-GCA-CGHTE,6.3,0.0,-6.327223837699921e-12
Y,RA-GCA-CGHTE,6.3500000000000005,0.0,-5.82790200707031e-12
Y,RA-GCA-CGHTE,6.4,0.0,-5.318570489083038e-12
Y,RA-GCA-CGHTE,6.45,0.0,-4.826663436814174e-12
Y,RA-GCA-CGHTE,6.5,0.0,-4.632684141812367e-12
Y,RA-GCA-CGHTE,6.55,0.0,-4.5578222882243785e-12
Y,RA-GCA-CGHTE,6.6000000000000005,0.0,-4.4325973373685154e-12
Y,RA-GCA-CGHTE,6.65,0.0,-4.278815975742996e-12
Y,RA-GCA-CGHTE,6.7,0.0,-4.236426686499091e-12
Y,RA-GCA-CGHTE,6.75,0.0,-4.260183132964781e-12
Y,RA-GCA-CGHTE,6.8,0.0,-4.465975089612768e-12
Y,RA-GCA-CGHTE,6.8500000000000005,0.0,-4.779943614049068e-12
Y,RA-GCA-CGHTE,6.9,0.0,-5.134729514798579e-12
Y,RA-GCA-CGHTE,6.95,0.0,-5.465692769703271e-12
Y,RA-GCA-CGHTE,7.0,0.0,-5.64099013138152e-12
Y,RA-GCA-CGHTE,7.05,0.0,-5.655225855587616e-12
Y,RA-GCA-CGHTE,7.1000000000000005,0.0,-5.719404912862472e-12
Y,RA-GCA-CGHTE,7.15,0.0,-5.946620650775809e-12
Y,RA-GCA-CGHTE,7.2,0.0,-6.146477212456674e-12
Y,RA-GCA-CGHTE,7.25,0.0,-6.404800715502859e-12
Y,RA-GCA-CGHTE,7.3,0.0,-6.740133040754082e-12
Y,RA-GCA-CGHTE,7.35,0.0,-7.120304880549365e-12
Y,RA-GCA-CGHTE,7.4,0.0,-7.555697691642751e-12
Y,RA-GCA-CGHTE,7.45,0.0,-8.041121353108902e-12
Y,RA-GCA-CGHTE,7.5,0.0,-8.662357044547656e-12
Y,RA-GCA-CGHTE,7.55,0.0,-9.258285022754634e-12
Y,RA-GCA-CGHTE,7.6,0.0,-9.914375089658368e-12
Y,RA-GCA-CGHTE,7.65,0.0,-1.0601232207737408e-11
Y,RA-GCA-CGHTE,7.7,0.0,-1.1306336567959987e-11
Y,RA-GCA-CGHTE,7.75,0.0,-1.1818890065230258e-11
Y,RA-GCA-CGHTE,7.8,0.0,-1.210656652294361e-11
Y,RA-GCA-CGHTE,7.85,0.0,-1.2158699416380912e-11
Y,RA-GCA-CGHTE,7.9,0.0,-1.1679888243801716e-11
Y,RA-GCA-CGHTE,7.95,0.0,-1.0740802298073098e-11
Y,RA-GCA-CGHTE,8.0,0.0,-1.0251502357903066e-11
Y,RA-GCA-CGHTE,8.05,0.0,-1.01457035724204e-11
Y,RA-GCA-CGHTE,8.1,0.0,-1.0169538419517212e-11
Y,RA-GCA-CGHTE,8.15,0.0,-1.0400834902947446e-11
Y,RA-GCA-CGHTE,8.2,0.0,-1.0633312981032822e-11
Y,RA-GCA-CGHTE,8.25,0.0,-1.1171151882519959e-11
Y,RA-GCA-CGHTE,8.3,0.0,-1.361262678893454e-11
Y,RA-GCA-CGHTE,8.35,0.0,-1.685110068224305e-11
Y,RA-GCA-CGHTE,8.4,0.0,-2.067551746449676e-11
Y,RA-GCA-CGHTE,8.45,0.0,-2.5238172590654917e-11
Y,RA-GCA-CGHTE,8.5,0.0,-3.0394513031866156e-11
Y,RA-GCA-CGHTE,8.55,0.0,-3.750838027914428e-11
Y,RA-GCA-CGHTE,8.6,0.0,-4.5469455659752905e-11
Y,RA-GCA-CGHTE,8.65,0.0,-4.9485796589571435e-11
Y,RA-GCA-CGHTE,8.700000000000001,0.0,-5.177337527158689e-11
Y,RA-GCA-CGHTE,8.75,0.0,-5.2758161686268985e-11
Y,RA-GCA-CGHTE,8.8,0.0,-5.2142621410589593e-11
Y,RA-GCA-CGHTE,8.85,0.0,-5.023185843806332e-11
Y,RA-GCA-CGHTE,8.9,0.0,-4.75038906558232e-11
Y,RA-GCA-CGHTE,8.950000000000001,0.0,-4.221433583248583e-11
Y,RA-GCA-CGHTE,9.0,0.0,-3.4411306610822565e-11
Y,RA-GCA-CGHTE,9.05,0.0,-2.4169737655897295e-11
Y,RA-GCA-CGHTE,9.1,0.0,-1.2624675304605486e-11
Y,RA-GCA-CGHTE,9.15,0.0,-1.1720489275780748e-12
Y,RA-GCA-CGHTE,9.2,0.0,9.53785409383188e-12
Y,RA-GCA-CGHTE,9.25,0.0,2.0668770923689428e-11
Y,RA-GCA-CGHTE,9.3,0.0,3.0399835014393435e-11
Y,RA-GCA-CGHTE,9.35,0.0,3.782451765519946e-11
Y,RA-GCA-CGHTE,9.4,0.0,4.299397151667852e-11
Y,RA-GCA-CGHTE,9.45,0.0,4.6402212498937593e-11
Y,RA-GCA-CGHTE,9.5,0.0,4.7449941749540335e-11
Y,RA-GCA-CGHTE,9.55,0.0,4.442564999701601e-11
Y,RA-GCA-CGHTE,9.6,0.0,3.823242729110866e-11
Y,RA-GCA-CGHTE,9.65,0.0,2.9375147481790207e-11
Y,RA-GCA-CGHTE,9.7,0.0,1.9142560702576813e-11
Y,RA-GCA-CGHTE,9.75,0.0,8.076724329304988e-12
Y,RA-GCA-CGHTE,9.8,0.0,-4.806510018642918e-12
Y,RA-GCA-CGHTE,9.85,0.0,-1.7871793332820562e-11
Y,RA-GCA-CGHTE,9.9,0.0,-3.0574563387508146e-11
Y,RA-GCA-CGHTE,9.95,0.0,-4.2473478961487526e-11
Y,RA-GCA-CGHTE,10.0,1.0,-5.3348938058236245e-11
Y,RA-GCA-CGHTE,10.05,1.0,-0.0006636194197665
Y,RA-GCA-CGHTE,10.1,1.0,-0.0010546855568673
Y,RA-GCA-CGHTE,10.15,1.0,0.0007552641815047
Y,RA-GCA-CGHTE,10.2,1.0,0.006135627667341
Y,RA-GCA-CGHTE,10.25,1.0,0.0160197209576866
Y,RA-GCA-CGHTE,10.3,1.0,0.0309617088491803
Y,RA-GCA-CGHTE,10.35,1.0,0.0511940884029369
Y,RA-GCA-CGHTE,10.4,1.0,0.0766846340061491
Y,RA-GCA-CGHTE,10.45,1.0,0.1071888627423805
Y,RA-GCA-CGHTE,10.5,1.0,0.1422961673935887
Y,RA-GCA-CGHTE,10.55,1.0,0.1814697095943807
Y,RA-GCA-CGHTE,10.6,1.0,0.2240811540357964
Y,RA-GCA-CGHTE,10.65,1.0,0.2694414901263996
Y,RA-GCA-CGHTE,10.7,1.0,0.316828838916491
Y,RA-GCA-CGHTE,10.75,1.0,0.3655136352680029
Y,RA-GCA-CGHTE,10.8,1.0,0.4147811825190353
Y,RA-GCA-CGHTE,10.85,1.0,0.4639512822988661
Y,RA-GCA-CGHTE,10.9,1.0,0.5123945689177996
Y,RA-GCA-CGHTE,10.95,1.0,0.5595452648111156
Y,RA-GCA-CGHTE,11.0,1.0,0.6049102598518741
Y,RA-GCA-CGHTE,11.05,1.0,0.648074641222112
Y,RA-GCA-CGHTE,11.1,1.0,0.6887039425618401
Y,RA-GCA-CGHTE,11.15,1.0,0.726543550105529
Y,RA-GCA-CGHTE,11.2,1.0,0.7614158140406289
Y,RA-GCA-CGHTE,11.25,1.0,0.79321531760819
Y,RA-GCA-CGHTE,11.3,1.0,0.8219028396940754
Y,RA-GCA-CGHTE,11.35,1.0,0.8474984241126733
Y,RA-GCA-CGHTE,11.4,1.0,0.8700738966510574
Y,RA-GCA-CGHTE,11.45,1.0,0.8897451670059288
Y,RA-GCA-CGHTE,11.5,1.0,0.9066644940376214
Y,RA-GCA-CGHTE,11.55,1.0,0.921012949037046
Y,RA-GCA-CGHTE,11.6,1.0,0.9329931684920444
Y,RA-GCA-CGHTE,11.65,1.0,0.9428225594622296
Y,RA-GCA-CGHTE,11.7,1.0,0.9507270063385682
Y,RA-GCA-CGHTE,11.75,1.0,0.9569351914946456
Y,RA-GCA-CGHTE,11.8,1.0,0.9616735451594836
Y,RA-GCA-CGHTE,11.85,1.0,0.9651618779671628
Y,RA-GCA-CGHTE,11.9,1.0,0.9676097282449412
Y,RA-GCA-CGHTE,11.95,1.0,0.9692133825458928
Y,RA-GCA-CGHTE,12.0,1.0,0.9701536407005
Y,RA-GCA-CGHTE,12.05,1.0,0.9705941252645156
Y,RA-GCA-CGHTE,12.1,1.0,0.97068031390792
Y,RA-GCA-CGHTE,12.15,1.0,0.9705390565242944
Y,RA-GCA-CGHTE,12.2,1.0,0.9702786050487172
Y,RA-GCA-CGHTE,12.25,1.0,0.9699890580204517
Y,RA-GCA-CGHTE,12.3,1.0,0.9697431628044456
Y,RA-GCA-CGHTE,12.35,1.0,0.9695974013458988
Y,RA-GCA-CGHTE,12.4,1.0,0.9695932940311546
Y,RA-GCA-CGHTE,12.45,1.0,0.9697588598926056
Y,RA-GCA-CGHTE,12.5,1.0,0.9701101760778642
Y,RA-GCA-CGHTE,12.55,1.0,0.9706529847692256
Y,RA-GCA-CGHTE,12.6,1.0,0.971384302231126
Y,RA-GCA-CGHTE,12.65,1.0,0.9722939933958388
Y,RA-GCA-CGHTE,12.7,1.0,0.9733662750290916
Y,RA-GCA-CGHTE,12.75,1.0,0.9745811311840136
Y,RA-GCA-CGHTE,12.8,1.0,0.975915594384272
Y,RA-GCA-CGHTE,12.85,1.0,0.97734493838496
Y,RA-GCA-CGHTE,12.9,1.0,0.9788436913354948
Y,RA-GCA-CGHTE,12.95,1.0,0.9803865237170836
Y,RA-GCA-CGHTE,13.0,1.0,0.9819490011503804
Y,RA-GCA-CGHTE,13.05,1.0,0.9835081829492308
Y,RA-GCA-CGHTE,13.1,1.0,0.985043094897894
Y,RA-GCA-CGHTE,13.15,1.0,0.986535074932172
Y,RA-GCA-CGHTE,13.2,1.0,0.9879680025458104
Y,RA-GCA-CGHTE,13.25,1.0,0.9893283786664662
Y,RA-GCA-CGHTE,13.3,1.0,0.9906055424552804
Y,RA-GCA-CGHTE,13.35,1.0,0.9917913611544956
Y,RA-GCA-CGHTE,13.4,1.0,0.99288029171521
Y,RA-GCA-CGHTE,13.45,1.0,0.9938691166807304
Y,RA-GCA-CGHTE,13.5,1.0,0.9947569829382664
Y,RA-GCA-CGHTE,13.55,1.0,0.9955448079677828
Y,RA-GCA-CGHTE,13.6,1.0,0.996235263233844
Y,RA-GCA-CGHTE,13.65,1.0,0.9968324591052732
Y,RA-GCA-CGHTE,13.7,1.0,0.9973416749425684
Y,RA-GCA-CGHTE,13.75,1.0,0.997769106770709
Y,RA-GCA-CGHTE,13.8,1.0,0.998121615759247
Y,RA-GCA-CGHTE,13.85,1.0,0.998406500153328
Y,RA-GCA-CGHTE,13.9,1.0,0.998631283670681
Y,RA-GCA-CGHTE,13.95,1.0,0.998803526806764
Y,RA-GCA-CGHTE,14.0,1.0,0.998930662101147
Y,RA-GCA-CGHTE,14.05,1.0,0.99901985421562
Y,RA-GCA-CGHTE,14.1,1.0,0.9990778848738796
Y,RA-GCA-CGHTE,14.15,1.0,0.9991110619985036
Y,RA-GCA-CGHTE,14.2,1.0,0.9991251518212456
Y,RA-GCA-CGHTE,14.25,1.0,0.9991253339039284
Y,RA-GCA-CGHTE,14.3,1.0,0.9991161730786158
Y,RA-GCA-CGHTE,14.35,1.0,0.9991016122251566
Y,RA-GCA-CGHTE,14.4,1.0,0.9990849788813648
Y,RA-GCA-CGHTE,14.45,1.0,0.9990690048718464
Y,RA-GCA-CGHTE,14.5,1.0,0.9990558574860552
Y,RA-GCA-CGHTE,14.55,1.0,0.9990471787319508
Y,RA-GCA-CGHTE,14.6,1.0,0.999044131495464
Y,RA-GCA-CGHTE,14.65,1.0,0.999047449615107
Y,RA-GCA-CGHTE,14.7,1.0,0.9990574907032712
Y,RA-GCA-CGHTE,14.75,1.0,0.9990742941425734
Y,RA-GCA-CGHTE,14.8,1.0,0.9990976226375472
Y,RA-GCA-CGHTE,14.85,1.0,0.9991270264107436
Y,RA-GCA-CGHTE,14.9,1.0,0.9991618850040708
Y,RA-GCA-CGHTE,14.95,1.0,0.9992014627872496
Y,RA-GCA-CGHTE,15.0,1.0,0.9992449404342206
Y,RA-GCA-CGHTE,15.05,1.0,0.9992914556473748
Y,RA-GCA-CGHTE,15.1,1.0,0.9993401356681298
Y,RA-GCA-CGHTE,15.15,1.0,0.999390124981868
Y,RA-GCA-CGHTE,15.2,1.0,0.999440608256362
Y,RA-GCA-CGHTE,15.25,1.0,0.9994908286641964
Y,RA-GCA-CGHTE,15.3,1.0,0.9995401017538164
Y,RA-GCA-CGHTE,15.35,1.0,0.999587825345958
Y,RA-GCA-CGHTE,15.4,1.0,0.9996334856332388
Y,RA-GCA-CGHTE,15.45,1.0,0.9996766512510938
Y,RA-GCA-CGHTE,15.5,1.0,0.999716993324148
Y,RA-GCA-CGHTE,15.55,1.0,0.9997542860386576
Y,RA-GCA-CGHTE,15.6,1.0,0.9997883631506388
Y,RA-GCA-CGHTE,15.65,1.0,0.9998191409683715
Y,RA-GCA-CGHTE,15.7,1.0,0.9998466093436252
Y,RA-GCA-CGHTE,15.75,1.0,0.9998708203842052
Y,RA-GCA-CGHTE,15.8,1.0,0.9998918798928024
Y,RA-GCA-CGHTE,15.85,1.0,0.9999099385347716
Y,RA-GCA-CGHTE,15.9,1.0,0.999925183027544
Y,RA-GCA-CGHTE,15.95,1.0,0.9999378277763026
Y,RA-GCA-CGHTE,16.0,1.0,0.9999480800718884
Y,RA-GCA-CGHTE,16.05,1.0,0.9999562126478656
Y,RA-GCA-CGHTE,16.1,1.0,0.9999624821725696
Y,RA-GCA-CGHTE,16.15,1.0,0.9999671404741372
Y,RA-GCA-CGHTE,16.2,1.0,0.9999704177351773
Y,RA-GCA-CGHTE,16.25,1.0,0.9999725588244844
Y,RA-GCA-CGHTE,16.3,1.0,0.9999737826516312
Y,RA-GCA-CGHTE,16.35,1.0,0.9999742901486972
Y,RA-GCA-CGHTE,16.4,1.0,0.9999742639635693
Y,RA-GCA-CGHTE,16.45,1.0,0.9999738644444248
Y,RA-GCA-CGHTE,16.5,1.0,0.9999732307645998
Y,RA-GCA-CGHTE,16.55,1.0,0.9999724837698046
Y,RA-GCA-CGHTE,16.6,1.0,0.999971724840794
Y,RA-GCA-CGHTE,16.65,1.0,0.9999710358096934
Y,RA-GCA-CGHTE,16.7,1.0,0.9999704802872778
Y,RA-GCA-CGHTE,16.75,1.0,0.9999701049796662
Y,RA-GCA-CGHTE,16.8,1.0,0.999969940904104
Y,RA-GCA-CGHTE,16.85,1.0,0.9999700059153688
Y,RA-GCA-CGHTE,16.9,1.0,0.9999703062408204
Y,RA-GCA-CGHTE,16.95,1.0,0.9999708382620068
Y,RA-GCA-CGHTE,17.0,1.0,0.9999715900387502
Y,RA-GCA-CGHTE,17.05,1.0,0.999972543690865
Y,RA-GCA-CGHTE,17.1,1.0,0.9999736759485518
Y,RA-GCA-CGHTE,17.150000000000002,1.0,0.9999749608975372
Y,RA-GCA-CGHTE,17.2,1.0,0.999976370189591
Y,RA-GCA-CGHTE,17.25,1.0,0.999977874579939
Y,RA-GCA-CGHTE,17.3,1.0,0.9999794449258872
Y,RA-GCA-CGHTE,17.35,1.0,0.999981053028464
Y,RA-GCA-CGHTE,17.400000000000002,1.0,0.9999826722751116
Y,RA-GCA-CGHTE,17.45,1.0,0.9999842781329216
Y,RA-GCA-CGHTE,17.5,1.0,0.9999858486326556
Y,RA-GCA-CGHTE,17.55,1.0,0.9999873646461792
Y,RA-GCA-CGHTE,17.6,1.0,0.9999888100456304
Y,RA-GCA-CGHTE,17.650000000000002,1.0,0.9999901717537004
Y,RA-GCA-CGHTE,17.7,1.0,0.99999143935832
Y,RA-GCA-CGHTE,17.75,1.0,0.999992605733761
Y,RA-GCA-CGHTE,17.8,1.0,0.9999936667519644
Y,RA-GCA-CGHTE,17.85,1.0,0.9999946205307588
Y,RA-GCA-CGHTE,17.900000000000002,1.0,0.9999954674276724
Y,RA-GCA-CGHTE,17.95,1.0,0.9999962097562476
Y,RA-GCA-CGHTE,18.0,1.0,0.9999968514928947
Y,RA-GCA-CGHTE,18.05,1.0,0.9999973979803464
Y,RA-GCA-CGHTE,18.1,1.0,0.9999978556378762
Y,RA-GCA-CGHTE,18.15,1.0,0.999998231682828
Y,RA-GCA-CGHTE,18.2,1.0,0.9999985338701068
Y,RA-GCA-CGHTE,18.25,1.0,0.9999987702531636
Y,RA-GCA-CGHTE,18.3,1.0,0.9999989489706188
Y,RA-GCA-CGHTE,18.35,1.0,0.9999990780581792
Y,RA-GCA-CGHTE,18.4,1.0,0.999999165244842
Y,RA-GCA-CGHTE,18.45,1.0,0.9999992178490896
Y,RA-GCA-CGHTE,18.5,1.0,0.9999992428273932
Y,RA-GCA-CGHTE,18.55,1.0,0.9999992465691764
Y,RA-GCA-CGHTE,18.6,1.0,0.9999992348358998
Y,RA-GCA-CGHTE,18.65,1.0,0.9999992127283172
Y,RA-GCA-CGHTE,18.7,1.0,0.999999184662858
Y,RA-GCA-CGHTE,18.75,1.0,0.9999991543862702
Y,RA-GCA-CGHTE,18.8,1.0,0.9999991250530592
Y,RA-GCA-CGHTE,18.85,1.0,0.9999990991282832
Y,RA-GCA-CGHTE,18.9,1.0,0.9999990784578524
Y,RA-GCA-CGHTE,18.95,1.0,0.9999990643470588
Y,RA-GCA-CGHTE,19.0,1.0,0.9999990576389864
Y,RA-GCA-CGHTE,19.05,1.0,0.9999990587317747
Y,RA-GCA-CGHTE,19.1,1.0,0.999999067810908
Y,RA-GCA-CGHTE,19.15,1.0,0.9999990846228428
Y,RA-GCA-CGHTE,19.2,1.0,0.9999991086717096
Y,RA-GCA-CGHTE,19.25,1.0,0.999999139305971
Y,RA-GCA-CGHTE,19.3,1.0,0.999999175708586
Y,RA-GCA-CGHTE,19.35,1.0,0.999999216985638
Y,RA-GCA-CGHTE,19.4,1.0,0.999999262189478
Y,RA-GCA-CGHTE,19.45,1.0,0.9999993103606244
Y,RA-GCA-CGHTE,19.5,1.0,0.99999936053455
Y,RA-GCA-CGHTE,19.55,1.0,0.9999994117869602
Y,RA-GCA-CGHTE,19.6,1.0,0.9999994632604008
Y,RA-GCA-CGHTE,19.65,1.0,0.9999995141739616
Y,RA-GCA-CGHTE,19.7,1.0,0.9999995638344548
Y,RA-GCA-CGHTE,19.75,1.0,0.999999611643773
Y,RA-GCA-CGHTE,19.8,1.0,0.9999996571026928
Y,RA-GCA-CGHTE,19.85,1.0,0.999999699811212
Y,RA-GCA-CGHTE,19.9,1.0,0.9999997394664124
Y,RA-GCA-CGHTE,19.95,1.0,0.9999997758581172
Y,RA-GCA-CGHTE,20.0,1.0,0.9999998088624416
Y,RA-GCA-CGHTE,20.05,1.0,0.9999998384340733
Y,RA-GCA-CGHTE,20.1,1.0,0.9999998646016024
Y,RA-GCA-CGHTE,20.15,1.0,0.999999887459738
Y,RA-GCA-CGHTE,20.2,1.0,0.9999999071294372
Y,RA-GCA-CGHTE,20.25,1.0,0.9999999237891404
Y,RA-GCA-CGHTE,20.3,1.0,0.9999999376507026
Y,RA-GCA-CGHTE,20.35,1.0,0.9999999489504502
Y,RA-GCA-CGHTE,20.4,1.0,0.9999999579404506
Y,RA-GCA-CGHTE,20.45,1.0,0.9999999648809292
Y,RA-GCA-CGHTE,20.5,1.0,0.9999999700344756
Y,RA-GCA-CGHTE,20.55,1.0,0.9999999736590028
Y,RA-GCA-CGHTE,20.6,1.0,0.9999999760026952
Y,RA-GCA-CGHTE,20.65,1.0,0.9999999773005492
Y,RA-GCA-CGHTE,20.7,1.0,0.999999977777368
Y,RA-GCA-CGHTE,20.75,1.0,0.9999999776216196
Y,RA-GCA-CGHTE,20.8,1.0,0.9999999770174725
Y,RA-GCA-CGHTE,20.85,1.0,0.9999999761226231
Y,RA-GCA-CGHTE,20.9,1.0,0.9999999750735918
Y,RA-GCA-CGHTE,20.95,1.0,0.9999999739851164
Y,RA-GCA-CGHTE,21.0,1.0,0.9999999729516068
Y,RA-GCA-CGHTE,21.05,1.0,0.9999999720472924
Y,RA-GCA-CGHTE,21.1,1.0,0.9999999713268466
Y,RA-GCA-CGHTE,21.15,1.0,0.999999970828018
Y,RA-GCA-CGHTE,21.2,1.0,0.999999970579304
Y,RA-GCA-CGHTE,21.25,1.0,0.9999999705895504
Y,RA-GCA-CGHTE,21.3,1.0,0.9999999708618272
Y,RA-GCA-CGHTE,21.35,1.0,0.9999999713841567
Y,RA-GCA-CGHTE,21.4,1.0,0.9999999721427402
Y,RA-GCA-CGHTE,21.45,1.0,0.9999999731125532
Y,RA-GCA-CGHTE,21.5,1.0,0.9999999742686728
Y,RA-GCA-CGHTE,21.55,1.0,0.9999999755798016
Y,RA-GCA-CGHTE,21.6,1.0,0.9999999770163768
Y,RA-GCA-CGHTE,21.65,1.0,0.9999999785458744
Y,RA-GCA-CGHTE,21.7,1.0,0.9999999801376742
Y,RA-GCA-CGHTE,21.75,1.0,0.9999999817621728
Y,RA-GCA-CGHTE,21.8,1.0,0.9999999833917832
Y,RA-GCA-CGHTE,21.85,1.0,0.9999999850014828
Y,RA-GCA-CGHTE,21.9,1.0,0.999999986569137
Y,RA-GCA-CGHTE,21.95,1.0,0.9999999880757392
Y,RA-GCA-CGHTE,22.0,1.0,0.9999999895054552
Y,RA-GCA-CGHTE,22.05,1.0,0.9999999908459204
Y,RA-GCA-CGHTE,22.1,1.0,0.9999999920877276
Y,RA-GCA-CGHTE,22.15,1.0,0.9999999932244448
Y,RA-GCA-CGHTE,22.2,1.0,0.9999999942524084
Y,RA-GCA-CGHTE,22.25,1.0,0.9999999951704728
Y,RA-GCA-CGHTE,22.3,1.0,0.9999999959797288
Y,RA-GCA-CGHTE,22.35,1.0,0.999999996683192
Y,RA-GCA-CGHTE,22.4,1.0,0.999999997285506
Y,RA-GCA-CGHTE,22.45,1.0,0.9999999977926132
Y,RA-GCA-CGHTE,22.5,1.0,0.9999999982115038
Y,RA-GCA-CGHTE,22.55,1.0,0.9999999985498764
Y,RA-GCA-CGHTE,22.6,1.0,0.999999998815914
Y,RA-GCA-CGHTE,22.65,1.0,0.9999999990180368
Y,RA-GCA-CGHTE,22.7,1.0,0.9999999991646676
Y,RA-GCA-CGHTE,22.75,1.0,0.9999999992640642
Y,RA-GCA-CGHTE,22.8,1.0,0.9999999993241796
Y,RA-GCA-CGHTE,22.85,1.0,0.9999999993524908
Y,RA-GCA-CGHTE,22.9,1.0,0.9999999993559372
Y,RA-GCA-CGHTE,22.95,1.0,0.9999999993408456
Y,RA-GCA-CGHTE,23.0,1.0,0.9999999993128628
Y,RA-GCA-CGHTE,23.05,1.0,0.9999999992769404
Y,RA-GCA-CGHTE,23.1,1.0,0.9999999992373232
Y,RA-GCA-CGHTE,23.15,1.0,0.9999999991975655
Y,RA-GCA-CGHTE,23.2,1.0,0.9999999991605546
Y,RA-GCA-CGHTE,23.25,1.0,0.9999999991285428
Y,RA-GCA-CGHTE,23.3,1.0,0.9999999991032082
Y,RA-GCA-CGHTE,23.35,1.0,0.9999999990856946
Y,RA-GCA-CGHTE,23.4,1.0,0.9999999990766748
Y,RA-GCA-CGHTE,23.45,1.0,0.9999999990764128
Y,RA-GCA-CGHTE,23.5,1.0,0.9999999990848136
Y,RA-GCA-CGHTE,23.55,1.0,0.9999999991014954
Y,RA-GCA-CGHTE,23.6,1.0,0.9999999991258424
Y,RA-GCA-CGHTE,23.65,1.0,0.999999999157061
Y,RA-GCA-CGHTE,23.7,1.0,0.999999999194242
Y,RA-GCA-CGHTE,23.75,1.0,0.9999999992363884
Y,RA-GCA-CGHTE,23.8,1.0,0.999999999282468
Y,RA-GCA-CGHTE,23.85,1.0,0.9999999993314423
Y,RA-GCA-CGHTE,23.9,1.0,0.999999999382306
Y,RA-GCA-CGHTE,23.95,1.0,0.9999999994341024
Y,RA-GCA-CGHTE,24.0,1.0,0.9999999994859472
Y,RA-GCA-CGHTE,24.05,1.0,0.9999999995370414
Y,RA-GCA-CGHTE,24.1,1.0,0.9999999995866828
Y,RA-GCA-CGHTE,24.15,1.0,0.9999999996342718
Y,RA-GCA-CGHTE,24.2,1.0,0.9999999996793152
Y,RA-GCA-CGHTE,24.25,1.0,0.999999999721426
Y,RA-GCA-CGHTE,24.3,1.0,0.9999999997603196
Y,RA-GCA-CGHTE,24.35,1.0,0.9999999997958062
Y,RA-GCA-CGHTE,24.4,1.0,0.999999999827786
Y,RA-GCA-CGHTE,24.45,1.0,0.9999999998562364
Y,RA-GCA-CGHTE,24.5,1.0,0.9999999998812058
Y,RA-GCA-CGHTE,24.55,1.0,0.999999999902804
Y,RA-GCA-CGHTE,24.6,1.0,0.99999999992119
Y,RA-GCA-CGHTE,24.65,1.0,0.9999999999365636
Y,RA-GCA-CGHTE,24.7,1.0,0.9999999999491572
Y,RA-GCA-CGHTE,24.75,1.0,0.9999999999592242
Y,RA-GCA-CGHTE,24.8,1.0,0.9999999999670314
Y,RA-GCA-CGHTE,24.85,1.0,0.9999999999728508
Y,RA-GCA-CGHTE,24.9,1.0,0.9999999999769548
Y,RA-GCA-CGHTE,24.95,1.0,0.999999999979608
Y,RA-GCA-CGHTE,25.0,1.0,0.9999999999810636
Y,RA-GCA-CGHTE,25.05,1.0,0.9999999999815598
Y,RA-GCA-CGHTE,25.1,1.0,0.999999999981316
Y,RA-GCA-CGHTE,25.15,1.0,0.9999999999805312
Y,RA-GCA-CGHTE,25.2,1.0,0.999999999979382
Y,RA-GCA-CGHTE,25.25,1.0,0.9999999999780224
Y,RA-GCA-CGHTE,25.3,1.0,0.9999999999765844
Y,RA-GCA-CGHTE,25.35,1.0,0.9999999999751767
Y,RA-GCA-CGHTE,25.4,1.0,0.999999999973888
Y,RA-GCA-CGHTE,25.45,1.0,0.9999999999727848
Y,RA-GCA-CGHTE,25.5,1.0,0.9999999999719176
Y,RA-GCA-CGHTE,25.55,1.0,0.9999999999713184
Y,RA-GCA-CGHTE,25.6,1.0,0.9999999999710054
Y,RA-GCA-CGHTE,25.65,1.0,0.9999999999709834
Y,RA-GCA-CGHTE,25.7,1.0,0.999999999971246
Y,RA-GCA-CGHTE,25.75,1.0,0.9999999999717796
Y,RA-GCA-CGHTE,25.8,1.0,0.9999999999725618
Y,RA-GCA-CGHTE,25.85,1.0,0.9999999999735656
Y,RA-GCA-CGHTE,25.9,1.0,0.9999999999747606
Y,RA-GCA-CGHTE,25.95,1.0,0.9999999999761136
Y,RA-GCA-CGHTE,26.0,1.0,0.99999999997759
Y,RA-GCA-CGHTE,26.05,1.0,0.9999999999791565
Y,RA-GCA-CGHTE,26.1,1.0,0.9999999999807792
Y,RA-GCA-CGHTE,26.15,1.0,0.9999999999824284
Y,RA-GCA-CGHTE,26.2,1.0,0.9999999999840752
Y,RA-GCA-CGHTE,26.25,1.0,0.9999999999856948
Y,RA-GCA-CGHTE,26.3,1.0,0.9999999999872644
Y,RA-GCA-CGHTE,26.35,1.0,0.999999999988766
Y,RA-GCA-CGHTE,26.4,1.0,0.9999999999901844
Y,RA-GCA-CGHTE,26.45,1.0,0.9999999999915076
Y,RA-GCA-CGHTE,26.5,1.0,0.9999999999927256
Y,RA-GCA-CGHTE,26.55,1.0,0.9999999999938338
Y,RA-GCA-CGHTE,26.6,1.0,0.9999999999948288
Y,RA-GCA-CGHTE,26.65,1.0,0.9999999999957112
Y,RA-GCA-CGHTE,26.7,1.0,0.9999999999964826
Y,RA-GCA-CGHTE,26.75,1.0,0.9999999999971468
Y,RA-GCA-CGHTE,26.8,1.0,0.999999999997709
Y,RA-GCA-CGHTE,26.85,1.0,0.9999999999981768
Y,RA-GCA-CGHTE,26.9,1.0,0.999999999998556
Y,RA-GCA-CGHTE,26.95,1.0,0.9999999999988558
Y,RA-GCA-CGHTE,27.0,1.0,0.9999999999990848
Y,RA-GCA-CGHTE,27.05,1.0,0.9999999999992524
Y,RA-GCA-CGHTE,27.1,1.0,0.9999999999993672
Y,RA-GCA-CGHTE,27.15,1.0,0.9999999999994372
Y,RA-GCA-CGHTE,27.2,1.0,0.999999999999471
Y,RA-GCA-CGHTE,27.25,1.0,0.9999999999994752
Y,RA-GCA-CGHTE,27.3,1.0,0.9999999999994572
Y,RA-GCA-CGHTE,27.35,1.0,0.9999999999994236
Y,RA-GCA-CGHTE,27.4,1.0,0.9999999999993796
Y,RA-GCA-CGHTE,27.45,1.0,0.9999999999993306
Y,RA-GCA-CGHTE,27.5,1.0,0.9999999999992802
Y,RA-GCA-CGHTE,27.55,1.0,0.9999999999992314
Y,RA-GCA-CGHTE,27.6,1.0,0.9999999999991874
Y,RA-GCA-CGHTE,27.65,1.0,0.99999999999915
Y,RA-GCA-CGHTE,27.7,1.0,0.9999999999991211
Y,RA-GCA-CGHTE,27.75,1.0,0.9999999999991016
Y,RA-GCA-CGHTE,27.8,1.0,0.9999999999990912
Y,RA-GCA-CGHTE,27.85,1.0,0.9999999999990906
Y,RA-GCA-CGHTE,27.9,1.0,0.9999999999990988
Y,RA-GCA-CGHTE,27.95,1.0,0.9999999999991156
Y,RA-GCA-CGHTE,28.0,1.0,0.9999999999991404
Y,RA-GCA-CGHTE,28.05,1.0,0.9999999999991724
Y,RA-GCA-CGHTE,28.1,1.0,0.9999999999992106
Y,RA-GCA-CGHTE,28.15,1.0,0.9999999999992542
Y,RA-GCA-CGHTE,28.2,1.0,0.9999999999993014
Y,RA-GCA-CGHTE,28.25,1.0,0.9999999999993512
Y,RA-GCA-CGHTE,28.3,1.0,0.9999999999994026
Y,RA-GCA-CGHTE,28.35,1.0,0.9999999999994548
Y,RA-GCA-CGHTE,28.4,1.0,0.9999999999995072
Y,RA-GCA-CGHTE,28.45,1.0,0.999999999999558
Y,RA-GCA-CGHTE,28.5,1.0,0.9999999999996074
Y,RA-GCA-CGHTE,28.55,1.0,0.9999999999996546
Y,RA-GCA-CGHTE,28.6,1.0,0.9999999999996992
Y,RA-GCA-CGHTE,28.65,1.0,0.9999999999997408
Y,RA-GCA-CGHTE,28.7,1.0,0.9999999999997788
Y,RA-GCA-CGHTE,28.75,1.0,0.9999999999998134
Y,RA-GCA-CGHTE,28.8,1.0,0.999999999999844
Y,RA-GCA-CGHTE,28.85,1.0,0.9999999999998712
Y,RA-GCA-CGHTE,28.9,1.0,0.9999999999998944
Y,RA-GCA-CGHTE,28.95,1.0,0.9999999999999144
Y,RA-GCA-CGHTE,29.0,1.0,0.9999999999999316
Y,RA-GCA-CGHTE,29.05,1.0,0.9999999999999456
Y,RA-GCA-CGHTE,29.1,1.0,0.9999999999999568
Y,RA-GCA-CGHTE,29.15,1.0,0.9999999999999654
Y,RA-GCA-CGHTE,29.2,1.0,0.9999999999999716
Y,RA-GCA-CGHTE,29.25,1.0,0.9999999999999762
Y,RA-GCA-CGHTE,29.3,1.0,0.9999999999999792
Y,RA-GCA-CGHTE,29.35,1.0,0.9999999999999808
Y,RA-GCA-CGHTE,29.4,1.0,0.999999999999981
Y,RA-GCA-CGHTE,29.45,1.0,0.9999999999999808
Y,RA-GCA-CGHTE,29.5,1.0,0.9999999999999803
Y,RA-GCA-CGHTE,29.55,1.0,0.9999999999999792
Y,RA-GCA-CGHTE,29.6,1.0,0.999999999999978
Y,RA-GCA-CGHTE,29.65,1.0,0.9999999999999768
Y,RA-GCA-CGHTE,29.7,1.0,0.9999999999999758
Y,RA-GCA-CGHTE,29.75,1.0,0.9999999999999746
Y,RA-GCA-CGHTE,29.8,1.0,0.9999999999999732
Y,RA-GCA-CGHTE,29.85,1.0,0.999999999999972
Y,RA-GCA-CGHTE,29.9,1.0,0.9999999999999716
Y,RA-GCA-CGHTE,29.95,1.0,0.9999999999999714
Y,RA-GCA-CGHTE,30.0,1.0,0.9999999999999712
Z,PID,0.0,0.0,0.0
Z,PID,0.05,0.01,7.73534729464351e-06
Z,PID,0.1,0.02,1.53052823073873e-05
Z,PID,0.15,0.03,2.27004883193451e-05
Z,PID,0.2,0.04,2.99370046769326e-05
Z,PID,0.25,0.05,3.70151994663077e-05
Z,PID,0.3,0.06,4.39402142197226e-05
Z,PID,0.35,0.07,5.07167378711847e-05
Z,PID,0.4,0.08,5.73493937062756e-05
Z,PID,0.45,0.09,6.38435088409444e-05
Z,PID,0.5,0.1,7.02040406583632e-05
Z,PID,0.55,0.11,7.64360768797486e-05
Z,PID,0.6,0.12,8.25443534161624e-05
Z,PID,0.65,0.13,8.85335381952157e-05
Z,PID,0.7,0.14,9.44082712968333e-05
Z,PID,0.75,0.15,0.0001001731955253
Z,PID,0.8,0.16,0.0001058329491193
Z,PID,0.85,0.17,0.0001113920792929
Z,PID,0.9,0.18,0.0001168551202234
Z,PID,0.95,0.19,0.0001222266094672
Z,PID,1.0,0.2,0.0001275110877719
Z,PID,1.05,0.21,0.0001327129979986
Z,PID,1.1,0.22,0.0001378368137203
Z,PID,1.15,0.23,0.0001428869886209
Z,PID,1.2,0.24,0.0001478679635175
Z,PID,1.25,0.25,0.0001527841737686
Z,PID,1.3,0.26,0.00015764002837
Z,PID,1.35,0.27,0.0001624399311833
Z,PID,1.4,0.28,0.0001671883505019
Z,PID,1.45,0.29,0.0001718899307683
Z,PID,1.5,0.3,0.0001765490276937
Z,PID,1.55,0.31,0.0001811701103225
Z,PID,1.6,0.32,0.000185757650928
Z,PID,1.65,0.33,0.0001903164959026
Z,PID,1.7,0.34,0.0001948511535215
Z,PID,1.75,0.35,0.0001993660496254
Z,PID,1.8,0.36,0.0002038657126779
Z,PID,1.85,0.37,0.0002083546711426
Z,PID,1.9,0.38,0.0002128374534831
Z,PID,1.95,0.39,0.0002173204914069
Z,PID,2.0,0.4,0.0002218076167357
Z,PID,2.05,0.41,0.0002263033668505
Z,PID,2.1,0.42,0.0002308124365306
Z,PID,2.15,0.43,0.0002353395205548
Z,PID,2.2,0.44,0.0002398893137024
Z,PID,2.25,0.45,0.0002444665107523
Z,PID,2.3,0.46,0.0002490775236567
Z,PID,2.35,0.47,0.0002537280875694
Z,PID,2.4,0.48,0.0002584222107791
Z,PID,2.45,0.49,0.000263165029247
Z,PID,2.5,0.5,0.0002679617169078
Z,PID,2.55,0.51,0.0002728174856703
Z,PID,2.6,0.52,0.0002777375854167
Z,PID,2.65,0.53,0.0002827273040031
Z,PID,2.7,0.54,0.0002877919672593
Z,PID,2.75,0.55,0.000292937426092
Z,PID,2.8,0.56,0.0002981717204027
Z,PID,2.85,0.57,0.0003034989097235
Z,PID,2.9,0.58,0.0003089249008785
Z,PID,2.95,0.59,0.0003144556957959
Z,PID,3.0,0.6,0.0003200973948051
Z,PID,3.05,0.61,0.0003258561999326
Z,PID,3.1,0.62,0.0003317384181994
Z,PID,3.15,0.63,0.0003377504649172
Z,PID,3.2,0.64,0.0003438988669851
Z,PID,3.25,0.65,0.0003501902661865
Z,PID,3.3,0.66,0.0003566314224855
Z,PID,3.35,0.67,0.000363228589756
Z,PID,3.4,0.68,0.0003699864177578
Z,PID,3.45,0.69,0.0003769111484692
Z,PID,3.5,0.7,0.0003840088711365
Z,PID,3.55,0.71,0.0003912856750057
Z,PID,3.6,0.72,0.0004399289195329
Z,PID,3.65,0.73,0.0010886969282297
Z,PID,3.7,0.74,0.0031238189512587
Z,PID,3.75,0.75,0.0071040808694759
Z,PID,3.8,0.76,0.013401596391867
Z,PID,3.85,0.77,0.0222466796759457
Z,PID,3.9,0.78,0.0337430749187285
Z,PID,3.95,0.79,0.0478858217808887
Z,PID,4.0,0.8,0.0645982229405257
Z,PID,4.05,0.81,0.0837553068980494
Z,PID,4.1,0.82,0.105193222278038
Z,PID,4.15,0.83,0.128719306988528
Z,PID,4.2,0.84,0.154124197076765
Z,PID,4.25,0.85,0.18119158822231
Z,PID,4.3,0.86,0.209703475047129
Z,PID,4.35,0.87,0.239444865361864
Z,PID,4.4,0.88,0.270207298580791
Z,PID,4.45,0.89,0.301790171234086
Z,PID,4.5,0.9,0.334003614514039
Z,PID,4.55,0.91,0.366670036430999
Z,PID,4.6,0.92,0.399625079325804
Z,PID,4.65,0.93,0.432717185112794
Z,PID,4.7,0.94,0.465809362354127
Z,PID,4.75,0.95,0.498777007266221
Z,PID,4.8,0.96,0.531509268777041
Z,PID,4.85,0.97,0.563907455510461
Z,PID,4.9,0.98,0.595885184495728
Z,PID,4.95,0.99,0.627367653203949
Z,PID,5.0,1.0,0.65829088003737
Z,PID,5.05,1.0,0.687712343409019
Z,PID,5.1,1.0,0.714045557851334
Z,PID,5.15,1.0,0.737621157009037
Z,PID,5.2,1.0,0.758847306717119
Z,PID,5.25,1.0,0.777952350826854
Z,PID,5.3,1.0,0.795204564339741
Z,PID,5.35,1.0,0.81083720168131
Z,PID,5.4,1.0,0.82504621403173
Z,PID,5.45,1.0,0.838003474544599
Z,PID,5.5,1.0,0.849850405077767
Z,PID,5.55,1.0,0.860719484871402
Z,PID,5.6,1.0,0.870725695303308
Z,PID,5.65,1.0,0.879952687050724
Z,PID,5.7,1.0,0.88848729228032
Z,PID,5.75,1.0,0.896395425905545
Z,PID,5.8,1.0,0.903737286939715
Z,PID,5.85,1.0,0.910564012292351
Z,PID,5.9,1.0,0.916921095424623
Z,PID,5.95,1.0,0.922847814974208
Z,PID,6.0,1.0,0.928380203356796
Z,PID,6.05,1.0,0.933547503185578
Z,PID,6.1,1.0,0.938377331937448
Z,PID,6.15,1.0,0.942893869663666
Z,PID,6.2,1.0,0.947119002920411
Z,PID,6.25,1.0,0.951072947497848
Z,PID,6.3,1.0,0.954771272262604
Z,PID,6.35,1.0,0.958230334923583
Z,PID,6.4,1.0,0.961464402928702
Z,PID,6.45,1.0,0.964486552964009
Z,PID,6.5,1.0,0.967309513619233
Z,PID,6.55,1.0,0.969944064653245
Z,PID,6.6,1.0,0.972400950833455
Z,PID,6.65,1.0,0.974690917761742
Z,PID,6.7,1.0,0.976822785315452
Z,PID,6.75,1.0,0.978805823330252
Z,PID,6.8,1.0,0.980649292452625
Z,PID,6.85,1.0,0.982360692715913
Z,PID,6.9,1.0,0.983947681243152
Z,PID,6.95,1.0,0.985418033547819
Z,PID,7.0,1.0,0.986778622765588
Z,PID,7.05,1.0,0.988035798639193
Z,PID,7.1,1.0,0.989196075286519
Z,PID,7.15,1.0,0.990265481052514
Z,PID,7.2,1.0,0.991249591354381
Z,PID,7.25,1.0,0.992153925307446
Z,PID,7.3,1.0,0.992983703741143
Z,PID,7.35,1.0,0.993743814122307
Z,PID,7.4,1.0,0.994438924966931
Z,PID,7.45,1.0,0.995073596067508
Z,PID,7.5,1.0,0.995652165006665
Z,PID,7.55,1.0,0.996178445159381
Z,PID,7.6,1.0,0.996656281735228
Z,PID,7.65,1.0,0.997089354927664
Z,PID,7.7,1.0,0.99748111777562
Z,PID,7.75,1.0,0.997834692315618
Z,PID,7.8,1.0,0.998153021332848
Z,PID,7.85,1.0,0.998438887896203
Z,PID,7.9,1.0,0.998694831425827
Z,PID,7.95,1.0,0.99892341526107
Z,PID,8.0,1.0,0.999127310124769
Z,PID,8.05,1.0,0.999308361413474
Z,PID,8.1,1.0,0.999468486568385
Z,PID,8.15,1.0,0.999609417494663
Z,PID,8.2,1.0,0.999733002366731
Z,PID,8.25,1.0,0.999841043511561
Z,PID,8.3,1.0,0.999934776421053
Z,PID,8.35,1.0,1.00001550556431
Z,PID,8.4,1.0,1.00008441506972
Z,PID,8.45,1.0,1.00014257443806
Z,PID,8.5,1.0,1.0001912176215
Z,PID,8.55,1.0,1.00023153976024
Z,PID,8.6,1.0,1.00026427622136
Z,PID,8.65,1.0,1.00029029581361
Z,PID,8.7,1.0,1.00031041803421
Z,PID,8.75,1.0,1.00032542165652
Z,PID,8.8,1.0,1.00033605406821
Z,PID,8.85,1.0,1.00034303785028
Z,PID,8.9,1.0,1.00034673986472
Z,PID,8.95,1.0,1.00034759920708
Z,PID,9.0,1.0,1.00034597927999
Z,PID,9.05,1.0,1.00034216779319
Z,PID,9.1,1.0,1.00033637676352
Z,PID,9.15,1.0,1.00032874251489
Z,PID,9.2,1.0,1.00032040283383
Z,PID,9.25,1.0,1.00031121589424
Z,PID,9.3,1.0,1.00030117138636
Z,PID,9.35,1.0,1.00029038081876
Z,PID,9.4,1.0,1.00027892067171
Z,PID,9.45,1.0,1.00026683496415
Z,PID,9.5,1.0,1.00025413782065
Z,PID,9.55,1.0,1.00024083567792
Z,PID,9.6,1.0,1.0002280213052
Z,PID,9.65,1.0,1.00021513408489
Z,PID,9.7,1.0,1.00020227031105
Z,PID,9.75,1.0,1.00018953444438
Z,PID,9.8,1.0,1.00017704322012
Z,PID,9.85,1.0,1.00016492975582
Z,PID,9.9,1.0,1.00015334765929
Z,PID,9.95,1.0,1.00014247513641
Z,PID,10.0,2.0,1.00013141458792
Z,PID,10.05,2.0,1.02395914907629
Z,PID,10.1,2.0,1.10285403324325
Z,PID,10.15,2.0,1.18716070901031
Z,PID,10.2,2.0,1.27335565573186
Z,PID,10.25,2.0,1.35948368437097
Z,PID,10.3,2.0,1.44403754092433
Z,PID,10.35,2.0,1.52588243760144
Z,PID,10.4,2.0,1.60417181076566
Z,PID,10.45,2.0,1.67828451792203
Z,PID,10.5,2.0,1.74778092988626
Z,PID,10.55,2.0,1.81237127389212
Z,PID,10.6,2.0,1.87188939134852
Z,PID,10.65,2.0,1.92627044682614
Z,PID,10.7,2.0,1.97553291092148
Z,PID,10.75,2.0,2.01976385121322
Z,PID,10.8,2.0,2.05910619870105
Z,PID,10.85,2.0,2.09374688855985
Z,PID,10.9,2.0,2.12390717839742
Z,PID,10.95,2.0,2.14983388726567
Z,PID,11.0,2.0,2.17179202812813
Z,PID,11.05,2.0,2.19005802877818
Z,PID,11.1,2.0,2.2049144808637
Z,PID,11.15,2.0,2.21664429083076
Z,PID,11.2,2.0,2.22552741960919
Z,PID,11.25,2.0,2.231837835527
Z,PID,11.3,2.0,2.23583844474664
Z,PID,11.35,2.0,2.23778303499812
Z,PID,11.4,2.0,2.23790945745592
Z,PID,11.45,2.0,2.23644482210925
Z,PID,11.5,2.0,2.23359762278832
Z,PID,11.55,2.0,2.22956605554286
Z,PID,11.6,2.0,2.22452876926794
Z,PID,11.65,2.0,2.21865222278
Z,PID,11.7,2.0,2.21208503801302
Z,PID,11.75,2.0,2.2049634435778
Z,PID,11.8,2.0,2.19741057534285
Z,PID,11.85,2.0,2.18953412270211
Z,PID,11.9,2.0,2.18143339192903
Z,PID,11.95,2.0,2.17319315696726
Z,PID,12.0,2.0,2.16488947807119
Z,PID,12.05,2.0,2.1565888961168
Z,PID,12.1,2.0,2.14834843598667
Z,PID,12.15,2.0,2.14021717318771
Z,PID,12.2,2.0,2.13223701327668
Z,PID,12.25,2.0,2.12444287921228
Z,PID,12.3,2.0,2.11686319577717
Z,PID,12.35,2.0,2.10952167364368
Z,PID,12.4,2.0,2.10243636747984
Z,PID,12.45,2.0,2.09562122964481
Z,PID,12.5,2.0,2.08908693309142
Z,PID,12.55,2.0,2.08283940030428
Z,PID,12.6,2.0,2.07688288828022
Z,PID,12.65,2.0,2.07121933955261
Z,PID,12.7,2.0,2.06584629682424
Z,PID,12.75,2.0,2.06076180615755
Z,PID,12.8,2.0,2.0559621248097
Z,PID,12.85,2.0,2.05143974640526
Z,PID,12.9,2.0,2.04718847289503
Z,PID,12.95,2.0,2.04320105873708
Z,PID,13.0,2.0,2.03946779058334
Z,PID,13.05,2.0,2.03597933536841
Z,PID,13.1,2.0,2.03272667485901
Z,PID,13.15,2.0,2.02969989501989
Z,PID,13.2,2.0,2.02688750132174
Z,PID,13.25,2.0,2.02428011129684
Z,PID,13.3,2.0,2.02186793296531
Z,PID,13.35,2.0,2.01964006691013
Z,PID,13.4,2.0,2.01758585054726
Z,PID,13.45,2.0,2.01569621893797
Z,PID,13.5,2.0,2.01396205722539
Z,PID,13.55,2.0,2.0123726823405
Z,PID,13.6,2.0,2.01091861080715
Z,PID,13.65,2.0,2.00959164660042
Z,PID,13.7,2.0,2.00838356697314
Z,PID,13.75,2.0,2.00728602733423
Z,PID,13.8,2.0,2.00629068469746
Z,PID,13.85,2.0,2.00539087882574
Z,PID,13.9,2.0,2.00458002786346
Z,PID,13.95,2.0,2.00385202216094
Z,PID,14.0,2.0,2.00319819494009
Z,PID,14.05,2.0,2.00261395224122
Z,PID,14.1,2.0,2.00209385942573
Z,PID,14.15,2.0,2.00163291230559
Z,PID,14.2,2.0,2.00122583880921
Z,PID,14.25,2.0,2.00086737425795
Z,PID,14.3,2.0,2.0005536947319
Z,PID,14.35,2.0,2.00028081349414
Z,PID,14.4,2.0,2.00004505947325
Z,PID,14.45,2.0,1.99984249734736
Z,PID,14.5,2.0,1.9996699009771
Z,PID,14.55,2.0,1.99952433326742
Z,PID,14.6,2.0,1.99940299849614
Z,PID,14.65,2.0,1.99930332866537
Z,PID,14.7,2.0,1.99922291928672
Z,PID,14.75,2.0,1.99915960543213
Z,PID,14.8,2.0,1.99911143187437
Z,PID,14.85,2.0,1.99907661321072
Z,PID,14.9,2.0,1.99905353774494
Z,PID,14.95,2.0,1.99904068840408
Z,PID,15.0,2.0,1.9990365983503
Z,PID,15.05,2.0,1.99904013431475
Z,PID,15.1,2.0,1.99905019830863
Z,PID,15.15,2.0,1.99906580049453
Z,PID,15.2,2.0,1.99908604790528
Z,PID,15.25,2.0,1.99911018249711
Z,PID,15.3,2.0,1.99913750497716
Z,PID,15.35,2.0,1.99916734650746
Z,PID,15.4,2.0,1.99919911649055
Z,PID,15.45,2.0,1.99923226964878
Z,PID,15.5,2.0,1.99926629510578
Z,PID,15.55,2.0,1.99930094911326
Z,PID,15.6,2.0,1.99933618426485
Z,PID,15.65,2.0,1.99937142959567
Z,PID,15.7,2.0,1.99940638423411
Z,PID,15.75,2.0,1.99944075765272
Z,PID,15.8,2.0,1.99947426093438
Z,PID,15.85,2.0,1.99950659803847
Z,PID,15.9,2.0,1.99953851422516
Z,PID,15.95,2.0,1.9995695713444
Z,PID,16.0,2.0,1.99959952539074
Z,PID,16.05,2.0,1.99962827153659
Z,PID,16.1,2.0,1.9996557012348
Z,PID,16.15,2.0,1.99968169658424
Z,PID,16.2,2.0,1.99970612469547
Z,PID,16.25,2.0,1.99972971902518
Z,PID,16.3,2.0,1.99975217368113
Z,PID,16.35,2.0,1.99977335416813
Z,PID,16.4,2.0,1.99979323644891
Z,PID,16.45,2.0,1.99981178602117
Z,PID,16.5,2.0,1.99982895432503
Z,PID,16.55,2.0,1.99984467515042
Z,PID,16.6,2.0,1.99985905031268
Z,PID,16.65,2.0,1.99987298273304
Z,PID,16.7,2.0,1.99988588459089
Z,PID,16.75,2.0,1.99989778731854
Z,PID,16.8,2.0,1.99990871594609
Z,PID,16.85,2.0,1.99991868729226
Z,PID,16.9,2.0,1.9999277081552
Z,PID,16.95,2.0,1.99993577350336
Z,PID,17.0,2.0,1.99994286466625
Z,PID,17.05,2.0,1.99994981089613
Z,PID,17.1,2.0,1.99995617780786
Z,PID,17.15,2.0,1.99996199988596
Z,PID,17.2,2.0,1.99996732186564
Z,PID,17.25,2.0,1.99997218302237
Z,PID,17.3,2.0,1.99997661630635
Z,PID,17.35,2.0,1.99998064747706
Z,PID,17.4,2.0,1.99998429423771
Z,PID,17.45,2.0,1.99998759618646
Z,PID,17.5,2.0,1.99999076852506
Z,PID,17.55,2.0,1.99999368467128
Z,PID,17.6,2.0,1.99999635258737
Z,PID,17.65,2.0,1.99999877176007
Z,PID,17.7,2.0,2.00000093254522
Z,PID,17.75,2.0,2.00000281551229
Z,PID,17.8,2.0,2.00000439078906
Z,PID,17.85,2.0,2.00000561740615
Z,PID,17.9,2.0,2.0000064426417
Z,PID,17.95,2.0,2.0000073021055
Z,PID,18.0,2.0,2.00000836161865
Z,PID,18.05,2.0,2.00000929415273
Z,PID,18.1,2.0,2.00001010093388
Z,PID,18.15,2.0,2.00001078040478
Z,PID,18.2,2.0,2.00001132817121
Z,PID,18.25,2.0,2.00001173694875
Z,PID,18.3,2.0,2.00001199650944
Z,PID,18.35,2.0,2.00001209362835
Z,PID,18.4,2.0,2.00001201203031
Z,PID,18.45,2.0,2.00001181107342
Z,PID,18.5,2.0,2.00001181847874
Z,PID,18.55,2.0,2.00001176220336
Z,PID,18.6,2.0,2.00001164363205
Z,PID,18.65,2.0,2.00001146318137
Z,PID,18.7,2.0,2.0000112202997
Z,PID,18.75,2.0,2.0000109134672
Z,PID,18.8,2.0,2.00001054019583
Z,PID,18.85,2.0,2.00001009702934
Z,PID,18.9,2.0,2.00000957954329
Z,PID,18.95,2.0,2.00000898234502
Z,PID,19.0,2.0,2.00000829907368
Z,PID,19.05,2.0,2.00000774328589
Z,PID,19.1,2.0,2.00000718985901
Z,PID,19.15,2.0,2.00000662716117
Z,PID,19.2,2.0,2.00000606029945
Z,PID,19.25,2.0,2.00000549438092
Z,PID,19.3,2.0,2.00000493451265
Z,PID,19.35,2.0,2.00000438580173
Z,PID,19.4,2.0,2.00000385335523
Z,PID,19.45,2.0,2.00000334228024
Z,PID,19.5,2.0,2.00000285768382
Z,PID,19.55,2.0,2.00000240467307
Z,PID,19.6,2.0,2.00000198835505
Z,PID,19.65,2.0,2.00000161383684
Z,PID,19.7,2.0,2.00000128622552
Z,PID,19.75,2.0,2.00000099639746
Z,PID,19.8,2.0,2.00000068558388
Z,PID,19.85,2.0,2.00000039671718
Z,PID,19.9,2.0,2.00000012979734
Z,PID,19.95,2.0,1.99999988482438
Z,PID,20.0,2.0,1.99999966179828
Z,PID,20.05,2.0,1.99999946071905
Z,PID,20.1,2.0,1.9999992815867
Z,PID,20.15,2.0,1.99999912440121
Z,PID,20.2,2.0,1.9999989891626
Z,PID,20.25,2.0,1.99999887587085
Z,PID,20.3,2.0,1.99999878452598
Z,PID,20.35,2.0,1.99999871512798
Z,PID,20.4,2.0,1.99999866767684
Z,PID,20.45,2.0,1.99999864217258
Z,PID,20.5,2.0,1.99999863861518
Z,PID,20.55,2.0,1.99999865700466
Z,PID,20.6,2.0,1.99999869734101
Z,PID,20.65,2.0,1.99999875962422
Z,PID,20.7,2.0,1.99999882010585
Z,PID,20.75,2.0,1.99999884571548
Z,PID,20.8,2.0,1.99999887132511
Z,PID,20.85,2.0,1.99999889693474
Z,PID,20.9,2.0,1.99999892254437
Z,PID,20.95,2.0,1.999998948154
Z,PID,21.0,2.0,1.99999897376363
Z,PID,21.05,2.0,1.99999899937326
Z,PID,21.1,2.0,1.99999902498289
Z,PID,21.15,2.0,1.99999905059252
Z,PID,21.2,2.0,1.99999907620215
Z,PID,21.25,2.0,1.99999910181178
Z,PID,21.3,2.0,1.99999912742141
Z,PID,21.35,2.0,1.99999915303103
Z,PID,21.4,2.0,1.99999917864066
Z,PID,21.45,2.0,1.99999920425029
Z,PID,21.5,2.0,1.99999922985992
Z,PID,21.55,2.0,1.99999925546955
Z,PID,21.6,2.0,1.99999928107918
Z,PID,21.65,2.0,1.99999930668881
Z,PID,21.7,2.0,1.99999933229844
Z,PID,21.75,2.0,1.99999935790807
Z,PID,21.8,2.0,1.9999993835177
Z,PID,21.85,2.0,1.99999940912733
Z,PID,21.9,2.0,1.99999943473696
Z,PID,21.95,2.0,1.99999946034659
Z,PID,22.0,2.0,1.99999948595622
Z,PID,22.05,2.0,1.99999951156585
Z,PID,22.1,2.0,1.99999953717548
Z,PID,22.15,2.0,1.9999995627851
Z,PID,22.2,2.0,1.99999957295637
Z,PID,22.25,2.0,1.99999958035223
Z,PID,22.3,2.0,1.99999958774809
Z,PID,22.35,2.0,1.99999959514395
Z,PID,22.4,2.0,1.99999960253981
Z,PID,22.45,2.0,1.99999960993567
Z,PID,22.5,2.0,1.99999961733153
Z,PID,22.55,2.0,1.99999962472739
Z,PID,22.6,2.0,1.99999963212325
Z,PID,22.65,2.0,1.99999963951911
Z,PID,22.7,2.0,1.99999964691497
Z,PID,22.75,2.0,1.99999965431082
Z,PID,22.8,2.0,1.99999966170668
Z,PID,22.85,2.0,1.99999966910254
Z,PID,22.9,2.0,1.9999996764984
Z,PID,22.95,2.0,1.99999968389426
Z,PID,23.0,2.0,1.99999969129012
Z,PID,23.05,2.0,1.99999969868598
Z,PID,23.1,2.0,1.99999970608184
Z,PID,23.15,2.0,1.9999997134777
Z,PID,23.2,2.0,1.99999972087356
Z,PID,23.25,2.0,1.99999972826942
Z,PID,23.3,2.0,1.99999973566527
Z,PID,23.35,2.0,1.99999974306113
Z,PID,23.4,2.0,1.99999975045699
Z,PID,23.45,2.0,1.99999975785285
Z,PID,23.5,2.0,1.99999976524871
Z,PID,23.55,2.0,1.99999977264457
Z,PID,23.6,2.0,1.99999978004043
Z,PID,23.65,2.0,1.99999978743629
Z,PID,23.7,2.0,1.99999979483215
Z,PID,23.75,2.0,1.99999980222801
Z,PID,23.8,2.0,1.99999980962387
Z,PID,23.85,2.0,1.99999981701972
Z,PID,23.9,2.0,1.99999982441558
Z,PID,23.95,2.0,1.99999983181144
Z,PID,24.0,2.0,1.9999998392073
Z,PID,24.05,2.0,1.99999984660316
Z,PID,24.1,2.0,1.99999985399902
Z,PID,24.15,2.0,1.99999986139488
Z,PID,24.2,2.0,1.99999986879074
Z,PID,24.25,2.0,1.9999998761866
Z,PID,24.3,2.0,1.99999988358246
Z,PID,24.35,2.0,1.99999989097832
Z,PID,24.4,2.0,1.99999989837417
Z,PID,24.45,2.0,1.99999990064551
Z,PID,24.5,2.0,1.99999990184418
Z,PID,24.55,2.0,1.99999990304286
Z,PID,24.6,2.0,1.99999990424154
Z,PID,24.65,2.0,1.99999990544021
Z,PID,24.7,2.0,1.99999990663889
Z,PID,24.75,2.0,1.99999990783757
Z,PID,24.8,2.0,1.99999990903624
Z,PID,24.85,2.0,1.99999991023492
Z,PID,24.9,2.0,1.9999999114336
Z,PID,24.95,2.0,1.99999991263227
Z,PID,25.0,2.0,1.99999991383095
Z,PID,25.05,2.0,1.99999991502962
Z,PID,25.1,2.0,1.9999999162283
Z,PID,25.15,2.0,1.99999991742698
Z,PID,25.2,2.0,1.99999991862565
Z,PID,25.25,2.0,1.99999991982433
Z,PID,25.3,2.0,1.99999992102301
Z,PID,25.35,2.0,1.99999992222168
Z,PID,25.4,2.0,1.99999992342036
Z,PID,25.45,2.0,1.99999992461904
Z,PID,25.5,2.0,1.99999992581771
Z,PID,25.55,2.0,1.99999992701639
Z,PID,25.6,2.0,1.99999992821507
Z,PID,25.65,2.0,1.99999992941374
Z,PID,25.7,2.0,1.99999993061242
Z,PID,25.75,2.0,1.9999999318111
Z,PID,25.8,2.0,1.99999993300977
Z,PID,25.85,2.0,1.99999993420845
Z,PID,25.9,2.0,1.99999993540712
Z,PID,25.95,2.0,1.9999999366058
Z,PID,26.0,2.0,1.99999993780448
Z,PID,26.05,2.0,1.99999993900315
Z,PID,26.1,2.0,1.99999994020183
Z,PID,26.15,2.0,1.99999994140051
Z,PID,26.2,2.0,1.99999994259918
Z,PID,26.25,2.0,1.99999994379786
Z,PID,26.3,2.0,1.99999994499654
Z,PID,26.35,2.0,1.99999994619521
Z,PID,26.4,2.0,1.99999994739389
Z,PID,26.45,2.0,1.99999994859257
Z,PID,26.5,2.0,1.99999994979124
Z,PID,26.55,2.0,1.99999995098992
Z,PID,26.6,2.0,1.99999995218859
Z,PID,26.65,2.0,1.99999995338727
Z,PID,26.7,2.0,1.99999995458595
Z,PID,26.75,2.0,1.99999995578462
Z,PID,26.8,2.0,1.9999999569833
Z,PID,26.85,2.0,1.99999995818198
Z,PID,26.9,2.0,1.99999995938065
Z,PID,26.95,2.0,1.99999996057933
Z,PID,27.0,2.0,1.99999996177801
Z,PID,27.05,2.0,1.99999996297668
Z,PID,27.1,2.0,1.99999996417536
Z,PID,27.15,2.0,1.99999996537404
Z,PID,27.2,2.0,1.99999996657271
Z,PID,27.25,2.0,1.99999996777139
Z,PID,27.3,2.0,1.99999996897006
Z,PID,27.35,2.0,1.99999997016874
Z,PID,27.4,2.0,1.99999997136742
Z,PID,27.45,2.0,1.99999997256609
Z,PID,27.5,2.0,1.99999997376477
Z,PID,27.55,2.0,1.99999997496345
Z,PID,27.6,2.0,1.99999997616212
Z,PID,27.65,2.0,1.9999999773608
Z,PID,27.7,2.0,1.99999997855948
Z,PID,27.75,2.0,1.99999997975815
Z,PID,27.8,2.0,1.99999998095683
Z,PID,27.85,2.0,1.99999998215551
Z,PID,27.9,2.0,1.99999998335418
Z,PID,27.95,2.0,1.99999998455286
Z,PID,28.0,2.0,1.99999998575154
Z,PID,28.05,2.0,1.99999998695021
Z,PID,28.1,2.0,1.99999998814889
Z,PID,28.15,2.0,1.99999998925721
Z,PID,28.2,2.0,1.99999998950505
Z,PID,28.25,2.0,1.99999998975289
Z,PID,28.3,2.0,1.99999999000073
Z,PID,28.35,2.0,1.99999999024857
Z,PID,28.4,2.0,1.99999999049641
Z,PID,28.45,2.0,1.99999999074426
Z,PID,28.5,2.0,1.9999999909921
Z,PID,28.55,2.0,1.99999999123994
Z,PID,28.6,2.0,1.99999999148778
Z,PID,28.65,2.0,1.99999999173562
Z,PID,28.7,2.0,1.99999999198346
Z,PID,28.75,2.0,1.99999999223131
Z,PID,28.8,2.0,1.99999999247915
Z,PID,28.85,2.0,1.99999999272699
Z,PID,28.9,2.0,1.99999999297483
Z,PID,28.95,2.0,1.99999999322267
Z,PID,29.0,2.0,1.99999999347051
Z,PID,29.05,2.0,1.99999999371836
Z,PID,29.1,2.0,1.9999999939662
Z,PID,29.15,2.0,1.99999999421404
Z,PID,29.2,2.0,1.99999999446188
Z,PID,29.25,2.0,1.99999999470972
Z,PID,29.3,2.0,1.99999999495756
Z,PID,29.35,2.0,1.99999999520541
Z,PID,29.4,2.0,1.99999999545325
Z,PID,29.45,2.0,1.99999999570109
Z,PID,29.5,2.0,1.99999999594893
Z,PID,29.55,2.0,1.99999999619677
Z,PID,29.6,2.0,1.99999999644461
Z,PID,29.65,2.0,1.99999999669246
Z,PID,29.7,2.0,1.9999999969403
Z,PID,29.75,2.0,1.99999999718814
Z,PID,29.8,2.0,1.99999999743598
Z,PID,29.85,2.0,1.99999999768382
Z,PID,29.9,2.0,1.99999999793166
Z,PID,29.95,2.0,1.99999999817951
Z,PID,30.0,2.0,1.99999999842735
Z,RA-GCA-CGHTE,0.0,0.0,0.0
Z,RA-GCA-CGHTE,0.05,0.01,0.0003894011068952
Z,RA-GCA-CGHTE,0.1,0.02,0.0013955091555072
Z,RA-GCA-CGHTE,0.15,0.03,0.0024029828498241
Z,RA-GCA-CGHTE,0.2,0.04,0.003472001201574
Z,RA-GCA-CGHTE,0.25,0.05,0.0046581925667159
Z,RA-GCA-CGHTE,0.3,0.06,0.0060092610133034
Z,RA-GCA-CGHTE,0.35,0.07,0.0075656669619884
Z,RA-GCA-CGHTE,0.4,0.08,0.0093612634401417
Z,RA-GCA-CGHTE,0.45,0.09,0.011423897130056
Z,RA-GCA-CGHTE,0.5,0.1,0.0137759748162186
Z,RA-GCA-CGHTE,0.55,0.11,0.0164349960683852
Z,RA-GCA-CGHTE,0.6,0.12,0.0194140539136866
Z,RA-GCA-CGHTE,0.65,0.13,0.0227223015041674
Z,RA-GCA-CGHTE,0.7000000000000001,0.14,0.0263653895957606
Z,RA-GCA-CGHTE,0.75,0.15,0.0303458705890937
Z,RA-GCA-CGHTE,0.8,0.16,0.0346635767792822
Z,RA-GCA-CGHTE,0.85,0.17,0.0393159656387978
Z,RA-GCA-CGHTE,0.9,0.18,0.0442984403149237
Z,RA-GCA-CGHTE,0.95,0.19,0.0496046442879706
Z,RA-GCA-CGHTE,1.0,0.2,0.0552267306169938
Z,RA-GCA-CGHTE,1.05,0.21,0.0611556064553455
Z,RA-GCA-CGHTE,1.1,0.22,0.0673811568089257
Z,RA-GCA-CGHTE,1.15,0.23,0.0738924461700002
Z,RA-GCA-CGHTE,1.2,0.24,0.0806779005187389
Z,RA-GCA-CGHTE,1.25,0.25,0.0877254713480946
Z,RA-GCA-CGHTE,1.3,0.26,0.0950227809317131
Z,RA-GCA-CGHTE,1.35,0.27,0.102557252313808
Z,RA-GCA-CGHTE,1.4,0.28,0.1103162241646887
Z,RA-GCA-CGHTE,1.45,0.29,0.1182870513752079
Z,RA-GCA-CGHTE,1.5,0.3,0.1264571928174084
Z,RA-GCA-CGHTE,1.55,0.31,0.134814287073067
Z,RA-GCA-CGHTE,1.6,0.32,0.1433462177526619
Z,RA-GCA-CGHTE,1.65,0.33,0.1520411681380522
Z,RA-GCA-CGHTE,1.7,0.34,0.1608876667896913
Z,RA-GCA-CGHTE,1.75,0.35,0.1698746253900654
Z,RA-GCA-CGHTE,1.8,0.36,0.178991368691939
Z,RA-GCA-CGHTE,1.85,0.37,0.188227657792058
Z,RA-GCA-CGHTE,1.9,0.38,0.1975737073467872
Z,RA-GCA-CGHTE,1.95,0.39,0.2070201973347159
Z,RA-GCA-CGHTE,2.0,0.4,0.2165582801010147
Z,RA-GCA-CGHTE,2.05,0.41,0.2261795830902906
Z,RA-GCA-CGHTE,2.1,0.42,0.2358762078719879
Z,RA-GCA-CGHTE,2.15,0.43,0.2456407258590116
Z,RA-GCA-CGHTE,2.2,0.44,0.2554661714955704
Z,RA-GCA-CGHTE,2.25,0.45,0.2653460325802318
Z,RA-GCA-CGHTE,2.3000000000000003,0.4600000000000001,0.2752742389218812
Z,RA-GCA-CGHTE,2.35,0.47,0.2852451494755971
Z,RA-GCA-CGHTE,2.4,0.48,0.2952535373051439
Z,RA-GCA-CGHTE,2.45,0.49,0.3052945744540316
Z,RA-GCA-CGHTE,2.5,0.5,0.3153638152842055
Z,RA-GCA-CGHTE,2.5500000000000003,0.5100000000000001,0.3254571794336948
Z,RA-GCA-CGHTE,2.6,0.52,0.3355709343638133
Z,RA-GCA-CGHTE,2.65,0.53,0.3457016775998031
Z,RA-GCA-CGHTE,2.7,0.54,0.355846318892807
Z,RA-GCA-CGHTE,2.75,0.55,0.3660020624744321
Z,RA-GCA-CGHTE,2.8000000000000003,0.56,0.3761663894301386
Z,RA-GCA-CGHTE,2.85,0.5700000000000001,0.386337040342536
Z,RA-GCA-CGHTE,2.9,0.58,0.3965119984067011
Z,RA-GCA-CGHTE,2.95,0.5900000000000001,0.406689472756532
Z,RA-GCA-CGHTE,3.0,0.6000000000000001,0.4168678825125738
Z,RA-GCA-CGHTE,3.0500000000000003,0.6100000000000001,0.4270458413591773
Z,RA-GCA-CGHTE,3.1,0.6200000000000001,0.4372221424923478
Z,RA-GCA-CGHTE,3.15,0.63,0.447395744505599
Z,RA-GCA-CGHTE,3.2,0.6400000000000001,0.4575657576984119
Z,RA-GCA-CGHTE,3.25,0.65,0.467731430958165
Z,RA-GCA-CGHTE,3.3000000000000003,0.6600000000000001,0.4778921396184735
Z,RA-GCA-CGHTE,3.35,0.67,0.4880473737587458
Z,RA-GCA-CGHTE,3.4,0.68,0.4981967271621753
Z,RA-GCA-CGHTE,3.45,0.6900000000000001,0.5083398871583024
Z,RA-GCA-CGHTE,3.5,0.7000000000000001,0.5184766212470562
Z,RA-GCA-CGHTE,3.5500000000000003,0.7100000000000001,0.5286067824971662
Z,RA-GCA-CGHTE,3.6,0.7200000000000001,0.5387301970600333
Z,RA-GCA-CGHTE,3.65,0.73,0.5488468990789964
Z,RA-GCA-CGHTE,3.7,0.7400000000000001,0.5589570186967643
Z,RA-GCA-CGHTE,3.75,0.75,0.5690605480248755
Z,RA-GCA-CGHTE,3.8,0.7600000000000001,0.5791575782284824
Z,RA-GCA-CGHTE,3.85,0.77,0.589248243057945
Z,RA-GCA-CGHTE,3.9,0.78,0.5993327157027069
Z,RA-GCA-CGHTE,3.95,0.79,0.6094111805490686
Z,RA-GCA-CGHTE,4.0,0.8,0.6194838446212156
Z,RA-GCA-CGHTE,4.05,0.81,0.6295509297187294
Z,RA-GCA-CGHTE,4.1,0.82,0.6396126693219897
Z,RA-GCA-CGHTE,4.15,0.8300000000000001,0.6496693049158756
Z,RA-GCA-CGHTE,4.2,0.8400000000000001,0.6597210835966899
Z,RA-GCA-CGHTE,4.25,0.8500000000000001,0.6697682555222437
Z,RA-GCA-CGHTE,4.3,0.86,0.6798110717459857
Z,RA-GCA-CGHTE,4.3500000000000005,0.8700000000000001,0.6898497823193201
Z,RA-GCA-CGHTE,4.4,0.8800000000000001,0.6998846346430718
Z,RA-GCA-CGHTE,4.45,0.8900000000000001,0.7099158720472003
Z,RA-GCA-CGHTE,4.5,0.9,0.7199437325244554
Z,RA-GCA-CGHTE,4.55,0.91,0.7299684479331827
Z,RA-GCA-CGHTE,4.6000000000000005,0.9200000000000002,0.7399902428161258
Z,RA-GCA-CGHTE,4.65,0.9300000000000002,0.7500093339426441
Z,RA-GCA-CGHTE,4.7,0.94,0.7600259296894855
Z,RA-GCA-CGHTE,4.75,0.95,0.7700402297071469
Z,RA-GCA-CGHTE,4.8,0.96,0.7800524244939445
Z,RA-GCA-CGHTE,4.8500000000000005,0.9700000000000002,0.7900626952824483
Z,RA-GCA-CGHTE,4.9,0.98,0.8000712139141006
Z,RA-GCA-CGHTE,4.95,0.99,0.8100781402286249
Z,RA-GCA-CGHTE,5.0,1.0,0.820083632463064
Z,RA-GCA-CGHTE,5.05,1.0,0.8300795130704676
Z,RA-GCA-CGHTE,5.1000000000000005,1.0,0.8400107924206229
Z,RA-GCA-CGHTE,5.15,1.0,0.8498149527167996
Z,RA-GCA-CGHTE,5.2,1.0,0.8594385237749892
Z,RA-GCA-CGHTE,5.25,1.0,0.8688361214598069
Z,RA-GCA-CGHTE,5.3,1.0,0.8779697416828408
Z,RA-GCA-CGHTE,5.3500000000000005,1.0,0.8868080906355325
Z,RA-GCA-CGHTE,5.4,1.0,0.8953259535858289
Z,RA-GCA-CGHTE,5.45,1.0,0.903503600890724
Z,RA-GCA-CGHTE,5.5,1.0,0.9113262295540968
Z,RA-GCA-CGHTE,5.55,1.0,0.91878344215285
Z,RA-GCA-CGHTE,5.6000000000000005,1.0,0.9258687544832522
Z,RA-GCA-CGHTE,5.65,1.0,0.9325791660943
Z,RA-GCA-CGHTE,5.7,1.0,0.938914703558933
Z,RA-GCA-CGHTE,5.75,1.0,0.9448780600361856
Z,RA-GCA-CGHTE,5.8,1.0,0.9504742296490134
Z,RA-GCA-CGHTE,5.8500000000000005,1.0,0.95571017822818
Z,RA-GCA-CGHTE,5.9,1.0,0.9605945451982676
Z,RA-GCA-CGHTE,5.95,1.0,0.96513736780717
Z,RA-GCA-CGHTE,6.0,1.0,0.9693498326642248
Z,RA-GCA-CGHTE,6.05,1.0,0.9732440489677404
Z,RA-GCA-CGHTE,6.1000000000000005,1.0,0.9768328466535996
Z,RA-GCA-CGHTE,6.15,1.0,0.9801295926409956
Z,RA-GCA-CGHTE,6.2,1.0,0.9831480276108024
Z,RA-GCA-CGHTE,6.25,1.0,0.9859021209343308
Z,RA-GCA-CGHTE,6.3,1.0,0.9884059421788012
Z,RA-GCA-CGHTE,6.3500000000000005,1.0,0.9906735488982744
Z,RA-GCA-CGHTE,6.4,1.0,0.9927188876867956
Z,RA-GCA-CGHTE,6.45,1.0,0.9945557096084418
Z,RA-GCA-CGHTE,6.5,1.0,0.9961974975076396
Z,RA-GCA-CGHTE,6.55,1.0,0.9976574040420958
Z,RA-GCA-CGHTE,6.6000000000000005,1.0,0.9989482003908896
Z,RA-GCA-CGHTE,6.65,1.0,1.0000822341936295
Z,RA-GCA-CGHTE,6.7,1.0,1.0010713952407284
Z,RA-GCA-CGHTE,6.75,1.0,1.001927089968195
Z,RA-GCA-CGHTE,6.8,1.0,1.0026602215070837
Z,RA-GCA-CGHTE,6.8500000000000005,1.0,1.0032811763514498
Z,RA-GCA-CGHTE,6.9,1.0,1.0037998162958677
Z,RA-GCA-CGHTE,6.95,1.0,1.004225475206454
Z,RA-GCA-CGHTE,7.0,1.0,1.0045669598306042
Z,RA-GCA-CGHTE,7.05,1.0,1.0048325543243084
Z,RA-GCA-CGHTE,7.1000000000000005,1.0,1.005030027896978
Z,RA-GCA-CGHTE,7.15,1.0,1.005166645200052
Z,RA-GCA-CGHTE,7.2,1.0,1.0052491787631552
Z,RA-GCA-CGHTE,7.25,1.0,1.0052839235903686
Z,RA-GCA-CGHTE,7.3,1.0,1.0052767132721088
Z,RA-GCA-CGHTE,7.35,1.0,1.0052329372243365
Z,RA-GCA-CGHTE,7.4,1.0,1.0051575588447434
Z,RA-GCA-CGHTE,7.45,1.0,1.0050551344402707
Z,RA-GCA-CGHTE,7.5,1.0,1.0049298328152143
Z,RA-GCA-CGHTE,7.55,1.0,1.0047854548289037
Z,RA-GCA-CGHTE,7.6,1.0,1.004625453246647
Z,RA-GCA-CGHTE,7.65,1.0,1.004452952513556
Z,RA-GCA-CGHTE,7.7,1.0,1.0042707683087273
Z,RA-GCA-CGHTE,7.75,1.0,1.0040814268460456
Z,RA-GCA-CGHTE,7.8,1.0,1.0038871837831895
Z,RA-GCA-CGHTE,7.85,1.0,1.003690042572188
Z,RA-GCA-CGHTE,7.9,1.0,1.0034917723386885
Z,RA-GCA-CGHTE,7.95,1.0,1.0032939251548698
Z,RA-GCA-CGHTE,8.0,1.0,1.0030978526538945
Z,RA-GCA-CGHTE,8.05,1.0,1.0029047217310227
Z,RA-GCA-CGHTE,8.1,1.0,1.0027155300644253
Z,RA-GCA-CGHTE,8.15,1.0,1.0025311204529668
Z,RA-GCA-CGHTE,8.2,1.0,1.0023521942497775
Z,RA-GCA-CGHTE,8.25,1.0,1.0021793248454751
Z,RA-GCA-CGHTE,8.3,1.0,1.0020129696402262
Z,RA-GCA-CGHTE,8.35,1.0,1.0018534814816704
Z,RA-GCA-CGHTE,8.4,1.0,1.0017011236834514
Z,RA-GCA-CGHTE,8.45,1.0,1.001556063524154
Z,RA-GCA-CGHTE,8.5,1.0,1.0014184697665574
Z,RA-GCA-CGHTE,8.55,1.0,1.0012883821990914
Z,RA-GCA-CGHTE,8.6,1.0,1.0011655824109156
Z,RA-GCA-CGHTE,8.65,1.0,1.001050125478712
Z,RA-GCA-CGHTE,8.700000000000001,1.0,1.000941903313614
Z,RA-GCA-CGHTE,8.75,1.0,1.000840756356463
Z,RA-GCA-CGHTE,8.8,1.0,1.0007465064225065
Z,RA-GCA-CGHTE,8.85,1.0,1.000658945544957
Z,RA-GCA-CGHTE,8.9,1.0,1.000577844625277
Z,RA-GCA-CGHTE,8.950000000000001,1.0,1.000502957930714
Z,RA-GCA-CGHTE,9.0,1.0,1.0004340265699911
Z,RA-GCA-CGHTE,9.05,1.0,1.0003707825617345
Z,RA-GCA-CGHTE,9.1,1.0,1.000312951529287
Z,RA-GCA-CGHTE,9.15,1.0,1.0002602555525624
Z,RA-GCA-CGHTE,9.2,1.0,1.000212415603518
Z,RA-GCA-CGHTE,9.25,1.0,1.0001691536543524
Z,RA-GCA-CGHTE,9.3,1.0,1.0001301945385552
Z,RA-GCA-CGHTE,9.35,1.0,1.0000952675329169
Z,RA-GCA-CGHTE,9.4,1.0,1.0000641078053207
Z,RA-GCA-CGHTE,9.45,1.0,1.0000364572335465
Z,RA-GCA-CGHTE,9.5,1.0,1.000012065768054
Z,RA-GCA-CGHTE,9.55,1.0,0.999990692076212
Z,RA-GCA-CGHTE,9.6,1.0,0.9999721039297031
Z,RA-GCA-CGHTE,9.65,1.0,0.9999560789994196
Z,RA-GCA-CGHTE,9.7,1.0,0.9999424050107262
Z,RA-GCA-CGHTE,9.75,1.0,0.9999308799369756
Z,RA-GCA-CGHTE,9.8,1.0,0.9999213132358252
Z,RA-GCA-CGHTE,9.85,1.0,0.999913521863646
Z,RA-GCA-CGHTE,9.9,1.0,0.9999073368981952
Z,RA-GCA-CGHTE,9.95,1.0,0.9999025972221056
Z,RA-GCA-CGHTE,10.0,2.0,0.9998991517870884
Z,RA-GCA-CGHTE,10.05,2.0,1.0034047898902867
Z,RA-GCA-CGHTE,10.1,2.0,1.0136179009985429
Z,RA-GCA-CGHTE,10.15,2.0,1.0295384961522347
Z,RA-GCA-CGHTE,10.2,2.0,1.0503272157937906
Z,RA-GCA-CGHTE,10.25,2.0,1.0752169802103502
Z,RA-GCA-CGHTE,10.3,2.0,1.1035091766587184
Z,RA-GCA-CGHTE,10.35,2.0,1.1345699120701198
Z,RA-GCA-CGHTE,10.4,2.0,1.1678262815652267
Z,RA-GCA-CGHTE,10.45,2.0,1.2027626782684029
Z,RA-GCA-CGHTE,10.5,2.0,1.238917165543369
Z,RA-GCA-CGHTE,10.55,2.0,1.2758779295525964
Z,RA-GCA-CGHTE,10.6,2.0,1.3132798271475496
Z,RA-GCA-CGHTE,10.65,2.0,1.3508010413686802
Z,RA-GCA-CGHTE,10.7,2.0,1.388159854866741
Z,RA-GCA-CGHTE,10.75,2.0,1.42511154885836
Z,RA-GCA-CGHTE,10.8,2.0,1.46144543389822
Z,RA-GCA-CGHTE,10.85,2.0,1.4969820166558605
Z,RA-GCA-CGHTE,10.9,2.0,1.5315703057258738
Z,RA-GCA-CGHTE,10.95,2.0,1.5650852578261136
Z,RA-GCA-CGHTE,11.0,2.0,1.5974253640280136
Z,RA-GCA-CGHTE,11.05,2.0,1.6285103768610925
Z,RA-GCA-CGHTE,11.1,2.0,1.6582791745105403
Z,RA-GCA-CGHTE,11.15,2.0,1.6866877622714689
Z,RA-GCA-CGHTE,11.2,2.0,1.7137074042105558
Z,RA-GCA-CGHTE,11.25,2.0,1.7393228863649235
Z,RA-GCA-CGHTE,11.3,2.0,1.763530912423956
Z,RA-GCA-CGHTE,11.35,2.0,1.7863385953692932
Z,RA-GCA-CGHTE,11.4,2.0,1.8077620935544951
Z,RA-GCA-CGHTE,11.45,2.0,1.827825342186164
Z,RA-GCA-CGHTE,11.5,2.0,1.8465588910195083
Z,RA-GCA-CGHTE,11.55,2.0,1.8639988517403856
Z,RA-GCA-CGHTE,11.6,2.0,1.880185928746916
Z,RA-GCA-CGHTE,11.65,2.0,1.895164547413621
Z,RA-GCA-CGHTE,11.7,2.0,1.9089820646375384
Z,RA-GCA-CGHTE,11.75,2.0,1.9216880604436168
Z,RA-GCA-CGHTE,11.8,2.0,1.9333337018162169
Z,RA-GCA-CGHTE,11.85,2.0,1.9439711779782656
Z,RA-GCA-CGHTE,11.9,2.0,1.953653199048219
Z,RA-GCA-CGHTE,11.95,2.0,1.9624325558324136
Z,RA-GCA-CGHTE,12.0,2.0,1.970361734223344
Z,RA-GCA-CGHTE,12.05,2.0,1.977492581478092
Z,RA-GCA-CGHTE,12.1,2.0,1.98387601904302
Z,RA-GCA-CGHTE,12.15,2.0,1.989561799072464
Z,RA-GCA-CGHTE,12.2,2.0,1.9945982985337616
Z,RA-GCA-CGHTE,12.25,2.0,1.9990323513544028
Z,RA-GCA-CGHTE,12.3,2.0,2.0029091127009675
Z,RA-GCA-CGHTE,12.35,2.0,2.0062719508214752
Z,RA-GCA-CGHTE,12.4,2.0,2.0091623666279568
Z,RA-GCA-CGHTE,12.45,2.0,2.0116199362397853
Z,RA-GCA-CGHTE,12.5,2.0,2.013682275421248
Z,RA-GCA-CGHTE,12.55,2.0,2.015385021628702
Z,RA-GCA-CGHTE,12.6,2.0,2.016761832180821
Z,RA-GCA-CGHTE,12.65,2.0,2.017844396886671
Z,RA-GCA-CGHTE,12.7,2.0,2.018662464130603
Z,RA-GCA-CGHTE,12.75,2.0,2.019243876002834
Z,RA-GCA-CGHTE,12.8,2.0,2.01961461317405
Z,RA-GCA-CGHTE,12.85,2.0,2.0197988472950623
Z,RA-GCA-CGHTE,12.9,2.0,2.0198189993892868
Z,RA-GCA-CGHTE,12.95,2.0,2.019695803095524
Z,RA-GCA-CGHTE,13.0,2.0,2.019448372521943
Z,RA-GCA-CGHTE,13.05,2.0,2.0190942720928478
Z,RA-GCA-CGHTE,13.1,2.0,2.0186495893679828
Z,RA-GCA-CGHTE,13.15,2.0,2.0181290083420915
Z,RA-GCA-CGHTE,13.2,2.0,2.017545883856376
Z,RA-GCA-CGHTE,13.25,2.0,2.016912315819414
Z,RA-GCA-CGHTE,13.3,2.0,2.016239222968917
Z,RA-GCA-CGHTE,13.35,2.0,2.015536415546311
Z,RA-GCA-CGHTE,13.4,2.0,2.014812666674612
Z,RA-GCA-CGHTE,13.45,2.0,2.0140757819898827
Z,RA-GCA-CGHTE,13.5,2.0,2.0133326672886445
Z,RA-GCA-CGHTE,13.55,2.0,2.012589393956464
Z,RA-GCA-CGHTE,13.6,2.0,2.0118512620251305
Z,RA-GCA-CGHTE,13.65,2.0,2.0111228606684364
Z,RA-GCA-CGHTE,13.7,2.0,2.0104081260162583
Z,RA-GCA-CGHTE,13.75,2.0,2.0097103962943885
Z,RA-GCA-CGHTE,13.8,2.0,2.0090324642475386
Z,RA-GCA-CGHTE,13.85,2.0,2.0083766265588925
Z,RA-GCA-CGHTE,13.9,2.0,2.007744731176801
Z,RA-GCA-CGHTE,13.95,2.0,2.007138219730595
Z,RA-GCA-CGHTE,14.0,2.0,2.0065581718641465
Z,RA-GCA-CGHTE,14.05,2.0,2.0060053397048057
Z,RA-GCA-CGHTE,14.1,2.0,2.005480198929386
Z,RA-GCA-CGHTE,14.15,2.0,2.0049831432795555
Z,RA-GCA-CGHTE,14.2,2.0,2.0045137520243927
Z,RA-GCA-CGHTE,14.25,2.0,2.0040720207835023
Z,RA-GCA-CGHTE,14.3,2.0,2.003657566969886
Z,RA-GCA-CGHTE,14.35,2.0,2.0032698647230616
Z,RA-GCA-CGHTE,14.4,2.0,2.00290826403419
Z,RA-GCA-CGHTE,14.45,2.0,2.002572013090262
Z,RA-GCA-CGHTE,14.5,2.0,2.002260274269321
Z,RA-GCA-CGHTE,14.55,2.0,2.001972143962824
Z,RA-GCA-CGHTE,14.6,2.0,2.001706664394308
Z,RA-GCA-CGHTE,14.65,2.0,2.0014628397533154
Z,RA-GCA-CGHTE,14.7,2.0,2.00123964679651
Z,RA-GCA-CGHTE,14.75,2.0,2.0010360458998706
Z,RA-GCA-CGHTE,14.8,2.0,2.000850990560944
Z,RA-GCA-CGHTE,14.85,2.0,2.0006834356734484
Z,RA-GCA-CGHTE,14.9,2.0,2.0005323448067207
Z,RA-GCA-CGHTE,14.95,2.0,2.0003966964322366
Z,RA-GCA-CGHTE,15.0,2.0,2.000275489316857
Z,RA-GCA-CGHTE,15.05,2.0,2.000167747033024
Z,RA-GCA-CGHTE,15.1,2.0,2.000072522096591
Z,RA-GCA-CGHTE,15.15,2.0,1.9999888975872904
Z,RA-GCA-CGHTE,15.2,2.0,1.9999159918880096
Z,RA-GCA-CGHTE,15.25,2.0,1.9998529592462635
Z,RA-GCA-CGHTE,15.3,2.0,1.9997989909184344
Z,RA-GCA-CGHTE,15.35,2.0,1.9997533171165256
Z,RA-GCA-CGHTE,15.4,2.0,1.999715206926244
Z,RA-GCA-CGHTE,15.45,2.0,1.9996839687121923
Z,RA-GCA-CGHTE,15.5,2.0,1.999658950024077
Z,RA-GCA-CGHTE,15.55,2.0,1.9996395372420748
Z,RA-GCA-CGHTE,15.6,2.0,1.999625154997822
Z,RA-GCA-CGHTE,15.65,2.0,1.9996152653911583
Z,RA-GCA-CGHTE,15.7,2.0,1.9996093670533597
Z,RA-GCA-CGHTE,15.75,2.0,1.9996069940515973
Z,RA-GCA-CGHTE,15.8,2.0,1.99960771469639
Z,RA-GCA-CGHTE,15.85,2.0,1.9996111302643425
Z,RA-GCA-CGHTE,15.9,2.0,1.999616873576255
Z,RA-GCA-CGHTE,15.95,2.0,1.9996246076748665
Z,RA-GCA-CGHTE,16.0,2.0,1.9996340243235056
Z,RA-GCA-CGHTE,16.05,2.0,1.999644842561925
Z,RA-GCA-CGHTE,16.1,2.0,1.9996568071990972
Z,RA-GCA-CGHTE,16.15,2.0,1.9996696873764224
Z,RA-GCA-CGHTE,16.2,2.0,1.999683275131422
Z,RA-GCA-CGHTE,16.25,2.0,1.9996973846981063
Z,RA-GCA-CGHTE,16.3,2.0,1.9997118479709304
Z,RA-GCA-CGHTE,16.35,2.0,1.9997265178879648
Z,RA-GCA-CGHTE,16.4,2.0,1.999741263962048
Z,RA-GCA-CGHTE,16.45,2.0,1.9997559717533704
Z,RA-GCA-CGHTE,16.5,2.0,1.9997705416549
Z,RA-GCA-CGHTE,16.55,2.0,1.999784887709041
Z,RA-GCA-CGHTE,16.6,2.0,1.999798936494059
Z,RA-GCA-CGHTE,16.65,2.0,1.99981262561168
Z,RA-GCA-CGHTE,16.7,2.0,1.9998259029439935
Z,RA-GCA-CGHTE,16.75,2.0,1.9998387288677928
Z,RA-GCA-CGHTE,16.8,2.0,1.999851068478191
Z,RA-GCA-CGHTE,16.85,2.0,1.9998628960075344
Z,RA-GCA-CGHTE,16.9,2.0,1.999874192573465
Z,RA-GCA-CGHTE,16.95,2.0,1.9998849397784288
Z,RA-GCA-CGHTE,17.0,2.0,1.9998951318896745
Z,RA-GCA-CGHTE,17.05,2.0,1.999904771949333
Z,RA-GCA-CGHTE,17.1,2.0,1.99991386170172
Z,RA-GCA-CGHTE,17.150000000000002,2.0,1.9999224048438613
Z,RA-GCA-CGHTE,17.2,2.0,1.9999304101397155
Z,RA-GCA-CGHTE,17.25,2.0,1.9999378903790248
Z,RA-GCA-CGHTE,17.3,2.0,1.9999448596110707
Z,RA-GCA-CGHTE,17.35,2.0,1.9999513334680432
Z,RA-GCA-CGHTE,17.400000000000002,2.0,1.999957329020768
Z,RA-GCA-CGHTE,17.45,2.0,1.9999628644954768
Z,RA-GCA-CGHTE,17.5,2.0,1.999967958764445
Z,RA-GCA-CGHTE,17.55,2.0,1.9999726318050604
Z,RA-GCA-CGHTE,17.6,2.0,1.9999769041236783
Z,RA-GCA-CGHTE,17.650000000000002,2.0,1.9999807964460317
Z,RA-GCA-CGHTE,17.7,2.0,1.99998432954918
Z,RA-GCA-CGHTE,17.75,2.0,1.9999875241118463
Z,RA-GCA-CGHTE,17.8,2.0,1.999990400581548
Z,RA-GCA-CGHTE,17.85,2.0,1.9999929790610107
Z,RA-GCA-CGHTE,17.900000000000002,2.0,1.999995279135774
Z,RA-GCA-CGHTE,17.95,2.0,1.9999973197710468
Z,RA-GCA-CGHTE,18.0,2.0,1.99999911949537
Z,RA-GCA-CGHTE,18.05,2.0,2.000000696199425
Z,RA-GCA-CGHTE,18.1,2.0,2.0000020670845973
Z,RA-GCA-CGHTE,18.15,2.0,2.0000032486278982
Z,RA-GCA-CGHTE,18.2,2.0,2.000004256556447
Z,RA-GCA-CGHTE,18.25,2.0,2.0000051058314456
Z,RA-GCA-CGHTE,18.3,2.0,2.0000058106375773
Z,RA-GCA-CGHTE,18.35,2.0,2.0000063843805838
Z,RA-GCA-CGHTE,18.4,2.0,2.0000068396921176
Z,RA-GCA-CGHTE,18.45,2.0,2.000007188436597
Z,RA-GCA-CGHTE,18.5,2.0,2.000007441724452
Z,RA-GCA-CGHTE,18.55,2.0,2.000007609928636
Z,RA-GCA-CGHTE,18.6,2.0,2.000007702704109
Z,RA-GCA-CGHTE,18.65,2.0,2.000007729010337
Z,RA-GCA-CGHTE,18.7,2.0,2.000007697134728
Z,RA-GCA-CGHTE,18.75,2.0,2.0000076147195425
Z,RA-GCA-CGHTE,18.8,2.0,2.00000748866268
Z,RA-GCA-CGHTE,18.85,2.0,2.0000073253432182
Z,RA-GCA-CGHTE,18.9,2.0,2.0000071308783163
Z,RA-GCA-CGHTE,18.95,2.0,2.0000069105738145
Z,RA-GCA-CGHTE,19.0,2.0,2.0000066692537435
Z,RA-GCA-CGHTE,19.05,2.0,2.0000064112725955
Z,RA-GCA-CGHTE,19.1,2.0,2.000006140588406
Z,RA-GCA-CGHTE,19.15,2.0,2.000005860732448
Z,RA-GCA-CGHTE,19.2,2.0,2.000005574863071
Z,RA-GCA-CGHTE,19.25,2.0,2.0000052858101944
Z,RA-GCA-CGHTE,19.3,2.0,2.000004996035345
Z,RA-GCA-CGHTE,19.35,2.0,2.000004707689601
Z,RA-GCA-CGHTE,19.4,2.0,2.000004422636713
Z,RA-GCA-CGHTE,19.45,2.0,2.0000041424757065
Z,RA-GCA-CGHTE,19.5,2.0,2.0000038685619157
Z,RA-GCA-CGHTE,19.55,2.0,2.000003602026464
Z,RA-GCA-CGHTE,19.6,2.0,2.0000033438255
Z,RA-GCA-CGHTE,19.65,2.0,2.000003094761469
Z,RA-GCA-CGHTE,19.7,2.0,2.0000028554441145
Z,RA-GCA-CGHTE,19.75,2.0,2.0000026263348585
Z,RA-GCA-CGHTE,19.8,2.0,2.0000024079188345
Z,RA-GCA-CGHTE,19.85,2.0,2.0000022002448574
Z,RA-GCA-CGHTE,19.9,2.0,2.000002003285413
Z,RA-GCA-CGHTE,19.95,2.0,2.0000018172091405
Z,RA-GCA-CGHTE,20.0,2.0,2.0000016420442743
Z,RA-GCA-CGHTE,20.05,2.0,2.000001477569607
Z,RA-GCA-CGHTE,20.1,2.0,2.000001323566148
Z,RA-GCA-CGHTE,20.15,2.0,2.0000011797891
Z,RA-GCA-CGHTE,20.2,2.0,2.000001045955225
Z,RA-GCA-CGHTE,20.25,2.0,2.00000092157838
Z,RA-GCA-CGHTE,20.3,2.0,2.000000806491978
Z,RA-GCA-CGHTE,20.35,2.0,2.000000700330963
Z,RA-GCA-CGHTE,20.4,2.0,2.0000006027133064
Z,RA-GCA-CGHTE,20.45,2.0,2.000000513244831
Z,RA-GCA-CGHTE,20.5,2.0,2.0000004315236457
Z,RA-GCA-CGHTE,20.55,2.0,2.000000357143976
Z,RA-GCA-CGHTE,20.6,2.0,2.0000002896994182
Z,RA-GCA-CGHTE,20.65,2.0,2.000000228786204
Z,RA-GCA-CGHTE,20.7,2.0,2.000000174005444
Z,RA-GCA-CGHTE,20.75,2.0,2.000000124965498
Z,RA-GCA-CGHTE,20.8,2.0,2.000000081283768
Z,RA-GCA-CGHTE,20.85,2.0,2.000000042588201
Z,RA-GCA-CGHTE,20.9,2.0,2.000000008518777
Z,RA-GCA-CGHTE,20.95,2.0,1.999999978728447
Z,RA-GCA-CGHTE,21.0,2.0,1.9999999528838552
Z,RA-GCA-CGHTE,21.05,2.0,1.9999999306661145
Z,RA-GCA-CGHTE,21.1,2.0,1.999999911771161
Z,RA-GCA-CGHTE,21.15,2.0,1.9999998959100584
Z,RA-GCA-CGHTE,21.2,2.0,1.9999998828366112
Z,RA-GCA-CGHTE,21.25,2.0,1.9999998722793333
Z,RA-GCA-CGHTE,21.3,2.0,1.9999998639753327
Z,RA-GCA-CGHTE,21.35,2.0,1.9999998576962337
Z,RA-GCA-CGHTE,21.4,2.0,1.9999998532283736
Z,RA-GCA-CGHTE,21.45,2.0,1.999999850372504
Z,RA-GCA-CGHTE,21.5,2.0,1.9999998489433009
Z,RA-GCA-CGHTE,21.55,2.0,1.9999998487689892
Z,RA-GCA-CGHTE,21.6,2.0,1.999999849690784
Z,RA-GCA-CGHTE,21.65,2.0,1.999999851562355
Z,RA-GCA-CGHTE,21.7,2.0,1.9999998542492667
Z,RA-GCA-CGHTE,21.75,2.0,1.9999998576285083
Z,RA-GCA-CGHTE,21.8,2.0,1.9999998615872976
Z,RA-GCA-CGHTE,21.85,2.0,1.9999998660227252
Z,RA-GCA-CGHTE,21.9,2.0,1.999999870844868
Z,RA-GCA-CGHTE,21.95,2.0,1.9999998759700657
Z,RA-GCA-CGHTE,22.0,2.0,1.9999998813231497
Z,RA-GCA-CGHTE,22.05,2.0,1.999999886836932
Z,RA-GCA-CGHTE,22.1,2.0,1.999999892451386
Z,RA-GCA-CGHTE,22.15,2.0,1.9999998981140263
Z,RA-GCA-CGHTE,22.2,2.0,1.9999999037786584
Z,RA-GCA-CGHTE,22.25,2.0,1.999999909404618
Z,RA-GCA-CGHTE,22.3,2.0,1.999999914956835
Z,RA-GCA-CGHTE,22.35,2.0,1.9999999204052927
Z,RA-GCA-CGHTE,22.4,2.0,1.999999925726732
Z,RA-GCA-CGHTE,22.45,2.0,1.99999993089701
Z,RA-GCA-CGHTE,22.5,2.0,1.9999999359002685
Z,RA-GCA-CGHTE,22.55,2.0,1.9999999407203597
Z,RA-GCA-CGHTE,22.6,2.0,1.9999999453488857
Z,RA-GCA-CGHTE,22.65,2.0,1.999999949775008
Z,RA-GCA-CGHTE,22.7,2.0,1.9999999539943347
Z,RA-GCA-CGHTE,22.75,2.0,1.9999999580026917
Z,RA-GCA-CGHTE,22.8,2.0,1.9999999617978488
Z,RA-GCA-CGHTE,22.85,2.0,1.999999965381554
Z,RA-GCA-CGHTE,22.9,2.0,1.9999999687547936
Z,RA-GCA-CGHTE,22.95,2.0,1.9999999719203667
Z,RA-GCA-CGHTE,23.0,2.0,1.999999974882217
Z,RA-GCA-CGHTE,23.05,2.0,1.9999999776452464
Z,RA-GCA-CGHTE,23.1,2.0,1.999999980215142
Z,RA-GCA-CGHTE,23.15,2.0,1.999999982598251
Z,RA-GCA-CGHTE,23.2,2.0,1.9999999848018168
Z,RA-GCA-CGHTE,23.25,2.0,1.9999999868319065
Z,RA-GCA-CGHTE,23.3,2.0,1.9999999886976547
Z,RA-GCA-CGHTE,23.35,2.0,1.9999999904053765
Z,RA-GCA-CGHTE,23.4,2.0,1.9999999919643645
Z,RA-GCA-CGHTE,23.45,2.0,1.999999993381226
Z,RA-GCA-CGHTE,23.5,2.0,1.9999999946651987
Z,RA-GCA-CGHTE,23.55,2.0,1.9999999958229704
Z,RA-GCA-CGHTE,23.6,2.0,1.9999999968634343
Z,RA-GCA-CGHTE,23.65,2.0,1.9999999977931755
Z,RA-GCA-CGHTE,23.7,2.0,1.999999998620613
Z,RA-GCA-CGHTE,23.75,2.0,1.999999999352037
Z,RA-GCA-CGHTE,23.8,2.0,1.999999999995301
Z,RA-GCA-CGHTE,23.85,2.0,2.000000000556305
Z,RA-GCA-CGHTE,23.9,2.0,2.000000001042198
Z,RA-GCA-CGHTE,23.95,2.0,2.00000000145846
Z,RA-GCA-CGHTE,24.0,2.0,2.0000000018116277
Z,RA-GCA-CGHTE,24.05,2.0,2.000000002106673
Z,RA-GCA-CGHTE,24.1,2.0,2.0000000023492963
Z,RA-GCA-CGHTE,24.15,2.0,2.0000000025443168
Z,RA-GCA-CGHTE,24.2,2.0,2.000000002696418
Z,RA-GCA-CGHTE,24.25,2.0,2.000000002809992
Z,RA-GCA-CGHTE,24.3,2.0,2.000000002889132
Z,RA-GCA-CGHTE,24.35,2.0,2.000000002937665
Z,RA-GCA-CGHTE,24.4,2.0,2.000000002959145
Z,RA-GCA-CGHTE,24.45,2.0,2.0000000029568668
Z,RA-GCA-CGHTE,24.5,2.0,2.0000000029338767
Z,RA-GCA-CGHTE,24.55,2.0,2.000000002892977
Z,RA-GCA-CGHTE,24.6,2.0,2.000000002836741
Z,RA-GCA-CGHTE,24.65,2.0,2.0000000027675204
Z,RA-GCA-CGHTE,24.7,2.0,2.0000000026874605
Z,RA-GCA-CGHTE,24.75,2.0,2.00000000259851
Z,RA-GCA-CGHTE,24.8,2.0,2.000000002502433
Z,RA-GCA-CGHTE,24.85,2.0,2.0000000024008204
Z,RA-GCA-CGHTE,24.9,2.0,2.000000002295103
Z,RA-GCA-CGHTE,24.95,2.0,2.0000000021865523
Z,RA-GCA-CGHTE,25.0,2.0,2.000000002076302
Z,RA-GCA-CGHTE,25.05,2.0,2.0000000019653505
Z,RA-GCA-CGHTE,25.1,2.0,2.000000001854576
Z,RA-GCA-CGHTE,25.15,2.0,2.0000000017447417
Z,RA-GCA-CGHTE,25.2,2.0,2.0000000016365087
Z,RA-GCA-CGHTE,25.25,2.0,2.000000001530441
Z,RA-GCA-CGHTE,25.3,2.0,2.000000001427017
Z,RA-GCA-CGHTE,25.35,2.0,2.000000001326632
Z,RA-GCA-CGHTE,25.4,2.0,2.0000000012296164
Z,RA-GCA-CGHTE,25.45,2.0,2.000000001136228
Z,RA-GCA-CGHTE,25.5,2.0,2.000000001046669
Z,RA-GCA-CGHTE,25.55,2.0,2.0000000009610845
Z,RA-GCA-CGHTE,25.6,2.0,2.000000000879578
Z,RA-GCA-CGHTE,25.65,2.0,2.000000000802208
Z,RA-GCA-CGHTE,25.7,2.0,2.0000000007290017
Z,RA-GCA-CGHTE,25.75,2.0,2.0000000006599428
Z,RA-GCA-CGHTE,25.8,2.0,2.000000000594995
Z,RA-GCA-CGHTE,25.85,2.0,2.000000000534095
Z,RA-GCA-CGHTE,25.9,2.0,2.000000000477159
Z,RA-GCA-CGHTE,25.95,2.0,2.000000000424092
Z,RA-GCA-CGHTE,26.0,2.0,2.000000000374773
Z,RA-GCA-CGHTE,26.05,2.0,2.0000000003290763
Z,RA-GCA-CGHTE,26.1,2.0,2.0000000002868625
Z,RA-GCA-CGHTE,26.15,2.0,2.00000000024799
Z,RA-GCA-CGHTE,26.2,2.0,2.000000000212307
Z,RA-GCA-CGHTE,26.25,2.0,2.0000000001796634
Z,RA-GCA-CGHTE,26.3,2.0,2.0000000001499028
Z,RA-GCA-CGHTE,26.35,2.0,2.0000000001228697
Z,RA-GCA-CGHTE,26.4,2.0,2.000000000098406
Z,RA-GCA-CGHTE,26.45,2.0,2.0000000000763616
Z,RA-GCA-CGHTE,26.5,2.0,2.0000000000565827
Z,RA-GCA-CGHTE,26.55,2.0,2.000000000038923
Z,RA-GCA-CGHTE,26.6,2.0,2.000000000023235
Z,RA-GCA-CGHTE,26.65,2.0,2.0000000000093805
Z,RA-GCA-CGHTE,26.7,2.0,1.999999999997224
Z,RA-GCA-CGHTE,26.75,2.0,1.999999999986637
Z,RA-GCA-CGHTE,26.8,2.0,1.9999999999774931
Z,RA-GCA-CGHTE,26.85,2.0,1.9999999999696747
Z,RA-GCA-CGHTE,26.9,2.0,1.9999999999630675
Z,RA-GCA-CGHTE,26.95,2.0,1.9999999999575644
Z,RA-GCA-CGHTE,27.0,2.0,1.999999999953064
Z,RA-GCA-CGHTE,27.05,2.0,1.999999999949471
Z,RA-GCA-CGHTE,27.1,2.0,1.9999999999466944
Z,RA-GCA-CGHTE,27.15,2.0,1.999999999944652
Z,RA-GCA-CGHTE,27.2,2.0,1.9999999999432607
Z,RA-GCA-CGHTE,27.25,2.0,1.9999999999424507
Z,RA-GCA-CGHTE,27.3,2.0,1.9999999999421525
Z,RA-GCA-CGHTE,27.35,2.0,1.9999999999423024
Z,RA-GCA-CGHTE,27.4,2.0,1.9999999999428435
Z,RA-GCA-CGHTE,27.45,2.0,1.9999999999437217
Z,RA-GCA-CGHTE,27.5,2.0,1.9999999999448876
Z,RA-GCA-CGHTE,27.55,2.0,1.9999999999462963
Z,RA-GCA-CGHTE,27.6,2.0,1.999999999947906
Z,RA-GCA-CGHTE,27.65,2.0,1.9999999999496807
Z,RA-GCA-CGHTE,27.7,2.0,1.9999999999515876
Z,RA-GCA-CGHTE,27.75,2.0,1.9999999999535945
Z,RA-GCA-CGHTE,27.8,2.0,1.999999999955675
Z,RA-GCA-CGHTE,27.85,2.0,1.9999999999578064
Z,RA-GCA-CGHTE,27.9,2.0,1.9999999999599647
Z,RA-GCA-CGHTE,27.95,2.0,1.999999999962134
Z,RA-GCA-CGHTE,28.0,2.0,1.9999999999642948
Z,RA-GCA-CGHTE,28.05,2.0,1.9999999999664333
Z,RA-GCA-CGHTE,28.1,2.0,1.9999999999685385
Z,RA-GCA-CGHTE,28.15,2.0,1.9999999999705975
Z,RA-GCA-CGHTE,28.2,2.0,1.9999999999726048
Z,RA-GCA-CGHTE,28.25,2.0,1.99999999997455
Z,RA-GCA-CGHTE,28.3,2.0,1.999999999976428
Z,RA-GCA-CGHTE,28.35,2.0,1.9999999999782343
Z,RA-GCA-CGHTE,28.4,2.0,1.9999999999799647
Z,RA-GCA-CGHTE,28.45,2.0,1.999999999981618
Z,RA-GCA-CGHTE,28.5,2.0,1.999999999983191
Z,RA-GCA-CGHTE,28.55,2.0,1.9999999999846827
Z,RA-GCA-CGHTE,28.6,2.0,1.999999999986094
Z,RA-GCA-CGHTE,28.65,2.0,1.999999999987424
Z,RA-GCA-CGHTE,28.7,2.0,1.9999999999886735
Z,RA-GCA-CGHTE,28.75,2.0,1.999999999989845
Z,RA-GCA-CGHTE,28.8,2.0,1.999999999990939
Z,RA-GCA-CGHTE,28.85,2.0,1.9999999999919589
Z,RA-GCA-CGHTE,28.9,2.0,1.9999999999929048
Z,RA-GCA-CGHTE,28.95,2.0,1.9999999999937816
Z,RA-GCA-CGHTE,29.0,2.0,1.9999999999945908
Z,RA-GCA-CGHTE,29.05,2.0,1.999999999995335
Z,RA-GCA-CGHTE,29.1,2.0,1.999999999996018
Z,RA-GCA-CGHTE,29.15,2.0,1.9999999999966416
Z,RA-GCA-CGHTE,29.2,2.0,1.9999999999972085
Z,RA-GCA-CGHTE,29.25,2.0,1.9999999999977232
Z,RA-GCA-CGHTE,29.3,2.0,1.9999999999981888
Z,RA-GCA-CGHTE,29.35,2.0,1.9999999999986071
Z,RA-GCA-CGHTE,29.4,2.0,1.9999999999989813
Z,RA-GCA-CGHTE,29.45,2.0,1.9999999999993168
Z,RA-GCA-CGHTE,29.5,2.0,1.9999999999996136
Z,RA-GCA-CGHTE,29.55,2.0,1.999999999999876
Z,RA-GCA-CGHTE,29.6,2.0,2.0000000000001044
Z,RA-GCA-CGHTE,29.65,2.0,2.000000000000305
Z,RA-GCA-CGHTE,29.7,2.0,2.0000000000004774
Z,RA-GCA-CGHTE,29.75,2.0,2.0000000000006235
Z,RA-GCA-CGHTE,29.8,2.0,2.0000000000007465
Z,RA-GCA-CGHTE,29.85,2.0,2.000000000000849
Z,RA-GCA-CGHTE,29.9,2.0,2.0000000000009326
Z,RA-GCA-CGHTE,29.95,2.0,2.000000000000998
Z,RA-GCA-CGHTE,30.0,2.0,2.000000000001048
