case_id,controller,time_s,position_error_m
Scene02,PID,0.0,0.0
Scene02,PID,0.1,0.013318061606826944
Scene02,PID,0.2,0.026636811855449805
Scene02,PID,0.3,0.03995620523031754
Scene02,PID,0.4,0.05327621313688193
Scene02,PID,0.5,0.06659679870595626
Scene02,PID,0.6,0.07991792778563384
Scene02,PID,0.7000000000000001,0.0932395673218431
Scene02,PID,0.8,0.10656168592382301
Scene02,PID,0.9,0.11988425293940105
Scene02,PID,1.0,0.13320723864318876
Scene02,PID,1.1,0.14653061424960392
Scene02,PID,1.2,0.15985435271063084
Scene02,PID,1.3,0.1731784268589093
Scene02,PID,1.4,0.18650281072059857
Scene02,PID,1.5,0.19982747846942023
Scene02,PID,1.6,0.21315240470709892
Scene02,PID,1.7,0.22647756439896666
Scene02,PID,1.8,0.23980293230824729
Scene02,PID,1.9,0.25312848383256786
Scene02,PID,2.0,0.26645419852564883
Scene02,PID,2.1,0.279780068483793
Scene02,PID,2.2,0.29310611659615204
Scene02,PID,2.3000000000000003,0.3064324068847298
Scene02,PID,2.4,0.31975903161027075
Scene02,PID,2.5,0.3330860907061739
Scene02,PID,2.6,0.34641364644416606
Scene02,PID,2.7,0.3597416813556155
Scene02,PID,2.8000000000000003,0.3730700852445668
Scene02,PID,2.9,0.3863986788768344
Scene02,PID,3.0,0.3997272494734615
Scene02,PID,3.1,0.4130555847258101
Scene02,PID,3.2,0.42638349561267286
Scene02,PID,3.3000000000000003,0.4397108317136922
Scene02,PID,3.4,0.45303748843936054
Scene02,PID,3.5,0.46636340637200735
Scene02,PID,3.6,0.4796885455107015
Scene02,PID,3.7,0.49301291522624546
Scene02,PID,3.8,0.506336535415824
Scene02,PID,3.9,0.5196594384001744
Scene02,PID,4.0,0.5329816682433822
Scene02,PID,4.1,0.5463032761534519
Scene02,PID,4.2,0.5596243125880445
Scene02,PID,4.3,0.5729448218172541
Scene02,PID,4.4,0.5862648468649052
Scene02,PID,4.5,0.599584415276624
Scene02,PID,4.6000000000000005,0.6129035470816627
Scene02,PID,4.7,0.626107465619063
Scene02,PID,4.8,0.6364836232425274
Scene02,PID,4.9,0.640258204954774
Scene02,PID,5.0,0.635747004671514
Scene02,PID,5.1000000000000005,0.6228214710512134
Scene02,PID,5.2,0.6022277862790376
Scene02,PID,5.3,0.5751802469184868
Scene02,PID,5.4,0.5430823690081428
Scene02,PID,5.5,0.5073448630133318
Scene02,PID,5.6000000000000005,0.4692907229165085
Scene02,PID,5.7,0.4300974945353291
Scene02,PID,5.8,0.3907678029740816
Scene02,PID,5.9,0.35212590779125874
Scene02,PID,6.0,0.31482519583267327
Scene02,PID,6.1000000000000005,0.2793611886240845
Scene02,PID,6.2,0.24608716590619978
Scene02,PID,6.3,0.21523319352891687
Scene02,PID,6.4,0.18692572498315527
Scene02,PID,6.5,0.16120622419225067
Scene02,PID,6.6000000000000005,0.13804820388566086
Scene02,PID,6.7,0.11737248632662785
Scene02,PID,6.8,0.09906097145589318
Scene02,PID,6.9,0.08296749732672361
Scene02,PID,7.0,0.0689285978783842
Scene02,PID,7.1000000000000005,0.05677517237724688
Scene02,PID,7.2,0.04632909285115798
Scene02,PID,7.3,0.03741485842849565
Scene02,PID,7.4,0.029858740841567834
Scene02,PID,7.5,0.023504780843811492
Scene02,PID,7.6,0.01820403309575213
Scene02,PID,7.7,0.013819608684167385
Scene02,PID,7.8,0.010226652249325605
Scene02,PID,7.9,0.007313414218076348
Scene02,PID,8.0,0.004977363960845013
Scene02,PID,8.1,0.00312856683895096
Scene02,PID,8.2,0.0016869357650158177
Scene02,PID,8.3,0.0005833198996050851
Scene02,PID,8.4,0.00024789577282697146
Scene02,PID,8.5,0.0008478327734882719
Scene02,PID,8.6,0.0012674760997058545
Scene02,PID,8.700000000000001,0.0015426733814391737
Scene02,PID,8.8,0.0017034196359658382
Scene02,PID,8.9,0.001776151940856893
Scene02,PID,9.0,0.0017819766317291052
Scene02,PID,9.1,0.0017382378916442744
Scene02,PID,9.2,0.0016591272562010708
Scene02,PID,9.3,0.0015571743815106776
Scene02,PID,9.4,0.0014401658380845557
Scene02,PID,9.5,0.0013157218782307554
Scene02,PID,9.6,0.0011905138524131212
Scene02,PID,9.7,0.0010663063279882721
Scene02,PID,9.8,0.0009470424713641919
Scene02,PID,9.9,0.0008352384015417931
Scene02,PID,10.0,2.999797768596146
Scene02,PID,10.1,2.9988271711698493
Scene02,PID,10.2,2.9696739448943155
Scene02,PID,10.3,2.914143326665427
Scene02,PID,10.4,2.8309885581423497
Scene02,PID,10.5,2.7193105136672293
Scene02,PID,10.6,2.5779806400786565
Scene02,PID,10.7,2.410496671514305
Scene02,PID,10.8,2.222376695907406
Scene02,PID,10.9,2.018573058316813
Scene02,PID,11.0,1.8037689589785761
Scene02,PID,11.1,1.5823510170976758
Scene02,PID,11.2,1.3584505136355205
Scene02,PID,11.3,1.1359969049948373
Scene02,PID,11.4,0.9189018412625625
Scene02,PID,11.5,0.7114941786851929
Scene02,PID,11.6,0.5197508460308863
Scene02,PID,11.7,0.3554318003497995
Scene02,PID,11.8,0.24939018688979647
Scene02,PID,11.9,0.251825586116484
Scene02,PID,12.0,0.33906940146484155
Scene02,PID,12.1,0.44944006154877725
Scene02,PID,12.2,0.557283741728187
Scene02,PID,12.3,0.6543891572336181
Scene02,PID,12.4,0.7378352164760685
Scene02,PID,12.5,0.8066201906561994
Scene02,PID,12.6,0.8606086750025665
Scene02,PID,12.7,0.9001532538249988
Scene02,PID,12.8,0.925910588907389
Scene02,PID,12.9,0.9387513300654063
Scene02,PID,13.0,0.9396842820067325
Scene02,PID,13.1,0.929826048955653
Scene02,PID,13.2,0.9103684256324789
Scene02,PID,13.3,0.8825323946295749
Scene02,PID,13.4,0.8475643567675444
Scene02,PID,13.5,0.8067134986800593
Scene02,PID,13.6,0.7612179924105267
Scene02,PID,13.7,0.7122956721554257
Scene02,PID,13.8,0.6611382691016819
Scene02,PID,13.9,0.6089089240719228
Scene02,PID,14.0,0.556744233257626
Scene02,PID,14.1,0.5057584280720645
Scene02,PID,14.2,0.457049465773303
Scene02,PID,14.3,0.41170211465216566
Scene02,PID,14.4,0.37077904119369126
Scene02,PID,14.5,0.3352839696552697
Scene02,PID,14.6,0.3060760572309841
Scene02,PID,14.7,0.28372505092181327
Scene02,PID,14.8,0.2683355131266198
Scene02,PID,14.9,0.2594279525102483
Scene02,PID,15.0,0.25597621452374686
Scene02,PID,15.1,0.25661383825035744
Scene02,PID,15.2,0.25990711302680997
Scene02,PID,15.3,0.2645711684864836
Scene02,PID,15.4,0.269578677053124
Scene02,PID,15.5,0.27417833865725605
Scene02,PID,15.6,0.2778654289298958
Scene02,PID,15.7,0.28033587299768753
Scene02,PID,15.8,0.28144066563068476
Scene02,PID,15.9,0.28114694987465016
Scene02,PID,16.0,0.2795063352469967
Scene02,PID,16.1,0.27663069586681094
Scene02,PID,16.2,0.27267246488482844
Scene02,PID,16.3,0.26780934690124253
Scene02,PID,16.4,0.2622319538089724
Scene02,PID,16.5,0.25613372215066693
Scene02,PID,16.6,0.2497026758329384
Scene02,PID,16.7,0.24311438914509828
Scene02,PID,16.8,0.23652689729144283
Scene02,PID,16.9,0.23007633442928968
Scene02,PID,17.0,0.22387425327466243
Scene02,PID,17.1,0.2180063331402623
Scene02,PID,17.2,0.2125325868993061
Scene02,PID,17.3,0.20748907625253157
Scene02,PID,17.400000000000002,0.20289068045884506
Scene02,PID,17.5,0.19873538518328052
Scene02,PID,17.6,0.19500869790666253
Scene02,PID,17.7,0.191688495552034
Scene02,PID,17.8,0.18874955916169744
Scene02,PID,17.900000000000002,0.18616747247014265
Scene02,PID,18.0,0.18392165896775806
Scene02,PID,18.1,0.18199711753007944
Scene02,PID,18.2,0.1803855523208856
Scene02,PID,18.3,0.1790849994061433
Scene02,PID,18.4,0.17809882332735955
Scene02,PID,18.5,0.17743399581366756
Scene02,PID,18.6,0.17709894771853973
Scene02,PID,18.7,0.1771012982955516
Scene02,PID,18.8,0.17744541100905423
Scene02,PID,18.9,0.17813075920728202
Scene02,PID,19.0,0.17915027608860182
Scene02,PID,19.1,0.18048955567664743
Scene02,PID,19.2,0.18212664197667516
Scene02,PID,19.3,0.18403242484569637
Scene02,PID,19.4,0.18617160198039276
Scene02,PID,19.5,0.18850372923161976
Scene02,PID,19.6,0.19098506252057126
Scene02,PID,19.7,0.19356991260309622
Scene02,PID,19.8,0.19621223839564791
Scene02,PID,19.9,0.19886704763475704
Scene02,PID,20.0,0.20149160368752733
Scene02,PID,20.1,0.20404646621198463
Scene02,PID,20.2,0.20649601336160417
Scene02,PID,20.3,0.20880929263841505
Scene02,PID,20.4,0.21096014788767264
Scene02,PID,20.5,0.21292740289547923
Scene02,PID,20.6,0.21469486443489535
Scene02,PID,20.7,0.21625119735488488
Scene02,PID,20.8,0.21758973597992018
Scene02,PID,20.9,0.21870808798508412
Scene02,PID,21.0,0.2196078378710124
Scene02,PID,21.1,0.2202942199141505
Scene02,PID,21.2,0.22077559408205238
Scene02,PID,21.3,0.2210630391442019
Scene02,PID,21.4,0.2211699072257388
Scene02,PID,21.5,0.2211113939059037
Scene02,PID,21.6,0.2209041165137924
Scene02,PID,21.7,0.22056554394515693
Scene02,PID,21.8,0.22011387900012006
Scene02,PID,21.9,0.21956748298495118
Scene02,PID,22.0,0.21894458502861852
Scene02,PID,22.1,0.2182629691276506
Scene02,PID,22.2,0.21753970029679068
Scene02,PID,22.3,0.21679093312404638
Scene02,PID,22.4,0.2160314817838763
Scene02,PID,22.5,0.21527500277820583
Scene02,PID,22.6,0.21453363387843719
Scene02,PID,22.7,0.213817966249377
Scene02,PID,22.8,0.21313699455199528
Scene02,PID,22.9,0.21249810660718135
Scene02,PID,23.0,0.21190715890779172
Scene02,PID,23.1,0.21136829607073201
Scene02,PID,23.2,0.21088437947111904
Scene02,PID,23.3,0.21045685316642934
Scene02,PID,23.4,0.2100859224358833
Scene02,PID,23.5,0.20977068658939843
Scene02,PID,23.6,0.20950928407292335
Scene02,PID,23.7,0.2092990987426822
Scene02,PID,23.8,0.20913667298443658
Scene02,PID,23.9,0.20901820947331978
Scene02,PID,24.0,0.2089394755829639
Scene02,PID,24.1,0.20889599614009635
Scene02,PID,24.2,0.2088831753695909
Scene02,PID,24.3,0.2088964092746573
Scene02,PID,24.4,0.20893124300547916
Scene02,PID,24.5,0.20898321620698299
Scene02,PID,24.6,0.209048291005394
Scene02,PID,24.7,0.2091226702405454
Scene02,PID,24.8,0.20920290103700565
Scene02,PID,24.9,0.2092859052578791
Scene02,PID,25.0,0.209369000139196
Scene02,PID,25.1,0.20944996698299229
Scene02,PID,25.2,0.20952681107809445
Scene02,PID,25.3,0.2095981105411261
Scene02,PID,25.4,0.2096627603827512
Scene02,PID,25.5,0.209720009838556
Scene02,PID,25.6,0.2097694339255989
Scene02,PID,25.7,0.2098109024515691
Scene02,PID,25.8,0.2098446054948161
Scene02,PID,25.9,0.2098707775411826
Scene02,PID,26.0,0.20989001830061021
Scene02,PID,26.1,0.2099030155467585
Scene02,PID,26.2,0.20991056868958985
Scene02,PID,26.3,0.20991355278460724
Scene02,PID,26.4,0.20991288555087498
Scene02,PID,26.5,0.20990955826004473
Scene02,PID,26.6,0.20990436620617925
Scene02,PID,26.7,0.20989824510378072
Scene02,PID,26.8,0.20989200918250894
Scene02,PID,26.9,0.20988639484942453
Scene02,PID,27.0,0.2098820465759211
Scene02,PID,27.1,0.2098795072873486
Scene02,PID,27.2,0.20987926145113076
Scene02,PID,27.3,0.20988155518998475
Scene02,PID,27.4,0.20988662685275544
Scene02,PID,27.5,0.2098946003668407
Scene02,PID,27.6,0.20990548590794414
Scene02,PID,27.7,0.20991920021385194
Scene02,PID,27.8,0.20993557594316103
Scene02,PID,27.9,0.20995440370785579
Scene02,PID,28.0,0.2099753583064179
Scene02,PID,28.1,0.20999805720417622
Scene02,PID,28.2,0.21002214762798524
Scene02,PID,28.3,0.21004722143413312
Scene02,PID,28.4,0.21007285823281047
Scene02,PID,28.5,0.2100986362345911
Scene02,PID,28.6,0.21012415606217752
Scene02,PID,28.7,0.21014905462920921
Scene02,PID,28.8,0.21017287903267987
Scene02,PID,28.9,0.2101953485650738
Scene02,PID,29.0,0.2102161723010029
Scene02,PID,29.1,0.21023510269791557
Scene02,PID,29.2,0.21025193783890958
Scene02,PID,29.3,0.21026652815464209
Scene02,PID,29.4,0.21027882272365106
Scene02,PID,29.5,0.21028865210071745
Scene02,PID,29.6,0.21029606370491413
Scene02,PID,29.7,0.21030109030842994
Scene02,PID,29.8,0.2103038043608932
Scene02,PID,29.9,0.21030431338220967
Scene02,PID,30.0,0.21030275853404756
Scene02,PID,30.1,0.2102993649266009
Scene02,PID,30.2,0.2102942032068438
Scene02,PID,30.3,0.21028753801134764
Scene02,PID,30.4,0.21027958599370677
Scene02,PID,30.5,0.21027057018286935
Scene02,PID,30.6,0.21026071478442945
Scene02,PID,30.7,0.2102502427205705
Scene02,PID,30.8,0.21023943016020097
Scene02,PID,30.9,0.21022836429061398
Scene02,PID,31.0,0.21021729839764974
Scene02,PID,31.1,0.21020641001517706
Scene02,PID,31.2,0.21019585875357813
Scene02,PID,31.3,0.21018578419004796
Scene02,PID,31.4,0.2101763060131681
Scene02,PID,31.5,0.2101675833958205
Scene02,PID,31.6,0.21015957467194762
Scene02,PID,31.7,0.21015239695417076
Scene02,PID,31.8,0.21014608685212424
Scene02,PID,31.9,0.21014066180671298
Scene02,PID,32.0,0.21013612064568382
Scene02,PID,32.1,0.2101324462091748
Scene02,PID,32.2,0.2101296672182985
Scene02,PID,32.3,0.2101276203062735
Scene02,PID,32.4,0.21012631080188593
Scene02,PID,32.5,0.2101256749286526
Scene02,PID,32.6,0.21012564224852415
Scene02,PID,32.7,0.21012613683955925
Scene02,PID,32.8,0.21012708015106757
Scene02,PID,32.9,0.21012845284074283
Scene02,PID,33.0,0.2101300571632268
Scene02,PID,33.1,0.2101318767993549
Scene02,PID,33.2,0.2101338384720779
Scene02,PID,33.3,0.21013587362730182
Scene02,PID,33.4,0.2101379185601147
Scene02,PID,33.5,0.21013991581757657
Scene02,PID,33.6,0.21014187597440154
Scene02,PID,33.7,0.21014363671351172
Scene02,PID,33.8,0.2101452235187645
Scene02,PID,33.9,0.21014660881113711
Scene02,PID,34.0,0.21014777259031628
Scene02,PID,34.1,0.21014870153551646
Scene02,PID,34.2,0.2101493887205782
Scene02,PID,34.300000000000004,0.2101498799380274
Scene02,PID,34.4,0.21015010805590115
Scene02,PID,34.5,0.2101500984563785
Scene02,PID,34.6,0.21014988268386944
Scene02,PID,34.7,0.21014948058083444
Scene02,PID,34.800000000000004,0.21014891460354876
Scene02,PID,34.9,0.21014820882750485
Scene02,PID,35.0,0.21014741089738576
Scene02,PID,35.1,0.21014654885646045
Scene02,PID,35.2,0.21014559066696958
Scene02,PID,35.300000000000004,0.21014460412396269
Scene02,PID,35.4,0.21014361594780967
Scene02,PID,35.5,0.21014265092673512
Scene02,PID,35.6,0.2101417311891927
Scene02,PID,35.7,0.21014088328693295
Scene02,PID,35.800000000000004,0.2101401715354309
Scene02,PID,35.9,0.21013950601376202
Scene02,PID,36.0,0.21013895488370707
Scene02,PID,36.1,0.21013852782650588
Scene02,PID,36.2,0.2101382310855057
Scene02,PID,36.3,0.21013806709399058
Scene02,PID,36.4,0.21013803780159349
Scene02,PID,36.5,0.21013819841048514
Scene02,PID,36.6,0.21013842703215616
Scene02,PID,36.7,0.21013877570982997
Scene02,PID,36.8,0.21013923500274642
Scene02,PID,36.9,0.2101397934331722
Scene02,PID,37.0,0.21014043711585637
Scene02,PID,37.1,0.21014115266609854
Scene02,PID,37.2,0.21014198397352335
Scene02,PID,37.3,0.2101427971660442
Scene02,PID,37.4,0.21014363620346074
Scene02,PID,37.5,0.21014448525812215
Scene02,PID,37.6,0.21014532873452893
Scene02,PID,37.7,0.2101461508238088
Scene02,PID,37.8,0.2101469376905736
Scene02,PID,37.9,0.21014773647985727
Scene02,PID,38.0,0.21014841634718218
Scene02,PID,38.1,0.21014902739643787
Scene02,PID,38.2,0.21014956115282768
Scene02,PID,38.3,0.21015001080600448
Scene02,PID,38.4,0.2101503705759782
Scene02,PID,38.5,0.21015063721886484
Scene02,PID,38.6,0.21015086982146627
Scene02,PID,38.7,0.21015094953177446
Scene02,PID,38.8,0.2101509390443791
Scene02,PID,38.9,0.21015084242143112
Scene02,PID,39.0,0.21015066534834484
Scene02,PID,39.1,0.2101504142448004
Scene02,PID,39.2,0.2101500972497334
Scene02,PID,39.3,0.21014978419342395
Scene02,PID,39.4,0.21014936639589438
Scene02,PID,39.5,0.21014891550366605
Scene02,PID,39.6,0.21014844336180433
Scene02,PID,39.7,0.21014796227490076
Scene02,PID,39.8,0.2101474839574294
Scene02,PID,39.9,0.2101470203243075
Scene02,PID,40.0,0.21014664330926935
Scene02,PID,40.1,0.21014624537897073
Scene02,PID,40.2,0.21014589764637237
Scene02,PID,40.3,0.21014560997330778
Scene02,PID,40.4,0.21014539136669375
Scene02,PID,40.5,0.21014524892237735
Scene02,PID,40.6,0.21014518840539995
Scene02,PID,40.7,0.210145275280127
Scene02,PID,40.8,0.21014539334075533
Scene02,PID,40.9,0.21014560507905725
Scene02,PID,41.0,0.21014591072616773
Scene02,PID,41.1,0.21014630910706586
Scene02,PID,41.2,0.21014679677711934
Scene02,PID,41.3,0.2101473683880993
Scene02,PID,41.4,0.21014806294121338
Scene02,PID,41.5,0.21014880089959415
Scene02,PID,41.6,0.21014958629624508
Scene02,PID,41.7,0.21015042527673308
Scene02,PID,41.8,0.2101513070549842
Scene02,PID,41.9,0.2101522194899029
Scene02,PID,42.0,0.21015314904041132
Scene02,PID,42.1,0.2101541070338485
Scene02,PID,42.2,0.21015507034213846
Scene02,PID,42.3,0.2101559757740598
Scene02,PID,42.4,0.21015684693587072
Scene02,PID,42.5,0.2101576708436887
Scene02,PID,42.6,0.2101584346107697
Scene02,PID,42.7,0.2101591251895464
Scene02,PID,42.8,0.2101597395641684
Scene02,PID,42.9,0.21016030635659652
Scene02,PID,43.0,0.21016071841324935
Scene02,PID,43.1,0.21016102128506484
Scene02,PID,43.2,0.21016120885634096
Scene02,PID,43.3,0.21016127626588801
Scene02,PID,43.4,0.21016121934981202
Scene02,PID,43.5,0.21016103863367833
Scene02,PID,43.6,0.21016079072577926
Scene02,PID,43.7,0.21016036170090052
Scene02,PID,43.8,0.21015981413135765
Scene02,PID,43.9,0.21015915323372206
Scene02,PID,44.0,0.2101583855672602
Scene02,PID,44.1,0.21015751827250295
Scene02,PID,44.2,0.2101565615922472
Scene02,PID,44.3,0.210155585021789
Scene02,PID,44.4,0.21015448210076498
Scene02,PID,44.5,0.21015332518443083
Scene02,PID,44.6,0.21015212751951953
Scene02,PID,44.7,0.21015090281551188
Scene02,PID,44.8,0.21014966425269133
Scene02,PID,44.9,0.21014842602154474
Scene02,PID,45.0,0.21014726242498472
Scene02,PID,45.1,0.21014606788757487
Scene02,PID,45.2,0.21014491597025578
Scene02,PID,45.3,0.21014381928274373
Scene02,PID,45.4,0.21014278962916613
Scene02,PID,45.5,0.21014183696761365
Scene02,PID,45.6,0.21014097068157075
Scene02,PID,45.7,0.21014025934974445
Scene02,PID,45.8,0.21013959057067763
Scene02,PID,45.9,0.21013903005453202
Scene02,PID,46.0,0.21013858166548305
Scene02,PID,46.1,0.2101382477293744
Scene02,PID,46.2,0.21013802820170072
Scene02,PID,46.3,0.21013792184192734
Scene02,PID,46.4,0.21013798615341492
Scene02,PID,46.5,0.21013809806667122
Scene02,PID,46.6,0.2101383123713866
Scene02,PID,46.7,0.21013862225564794
Scene02,PID,46.8,0.21013901975321464
Scene02,PID,46.9,0.2101394951307924
Scene02,PID,47.0,0.21014003795659927
Scene02,PID,47.1,0.21014069741954158
Scene02,PID,47.2,0.21014134300350826
Scene02,PID,47.3,0.21014202328886367
Scene02,PID,47.4,0.21014272627716588
Scene02,PID,47.5,0.2101434400024368
Scene02,PID,47.6,0.21014415211253104
Scene02,PID,47.7,0.21014485038963257
Scene02,PID,47.8,0.21014558458042043
Scene02,PID,47.9,0.21014622459357804
Scene02,PID,48.0,0.21014682174767524
Scene02,PID,48.1,0.21014736767512157
Scene02,PID,48.2,0.2101478552438143
Scene02,PID,48.3,0.21014827803423605
Scene02,PID,48.4,0.2101486304792606
Scene02,PID,48.5,0.21014896031276398
Scene02,PID,48.6,0.21014917565171579
Scene02,PID,48.7,0.2101493068129224
Scene02,PID,48.8,0.21014936490958747
Scene02,PID,48.9,0.21014935255670159
Scene02,PID,49.0,0.21014927322594348
Scene02,PID,49.1,0.21014913100000548
Scene02,PID,49.2,0.2101489612121012
Scene02,PID,49.3,0.2101487474223959
Scene02,PID,49.4,0.21014846223022918
Scene02,PID,49.5,0.21014814698766848
Scene02,PID,49.6,0.21014781153873463
Scene02,PID,49.7,0.21014746576086815
Scene02,PID,49.8,0.21014711898562596
Scene02,PID,49.9,0.21014679073288678
Scene02,PID,50.0,0.21014652735937775
Scene02,RA-GCA-CGHTE,0.0,0.0
Scene02,RA-GCA-CGHTE,0.1,0.0109525209149336
Scene02,RA-GCA-CGHTE,0.2,0.0185312166071439
Scene02,RA-GCA-CGHTE,0.3,0.0238119691754725
Scene02,RA-GCA-CGHTE,0.4,0.0272020699905194
Scene02,RA-GCA-CGHTE,0.5,0.029061997344326698
Scene02,RA-GCA-CGHTE,0.6,0.0297069701038759
Scene02,RA-GCA-CGHTE,0.7000000000000001,0.029409361428744993
Scene02,RA-GCA-CGHTE,0.8,0.028401673414855708
Scene02,RA-GCA-CGHTE,0.9,0.026879864845855098
Scene02,RA-GCA-CGHTE,1.0,0.0250068539110095
Scene02,RA-GCA-CGHTE,1.1,0.02291606508837031
Scene02,RA-GCA-CGHTE,1.2,0.020714913576200616
Scene02,RA-GCA-CGHTE,1.3,0.0184881503856536
Scene02,RA-GCA-CGHTE,1.4,0.016301012097463596
Scene02,RA-GCA-CGHTE,1.5,0.014202138420324
Scene02,RA-GCA-CGHTE,1.6,0.0122262351949389
Scene02,RA-GCA-CGHTE,1.7,0.010396472681491409
Scene02,RA-GCA-CGHTE,1.8,0.008726619361539789
Scene02,RA-GCA-CGHTE,1.9,0.007223077788540699
Scene02,RA-GCA-CGHTE,2.0,0.005885863531947533
Scene02,RA-GCA-CGHTE,2.1,0.004710978083544815
Scene02,RA-GCA-CGHTE,2.2,0.003690940963052893
Scene02,RA-GCA-CGHTE,2.3000000000000003,0.002815942126596475
Scene02,RA-GCA-CGHTE,2.4,0.0020746587490613278
Scene02,RA-GCA-CGHTE,2.5,0.0014549154624355497
Scene02,RA-GCA-CGHTE,2.6,0.0009442081656499088
Scene02,RA-GCA-CGHTE,2.7,0.0005301179378063164
Scene02,RA-GCA-CGHTE,2.8000000000000003,0.0002006196837653263
Scene02,RA-GCA-CGHTE,2.9,5.5693097664819066e-05
Scene02,RA-GCA-CGHTE,3.0,0.0002494524915695437
Scene02,RA-GCA-CGHTE,3.1,0.00039041803389014033
Scene02,RA-GCA-CGHTE,3.2,0.00048742645917189317
Scene02,RA-GCA-CGHTE,3.3000000000000003,0.0005483754263425141
Scene02,RA-GCA-CGHTE,3.4,0.0005802387721305962
Scene02,RA-GCA-CGHTE,3.5,0.0005891009429860337
Scene02,RA-GCA-CGHTE,3.6,0.0005802072977993418
Scene02,RA-GCA-CGHTE,3.7,0.0005580248759558007
Scene02,RA-GCA-CGHTE,3.8,0.0005263092197317389
Scene02,RA-GCA-CGHTE,3.9,0.0004881741812674575
Scene02,RA-GCA-CGHTE,4.0,0.00044616207804315966
Scene02,RA-GCA-CGHTE,4.1,0.0004023124297695184
Scene02,RA-GCA-CGHTE,4.2,0.00035822757582404895
Scene02,RA-GCA-CGHTE,4.3,0.0003151342259778473
Scene02,RA-GCA-CGHTE,4.4,0.0002739405241435408
Scene02,RA-GCA-CGHTE,4.5,0.0002352905739939728
Scene02,RA-GCA-CGHTE,4.6000000000000005,0.00019959997030042268
Scene02,RA-GCA-CGHTE,4.7,0.0001671190390108729
Scene02,RA-GCA-CGHTE,4.8,0.00013796595252038303
Scene02,RA-GCA-CGHTE,4.9,0.00011210079054530745
Scene02,RA-GCA-CGHTE,5.0,8.942459534216809e-05
Scene02,RA-GCA-CGHTE,5.1000000000000005,6.978349513524458e-05
Scene02,RA-GCA-CGHTE,5.2,5.297364190063534e-05
Scene02,RA-GCA-CGHTE,5.3,3.876576402072618e-05
Scene02,RA-GCA-CGHTE,5.4,2.6916707916357243e-05
Scene02,RA-GCA-CGHTE,5.5,1.7178724063525144e-05
Scene02,RA-GCA-CGHTE,5.6000000000000005,9.307024002399963e-06
Scene02,RA-GCA-CGHTE,5.7,3.0655402063576233e-06
Scene02,RA-GCA-CGHTE,5.8,1.7688822846576974e-06
Scene02,RA-GCA-CGHTE,5.9,5.403624005594507e-06
Scene02,RA-GCA-CGHTE,6.0,8.028508586730747e-06
Scene02,RA-GCA-CGHTE,6.1000000000000005,9.814694958142853e-06
Scene02,RA-GCA-CGHTE,6.2,1.0913978713299127e-05
Scene02,RA-GCA-CGHTE,6.3,1.1461001133470534e-05
Scene02,RA-GCA-CGHTE,6.4,1.1573098061650772e-05
Scene02,RA-GCA-CGHTE,6.5,1.1351168017449346e-05
Scene02,RA-GCA-CGHTE,6.6000000000000005,1.0880890893567073e-05
Scene02,RA-GCA-CGHTE,6.7,1.0234049821652497e-05
Scene02,RA-GCA-CGHTE,6.8,9.4696093293291e-06
Scene02,RA-GCA-CGHTE,6.9,8.636108723651723e-06
Scene02,RA-GCA-CGHTE,7.0,7.772038916508904e-06
Scene02,RA-GCA-CGHTE,7.1000000000000005,6.9076764190947526e-06
Scene02,RA-GCA-CGHTE,7.2,6.06610962677014e-06
Scene02,RA-GCA-CGHTE,7.3,5.264209349915971e-06
Scene02,RA-GCA-CGHTE,7.4,4.513641256674321e-06
Scene02,RA-GCA-CGHTE,7.5,3.8221976522982276e-06
Scene02,RA-GCA-CGHTE,7.6,3.1946206734197427e-06
Scene02,RA-GCA-CGHTE,7.7,2.631953163849427e-06
Scene02,RA-GCA-CGHTE,7.8,2.1338532546227217e-06
Scene02,RA-GCA-CGHTE,7.9,1.697443726837623e-06
Scene02,RA-GCA-CGHTE,8.0,1.3200068926458204e-06
Scene02,RA-GCA-CGHTE,8.1,9.97506546164041e-07
Scene02,RA-GCA-CGHTE,8.2,7.254132528625198e-07
Scene02,RA-GCA-CGHTE,8.3,4.989369902820765e-07
Scene02,RA-GCA-CGHTE,8.4,3.132173200422959e-07
Scene02,RA-GCA-CGHTE,8.5,1.634694671377089e-07
Scene02,RA-GCA-CGHTE,8.6,4.509383625098465e-08
Scene02,RA-GCA-CGHTE,8.700000000000001,4.6246207644854196e-08
Scene02,RA-GCA-CGHTE,8.8,1.1457180689610047e-07
Scene02,RA-GCA-CGHTE,8.9,1.635595228169967e-07
Scene02,RA-GCA-CGHTE,9.0,1.9651895713519365e-07
Scene02,RA-GCA-CGHTE,9.1,2.163964613821356e-07
Scene02,RA-GCA-CGHTE,9.2,2.2578436158682005e-07
Scene02,RA-GCA-CGHTE,9.3,2.2687903191418512e-07
Scene02,RA-GCA-CGHTE,9.4,2.2168283420040365e-07
Scene02,RA-GCA-CGHTE,9.5,2.118419078931019e-07
Scene02,RA-GCA-CGHTE,9.6,1.9872679223170535e-07
Scene02,RA-GCA-CGHTE,9.7,1.834674193597927e-07
Scene02,RA-GCA-CGHTE,9.8,1.6698179117253727e-07
Scene02,RA-GCA-CGHTE,9.9,1.4999661521980494e-07
Scene02,RA-GCA-CGHTE,10.0,3.000000000002877
Scene02,RA-GCA-CGHTE,10.1,3.0021858553799325
Scene02,RA-GCA-CGHTE,10.2,2.984032584526097
Scene02,RA-GCA-CGHTE,10.3,2.919705660801219
Scene02,RA-GCA-CGHTE,10.4,2.799179225238424
Scene02,RA-GCA-CGHTE,10.5,2.624141372819156
Scene02,RA-GCA-CGHTE,10.6,2.4024806450167184
Scene02,RA-GCA-CGHTE,10.7,2.145420976169668
Scene02,RA-GCA-CGHTE,10.8,1.8664774631854182
Scene02,RA-GCA-CGHTE,10.9,1.5804177273673092
Scene02,RA-GCA-CGHTE,11.0,1.30158893788067
Scene02,RA-GCA-CGHTE,11.1,1.042147809489176
Scene02,RA-GCA-CGHTE,11.2,0.8109095927128575
Scene02,RA-GCA-CGHTE,11.3,0.6130550635305144
Scene02,RA-GCA-CGHTE,11.4,0.45049425563595497
Scene02,RA-GCA-CGHTE,11.5,0.32255497179000475
Scene02,RA-GCA-CGHTE,11.6,0.22674387306052965
Scene02,RA-GCA-CGHTE,11.7,0.15943227112910138
Scene02,RA-GCA-CGHTE,11.8,0.11631091096457825
Scene02,RA-GCA-CGHTE,11.9,0.0924137631720993
Scene02,RA-GCA-CGHTE,12.0,0.0820602362865901
Scene02,RA-GCA-CGHTE,12.1,0.07975027580350966
Scene02,RA-GCA-CGHTE,12.2,0.08137494003902411
Scene02,RA-GCA-CGHTE,12.3,0.08429531702897897
Scene02,RA-GCA-CGHTE,12.4,0.08682418837998902
Scene02,RA-GCA-CGHTE,12.5,0.08789543525574875
Scene02,RA-GCA-CGHTE,12.6,0.08693770323901522
Scene02,RA-GCA-CGHTE,12.7,0.08379697783099747
Scene02,RA-GCA-CGHTE,12.8,0.07864679874958765
Scene02,RA-GCA-CGHTE,12.9,0.07188570944284149
Scene02,RA-GCA-CGHTE,13.0,0.06403586789160887
Scene02,RA-GCA-CGHTE,13.1,0.055654446378880396
Scene02,RA-GCA-CGHTE,13.2,0.047264336258054505
Scene02,RA-GCA-CGHTE,13.3,0.03930634069681005
Scene02,RA-GCA-CGHTE,13.4,0.032111976311561416
Scene02,RA-GCA-CGHTE,13.5,0.02589411929775827
Scene02,RA-GCA-CGHTE,13.6,0.02075189782216704
Scene02,RA-GCA-CGHTE,13.7,0.016686203253842073
Scene02,RA-GCA-CGHTE,13.8,0.013622690340180954
Scene02,RA-GCA-CGHTE,13.9,0.011438908271379802
Scene02,RA-GCA-CGHTE,14.0,0.009990366769732513
Scene02,RA-GCA-CGHTE,14.1,0.00912869947297364
Scene02,RA-GCA-CGHTE,14.2,0.008709660486616049
Scene02,RA-GCA-CGHTE,14.3,0.008596643615304564
Scene02,RA-GCA-CGHTE,14.4,0.008666502644639452
Scene02,RA-GCA-CGHTE,14.5,0.008817072566496671
Scene02,RA-GCA-CGHTE,14.6,0.008972017881262713
Scene02,RA-GCA-CGHTE,14.7,0.009081254640723155
Scene02,RA-GCA-CGHTE,14.8,0.009117939065495921
Scene02,RA-GCA-CGHTE,14.9,0.009073805416445714
Scene02,RA-GCA-CGHTE,15.0,0.00895406593300584
Scene02,RA-GCA-CGHTE,15.1,0.008772610819329616
Scene02,RA-GCA-CGHTE,15.2,0.008547835140310791
Scene02,RA-GCA-CGHTE,15.3,0.008299353468755238
Scene02,RA-GCA-CGHTE,15.4,0.008045565676937575
Scene02,RA-GCA-CGHTE,15.5,0.0078020332554517196
Scene02,RA-GCA-CGHTE,15.6,0.007580607425710191
Scene02,RA-GCA-CGHTE,15.7,0.007389124066849656
Scene02,RA-GCA-CGHTE,15.8,0.007231562559171361
Scene02,RA-GCA-CGHTE,15.9,0.007108532176424862
Scene02,RA-GCA-CGHTE,16.0,0.007017432268026017
Scene02,RA-GCA-CGHTE,16.1,0.006955319526543096
Scene02,RA-GCA-CGHTE,16.2,0.006916603310672221
Scene02,RA-GCA-CGHTE,16.3,0.006895037796648591
Scene02,RA-GCA-CGHTE,16.4,0.006886817381391688
Scene02,RA-GCA-CGHTE,16.5,0.0068820489999544925
Scene02,RA-GCA-CGHTE,16.6,0.006879049748165454
Scene02,RA-GCA-CGHTE,16.7,0.006876149433396503
Scene02,RA-GCA-CGHTE,16.8,0.006877487820632721
Scene02,RA-GCA-CGHTE,16.9,0.006880143467196621
Scene02,RA-GCA-CGHTE,17.0,0.006880808777098068
Scene02,RA-GCA-CGHTE,17.1,0.006879320197631386
Scene02,RA-GCA-CGHTE,17.2,0.006876127181400229
Scene02,RA-GCA-CGHTE,17.3,0.0068717856408385914
Scene02,RA-GCA-CGHTE,17.400000000000002,0.006866648984433674
Scene02,RA-GCA-CGHTE,17.5,0.006861094311792853
Scene02,RA-GCA-CGHTE,17.6,0.0068555241157789845
Scene02,RA-GCA-CGHTE,17.7,0.0068502824293329885
Scene02,RA-GCA-CGHTE,17.8,0.00684562757532524
Scene02,RA-GCA-CGHTE,17.900000000000002,0.006841684703228218
Scene02,RA-GCA-CGHTE,18.0,0.006838507035287708
Scene02,RA-GCA-CGHTE,18.1,0.0068360611475887486
Scene02,RA-GCA-CGHTE,18.2,0.0068342950934622265
Scene02,RA-GCA-CGHTE,18.3,0.006833104636637918
Scene02,RA-GCA-CGHTE,18.4,0.006828158521637057
Scene02,RA-GCA-CGHTE,18.5,0.0068247825243809585
Scene02,RA-GCA-CGHTE,18.6,0.006821681643245992
Scene02,RA-GCA-CGHTE,18.7,0.006817916852588846
Scene02,RA-GCA-CGHTE,18.8,0.006814893795156138
Scene02,RA-GCA-CGHTE,18.9,0.0068119589694284445
Scene02,RA-GCA-CGHTE,19.0,0.006809209499033124
Scene02,RA-GCA-CGHTE,19.1,0.0068065767221244895
Scene02,RA-GCA-CGHTE,19.2,0.006801043812324318
Scene02,RA-GCA-CGHTE,19.3,0.006795178518070864
Scene02,RA-GCA-CGHTE,19.4,0.006790398042589272
Scene02,RA-GCA-CGHTE,19.5,0.006787845934682175
Scene02,RA-GCA-CGHTE,19.6,0.00678425658359816
Scene02,RA-GCA-CGHTE,19.7,0.0067821988876255145
Scene02,RA-GCA-CGHTE,19.8,0.006779785371708136
Scene02,RA-GCA-CGHTE,19.9,0.006777577014346013
Scene02,RA-GCA-CGHTE,20.0,0.006775906983463581
Scene02,RA-GCA-CGHTE,20.1,0.006773941528499442
Scene02,RA-GCA-CGHTE,20.2,0.006773413866456327
Scene02,RA-GCA-CGHTE,20.3,0.0067737972404265595
Scene02,RA-GCA-CGHTE,20.4,0.006774293565420493
Scene02,RA-GCA-CGHTE,20.5,0.006776371584371754
Scene02,RA-GCA-CGHTE,20.6,0.006777438503904581
Scene02,RA-GCA-CGHTE,20.7,0.006781642183283116
Scene02,RA-GCA-CGHTE,20.8,0.006785418638274151
Scene02,RA-GCA-CGHTE,20.9,0.006788286259011847
Scene02,RA-GCA-CGHTE,21.0,0.006791341724141545
Scene02,RA-GCA-CGHTE,21.1,0.006794701259626094
Scene02,RA-GCA-CGHTE,21.2,0.006796775717326776
Scene02,RA-GCA-CGHTE,21.3,0.006799198205771692
Scene02,RA-GCA-CGHTE,21.4,0.00680076487027413
Scene02,RA-GCA-CGHTE,21.5,0.006802411101423629
Scene02,RA-GCA-CGHTE,21.6,0.006803733712090929
Scene02,RA-GCA-CGHTE,21.7,0.006804123374657465
Scene02,RA-GCA-CGHTE,21.8,0.006804189153248146
Scene02,RA-GCA-CGHTE,21.9,0.006804078735619885
Scene02,RA-GCA-CGHTE,22.0,0.006804889389921633
Scene02,RA-GCA-CGHTE,22.1,0.006804715071364181
Scene02,RA-GCA-CGHTE,22.2,0.0068042785078839
Scene02,RA-GCA-CGHTE,22.3,0.006804135215014979
Scene02,RA-GCA-CGHTE,22.4,0.0068039884977700495
Scene02,RA-GCA-CGHTE,22.5,0.0068035004760557205
Scene02,RA-GCA-CGHTE,22.6,0.006804133784151495
Scene02,RA-GCA-CGHTE,22.7,0.006803080756014398
Scene02,RA-GCA-CGHTE,22.8,0.006803260191497543
Scene02,RA-GCA-CGHTE,22.9,0.0068036070378615626
Scene02,RA-GCA-CGHTE,23.0,0.0068034234313546545
Scene02,RA-GCA-CGHTE,23.1,0.006802070432028986
Scene02,RA-GCA-CGHTE,23.2,0.006798683455122761
Scene02,RA-GCA-CGHTE,23.3,0.006795187558084324
Scene02,RA-GCA-CGHTE,23.4,0.006791490204798754
Scene02,RA-GCA-CGHTE,23.5,0.006786876522711975
Scene02,RA-GCA-CGHTE,23.6,0.006781493413415314
Scene02,RA-GCA-CGHTE,23.7,0.006776533675447445
Scene02,RA-GCA-CGHTE,23.8,0.006772160453009195
Scene02,RA-GCA-CGHTE,23.9,0.006768495845300409
Scene02,RA-GCA-CGHTE,24.0,0.006765530990402516
Scene02,RA-GCA-CGHTE,24.1,0.006763200311040399
Scene02,RA-GCA-CGHTE,24.2,0.0067614618036222094
Scene02,RA-GCA-CGHTE,24.3,0.00676023299070934
Scene02,RA-GCA-CGHTE,24.4,0.006759420435844727
Scene02,RA-GCA-CGHTE,24.5,0.006758931447363334
Scene02,RA-GCA-CGHTE,24.6,0.006758678292429894
Scene02,RA-GCA-CGHTE,24.7,0.006758591830380124
Scene02,RA-GCA-CGHTE,24.8,0.006758612945932211
Scene02,RA-GCA-CGHTE,24.9,0.0067587047394882605
Scene02,RA-GCA-CGHTE,25.0,0.006758840270386372
Scene02,RA-GCA-CGHTE,25.1,0.0067590052654138534
Scene02,RA-GCA-CGHTE,25.2,0.006759193669958486
Scene02,RA-GCA-CGHTE,25.3,0.006759401543069331
Scene02,RA-GCA-CGHTE,25.4,0.006759628060652364
Scene02,RA-GCA-CGHTE,25.5,0.006759872273967784
Scene02,RA-GCA-CGHTE,25.6,0.006760130961536576
Scene02,RA-GCA-CGHTE,25.7,0.006760401109420242
Scene02,RA-GCA-CGHTE,25.8,0.006760677428861362
Scene02,RA-GCA-CGHTE,25.9,0.006760952973733997
Scene02,RA-GCA-CGHTE,26.0,0.006761222987261845
Scene02,RA-GCA-CGHTE,26.1,0.006761478651620642
Scene02,RA-GCA-CGHTE,26.2,0.006761716365489523
Scene02,RA-GCA-CGHTE,26.3,0.00676193060788795
Scene02,RA-GCA-CGHTE,26.4,0.006762117865892763
Scene02,RA-GCA-CGHTE,26.5,0.006762278780035473
Scene02,RA-GCA-CGHTE,26.6,0.006762410352065852
Scene02,RA-GCA-CGHTE,26.7,0.006762518321782194
Scene02,RA-GCA-CGHTE,26.8,0.0067626009915050305
Scene02,RA-GCA-CGHTE,26.9,0.006762665876410746
Scene02,RA-GCA-CGHTE,27.0,0.006762713406350908
Scene02,RA-GCA-CGHTE,27.1,0.0067627498480050344
Scene02,RA-GCA-CGHTE,27.2,0.006762777200734865
Scene02,RA-GCA-CGHTE,27.3,0.00676279918128404
Scene02,RA-GCA-CGHTE,27.4,0.006762818093885106
Scene02,RA-GCA-CGHTE,27.5,0.006762835222890875
Scene02,RA-GCA-CGHTE,27.6,0.006762852419895597
Scene02,RA-GCA-CGHTE,27.7,0.006762869883537509
Scene02,RA-GCA-CGHTE,27.8,0.006762887797421435
Scene02,RA-GCA-CGHTE,27.9,0.006762906128081327
Scene02,RA-GCA-CGHTE,28.0,0.006762924204080134
Scene02,RA-GCA-CGHTE,28.1,0.006762942310264499
Scene02,RA-GCA-CGHTE,28.2,0.006762959212639172
Scene02,RA-GCA-CGHTE,28.3,0.006762974765057943
Scene02,RA-GCA-CGHTE,28.4,0.006762988968749955
Scene02,RA-GCA-CGHTE,28.5,0.006763000672161426
Scene02,RA-GCA-CGHTE,28.6,0.006763011611497348
Scene02,RA-GCA-CGHTE,28.7,0.006763019171732843
Scene02,RA-GCA-CGHTE,28.8,0.0067630266709385
Scene02,RA-GCA-CGHTE,28.9,0.006763030850069709
Scene02,RA-GCA-CGHTE,29.0,0.006763035338801905
Scene02,RA-GCA-CGHTE,29.1,0.006763037349200939
Scene02,RA-GCA-CGHTE,29.2,0.006763039337796243
Scene02,RA-GCA-CGHTE,29.3,0.006763040446250652
Scene02,RA-GCA-CGHTE,29.4,0.006763040477342139
Scene02,RA-GCA-CGHTE,29.5,0.0067630413476236564
Scene02,RA-GCA-CGHTE,29.6,0.006763039944257583
Scene02,RA-GCA-CGHTE,29.7,0.006763040773833823
Scene02,RA-GCA-CGHTE,29.8,0.006763038767880982
Scene02,RA-GCA-CGHTE,29.9,0.006763039388492309
Scene02,RA-GCA-CGHTE,30.0,0.006763037464954175
Scene02,RA-GCA-CGHTE,30.1,0.006763037519653497
Scene02,RA-GCA-CGHTE,30.2,0.006763036399641905
Scene02,RA-GCA-CGHTE,30.3,0.006763035810069733
Scene02,RA-GCA-CGHTE,30.4,0.006763035711194714
Scene02,RA-GCA-CGHTE,30.5,0.006763034446571052
Scene02,RA-GCA-CGHTE,30.6,0.006763035341219969
Scene02,RA-GCA-CGHTE,30.7,0.006763033754363421
Scene02,RA-GCA-CGHTE,30.8,0.006763034869944153
Scene02,RA-GCA-CGHTE,30.9,0.006763033234326595
Scene02,RA-GCA-CGHTE,31.0,0.006763033931796359
Scene02,RA-GCA-CGHTE,31.1,0.006763032611507292
Scene02,RA-GCA-CGHTE,31.2,0.006763032293899882
Scene02,RA-GCA-CGHTE,31.3,0.0067630314861858555
Scene02,RA-GCA-CGHTE,31.4,0.006763030113251259
Scene02,RA-GCA-CGHTE,31.5,0.006763029506824181
Scene02,RA-GCA-CGHTE,31.6,0.006763027369229072
Scene02,RA-GCA-CGHTE,31.7,0.0067630265927622136
Scene02,RA-GCA-CGHTE,31.8,0.006763024032905517
Scene02,RA-GCA-CGHTE,31.9,0.006763022917338455
Scene02,RA-GCA-CGHTE,32.0,0.006763020272640515
Scene02,RA-GCA-CGHTE,32.1,0.006763018392185033
Scene02,RA-GCA-CGHTE,32.2,0.006763015712855713
Scene02,RA-GCA-CGHTE,32.3,0.006763013105684353
Scene02,RA-GCA-CGHTE,32.4,0.006763010523085736
Scene02,RA-GCA-CGHTE,32.5,0.006763007601587353
Scene02,RA-GCA-CGHTE,32.6,0.006763004744175997
Scene02,RA-GCA-CGHTE,32.7,0.006763001593022357
Scene02,RA-GCA-CGHTE,32.8,0.006762998418992909
Scene02,RA-GCA-CGHTE,32.9,0.006762995264995409
Scene02,RA-GCA-CGHTE,33.0,0.006762991768073024
Scene02,RA-GCA-CGHTE,33.1,0.006762988566336969
Scene02,RA-GCA-CGHTE,33.2,0.006762984957925855
Scene02,RA-GCA-CGHTE,33.3,0.006762981430331744
Scene02,RA-GCA-CGHTE,33.4,0.0067629779950752
Scene02,RA-GCA-CGHTE,33.5,0.006762973962878422
Scene02,RA-GCA-CGHTE,33.6,0.006762970913472025
Scene02,RA-GCA-CGHTE,33.7,0.006762966357403704
Scene02,RA-GCA-CGHTE,33.8,0.006762963569360748
Scene02,RA-GCA-CGHTE,33.9,0.006762958907799687
Scene02,RA-GCA-CGHTE,34.0,0.006762956137756762
Scene02,RA-GCA-CGHTE,34.1,0.006762951831083991
Scene02,RA-GCA-CGHTE,34.2,0.006762948664660682
Scene02,RA-GCA-CGHTE,34.300000000000004,0.006762945020817469
Scene02,RA-GCA-CGHTE,34.4,0.006762941150468668
Scene02,RA-GCA-CGHTE,34.5,0.00676293824479934
Scene02,RA-GCA-CGHTE,34.6,0.006762933807199185
Scene02,RA-GCA-CGHTE,34.7,0.006762931730183545
Scene02,RA-GCA-CGHTE,34.800000000000004,0.006762927056254477
Scene02,RA-GCA-CGHTE,34.9,0.0067629252874316335
Scene02,RA-GCA-CGHTE,35.0,0.00676292112068801
Scene02,RA-GCA-CGHTE,35.1,0.006762919382339777
Scene02,RA-GCA-CGHTE,35.2,0.006762916589292833
Scene02,RA-GCA-CGHTE,35.300000000000004,0.006762914924568616
Scene02,RA-GCA-CGHTE,35.4,0.006762913906663115
Scene02,RA-GCA-CGHTE,35.5,0.006762912245591417
Scene02,RA-GCA-CGHTE,35.6,0.006762912861484297
Scene02,RA-GCA-CGHTE,35.7,0.006762911390924382
Scene02,RA-GCA-CGHTE,35.800000000000004,0.00676291285199332
Scene02,RA-GCA-CGHTE,35.9,0.006762911933042663
Scene02,RA-GCA-CGHTE,36.0,0.006762913661859265
Scene02,RA-GCA-CGHTE,36.1,0.006762913536561764
Scene02,RA-GCA-CGHTE,36.2,0.006762914951292245
Scene02,RA-GCA-CGHTE,36.3,0.006762915847615456
Scene02,RA-GCA-CGHTE,36.4,0.006762916793568273
Scene02,RA-GCA-CGHTE,36.5,0.0067629184270875916
Scene02,RA-GCA-CGHTE,36.6,0.00676291895080618
Scene02,RA-GCA-CGHTE,36.7,0.006762920982302353
Scene02,RA-GCA-CGHTE,36.8,0.0067629215219610975
Scene02,RA-GCA-CGHTE,36.9,0.006762923587897283
Scene02,RA-GCA-CGHTE,37.0,0.006762924183303793
Scene02,RA-GCA-CGHTE,37.1,0.006762925766497437
Scene02,RA-GCA-CGHTE,37.2,0.00676292684671313
Scene02,RA-GCA-CGHTE,37.3,0.006762928093203415
Scene02,RA-GCA-CGHTE,37.4,0.006762929368916133
Scene02,RA-GCA-CGHTE,37.5,0.006762930500936005
Scene02,RA-GCA-CGHTE,37.6,0.006762931818516082
Scene02,RA-GCA-CGHTE,37.7,0.006762932880625
Scene02,RA-GCA-CGHTE,37.8,0.006762933965020891
Scene02,RA-GCA-CGHTE,37.9,0.006762935150436464
Scene02,RA-GCA-CGHTE,38.0,0.00676293590738788
Scene02,RA-GCA-CGHTE,38.1,0.006762936914621384
Scene02,RA-GCA-CGHTE,38.2,0.006762937518831236
Scene02,RA-GCA-CGHTE,38.3,0.006762938338968281
Scene02,RA-GCA-CGHTE,38.4,0.006762938996309193
Scene02,RA-GCA-CGHTE,38.5,0.006762939234704505
Scene02,RA-GCA-CGHTE,38.6,0.006762940228162335
Scene02,RA-GCA-CGHTE,38.7,0.00676293983013638
Scene02,RA-GCA-CGHTE,38.8,0.006762940935547407
Scene02,RA-GCA-CGHTE,38.9,0.0067629401579193385
Scene02,RA-GCA-CGHTE,39.0,0.006762941156557767
Scene02,RA-GCA-CGHTE,39.1,0.006762940253933774
Scene02,RA-GCA-CGHTE,39.2,0.0067629404702651075
Scene02,RA-GCA-CGHTE,39.3,0.006762939898838128
Scene02,RA-GCA-CGHTE,39.4,0.006762939094143047
Scene02,RA-GCA-CGHTE,39.5,0.006762938777792494
Scene02,RA-GCA-CGHTE,39.6,0.006762936953623642
Scene02,RA-GCA-CGHTE,39.7,0.006762937052337105
Scene02,RA-GCA-CGHTE,39.8,0.006762934437444841
Scene02,RA-GCA-CGHTE,39.9,0.006762934492433834
Scene02,RA-GCA-CGHTE,40.0,0.0067629318970612706
Scene02,RA-GCA-CGHTE,40.1,0.006762931591064872
Scene02,RA-GCA-CGHTE,40.2,0.0067629296432768085
Scene02,RA-GCA-CGHTE,40.3,0.006762928898571454
Scene02,RA-GCA-CGHTE,40.4,0.006762928203242247
Scene02,RA-GCA-CGHTE,40.5,0.006762926932438689
Scene02,RA-GCA-CGHTE,40.6,0.006762927321581638
Scene02,RA-GCA-CGHTE,40.7,0.006762925633397368
Scene02,RA-GCA-CGHTE,40.8,0.0067629265219540866
Scene02,RA-GCA-CGHTE,40.9,0.0067629248388719355
Scene02,RA-GCA-CGHTE,41.0,0.006762925538414327
Scene02,RA-GCA-CGHTE,41.1,0.006762924031103638
Scene02,RA-GCA-CGHTE,41.2,0.006762924034341882
Scene02,RA-GCA-CGHTE,41.3,0.006762922966107172
Scene02,RA-GCA-CGHTE,41.4,0.006762921810953029
Scene02,RA-GCA-CGHTE,41.5,0.006762920966114719
Scene02,RA-GCA-CGHTE,41.6,0.006762918943680054
Scene02,RA-GCA-CGHTE,41.7,0.006762918189253355
Scene02,RA-GCA-CGHTE,41.8,0.00676291565268823
Scene02,RA-GCA-CGHTE,41.9,0.0067629144965064055
Scene02,RA-GCA-CGHTE,42.0,0.006762911845895523
Scene02,RA-GCA-CGHTE,42.1,0.0067629100951733245
Scene02,RA-GCA-CGHTE,42.2,0.006762907403699902
Scene02,RA-GCA-CGHTE,42.3,0.006762904927921387
Scene02,RA-GCA-CGHTE,42.4,0.006762902246571038
Scene02,RA-GCA-CGHTE,42.5,0.00676289936659381
Scene02,RA-GCA-CGHTE,42.6,0.0067628965385413565
Scene02,RA-GCA-CGHTE,42.7,0.0067628934895977225
Scene02,RA-GCA-CGHTE,42.8,0.0067628902783239495
Scene02,RA-GCA-CGHTE,42.9,0.006762887183243019
Scene02,RA-GCA-CGHTE,43.0,0.006762883568611491
Scene02,RA-GCA-CGHTE,43.1,0.006762880448642388
Scene02,RA-GCA-CGHTE,43.2,0.006762876732325154
Scene02,RA-GCA-CGHTE,43.3,0.006762873366906759
Scene02,RA-GCA-CGHTE,43.4,0.006762869855597507
Scene02,RA-GCA-CGHTE,43.5,0.006762865937897772
Scene02,RA-GCA-CGHTE,43.6,0.006762862858264331
Scene02,RA-GCA-CGHTE,43.7,0.006762858602706793
Scene02,RA-GCA-CGHTE,43.8,0.006762855908270743
Scene02,RA-GCA-CGHTE,43.9,0.006762851373484262
Scene02,RA-GCA-CGHTE,44.0,0.006762848683571426
Scene02,RA-GCA-CGHTE,44.1,0.00676284418793806
Scene02,RA-GCA-CGHTE,44.2,0.006762841284650055
Scene02,RA-GCA-CGHTE,44.3,0.006762837308507896
Scene02,RA-GCA-CGHTE,44.4,0.006762833638951175
Scene02,RA-GCA-CGHTE,44.5,0.006762830517477495
Scene02,RA-GCA-CGHTE,44.6,0.006762826244768393
Scene02,RA-GCA-CGHTE,44.7,0.006762823963557962
Scene02,RA-GCA-CGHTE,44.8,0.006762819361286502
Scene02,RA-GCA-CGHTE,44.9,0.006762817558759437
Scene02,RA-GCA-CGHTE,45.0,0.00676281332738513
Scene02,RA-GCA-CGHTE,45.1,0.0067628119176608645
Scene02,RA-GCA-CGHTE,45.2,0.0067628088112789125
Scene02,RA-GCA-CGHTE,45.3,0.0067628075009526145
Scene02,RA-GCA-CGHTE,45.4,0.0067628061371491485
Scene02,RA-GCA-CGHTE,45.5,0.006762804737977196
Scene02,RA-GCA-CGHTE,45.6,0.006762805002194397
Scene02,RA-GCA-CGHTE,45.7,0.006762803694545641
Scene02,RA-GCA-CGHTE,45.8,0.00676280523382249
Scene02,RA-GCA-CGHTE,45.9,0.006762804212708128
Scene02,RA-GCA-CGHTE,46.0,0.00676280604575744
Scene02,RA-GCA-CGHTE,46.1,0.006762805799548467
Scene02,RA-GCA-CGHTE,46.2,0.0067628074064931985
Scene02,RA-GCA-CGHTE,46.3,0.006762808039780373
Scene02,RA-GCA-CGHTE,46.4,0.006762809208246229
Scene02,RA-GCA-CGHTE,46.5,0.0067628106418215865
Scene02,RA-GCA-CGHTE,46.6,0.006762811343788447
Scene02,RA-GCA-CGHTE,46.7,0.006762813218587444
Scene02,RA-GCA-CGHTE,46.8,0.00676281371646212
Scene02,RA-GCA-CGHTE,46.9,0.00676281573007581
Scene02,RA-GCA-CGHTE,47.0,0.006762816389140269
Scene02,RA-GCA-CGHTE,47.1,0.0067628182147182305
Scene02,RA-GCA-CGHTE,47.2,0.006762819159437619
Scene02,RA-GCA-CGHTE,47.3,0.006762820560213171
Scene02,RA-GCA-CGHTE,47.4,0.00676282176198069
Scene02,RA-GCA-CGHTE,47.5,0.006762822979315558
Scene02,RA-GCA-CGHTE,47.6,0.0067628240534555245
Scene02,RA-GCA-CGHTE,47.7,0.006762825236683762
Scene02,RA-GCA-CGHTE,47.8,0.006762826356304326
Scene02,RA-GCA-CGHTE,47.9,0.006762827463829481
Scene02,RA-GCA-CGHTE,48.0,0.0067628282409299715
Scene02,RA-GCA-CGHTE,48.1,0.006762829499495695
Scene02,RA-GCA-CGHTE,48.2,0.006762830087724807
Scene02,RA-GCA-CGHTE,48.3,0.006762831126928886
Scene02,RA-GCA-CGHTE,48.4,0.00676283180683248
Scene02,RA-GCA-CGHTE,48.5,0.006762832341226523
Scene02,RA-GCA-CGHTE,48.6,0.006762833334510139
Scene02,RA-GCA-CGHTE,48.7,0.006762833060346651
Scene02,RA-GCA-CGHTE,48.8,0.0067628342337339034
Scene02,RA-GCA-CGHTE,48.9,0.006762833339357278
Scene02,RA-GCA-CGHTE,49.0,0.006762834286707532
Scene02,RA-GCA-CGHTE,49.1,0.006762833136760914
Scene02,RA-GCA-CGHTE,49.2,0.006762833700266416
Scene02,RA-GCA-CGHTE,49.3,0.006762832815141406
Scene02,RA-GCA-CGHTE,49.4,0.006762832294345731
Scene02,RA-GCA-CGHTE,49.5,0.006762831802066939
Scene02,RA-GCA-CGHTE,49.6,0.006762830234207331
Scene02,RA-GCA-CGHTE,49.7,0.006762830289640999
Scene02,RA-GCA-CGHTE,49.8,0.0067628278945966415
Scene02,RA-GCA-CGHTE,49.9,0.006762827972010756
Scene02,RA-GCA-CGHTE,50.0,0.006763302504743531
Scene03,PID,0.0,0.0
Scene03,PID,0.1,0.09998339294731867
Scene03,PID,0.2,0.19996672431816614
Scene03,PID,0.2999999999999999,0.29994998804653794
Scene03,PID,0.4,0.3999329853965922
Scene03,PID,0.5,0.49991549191584234
Scene03,PID,0.5999999999999999,0.5998972649241148
Scene03,PID,0.7,0.6998780385045735
Scene03,PID,0.8,0.7998575314333614
Scene03,PID,0.9,0.8998354410492138
Scene03,PID,1.0,0.9990898464625819
Scene03,PID,1.1,1.08819335769617
Scene03,PID,1.2,1.1564594386263307
Scene03,PID,1.3,1.1993345717557893
Scene03,PID,1.4,1.216520638764806
Scene03,PID,1.5,1.2101206864587084
Scene03,PID,1.6,1.1834163922313112
Scene03,PID,1.7,1.1401312998140103
Scene03,PID,1.8,1.0839856361509108
Scene03,PID,1.9,1.0184533315245217
Scene03,PID,2.0,0.9466482530172076
Scene03,PID,2.1,0.8712672057332669
Scene03,PID,2.2,0.794580241735634
Scene03,PID,2.3000000000000003,0.7184473436192582
Scene03,PID,2.4,0.644347283302585
Scene03,PID,2.5,0.5734137676823912
Scene03,PID,2.6,0.5064751481273118
Scene03,PID,2.7,0.4440959386852912
Scene03,PID,2.8000000000000003,0.38661695366580284
Scene03,PID,2.9,0.3341933145425293
Scene03,PID,3.0,0.2868305464791092
Scene03,PID,3.1,0.24441646420613194
Scene03,PID,3.2,0.20674940112483764
Scene03,PID,3.3000000000000003,0.17356248371174088
Scene03,PID,3.4,0.1445477096409098
Scene03,PID,3.5,0.119369201082141
Scene03,PID,3.6,0.09767875458419706
Scene03,PID,3.7,0.07913354990050658
Scene03,PID,3.8,0.06339255384902209
Scene03,PID,3.9,0.050135254046712596
Scene03,PID,4.0,0.03905672995120879
Scene03,PID,4.1,0.029875077182333065
Scene03,PID,4.2,0.022334268693523285
Scene03,PID,4.3,0.01619817620773123
Scene03,PID,4.4,0.011261110044717526
Scene03,PID,4.5,0.007334083979129603
Scene03,PID,4.6000000000000005,0.004256345263934593
Scene03,PID,4.7,0.0018834340707476502
Scene03,PID,4.8,9.112832289843244e-05
Scene03,PID,4.9,0.0012259883645251478
Scene03,PID,5.0,0.0021590638529049876
Scene03,PID,5.1000000000000005,0.002783003422242915
Scene03,PID,5.2,0.0031643454711600696
Scene03,PID,5.3,0.0033565044031762534
Scene03,PID,5.4,0.0034043405742822945
Scene03,PID,5.5,0.0033443561214054904
Scene03,PID,5.6000000000000005,0.003208403396367743
Scene03,PID,5.7,0.0030189622487002414
Scene03,PID,5.8,0.002795970872332632
Scene03,PID,5.9,0.002556667514163281
Scene03,PID,6.0,0.002309001656791488
Scene03,PID,6.1000000000000005,0.002063814283087774
Scene03,PID,6.2,0.0018283925647217835
Scene03,PID,6.3,0.0016038734207741744
Scene03,PID,6.4,0.0013948274730468716
Scene03,PID,6.5,0.0012038830119598454
Scene03,PID,6.6000000000000005,0.0010287115860041585
Scene03,PID,6.7,0.0008711301903039488
Scene03,PID,6.8,0.0007319430440189278
Scene03,PID,6.9,0.000608547562284143
Scene03,PID,7.0,0.0004996265456309858
Scene03,PID,7.1000000000000005,0.00040586258985978406
Scene03,PID,7.2,0.0003268297750614191
Scene03,PID,7.3,0.00025776181930586714
Scene03,PID,7.4,0.0001996553247876765
Scene03,PID,7.5,0.0001520996759333048
Scene03,PID,7.6,0.00011350701313895125
Scene03,PID,7.7,8.114414117714331e-05
Scene03,PID,7.8,5.5242432067206236e-05
Scene03,PID,7.9,3.52021089711753e-05
Scene03,PID,8.0,1.9887907825879823e-05
Scene03,PID,8.099999999999998,7.626398116512965e-06
Scene03,PID,8.199999999999998,1.6539200010488895e-06
Scene03,PID,8.3,8.44605174456858e-06
Scene03,PID,8.4,1.3166250553935139e-05
Scene03,PID,8.5,1.6783515421933444e-05
Scene03,PID,8.599999999999998,1.924329197323463e-05
Scene03,PID,8.700000000000001,2.0661135366146668e-05
Scene03,PID,8.8,2.1000741444535375e-05
Scene03,PID,8.9,2.0778414201742596e-05
Scene03,PID,9.0,2.071025155674031e-05
Scene03,PID,9.1,2.0322789779866465e-05
Scene03,PID,9.2,1.956572114708926e-05
Scene03,PID,9.3,1.8317674484972022e-05
Scene03,PID,9.4,1.6696046779051015e-05
Scene03,PID,9.5,1.545483574310608e-05
Scene03,PID,9.6,1.4108694512026287e-05
Scene03,PID,9.7,1.2582227724329329e-05
Scene03,PID,9.8,1.0931298185588354e-05
Scene03,PID,9.9,9.323607486842347e-06
Scene03,PID,10.0,7.87787060025611e-06
Scene03,PID,10.1,0.21548387134113053
Scene03,PID,10.2,0.3424840847859174
Scene03,PID,10.3,0.4495597158323036
Scene03,PID,10.4,0.5396278148271729
Scene03,PID,10.5,0.6149333017099775
Scene03,PID,10.6,0.6763187019306
Scene03,PID,10.7,0.7239485732401618
Scene03,PID,10.8,0.757891006323542
Scene03,PID,10.9,0.7784005031592718
Scene03,PID,11.0,0.7860070347526866
Scene03,PID,11.1,0.7815639588534231
Scene03,PID,11.2,0.7661016928046859
Scene03,PID,11.3,0.7408072624392434
Scene03,PID,11.4,0.7069556964373219
Scene03,PID,11.5,0.6658548305564714
Scene03,PID,11.6,0.6188051244958851
Scene03,PID,11.7,0.5670706107532716
Scene03,PID,11.8,0.5118580768207704
Scene03,PID,11.9,0.45430327061555753
Scene03,PID,12.0,0.39546183679722235
Scene03,PID,12.1,0.33630529914200097
Scene03,PID,12.2,0.27772115795183155
Scene03,PID,12.3,0.22052101681388148
Scene03,PID,12.4,0.16546753209846093
Scene03,PID,12.5,0.11336993515422365
Scene03,PID,12.6,0.06556133648103249
Scene03,PID,12.7,0.028577873359405623
Scene03,PID,12.8,0.03782074676307282
Scene03,PID,12.9,0.07173486685135341
Scene03,PID,13.0,0.10490795341381086
Scene03,PID,13.1,0.13464593640911102
Scene03,PID,13.2,0.16045038420237623
Scene03,PID,13.3,0.18221818723564917
Scene03,PID,13.4,0.19999003204754323
Scene03,PID,13.5,0.21388681542719187
Scene03,PID,13.6,0.22408460952216924
Scene03,PID,13.7,0.23080082423384637
Scene03,PID,13.8,0.23428469314449535
Scene03,PID,13.9,0.23480955744322637
Scene03,PID,14.0,0.23266591764668684
Scene03,PID,14.1,0.2281554497722916
Scene03,PID,14.2,0.22158551600454807
Scene03,PID,14.3,0.21326418303031003
Scene03,PID,14.4,0.20349586397044742
Scene03,PID,14.5,0.1925774179041387
Scene03,PID,14.6,0.18079480963528838
Scene03,PID,14.7,0.16842028412598237
Scene03,PID,14.8,0.15571007797654135
Scene03,PID,14.9,0.14290257502600312
Scene03,PID,15.0,0.1302169726587083
Scene03,PID,15.1,0.11785238989383758
Scene03,PID,15.2,0.10598737402481415
Scene03,PID,15.3,0.09477929782511961
Scene03,PID,15.4,0.08436439409556346
Scene03,PID,15.5,0.07485680655033361
Scene03,PID,15.6,0.06634765187123279
Scene03,PID,15.7,0.05890214601627188
Scene03,PID,15.8,0.05255575976207601
Scene03,PID,15.9,0.047309070569712876
Scene03,PID,16.0,0.043123942903969315
Scene03,PID,16.1,0.0399236098807936
Scene03,PID,16.2,0.03760137132294418
Scene03,PID,16.3,0.0360372058600579
Scene03,PID,16.4,0.03511769157155869
Scene03,PID,16.5,0.03475328720687622
Scene03,PID,16.6,0.03488613714023731
Scene03,PID,16.7,0.0354875782523838
Scene03,PID,16.8,0.03654866414246992
Scene03,PID,16.9,0.03806703581246503
Scene03,PID,17.0,0.04003530100676786
Scene03,PID,17.1,0.042433470926567546
Scene03,PID,17.2,0.04522657571222327
Scene03,PID,17.3,0.048366181133883336
Scene03,PID,17.400000000000002,0.05179420045667192
Scene03,PID,17.5,0.055447265369979695
Scene03,PID,17.6,0.059260605502775406
Scene03,PID,17.7,0.06317082194778033
Scene03,PID,17.8,0.06711835534016251
Scene03,PID,17.900000000000002,0.07104839107863109
Scene03,PID,18.0,0.07491185125748795
Scene03,PID,18.1,0.07866552499209381
Scene03,PID,18.2,0.08227260365906543
Scene03,PID,18.3,0.08570215255130646
Scene03,PID,18.4,0.08892911155779837
Scene03,PID,18.5,0.09193428734517156
Scene03,PID,18.6,0.09470335410100074
Scene03,PID,18.7,0.09722719567565956
Scene03,PID,18.8,0.09950111695359772
Scene03,PID,18.9,0.10152455340810011
Scene03,PID,19.0,0.10330045279757963
Scene03,PID,19.1,0.10483519701745642
Scene03,PID,19.2,0.10613781561422278
Scene03,PID,19.3,0.10721972949392548
Scene03,PID,19.4,0.10809433962180807
Scene03,PID,19.5,0.1087764298313296
Scene03,PID,19.6,0.10928216162005279
Scene03,PID,19.7,0.10962835539821764
Scene03,PID,19.8,0.1098322495931101
Scene03,PID,19.9,0.10991156152132697
Scene03,PID,20.0,0.10988330573215908
Scene03,PID,20.1,0.10976447641712717
Scene03,PID,20.2,0.10956800104054097
Scene03,PID,20.3,0.10931476853015065
Scene03,PID,20.4,0.10901957011049365
Scene03,PID,20.5,0.10869501777456654
Scene03,PID,20.6,0.10835358633819062
Scene03,PID,20.7,0.10800607793455315
Scene03,PID,20.8,0.10766271606101713
Scene03,PID,20.9,0.10733232924548344
Scene03,PID,21.0,0.10702239189714093
Scene03,PID,21.1,0.10673955600264648
Scene03,PID,21.2,0.10648809917589652
Scene03,PID,21.3,0.10627304391347216
Scene03,PID,21.4,0.1060964735099519
Scene03,PID,21.5,0.10596015926319799
Scene03,PID,21.6,0.10586553454197949
Scene03,PID,21.7,0.10581179577241126
Scene03,PID,21.8,0.1057983602975945
Scene03,PID,21.9,0.10582349445530512
Scene03,PID,22.0,0.10588428250442175
Scene03,PID,22.1,0.1059797467621313
Scene03,PID,22.2,0.10610572223099972
Scene03,PID,22.3,0.10625826168841788
Scene03,PID,22.4,0.10643436342491111
Scene03,PID,22.5,0.10662925580940463
Scene03,PID,22.6,0.10683889835783907
Scene03,PID,22.7,0.10706003220798108
Scene03,PID,22.8,0.10728728892367584
Scene03,PID,22.9,0.10751728354331096
Scene03,PID,23.0,0.10774590213487276
Scene03,PID,23.1,0.10796874450226181
Scene03,PID,23.2,0.10818277298087323
Scene03,PID,23.3,0.10838447710063526
Scene03,PID,23.4,0.10857042265628902
Scene03,PID,23.5,0.10873809473147278
Scene03,PID,23.6,0.1088847139970152
Scene03,PID,23.7,0.10900807307056026
Scene03,PID,23.8,0.10910655038307457
Scene03,PID,23.9,0.10917777056518536
Scene03,PID,24.0,0.10922104425580975
Scene03,PID,24.1,0.10923522928006853
Scene03,PID,24.2,0.10921906354431568
Scene03,PID,24.3,0.10917211303683108
Scene03,PID,24.4,0.10909460758057347
Scene03,PID,24.5,0.1089860256902804
Scene03,PID,24.6,0.10884756436627605
Scene03,PID,24.7,0.10867824647540203
Scene03,PID,24.8,0.10848010153895103
Scene03,PID,24.9,0.1082520004987215
Scene03,PID,25.0,0.10799634754234433
Scene03,PID,25.1,0.10771349443236503
Scene03,PID,25.2,0.10740443282011691
Scene03,PID,25.3,0.10706989451284676
Scene03,PID,25.4,0.10671180226444711
Scene03,PID,25.5,0.10633069307443752
Scene03,PID,25.6,0.10592777822806433
Scene03,PID,25.7,0.10550383667550141
Scene03,PID,25.8,0.10505999565571524
Scene03,PID,25.9,0.10459761766189624
Scene03,PID,26.0,0.10411725201620621
Scene03,PID,26.1,0.10362056491097293
Scene03,PID,26.2,0.10310803912758462
Scene03,PID,26.3,0.1025805800981473
Scene03,PID,26.4,0.10203869308730762
Scene03,PID,26.5,0.10148334974524581
Scene03,PID,26.6,0.10091523444279543
Scene03,PID,26.7,0.10033472923978588
Scene03,PID,26.8,0.09974190317544446
Scene03,PID,26.9,0.09913798314217905
Scene03,PID,27.0,0.09852267239719505
Scene03,PID,27.1,0.09789647083442865
Scene03,PID,27.2,0.09725907728806281
Scene03,PID,27.3,0.09661162605939301
Scene03,PID,27.4,0.09595344245417128
Scene03,PID,27.5,0.09528507406327147
Scene03,PID,27.6,0.09460601589218805
Scene03,PID,27.7,0.09391634760476854
Scene03,PID,27.8,0.09321661598159574
Scene03,PID,27.9,0.09250642071757188
Scene03,PID,28.0,0.09178544551585607
Scene03,PID,28.1,0.09105380802632601
Scene03,PID,28.2,0.09031177099696552
Scene03,PID,28.3,0.08955865330626145
Scene03,PID,28.4,0.08879468613302881
Scene03,PID,28.5,0.0880197628973365
Scene03,PID,28.6,0.08723361737769836
Scene03,PID,28.7,0.08643650939561077
Scene03,PID,28.8,0.08562803623179358
Scene03,PID,28.9,0.08480868032944014
Scene03,PID,29.0,0.08397805031434125
Scene03,PID,29.1,0.08313629384183378
Scene03,PID,29.2,0.08228332255747711
Scene03,PID,29.3,0.08141958801876897
Scene03,PID,29.4,0.08054495691364147
Scene03,PID,29.5,0.07965906404158804
Scene03,PID,29.6,0.0787628608348502
Scene03,PID,29.7,0.07785597045331333
Scene03,PID,29.8,0.07693909396259181
Scene03,PID,29.9,0.0760117549076477
Scene03,PID,30.0,0.07507470464350167
Scene03,PID,30.1,0.07412756017473572
Scene03,PID,30.2,0.07317152851142568
Scene03,PID,30.3,0.07220652506379416
Scene03,PID,30.4,0.07123277250281893
Scene03,PID,30.5,0.0702506104175463
Scene03,PID,30.6,0.06926086966712942
Scene03,PID,30.7,0.0682634731627544
Scene03,PID,30.8,0.06725869009452155
Scene03,PID,30.9,0.06624724888962005
Scene03,PID,31.0,0.06522927192766267
Scene03,PID,31.1,0.064205776282618
Scene03,PID,31.2,0.06317676031609963
Scene03,PID,31.3,0.06214277957189442
Scene03,PID,31.4,0.06110465889871221
Scene03,PID,31.5,0.06006073803356461
Scene03,PID,31.6,0.05901516833827837
Scene03,PID,31.7,0.05796679092191807
Scene03,PID,31.8,0.05691670970128225
Scene03,PID,31.9,0.05586498877078615
Scene03,PID,32.0,0.05481285622266604
Scene03,PID,32.1,0.05376018477430884
Scene03,PID,32.2,0.05270794193319903
Scene03,PID,32.3,0.05165744012586419
Scene03,PID,32.4,0.05060735679995187
Scene03,PID,32.5,0.04956151632310345
Scene03,PID,32.6,0.0485190102965389
Scene03,PID,32.7,0.04748150423741614
Scene03,PID,32.8,0.046449330723538775
Scene03,PID,32.9,0.04542361287008933
Scene03,PID,33.0,0.04440625307113668
Scene03,PID,33.1,0.04339786481261849
Scene03,PID,33.2,0.042399729858414954
Scene03,PID,33.3,0.04141365513060038
Scene03,PID,33.4,0.040440767993361784
Scene03,PID,33.5,0.039482333934911774
Scene03,PID,33.6,0.038540896352382066
Scene03,PID,33.7,0.03761752665848327
Scene03,PID,33.8,0.03671467409722781
Scene03,PID,33.9,0.03583404970380166
Scene03,PID,34.0,0.03497821801014075
Scene03,PID,34.1,0.03414929149462883
Scene03,PID,34.2,0.03334966263509929
Scene03,PID,34.300000000000004,0.03258212696665118
Scene03,PID,34.4,0.03185045978823079
Scene03,PID,34.5,0.03115659527678796
Scene03,PID,34.6,0.03050334262642095
Scene03,PID,34.7,0.029895348533901682
Scene03,PID,34.800000000000004,0.029334321121909784
Scene03,PID,34.9,0.02882389103755872
Scene03,PID,35.0,0.02836683423245133
Scene03,PID,35.1,0.027966430491330466
Scene03,PID,35.2,0.027624971891569556
Scene03,PID,35.300000000000004,0.027345056562668626
Scene03,PID,35.4,0.027128982903512268
Scene03,PID,35.5,0.026978403555448952
Scene03,PID,35.6,0.026894247635656208
Scene03,PID,35.7,0.026877554787340285
Scene03,PID,35.800000000000004,0.026928568075967357
Scene03,PID,35.9,0.027046548833736927
Scene03,PID,36.0,0.027230762925349913
Scene03,PID,36.1,0.027479238224400914
Scene03,PID,36.2,0.027790908462188877
Scene03,PID,36.3,0.028162645044596174
Scene03,PID,36.4,0.02859247708148577
Scene03,PID,36.5,0.029077609241120073
Scene03,PID,36.6,0.029614682718641764
Scene03,PID,36.7,0.03020058839441531
Scene03,PID,36.8,0.03083277866007698
Scene03,PID,36.9,0.03150721037511648
Scene03,PID,37.0,0.03222075404879852
Scene03,PID,37.1,0.032971575108892134
Scene03,PID,37.2,0.03375600435034885
Scene03,PID,37.3,0.0345713596362602
Scene03,PID,37.4,0.03541530298604594
Scene03,PID,37.5,0.03628466190495864
Scene03,PID,37.6,0.03717719570081584
Scene03,PID,37.7,0.038090300633543836
Scene03,PID,37.8,0.03902348575973404
Scene03,PID,37.9,0.03997395647040999
Scene03,PID,38.0,0.040939766940333217
Scene03,PID,38.1,0.04191921727999787
Scene03,PID,38.2,0.04291129552100069
Scene03,PID,38.3,0.043913839675249755
Scene03,PID,38.4,0.044925976262683597
Scene03,PID,38.5,0.0459462716767441
Scene03,PID,38.6,0.04697334708070641
Scene03,PID,38.7,0.048006648886589585
Scene03,PID,38.8,0.04904482547049715
Scene03,PID,38.9,0.05008689798752389
Scene03,PID,39.0,0.051131223386343884
Scene03,PID,39.1,0.052178975570380655
Scene03,PID,39.2,0.05322746066109998
Scene03,PID,39.3,0.054277534748533016
Scene03,PID,39.4,0.055327370119068006
Scene03,PID,39.5,0.056376549463069484
Scene03,PID,39.6,0.05742493355292919
Scene03,PID,39.7,0.05847062894670335
Scene03,PID,39.8,0.05951451551900982
Scene03,PID,39.9,0.0605553942222437
Scene03,PID,40.0,0.061592658907089204
Scene03,PID,40.1,0.06262659273615183
Scene03,PID,40.2,0.06365604793873952
Scene03,PID,40.3,0.06468027066813482
Scene03,PID,40.4,0.06569932685214441
Scene03,PID,40.5,0.06671275418059489
Scene03,PID,40.6,0.06771974697067103
Scene03,PID,40.7,0.06872105480565013
Scene03,PID,40.8,0.06971460680727753
Scene03,PID,40.9,0.07070248314858402
Scene03,PID,41.0,0.07168259509039585
Scene03,PID,41.1,0.07265483477215728
Scene03,PID,41.2,0.07361920435833229
Scene03,PID,41.3,0.0745750928524996
Scene03,PID,41.4,0.07552183254892264
Scene03,PID,41.5,0.07646038420109244
Scene03,PID,41.6,0.07738959313402352
Scene03,PID,41.7,0.0783087985187381
Scene03,PID,41.8,0.07921857282903097
Scene03,PID,41.9,0.08011887590485425
Scene03,PID,42.0,0.08100922179919649
Scene03,PID,42.1,0.081889307253176
Scene03,PID,42.2,0.08275843368918502
Scene03,PID,42.3,0.0836160156512433
Scene03,PID,42.4,0.08446348740876232
Scene03,PID,42.5,0.08529957442283438
Scene03,PID,42.6,0.08612438926197823
Scene03,PID,42.7,0.0869384274098897
Scene03,PID,42.8,0.08774003944668098
Scene03,PID,42.9,0.08852892947991572
Scene03,PID,43.0,0.08930709026819932
Scene03,PID,43.1,0.09007246292902632
Scene03,PID,43.2,0.09082468498348147
Scene03,PID,43.3,0.09156481083778219
Scene03,PID,43.4,0.09229195876446919
Scene03,PID,43.5,0.09300593472779058
Scene03,PID,43.6,0.09370630866345539
Scene03,PID,43.7,0.09439291460576223
Scene03,PID,43.8,0.09506573961565436
Scene03,PID,43.9,0.09572433739163196
Scene03,PID,44.0,0.09636892643967529
Scene03,PID,44.1,0.0970011211836505
Scene03,PID,44.2,0.09761992487122934
Scene03,PID,44.3,0.09822417294482615
Scene03,PID,44.4,0.0988141355694418
Scene03,PID,44.5,0.09939063415585883
Scene03,PID,44.6,0.09995140642227102
Scene03,PID,44.7,0.10049671977260695
Scene03,PID,44.8,0.10102701671787064
Scene03,PID,44.9,0.10154419493450939
Scene03,PID,45.0,0.10204615578404935
Scene03,PID,45.1,0.10253317591807877
Scene03,PID,45.2,0.10300444686848904
Scene03,PID,45.3,0.10346113768672707
Scene03,PID,45.4,0.10390213852587052
Scene03,PID,45.5,0.10432731188603246
Scene03,PID,45.6,0.10473728823587374
Scene03,PID,45.7,0.10512965386704301
Scene03,PID,45.8,0.10550696798700585
Scene03,PID,45.9,0.10586957224152374
Scene03,PID,46.0,0.10621617303049814
Scene03,PID,46.1,0.10654610813172263
Scene03,PID,46.2,0.10685996400802207
Scene03,PID,46.3,0.10715801394564306
Scene03,PID,46.4,0.10744010886447668
Scene03,PID,46.5,0.1077044288545617
Scene03,PID,46.6,0.10795333160193926
Scene03,PID,46.7,0.10818675615548153
Scene03,PID,46.8,0.10840316449557273
Scene03,PID,46.9,0.10860316943899034
Scene03,PID,47.0,0.10878630690787357
Scene03,PID,47.1,0.10895209323347431
Scene03,PID,47.2,0.10910283472747312
Scene03,PID,47.3,0.10923693341926734
Scene03,PID,47.4,0.10935244105756409
Scene03,PID,47.5,0.1094529472364706
Scene03,PID,47.6,0.1095362897819414
Scene03,PID,47.7,0.10960251303671123
Scene03,PID,47.8,0.10965188224569612
Scene03,PID,47.9,0.10968600862210745
Scene03,PID,48.0,0.10970281022365472
Scene03,PID,48.1,0.10970259967904356
Scene03,PID,48.2,0.10968605261807485
Scene03,PID,48.3,0.10965252988275395
Scene03,PID,48.4,0.1096024052035487
Scene03,PID,48.5,0.10953563984156983
Scene03,PID,48.6,0.10945163355027818
Scene03,PID,48.7,0.10935098171802535
Scene03,PID,48.8,0.10923305013509808
Scene03,PID,48.9,0.1090984076450731
Scene03,PID,49.0,0.10894765580333104
Scene03,PID,49.1,0.10877900226028679
Scene03,PID,49.2,0.10859361382625796
Scene03,PID,49.3,0.10839206231423185
Scene03,PID,49.4,0.10817343914500023
Scene03,PID,49.5,0.107938948074826
Scene03,PID,49.6,0.10768652656925977
Scene03,PID,49.7,0.10741872916511506
Scene03,PID,49.8,0.10713409109684104
Scene03,PID,49.9,0.10683336899606087
Scene03,PID,50.0,0.10651550405317996
Scene03,PID,50.1,0.10618165749182455
Scene03,PID,50.2,0.10583060719007392
Scene03,PID,50.3,0.10546393261904541
Scene03,PID,50.4,0.10508069221854321
Scene03,PID,50.5,0.10468061956458868
Scene03,PID,50.6,0.10426489697129548
Scene03,PID,50.7,0.10383226136771982
Scene03,PID,50.8,0.10338460607689831
Scene03,PID,50.9,0.10292113698919433
Scene03,PID,51.0,0.10244039306959758
Scene03,PID,51.1,0.1019447987473579
Scene03,PID,51.2,0.10143255839954164
Scene03,PID,51.3,0.10090563539595576
Scene03,PID,51.4,0.10036304116895181
Scene03,PID,51.5,0.09980506497878164
Scene03,PID,51.6,0.09923128300120401
Scene03,PID,51.7,0.09864222760222623
Scene03,PID,51.8,0.09803785057232588
Scene03,PID,51.9,0.09741730472871926
Scene03,PID,52.0,0.0967825322687111
Scene03,PID,52.1,0.09613270250619173
Scene03,PID,52.2,0.09546760932055806
Scene03,PID,52.3,0.09478804948476999
Scene03,PID,52.4,0.09409339937224426
Scene03,PID,52.5,0.09338470973240148
Scene03,PID,52.6,0.09266152447212138
Scene03,PID,52.7,0.0919234355985125
Scene03,PID,52.8,0.09117118085518969
Scene03,PID,52.9,0.09040487471241179
Scene03,PID,53.0,0.0896246148418529
Scene03,PID,53.1,0.08882911776915525
Scene03,PID,53.2,0.0880212309969528
Scene03,PID,53.3,0.08719932946391913
Scene03,PID,53.4,0.08636403159788139
Scene03,PID,53.5,0.08551530122077998
Scene03,PID,53.6,0.08465263868784847
Scene03,PID,53.7,0.08377786734351515
Scene03,PID,53.8,0.08288949736515028
Scene03,PID,53.9,0.08198838050471977
Scene03,PID,54.0,0.08107436913329062
Scene03,PID,54.1,0.08014813660568136
Scene03,PID,54.2,0.07920898703145623
Scene03,PID,54.3,0.07825753591132899
Scene03,PID,54.4,0.07729398493489219
Scene03,PID,54.5,0.07631818579362397
Scene03,PID,54.6,0.07533068872765557
Scene03,PID,54.7,0.07433138216644802
Scene03,PID,54.8,0.0733204250960836
Scene03,PID,54.9,0.07229815885702726
Scene03,PID,55.0,0.07126446348048521
Scene03,PID,55.1,0.07021987914338967
Scene03,PID,55.2,0.06916434006560991
Scene03,PID,55.3,0.0680976775968338
Scene03,PID,55.4,0.06702040836312001
Scene03,PID,55.5,0.06593299059067448
Scene03,PID,55.6,0.06483508694807981
Scene03,PID,55.7,0.06372719583519579
Scene03,PID,55.8,0.06260891842247275
Scene03,PID,55.9,0.06148138779694537
Scene03,PID,56.0,0.06034414682247664
Scene03,PID,56.1,0.059197471464842964
Scene03,PID,56.2,0.058041657715730256
Scene03,PID,56.3,0.056876909595876185
Scene03,PID,56.4,0.05570313757518427
Scene03,PID,56.5,0.05452034124798164
Scene03,PID,56.6,0.05332932756362293
Scene03,PID,56.7,0.05212979350979422
Scene03,PID,56.8,0.050921929106158025
Scene03,PID,56.9,0.04970669529492166
Scene03,PID,57.0,0.04848344774859912
Scene03,PID,57.1,0.04725273803667209
Scene03,PID,57.2,0.04601453345895237
Scene03,PID,57.3,0.04476928462771086
Scene03,PID,57.4,0.04351689112093103
Scene03,PID,57.5,0.04225762265804485
Scene03,PID,57.6,0.04099186633456592
Scene03,PID,57.7,0.039719839312404456
Scene03,PID,57.8,0.038441828749421626
Scene03,PID,57.9,0.03715771461827431
Scene03,PID,58.0,0.0358677377678993
Scene03,PID,58.1,0.03457206336442087
Scene03,PID,58.2,0.033271070319654816
Scene03,PID,58.3,0.03196484143764774
Scene03,PID,58.4,0.030653751712722305
Scene03,PID,58.5,0.029337697642212023
Scene03,PID,58.6,0.028017448415798073
Scene03,PID,58.7,0.026692554074112466
Scene03,PID,58.8,0.025363570080822597
Scene03,PID,58.9,0.02403049158724134
Scene03,PID,59.0,0.022693846227447235
Scene03,PID,59.1,0.021353668383818223
Scene03,PID,59.2,0.02000957482852919
Scene03,PID,59.3,0.018663182028575222
Scene03,PID,59.4,0.017313655329395862
Scene03,PID,59.5,0.015961428817286925
Scene03,PID,59.6,0.01460684729310333
Scene03,PID,59.7,0.01324999329513928
Scene03,PID,59.8,0.01189115994402255
Scene03,PID,59.9,0.010530615220470068
Scene03,PID,60.0,0.009168721471950761
Scene03,PID,60.1,0.007810338650006865
Scene03,PID,60.2,0.006461947850756452
Scene03,PID,60.3,0.005138247481445991
Scene03,PID,60.4,0.003816856931729015
Scene03,PID,60.5,0.00248431035021421
Scene03,PID,60.6,0.0011419521260132653
Scene03,PID,60.7,0.00033953993070440415
Scene03,PID,60.8,0.0016237829990922643
Scene03,PID,60.9,0.002981421143532001
Scene03,PID,61.0,0.004346354315629151
Scene03,PID,61.1,0.005714290333667321
Scene03,PID,61.2,0.007084172114962462
Scene03,PID,61.3,0.00845512541227954
Scene03,PID,61.4,0.009826283112418968
Scene03,PID,61.5,0.011197602689389147
Scene03,PID,61.6,0.012568464312890226
Scene03,PID,61.7,0.013937930216207806
Scene03,PID,61.8,0.01530578919582165
Scene03,PID,61.9,0.016671599741171644
Scene03,PID,62.0,0.018035146214936026
Scene03,PID,62.1,0.01939595089865357
Scene03,PID,62.2,0.020753416720986784
Scene03,PID,62.3,0.02210702786867552
Scene03,PID,62.4,0.02345679146439772
Scene03,PID,62.5,0.024802287993685446
Scene03,PID,62.6,0.026143550623462155
Scene03,PID,62.7,0.027479869234509305
Scene03,PID,62.8,0.028810560928618136
Scene03,PID,62.9,0.030136415238860795
Scene03,PID,63.0,0.031456696375147364
Scene03,PID,63.1,0.03277131849969971
Scene03,PID,63.2,0.03407955706055633
Scene03,PID,63.3,0.03538185884077587
Scene03,PID,63.4,0.03667776054732039
Scene03,PID,63.5,0.03796702424733226
Scene03,PID,63.6,0.03924944341213147
Scene03,PID,63.7,0.04052476756525728
Scene03,PID,63.8,0.041793852371197725
Scene03,PID,63.9,0.043055165696800166
Scene03,PID,64.0,0.04430968082772522
Scene03,PID,64.1,0.04555672222202731
Scene03,PID,64.2,0.046796178744824654
Scene03,PID,64.3,0.048027319800279314
Scene03,PID,64.4,0.04925162120613146
Scene03,PID,64.5,0.05046797882877961
Scene03,PID,64.6,0.05167590329109322
Scene03,PID,64.7,0.05287610899217741
Scene03,PID,64.8,0.05406788263965922
Scene03,PID,64.9,0.05525140971372087
Scene03,PID,65.0,0.05642587921434834
Scene03,PID,65.1,0.057591498590392615
Scene03,PID,65.2,0.058747992564665834
Scene03,PID,65.3,0.059896072262782075
Scene03,PID,65.4,0.061035171298568336
Scene03,PID,65.5,0.06216457814914598
Scene03,PID,65.6,0.06328463655400439
Scene03,PID,65.7,0.06439495309383521
Scene03,PID,65.8,0.06549564841483846
Scene03,PID,65.9,0.06658666208857829
Scene03,PID,66.0,0.06766708819166597
Scene03,PID,66.1,0.06873746753485732
Scene03,PID,66.2,0.0697976501857998
Scene03,PID,66.3,0.07084661285041012
Scene03,PID,66.4,0.07188462514233675
Scene03,PID,66.5,0.07291232425669916
Scene03,PID,66.6,0.07392838131129872
Scene03,PID,66.7,0.07493248690418533
Scene03,PID,66.8,0.07592582375382594
Scene03,PID,66.9,0.07690745870798373
Scene03,PID,67.0,0.07787757569405215
Scene03,PID,67.1,0.07883532021332336
Scene03,PID,67.2,0.07978089098789096
Scene03,PID,67.3,0.08071352463543786
Scene03,PID,67.4,0.08163399907871201
Scene03,PID,67.5,0.08254199892887597
Scene03,PID,67.6,0.0834368321077045
Scene03,PID,67.7,0.08431840722022688
Scene03,PID,67.8,0.08518692783861675
Scene03,PID,67.9,0.08604183026457492
Scene03,PID,68.0,0.08688389291471511
Scene03,PID,68.1,0.08771195789353105
Scene03,PID,68.2,0.08852659688908189
Scene03,PID,68.3,0.08932837269503721
Scene03,PID,68.4,0.09011552383019461
Scene03,PID,68.5,0.09088811883785683
Scene03,PID,68.60000000000001,0.0916471310489872
Scene03,PID,68.7,0.09239152090259468
Scene03,PID,68.8,0.09312124971937824
Scene03,PID,68.9,0.09383668265675917
Scene03,PID,69.0,0.0945379494825366
Scene03,PID,69.10000000000001,0.09522395550089892
Scene03,PID,69.2,0.09589554509617874
Scene03,PID,69.3,0.09655275628262254
Scene03,PID,69.4,0.09719490923066569
Scene03,PID,69.5,0.09782139955358558
Scene03,PID,69.60000000000001,0.09843238537040458
Scene03,PID,69.7,0.09902836792682765
Scene03,PID,69.8,0.09960989894121094
Scene03,PID,69.9,0.10017588074103657
Scene03,PID,70.0,0.10072764839717757
Scene03,PID,70.10000000000001,0.10126348623152552
Scene03,PID,70.2,0.1017835827414128
Scene03,PID,70.3,0.10228767965536541
Scene03,PID,70.4,0.10277565119807192
Scene03,PID,70.5,0.10324749798247748
Scene03,PID,70.60000000000001,0.10370279244295326
Scene03,PID,70.7,0.10414229418487524
Scene03,PID,70.8,0.10456310440022998
Scene03,PID,70.9,0.10496784197578274
Scene03,PID,71.0,0.10535680768026262
Scene03,PID,71.10000000000001,0.10573012957437022
Scene03,PID,71.2,0.10608698625147171
Scene03,PID,71.3,0.10642676527063592
Scene03,PID,71.4,0.10675115829555966
Scene03,PID,71.5,0.10705820107958013
Scene03,PID,71.60000000000001,0.10734877105795053
Scene03,PID,71.7,0.10762290271545516
Scene03,PID,71.8,0.10788104831790185
Scene03,PID,71.9,0.10812351795471721
Scene03,PID,72.0,0.1083494200352819
Scene03,PID,72.10000000000002,0.10855843368326774
Scene03,PID,72.2,0.10875117699774275
Scene03,PID,72.29999999999998,0.10892619725388593
Scene03,PID,72.4,0.10908507868427418
Scene03,PID,72.5,0.10922738231992865
Scene03,PID,72.60000000000002,0.10935290388669745
Scene03,PID,72.7,0.10945991232261065
Scene03,PID,72.79999999999998,0.10955355595912177
Scene03,PID,72.9,0.10962930545088836
Scene03,PID,73.0,0.10968738497202829
Scene03,PID,73.10000000000002,0.10972778858168154
Scene03,PID,73.2,0.10975281677769991
Scene03,PID,73.29999999999998,0.10976042600332456
Scene03,PID,73.4,0.10975326903533342
Scene03,PID,73.5,0.10972774204880754
Scene03,PID,73.60000000000002,0.10968649968243888
Scene03,PID,73.7,0.1096274635837725
Scene03,PID,73.79999999999998,0.10955173814842643
Scene03,PID,73.9,0.1094599816589884
Scene03,PID,74.0,0.10935090533698771
Scene03,PID,74.10000000000002,0.10922467470325033
Scene03,PID,74.2,0.10908167824903296
Scene03,PID,74.29999999999998,0.10892286534303203
Scene03,PID,74.4,0.10874783776863708
Scene03,PID,74.5,0.10855479776151628
Scene03,PID,74.60000000000002,0.10834604174095952
Scene03,PID,74.7,0.10812015023187252
Scene03,PID,74.79999999999998,0.10787862335138375
Scene03,PID,74.9,0.10762094994226809
Scene03,PID,75.0,0.10734671667098243
Scene03,PID,75.10000000000002,0.10705687773505852
Scene03,PID,75.2,0.106749781148485
Scene03,PID,75.29999999999998,0.10642701662370732
Scene03,PID,75.4,0.10608773307238983
Scene03,PID,75.5,0.10573246305016341
Scene03,PID,75.60000000000002,0.10536146574240467
Scene03,PID,75.7,0.10497516841950141
Scene03,PID,75.79999999999998,0.10457297162019655
Scene03,PID,75.9,0.10415460765569265
Scene03,PID,76.0,0.10372111035940289
Scene03,PID,76.10000000000002,0.10327233634800594
Scene03,PID,76.2,0.10280723493778596
Scene03,PID,76.29999999999998,0.10232723833417537
Scene03,PID,76.4,0.10183251154432246
Scene03,PID,76.5,0.1013228705113965
Scene03,PID,76.60000000000002,0.10079805508847567
Scene03,PID,76.7,0.10025857776076774
Scene03,PID,76.79999999999998,0.09970428674636889
Scene03,PID,76.9,0.0991350051011115
Scene03,PID,77.0,0.09855111813756327
Scene03,PID,77.10000000000002,0.09795366156612931
Scene03,PID,77.2,0.09734073992301696
Scene03,PID,77.29999999999998,0.09671472793514
Scene03,PID,77.4,0.09607500876328394
Scene03,PID,77.5,0.09542142087870968
Scene03,PID,77.60000000000002,0.09475392176834103
Scene03,PID,77.7,0.09407274127007928
Scene03,PID,77.79999999999998,0.09337837179034789
Scene03,PID,77.9,0.09267061810425799
Scene03,PID,78.0,0.09194939867462407
Scene03,PID,78.10000000000002,0.09121568454494101
Scene03,PID,78.2,0.09046956177078856
Scene03,PID,78.29999999999998,0.08971009853099458
Scene03,PID,78.4,0.0889383827781753
Scene03,PID,78.5,0.08815440714950586
Scene03,PID,78.60000000000002,0.08735822630369353
Scene03,PID,78.7,0.08654981354804159
Scene03,PID,78.79999999999998,0.08573004646129014
Scene03,PID,78.9,0.08489867254678318
Scene03,PID,79.0,0.08405627821944145
Scene03,PID,79.10000000000002,0.08320283117228383
Scene03,PID,79.2,0.08233819710567744
Scene03,PID,79.29999999999998,0.08146304094585614
Scene03,PID,79.4,0.08057698279815374
Scene03,PID,79.5,0.07968096721934381
Scene03,PID,79.60000000000002,0.07877492026235311
Scene03,PID,79.7,0.07785911465316567
Scene03,PID,79.79999999999998,0.07693383976759968
Scene03,PID,79.9,0.07599912591975513
Scene03,PID,80.0,0.07505596697904152
Scene03,PID,80.10000000000002,0.07410366313366398
Scene03,PID,80.2,0.07314288285361928
Scene03,PID,80.29999999999998,0.07217370010890313
Scene03,PID,80.4,0.07119709603084792
Scene03,PID,80.5,0.07021297613132207
Scene03,PID,80.60000000000002,0.06922153234371053
Scene03,PID,80.7,0.06822322430619673
Scene03,PID,80.79999999999998,0.06721858077350966
Scene03,PID,80.9,0.06620742005653478
Scene03,PID,81.0,0.06519058782023104
Scene03,PID,81.10000000000002,0.06416834550552274
Scene03,PID,81.2,0.06314103632940186
Scene03,PID,81.29999999999998,0.06210897729978345
Scene03,PID,81.4,0.06107306565662915
Scene03,PID,81.5,0.06003337776863239
Scene03,PID,81.60000000000002,0.058990819027056496
Scene03,PID,81.7,0.0579454516391063
Scene03,PID,81.79999999999998,0.05689807084247287
Scene03,PID,81.9,0.05584925282549767
Scene03,PID,82.0,0.054799514762673716
Scene03,PID,82.10000000000002,0.05374945468358073
Scene03,PID,82.2,0.05269945173480413
Scene03,PID,82.29999999999998,0.05165118270672537
Scene03,PID,82.4,0.05060464928307761
Scene03,PID,82.5,0.049560907398879805
Scene03,PID,82.60000000000002,0.048520363403242325
Scene03,PID,82.7,0.04748453919266538
Scene03,PID,82.79999999999998,0.046453872122136114
Scene03,PID,82.9,0.045430223141310296
Scene03,PID,83.0,0.04441394007243872
Scene03,PID,83.10000000000002,0.04340651543051606
Scene03,PID,83.2,0.04240904246686154
Scene03,PID,83.29999999999998,0.04142323367292276
Scene03,PID,83.4,0.04045014509414877
Scene03,PID,83.5,0.03949216300002329
Scene03,PID,83.60000000000002,0.038550341144823114
Scene03,PID,83.7,0.03762656928014672
Scene03,PID,83.79999999999998,0.036723089283711985
Scene03,PID,83.9,0.03584202505692511
Scene03,PID,84.0,0.03498526079147243
Scene03,PID,84.10000000000002,0.03415556931929521
Scene03,PID,84.2,0.03335564099918053
Scene03,PID,84.29999999999998,0.03258810161406586
Scene03,PID,84.4,0.03185538258381322
Scene03,PID,84.5,0.031160904445297354
Scene03,PID,84.60000000000002,0.030507451703196877
Scene03,PID,84.7,0.029898078435739085
Scene03,PID,84.79999999999998,0.029336398253378294
Scene03,PID,84.9,0.028825227074264107
Scene03,PID,85.0,0.028367444560534315
Scene03,PID,85.10000000000002,0.027966347704019495
Scene03,PID,85.2,0.027624327460239684
Scene03,PID,85.29999999999998,0.027344399127913928
Scene03,PID,85.4,0.027128163969021887
Scene03,PID,85.5,0.026977536414626063
Scene03,PID,85.60000000000002,0.02689280056698511
Scene03,PID,85.7,0.02687608543248467
Scene03,PID,85.79999999999998,0.026926614958890063
Scene03,PID,85.9,0.02704461959817082
Scene03,PID,86.0,0.027228843411674763
Scene03,PID,86.10000000000002,0.02747776033131492
Scene03,PID,86.2,0.027789287671132094
Scene03,PID,86.29999999999998,0.02816155147771269
Scene03,PID,86.4,0.028591736041553004
Scene03,PID,86.5,0.029076984147590603
Scene03,PID,86.60000000000002,0.02961404399363425
Scene03,PID,86.7,0.030200165906855335
Scene03,PID,86.79999999999998,0.030831869739997634
Scene03,PID,86.9,0.031506670523141975
Scene03,PID,87.0,0.03222097995359609
Scene03,PID,87.10000000000002,0.03297174158072669
Scene03,PID,87.2,0.03375594247697595
Scene03,PID,87.29999999999998,0.03457120418390297
Scene03,PID,87.4,0.03541456326549323
Scene03,PID,87.5,0.03628370408102656
Scene03,PID,87.60000000000002,0.037176337248483494
Scene03,PID,87.7,0.038089874751870076
Scene03,PID,87.79999999999998,0.03902335056018937
Scene03,PID,87.9,0.03997433338934834
Scene03,PID,88.0,0.04094026601831127
Scene03,PID,88.10000000000002,0.04192011997922992
Scene03,PID,88.2,0.04291219071774363
Scene03,PID,88.29999999999998,0.043914749052415304
Scene03,PID,88.4,0.04492697037152301
Scene03,PID,88.5,0.045946704302846426
Scene03,PID,88.60000000000002,0.04697396387988338
Scene03,PID,88.7,0.048007523176115244
Scene03,PID,88.79999999999998,0.049045592042929034
Scene03,PID,88.9,0.050087748582918715
Scene03,PID,89.0,0.05113304464904737
Scene03,PID,89.10000000000002,0.05218024603548997
Scene03,PID,89.2,0.05322877209332235
Scene03,PID,89.29999999999998,0.05427801902379135
Scene03,PID,89.4,0.0553272328356063
Scene03,PID,89.5,0.056376455705433405
Scene03,PID,89.60000000000002,0.05742454658850174
Scene03,PID,89.7,0.058470719864055505
Scene03,PID,89.79999999999998,0.059513776639443426
Scene03,PID,89.9,0.060554521616142915
Scene03,PID,90.0,0.061591704020823965
Scene03,PID,90.10000000000002,0.06262440709482762
Scene03,PID,90.2,0.06365317839242395
Scene03,PID,90.3,0.06467746772732841
Scene03,PID,90.4,0.06569567012949179
Scene03,PID,90.5,0.06670942071683844
Scene03,PID,90.60000000000002,0.06771718384301292
Scene03,PID,90.7,0.06871873500574857
Scene03,PID,90.8,0.06971270875349782
Scene03,PID,90.9,0.07069966939664746
Scene03,PID,91.0,0.07168033730726457
Scene03,PID,91.10000000000002,0.07265270844704665
Scene03,PID,91.2,0.07361720014962166
Scene03,PID,91.3,0.07457253699956547
Scene03,PID,91.4,0.0755191690420777
Scene03,PID,91.5,0.07645849264041259
Scene03,PID,91.60000000000002,0.07738849052055058
Scene03,PID,91.7,0.07830910324813771
Scene03,PID,91.8,0.07921942181717699
Scene03,PID,91.9,0.08012021287878258
Scene03,PID,92.0,0.0810108969797487
Scene03,PID,92.10000000000002,0.08189012451560451
Scene03,PID,92.2,0.08275971974433013
Scene03,PID,92.3,0.08361861537732924
Scene03,PID,92.4,0.08446662043853004
Scene03,PID,92.5,0.08530300774546919
Scene03,PID,92.60000000000002,0.08612733276796956
Scene03,PID,92.7,0.08694014714444835
Scene03,PID,92.8,0.08774147752127916
Scene03,PID,92.9,0.0885304696429162
Scene03,PID,93.0,0.08930809975539394
Scene03,PID,93.10000000000002,0.09007278609638417
Scene03,PID,93.2,0.09082464998776134
Scene03,PID,93.3,0.09156412420003532
Scene03,PID,93.4,0.09229119994041766
Scene03,PID,93.5,0.09300502002903782
Scene03,PID,93.60000000000002,0.09370618894725265
Scene03,PID,93.7,0.0943919780850321
Scene03,PID,93.8,0.09506574520960928
Scene03,PID,93.9,0.09572565312541315
Scene03,PID,94.0,0.09637233682507677
Scene03,PID,94.10000000000002,0.09700363576217551
Scene03,PID,94.2,0.09762179512761336
Scene03,PID,94.3,0.09822538045833513
Scene03,PID,94.4,0.09881459916853157
Scene03,PID,94.5,0.09939022483685336
Scene03,PID,94.60000000000002,0.09995093134637331
Scene03,PID,94.7,0.10049772596222041
Scene03,PID,94.8,0.1010287249795796
Scene03,PID,94.9,0.101545290796088
Scene03,PID,95.0,0.10204709974935924
Scene03,PID,95.10000000000002,0.1025324985573228
Scene03,PID,95.2,0.10300394273659232
Scene03,PID,95.3,0.10346001380923872
Scene03,PID,95.4,0.10390011700669571
Scene03,PID,95.5,0.10432500038584909
Scene03,PID,95.60000000000002,0.10473333476834468
Scene03,PID,95.7,0.10512683493320686
Scene03,PID,95.8,0.10550595263352477
Scene03,PID,95.9,0.10586775265730042
Scene03,PID,96.0,0.10621346098961161
Scene03,PID,96.10000000000002,0.10654357984922293
Scene03,PID,96.2,0.10685729322388571
Scene03,PID,96.3,0.10715474360865375
Scene03,PID,96.4,0.10743645062804734
Scene03,PID,96.5,0.10770129058633802
Scene03,PID,96.60000000000002,0.10795086885509629
Scene03,PID,96.7,0.10818385900620173
Scene03,PID,96.8,0.10840001177960228
Scene03,PID,96.9,0.10859937119072252
Scene03,PID,97.0,0.10878248180099447
Scene03,PID,97.10000000000002,0.10895044496991496
Scene03,PID,97.2,0.1091011878369501
Scene03,PID,97.3,0.10923409610645689
Scene03,PID,97.4,0.10935253143064216
Scene03,PID,97.5,0.10945365430072553
Scene03,PID,97.60000000000002,0.10953776604007269
Scene03,PID,97.7,0.10960545479760676
Scene03,PID,97.8,0.10965610935323453
Scene03,PID,97.9,0.10969033643245985
Scene03,PID,98.0,0.10970658371269322
Scene03,PID,98.10000000000002,0.1097069978977913
Scene03,PID,98.2,0.10968978116878648
Scene03,PID,98.3,0.10965561907616282
Scene03,PID,98.4,0.10960557505557413
Scene03,PID,98.5,0.10953857158809746
Scene03,PID,98.60000000000002,0.1094534411862109
Scene03,PID,98.7,0.10935262418791267
Scene03,PID,98.8,0.10923484196732901
Scene03,PID,98.9,0.10909877016527741
Scene03,PID,99.0,0.10894731474406615
Scene03,PID,99.10000000000002,0.10877926724573678
Scene03,PID,99.2,0.10859439854073374
Scene03,PID,99.3,0.10839206146292614
Scene03,PID,99.4,0.10817400437078506
Scene03,PID,99.5,0.10793880207999412
Scene03,PID,99.60000000000002,0.10768630219290323
Scene03,PID,99.7,0.10741834872246317
Scene03,PID,99.8,0.10713376508134492
Scene03,PID,99.9,0.10683250687588325
Scene03,PID,100.0,0.10651548800728054
Scene03,PID,100.1,0.10618156093207134
Scene03,PID,100.2,0.10582977489950199
Scene03,PID,100.3,0.10546315597911052
Scene03,PID,100.4,0.10508001387844418
Scene03,PID,100.5,0.10467962806056882
Scene03,PID,100.6,0.10426401087366817
Scene03,PID,100.7,0.10383276003549448
Scene03,PID,100.8,0.10338508312789818
Scene03,PID,100.9,0.10292175581016204
Scene03,PID,101.0,0.102442099412695
Scene03,PID,101.1,0.10194624856059595
Scene03,PID,101.2,0.1014343113188309
Scene03,PID,101.3,0.10090730322338194
Scene03,PID,101.4,0.10036321075628225
Scene03,PID,101.5,0.09980507181716396
Scene03,PID,101.6,0.09923139522891376
Scene03,PID,101.7,0.09864231096928042
Scene03,PID,101.8,0.09803795102258736
Scene03,PID,101.9,0.09741755497225134
Scene03,PID,102.0,0.09678285882063702
Scene03,PID,102.1,0.0961329500731304
Scene03,PID,102.2,0.09546847107937899
Scene03,PID,102.3,0.09478902855891626
Scene03,PID,102.4,0.09409429986708978
Scene03,PID,102.5,0.09338468700221365
Scene03,PID,102.6,0.09266145528831954
Scene03,PID,102.7,0.09192374436113263
Scene03,PID,102.8,0.09117148669693445
Scene03,PID,102.9,0.09040525752381565
Scene03,PID,103.0,0.08962486095456577
Scene03,PID,103.1,0.08883079732897495
Scene03,PID,103.2,0.08802259615293745
Scene03,PID,103.3,0.08720100100789756
Scene03,PID,103.4,0.086365718983611
Scene03,PID,103.5,0.085516695346707
Scene03,PID,103.6,0.0846543663583519
Scene03,PID,103.7,0.08377916693731839
Scene03,PID,103.8,0.08289081690420223
Scene03,PID,103.9,0.08198967689832495
Scene03,PID,104.0,0.08107549246299443
Scene03,PID,104.1,0.08014876248536007
Scene03,PID,104.2,0.07920941432040718
Scene03,PID,104.3,0.07825795410661317
Scene03,PID,104.4,0.07729419124747454
Scene03,PID,104.5,0.07631810303433195
Scene03,PID,104.6,0.0753304610266299
Scene03,PID,104.7,0.07433091806576163
Scene03,PID,104.8,0.07331991543357488
Scene03,PID,104.9,0.07229730163543645
Scene03,PID,105.0,0.0712630710388641
Scene03,PID,105.1,0.07021805285484091
Scene03,PID,105.2,0.06916258435146706
Scene03,PID,105.3,0.06809609810739327
Scene03,PID,105.4,0.06701887332846196
Scene03,PID,105.5,0.0659310611143247
Scene03,PID,105.6,0.06483330713694645
Scene03,PID,105.7,0.06372536841607046
Scene03,PID,105.8,0.06260782367082283
Scene03,PID,105.9,0.06148034917235892
Scene03,PID,106.0,0.06034337804857875
Scene03,PID,106.1,0.05919657631223009
Scene03,PID,106.2,0.05804078373284155
Scene03,PID,106.3,0.05687616146109564
Scene03,PID,106.4,0.05570237491763493
Scene03,PID,106.5,0.05451985077624515
Scene03,PID,106.6,0.05332859400653388
Scene03,PID,106.7,0.052129420430235406
Scene03,PID,106.8,0.05092202304843915
Scene03,PID,106.9,0.049706524028931554
Scene03,PID,107.0,0.0484831208760278
Scene03,PID,107.1,0.04725226464034398
Scene03,PID,107.2,0.046014106472545786
Scene03,PID,107.3,0.044768847677724696
Scene03,PID,107.4,0.043516916977837876
Scene03,PID,107.5,0.04225820411685098
Scene03,PID,107.6,0.0409927914934999
Scene03,PID,107.7,0.039720681215674056
Scene03,PID,107.8,0.038442317073814444
Scene03,PID,107.9,0.03715821818117256
Scene03,PID,108.0,0.03586808983012758
Scene03,PID,108.1,0.034572336800919895
Scene03,PID,108.2,0.033271303957026446
Scene03,PID,108.3,0.031965147725788255
Scene03,PID,108.4,0.030653962491996187
Scene03,PID,108.5,0.02933798488504365
Scene03,PID,108.6,0.02801743094591263
Scene03,PID,108.7,0.026692310958292824
Scene03,PID,108.8,0.025363250404731155
Scene03,PID,108.9,0.02403038671373425
Scene03,PID,109.0,0.022693799338228685
Scene03,PID,109.1,0.021353596180810584
Scene03,PID,109.2,0.020009827368513543
Scene03,PID,109.3,0.018663028347858854
Scene03,PID,109.4,0.017313386769460412
Scene03,PID,109.5,0.015961091227087103
Scene03,PID,109.6,0.01460625242450878
Scene03,PID,109.7,0.013249325611375883
Scene03,PID,109.8,0.011890418677896596
Scene03,PID,109.9,0.010529918202689014
Scene03,PID,110.0,0.009168061899726701
Scene03,PID,110.1,0.0078089640427913476
Scene03,PID,110.2,0.006460260851911307
Scene03,PID,110.3,0.005136064281568842
Scene03,PID,110.4,0.0038288922772935267
Scene03,PID,110.5,0.0025457532819490336
Scene03,PID,110.6,0.0013102757668229507
Scene03,PID,110.7,0.0002320714359581944
Scene03,PID,110.8,0.001347600228810485
Scene03,PID,110.9,0.0026943351645812414
Scene03,PID,111.0,0.004062021212797084
Scene03,PID,111.1,0.005436552713313076
Scene03,PID,111.2,0.006816364705824985
Scene03,PID,111.3,0.008200091984247405
Scene03,PID,111.4,0.009586444399431912
Scene03,PID,111.5,0.010974782754389928
Scene03,PID,111.6,0.012364088836995102
Scene03,PID,111.7,0.013753188353639739
Scene03,PID,111.8,0.015141576152507781
Scene03,PID,111.9,0.016528406739924777
Scene03,PID,112.0,0.017912690206921697
Scene03,PID,112.1,0.019294158790397926
Scene03,PID,112.2,0.02067158934538168
Scene03,PID,112.3,0.02204488189855108
Scene03,PID,112.4,0.023412373893677587
Scene03,PID,112.5,0.024775573247920308
Scene03,PID,112.6,0.026132404171822988
Scene03,PID,112.7,0.027483327737327035
Scene03,PID,112.8,0.028827593069950933
Scene03,PID,112.9,0.030165274140200746
Scene03,PID,113.0,0.03149585491726672
Scene03,PID,113.1,0.032818410361305325
Scene03,PID,113.2,0.03413417505360442
Scene03,PID,113.3,0.03544202048572284
Scene03,PID,113.4,0.03674181572111334
Scene03,PID,113.5,0.038034126042001584
Scene03,PID,113.6,0.03931830165220392
Scene03,PID,113.7,0.04059449586678279
Scene03,PID,113.8,0.04186261307889965
Scene03,PID,113.9,0.04312299672561639
Scene03,PID,114.0,0.04437485128199467
Scene03,PID,114.1,0.04561896000996966
Scene03,PID,114.2,0.046855004481075505
Scene03,PID,114.3,0.04808303284885953
Scene03,PID,114.4,0.0493029162043709
Scene03,PID,114.5,0.050514482317813816
Scene03,PID,114.6,0.05171768289839585
Scene03,PID,114.7,0.05291298497649987
Scene03,PID,114.8,0.05409873316650249
Scene03,PID,114.9,0.05527675548144755
Scene03,PID,115.0,0.05644627743280531
Scene03,PID,115.1,0.05760741756343597
Scene03,PID,115.2,0.058759607853527275
Scene03,PID,115.3,0.05990406675708966
Scene03,PID,115.4,0.0610394290744854
Scene03,PID,115.5,0.06216537233558547
Scene03,PID,115.6,0.06328239690390533
Scene03,PID,115.7,0.06439048588532033
Scene03,PID,115.8,0.06548838624814438
Scene03,PID,115.9,0.06657677194252684
Scene03,PID,116.0,0.0676551529833911
Scene03,PID,116.1,0.06872355962389667
Scene03,PID,116.2,0.06978274746665647
Scene03,PID,116.3,0.07083016879596668
Scene03,PID,116.4,0.07186845915570857
Scene03,PID,116.5,0.07289479264369822
Scene03,PID,116.6,0.07391146110008272
Scene03,PID,116.7,0.07491533704191927
Scene03,PID,116.8,0.07590850566552945
Scene03,PID,116.9,0.0768904918189512
Scene03,PID,117.0,0.07786127143092922
Scene03,PID,117.1,0.0788192453261136
Scene03,PID,117.2,0.07976615015728271
Scene03,PID,117.3,0.0807002711504951
Scene03,PID,117.4,0.08162227672173651
Scene03,PID,117.5,0.08253019019278712
Scene03,PID,117.6,0.08342672451360782
Scene03,PID,117.7,0.08431061279107752
Scene03,PID,117.8,0.08518124624135023
Scene03,PID,117.9,0.0860383269171573
Scene03,PID,118.0,0.0868817912974894
Scene03,PID,118.1,0.08771088860441739
Scene03,PID,118.2,0.08852603314433856
Scene03,PID,118.3,0.0893276232097981
Scene03,PID,118.4,0.09011538455422025
Scene03,PID,118.5,0.09088887543282767
Scene03,PID,118.6,0.09164883361569931
Scene03,PID,118.7,0.09239478368239533
Scene03,PID,118.8,0.09312443344077187
Scene03,PID,118.9,0.09383958116272878
Scene03,PID,119.0,0.09454237607745164
Scene03,PID,119.1,0.09522985416634339
Scene03,PID,119.2,0.0959017276877978
Scene03,PID,119.3,0.09655808312055067
Scene03,PID,119.4,0.09719894992213018
Scene03,PID,119.5,0.09782538258880083
Scene03,PID,119.6,0.098437408570575
Scene03,PID,119.7,0.09903374058409928
Scene03,PID,119.8,0.09961558229548322
Scene03,PID,119.9,0.10018166467180027
Scene03,PID,120.0,0.100733094282806
Scene03,RA-GCA-CGHTE,0.0,0.0
Scene03,RA-GCA-CGHTE,0.1,0.0910265577289466
Scene03,RA-GCA-CGHTE,0.2,0.15795385888886632
Scene03,RA-GCA-CGHTE,0.3,0.2047389656072201
Scene03,RA-GCA-CGHTE,0.4,0.23493893979804492
Scene03,RA-GCA-CGHTE,0.5,0.2517037323587985
Scene03,RA-GCA-CGHTE,0.6,0.2577895029853707
Scene03,RA-GCA-CGHTE,0.7000000000000001,0.2555792603505527
Scene03,RA-GCA-CGHTE,0.8,0.24710849312663874
Scene03,RA-GCA-CGHTE,0.9,0.2340939242093264
Scene03,RA-GCA-CGHTE,1.0,0.21796387630631342
Scene03,RA-GCA-CGHTE,1.1,0.19988906291086994
Scene03,RA-GCA-CGHTE,1.2,0.18081288216871938
Scene03,RA-GCA-CGHTE,1.3,0.1614805295405206
Scene03,RA-GCA-CGHTE,1.4,0.14246643662633351
Scene03,RA-GCA-CGHTE,1.5,0.12419970669372837
Scene03,RA-GCA-CGHTE,1.6,0.10698734864425519
Scene03,RA-GCA-CGHTE,1.7,0.0910352165744448
Scene03,RA-GCA-CGHTE,1.8,0.07646664726670971
Scene03,RA-GCA-CGHTE,1.9,0.06333885481325385
Scene03,RA-GCA-CGHTE,2.0,0.05165713534877314
Scene03,RA-GCA-CGHTE,2.1,0.04138714179893599
Scene03,RA-GCA-CGHTE,2.2,0.03246521671072644
Scene03,RA-GCA-CGHTE,2.3000000000000003,0.02480707081874911
Scene03,RA-GCA-CGHTE,2.4,0.018314939480585934
Scene03,RA-GCA-CGHTE,2.5,0.012883388181708977
Scene03,RA-GCA-CGHTE,2.6,0.00840394094008623
Scene03,RA-GCA-CGHTE,2.7,0.004768685514464632
Scene03,RA-GCA-CGHTE,2.8000000000000003,0.0018730047818484863
Scene03,RA-GCA-CGHTE,2.9,0.0003824304008861475
Scene03,RA-GCA-CGHTE,3.0,0.0020902827198683305
Scene03,RA-GCA-CGHTE,3.1,0.003335677191938391
Scene03,RA-GCA-CGHTE,3.2,0.004195736019320329
Scene03,RA-GCA-CGHTE,3.3000000000000003,0.0047394376395000215
Scene03,RA-GCA-CGHTE,3.4,0.005027725499557434
Scene03,RA-GCA-CGHTE,3.5,0.005113803928948002
Scene03,RA-GCA-CGHTE,3.6,0.005043569691233429
Scene03,RA-GCA-CGHTE,3.7,0.004856134249610733
Scene03,RA-GCA-CGHTE,3.8,0.0045844018973681955
Scene03,RA-GCA-CGHTE,3.9,0.004255675125822034
Scene03,RA-GCA-CGHTE,4.0,0.0038922642441860944
Scene03,RA-GCA-CGHTE,4.1,0.003512084517244496
Scene03,RA-GCA-CGHTE,4.2,0.00312922766710777
Scene03,RA-GCA-CGHTE,4.3,0.0027544987726049186
Scene03,RA-GCA-CGHTE,4.4,0.002395912246127452
Scene03,RA-GCA-CGHTE,4.5,0.002059144305629701
Scene03,RA-GCA-CGHTE,4.6000000000000005,0.0017479393182231464
Scene03,RA-GCA-CGHTE,4.7,0.0014644743172516075
Scene03,RA-GCA-CGHTE,4.8,0.0012098136072955512
Scene03,RA-GCA-CGHTE,4.9,0.000983589057059753
Scene03,RA-GCA-CGHTE,5.0,0.0007851532669258548
Scene03,RA-GCA-CGHTE,5.1000000000000005,0.0006131474742154877
Scene03,RA-GCA-CGHTE,5.2,0.00046584465049550385
Scene03,RA-GCA-CGHTE,5.3,0.0003412703579322334
Scene03,RA-GCA-CGHTE,5.4,0.00023731688555192986
Scene03,RA-GCA-CGHTE,5.5,0.00015183134737489597
Scene03,RA-GCA-CGHTE,5.6000000000000005,8.268348741979061e-05
Scene03,RA-GCA-CGHTE,5.7,2.781638483643571e-05
Scene03,RA-GCA-CGHTE,5.8,1.4715632142806278e-05
Scene03,RA-GCA-CGHTE,5.9,4.6722325001296746e-05
Scene03,RA-GCA-CGHTE,6.0,6.986068168331524e-05
Scene03,RA-GCA-CGHTE,6.1000000000000005,8.562930791020561e-05
Scene03,RA-GCA-CGHTE,6.2,9.536799908099752e-05
Scene03,RA-GCA-CGHTE,6.3,0.00010025359226254744
Scene03,RA-GCA-CGHTE,6.4,0.00010131272012261267
Scene03,RA-GCA-CGHTE,6.5,9.942903246075624e-05
Scene03,RA-GCA-CGHTE,6.6000000000000005,9.535377745885979e-05
Scene03,RA-GCA-CGHTE,6.7,8.971738512111354e-05
Scene03,RA-GCA-CGHTE,6.8,8.304119663020518e-05
Scene03,RA-GCA-CGHTE,6.9,7.575001527199809e-05
Scene03,RA-GCA-CGHTE,7.0,6.818522760908163e-05
Scene03,RA-GCA-CGHTE,7.1000000000000005,6.0612280126568706e-05
Scene03,RA-GCA-CGHTE,7.2,5.32342204158845e-05
Scene03,RA-GCA-CGHTE,7.3,4.620053590794911e-05
Scene03,RA-GCA-CGHTE,7.4,3.961920147568216e-05
Scene03,RA-GCA-CGHTE,7.5,3.3555526870482484e-05
Scene03,RA-GCA-CGHTE,7.6,2.8048316119520897e-05
Scene03,RA-GCA-CGHTE,7.7,2.3110240862944563e-05
Scene03,RA-GCA-CGHTE,7.8,1.873681091868397e-05
Scene03,RA-GCA-CGHTE,7.9,1.490737537079254e-05
Scene03,RA-GCA-CGHTE,8.0,1.1594388577760912e-05
Scene03,RA-GCA-CGHTE,8.1,8.763701485268345e-06
Scene03,RA-GCA-CGHTE,8.2,6.375512753654693e-06
Scene03,RA-GCA-CGHTE,8.3,4.387565357385991e-06
Scene03,RA-GCA-CGHTE,8.4,2.757103458918887e-06
Scene03,RA-GCA-CGHTE,8.5,1.442101130491109e-06
Scene03,RA-GCA-CGHTE,8.6,4.021875147815388e-07
Scene03,RA-GCA-CGHTE,8.700000000000001,4.005070317038382e-07
Scene03,RA-GCA-CGHTE,8.8,1.0011161164694933e-06
Scene03,RA-GCA-CGHTE,8.9,1.4318704933394533e-06
Scene03,RA-GCA-CGHTE,9.0,1.7218338380191454e-06
Scene03,RA-GCA-CGHTE,9.1,1.8965415582693621e-06
Scene03,RA-GCA-CGHTE,9.2,1.979207779729984e-06
Scene03,RA-GCA-CGHTE,9.3,1.9895905570245033e-06
Scene03,RA-GCA-CGHTE,9.4,1.944673783308907e-06
Scene03,RA-GCA-CGHTE,9.5,1.858855270814427e-06
Scene03,RA-GCA-CGHTE,9.6,1.7441772495073318e-06
Scene03,RA-GCA-CGHTE,9.7,1.6105675807289847e-06
Scene03,RA-GCA-CGHTE,9.8,1.4660701978874583e-06
Scene03,RA-GCA-CGHTE,9.9,1.3170964220616087e-06
Scene03,RA-GCA-CGHTE,10.0,1.1686748583858944e-06
Scene03,RA-GCA-CGHTE,10.1,0.21644909058349532
Scene03,RA-GCA-CGHTE,10.2,0.36019479783611436
Scene03,RA-GCA-CGHTE,10.3,0.4769139152456793
Scene03,RA-GCA-CGHTE,10.4,0.555815585011915
Scene03,RA-GCA-CGHTE,10.5,0.594278342277961
Scene03,RA-GCA-CGHTE,10.6,0.5950773781481843
Scene03,RA-GCA-CGHTE,10.7,0.5644726760030275
Scene03,RA-GCA-CGHTE,10.8,0.5106681611672599
Scene03,RA-GCA-CGHTE,10.9,0.44251191145470525
Scene03,RA-GCA-CGHTE,11.0,0.36841248002275145
Scene03,RA-GCA-CGHTE,11.1,0.2955483229410149
Scene03,RA-GCA-CGHTE,11.2,0.2294239523720699
Scene03,RA-GCA-CGHTE,11.3,0.17372371511354245
Scene03,RA-GCA-CGHTE,11.4,0.1303060866229894
Scene03,RA-GCA-CGHTE,11.5,0.0991379807652361
Scene03,RA-GCA-CGHTE,11.6,0.07820024111807836
Scene03,RA-GCA-CGHTE,11.7,0.06398330138860119
Scene03,RA-GCA-CGHTE,11.8,0.05294297960105998
Scene03,RA-GCA-CGHTE,11.9,0.04280592663209557
Scene03,RA-GCA-CGHTE,12.0,0.032753742821141546
Scene03,RA-GCA-CGHTE,12.1,0.022951374219235106
Scene03,RA-GCA-CGHTE,12.2,0.014171315776686176
Scene03,RA-GCA-CGHTE,12.3,0.008208212097463705
Scene03,RA-GCA-CGHTE,12.4,0.008284739441398863
Scene03,RA-GCA-CGHTE,12.5,0.01172265599973976
Scene03,RA-GCA-CGHTE,12.6,0.014728742090827657
Scene03,RA-GCA-CGHTE,12.7,0.016480503194164487
Scene03,RA-GCA-CGHTE,12.8,0.016974149424784275
Scene03,RA-GCA-CGHTE,12.9,0.016428724458109705
Scene03,RA-GCA-CGHTE,13.0,0.015138068945531241
Scene03,RA-GCA-CGHTE,13.1,0.013408730055020777
Scene03,RA-GCA-CGHTE,13.2,0.011524567008116337
Scene03,RA-GCA-CGHTE,13.3,0.009723515645286847
Scene03,RA-GCA-CGHTE,13.4,0.008178945110759908
Scene03,RA-GCA-CGHTE,13.5,0.006981089485557314
Scene03,RA-GCA-CGHTE,13.6,0.0061249636256459575
Scene03,RA-GCA-CGHTE,13.7,0.0055254162717515345
Scene03,RA-GCA-CGHTE,13.8,0.005065961858144997
Scene03,RA-GCA-CGHTE,13.9,0.004650091300628185
Scene03,RA-GCA-CGHTE,14.0,0.004223798414234221
Scene03,RA-GCA-CGHTE,14.1,0.003771445153795801
Scene03,RA-GCA-CGHTE,14.2,0.0033017757724518905
Scene03,RA-GCA-CGHTE,14.3,0.002834702676428055
Scene03,RA-GCA-CGHTE,14.4,0.002391139519047737
Scene03,RA-GCA-CGHTE,14.5,0.0019913744775214015
Scene03,RA-GCA-CGHTE,14.6,0.0016473477220539897
Scene03,RA-GCA-CGHTE,14.7,0.0013663075977662757
Scene03,RA-GCA-CGHTE,14.8,0.0011512262445753216
Scene03,RA-GCA-CGHTE,14.9,0.0010021651392156587
Scene03,RA-GCA-CGHTE,15.0,0.000916215911332192
Scene03,RA-GCA-CGHTE,15.1,0.0008859142579555412
Scene03,RA-GCA-CGHTE,15.2,0.0008987152880889638
Scene03,RA-GCA-CGHTE,15.3,0.0009395364130742361
Scene03,RA-GCA-CGHTE,15.4,0.0009943566018824983
Scene03,RA-GCA-CGHTE,15.5,0.0010522457999165805
Scene03,RA-GCA-CGHTE,15.6,0.0011056658613900433
Scene03,RA-GCA-CGHTE,15.7,0.0011500036096586078
Scene03,RA-GCA-CGHTE,15.8,0.0011829668670217013
Scene03,RA-GCA-CGHTE,15.9,0.0012040079591766283
Scene03,RA-GCA-CGHTE,16.0,0.0012138089820766169
Scene03,RA-GCA-CGHTE,16.1,0.001213704888767678
Scene03,RA-GCA-CGHTE,16.2,0.0012057490909177905
Scene03,RA-GCA-CGHTE,16.3,0.0011921717899704687
Scene03,RA-GCA-CGHTE,16.4,0.0011747846940792842
Scene03,RA-GCA-CGHTE,16.5,0.00115531918722267
Scene03,RA-GCA-CGHTE,16.6,0.0011351779663135218
Scene03,RA-GCA-CGHTE,16.7,0.001115400885751745
Scene03,RA-GCA-CGHTE,16.8,0.0010951392292107593
Scene03,RA-GCA-CGHTE,16.9,0.0010761018236891135
Scene03,RA-GCA-CGHTE,17.0,0.0010602824314262134
Scene03,RA-GCA-CGHTE,17.1,0.0010459651959315679
Scene03,RA-GCA-CGHTE,17.2,0.001032963160263245
Scene03,RA-GCA-CGHTE,17.3,0.001020956580924223
Scene03,RA-GCA-CGHTE,17.400000000000002,0.00100959577572616
Scene03,RA-GCA-CGHTE,17.5,0.0009985552683952441
Scene03,RA-GCA-CGHTE,17.6,0.0009875759267847053
Scene03,RA-GCA-CGHTE,17.7,0.0009763947599522372
Scene03,RA-GCA-CGHTE,17.8,0.0009648356265094873
Scene03,RA-GCA-CGHTE,17.900000000000002,0.0009498902310799363
Scene03,RA-GCA-CGHTE,18.0,0.0009343582941224008
Scene03,RA-GCA-CGHTE,18.1,0.000918285315283115
Scene03,RA-GCA-CGHTE,18.2,0.0009047228460839798
Scene03,RA-GCA-CGHTE,18.3,0.0008908633965064843
Scene03,RA-GCA-CGHTE,18.4,0.0008767899246441642
Scene03,RA-GCA-CGHTE,18.5,0.000862555900826784
Scene03,RA-GCA-CGHTE,18.6,0.0008481910226862112
Scene03,RA-GCA-CGHTE,18.7,0.0008337070252370656
Scene03,RA-GCA-CGHTE,18.8,0.0008191033393090006
Scene03,RA-GCA-CGHTE,18.9,0.0008043720742003547
Scene03,RA-GCA-CGHTE,19.0,0.0007895021895802351
Scene03,RA-GCA-CGHTE,19.1,0.000774482612843213
Scene03,RA-GCA-CGHTE,19.2,0.0007593044769295324
Scene03,RA-GCA-CGHTE,19.3,0.0007439623635638728
Scene03,RA-GCA-CGHTE,19.4,0.0007284548548894668
Scene03,RA-GCA-CGHTE,19.5,0.0007127844524209363
Scene03,RA-GCA-CGHTE,19.6,0.0006969570940941718
Scene03,RA-GCA-CGHTE,19.7,0.0006809814734883848
Scene03,RA-GCA-CGHTE,19.8,0.0006648682030284216
Scene03,RA-GCA-CGHTE,19.9,0.0006486290227877834
Scene03,RA-GCA-CGHTE,20.0,0.0006322760610784882
Scene03,RA-GCA-CGHTE,20.1,0.0006158213253423649
Scene03,RA-GCA-CGHTE,20.2,0.0005992762404391496
Scene03,RA-GCA-CGHTE,20.3,0.000582651425685525
Scene03,RA-GCA-CGHTE,20.4,0.0005659565818142173
Scene03,RA-GCA-CGHTE,20.5,0.000545890619966109
Scene03,RA-GCA-CGHTE,20.6,0.0005252819622288092
Scene03,RA-GCA-CGHTE,20.7,0.0005001470857080378
Scene03,RA-GCA-CGHTE,20.8,0.0004765102496464056
Scene03,RA-GCA-CGHTE,20.9,0.0004550016106895816
Scene03,RA-GCA-CGHTE,21.0,0.0004278156922695515
Scene03,RA-GCA-CGHTE,21.1,0.0004004534751875661
Scene03,RA-GCA-CGHTE,21.2,0.0003743775258482439
Scene03,RA-GCA-CGHTE,21.3,0.0003499751908275321
Scene03,RA-GCA-CGHTE,21.4,0.00032671168899032306
Scene03,RA-GCA-CGHTE,21.5,0.0003011193092546907
Scene03,RA-GCA-CGHTE,21.6,0.00027802557535343964
Scene03,RA-GCA-CGHTE,21.7,0.00025725436007676067
Scene03,RA-GCA-CGHTE,21.8,0.0002389673506532214
Scene03,RA-GCA-CGHTE,21.9,0.00022155300065477464
Scene03,RA-GCA-CGHTE,22.0,0.00020435342256553264
Scene03,RA-GCA-CGHTE,22.1,0.00018557930330337
Scene03,RA-GCA-CGHTE,22.2,0.00016481226641105486
Scene03,RA-GCA-CGHTE,22.3,0.00014601550644477155
Scene03,RA-GCA-CGHTE,22.4,0.00013046519237436724
Scene03,RA-GCA-CGHTE,22.5,0.00011940201238940315
Scene03,RA-GCA-CGHTE,22.6,0.00011281064186236062
Scene03,RA-GCA-CGHTE,22.7,0.00011092237557633194
Scene03,RA-GCA-CGHTE,22.8,0.00011209981688940243
Scene03,RA-GCA-CGHTE,22.9,0.00011741716505999862
Scene03,RA-GCA-CGHTE,23.0,0.0001266706420420539
Scene03,RA-GCA-CGHTE,23.1,0.00013903356501669068
Scene03,RA-GCA-CGHTE,23.2,0.00015322088964860224
Scene03,RA-GCA-CGHTE,23.3,0.00016821898383458648
Scene03,RA-GCA-CGHTE,23.4,0.0001803435235343141
Scene03,RA-GCA-CGHTE,23.5,0.0001917797313935923
Scene03,RA-GCA-CGHTE,23.6,0.00020263545199168968
Scene03,RA-GCA-CGHTE,23.7,0.00021420367395403412
Scene03,RA-GCA-CGHTE,23.8,0.00022742847904399642
Scene03,RA-GCA-CGHTE,23.9,0.00024323310486656368
Scene03,RA-GCA-CGHTE,24.0,0.0002562278041883829
Scene03,RA-GCA-CGHTE,24.1,0.0002689003865265691
Scene03,RA-GCA-CGHTE,24.2,0.0002831247763710429
Scene03,RA-GCA-CGHTE,24.3,0.00029860384425708204
Scene03,RA-GCA-CGHTE,24.4,0.0003151341968477501
Scene03,RA-GCA-CGHTE,24.5,0.00033252419043073347
Scene03,RA-GCA-CGHTE,24.6,0.0003505866467658156
Scene03,RA-GCA-CGHTE,24.7,0.00036913881850381196
Scene03,RA-GCA-CGHTE,24.8,0.00038800567413604584
Scene03,RA-GCA-CGHTE,24.9,0.0004070252053820052
Scene03,RA-GCA-CGHTE,25.0,0.00042605371774013194
Scene03,RA-GCA-CGHTE,25.1,0.00044497055932806665
Scene03,RA-GCA-CGHTE,25.2,0.0004636803689645731
Scene03,RA-GCA-CGHTE,25.3,0.0004821139201875897
Scene03,RA-GCA-CGHTE,25.4,0.0005002269369780496
Scene03,RA-GCA-CGHTE,25.5,0.0005179971454166706
Scene03,RA-GCA-CGHTE,25.6,0.000535420699710988
Scene03,RA-GCA-CGHTE,25.7,0.0005525080496450966
Scene03,RA-GCA-CGHTE,25.8,0.0005692796788187558
Scene03,RA-GCA-CGHTE,25.9,0.0005857624289907917
Scene03,RA-GCA-CGHTE,26.0,0.000601986137603753
Scene03,RA-GCA-CGHTE,26.1,0.0006179808361307396
Scene03,RA-GCA-CGHTE,26.2,0.0006337747902059358
Scene03,RA-GCA-CGHTE,26.3,0.0006493932851153406
Scene03,RA-GCA-CGHTE,26.4,0.0006648578488512899
Scene03,RA-GCA-CGHTE,26.5,0.0006801860762961321
Scene03,RA-GCA-CGHTE,26.6,0.0006953915808643042
Scene03,RA-GCA-CGHTE,26.7,0.0007104845885981486
Scene03,RA-GCA-CGHTE,26.8,0.0007254725066597298
Scene03,RA-GCA-CGHTE,26.9,0.0007403605127066041
Scene03,RA-GCA-CGHTE,27.0,0.000755151780819604
Scene03,RA-GCA-CGHTE,27.1,0.0007698484615455522
Scene03,RA-GCA-CGHTE,27.2,0.0007844520532783492
Scene03,RA-GCA-CGHTE,27.3,0.0007989633565521871
Scene03,RA-GCA-CGHTE,27.4,0.0008133831315073348
Scene03,RA-GCA-CGHTE,27.5,0.0008277121154524511
Scene03,RA-GCA-CGHTE,27.6,0.000841950957287755
Scene03,RA-GCA-CGHTE,27.7,0.0008561001872021982
Scene03,RA-GCA-CGHTE,27.8,0.0008701603868169242
Scene03,RA-GCA-CGHTE,27.9,0.0008841319112343016
Scene03,RA-GCA-CGHTE,28.0,0.000898014923665306
Scene03,RA-GCA-CGHTE,28.1,0.0009118094551013283
Scene03,RA-GCA-CGHTE,28.2,0.0009255150485114369
Scene03,RA-GCA-CGHTE,28.3,0.0009391395278875482
Scene03,RA-GCA-CGHTE,28.4,0.0009527254387686263
Scene03,RA-GCA-CGHTE,28.5,0.0009662649272876259
Scene03,RA-GCA-CGHTE,28.6,0.0009797414202924587
Scene03,RA-GCA-CGHTE,28.7,0.0009931379151988272
Scene03,RA-GCA-CGHTE,28.8,0.001006437333533714
Scene03,RA-GCA-CGHTE,28.9,0.00101962265479164
Scene03,RA-GCA-CGHTE,29.0,0.00103267738982447
Scene03,RA-GCA-CGHTE,29.1,0.0010455861120000915
Scene03,RA-GCA-CGHTE,29.2,0.0010583347932833647
Scene03,RA-GCA-CGHTE,29.3,0.001070910886984261
Scene03,RA-GCA-CGHTE,29.4,0.0010833100814147077
Scene03,RA-GCA-CGHTE,29.5,0.0010955698508930526
Scene03,RA-GCA-CGHTE,29.6,0.0011076981385897333
Scene03,RA-GCA-CGHTE,29.7,0.0011196955445433694
Scene03,RA-GCA-CGHTE,29.8,0.0011315620481250923
Scene03,RA-GCA-CGHTE,29.9,0.0011432971326982657
Scene03,RA-GCA-CGHTE,30.0,0.0011548991700603747
Scene03,RA-GCA-CGHTE,30.1,0.0011663654000006755
Scene03,RA-GCA-CGHTE,30.2,0.0011776920456088274
Scene03,RA-GCA-CGHTE,30.3,0.0011888745034524994
Scene03,RA-GCA-CGHTE,30.4,0.001199907446665416
Scene03,RA-GCA-CGHTE,30.5,0.0012107850209565113
Scene03,RA-GCA-CGHTE,30.6,0.0012215011096919236
Scene03,RA-GCA-CGHTE,30.7,0.001232049406414884
Scene03,RA-GCA-CGHTE,30.8,0.0012424237753015908
Scene03,RA-GCA-CGHTE,30.9,0.0012526179497714504
Scene03,RA-GCA-CGHTE,31.0,0.0012626259623160219
Scene03,RA-GCA-CGHTE,31.1,0.001272441937373002
Scene03,RA-GCA-CGHTE,31.2,0.0012820602087339507
Scene03,RA-GCA-CGHTE,31.3,0.0012914752806850913
Scene03,RA-GCA-CGHTE,31.4,0.0013006816857462449
Scene03,RA-GCA-CGHTE,31.5,0.0013096741903875155
Scene03,RA-GCA-CGHTE,31.6,0.0013184474075496587
Scene03,RA-GCA-CGHTE,31.7,0.0013269959979138922
Scene03,RA-GCA-CGHTE,31.8,0.0013353146008111933
Scene03,RA-GCA-CGHTE,31.9,0.001343397746160925
Scene03,RA-GCA-CGHTE,32.0,0.0013512398195259028
Scene03,RA-GCA-CGHTE,32.1,0.0013588351869914328
Scene03,RA-GCA-CGHTE,32.2,0.0013661780370189587
Scene03,RA-GCA-CGHTE,32.3,0.0013732624191654852
Scene03,RA-GCA-CGHTE,32.4,0.0013800823086518085
Scene03,RA-GCA-CGHTE,32.5,0.0013866315582173158
Scene03,RA-GCA-CGHTE,32.6,0.0013929039894585726
Scene03,RA-GCA-CGHTE,32.7,0.0013988933578262521
Scene03,RA-GCA-CGHTE,32.8,0.0014045934425303056
Scene03,RA-GCA-CGHTE,32.9,0.0014099980130935698
Scene03,RA-GCA-CGHTE,33.0,0.001415101034765507
Scene03,RA-GCA-CGHTE,33.1,0.0014198966685830578
Scene03,RA-GCA-CGHTE,33.2,0.0014243795347516428
Scene03,RA-GCA-CGHTE,33.3,0.0014285449120878834
Scene03,RA-GCA-CGHTE,33.4,0.0014323890017581655
Scene03,RA-GCA-CGHTE,33.5,0.0014359096832942254
Scene03,RA-GCA-CGHTE,33.6,0.0014391070659879044
Scene03,RA-GCA-CGHTE,33.7,0.0014420931969288298
Scene03,RA-GCA-CGHTE,33.8,0.001445728880345033
Scene03,RA-GCA-CGHTE,33.9,0.0014488621586883845
Scene03,RA-GCA-CGHTE,34.0,0.0014515724180618745
Scene03,RA-GCA-CGHTE,34.1,0.0014539453128582206
Scene03,RA-GCA-CGHTE,34.2,0.0014562113979180245
Scene03,RA-GCA-CGHTE,34.300000000000004,0.001458408859447886
Scene03,RA-GCA-CGHTE,34.4,0.0014605752584322161
Scene03,RA-GCA-CGHTE,34.5,0.0014628287663350059
Scene03,RA-GCA-CGHTE,34.6,0.0014647825487935917
Scene03,RA-GCA-CGHTE,34.7,0.0014663669103728825
Scene03,RA-GCA-CGHTE,34.800000000000004,0.001467532642567536
Scene03,RA-GCA-CGHTE,34.9,0.0014683160301004001
Scene03,RA-GCA-CGHTE,35.0,0.0014689137011154791
Scene03,RA-GCA-CGHTE,35.1,0.0014692847964808613
Scene03,RA-GCA-CGHTE,35.2,0.0014694800939775608
Scene03,RA-GCA-CGHTE,35.300000000000004,0.0014693250558159747
Scene03,RA-GCA-CGHTE,35.4,0.001468804167748524
Scene03,RA-GCA-CGHTE,35.5,0.0014679282229655276
Scene03,RA-GCA-CGHTE,35.6,0.001466762517583429
Scene03,RA-GCA-CGHTE,35.7,0.0014654168281731733
Scene03,RA-GCA-CGHTE,35.800000000000004,0.0014643383876233066
Scene03,RA-GCA-CGHTE,35.9,0.0014632372608738096
Scene03,RA-GCA-CGHTE,36.0,0.0014620972074738138
Scene03,RA-GCA-CGHTE,36.1,0.0014606662275494118
Scene03,RA-GCA-CGHTE,36.2,0.001458876781450189
Scene03,RA-GCA-CGHTE,36.3,0.0014565026259530675
Scene03,RA-GCA-CGHTE,36.4,0.00145419717047238
Scene03,RA-GCA-CGHTE,36.5,0.0014520102974633028
Scene03,RA-GCA-CGHTE,36.6,0.001449424566762979
Scene03,RA-GCA-CGHTE,36.7,0.0014464335710647463
Scene03,RA-GCA-CGHTE,36.8,0.0014430362435814785
Scene03,RA-GCA-CGHTE,36.9,0.001439239845874224
Scene03,RA-GCA-CGHTE,37.0,0.0014350605483234328
Scene03,RA-GCA-CGHTE,37.1,0.0014305223802540796
Scene03,RA-GCA-CGHTE,37.2,0.0014256551422613592
Scene03,RA-GCA-CGHTE,37.3,0.0014204919812148664
Scene03,RA-GCA-CGHTE,37.4,0.0014150668933821237
Scene03,RA-GCA-CGHTE,37.5,0.0014094125181975008
Scene03,RA-GCA-CGHTE,37.6,0.0014035584631572563
Scene03,RA-GCA-CGHTE,37.7,0.0013975299768666572
Scene03,RA-GCA-CGHTE,37.8,0.0013913473247959573
Scene03,RA-GCA-CGHTE,37.9,0.0013850255522227378
Scene03,RA-GCA-CGHTE,38.0,0.0013785747381193881
Scene03,RA-GCA-CGHTE,38.1,0.0013720004477865571
Scene03,RA-GCA-CGHTE,38.2,0.0013653043616939336
Scene03,RA-GCA-CGHTE,38.3,0.0013584852487611926
Scene03,RA-GCA-CGHTE,38.4,0.0013515395201082118
Scene03,RA-GCA-CGHTE,38.5,0.001344462144316648
Scene03,RA-GCA-CGHTE,38.6,0.001337247303716242
Scene03,RA-GCA-CGHTE,38.7,0.0013298888490649243
Scene03,RA-GCA-CGHTE,38.8,0.0013223806818895162
Scene03,RA-GCA-CGHTE,38.9,0.0013147170832041252
Scene03,RA-GCA-CGHTE,39.0,0.0013068929634575627
Scene03,RA-GCA-CGHTE,39.1,0.0012989037438490881
Scene03,RA-GCA-CGHTE,39.2,0.001290745525124934
Scene03,RA-GCA-CGHTE,39.3,0.0012824148870094298
Scene03,RA-GCA-CGHTE,39.4,0.0012739089096208522
Scene03,RA-GCA-CGHTE,39.5,0.001265225074574683
Scene03,RA-GCA-CGHTE,39.6,0.0012563611346130283
Scene03,RA-GCA-CGHTE,39.7,0.001247315064987879
Scene03,RA-GCA-CGHTE,39.8,0.0012380849764436817
Scene03,RA-GCA-CGHTE,39.9,0.0012286690424510804
Scene03,RA-GCA-CGHTE,40.0,0.0012190654874577943
Scene03,RA-GCA-CGHTE,40.1,0.0012092726716409746
Scene03,RA-GCA-CGHTE,40.2,0.0011992888598308974
Scene03,RA-GCA-CGHTE,40.3,0.001189112388826189
Scene03,RA-GCA-CGHTE,40.4,0.001178741788386137
Scene03,RA-GCA-CGHTE,40.5,0.0011681754543857543
Scene03,RA-GCA-CGHTE,40.6,0.0011574119910402144
Scene03,RA-GCA-CGHTE,40.7,0.0011464501715117252
Scene03,RA-GCA-CGHTE,40.8,0.0011352628446849454
Scene03,RA-GCA-CGHTE,40.9,0.0011238315870726319
Scene03,RA-GCA-CGHTE,41.0,0.0011121647599059204
Scene03,RA-GCA-CGHTE,41.1,0.0011002723509152261
Scene03,RA-GCA-CGHTE,41.2,0.0010881658041786634
Scene03,RA-GCA-CGHTE,41.3,0.0010758578847886353
Scene03,RA-GCA-CGHTE,41.4,0.0010633623860683142
Scene03,RA-GCA-CGHTE,41.5,0.0010506934191141927
Scene03,RA-GCA-CGHTE,41.6,0.0010378651587936646
Scene03,RA-GCA-CGHTE,41.7,0.0010248912952797516
Scene03,RA-GCA-CGHTE,41.8,0.0010117708519975421
Scene03,RA-GCA-CGHTE,41.9,0.000998462969865593
Scene03,RA-GCA-CGHTE,42.0,0.0009849610867896158
Scene03,RA-GCA-CGHTE,42.1,0.0009712616879235006
Scene03,RA-GCA-CGHTE,42.2,0.0009573614774321928
Scene03,RA-GCA-CGHTE,42.3,0.0009432581472482263
Scene03,RA-GCA-CGHTE,42.4,0.0009289503545247218
Scene03,RA-GCA-CGHTE,42.5,0.0009144381180008691
Scene03,RA-GCA-CGHTE,42.6,0.0008997226522281045
Scene03,RA-GCA-CGHTE,42.7,0.000884806273349415
Scene03,RA-GCA-CGHTE,42.8,0.0008696922678597195
Scene03,RA-GCA-CGHTE,42.9,0.0008543847309179305
Scene03,RA-GCA-CGHTE,43.0,0.0008388883012216446
Scene03,RA-GCA-CGHTE,43.1,0.0008232081242590779
Scene03,RA-GCA-CGHTE,43.2,0.0008073497987965412
Scene03,RA-GCA-CGHTE,43.3,0.0007913191691253091
Scene03,RA-GCA-CGHTE,43.4,0.000775122516596222
Scene03,RA-GCA-CGHTE,43.5,0.000758766239560501
Scene03,RA-GCA-CGHTE,43.6,0.0007422573413515911
Scene03,RA-GCA-CGHTE,43.7,0.000725603253167802
Scene03,RA-GCA-CGHTE,43.8,0.0007088121251872675
Scene03,RA-GCA-CGHTE,43.9,0.0006918926722515499
Scene03,RA-GCA-CGHTE,44.0,0.0006748548530246868
Scene03,RA-GCA-CGHTE,44.1,0.0006577095401194003
Scene03,RA-GCA-CGHTE,44.2,0.0006404689208496572
Scene03,RA-GCA-CGHTE,44.3,0.0006231467651794308
Scene03,RA-GCA-CGHTE,44.4,0.0006057584470040931
Scene03,RA-GCA-CGHTE,44.5,0.0005883216555976335
Scene03,RA-GCA-CGHTE,44.6,0.0005708558741721753
Scene03,RA-GCA-CGHTE,44.7,0.0005533834951429314
Scene03,RA-GCA-CGHTE,44.8,0.0005359297295310022
Scene03,RA-GCA-CGHTE,44.9,0.0005185230887519121
Scene03,RA-GCA-CGHTE,45.0,0.0005011960480980533
Scene03,RA-GCA-CGHTE,45.1,0.000483985278074379
Scene03,RA-GCA-CGHTE,45.2,0.00046693235576256425
Scene03,RA-GCA-CGHTE,45.3,0.00045008449033411804
Scene03,RA-GCA-CGHTE,45.4,0.0004334952340118351
Scene03,RA-GCA-CGHTE,45.5,0.00041722508355363083
Scene03,RA-GCA-CGHTE,45.6,0.00040134224216384215
Scene03,RA-GCA-CGHTE,45.7,0.0003859236665622051
Scene03,RA-GCA-CGHTE,45.8,0.00037105478143795
Scene03,RA-GCA-CGHTE,45.9,0.0003568305826865214
Scene03,RA-GCA-CGHTE,46.0,0.00034335523590495827
Scene03,RA-GCA-CGHTE,46.1,0.0003307363415615574
Scene03,RA-GCA-CGHTE,46.2,0.00031482137864200036
Scene03,RA-GCA-CGHTE,46.3,0.0002998022083169019
Scene03,RA-GCA-CGHTE,46.4,0.0002856675213084371
Scene03,RA-GCA-CGHTE,46.5,0.00027262941346463355
Scene03,RA-GCA-CGHTE,46.6,0.0002594949548437037
Scene03,RA-GCA-CGHTE,46.7,0.0002457539310736864
Scene03,RA-GCA-CGHTE,46.8,0.0002304347790361925
Scene03,RA-GCA-CGHTE,46.9,0.00021288885354334706
Scene03,RA-GCA-CGHTE,47.0,0.00019631807010087076
Scene03,RA-GCA-CGHTE,47.1,0.0001817647737350572
Scene03,RA-GCA-CGHTE,47.2,0.00017018787054539592
Scene03,RA-GCA-CGHTE,47.3,0.00016115472206272306
Scene03,RA-GCA-CGHTE,47.4,0.0001553365892421522
Scene03,RA-GCA-CGHTE,47.5,0.00015173564580631628
Scene03,RA-GCA-CGHTE,47.6,0.00015086053488747202
Scene03,RA-GCA-CGHTE,47.7,0.00015307099807104185
Scene03,RA-GCA-CGHTE,47.8,0.00015846203994025542
Scene03,RA-GCA-CGHTE,47.9,0.00016634920358097544
Scene03,RA-GCA-CGHTE,48.0,0.0001758899895335209
Scene03,RA-GCA-CGHTE,48.1,0.00018479899809079213
Scene03,RA-GCA-CGHTE,48.2,0.00019233534032399565
Scene03,RA-GCA-CGHTE,48.3,0.00019970428281124397
Scene03,RA-GCA-CGHTE,48.4,0.00020714135348052037
Scene03,RA-GCA-CGHTE,48.5,0.00021686086084699732
Scene03,RA-GCA-CGHTE,48.6,0.00022901241125580907
Scene03,RA-GCA-CGHTE,48.7,0.00024134529442322908
Scene03,RA-GCA-CGHTE,48.8,0.0002513607576342985
Scene03,RA-GCA-CGHTE,48.9,0.0002631489940767113
Scene03,RA-GCA-CGHTE,49.0,0.00027658602095918935
Scene03,RA-GCA-CGHTE,49.1,0.00029141089306379325
Scene03,RA-GCA-CGHTE,49.2,0.0003073948310517888
Scene03,RA-GCA-CGHTE,49.3,0.000324313074117879
Scene03,RA-GCA-CGHTE,49.4,0.0003419462781929882
Scene03,RA-GCA-CGHTE,49.5,0.0003600842295860367
Scene03,RA-GCA-CGHTE,49.6,0.00037853159948724027
Scene03,RA-GCA-CGHTE,49.7,0.0003971138884644125
Scene03,RA-GCA-CGHTE,49.8,0.000415682445138936
Scene03,RA-GCA-CGHTE,49.9,0.0004341177150752073
Scene03,RA-GCA-CGHTE,50.0,0.00045232993929367974
Scene03,RA-GCA-CGHTE,50.1,0.0004702581721918374
Scene03,RA-GCA-CGHTE,50.2,0.00048786729372414804
Scene03,RA-GCA-CGHTE,50.3,0.000505144076401589
Scene03,RA-GCA-CGHTE,50.4,0.0005220927103877095
Scene03,RA-GCA-CGHTE,50.5,0.0005387301909198412
Scene03,RA-GCA-CGHTE,50.6,0.0005550816752907367
Scene03,RA-GCA-CGHTE,50.7,0.0005711769525116904
Scene03,RA-GCA-CGHTE,50.8,0.0005870469719955369
Scene03,RA-GCA-CGHTE,50.9,0.0006027218210332716
Scene03,RA-GCA-CGHTE,51.0,0.0006182286349769196
Scene03,RA-GCA-CGHTE,51.1,0.0006335909104687648
Scene03,RA-GCA-CGHTE,51.2,0.000648827953529
Scene03,RA-GCA-CGHTE,51.3,0.0006639551967776067
Scene03,RA-GCA-CGHTE,51.4,0.000678984140091445
Scene03,RA-GCA-CGHTE,51.5,0.0006939230242238792
Scene03,RA-GCA-CGHTE,51.6,0.0007087775368128949
Scene03,RA-GCA-CGHTE,51.7,0.0007235513666519209
Scene03,RA-GCA-CGHTE,51.8,0.0007382468795886732
Scene03,RA-GCA-CGHTE,51.9,0.0007528654704116
Scene03,RA-GCA-CGHTE,52.0,0.0007674079784917003
Scene03,RA-GCA-CGHTE,52.1,0.000781874919179975
Scene03,RA-GCA-CGHTE,52.2,0.0007962669471428697
Scene03,RA-GCA-CGHTE,52.3,0.0008105845088781041
Scene03,RA-GCA-CGHTE,52.4,0.0008248281127624455
Scene03,RA-GCA-CGHTE,52.5,0.0008390541081436492
Scene03,RA-GCA-CGHTE,52.6,0.0008533639747911637
Scene03,RA-GCA-CGHTE,52.7,0.0008677391896995033
Scene03,RA-GCA-CGHTE,52.8,0.0008821568056463534
Scene03,RA-GCA-CGHTE,52.9,0.0008965922803001172
Scene03,RA-GCA-CGHTE,53.0,0.0009110196338415166
Scene03,RA-GCA-CGHTE,53.1,0.0009254121466483982
Scene03,RA-GCA-CGHTE,53.2,0.0009397433752037684
Scene03,RA-GCA-CGHTE,53.3,0.000953987900580022
Scene03,RA-GCA-CGHTE,53.4,0.000968122338678772
Scene03,RA-GCA-CGHTE,53.5,0.0009821258669655188
Scene03,RA-GCA-CGHTE,53.6,0.0009959804933446308
Scene03,RA-GCA-CGHTE,53.7,0.0010096712908131136
Scene03,RA-GCA-CGHTE,53.8,0.0010231863174027488
Scene03,RA-GCA-CGHTE,53.9,0.0010365163719990792
Scene03,RA-GCA-CGHTE,54.0,0.001049654511348584
Scene03,RA-GCA-CGHTE,54.1,0.0010625957734811833
Scene03,RA-GCA-CGHTE,54.2,0.001075336638485354
Scene03,RA-GCA-CGHTE,54.3,0.0010878747229877857
Scene03,RA-GCA-CGHTE,54.4,0.0011002082329133454
Scene03,RA-GCA-CGHTE,54.5,0.0011123357329555156
Scene03,RA-GCA-CGHTE,54.6,0.0011242559428857911
Scene03,RA-GCA-CGHTE,54.7,0.0011359674426214372
Scene03,RA-GCA-CGHTE,54.8,0.0011474686432999738
Scene03,RA-GCA-CGHTE,54.9,0.001158757719169594
Scene03,RA-GCA-CGHTE,55.0,0.001169832504330256
Scene03,RA-GCA-CGHTE,55.1,0.0011807463519622808
Scene03,RA-GCA-CGHTE,55.2,0.00119156765706551
Scene03,RA-GCA-CGHTE,55.3,0.0012022977217762839
Scene03,RA-GCA-CGHTE,55.4,0.001212935406375311
Scene03,RA-GCA-CGHTE,55.5,0.0012234766633533389
Scene03,RA-GCA-CGHTE,55.6,0.0012339147915551628
Scene03,RA-GCA-CGHTE,55.7,0.001244240683312365
Scene03,RA-GCA-CGHTE,55.8,0.001254443439703347
Scene03,RA-GCA-CGHTE,55.9,0.0012645110443901938
Scene03,RA-GCA-CGHTE,56.0,0.001274430872571015
Scene03,RA-GCA-CGHTE,56.1,0.0012841903813064054
Scene03,RA-GCA-CGHTE,56.2,0.0012937773326418156
Scene03,RA-GCA-CGHTE,56.3,0.0013031803461005743
Scene03,RA-GCA-CGHTE,56.4,0.0013123888588729162
Scene03,RA-GCA-CGHTE,56.5,0.0013213932279200207
Scene03,RA-GCA-CGHTE,56.6,0.0013301848512648716
Scene03,RA-GCA-CGHTE,56.7,0.001338755893342643
Scene03,RA-GCA-CGHTE,56.8,0.0013470992507754703
Scene03,RA-GCA-CGHTE,56.9,0.0013552083629507887
Scene03,RA-GCA-CGHTE,57.0,0.0013630770456232392
Scene03,RA-GCA-CGHTE,57.1,0.0013706993164980309
Scene03,RA-GCA-CGHTE,57.2,0.001378069350886466
Scene03,RA-GCA-CGHTE,57.3,0.0013851813168581017
Scene03,RA-GCA-CGHTE,57.4,0.0013920292317644333
Scene03,RA-GCA-CGHTE,57.5,0.0013986070838612615
Scene03,RA-GCA-CGHTE,57.6,0.0014049087017907694
Scene03,RA-GCA-CGHTE,57.7,0.001410927794980222
Scene03,RA-GCA-CGHTE,57.8,0.0014166580245339071
Scene03,RA-GCA-CGHTE,57.9,0.0014220930087628849
Scene03,RA-GCA-CGHTE,58.0,0.0014272264166839545
Scene03,RA-GCA-CGHTE,58.1,0.0014320521822097402
Scene03,RA-GCA-CGHTE,58.2,0.0014365645196610533
Scene03,RA-GCA-CGHTE,58.3,0.0014407582968913833
Scene03,RA-GCA-CGHTE,58.4,0.0014446292994558063
Scene03,RA-GCA-CGHTE,58.5,0.001448174807140741
Scene03,RA-GCA-CGHTE,58.6,0.0014513941888146344
Scene03,RA-GCA-CGHTE,58.7,0.001454289713530916
Scene03,RA-GCA-CGHTE,58.8,0.0014576951483543665
Scene03,RA-GCA-CGHTE,58.9,0.0014608674450829972
Scene03,RA-GCA-CGHTE,59.0,0.0014635673170355938
Scene03,RA-GCA-CGHTE,59.1,0.0014659144684968939
Scene03,RA-GCA-CGHTE,59.2,0.00146809566757393
Scene03,RA-GCA-CGHTE,59.3,0.0014702171729348741
Scene03,RA-GCA-CGHTE,59.4,0.0014722479906490364
Scene03,RA-GCA-CGHTE,59.5,0.001474446713494591
Scene03,RA-GCA-CGHTE,59.6,0.0014763432827395082
Scene03,RA-GCA-CGHTE,59.7,0.0014778688030615047
Scene03,RA-GCA-CGHTE,59.8,0.001478974391969488
Scene03,RA-GCA-CGHTE,59.9,0.0014797146994811822
Scene03,RA-GCA-CGHTE,60.0,0.0014802796396803306
Scene03,RA-GCA-CGHTE,60.1,0.0014805888163284132
Scene03,RA-GCA-CGHTE,60.2,0.0014807393291689556
Scene03,RA-GCA-CGHTE,60.3,0.0014805354167086108
Scene03,RA-GCA-CGHTE,60.4,0.0014799361591517968
Scene03,RA-GCA-CGHTE,60.5,0.001478990854394418
Scene03,RA-GCA-CGHTE,60.6,0.0014777712733990602
Scene03,RA-GCA-CGHTE,60.7,0.0014765243279870896
Scene03,RA-GCA-CGHTE,60.8,0.0014754649024291268
Scene03,RA-GCA-CGHTE,60.9,0.0014744018837824617
Scene03,RA-GCA-CGHTE,61.0,0.0014732368027801277
Scene03,RA-GCA-CGHTE,61.1,0.0014717232609588271
Scene03,RA-GCA-CGHTE,61.2,0.0014697627481918749
Scene03,RA-GCA-CGHTE,61.3,0.0014672248683486964
Scene03,RA-GCA-CGHTE,61.4,0.0014653196003789407
Scene03,RA-GCA-CGHTE,61.5,0.0014630202849835947
Scene03,RA-GCA-CGHTE,61.6,0.001460308726597289
Scene03,RA-GCA-CGHTE,61.7,0.0014571820810113602
Scene03,RA-GCA-CGHTE,61.8,0.0014536444569757032
Scene03,RA-GCA-CGHTE,61.9,0.0014497091953554174
Scene03,RA-GCA-CGHTE,62.0,0.0014453984272182778
Scene03,RA-GCA-CGHTE,62.1,0.0014407414206310156
Scene03,RA-GCA-CGHTE,62.2,0.0014357719633805927
Scene03,RA-GCA-CGHTE,62.3,0.0014305259362972186
Scene03,RA-GCA-CGHTE,62.4,0.001425038692986627
Scene03,RA-GCA-CGHTE,62.5,0.0014193430952373397
Scene03,RA-GCA-CGHTE,62.6,0.001413467865434262
Scene03,RA-GCA-CGHTE,62.7,0.001407436663284134
Scene03,RA-GCA-CGHTE,62.8,0.0014012675513414231
Scene03,RA-GCA-CGHTE,62.9,0.0013949731595169115
Scene03,RA-GCA-CGHTE,63.0,0.0013885610740963445
Scene03,RA-GCA-CGHTE,63.1,0.0013820343784875508
Scene03,RA-GCA-CGHTE,63.2,0.0013753926573013562
Scene03,RA-GCA-CGHTE,63.3,0.0013686327136671192
Scene03,RA-GCA-CGHTE,63.4,0.0013617494425431735
Scene03,RA-GCA-CGHTE,63.5,0.0013547366338056426
Scene03,RA-GCA-CGHTE,63.6,0.0013475875838039747
Scene03,RA-GCA-CGHTE,63.7,0.0013402954650478453
Scene03,RA-GCA-CGHTE,63.8,0.0013328538752385706
Scene03,RA-GCA-CGHTE,63.9,0.0013252569552604722
Scene03,RA-GCA-CGHTE,64.0,0.0013174993530324379
Scene03,RA-GCA-CGHTE,64.1,0.0013095766178388897
Scene03,RA-GCA-CGHTE,64.2,0.0013014847205761973
Scene03,RA-GCA-CGHTE,64.3,0.0012932203364315145
Scene03,RA-GCA-CGHTE,64.4,0.001284780523049734
Scene03,RA-GCA-CGHTE,64.5,0.0012761627911991196
Scene03,RA-GCA-CGHTE,64.6,0.001267364743916395
Scene03,RA-GCA-CGHTE,64.7,0.0012583842060940463
Scene03,RA-GCA-CGHTE,64.8,0.0012492192075814962
Scene03,RA-GCA-CGHTE,64.9,0.001239867608792575
Scene03,RA-GCA-CGHTE,65.0,0.0012303275511030055
Scene03,RA-GCA-CGHTE,65.1,0.0012205330818263165
Scene03,RA-GCA-CGHTE,65.2,0.0012104286861188034
Scene03,RA-GCA-CGHTE,65.3,0.0012000190209214814
Scene03,RA-GCA-CGHTE,65.4,0.001189311551699228
Scene03,RA-GCA-CGHTE,65.5,0.0011783170414723671
Scene03,RA-GCA-CGHTE,65.6,0.0011670492477520588
Scene03,RA-GCA-CGHTE,65.7,0.0011555243074935614
Scene03,RA-GCA-CGHTE,65.8,0.0011437597764470278
Scene03,RA-GCA-CGHTE,65.9,0.0011317737208754262
Scene03,RA-GCA-CGHTE,66.0,0.0011195839841349946
Scene03,RA-GCA-CGHTE,66.1,0.0011072073215736924
Scene03,RA-GCA-CGHTE,66.2,0.0010946591475436008
Scene03,RA-GCA-CGHTE,66.3,0.0010819531286178825
Scene03,RA-GCA-CGHTE,66.4,0.0010691010195376213
Scene03,RA-GCA-CGHTE,66.5,0.0010561128557267
Scene03,RA-GCA-CGHTE,66.6,0.0010429970373047935
Scene03,RA-GCA-CGHTE,66.7,0.001029760732958396
Scene03,RA-GCA-CGHTE,66.8,0.001016410058303451
Scene03,RA-GCA-CGHTE,66.9,0.0010029504447836583
Scene03,RA-GCA-CGHTE,67.0,0.000989386888284502
Scene03,RA-GCA-CGHTE,67.1,0.0009757243930431937
Scene03,RA-GCA-CGHTE,67.2,0.0009619681014429719
Scene03,RA-GCA-CGHTE,67.3,0.0009481233920893697
Scene03,RA-GCA-CGHTE,67.4,0.0009341962461320335
Scene03,RA-GCA-CGHTE,67.5,0.0009201931749789282
Scene03,RA-GCA-CGHTE,67.6,0.0009061214206086076
Scene03,RA-GCA-CGHTE,67.7,0.0008919173681005604
Scene03,RA-GCA-CGHTE,67.8,0.0008774667790035886
Scene03,RA-GCA-CGHTE,67.9,0.0008627574769385121
Scene03,RA-GCA-CGHTE,68.0,0.0008477817650837039
Scene03,RA-GCA-CGHTE,68.1,0.0008325363153428207
Scene03,RA-GCA-CGHTE,68.2,0.000817022226724717
Scene03,RA-GCA-CGHTE,68.3,0.000801245087071575
Scene03,RA-GCA-CGHTE,68.4,0.0007852140057468615
Scene03,RA-GCA-CGHTE,68.5,0.0007689410266190228
Scene03,RA-GCA-CGHTE,68.60000000000001,0.0007524397977190691
Scene03,RA-GCA-CGHTE,68.7,0.0007357253472100348
Scene03,RA-GCA-CGHTE,68.8,0.0007188131263050224
Scene03,RA-GCA-CGHTE,68.9,0.0007017182377027924
Scene03,RA-GCA-CGHTE,69.0,0.0006844555526861222
Scene03,RA-GCA-CGHTE,69.10000000000001,0.0006670394707860774
Scene03,RA-GCA-CGHTE,69.2,0.0006494836344381165
Scene03,RA-GCA-CGHTE,69.3,0.0006318019878935105
Scene03,RA-GCA-CGHTE,69.4,0.0006140081489528154
Scene03,RA-GCA-CGHTE,69.5,0.0005961163514170527
Scene03,RA-GCA-CGHTE,69.60000000000001,0.0005781417505442403
Scene03,RA-GCA-CGHTE,69.7,0.0005601008304249871
Scene03,RA-GCA-CGHTE,69.8,0.0005420122779245595
Scene03,RA-GCA-CGHTE,69.9,0.0005238968197406231
Scene03,RA-GCA-CGHTE,70.0,0.0005057786187960225
Scene03,RA-GCA-CGHTE,70.10000000000001,0.00048768507166446203
Scene03,RA-GCA-CGHTE,70.2,0.00046964802497349655
Scene03,RA-GCA-CGHTE,70.3,0.0004517041368683561
Scene03,RA-GCA-CGHTE,70.4,0.0004338957695670418
Scene03,RA-GCA-CGHTE,70.5,0.00041627194327084925
Scene03,RA-GCA-CGHTE,70.60000000000001,0.00039888943692251453
Scene03,RA-GCA-CGHTE,70.7,0.0003818138944595704
Scene03,RA-GCA-CGHTE,70.8,0.00036512103648568485
Scene03,RA-GCA-CGHTE,70.9,0.00034889779751966655
Scene03,RA-GCA-CGHTE,71.0,0.0003332440860830497
Scene03,RA-GCA-CGHTE,71.10000000000001,0.0003182731394433633
Scene03,RA-GCA-CGHTE,71.2,0.00030411253873271056
Scene03,RA-GCA-CGHTE,71.3,0.00029090459061048904
Scene03,RA-GCA-CGHTE,71.4,0.00027721706751032666
Scene03,RA-GCA-CGHTE,71.5,0.00026083862518382994
Scene03,RA-GCA-CGHTE,71.60000000000001,0.0002458776568505246
Scene03,RA-GCA-CGHTE,71.7,0.00023213083591035812
Scene03,RA-GCA-CGHTE,71.8,0.00021933622091746058
Scene03,RA-GCA-CGHTE,71.9,0.00020589979276312538
Scene03,RA-GCA-CGHTE,72.0,0.00019171697626345493
Scene03,RA-GCA-CGHTE,72.10000000000001,0.00017376638596507552
Scene03,RA-GCA-CGHTE,72.2,0.00015517935785105068
Scene03,RA-GCA-CGHTE,72.3,0.00013850878763413437
Scene03,RA-GCA-CGHTE,72.4,0.00012503774339503841
Scene03,RA-GCA-CGHTE,72.5,0.00011579418998462043
Scene03,RA-GCA-CGHTE,72.60000000000001,0.00011066472763853372
Scene03,RA-GCA-CGHTE,72.7,0.00011018046955547666
Scene03,RA-GCA-CGHTE,72.8,0.00011239789039868598
Scene03,RA-GCA-CGHTE,72.9,0.00011714381082491367
Scene03,RA-GCA-CGHTE,73.0,0.00012569652522463406
Scene03,RA-GCA-CGHTE,73.10000000000001,0.0001373056231468418
Scene03,RA-GCA-CGHTE,73.2,0.00015076693734514818
Scene03,RA-GCA-CGHTE,73.3,0.00016521889918023606
Scene03,RA-GCA-CGHTE,73.4,0.00017649753484872611
Scene03,RA-GCA-CGHTE,73.5,0.0001879039434666053
Scene03,RA-GCA-CGHTE,73.60000000000001,0.00019892285155651503
Scene03,RA-GCA-CGHTE,73.7,0.00021092708371783856
Scene03,RA-GCA-CGHTE,73.8,0.0002246085097679093
Scene03,RA-GCA-CGHTE,73.9,0.00024085404101032327
Scene03,RA-GCA-CGHTE,74.0,0.0002543309740661713
Scene03,RA-GCA-CGHTE,74.10000000000001,0.0002674605791891977
Scene03,RA-GCA-CGHTE,74.2,0.00028207694697253747
Scene03,RA-GCA-CGHTE,74.3,0.00029787797149849086
Scene03,RA-GCA-CGHTE,74.4,0.0003146599304576379
Scene03,RA-GCA-CGHTE,74.5,0.00033223521485516074
Scene03,RA-GCA-CGHTE,74.60000000000001,0.000350423848528386
Scene03,RA-GCA-CGHTE,74.7,0.0003690526385199182
Scene03,RA-GCA-CGHTE,74.8,0.00038795726594098644
Scene03,RA-GCA-CGHTE,74.9,0.0004069866230285592
Scene03,RA-GCA-CGHTE,75.0,0.0004260073434036636
Scene03,RA-GCA-CGHTE,75.10000000000001,0.00044490730155398716
Scene03,RA-GCA-CGHTE,75.2,0.00046359817635123566
Scene03,RA-GCA-CGHTE,75.3,0.00048201572799174065
Scene03,RA-GCA-CGHTE,75.4,0.0005001185619446834
Scene03,RA-GCA-CGHTE,75.5,0.000517885765003058
Scene03,RA-GCA-CGHTE,75.60000000000001,0.0005353136363991967
Scene03,RA-GCA-CGHTE,75.7,0.0005524116314535829
Scene03,RA-GCA-CGHTE,75.8,0.0005691989456754836
Scene03,RA-GCA-CGHTE,75.9,0.0005857006483536214
Scene03,RA-GCA-CGHTE,76.0,0.0006019447780628653
Scene03,RA-GCA-CGHTE,76.10000000000001,0.0006179598851771715
Scene03,RA-GCA-CGHTE,76.2,0.0006337729104728191
Scene03,RA-GCA-CGHTE,76.3,0.0006494082301379251
Scene03,RA-GCA-CGHTE,76.4,0.0006648868885127515
Scene03,RA-GCA-CGHTE,76.5,0.0006802260121328243
Scene03,RA-GCA-CGHTE,76.60000000000001,0.0006954394748498833
Scene03,RA-GCA-CGHTE,76.7,0.0007105377049482745
Scene03,RA-GCA-CGHTE,76.8,0.0007255284670195818
Scene03,RA-GCA-CGHTE,76.9,0.0007404172640842891
Scene03,RA-GCA-CGHTE,77.0,0.0007552079853502228
Scene03,RA-GCA-CGHTE,77.10000000000001,0.000769903224194931
Scene03,RA-GCA-CGHTE,77.2,0.0007845047462889053
Scene03,RA-GCA-CGHTE,77.3,0.0007990137584979201
Scene03,RA-GCA-CGHTE,77.4,0.0008134313803989143
Scene03,RA-GCA-CGHTE,77.5,0.0008277584088349073
Scene03,RA-GCA-CGHTE,77.60000000000001,0.000841995597271883
Scene03,RA-GCA-CGHTE,77.7,0.0008561435687568229
Scene03,RA-GCA-CGHTE,77.8,0.0008702028083080509
Scene03,RA-GCA-CGHTE,77.9,0.0008841737347476764
Scene03,RA-GCA-CGHTE,78.0,0.0008980564916385868
Scene03,RA-GCA-CGHTE,78.10000000000001,0.0009118509005346556
Scene03,RA-GCA-CGHTE,78.2,0.0009255565350730116
Scene03,RA-GCA-CGHTE,78.3,0.000939181126555193
Scene03,RA-GCA-CGHTE,78.4,0.0009527673083861022
Scene03,RA-GCA-CGHTE,78.5,0.0009663070122578312
Scene03,RA-GCA-CGHTE,78.60000000000001,0.0009797836694906178
Scene03,RA-GCA-CGHTE,78.7,0.0009931803010838542
Scene03,RA-GCA-CGHTE,78.8,0.0010064797391092267
Scene03,RA-GCA-CGHTE,78.9,0.0010196649828201768
Scene03,RA-GCA-CGHTE,79.0,0.0010327195903496915
Scene03,RA-GCA-CGHTE,79.10000000000001,0.0010456281237066548
Scene03,RA-GCA-CGHTE,79.2,0.0010583765719301835
Scene03,RA-GCA-CGHTE,79.3,0.0010709524314457168
Scene03,RA-GCA-CGHTE,79.4,0.0010833513436063389
Scene03,RA-GCA-CGHTE,79.5,0.0010956108009230884
Scene03,RA-GCA-CGHTE,79.60000000000001,0.0011077388162633373
Scene03,RA-GCA-CGHTE,79.7,0.0011197359618289864
Scene03,RA-GCA-CGHTE,79.8,0.0011316023549788872
Scene03,RA-GCA-CGHTE,79.9,0.0011433373695149199
Scene03,RA-GCA-CGHTE,80.0,0.0011549393640962005
Scene03,RA-GCA-CGHTE,80.10000000000001,0.0011664055809475296
Scene03,RA-GCA-CGHTE,80.2,0.0011777322684549752
Scene03,RA-GCA-CGHTE,80.3,0.0011889148282007113
Scene03,RA-GCA-CGHTE,80.4,0.001199947901806356
Scene03,RA-GCA-CGHTE,80.5,0.0012108256577745826
Scene03,RA-GCA-CGHTE,80.60000000000001,0.0012215419240937464
Scene03,RA-GCA-CGHTE,80.7,0.0012320904640632864
Scene03,RA-GCA-CGHTE,80.8,0.001242465075183878
Scene03,RA-GCA-CGHTE,80.9,0.001252659536391486
Scene03,RA-GCA-CGHTE,81.0,0.00126266778955596
Scene03,RA-GCA-CGHTE,81.10000000000001,0.0012724840285330645
Scene03,RA-GCA-CGHTE,81.2,0.0012821025921112262
Scene03,RA-GCA-CGHTE,81.3,0.00129151796618996
Scene03,RA-GCA-CGHTE,81.4,0.0013007247273646293
Scene03,RA-GCA-CGHTE,81.5,0.0013097175113580873
Scene03,RA-GCA-CGHTE,81.60000000000001,0.0013184910485677208
Scene03,RA-GCA-CGHTE,81.7,0.0013270399938488764
Scene03,RA-GCA-CGHTE,81.8,0.0013353589672881606
Scene03,RA-GCA-CGHTE,81.9,0.0013434424936995713
Scene03,RA-GCA-CGHTE,82.0,0.0013512849783596692
Scene03,RA-GCA-CGHTE,82.10000000000001,0.0013588807561926359
Scene03,RA-GCA-CGHTE,82.2,0.001366223945114699
Scene03,RA-GCA-CGHTE,82.3,0.001373308686838456
Scene03,RA-GCA-CGHTE,82.4,0.0013801289205729534
Scene03,RA-GCA-CGHTE,82.5,0.001386678491573652
Scene03,RA-GCA-CGHTE,82.60000000000001,0.0013929512123890817
Scene03,RA-GCA-CGHTE,82.7,0.0013989408338325436
Scene03,RA-GCA-CGHTE,82.8,0.0014046410883813507
Scene03,RA-GCA-CGHTE,82.9,0.0014100457767434712
Scene03,RA-GCA-CGHTE,83.0,0.0014151488370394447
Scene03,RA-GCA-CGHTE,83.10000000000001,0.0014199443983489088
Scene03,RA-GCA-CGHTE,83.2,0.0014244270627977872
Scene03,RA-GCA-CGHTE,83.3,0.0014285920127064154
Scene03,RA-GCA-CGHTE,83.4,0.0014324355042778295
Scene03,RA-GCA-CGHTE,83.5,0.0014359553291729639
Scene03,RA-GCA-CGHTE,83.60000000000001,0.0014391515548461671
Scene03,RA-GCA-CGHTE,83.7,0.0014421364092220225
Scene03,RA-GCA-CGHTE,83.8,0.0014457726672007576
Scene03,RA-GCA-CGHTE,83.9,0.001448905939830646
Scene03,RA-GCA-CGHTE,84.0,0.0014516157316876005
Scene03,RA-GCA-CGHTE,84.10000000000001,0.0014539876211383332
Scene03,RA-GCA-CGHTE,84.2,0.0014562527671760023
Scene03,RA-GCA-CGHTE,84.3,0.001458449605673632
Scene03,RA-GCA-CGHTE,84.4,0.001460616010268646
Scene03,RA-GCA-CGHTE,84.5,0.001462871210449396
Scene03,RA-GCA-CGHTE,84.60000000000001,0.0014648270386474168
Scene03,RA-GCA-CGHTE,84.7,0.0014664134324851867
Scene03,RA-GCA-CGHTE,84.8,0.0014675804719659965
Scene03,RA-GCA-CGHTE,84.9,0.0014683611929464807
Scene03,RA-GCA-CGHTE,85.0,0.0014689603003094158
Scene03,RA-GCA-CGHTE,85.10000000000001,0.0014693490600269955
Scene03,RA-GCA-CGHTE,85.2,0.0014695710871603096
Scene03,RA-GCA-CGHTE,85.3,0.0014694376382972292
Scene03,RA-GCA-CGHTE,85.4,0.001468932765828043
Scene03,RA-GCA-CGHTE,85.5,0.0014680660350179543
Scene03,RA-GCA-CGHTE,85.60000000000001,0.0014669031337824349
Scene03,RA-GCA-CGHTE,85.7,0.0014655544729703424
Scene03,RA-GCA-CGHTE,85.8,0.001464467476270543
Scene03,RA-GCA-CGHTE,85.9,0.0014633545616563606
Scene03,RA-GCA-CGHTE,86.0,0.0014622012051034778
Scene03,RA-GCA-CGHTE,86.10000000000001,0.0014607571070478368
Scene03,RA-GCA-CGHTE,86.2,0.001458955659729445
Scene03,RA-GCA-CGHTE,86.3,0.001456571732803857
Scene03,RA-GCA-CGHTE,86.4,0.0014542577355901494
Scene03,RA-GCA-CGHTE,86.5,0.0014520634400690623
Scene03,RA-GCA-CGHTE,86.60000000000001,0.0014494724131232687
Scene03,RA-GCA-CGHTE,86.7,0.0014464780178142754
Scene03,RA-GCA-CGHTE,86.8,0.0014430789588145913
Scene03,RA-GCA-CGHTE,86.9,0.0014392820766193745
Scene03,RA-GCA-CGHTE,87.0,0.0014351032147155232
Scene03,RA-GCA-CGHTE,87.10000000000001,0.001430566056421837
Scene03,RA-GCA-CGHTE,87.2,0.0014257001585400667
Scene03,RA-GCA-CGHTE,87.3,0.001420538384821934
Scene03,RA-GCA-CGHTE,87.4,0.0014151146118576393
Scene03,RA-GCA-CGHTE,87.5,0.0014094613634855339
Scene03,RA-GCA-CGHTE,87.60000000000001,0.0014036081658414614
Scene03,RA-GCA-CGHTE,87.7,0.0013975803400428889
Scene03,RA-GCA-CGHTE,87.8,0.0013913981088409183
Scene03,RA-GCA-CGHTE,87.9,0.0013850765919524877
Scene03,RA-GCA-CGHTE,88.0,0.0013786258796236073
Scene03,RA-GCA-CGHTE,88.10000000000001,0.0013720515703032929
Scene03,RA-GCA-CGHTE,88.2,0.0013653554226437635
Scene03,RA-GCA-CGHTE,88.3,0.0013585361882467594
Scene03,RA-GCA-CGHTE,88.4,0.0013515903471829115
Scene03,RA-GCA-CGHTE,88.5,0.0013445128542514506
Scene03,RA-GCA-CGHTE,88.60000000000001,0.001337297850444336
Scene03,RA-GCA-CGHTE,88.7,0.00132993922830224
Scene03,RA-GCA-CGHTE,88.8,0.0013224308510245944
Scene03,RA-GCA-CGHTE,88.9,0.0013147670984895996
Scene03,RA-GCA-CGHTE,89.0,0.001306942737590491
Scene03,RA-GCA-CGHTE,89.10000000000001,0.0012989532579140539
Scene03,RA-GCA-CGHTE,89.2,0.0012907947712164068
Scene03,RA-GCA-CGHTE,89.3,0.0012824637850709906
Scene03,RA-GCA-CGHTE,89.4,0.0012739574503155846
Scene03,RA-GCA-CGHTE,89.5,0.001265273251921668
Scene03,RA-GCA-CGHTE,89.60000000000001,0.0012564089457220142
Scene03,RA-GCA-CGHTE,89.7,0.0012473625485088131
Scene03,RA-GCA-CGHTE,89.8,0.0012381321185254307
Scene03,RA-GCA-CGHTE,89.9,0.001228715865791996
Scene03,RA-GCA-CGHTE,90.0,0.0012191120023163037
Scene03,RA-GCA-CGHTE,90.1,0.001209318912483663
Scene03,RA-GCA-CGHTE,90.2,0.0011993348132397232
Scene03,RA-GCA-CGHTE,90.3,0.0011891581104662044
Scene03,RA-GCA-CGHTE,90.4,0.001178787198307827
Scene03,RA-GCA-CGHTE,90.5,0.0011682206257380087
Scene03,RA-GCA-CGHTE,90.6,0.001157456996481579
Scene03,RA-GCA-CGHTE,90.7,0.0011464949965418294
Scene03,RA-GCA-CGHTE,90.8,0.0011353075141289852
Scene03,RA-GCA-CGHTE,90.9,0.001123876183100482
Scene03,RA-GCA-CGHTE,91.0,0.0011122093884262222
Scene03,RA-GCA-CGHTE,91.1,0.0011003170236031199
Scene03,RA-GCA-CGHTE,91.2,0.001088210577889629
Scene03,RA-GCA-CGHTE,91.3,0.0010759028503435192
Scene03,RA-GCA-CGHTE,91.4,0.0010634075533876937
Scene03,RA-GCA-CGHTE,91.5,0.0010507387470759728
Scene03,RA-GCA-CGHTE,91.6,0.0010379106852077997
Scene03,RA-GCA-CGHTE,91.7,0.0010249370505431975
Scene03,RA-GCA-CGHTE,91.8,0.0010118168062991382
Scene03,RA-GCA-CGHTE,91.9,0.00099850921824371
Scene03,RA-GCA-CGHTE,92.0,0.0009850076462244973
Scene03,RA-GCA-CGHTE,92.1,0.0009713085622060513
Scene03,RA-GCA-CGHTE,92.2,0.0009574087609505567
Scene03,RA-GCA-CGHTE,92.3,0.0009433058334912064
Scene03,RA-GCA-CGHTE,92.4,0.0009289984486204128
Scene03,RA-GCA-CGHTE,92.5,0.0009144867662629842
Scene03,RA-GCA-CGHTE,92.6,0.0008997718825534388
Scene03,RA-GCA-CGHTE,92.7,0.0008848561502121043
Scene03,RA-GCA-CGHTE,92.8,0.0008697427565404627
Scene03,RA-GCA-CGHTE,92.9,0.0008544358856755083
Scene03,RA-GCA-CGHTE,93.0,0.0008389402635114306
Scene03,RA-GCA-CGHTE,93.1,0.0008232609837493496
Scene03,RA-GCA-CGHTE,93.2,0.0008074035571712974
Scene03,RA-GCA-CGHTE,93.3,0.0007913739393496101
Scene03,RA-GCA-CGHTE,93.4,0.0007751783713721984
Scene03,RA-GCA-CGHTE,93.5,0.000758823156315475
Scene03,RA-GCA-CGHTE,93.6,0.0007423155104396676
Scene03,RA-GCA-CGHTE,93.7,0.0007256627386251116
Scene03,RA-GCA-CGHTE,93.8,0.0007088729842721246
Scene03,RA-GCA-CGHTE,93.9,0.0006919550580706154
Scene03,RA-GCA-CGHTE,94.0,0.0006749188064902663
Scene03,RA-GCA-CGHTE,94.1,0.0006577751052003496
Scene03,RA-GCA-CGHTE,94.2,0.0006405362507455549
Scene03,RA-GCA-CGHTE,94.3,0.000623215861982201
Scene03,RA-GCA-CGHTE,94.4,0.0006058294883381266
Scene03,RA-GCA-CGHTE,94.5,0.0005883946734635191
Scene03,RA-GCA-CGHTE,94.6,0.0005709309917758918
Scene03,RA-GCA-CGHTE,94.7,0.0005534607918061328
Scene03,RA-GCA-CGHTE,94.8,0.0005360092460984906
Scene03,RA-GCA-CGHTE,94.9,0.0005186049245338076
Scene03,RA-GCA-CGHTE,95.0,0.0005012802473229243
Scene03,RA-GCA-CGHTE,95.1,0.00048407188883260954
Scene03,RA-GCA-CGHTE,95.2,0.0004670213798771511
Scene03,RA-GCA-CGHTE,95.3,0.000450175907996834
Scene03,RA-GCA-CGHTE,95.4,0.0004335889439310998
Scene03,RA-GCA-CGHTE,95.5,0.0004173210260857338
Scene03,RA-GCA-CGHTE,95.6,0.00040144036846788276
Scene03,RA-GCA-CGHTE,95.7,0.00038602346206455024
Scene03,RA-GCA-CGHTE,95.8,0.00037115612726266973
Scene03,RA-GCA-CGHTE,95.9,0.0003569328263235806
Scene03,RA-GCA-CGHTE,96.0,0.0003434576382877387
Scene03,RA-GCA-CGHTE,96.1,0.0003308381525945634
Scene03,RA-GCA-CGHTE,96.2,0.0003149269424542596
Scene03,RA-GCA-CGHTE,96.3,0.0002999106135901131
Scene03,RA-GCA-CGHTE,96.4,0.00028577838040953323
Scene03,RA-GCA-CGHTE,96.5,0.0002727411884042913
Scene03,RA-GCA-CGHTE,96.6,0.0002596081068248312
Scene03,RA-GCA-CGHTE,96.7,0.00024587008584315466
Scene03,RA-GCA-CGHTE,96.8,0.0002305594510230567
Scene03,RA-GCA-CGHTE,96.9,0.0002130288687406191
Scene03,RA-GCA-CGHTE,97.0,0.0001964743820006565
Scene03,RA-GCA-CGHTE,97.1,0.00018193772188333923
Scene03,RA-GCA-CGHTE,97.2,0.000170360364551913
Scene03,RA-GCA-CGHTE,97.3,0.0001615675159189842
Scene03,RA-GCA-CGHTE,97.4,0.0001553831882852304
Scene03,RA-GCA-CGHTE,97.5,0.0001519720758820554
Scene03,RA-GCA-CGHTE,97.6,0.00015027418771605824
Scene03,RA-GCA-CGHTE,97.7,0.0001517157596142557
Scene03,RA-GCA-CGHTE,97.8,0.00015640634776293013
Scene03,RA-GCA-CGHTE,97.9,0.00016374366877453713
Scene03,RA-GCA-CGHTE,98.0,0.00017294994305942912
Scene03,RA-GCA-CGHTE,98.1,0.00018137279099670532
Scene03,RA-GCA-CGHTE,98.2,0.00018905798708391622
Scene03,RA-GCA-CGHTE,98.3,0.00019665853325042626
Scene03,RA-GCA-CGHTE,98.4,0.00020443557525494285
Scene03,RA-GCA-CGHTE,98.5,0.0002145060244314413
Scene03,RA-GCA-CGHTE,98.6,0.00022702723041764862
Scene03,RA-GCA-CGHTE,98.7,0.0002397182898066092
Scene03,RA-GCA-CGHTE,98.8,0.0002500645300691461
Scene03,RA-GCA-CGHTE,98.9,0.00026214115884451824
Scene03,RA-GCA-CGHTE,99.0,0.00027581425421471914
Scene03,RA-GCA-CGHTE,99.1,0.0002908246019935254
Scene03,RA-GCA-CGHTE,99.2,0.00030694787871344696
Scene03,RA-GCA-CGHTE,99.3,0.000323965669713196
Scene03,RA-GCA-CGHTE,99.4,0.0003416659007949781
Scene03,RA-GCA-CGHTE,99.5,0.0003598460624080065
Scene03,RA-GCA-CGHTE,99.6,0.0003783182374528916
Scene03,RA-GCA-CGHTE,99.7,0.00039691432715418834
Scene03,RA-GCA-CGHTE,99.8,0.0004154911267219715
Scene03,RA-GCA-CGHTE,99.9,0.0004339328697622069
Scene03,RA-GCA-CGHTE,100.0,0.00045215258532410016
Scene03,RA-GCA-CGHTE,100.1,0.0004700906351227316
Scene03,RA-GCA-CGHTE,100.2,0.00048771258404748535
Scene03,RA-GCA-CGHTE,100.3,0.000505005015910233
Scene03,RA-GCA-CGHTE,100.4,0.0005219714294273884
Scene03,RA-GCA-CGHTE,100.5,0.0005386277332714137
Scene03,RA-GCA-CGHTE,100.6,0.0005549983991294116
Scene03,RA-GCA-CGHTE,100.7,0.000571112146369282
Scene03,RA-GCA-CGHTE,100.8,0.0005869991946297542
Scene03,RA-GCA-CGHTE,100.9,0.0006026889324453658
Scene03,RA-GCA-CGHTE,101.0,0.0006182083222025207
Scene03,RA-GCA-CGHTE,101.1,0.0006335807136752604
Scene03,RA-GCA-CGHTE,101.2,0.0006488255624015641
Scene03,RA-GCA-CGHTE,101.3,0.000663958416430833
Scene03,RA-GCA-CGHTE,101.4,0.000678991006312244
Scene03,RA-GCA-CGHTE,101.5,0.0006939320587287472
Scene03,RA-GCA-CGHTE,101.6,0.0007087875505315066
Scene03,RA-GCA-CGHTE,101.7,0.0007235615290566405
Scene03,RA-GCA-CGHTE,101.8,0.0007382566035920167
Scene03,RA-GCA-CGHTE,101.9,0.0007528743864596802
Scene03,RA-GCA-CGHTE,102.0,0.0007674160006961588
Scene03,RA-GCA-CGHTE,102.1,0.0007818821322624776
Scene03,RA-GCA-CGHTE,102.2,0.0007962734353160172
Scene03,RA-GCA-CGHTE,102.3,0.0008105903772208763
Scene03,RA-GCA-CGHTE,102.4,0.0008248335242417652
Scene03,RA-GCA-CGHTE,102.5,0.0008390593209021793
Scene03,RA-GCA-CGHTE,102.6,0.0008533691932526371
Scene03,RA-GCA-CGHTE,102.7,0.0008677444564369488
Scene03,RA-GCA-CGHTE,102.8,0.0008821622232521171
Scene03,RA-GCA-CGHTE,102.9,0.0008965978400777084
Scene03,RA-GCA-CGHTE,103.0,0.0009110253136227382
Scene03,RA-GCA-CGHTE,103.1,0.0009254179506697195
Scene03,RA-GCA-CGHTE,103.2,0.0009397492090347541
Scene03,RA-GCA-CGHTE,103.3,0.000953993693201872
Scene03,RA-GCA-CGHTE,103.4,0.0009681280703681915
Scene03,RA-GCA-CGHTE,103.5,0.0009821314596755303
Scene03,RA-GCA-CGHTE,103.6,0.0009959859043628405
Scene03,RA-GCA-CGHTE,103.7,0.0010096765267842975
Scene03,RA-GCA-CGHTE,103.8,0.0010231913947235571
Scene03,RA-GCA-CGHTE,103.9,0.0010365212212967924
Scene03,RA-GCA-CGHTE,104.0,0.0010496591333305067
Scene03,RA-GCA-CGHTE,104.1,0.0010626002010697964
Scene03,RA-GCA-CGHTE,104.2,0.0010753408950903137
Scene03,RA-GCA-CGHTE,104.3,0.0010878787785516936
Scene03,RA-GCA-CGHTE,104.4,0.0011002120820420458
Scene03,RA-GCA-CGHTE,104.5,0.0011123393959884755
Scene03,RA-GCA-CGHTE,104.6,0.0011242594130372264
Scene03,RA-GCA-CGHTE,104.7,0.001135970735413649
Scene03,RA-GCA-CGHTE,104.8,0.0011474717500007789
Scene03,RA-GCA-CGHTE,104.9,0.0011587606218955659
Scene03,RA-GCA-CGHTE,105.0,0.0011698352229881572
Scene03,RA-GCA-CGHTE,105.1,0.0011807488591724397
Scene03,RA-GCA-CGHTE,105.2,0.0011915699665323817
Scene03,RA-GCA-CGHTE,105.3,0.0012022998685694108
Scene03,RA-GCA-CGHTE,105.4,0.0012129373833487066
Scene03,RA-GCA-CGHTE,105.5,0.001223478513730046
Scene03,RA-GCA-CGHTE,105.6,0.0012339164637917936
Scene03,RA-GCA-CGHTE,105.7,0.0012442422636211607
Scene03,RA-GCA-CGHTE,105.8,0.0012544449590326464
Scene03,RA-GCA-CGHTE,105.9,0.0012645125371042627
Scene03,RA-GCA-CGHTE,106.0,0.0012744323709097433
Scene03,RA-GCA-CGHTE,106.1,0.001284191832136087
Scene03,RA-GCA-CGHTE,106.2,0.001293778806559441
Scene03,RA-GCA-CGHTE,106.3,0.0013031817971046152
Scene03,RA-GCA-CGHTE,106.4,0.0013123902298891846
Scene03,RA-GCA-CGHTE,106.5,0.0013213945402303522
Scene03,RA-GCA-CGHTE,106.6,0.001330186115949358
Scene03,RA-GCA-CGHTE,106.7,0.0013387571151795134
Scene03,RA-GCA-CGHTE,106.8,0.001347100456381336
Scene03,RA-GCA-CGHTE,106.9,0.0013552095403463384
Scene03,RA-GCA-CGHTE,107.0,0.0013630781834643674
Scene03,RA-GCA-CGHTE,107.1,0.0013707004404374292
Scene03,RA-GCA-CGHTE,107.2,0.0013780704554960724
Scene03,RA-GCA-CGHTE,107.3,0.0013851823653374268
Scene03,RA-GCA-CGHTE,107.4,0.00139203025839602
Scene03,RA-GCA-CGHTE,107.5,0.0013986080740881577
Scene03,RA-GCA-CGHTE,107.6,0.0014049096542405003
Scene03,RA-GCA-CGHTE,107.7,0.0014109287035974475
Scene03,RA-GCA-CGHTE,107.8,0.001416658887081725
Scene03,RA-GCA-CGHTE,107.9,0.0014220938301257905
Scene03,RA-GCA-CGHTE,108.0,0.0014272272332882545
Scene03,RA-GCA-CGHTE,108.1,0.0014320529974585024
Scene03,RA-GCA-CGHTE,108.2,0.001436565319884524
Scene03,RA-GCA-CGHTE,108.3,0.0014407590911444047
Scene03,RA-GCA-CGHTE,108.4,0.001444630087442083
Scene03,RA-GCA-CGHTE,108.5,0.0014481756041612376
Scene03,RA-GCA-CGHTE,108.6,0.001451394959096557
Scene03,RA-GCA-CGHTE,108.7,0.0014542904927528878
Scene03,RA-GCA-CGHTE,108.8,0.0014576959453536623
Scene03,RA-GCA-CGHTE,108.9,0.0014608682736877087
Scene03,RA-GCA-CGHTE,109.0,0.0014635681245700886
Scene03,RA-GCA-CGHTE,109.1,0.0014659153469019938
Scene03,RA-GCA-CGHTE,109.2,0.0014680965454984668
Scene03,RA-GCA-CGHTE,109.3,0.0014702180288008087
Scene03,RA-GCA-CGHTE,109.4,0.0014722488257853945
Scene03,RA-GCA-CGHTE,109.5,0.0014744475330467353
Scene03,RA-GCA-CGHTE,109.6,0.0014763440750419168
Scene03,RA-GCA-CGHTE,109.7,0.001477869566583167
Scene03,RA-GCA-CGHTE,109.8,0.0014789751138659457
Scene03,RA-GCA-CGHTE,109.9,0.0014797153906631264
Scene03,RA-GCA-CGHTE,110.0,0.0014802802566663811
Scene03,RA-GCA-CGHTE,110.1,0.001480589420847175
Scene03,RA-GCA-CGHTE,110.2,0.0014807399056566606
Scene03,RA-GCA-CGHTE,110.3,0.0014805361807947335
Scene03,RA-GCA-CGHTE,110.4,0.001479936979054208
Scene03,RA-GCA-CGHTE,110.5,0.0014789917225238565
Scene03,RA-GCA-CGHTE,110.6,0.0014777721718542169
Scene03,RA-GCA-CGHTE,110.7,0.0014765252540042692
Scene03,RA-GCA-CGHTE,110.8,0.0014754658029116222
Scene03,RA-GCA-CGHTE,110.9,0.001474402761593503
Scene03,RA-GCA-CGHTE,111.0,0.0014732376446198378
Scene03,RA-GCA-CGHTE,111.1,0.0014717240263949938
Scene03,RA-GCA-CGHTE,111.2,0.0014697635093805297
Scene03,RA-GCA-CGHTE,111.3,0.0014672256213844339
Scene03,RA-GCA-CGHTE,111.4,0.0014653202610433905
Scene03,RA-GCA-CGHTE,111.5,0.001463020909873556
Scene03,RA-GCA-CGHTE,111.6,0.001460309287249727
Scene03,RA-GCA-CGHTE,111.7,0.001457182558833633
Scene03,RA-GCA-CGHTE,111.8,0.001453644851940262
Scene03,RA-GCA-CGHTE,111.9,0.001449709530830762
Scene03,RA-GCA-CGHTE,112.0,0.0014453987301991623
Scene03,RA-GCA-CGHTE,112.1,0.0014407416574086821
Scene03,RA-GCA-CGHTE,112.2,0.001435772154550332
Scene03,RA-GCA-CGHTE,112.3,0.0014305261139999582
Scene03,RA-GCA-CGHTE,112.4,0.00142503886148401
Scene03,RA-GCA-CGHTE,112.5,0.001419343280760447
Scene03,RA-GCA-CGHTE,112.6,0.0014134680432147263
Scene03,RA-GCA-CGHTE,112.7,0.001407436818846645
Scene03,RA-GCA-CGHTE,112.8,0.001401267704315474
Scene03,RA-GCA-CGHTE,112.9,0.0013949733300638297
Scene03,RA-GCA-CGHTE,113.0,0.0013885612175163111
Scene03,RA-GCA-CGHTE,113.1,0.0013820345085062886
Scene03,RA-GCA-CGHTE,113.2,0.0013753927503534168
Scene03,RA-GCA-CGHTE,113.3,0.0013686327862259089
Scene03,RA-GCA-CGHTE,113.4,0.001361749544540785
Scene03,RA-GCA-CGHTE,113.5,0.001354736758459745
Scene03,RA-GCA-CGHTE,113.6,0.0013475877101137444
Scene03,RA-GCA-CGHTE,113.7,0.001340295581638196
Scene03,RA-GCA-CGHTE,113.8,0.0013328539781813174
Scene03,RA-GCA-CGHTE,113.9,0.0013252570033001295
Scene03,RA-GCA-CGHTE,114.0,0.0013174993916237724
Scene03,RA-GCA-CGHTE,114.1,0.0013095766134040953
Scene03,RA-GCA-CGHTE,114.2,0.0013014847199833064
Scene03,RA-GCA-CGHTE,114.3,0.001293220325735318
Scene03,RA-GCA-CGHTE,114.4,0.0012847804630803825
Scene03,RA-GCA-CGHTE,114.5,0.0012761626281719693
Scene03,RA-GCA-CGHTE,114.6,0.001267364483038685
Scene03,RA-GCA-CGHTE,114.7,0.001258383862057175
Scene03,RA-GCA-CGHTE,114.8,0.0012492187211462836
Scene03,RA-GCA-CGHTE,114.9,0.001239867065357073
Scene03,RA-GCA-CGHTE,115.0,0.0012303269485097006
Scene03,RA-GCA-CGHTE,115.1,0.0012205324227524631
Scene03,RA-GCA-CGHTE,115.2,0.0012104279739104517
Scene03,RA-GCA-CGHTE,115.3,0.0012000182170377282
Scene03,RA-GCA-CGHTE,115.4,0.001189310681176668
Scene03,RA-GCA-CGHTE,115.5,0.0011783160639478295
Scene03,RA-GCA-CGHTE,115.6,0.001167048232312015
Scene03,RA-GCA-CGHTE,115.7,0.0011555232068652652
Scene03,RA-GCA-CGHTE,115.8,0.001143758604132919
Scene03,RA-GCA-CGHTE,115.9,0.0011317724348685726
Scene03,RA-GCA-CGHTE,116.0,0.0011195825962407161
Scene03,RA-GCA-CGHTE,116.1,0.0011072058545966333
Scene03,RA-GCA-CGHTE,116.2,0.0010946575921052001
Scene03,RA-GCA-CGHTE,116.3,0.0010819514385701598
Scene03,RA-GCA-CGHTE,116.4,0.0010690991801160427
Scene03,RA-GCA-CGHTE,116.5,0.001056110848722166
Scene03,RA-GCA-CGHTE,116.6,0.0010429948762154166
Scene03,RA-GCA-CGHTE,116.7,0.0010297583769705864
Scene03,RA-GCA-CGHTE,116.8,0.001016407461145188
Scene03,RA-GCA-CGHTE,116.9,0.0010029476007202365
Scene03,RA-GCA-CGHTE,117.0,0.0009893838056638916
Scene03,RA-GCA-CGHTE,117.1,0.000975721066478665
Scene03,RA-GCA-CGHTE,117.2,0.0009619645461781686
Scene03,RA-GCA-CGHTE,117.3,0.0009481196291919219
Scene03,RA-GCA-CGHTE,117.4,0.0009341922539449945
Scene03,RA-GCA-CGHTE,117.5,0.0009201889563930735
Scene03,RA-GCA-CGHTE,117.6,0.0009061169772402963
Scene03,RA-GCA-CGHTE,117.7,0.0008919127127351916
Scene03,RA-GCA-CGHTE,117.8,0.0008774619310667135
Scene03,RA-GCA-CGHTE,117.9,0.0008627524150945521
Scene03,RA-GCA-CGHTE,118.0,0.0008477764331277423
Scene03,RA-GCA-CGHTE,118.1,0.000832530720311255
Scene03,RA-GCA-CGHTE,118.2,0.0008170163391481178
Scene03,RA-GCA-CGHTE,118.3,0.0008012389137415611
Scene03,RA-GCA-CGHTE,118.4,0.0007852073720417329
Scene03,RA-GCA-CGHTE,118.5,0.0007689339143080857
Scene03,RA-GCA-CGHTE,118.6,0.0007524321757885064
Scene03,RA-GCA-CGHTE,118.7,0.0007357171938514809
Scene03,RA-GCA-CGHTE,118.8,0.0007188042599516894
Scene03,RA-GCA-CGHTE,118.9,0.0007017086625529785
Scene03,RA-GCA-CGHTE,119.0,0.0006844453030878599
Scene03,RA-GCA-CGHTE,119.1,0.0006670284615298975
Scene03,RA-GCA-CGHTE,119.2,0.0006494719169843634
Scene03,RA-GCA-CGHTE,119.3,0.0006317893860407792
Scene03,RA-GCA-CGHTE,119.4,0.0006139945298004918
Scene03,RA-GCA-CGHTE,119.5,0.0005961016284110765
Scene03,RA-GCA-CGHTE,119.6,0.0005781258878081722
Scene03,RA-GCA-CGHTE,119.7,0.0005600838675628046
Scene03,RA-GCA-CGHTE,119.8,0.0005419940342015443
Scene03,RA-GCA-CGHTE,119.9,0.0005238772044915974
Scene03,RA-GCA-CGHTE,120.0,0.0005063355800438656
